# This file uses centimeters as units for non-parametric coordinates.

mtllib bat_box.mtl
g default
v -326.568977 30.670059 -34.663819
v -348.627929 30.670059 -47.867291
v -348.927372 30.670059 -35.192019
v -326.269533 30.670059 -47.339091
v -304.210582 30.670059 -34.135619
v -348.388374 30.670059 -58.007506
v -303.911138 30.670059 -46.810891
v -326.029979 30.670059 -57.479306
v -303.671583 30.670059 -56.951106
v -351.818536 56.652430 -35.260320
v -351.898553 56.652430 -31.873247
v -351.898553 -0.000110 -31.873247
v -351.818536 -0.000110 -35.260320
v -351.898553 -35.919502 -31.873247
v -351.818536 -35.919502 -35.260320
v -351.519092 -35.919502 -47.935593
v -351.519092 -0.000110 -47.935593
v -351.519092 46.733221 -47.935593
v -351.279537 37.891794 -58.075807
v -351.279537 -0.000110 -58.075807
v -351.279537 -35.919502 -58.075807
v -351.219648 -35.919502 -60.610865
v -351.219648 -0.000110 -60.610865
v -351.219648 35.919358 -60.610865
v -301.319418 -35.919502 -34.067317
v -301.399435 -35.919502 -30.680244
v -301.399435 -0.000110 -30.680244
v -301.319418 -0.000110 -34.067317
v -301.399435 56.652430 -30.680244
v -301.319418 56.652430 -34.067317
v -301.019975 46.733221 -46.742590
v -301.019975 -0.000110 -46.742590
v -301.019975 -35.919502 -46.742590
v -300.780420 37.891794 -56.882804
v -300.780420 -0.000110 -56.882804
v -300.780420 -35.919502 -56.882804
v -300.720531 -35.919502 -59.417862
v -300.720531 -0.000110 -59.417862
v -300.720531 35.919358 -59.417862
v -348.927372 -71.033785 -35.192019
v -349.007389 -71.033785 -31.804945
v -326.648994 -71.033785 -31.276745
v -326.568977 -71.033785 -34.663819
v -304.290599 -71.033785 -30.748545
v -304.210582 -71.033785 -34.135619
v -348.900934 -71.033785 -36.311134
v -349.707091 -71.033785 -35.210439
v -349.680653 -71.033785 -36.329554
v -326.542539 -71.033785 -35.782934
v -304.184143 -71.033785 -35.254734
v -303.404425 -71.033785 -35.236314
v -303.430863 -71.033785 -34.117199
v -297.274161 56.579206 -33.087010
v -297.387953 56.652430 -28.270260
v -297.387953 60.845467 -28.270260
v -297.274161 60.772247 -33.087010
v -296.950606 49.791085 -46.782893
v -296.950606 45.598069 -46.782893
v -296.691762 40.553850 -57.739599
v -296.691762 36.360809 -57.739599
v -296.500437 28.951588 -65.838551
v -296.500437 33.144626 -65.838551
v -355.905572 60.772247 -34.472132
v -356.019364 60.845467 -29.655382
v -356.019364 56.652430 -29.655382
v -355.905572 56.579206 -34.472132
v -355.582018 45.598069 -48.168016
v -355.582018 49.791085 -48.168016
v -355.323174 40.553850 -59.124721
v -355.323174 36.360809 -59.124721
v -355.131836 28.951588 -67.223673
v -355.131836 33.144626 -67.223673
v -348.328485 35.919358 -60.542563
v -348.328485 -0.000110 -60.542563
v -348.328485 -35.919502 -60.542563
v -325.970090 -35.919502 -60.014363
v -325.970090 -0.000110 -60.014363
v -325.970090 35.919358 -60.014363
v -303.611694 -35.919502 -59.486163
v -303.611694 -0.000110 -59.486163
v -303.611694 35.919358 -59.486163
v -351.775087 33.144626 -67.144372
v -351.775087 28.951588 -67.144372
v -325.816137 28.951588 -66.531112
v -325.816137 33.144626 -66.531112
v -299.857186 28.951588 -65.917852
v -299.857186 33.144626 -65.917852
v -348.927372 -35.919502 -35.192019
v -349.007389 -35.919502 -31.804945
v -348.627929 -35.919502 -47.867291
v -348.388374 -35.919502 -58.007506
v -326.029979 -35.919502 -57.479306
v -303.671583 -35.919502 -56.951106
v -303.911138 -35.919502 -46.810891
v -304.210582 -35.919502 -34.135619
v -304.290599 -35.919502 -30.748545
v -349.007389 -0.000110 -31.804945
v -349.007389 56.652430 -31.804945
v -326.648994 56.652430 -31.276745
v -326.648994 -0.000110 -31.276745
v -304.290599 56.652430 -30.748545
v -326.648994 -35.919502 -31.276745
v -349.007389 -40.101886 -31.804945
v -304.290599 -0.000110 -30.748545
v -326.648994 -40.101886 -31.276745
v -349.007389 -40.308788 -31.804945
v -304.290599 -40.101886 -30.748545
v -326.648994 -40.308788 -31.276745
v -349.007389 -40.548578 -31.804945
v -304.290599 -40.308788 -30.748545
v -326.648994 -40.548578 -31.276745
v -349.007389 -44.538527 -31.804945
v -304.290599 -40.548578 -30.748545
v -326.648994 -44.538527 -31.276745
v -349.007389 -44.698077 -31.804945
v -304.290599 -44.538527 -30.748545
v -326.648994 -44.698077 -31.276745
v -349.007389 -44.887626 -31.804945
v -304.290599 -44.698077 -30.748545
v -326.648994 -44.887626 -31.276745
v -349.007389 -48.911923 -31.804945
v -304.290599 -44.887626 -30.748545
v -326.648994 -48.911923 -31.276745
v -349.007389 -49.087363 -31.804945
v -304.290599 -48.911923 -30.748545
v -326.648994 -49.087363 -31.276745
v -349.007389 -49.333509 -31.804945
v -304.290599 -49.087363 -30.748545
v -326.648994 -49.333509 -31.276745
v -349.007389 -53.283866 -31.804945
v -304.290599 -49.333509 -30.748545
v -326.648994 -53.283866 -31.276745
v -349.007389 -53.476638 -31.804945
v -304.290599 -53.283866 -30.748545
v -326.648994 -53.476638 -31.276745
v -349.007389 -53.710037 -31.804945
v -304.290599 -53.476638 -30.748545
v -326.648994 -53.710037 -31.276745
v -349.007389 -57.688435 -31.804945
v -304.290599 -53.710037 -30.748545
v -326.648994 -57.688435 -31.276745
v -349.007389 -57.865931 -31.804945
v -304.290599 -57.688435 -30.748545
v -326.648994 -57.865931 -31.276745
v -349.007389 -58.102498 -31.804948
v -304.290599 -57.865931 -30.748545
v -326.648994 -58.102498 -31.276748
v -349.007389 -62.066468 -31.804945
v -304.290599 -58.102498 -30.748548
v -326.648994 -62.066468 -31.276745
v -349.007389 -62.255213 -31.804945
v -304.290599 -62.066468 -30.748545
v -326.648994 -62.255213 -31.276745
v -349.007389 -62.507386 -31.804945
v -304.290599 -62.255213 -30.748545
v -326.648994 -62.507386 -31.276745
v -349.007389 -66.458367 -31.804945
v -304.290599 -62.507386 -30.748545
v -326.648994 -66.458367 -31.276745
v -349.007389 -66.644510 -31.804945
v -304.290599 -66.458367 -30.748545
v -326.648994 -66.644510 -31.276745
v -349.007389 -66.869251 -31.804945
v -304.290599 -66.644510 -30.748545
v -326.648994 -66.869251 -31.276745
v -304.290599 -66.869251 -30.748545
v -352.662609 56.652430 -29.576081
v -352.662609 60.845467 -29.576081
v -326.703659 60.845467 -28.962821
v -326.703659 56.652430 -28.962821
v -300.744708 60.845467 -28.349560
v -300.744708 56.652430 -28.349560
v -303.512406 34.456133 -63.688984
v -300.621243 34.456133 -63.620682
v -300.757910 40.553850 -57.835637
v -303.649073 40.553850 -57.903939
v -326.007469 40.553850 -58.432139
v -325.870801 34.456133 -64.217184
v -348.365864 40.553850 -58.960339
v -348.229197 34.456133 -64.745384
v -351.257027 40.553850 -59.028640
v -351.120360 34.456133 -64.813685
v -348.624707 49.791085 -48.003652
v -326.266312 49.791085 -47.475452
v -351.515871 49.791085 -48.071953
v -351.839425 60.772247 -34.376091
v -348.948262 60.772247 -34.307790
v -326.589866 60.772247 -33.779590
v -303.907917 49.791085 -46.947252
v -304.231471 60.772247 -33.251390
v -301.340308 60.772247 -33.183088
v -301.016753 49.791085 -46.878950
v -326.568977 -35.919502 -34.663819
v -304.210582 -40.101886 -34.135619
v -304.210582 -40.308788 -34.135619
v -304.210582 -40.548578 -34.135619
v -304.210582 -44.538527 -34.135619
v -304.210582 -44.698077 -34.135619
v -304.210582 -44.887626 -34.135619
v -304.210582 -48.911923 -34.135619
v -304.210582 -49.087363 -34.135619
v -304.210582 -49.333509 -34.135619
v -304.210582 -53.283866 -34.135619
v -304.210582 -53.476638 -34.135619
v -304.210582 -53.710037 -34.135619
v -304.210582 -57.688435 -34.135619
v -304.210582 -57.865931 -34.135619
v -304.210582 -58.102498 -34.135619
v -304.210582 -62.066468 -34.135619
v -304.210582 -62.255213 -34.135619
v -304.210582 -62.507386 -34.135619
v -304.210582 -66.458367 -34.135619
v -304.210582 -66.644510 -34.135619
v -304.210582 -66.869251 -34.135619
v -348.927372 -40.101886 -35.192019
v -348.927372 -40.308788 -35.192019
v -348.927372 -40.548578 -35.192019
v -348.927372 -44.538527 -35.192019
v -348.927372 -44.698077 -35.192019
v -348.927372 -44.887626 -35.192019
v -348.927372 -48.911923 -35.192019
v -348.927372 -49.087363 -35.192019
v -348.927372 -49.333509 -35.192019
v -348.927372 -53.283866 -35.192019
v -348.927372 -53.476638 -35.192019
v -348.927372 -53.710037 -35.192019
v -348.927372 -57.688435 -35.192019
v -348.927372 -57.865931 -35.192019
v -348.927372 -58.102498 -35.192019
v -348.927372 -62.066468 -35.192019
v -348.927372 -62.255213 -35.192019
v -348.927372 -62.507386 -35.192019
v -348.927372 -66.458367 -35.192019
v -348.927372 -66.644510 -35.192019
v -348.927372 -66.869251 -35.192019
v -301.399435 60.845467 -30.680244
v -304.290599 60.845467 -30.748545
v -326.648994 60.845467 -31.276745
v -349.007389 60.845467 -31.804945
v -351.898553 60.845467 -31.873247
v -326.568977 -53.710037 -34.663819
v -326.568977 -53.476638 -34.663819
v -326.568977 -53.283866 -34.663819
v -326.568977 -44.887626 -34.663819
v -326.568977 -44.698077 -34.663819
v -326.568977 -44.538527 -34.663819
v -326.568977 -62.507386 -34.663819
v -326.568977 -62.255213 -34.663819
v -326.568977 -62.066468 -34.663819
v -326.568977 -40.548578 -34.663819
v -326.568977 -40.308788 -34.663819
v -326.568977 -40.101886 -34.663819
v -326.568977 -49.333509 -34.663819
v -326.568977 -49.087363 -34.663819
v -326.568977 -48.911923 -34.663819
v -326.568977 -58.102498 -34.663819
v -326.568977 -57.865931 -34.663819
v -326.568977 -57.688435 -34.663819
v -326.568977 -66.869251 -34.663819
v -326.568977 -66.644510 -34.663819
v -326.568977 -66.458367 -34.663819
v -303.430863 -35.919502 -34.117199
v -303.404425 -35.919502 -35.236314
v -303.404425 -40.101886 -35.236314
v -303.430863 -40.101886 -34.117199
v -349.707091 -40.101886 -35.210439
v -349.680653 -40.101886 -36.329554
v -349.680653 -35.919502 -36.329554
v -349.707091 -35.919502 -35.210439
v -303.430863 -40.548578 -34.117199
v -303.404425 -40.548578 -35.236314
v -303.404425 -44.538527 -35.236314
v -303.430863 -44.538527 -34.117199
v -349.707091 -44.538527 -35.210439
v -349.680653 -44.538527 -36.329554
v -349.680653 -40.548578 -36.329554
v -349.707091 -40.548578 -35.210439
v -303.430863 -44.887626 -34.117199
v -303.404425 -44.887626 -35.236314
v -303.404425 -48.911923 -35.236314
v -303.430863 -48.911923 -34.117199
v -349.707091 -48.911923 -35.210439
v -349.680653 -48.911923 -36.329554
v -349.680653 -44.887626 -36.329554
v -349.707091 -44.887626 -35.210439
v -303.430863 -49.333509 -34.117199
v -303.404425 -49.333509 -35.236314
v -303.404425 -53.283866 -35.236314
v -303.430863 -53.283866 -34.117199
v -349.707091 -53.283866 -35.210439
v -349.680653 -53.283866 -36.329554
v -349.680653 -49.333509 -36.329554
v -349.707091 -49.333509 -35.210439
v -303.430863 -53.710037 -34.117199
v -303.404425 -53.710037 -35.236314
v -303.404425 -57.688435 -35.236314
v -303.430863 -57.688435 -34.117199
v -349.707091 -57.688435 -35.210439
v -349.680653 -57.688435 -36.329554
v -349.680653 -53.710037 -36.329554
v -349.707091 -53.710037 -35.210439
v -303.430863 -58.102498 -34.117199
v -303.404425 -58.102498 -35.236314
v -303.404425 -62.066468 -35.236314
v -303.430863 -62.066468 -34.117199
v -349.707091 -62.066468 -35.210439
v -349.680653 -62.066468 -36.329554
v -349.680653 -58.102498 -36.329554
v -349.707091 -58.102498 -35.210439
v -303.430863 -62.507386 -34.117199
v -303.404425 -62.507386 -35.236314
v -303.404425 -66.458367 -35.236314
v -303.430863 -66.458367 -34.117199
v -349.707091 -66.458367 -35.210439
v -349.680653 -66.458367 -36.329554
v -349.680653 -62.507386 -36.329554
v -349.707091 -62.507386 -35.210439
v -303.430863 -66.869251 -34.117199
v -303.404425 -66.869251 -35.236314
v -349.680653 -66.869251 -36.329554
v -349.707091 -66.869251 -35.210439
v -304.184143 -40.101886 -35.254734
v -326.542539 -40.101886 -35.782934
v -348.900934 -40.101886 -36.311134
v -304.184143 -35.919502 -35.254734
v -326.542539 -35.919502 -35.782934
v -348.900934 -35.919502 -36.311134
v -304.184143 -44.538527 -35.254734
v -326.542539 -44.538527 -35.782934
v -348.900934 -44.538527 -36.311134
v -304.184143 -40.548578 -35.254734
v -326.542539 -40.548578 -35.782934
v -348.900934 -40.548578 -36.311134
v -304.184143 -48.911923 -35.254734
v -326.542539 -48.911923 -35.782934
v -348.900934 -48.911923 -36.311134
v -304.184143 -44.887626 -35.254734
v -326.542539 -44.887626 -35.782934
v -348.900934 -44.887626 -36.311134
v -304.184143 -53.283866 -35.254734
v -326.542539 -53.283866 -35.782934
v -348.900934 -53.283866 -36.311134
v -304.184143 -49.333509 -35.254734
v -326.542539 -49.333509 -35.782934
v -348.900934 -49.333509 -36.311134
v -304.184143 -57.688435 -35.254734
v -326.542539 -57.688435 -35.782934
v -348.900934 -57.688435 -36.311134
v -304.184143 -53.710037 -35.254734
v -326.542539 -53.710037 -35.782934
v -348.900934 -53.710037 -36.311134
v -304.184143 -62.066468 -35.254734
v -326.542539 -62.066468 -35.782934
v -348.900934 -62.066468 -36.311134
v -304.184143 -58.102498 -35.254734
v -326.542539 -58.102498 -35.782934
v -348.900934 -58.102498 -36.311134
v -304.184143 -66.458367 -35.254734
v -326.542539 -66.458367 -35.782934
v -348.900934 -66.458367 -36.311134
v -304.184143 -62.507386 -35.254734
v -326.542539 -62.507386 -35.782934
v -348.900934 -62.507386 -36.311134
v -304.184143 -66.869251 -35.254734
v -326.542539 -66.869251 -35.782934
v -348.900934 -66.869251 -36.311134
vt 0.288683 0.669774
vt 0.385543 0.572914
vt 0.288683 0.572914
vt 0.385543 0.669774
vt 0.288683 0.766633
vt 0.463031 0.572914
vt 0.385543 0.766633
vt 0.463031 0.669774
vt 0.463031 0.766633
vt 0.972125 0.542547
vt 0.998008 0.542547
vt 0.998008 0.389779
vt 0.972125 0.389779
vt 0.998008 0.292919
vt 0.972125 0.292919
vt 0.875265 0.292919
vt 0.875265 0.389779
vt 0.875265 0.515799
vt 0.797777 0.491957
vt 0.797777 0.389779
vt 0.797777 0.292919
vt 0.778405 0.292919
vt 0.778405 0.389779
vt 0.778405 0.486639
vt 0.578550 0.292919
vt 0.552667 0.292919
vt 0.552667 0.389779
vt 0.578550 0.389779
vt 0.552667 0.542547
vt 0.578550 0.542547
vt 0.675410 0.515799
vt 0.675410 0.389779
vt 0.675410 0.292919
vt 0.752898 0.491957
vt 0.752898 0.389779
vt 0.752898 0.292919
vt 0.772270 0.292919
vt 0.772270 0.389779
vt 0.772270 0.486639
vt 0.167225 0.459056
vt 0.167225 0.433173
vt 0.070365 0.433173
vt 0.070365 0.459056
vt -0.026495 0.433173
vt -0.026495 0.459056
vt 0.167225 0.467608
vt 0.170603 0.459056
vt 0.170603 0.467608
vt 0.070365 0.467608
vt -0.026495 0.467608
vt -0.029873 0.467608
vt -0.029873 0.459056
vt 0.758109 0.409612
vt 0.794916 0.409415
vt 0.794916 0.398108
vt 0.758109 0.398305
vt 0.653450 0.427917
vt 0.653450 0.439224
vt 0.569722 0.452826
vt 0.569722 0.464133
vt 0.507833 0.484113
vt 0.507833 0.472806
vt 0.544641 0.304756
vt 0.507833 0.304558
vt 0.507833 0.315865
vt 0.544641 0.316063
vt 0.649300 0.345674
vt 0.649300 0.334367
vt 0.733027 0.359276
vt 0.733027 0.370583
vt 0.794916 0.390563
vt 0.794916 0.379256
vt 0.554137 0.099476
vt 0.541612 0.099476
vt 0.541612 0.196336
vt 0.554137 0.196336
vt 0.541612 0.293196
vt 0.554137 0.293196
vt 0.650997 0.293196
vt 0.650997 0.196336
vt 0.650997 0.099476
vt 0.747857 0.293196
vt 0.747857 0.196336
vt 0.747857 0.099476
vt 0.760382 0.099476
vt 0.760382 0.196336
vt 0.760382 0.293196
vt 0.522375 0.007006
vt 0.507833 0.007006
vt 0.507833 0.018313
vt 0.522375 0.018313
vt 0.634833 0.018313
vt 0.634833 0.007006
vt 0.747291 0.018313
vt 0.747291 0.007006
vt 0.761833 0.007006
vt 0.761833 0.018313
vt 0.534007 0.318802
vt 0.546532 0.292919
vt 0.534007 0.292919
vt 0.546532 0.318802
vt 0.534007 0.415661
vt 0.546532 0.415661
vt 0.546532 0.493149
vt 0.534007 0.493149
vt 0.534007 0.512521
vt 0.546532 0.512521
vt 0.437147 0.493149
vt 0.437147 0.512521
vt 0.340288 0.493149
vt 0.340288 0.512521
vt 0.327763 0.493149
vt 0.327763 0.512521
vt 0.340288 0.415661
vt 0.327763 0.415661
vt 0.340288 0.318802
vt 0.327763 0.318802
vt 0.340288 0.292919
vt 0.327763 0.292919
vt 0.208237 0.251472
vt 0.220762 0.251472
vt 0.220762 0.154613
vt 0.208237 0.154613
vt 0.220762 0.001844
vt 0.208237 0.001844
vt 0.111377 0.001844
vt 0.111377 0.154613
vt 0.014517 0.001844
vt 0.111377 0.251472
vt 0.208237 0.262751
vt 0.014517 0.154613
vt 0.111377 0.262751
vt 0.208237 0.263308
vt 0.001992 0.154613
vt 0.001992 0.001844
vt 0.001992 0.251472
vt 0.014517 0.251472
vt 0.014517 0.262751
vt 0.111377 0.263308
vt 0.208237 0.263955
vt 0.014517 0.263308
vt 0.111377 0.263955
vt 0.208237 0.274714
vt 0.014517 0.263955
vt 0.111377 0.274714
vt 0.208237 0.275145
vt 0.014517 0.274714
vt 0.111377 0.275145
vt 0.208237 0.275656
vt 0.014517 0.275145
vt 0.111377 0.275656
vt 0.208237 0.286508
vt 0.014517 0.275656
vt 0.111377 0.286508
vt 0.208237 0.286981
vt 0.014517 0.286508
vt 0.111377 0.286981
vt 0.208237 0.287644
vt 0.014517 0.286981
vt 0.111377 0.287644
vt 0.208237 0.298297
vt 0.014517 0.287644
vt 0.111377 0.298297
vt 0.208237 0.298817
vt 0.014517 0.298297
vt 0.111377 0.298817
vt 0.208237 0.299446
vt 0.014517 0.298817
vt 0.111377 0.299446
vt 0.208237 0.310174
vt 0.014517 0.299446
vt 0.111377 0.310174
vt 0.208237 0.310653
vt 0.014517 0.310174
vt 0.111377 0.310653
vt 0.208237 0.311291
vt 0.014517 0.310653
vt 0.111377 0.311291
vt 0.208237 0.321980
vt 0.014517 0.311291
vt 0.111377 0.321980
vt 0.208237 0.322489
vt 0.014517 0.321980
vt 0.111377 0.322489
vt 0.208237 0.323169
vt 0.014517 0.322489
vt 0.111377 0.323169
vt 0.208237 0.333823
vt 0.014517 0.323169
vt 0.111377 0.333823
vt 0.208237 0.334325
vt 0.014517 0.333823
vt 0.111377 0.334325
vt 0.208237 0.334931
vt 0.014517 0.334325
vt 0.111377 0.334931
vt 0.208237 0.346161
vt 0.014517 0.334931
vt 0.111377 0.346161
vt 0.014517 0.346161
vt 0.522375 0.024547
vt 0.507833 0.024547
vt 0.507833 0.035854
vt 0.522375 0.035854
vt 0.634833 0.035854
vt 0.634833 0.024547
vt 0.747291 0.035854
vt 0.747291 0.024547
vt 0.761833 0.024547
vt 0.761833 0.035854
vt 0.258405 0.019526
vt 0.245880 0.019526
vt 0.245880 0.063733
vt 0.258405 0.063733
vt 0.355265 0.063733
vt 0.355265 0.019526
vt 0.452125 0.063733
vt 0.452125 0.019526
vt 0.464650 0.063733
vt 0.464650 0.019526
vt 0.452125 0.147460
vt 0.355265 0.147460
vt 0.464650 0.147460
vt 0.482265 0.063733
vt 0.482265 0.147460
vt 0.464650 0.252119
vt 0.482265 0.252119
vt 0.452125 0.252119
vt 0.355265 0.252119
vt 0.258405 0.147460
vt 0.258405 0.252119
vt 0.245880 0.252119
vt 0.245880 0.147460
vt 0.228265 0.252119
vt 0.228265 0.147460
vt 0.228265 0.063733
vt 0.469935 0.740258
vt 0.649500 0.740258
vt 0.649500 0.643398
vt 0.469935 0.643398
vt 0.649500 0.546539
vt 0.469935 0.546539
vt 0.901148 0.744250
vt 0.998008 0.923814
vt 0.998008 0.744250
vt 0.901148 0.923814
vt 0.823660 0.744250
vt 0.823660 0.923814
vt 0.643177 0.744250
vt 0.643177 0.923814
vt 0.740037 0.923814
vt 0.740037 0.744250
vt 0.817525 0.923814
vt 0.817525 0.744250
vt 0.836600 0.643399
vt 0.657035 0.740258
vt 0.836600 0.740258
vt 0.657035 0.643399
vt 0.836600 0.546539
vt 0.657035 0.546539
vt 0.637042 0.838938
vt 0.611159 0.827660
vt 0.611159 0.838938
vt 0.637042 0.827660
vt 0.611159 0.827102
vt 0.637042 0.827102
vt 0.611159 0.826456
vt 0.637042 0.826456
vt 0.611159 0.815697
vt 0.637042 0.815697
vt 0.611159 0.815266
vt 0.637042 0.815266
vt 0.611159 0.814755
vt 0.637042 0.814755
vt 0.611159 0.803903
vt 0.637042 0.803903
vt 0.611159 0.803430
vt 0.637042 0.803430
vt 0.611159 0.802766
vt 0.637042 0.802766
vt 0.611159 0.792114
vt 0.637042 0.792114
vt 0.611159 0.791594
vt 0.637042 0.791594
vt 0.611159 0.790965
vt 0.637042 0.790965
vt 0.611159 0.780237
vt 0.637042 0.780237
vt 0.611159 0.779758
vt 0.637042 0.779758
vt 0.611159 0.779120
vt 0.637042 0.779120
vt 0.611159 0.768431
vt 0.637042 0.768431
vt 0.611159 0.767922
vt 0.637042 0.767922
vt 0.611159 0.767242
vt 0.637042 0.767242
vt 0.611159 0.756588
vt 0.637042 0.756588
vt 0.611159 0.756086
vt 0.637042 0.756086
vt 0.611159 0.755480
vt 0.637042 0.755480
vt 0.611159 0.744250
vt 0.637042 0.744250
vt 0.605024 0.838938
vt 0.579141 0.827660
vt 0.579141 0.838938
vt 0.605024 0.827660
vt 0.579141 0.827102
vt 0.605024 0.827102
vt 0.579141 0.826456
vt 0.605024 0.826456
vt 0.579141 0.815697
vt 0.605024 0.815697
vt 0.579141 0.815266
vt 0.605024 0.815266
vt 0.579141 0.814755
vt 0.605024 0.814755
vt 0.579141 0.803903
vt 0.605024 0.803903
vt 0.579141 0.803430
vt 0.605024 0.803430
vt 0.579141 0.802766
vt 0.605024 0.802766
vt 0.579141 0.792114
vt 0.605024 0.792114
vt 0.579141 0.791594
vt 0.605024 0.791594
vt 0.579141 0.790965
vt 0.605024 0.790965
vt 0.579141 0.780237
vt 0.605024 0.780237
vt 0.579141 0.779758
vt 0.605024 0.779758
vt 0.579141 0.779120
vt 0.605024 0.779120
vt 0.579141 0.768431
vt 0.605024 0.768431
vt 0.579141 0.767922
vt 0.605024 0.767922
vt 0.579141 0.767242
vt 0.605024 0.767242
vt 0.579141 0.756588
vt 0.605024 0.756588
vt 0.579141 0.756086
vt 0.605024 0.756086
vt 0.579141 0.755480
vt 0.605024 0.755480
vt 0.579141 0.744250
vt 0.605024 0.744250
vt 0.694139 0.045409
vt 0.676524 0.038652
vt 0.676524 0.143311
vt 0.694139 0.142269
vt 0.676524 0.227038
vt 0.694139 0.219757
vt 0.676524 0.288927
vt 0.694139 0.239129
vt 0.912909 0.142269
vt 0.930524 0.038652
vt 0.912909 0.045409
vt 0.930524 0.143311
vt 0.912909 0.219757
vt 0.930524 0.227038
vt 0.912909 0.239129
vt 0.930524 0.288927
vt 0.245880 0.252119
vt 0.228265 0.252119
vt 0.228265 0.288927
vt 0.245880 0.271245
vt 0.242807 0.288927
vt 0.258405 0.252119
vt 0.258405 0.271245
vt 0.355265 0.288927
vt 0.355265 0.271245
vt 0.355265 0.252119
vt 0.467723 0.288927
vt 0.452125 0.271245
vt 0.452125 0.252119
vt 0.482265 0.288927
vt 0.464650 0.252119
vt 0.464650 0.271245
vt 0.482265 0.252119
vt 0.694139 0.019526
vt 0.676524 0.038652
vt 0.694139 0.045409
vt 0.676524 0.001844
vt 0.706664 0.019526
vt 0.691066 0.001844
vt 0.803524 0.019526
vt 0.803524 0.001844
vt 0.900384 0.019526
vt 0.915982 0.001844
vt 0.912909 0.019526
vt 0.930524 0.001844
vt 0.912909 0.045409
vt 0.930524 0.038652
vt 0.900384 0.239129
vt 0.930524 0.288927
vt 0.912909 0.239129
vt 0.915982 0.288927
vt 0.803524 0.239129
vt 0.803524 0.288927
vt 0.706664 0.239129
vt 0.691066 0.288927
vt 0.694139 0.239129
vt 0.676524 0.288927
vt 0.464650 0.019526
vt 0.482265 0.001844
vt 0.467723 0.001844
vt 0.452125 0.019526
vt 0.355265 0.001844
vt 0.355265 0.019526
vt 0.242807 0.001844
vt 0.258405 0.019526
vt 0.228265 0.001844
vt 0.245880 0.019526
vt 0.245880 0.019526
vt 0.228265 0.001844
vt 0.228265 0.063733
vt 0.245880 0.063733
vt 0.464650 0.063733
vt 0.482265 0.063733
vt 0.482265 0.001844
vt 0.464650 0.019526
vt 0.844764 0.546539
vt 0.844134 0.546539
vt 0.844134 0.643398
vt 0.844764 0.643398
vt 0.845283 0.546539
vt 0.844134 0.740258
vt 0.845283 0.643398
vt 0.844764 0.740258
vt 0.845283 0.740258
vt 0.852441 0.546539
vt 0.851930 0.546539
vt 0.851930 0.643398
vt 0.852441 0.643398
vt 0.852871 0.546539
vt 0.851930 0.740258
vt 0.852871 0.643398
vt 0.852441 0.740258
vt 0.852871 0.740258
vt 0.860406 0.546539
vt 0.859726 0.546539
vt 0.859726 0.643399
vt 0.860406 0.643399
vt 0.860915 0.546539
vt 0.859726 0.740258
vt 0.860915 0.643399
vt 0.860406 0.740258
vt 0.860915 0.740258
vt 0.868168 0.546539
vt 0.867522 0.546539
vt 0.867522 0.643398
vt 0.868168 0.643398
vt 0.868726 0.546539
vt 0.867522 0.740258
vt 0.868726 0.643398
vt 0.868168 0.740258
vt 0.868726 0.740258
vt 0.875981 0.546539
vt 0.875318 0.546539
vt 0.875318 0.643398
vt 0.875981 0.643398
vt 0.876454 0.546539
vt 0.875318 0.740258
vt 0.876454 0.643398
vt 0.875981 0.740258
vt 0.876454 0.740258
vt 0.883751 0.546539
vt 0.883113 0.546539
vt 0.883113 0.643398
vt 0.883751 0.643398
vt 0.884230 0.546539
vt 0.883113 0.740258
vt 0.884230 0.643398
vt 0.883751 0.740258
vt 0.884230 0.740258
vt 0.891515 0.546539
vt 0.890909 0.546539
vt 0.890909 0.643398
vt 0.891515 0.643398
vt 0.892017 0.546539
vt 0.890909 0.740258
vt 0.892017 0.643398
vt 0.891515 0.740258
vt 0.892017 0.740258
vt 0.564454 0.755528
vt 0.573006 0.755528
vt 0.573006 0.744250
vt 0.564454 0.744250
vt 0.558319 0.744250
vt 0.549767 0.744250
vt 0.549767 0.755528
vt 0.558319 0.755528
vt 0.419252 0.781384
vt 0.427804 0.781384
vt 0.427804 0.770625
vt 0.419252 0.770625
vt 0.413117 0.770625
vt 0.404565 0.770625
vt 0.404565 0.781384
vt 0.413117 0.781384
vt 0.467652 0.781477
vt 0.476204 0.781477
vt 0.476204 0.770625
vt 0.467652 0.770625
vt 0.461517 0.770625
vt 0.452965 0.770625
vt 0.452965 0.781477
vt 0.461517 0.781477
vt 0.225649 0.788033
vt 0.234201 0.788033
vt 0.234201 0.777380
vt 0.225649 0.777380
vt 0.219514 0.777380
vt 0.210962 0.777380
vt 0.210962 0.788033
vt 0.219514 0.788033
vt 0.370851 0.781353
vt 0.379403 0.781353
vt 0.379403 0.770625
vt 0.370851 0.770625
vt 0.364716 0.770625
vt 0.356164 0.770625
vt 0.356164 0.781353
vt 0.364716 0.781353
vt 0.322451 0.781314
vt 0.331002 0.781314
vt 0.331002 0.770625
vt 0.322451 0.770625
vt 0.316315 0.770625
vt 0.307763 0.770625
vt 0.307763 0.781314
vt 0.316315 0.781314
vt 0.274050 0.788035
vt 0.282602 0.788035
vt 0.282602 0.777380
vt 0.274050 0.777380
vt 0.267915 0.777380
vt 0.259363 0.777380
vt 0.259363 0.788035
vt 0.267915 0.788035
vt 0.516053 0.755480
vt 0.524605 0.755480
vt 0.524605 0.744250
vt 0.516053 0.744250
vt 0.509918 0.744250
vt 0.501366 0.744250
vt 0.501366 0.755480
vt 0.509918 0.755480
vt 0.543631 0.744250
vt 0.540253 0.744250
vt 0.540253 0.755528
vt 0.543631 0.755528
vt 0.070400 0.751717
vt 0.070400 0.755095
vt 0.078952 0.755095
vt 0.078952 0.751717
vt 0.078952 0.654857
vt 0.070400 0.654857
vt 0.078952 0.557997
vt 0.070400 0.557997
vt 0.070400 0.554620
vt 0.078952 0.554620
vt 0.260975 0.612514
vt 0.264353 0.612514
vt 0.264353 0.601236
vt 0.260975 0.601236
vt 0.164115 0.601236
vt 0.164115 0.612514
vt 0.067256 0.601236
vt 0.067256 0.612514
vt 0.063878 0.612514
vt 0.063878 0.601236
vt 0.054809 0.751717
vt 0.054809 0.755095
vt 0.063360 0.755095
vt 0.063360 0.751717
vt 0.063360 0.654857
vt 0.054809 0.654857
vt 0.063360 0.557997
vt 0.054809 0.557997
vt 0.054809 0.554620
vt 0.063360 0.554620
vt 0.530740 0.755528
vt 0.534118 0.755528
vt 0.534118 0.744250
vt 0.530740 0.744250
vt 0.398429 0.770625
vt 0.395052 0.770625
vt 0.395052 0.781384
vt 0.398429 0.781384
vt 0.101583 0.751717
vt 0.101583 0.755095
vt 0.110135 0.755095
vt 0.110135 0.751717
vt 0.110135 0.654857
vt 0.101583 0.654857
vt 0.110135 0.557997
vt 0.101583 0.557997
vt 0.101583 0.554620
vt 0.110135 0.554620
vt 0.056508 0.578253
vt 0.059886 0.578253
vt 0.059886 0.567494
vt 0.056508 0.567494
vt -0.040351 0.567494
vt -0.040351 0.578253
vt -0.137211 0.567494
vt -0.137211 0.578253
vt -0.140589 0.578253
vt -0.140589 0.567494
vt 0.085992 0.751717
vt 0.085992 0.755095
vt 0.094544 0.755095
vt 0.094544 0.751717
vt 0.094544 0.654857
vt 0.085992 0.654857
vt 0.094544 0.557997
vt 0.085992 0.557997
vt 0.085992 0.554620
vt 0.094544 0.554620
vt 0.385538 0.781384
vt 0.388916 0.781384
vt 0.388916 0.770625
vt 0.385538 0.770625
vt 0.446830 0.770625
vt 0.443452 0.770625
vt 0.443452 0.781477
vt 0.446830 0.781477
vt 0.132767 0.770011
vt 0.132767 0.773389
vt 0.141319 0.773389
vt 0.141319 0.770011
vt 0.141319 0.673151
vt 0.132767 0.673151
vt 0.141319 0.576292
vt 0.132767 0.576292
vt 0.132767 0.572914
vt 0.141319 0.572914
vt 0.056508 0.595240
vt 0.059886 0.595240
vt 0.059886 0.584388
vt 0.056508 0.584388
vt -0.040351 0.584388
vt -0.040351 0.595240
vt -0.137211 0.584388
vt -0.137211 0.595240
vt -0.140589 0.595240
vt -0.140589 0.584388
vt 0.117175 0.770011
vt 0.117175 0.773389
vt 0.125727 0.773389
vt 0.125727 0.770011
vt 0.125727 0.673151
vt 0.117175 0.673151
vt 0.125727 0.576292
vt 0.117175 0.576292
vt 0.117175 0.572914
vt 0.125727 0.572914
vt 0.433939 0.781477
vt 0.437317 0.781477
vt 0.437317 0.770625
vt 0.433939 0.770625
vt 0.204827 0.777380
vt 0.201449 0.777380
vt 0.201449 0.788033
vt 0.204827 0.788033
vt 0.163950 0.770011
vt 0.163950 0.773389
vt 0.172502 0.773389
vt 0.172502 0.770011
vt 0.172502 0.673151
vt 0.163950 0.673151
vt 0.172502 0.576292
vt 0.163950 0.576292
vt 0.163950 0.572914
vt 0.172502 0.572914
vt 0.260975 0.594778
vt 0.264353 0.594778
vt 0.264353 0.584126
vt 0.260975 0.584126
vt 0.164116 0.584126
vt 0.164116 0.594778
vt 0.067256 0.584126
vt 0.067256 0.594778
vt 0.063878 0.594778
vt 0.063878 0.584126
vt 0.148358 0.770011
vt 0.148358 0.773389
vt 0.156910 0.773389
vt 0.156910 0.770011
vt 0.156910 0.673151
vt 0.148358 0.673151
vt 0.156910 0.576292
vt 0.148358 0.576292
vt 0.148358 0.572914
vt 0.156910 0.572914
vt 0.191936 0.788033
vt 0.195314 0.788033
vt 0.195314 0.777380
vt 0.191936 0.777380
vt 0.350029 0.770625
vt 0.346651 0.770625
vt 0.346651 0.781353
vt 0.350029 0.781353
vt 0.195133 0.770011
vt 0.195133 0.773389
vt 0.203685 0.773389
vt 0.203685 0.770011
vt 0.203685 0.673151
vt 0.195133 0.673151
vt 0.203685 0.576292
vt 0.195133 0.576292
vt 0.195133 0.572914
vt 0.203685 0.572914
vt 0.056508 0.612103
vt 0.059886 0.612103
vt 0.059886 0.601375
vt 0.056508 0.601375
vt -0.040351 0.601375
vt -0.040351 0.612103
vt -0.137211 0.601375
vt -0.137211 0.612103
vt -0.140589 0.612103
vt -0.140589 0.601375
vt 0.179542 0.770011
vt 0.179542 0.773389
vt 0.188093 0.773389
vt 0.188093 0.770011
vt 0.188093 0.673151
vt 0.179542 0.673151
vt 0.188093 0.576292
vt 0.179542 0.576292
vt 0.179542 0.572914
vt 0.188093 0.572914
vt 0.337138 0.781353
vt 0.340516 0.781353
vt 0.340516 0.770625
vt 0.337138 0.770625
vt 0.301628 0.770625
vt 0.298250 0.770625
vt 0.298250 0.781314
vt 0.301628 0.781314
vt 0.226316 0.770011
vt 0.226316 0.773389
vt 0.234868 0.773389
vt 0.234868 0.770011
vt 0.234868 0.673151
vt 0.226316 0.673151
vt 0.234868 0.576292
vt 0.226316 0.576292
vt 0.226316 0.572914
vt 0.234868 0.572914
vt 0.056508 0.503423
vt 0.059886 0.503423
vt 0.059886 0.492734
vt 0.056508 0.492734
vt -0.040351 0.492734
vt -0.040351 0.503423
vt -0.137211 0.492734
vt -0.137211 0.503423
vt -0.140589 0.503423
vt -0.140589 0.492734
vt 0.210725 0.770011
vt 0.210725 0.773389
vt 0.219277 0.773389
vt 0.219277 0.770011
vt 0.219277 0.673151
vt 0.210725 0.673151
vt 0.219277 0.576292
vt 0.210725 0.576292
vt 0.210725 0.572914
vt 0.219277 0.572914
vt 0.288737 0.781314
vt 0.292115 0.781314
vt 0.292115 0.770625
vt 0.288737 0.770625
vt 0.253227 0.777380
vt 0.249850 0.777380
vt 0.249850 0.788035
vt 0.253227 0.788035
vt 0.257500 0.770011
vt 0.257500 0.773389
vt 0.266051 0.773389
vt 0.266051 0.770011
vt 0.266051 0.673151
vt 0.257500 0.673151
vt 0.266052 0.576292
vt 0.257500 0.576292
vt 0.257500 0.572914
vt 0.266052 0.572914
vt 0.260975 0.577238
vt 0.264353 0.577238
vt 0.264353 0.566584
vt 0.260975 0.566584
vt 0.164116 0.566584
vt 0.164116 0.577238
vt 0.067256 0.566584
vt 0.067256 0.577238
vt 0.063878 0.577238
vt 0.063878 0.566584
vt 0.241908 0.770011
vt 0.241908 0.773389
vt 0.250460 0.773389
vt 0.250460 0.770011
vt 0.250460 0.673151
vt 0.241908 0.673151
vt 0.250460 0.576292
vt 0.241908 0.576292
vt 0.241908 0.572914
vt 0.250460 0.572914
vt 0.240337 0.788035
vt 0.243714 0.788035
vt 0.243714 0.777380
vt 0.240337 0.777380
vt 0.495231 0.744250
vt 0.491853 0.744250
vt 0.491853 0.755480
vt 0.495231 0.755480
vt 0.056508 0.520788
vt 0.059886 0.520788
vt 0.059886 0.509558
vt 0.056508 0.509558
vt -0.040351 0.509558
vt -0.040351 0.520788
vt -0.137211 0.509558
vt -0.137211 0.520788
vt -0.140589 0.520788
vt -0.140589 0.509558
vt 0.273091 0.770011
vt 0.273091 0.773389
vt 0.281643 0.773389
vt 0.281643 0.770011
vt 0.281643 0.673151
vt 0.273091 0.673151
vt 0.281643 0.576292
vt 0.273091 0.576292
vt 0.273091 0.572914
vt 0.281643 0.572914
vt 0.482340 0.755480
vt 0.485718 0.755480
vt 0.485718 0.744250
vt 0.482340 0.744250
vn 0.000000 -1.000000 0.000000
vn 0.000000 -1.000000 0.000000
vn 0.000000 -1.000000 0.000000
vn 0.000000 -1.000000 0.000000
vn 0.000000 -1.000000 0.000000
vn 0.000000 -1.000000 0.000000
vn 0.000000 -1.000000 0.000000
vn 0.000000 -1.000000 0.000000
vn 0.000000 -1.000000 0.000000
vn 0.000000 -1.000000 0.000000
vn 0.000000 -1.000000 0.000000
vn 0.000000 -1.000000 0.000000
vn 0.000000 -1.000000 0.000000
vn 0.000000 -1.000000 0.000000
vn 0.000000 -1.000000 0.000000
vn 0.000000 -1.000000 0.000000
vn 0.000000 -1.000000 0.000000
vn 0.000000 -1.000000 0.000000
vn 0.000000 -1.000000 0.000000
vn 0.000000 -1.000000 0.000000
vn 0.000000 -1.000000 0.000000
vn 0.000000 -1.000000 0.000000
vn 0.000000 -1.000000 0.000000
vn 0.000000 -1.000000 0.000000
vn -0.999721 0.000000 -0.023618
vn -0.999721 0.000000 -0.023618
vn -0.999721 0.000000 -0.023618
vn -0.999721 0.000000 -0.023618
vn -0.999721 0.000000 -0.023618
vn -0.999721 0.000000 -0.023618
vn -0.999721 0.000000 -0.023618
vn -0.999721 0.000000 -0.023618
vn -0.999721 0.000000 -0.023618
vn -0.999721 0.000000 -0.023618
vn -0.999721 0.000000 -0.023618
vn -0.999721 0.000000 -0.023618
vn -0.999721 0.000000 -0.023618
vn -0.999721 0.000000 -0.023618
vn -0.999721 0.000000 -0.023618
vn -0.999721 0.000000 -0.023618
vn -0.999721 0.000000 -0.023618
vn -0.999721 0.000000 -0.023618
vn -0.999721 0.000000 -0.023618
vn -0.999721 0.000000 -0.023618
vn -0.999721 0.000000 -0.023618
vn -0.999721 0.000000 -0.023618
vn -0.999721 0.000000 -0.023618
vn -0.999721 0.000000 -0.023618
vn -0.999721 0.000000 -0.023618
vn -0.999721 0.000000 -0.023618
vn -0.999721 0.000000 -0.023618
vn -0.999721 0.000000 -0.023618
vn -0.999721 0.000000 -0.023618
vn -0.999721 0.000000 -0.023618
vn -0.999721 0.000000 -0.023618
vn -0.999721 0.000000 -0.023618
vn -0.999721 0.000000 -0.023618
vn -0.999721 0.000000 -0.023618
vn -0.999721 0.000000 -0.023618
vn -0.999721 0.000000 -0.023618
vn -0.999721 0.000000 -0.023618
vn -0.999721 0.000000 -0.023618
vn -0.999721 0.000000 -0.023618
vn -0.999721 0.000000 -0.023618
vn -0.999721 0.000000 -0.023618
vn -0.999721 0.000000 -0.023618
vn -0.999721 0.000000 -0.023618
vn -0.999721 0.000000 -0.023618
vn -0.999721 0.000000 -0.023618
vn -0.999721 0.000000 -0.023618
vn -0.999721 0.000000 -0.023618
vn -0.999721 0.000000 -0.023618
vn 0.999721 0.000000 0.023618
vn 0.999721 0.000000 0.023618
vn 0.999721 0.000000 0.023618
vn 0.999721 0.000000 0.023618
vn 0.999721 0.000000 0.023618
vn 0.999721 0.000000 0.023618
vn 0.999721 0.000000 0.023618
vn 0.999721 0.000000 0.023618
vn 0.999721 0.000000 0.023618
vn 0.999721 0.000000 0.023618
vn 0.999721 0.000000 0.023618
vn 0.999721 0.000000 0.023618
vn 0.999721 0.000000 0.023618
vn 0.999721 0.000000 0.023618
vn 0.999721 0.000000 0.023618
vn 0.999721 0.000000 0.023618
vn 0.999721 0.000000 0.023618
vn 0.999721 0.000000 0.023618
vn 0.999721 0.000000 0.023618
vn 0.999721 0.000000 0.023618
vn 0.999721 0.000000 0.023618
vn 0.999721 0.000000 0.023618
vn 0.999721 0.000000 0.023618
vn 0.999721 0.000000 0.023618
vn 0.999721 0.000000 0.023618
vn 0.999721 0.000000 0.023618
vn 0.999721 0.000000 0.023618
vn 0.999721 0.000000 0.023618
vn 0.999721 0.000000 0.023618
vn 0.999721 0.000000 0.023618
vn 0.999721 0.000000 0.023618
vn 0.999721 0.000000 0.023618
vn 0.999721 0.000000 0.023618
vn 0.999721 0.000000 0.023618
vn 0.999721 0.000000 0.023618
vn 0.999721 0.000000 0.023618
vn 0.999721 0.000000 0.023618
vn 0.999721 0.000000 0.023618
vn 0.999721 0.000000 0.023618
vn 0.999721 0.000000 0.023618
vn 0.999721 0.000000 0.023618
vn 0.999721 0.000000 0.023618
vn 0.999721 0.000000 0.023618
vn 0.999721 0.000000 0.023618
vn 0.999721 0.000000 0.023618
vn 0.999721 0.000000 0.023618
vn 0.999721 0.000000 0.023618
vn 0.999721 0.000000 0.023618
vn 0.000000 -1.000000 0.000000
vn 0.000000 -1.000000 0.000000
vn 0.000000 -1.000000 0.000000
vn 0.000000 -1.000000 0.000000
vn 0.000000 -1.000000 0.000000
vn 0.000000 -1.000000 0.000000
vn 0.000000 -1.000000 0.000000
vn 0.000000 -1.000000 0.000000
vn 0.000000 -1.000000 0.000000
vn 0.000000 -1.000000 0.000000
vn 0.000000 -1.000000 0.000000
vn 0.000000 -1.000000 0.000000
vn 0.000000 -1.000000 0.000000
vn 0.000000 -1.000000 0.000000
vn 0.000000 -1.000000 0.000000
vn 0.000000 -1.000000 0.000000
vn 0.000000 -1.000000 0.000000
vn 0.000000 -1.000000 0.000000
vn 0.000000 -1.000000 0.000000
vn 0.000000 -1.000000 0.000000
vn 0.000000 -1.000000 0.000000
vn 0.000000 -1.000000 0.000000
vn 0.000000 -1.000000 0.000000
vn 0.000000 -1.000000 0.000000
vn 0.000000 -1.000000 0.000000
vn 0.000000 -1.000000 0.000000
vn 0.000000 -1.000000 0.000000
vn 0.000000 -1.000000 0.000000
vn 0.000000 -1.000000 0.000000
vn 0.000000 -1.000000 0.000000
vn 0.000000 -1.000000 0.000000
vn 0.000000 -1.000000 0.000000
vn 0.000000 -1.000000 0.000000
vn 0.000000 -1.000000 0.000000
vn 0.000000 -1.000000 0.000000
vn 0.000000 -1.000000 0.000000
vn 0.999721 0.000000 0.023618
vn 0.999721 0.000000 0.023618
vn 0.999721 0.000000 0.023618
vn 0.999721 0.000000 0.023618
vn 0.999721 0.000000 0.023618
vn 0.999721 0.000000 0.023618
vn 0.999721 0.000000 0.023618
vn 0.999721 0.000000 0.023618
vn 0.999721 0.000000 0.023618
vn 0.999721 0.000000 0.023618
vn 0.999721 0.000000 0.023618
vn 0.999721 0.000000 0.023618
vn 0.999721 0.000000 0.023618
vn 0.999721 0.000000 0.023618
vn 0.999721 0.000000 0.023618
vn 0.999721 0.000000 0.023618
vn 0.999721 0.000000 0.023618
vn 0.999721 0.000000 0.023618
vn 0.999721 0.000000 0.023618
vn 0.999721 0.000000 0.023618
vn 0.999721 0.000000 0.023618
vn 0.999721 0.000000 0.023618
vn 0.999721 0.000000 0.023618
vn 0.999721 0.000000 0.023618
vn -0.999721 0.000000 -0.023618
vn -0.999721 0.000000 -0.023618
vn -0.999721 0.000000 -0.023618
vn -0.999721 0.000000 -0.023618
vn -0.999721 0.000000 -0.023618
vn -0.999721 0.000000 -0.023618
vn -0.999721 0.000000 -0.023618
vn -0.999721 0.000000 -0.023618
vn -0.999721 0.000000 -0.023618
vn -0.999721 0.000000 -0.023618
vn -0.999721 0.000000 -0.023618
vn -0.999721 0.000000 -0.023618
vn -0.999721 0.000000 -0.023618
vn -0.999721 0.000000 -0.023618
vn -0.999721 0.000000 -0.023618
vn -0.999721 0.000000 -0.023618
vn -0.999721 0.000000 -0.023618
vn -0.999721 0.000000 -0.023618
vn -0.999721 0.000000 -0.023618
vn -0.999721 0.000000 -0.023618
vn -0.999721 0.000000 -0.023618
vn -0.999721 0.000000 -0.023618
vn -0.999721 0.000000 -0.023618
vn -0.999721 0.000000 -0.023618
vn 0.023618 0.000000 -0.999721
vn 0.023618 0.000000 -0.999721
vn 0.023618 0.000000 -0.999721
vn 0.023618 0.000000 -0.999721
vn 0.023618 0.000000 -0.999721
vn 0.023618 0.000000 -0.999721
vn 0.023618 0.000000 -0.999721
vn 0.023618 0.000000 -0.999721
vn 0.023618 0.000000 -0.999721
vn 0.023618 0.000000 -0.999721
vn 0.023618 0.000000 -0.999721
vn 0.023618 0.000000 -0.999721
vn 0.023618 0.000000 -0.999721
vn 0.023618 0.000000 -0.999721
vn 0.023618 0.000000 -0.999721
vn 0.023618 0.000000 -0.999721
vn 0.023618 0.000000 -0.999721
vn 0.023618 0.000000 -0.999721
vn 0.023618 0.000000 -0.999721
vn 0.023618 0.000000 -0.999721
vn 0.023618 0.000000 -0.999721
vn 0.023618 0.000000 -0.999721
vn 0.023618 0.000000 -0.999721
vn 0.023618 0.000000 -0.999721
vn 0.023618 0.000000 -0.999721
vn 0.023618 0.000000 -0.999721
vn 0.023618 0.000000 -0.999721
vn 0.023618 0.000000 -0.999721
vn 0.023618 0.000000 -0.999721
vn 0.023618 0.000000 -0.999721
vn 0.023618 0.000000 -0.999721
vn 0.023618 0.000000 -0.999721
vn 0.023618 0.000000 -0.999721
vn 0.023618 0.000000 -0.999721
vn 0.023618 0.000000 -0.999721
vn 0.023618 0.000000 -0.999721
vn 0.023618 0.000000 -0.999721
vn 0.023618 0.000000 -0.999721
vn 0.023618 0.000000 -0.999721
vn 0.023618 0.000000 -0.999721
vn 0.023618 0.000000 -0.999721
vn 0.023618 0.000000 -0.999721
vn 0.023618 0.000000 -0.999721
vn 0.023618 0.000000 -0.999721
vn 0.023618 0.000000 -0.999721
vn 0.023618 0.000000 -0.999721
vn 0.023618 0.000000 -0.999721
vn 0.023618 0.000000 -0.999721
vn 0.023618 0.000000 -0.999721
vn 0.023618 0.000000 -0.999721
vn 0.023618 0.000000 -0.999721
vn 0.023618 0.000000 -0.999721
vn 0.023618 0.000000 -0.999721
vn 0.023618 0.000000 -0.999721
vn 0.023618 0.000000 -0.999721
vn 0.023618 0.000000 -0.999721
vn 0.023618 0.000000 -0.999721
vn 0.023618 0.000000 -0.999721
vn 0.023618 0.000000 -0.999721
vn 0.023618 0.000000 -0.999721
vn 0.023618 0.000000 -0.999721
vn 0.023618 0.000000 -0.999721
vn 0.023618 0.000000 -0.999721
vn 0.023618 0.000000 -0.999721
vn 0.023618 0.000000 -0.999721
vn 0.023618 0.000000 -0.999721
vn 0.023618 0.000000 -0.999721
vn 0.023618 0.000000 -0.999721
vn 0.023618 0.000000 -0.999721
vn 0.023618 0.000000 -0.999721
vn 0.023618 0.000000 -0.999721
vn 0.023618 0.000000 -0.999721
vn 0.000000 -1.000000 0.000000
vn 0.000000 -1.000000 0.000000
vn 0.000000 -1.000000 0.000000
vn 0.000000 -1.000000 0.000000
vn 0.000000 -1.000000 0.000000
vn 0.000000 -1.000000 0.000000
vn 0.000000 -1.000000 0.000000
vn 0.000000 -1.000000 0.000000
vn 0.000000 -1.000000 0.000000
vn 0.000000 -1.000000 0.000000
vn 0.000000 -1.000000 0.000000
vn 0.000000 -1.000000 0.000000
vn 0.000000 -1.000000 0.000000
vn 0.000000 -1.000000 0.000000
vn 0.000000 -1.000000 0.000000
vn 0.000000 -1.000000 0.000000
vn 0.000000 -1.000000 0.000000
vn 0.000000 -1.000000 0.000000
vn 0.000000 -1.000000 0.000000
vn 0.000000 -1.000000 0.000000
vn 0.000000 -1.000000 0.000000
vn 0.000000 -1.000000 0.000000
vn 0.000000 -1.000000 0.000000
vn 0.000000 -1.000000 0.000000
vn 0.000000 -1.000000 0.000000
vn 0.000000 -1.000000 0.000000
vn 0.000000 -1.000000 0.000000
vn 0.000000 -1.000000 0.000000
vn 0.000000 -1.000000 0.000000
vn 0.000000 -1.000000 0.000000
vn 0.000000 -1.000000 0.000000
vn 0.000000 -1.000000 0.000000
vn 0.000000 -1.000000 0.000000
vn 0.000000 -1.000000 0.000000
vn 0.000000 -1.000000 0.000000
vn 0.000000 -1.000000 0.000000
vn 0.000000 -1.000000 0.000000
vn 0.000000 -1.000000 0.000000
vn 0.000000 -1.000000 0.000000
vn 0.000000 -1.000000 0.000000
vn 0.000000 -1.000000 0.000000
vn 0.000000 -1.000000 0.000000
vn 0.000000 -1.000000 0.000000
vn 0.000000 -1.000000 0.000000
vn 0.000000 -1.000000 0.000000
vn 0.000000 -1.000000 0.000000
vn 0.000000 -1.000000 0.000000
vn 0.000000 -1.000000 0.000000
vn 0.000000 -1.000000 0.000000
vn 0.000000 -1.000000 0.000000
vn 0.000000 -1.000000 0.000000
vn 0.000000 -1.000000 0.000000
vn 0.000000 -1.000000 0.000000
vn 0.000000 -1.000000 0.000000
vn 0.000000 -1.000000 0.000000
vn 0.000000 -1.000000 0.000000
vn 0.000000 -1.000000 0.000000
vn 0.000000 -1.000000 0.000000
vn 0.000000 -1.000000 0.000000
vn 0.000000 -1.000000 0.000000
vn -0.023618 0.000000 0.999721
vn -0.023618 0.000000 0.999721
vn -0.023618 0.000000 0.999721
vn -0.023618 0.000000 0.999721
vn -0.023618 0.000000 0.999721
vn -0.023618 0.000000 0.999721
vn -0.023618 0.000000 0.999721
vn -0.023618 0.000000 0.999721
vn -0.023618 0.000000 0.999721
vn -0.023618 0.000000 0.999721
vn -0.023618 0.000000 0.999721
vn -0.023618 0.000000 0.999721
vn -0.023618 0.000000 0.999721
vn -0.023618 0.000000 0.999721
vn -0.023618 0.000000 0.999721
vn -0.023618 0.000000 0.999721
vn -0.023618 0.000000 0.999721
vn -0.023618 0.000000 0.999721
vn -0.023618 0.000000 0.999721
vn -0.023618 0.000000 0.999721
vn -0.023618 0.000000 0.999721
vn -0.023618 0.000000 0.999721
vn -0.023618 0.000000 0.999721
vn -0.023618 0.000000 0.999721
vn -0.023618 0.000000 0.999721
vn -0.023618 0.000000 0.999721
vn -0.023618 0.000000 0.999721
vn -0.023618 0.000000 0.999721
vn -0.023618 0.000000 0.999721
vn -0.023618 0.000000 0.999721
vn -0.023618 0.000000 0.999721
vn -0.023618 0.000000 0.999721
vn -0.023618 0.000000 0.999721
vn -0.023618 0.000000 0.999721
vn -0.023618 0.000000 0.999721
vn -0.023618 0.000000 0.999721
vn -0.023618 0.000000 0.999721
vn -0.023618 0.000000 0.999721
vn -0.023618 0.000000 0.999721
vn -0.023618 0.000000 0.999721
vn -0.023618 0.000000 0.999721
vn -0.023618 0.000000 0.999721
vn -0.023618 0.000000 0.999721
vn -0.023618 0.000000 0.999721
vn -0.023618 0.000000 0.999721
vn -0.023618 0.000000 0.999721
vn -0.023618 0.000000 0.999721
vn -0.023618 0.000000 0.999721
vn -0.023618 0.000000 0.999721
vn -0.023618 0.000000 0.999721
vn -0.023618 0.000000 0.999721
vn -0.023618 0.000000 0.999721
vn -0.023618 0.000000 0.999721
vn -0.023618 0.000000 0.999721
vn -0.023618 0.000000 0.999721
vn -0.023618 0.000000 0.999721
vn -0.023618 0.000000 0.999721
vn -0.023618 0.000000 0.999721
vn -0.023618 0.000000 0.999721
vn -0.023618 0.000000 0.999721
vn -0.023618 0.000000 0.999721
vn -0.023618 0.000000 0.999721
vn -0.023618 0.000000 0.999721
vn -0.023618 0.000000 0.999721
vn -0.023618 0.000000 0.999721
vn -0.023618 0.000000 0.999721
vn -0.023618 0.000000 0.999721
vn -0.023618 0.000000 0.999721
vn -0.023618 0.000000 0.999721
vn -0.023618 0.000000 0.999721
vn -0.023618 0.000000 0.999721
vn -0.023618 0.000000 0.999721
vn -0.023618 0.000000 0.999721
vn -0.023618 0.000000 0.999721
vn -0.023618 0.000000 0.999721
vn -0.023618 0.000000 0.999721
vn -0.023618 0.000000 0.999721
vn -0.023618 0.000000 0.999721
vn -0.023618 0.000000 0.999721
vn -0.023618 0.000000 0.999721
vn -0.023618 0.000000 0.999721
vn -0.023618 0.000000 0.999721
vn -0.023618 0.000000 0.999721
vn -0.023618 0.000000 0.999721
vn -0.023618 0.000000 0.999721
vn -0.023618 0.000000 0.999721
vn -0.023618 0.000000 0.999721
vn -0.023618 0.000000 0.999721
vn -0.023618 0.000000 0.999721
vn -0.023618 0.000000 0.999721
vn -0.023618 0.000000 0.999721
vn -0.023618 0.000000 0.999721
vn -0.023618 0.000000 0.999721
vn -0.023618 0.000000 0.999721
vn -0.023618 0.000000 0.999721
vn -0.023618 0.000000 0.999721
vn -0.023618 0.000000 0.999721
vn -0.023618 0.000000 0.999721
vn -0.023618 0.000000 0.999721
vn -0.023618 0.000000 0.999721
vn -0.023618 0.000000 0.999721
vn -0.023618 0.000000 0.999721
vn -0.023618 0.000000 0.999721
vn -0.023618 0.000000 0.999721
vn -0.023618 0.000000 0.999721
vn -0.023618 0.000000 0.999721
vn -0.023618 0.000000 0.999721
vn -0.023618 0.000000 0.999721
vn -0.023618 0.000000 0.999721
vn -0.023618 0.000000 0.999721
vn -0.023618 0.000000 0.999721
vn -0.023618 0.000000 0.999721
vn -0.023618 0.000000 0.999721
vn -0.023618 0.000000 0.999721
vn -0.023618 0.000000 0.999721
vn -0.023618 0.000000 0.999721
vn -0.023618 0.000000 0.999721
vn -0.023618 0.000000 0.999721
vn -0.023618 0.000000 0.999721
vn -0.023618 0.000000 0.999721
vn -0.023618 0.000000 0.999721
vn -0.023618 0.000000 0.999721
vn -0.023618 0.000000 0.999721
vn -0.023618 0.000000 0.999721
vn -0.023618 0.000000 0.999721
vn -0.023618 0.000000 0.999721
vn -0.023618 0.000000 0.999721
vn -0.023618 0.000000 0.999721
vn -0.023618 0.000000 0.999721
vn -0.023618 0.000000 0.999721
vn -0.023618 0.000000 0.999721
vn -0.023618 0.000000 0.999721
vn -0.023618 0.000000 0.999721
vn -0.023618 0.000000 0.999721
vn -0.023618 0.000000 0.999721
vn -0.023618 0.000000 0.999721
vn -0.023618 0.000000 0.999721
vn -0.023618 0.000000 0.999721
vn -0.023618 0.000000 0.999721
vn -0.023618 0.000000 0.999721
vn -0.023618 0.000000 0.999721
vn -0.023618 0.000000 0.999721
vn -0.023618 0.000000 0.999721
vn -0.023618 0.000000 0.999721
vn -0.023618 0.000000 0.999721
vn -0.023618 0.000000 0.999721
vn -0.023618 0.000000 0.999721
vn -0.023618 0.000000 0.999721
vn -0.023618 0.000000 0.999721
vn -0.023618 0.000000 0.999721
vn -0.023618 0.000000 0.999721
vn -0.023618 0.000000 0.999721
vn -0.023618 0.000000 0.999721
vn -0.023618 0.000000 0.999721
vn -0.023618 0.000000 0.999721
vn -0.023618 0.000000 0.999721
vn -0.023618 0.000000 0.999721
vn -0.023618 0.000000 0.999721
vn -0.023618 0.000000 0.999721
vn -0.023618 0.000000 0.999721
vn -0.023618 0.000000 0.999721
vn -0.023618 0.000000 0.999721
vn -0.023618 0.000000 0.999721
vn -0.023618 0.000000 0.999721
vn -0.023618 0.000000 0.999721
vn -0.023618 0.000000 0.999721
vn -0.023618 0.000000 0.999721
vn -0.023618 0.000000 0.999721
vn -0.023618 0.000000 0.999721
vn -0.023618 0.000000 0.999721
vn -0.023618 0.000000 0.999721
vn -0.023618 0.000000 0.999721
vn -0.023618 0.000000 0.999721
vn -0.023618 0.000000 0.999721
vn -0.023618 0.000000 0.999721
vn -0.023618 0.000000 0.999721
vn -0.023618 0.000000 0.999721
vn -0.023618 0.000000 0.999721
vn -0.023618 0.000000 0.999721
vn -0.023618 0.000000 0.999721
vn -0.023618 0.000000 0.999721
vn -0.023618 0.000000 0.999721
vn -0.023618 0.000000 0.999721
vn -0.023618 0.000000 0.999721
vn -0.023618 0.000000 0.999721
vn -0.023618 0.000000 0.999721
vn -0.023618 0.000000 0.999721
vn -0.023618 0.000000 0.999721
vn -0.023618 0.000000 0.999721
vn -0.023618 0.000000 0.999721
vn -0.023618 0.000000 0.999721
vn -0.023618 0.000000 0.999721
vn -0.023618 0.000000 0.999721
vn -0.023618 0.000000 0.999721
vn -0.023618 0.000000 0.999721
vn -0.023618 0.000000 0.999721
vn -0.023618 0.000000 0.999721
vn -0.023618 0.000000 0.999721
vn -0.023618 0.000000 0.999721
vn -0.023618 0.000000 0.999721
vn -0.023618 0.000000 0.999721
vn -0.023618 0.000000 0.999721
vn -0.023618 0.000000 0.999721
vn -0.023618 -0.000005 0.999721
vn -0.023618 0.000000 0.999721
vn -0.023618 0.000000 0.999721
vn -0.023618 0.000000 0.999721
vn -0.023618 0.000000 0.999721
vn -0.023618 -0.000005 0.999721
vn -0.023618 -0.000005 0.999721
vn -0.023618 0.000000 0.999721
vn -0.023618 0.000000 0.999721
vn -0.023618 -0.000005 0.999721
vn -0.023618 -0.000005 0.999721
vn -0.023618 -0.000005 0.999721
vn -0.023618 0.000000 0.999721
vn -0.023618 0.000000 0.999721
vn -0.023618 -0.000005 0.999721
vn -0.023618 -0.000005 0.999721
vn -0.023618 -0.000005 0.999721
vn -0.023618 0.000000 0.999721
vn -0.023618 0.000000 0.999721
vn -0.023618 -0.000005 0.999721
vn -0.023618 -0.000005 0.999721
vn -0.023618 0.000000 0.999721
vn -0.023618 0.000000 0.999721
vn -0.023618 0.000000 0.999721
vn -0.023618 0.000000 0.999721
vn -0.023618 -0.000005 0.999721
vn -0.023618 0.000000 0.999721
vn -0.023618 0.000000 0.999721
vn -0.023618 0.000000 0.999721
vn -0.023618 0.000000 0.999721
vn -0.023618 0.000000 0.999721
vn -0.023618 0.000000 0.999721
vn -0.023618 0.000000 0.999721
vn -0.023618 0.000000 0.999721
vn -0.023618 0.000000 0.999721
vn -0.023618 0.000000 0.999721
vn -0.023618 0.000000 0.999721
vn -0.023618 0.000000 0.999721
vn -0.023618 0.000000 0.999721
vn -0.023618 0.000000 0.999721
vn -0.023618 0.000000 0.999721
vn -0.023618 0.000000 0.999721
vn -0.023618 0.000000 0.999721
vn -0.023618 0.000000 0.999721
vn -0.023618 0.000000 0.999721
vn -0.023618 0.000000 0.999721
vn -0.023618 0.000000 0.999721
vn -0.023618 0.000000 0.999721
vn -0.023618 0.000000 0.999721
vn -0.023618 0.000000 0.999721
vn -0.023618 0.000000 0.999721
vn -0.023618 0.000000 0.999721
vn -0.023618 0.000000 0.999721
vn -0.023618 0.000000 0.999721
vn -0.023618 0.000000 0.999721
vn -0.023618 0.000000 0.999721
vn -0.023618 0.000000 0.999721
vn -0.023618 0.000000 0.999721
vn -0.023618 0.000000 0.999721
vn -0.023618 0.000000 0.999721
vn -0.023618 0.000000 0.999721
vn -0.023618 0.000000 0.999721
vn -0.023618 0.000000 0.999721
vn -0.023618 0.000000 0.999721
vn -0.023618 0.000000 0.999721
vn -0.023618 0.000000 0.999721
vn -0.023618 0.000000 0.999721
vn -0.023618 0.000000 0.999721
vn -0.023618 0.000000 0.999721
vn -0.023618 0.000000 0.999721
vn -0.023618 0.000000 0.999721
vn -0.023618 0.000000 0.999721
vn -0.023618 0.000000 0.999721
vn -0.023618 0.000000 0.999721
vn -0.023618 0.000000 0.999721
vn -0.023618 0.000000 0.999721
vn -0.023618 0.000000 0.999721
vn -0.023618 0.000000 0.999721
vn -0.023618 0.000000 0.999721
vn -0.023618 0.000000 0.999721
vn -0.023618 0.000000 0.999721
vn -0.023618 0.000000 0.999721
vn -0.023618 0.000000 0.999721
vn -0.023618 0.000000 0.999721
vn -0.023618 0.000000 0.999721
vn -0.023618 0.000000 0.999721
vn -0.023618 0.000000 0.999721
vn -0.023618 0.000000 0.999721
vn -0.023618 0.000000 0.999721
vn -0.023618 0.000000 0.999721
vn -0.023618 0.000000 0.999721
vn -0.023618 0.000000 0.999721
vn -0.023618 0.000000 0.999721
vn -0.023618 0.000000 0.999721
vn -0.023618 0.000000 0.999721
vn -0.023618 0.000000 0.999721
vn -0.023618 0.000000 0.999721
vn -0.023618 0.000000 0.999721
vn -0.023618 0.000000 0.999721
vn -0.023618 0.000000 0.999721
vn -0.023618 0.000000 0.999721
vn -0.023618 0.000000 0.999721
vn -0.023618 0.000000 0.999721
vn -0.023618 0.000000 0.999721
vn -0.023618 0.000000 0.999721
vn -0.023618 0.000000 0.999721
vn -0.023618 0.000000 0.999721
vn -0.023618 0.000000 0.999721
vn -0.023618 0.000000 0.999721
vn -0.023618 0.000000 0.999721
vn -0.023618 0.000000 0.999721
vn -0.023618 0.000000 0.999721
vn -0.023618 0.000000 0.999721
vn -0.023618 0.000000 0.999721
vn -0.023618 0.000000 0.999721
vn -0.023618 0.000000 0.999721
vn -0.023618 0.000000 0.999721
vn -0.023618 0.000000 0.999721
vn -0.023618 0.000000 0.999721
vn -0.023618 0.000000 0.999721
vn -0.023618 0.000000 0.999721
vn -0.023618 0.000000 0.999721
vn -0.023618 0.000000 0.999721
vn -0.023618 0.000000 0.999721
vn -0.023618 0.000000 0.999721
vn -0.023618 0.000000 0.999721
vn -0.023618 0.000000 0.999721
vn -0.023618 0.000000 0.999721
vn -0.023618 0.000000 0.999721
vn -0.023618 0.000000 0.999721
vn -0.023618 0.000000 0.999721
vn -0.023618 0.000000 0.999721
vn -0.023618 0.000000 0.999721
vn 0.017131 0.688363 -0.725164
vn 0.015950 0.737503 -0.675155
vn 0.017131 0.688363 -0.725164
vn 0.017131 0.688363 -0.725164
vn 0.015950 0.737503 -0.675155
vn 0.015950 0.737503 -0.675155
vn 0.017131 0.688363 -0.725164
vn 0.015950 0.737503 -0.675155
vn 0.015950 0.737503 -0.675155
vn 0.017131 0.688363 -0.725164
vn 0.017131 0.688363 -0.725164
vn 0.015950 0.737503 -0.675155
vn 0.017131 0.688363 -0.725164
vn 0.015950 0.737503 -0.675155
vn 0.015950 0.737503 -0.675155
vn 0.017131 0.688363 -0.725164
vn 0.017131 0.688363 -0.725164
vn 0.015950 0.737503 -0.675155
vn 0.015950 0.737503 -0.675155
vn 0.015950 0.737503 -0.675155
vn 0.017131 0.688363 -0.725164
vn 0.015950 0.737503 -0.675155
vn 0.017131 0.688363 -0.725164
vn 0.017131 0.688363 -0.725164
vn 0.015950 0.737503 -0.675155
vn 0.015950 0.737503 -0.675155
vn 0.014974 0.773304 -0.633859
vn 0.014974 0.773304 -0.633859
vn 0.015950 0.737503 -0.675155
vn 0.015950 0.737503 -0.675155
vn 0.015950 0.737503 -0.675155
vn 0.015950 0.737503 -0.675155
vn 0.014974 0.773304 -0.633859
vn 0.015950 0.737503 -0.675155
vn 0.014974 0.773304 -0.633859
vn 0.014974 0.773304 -0.633859
vn 0.014974 0.773304 -0.633859
vn 0.015950 0.737503 -0.675155
vn 0.015221 0.764637 -0.644282
vn 0.015221 0.764637 -0.644282
vn 0.015950 0.737503 -0.675155
vn 0.015221 0.764637 -0.644281
vn 0.015221 0.764637 -0.644282
vn 0.015221 0.764637 -0.644281
vn 0.015221 0.764637 -0.644281
vn 0.014771 0.780273 -0.625264
vn 0.015221 0.764637 -0.644282
vn 0.015221 0.764637 -0.644281
vn 0.014771 0.780273 -0.625264
vn 0.015221 0.764637 -0.644281
vn 0.014771 0.780274 -0.625264
vn 0.014771 0.780273 -0.625264
vn 0.015221 0.764637 -0.644282
vn 0.014771 0.780273 -0.625264
vn 0.014771 0.780273 -0.625264
vn 0.014974 0.773304 -0.633859
vn 0.015221 0.764637 -0.644282
vn 0.014974 0.773304 -0.633859
vn 0.014974 0.773304 -0.633859
vn 0.014771 0.780273 -0.625264
vn 0.014974 0.773304 -0.633859
vn 0.014771 0.780273 -0.625264
vn 0.014771 0.780273 -0.625264
vn 0.015950 0.737503 -0.675155
vn 0.014974 0.773304 -0.633859
vn 0.014974 0.773304 -0.633859
vn 0.014974 0.773304 -0.633859
vn 0.014974 0.773304 -0.633859
vn 0.014771 0.780273 -0.625264
vn 0.014974 0.773304 -0.633859
vn 0.014771 0.780273 -0.625264
vn 0.014771 0.780273 -0.625264
vn 0.014974 0.773304 -0.633859
vn 0.014771 0.780273 -0.625264
vn 0.014771 0.780273 -0.625264
vn 0.015950 0.737503 -0.675155
vn 0.015950 0.737503 -0.675155
vn 0.014974 0.773304 -0.633859
vn 0.014974 0.773304 -0.633859
vn 0.014771 0.780273 -0.625264
vn 0.015221 0.764637 -0.644282
vn 0.015950 0.737503 -0.675155
vn 0.014974 0.773304 -0.633859
vn 0.015221 0.764637 -0.644282
vn 0.015221 0.764637 -0.644282
vn 0.014771 0.780273 -0.625264
vn 0.014771 0.780274 -0.625264
vn 0.015221 0.764637 -0.644282
vn 0.014771 0.780274 -0.625264
vn 0.015221 0.764637 -0.644281
vn 0.015950 0.737503 -0.675155
vn 0.015221 0.764637 -0.644282
vn 0.015221 0.764637 -0.644281
vn 0.015950 0.737503 -0.675155
vn 0.015221 0.764637 -0.644281
vn 0.015221 0.764637 -0.644281
vn 0.023618 0.000000 -0.999721
vn 0.023618 0.000000 -0.999721
vn 0.023618 0.000000 -0.999721
vn 0.023618 0.000000 -0.999721
vn 0.023618 0.000000 -0.999721
vn 0.023618 0.000000 -0.999721
vn 0.023618 0.000000 -0.999721
vn 0.023618 0.000000 -0.999721
vn 0.023618 0.000000 -0.999721
vn 0.023618 0.000000 -0.999721
vn 0.023618 0.000000 -0.999721
vn 0.023618 0.000000 -0.999721
vn -0.999721 0.000000 -0.023618
vn -0.999721 0.000000 -0.023618
vn -0.999721 0.000000 -0.023618
vn -0.999721 0.000000 -0.023618
vn -0.999721 0.000000 -0.023618
vn -0.999721 0.000000 -0.023618
vn -0.999721 0.000000 -0.023618
vn -0.999721 0.000000 -0.023618
vn -0.999721 0.000000 -0.023618
vn -0.999721 0.000000 -0.023618
vn -0.999721 0.000000 -0.023618
vn -0.999721 0.000000 -0.023618
vn 0.999721 0.000000 0.023618
vn 0.999721 0.000000 0.023618
vn 0.999721 0.000000 0.023618
vn 0.999721 0.000000 0.023618
vn 0.999721 0.000000 0.023618
vn 0.999721 0.000000 0.023618
vn 0.999721 0.000000 0.023618
vn 0.999721 0.000000 0.023618
vn 0.999721 0.000000 0.023618
vn 0.999721 0.000000 0.023618
vn 0.999721 0.000000 0.023618
vn 0.999721 0.000000 0.023618
vn -0.023618 0.000000 0.999721
vn -0.023618 0.000000 0.999721
vn -0.023618 0.000000 0.999721
vn -0.023618 0.000000 0.999721
vn -0.023618 0.000000 0.999721
vn -0.023618 0.000000 0.999721
vn -0.023618 0.000000 0.999721
vn -0.023618 0.000000 0.999721
vn -0.023618 0.000000 0.999721
vn -0.023618 0.000000 0.999721
vn -0.023618 0.000000 0.999721
vn -0.023618 0.000000 0.999721
vn 0.999721 0.000000 0.023618
vn 0.999721 0.000000 0.023618
vn 0.999721 0.000000 0.023618
vn 0.999721 0.000000 0.023618
vn 0.999721 0.000000 0.023618
vn 0.999721 0.000000 0.023618
vn 0.999721 0.000000 0.023618
vn 0.999721 0.000000 0.023618
vn 0.999721 0.000000 0.023618
vn 0.999721 0.000000 0.023618
vn 0.999721 0.000000 0.023618
vn 0.999721 0.000000 0.023618
vn 0.999721 0.000000 0.023618
vn 0.999721 0.000000 0.023618
vn 0.999721 0.000000 0.023618
vn 0.999721 0.000000 0.023618
vn 0.999721 0.000000 0.023618
vn 0.999721 0.000000 0.023618
vn 0.999721 0.000000 0.023618
vn 0.999721 0.000000 0.023618
vn 0.999721 0.000000 0.023618
vn 0.999721 0.000000 0.023618
vn 0.999721 0.000000 0.023618
vn 0.999721 0.000000 0.023618
vn 0.999721 0.000000 0.023618
vn 0.999721 0.000000 0.023618
vn 0.999721 0.000000 0.023618
vn 0.999721 0.000000 0.023618
vn 0.999721 0.000000 0.023618
vn 0.999721 0.000000 0.023618
vn 0.999721 0.000000 0.023618
vn 0.999721 0.000000 0.023618
vn 0.999721 0.000000 0.023618
vn 0.999721 0.000000 0.023618
vn 0.999721 0.000000 0.023618
vn 0.999721 0.000000 0.023618
vn 0.999721 0.000000 0.023618
vn 0.999721 0.000000 0.023618
vn 0.999721 0.000000 0.023618
vn 0.999721 0.000000 0.023618
vn 0.999721 0.000000 0.023618
vn 0.999721 0.000000 0.023618
vn 0.999721 0.000000 0.023618
vn 0.999721 0.000000 0.023618
vn 0.999721 0.000000 0.023618
vn 0.999721 0.000000 0.023618
vn 0.999721 0.000000 0.023618
vn 0.999721 0.000000 0.023618
vn 0.999721 0.000000 0.023618
vn 0.999721 0.000000 0.023618
vn 0.999721 0.000000 0.023618
vn 0.999721 0.000000 0.023618
vn 0.999721 0.000000 0.023618
vn 0.999721 0.000000 0.023618
vn 0.999721 0.000000 0.023618
vn 0.999721 0.000000 0.023618
vn 0.999721 0.000000 0.023618
vn 0.999721 0.000000 0.023618
vn 0.999721 0.000000 0.023618
vn 0.999721 0.000000 0.023618
vn 0.999721 0.000000 0.023618
vn 0.999721 0.000000 0.023618
vn 0.999721 0.000000 0.023618
vn 0.999721 0.000000 0.023618
vn 0.999721 0.000000 0.023618
vn 0.999721 0.000000 0.023618
vn 0.999721 0.000000 0.023618
vn 0.999721 0.000000 0.023618
vn 0.999721 0.000000 0.023618
vn 0.999721 0.000000 0.023618
vn 0.999721 0.000000 0.023618
vn 0.999721 0.000000 0.023618
vn 0.999721 0.000000 0.023618
vn 0.999721 0.000000 0.023618
vn 0.999721 0.000000 0.023618
vn 0.999721 0.000000 0.023618
vn 0.999721 0.000000 0.023618
vn 0.999721 0.000000 0.023618
vn 0.999721 0.000000 0.023618
vn 0.999721 0.000000 0.023618
vn 0.999721 0.000000 0.023618
vn 0.999721 0.000000 0.023618
vn 0.999721 0.000000 0.023618
vn 0.999721 0.000000 0.023618
vn 0.999721 0.000000 0.023618
vn 0.999721 0.000000 0.023618
vn 0.999721 0.000000 0.023618
vn 0.999721 0.000000 0.023618
vn 0.999721 0.000000 0.023618
vn 0.999721 0.000000 0.023618
vn 0.999721 0.000000 0.023618
vn 0.999721 0.000000 0.023618
vn 0.999721 0.000000 0.023618
vn 0.999721 0.000000 0.023618
vn 0.999721 0.000000 0.023618
vn 0.999721 0.000000 0.023618
vn 0.999721 0.000000 0.023618
vn 0.999721 0.000000 0.023618
vn 0.999721 0.000000 0.023618
vn 0.999721 0.000000 0.023618
vn 0.999721 0.000000 0.023618
vn 0.999721 0.000000 0.023618
vn 0.999721 0.000000 0.023618
vn 0.999721 0.000000 0.023618
vn 0.999721 0.000000 0.023618
vn 0.999721 0.000000 0.023618
vn 0.999721 0.000000 0.023618
vn 0.999721 0.000000 0.023618
vn 0.999721 0.000000 0.023618
vn 0.999721 0.000000 0.023618
vn 0.999721 0.000000 0.023618
vn 0.999721 0.000000 0.023618
vn 0.999721 0.000000 0.023618
vn 0.999721 0.000000 0.023618
vn 0.999721 0.000000 0.023618
vn 0.999721 0.000000 0.023618
vn 0.999721 0.000000 0.023618
vn 0.999721 0.000000 0.023618
vn 0.999721 0.000000 0.023618
vn 0.999721 0.000000 0.023618
vn 0.999721 0.000000 0.023618
vn 0.999721 0.000000 0.023618
vn 0.999721 0.000000 0.023618
vn 0.999721 0.000000 0.023618
vn 0.999721 0.000000 0.023618
vn 0.999721 0.000000 0.023618
vn 0.999721 0.000000 0.023618
vn 0.999721 0.000000 0.023618
vn 0.999721 0.000000 0.023618
vn 0.999721 0.000000 0.023618
vn 0.999721 0.000000 0.023618
vn 0.999721 0.000000 0.023618
vn -0.999721 0.000000 -0.023618
vn -0.999721 0.000000 -0.023618
vn -0.999721 0.000000 -0.023618
vn -0.999721 0.000000 -0.023618
vn -0.999721 0.000000 -0.023618
vn -0.999721 0.000000 -0.023618
vn -0.999721 0.000000 -0.023618
vn -0.999721 0.000000 -0.023618
vn -0.999721 0.000000 -0.023618
vn -0.999721 0.000000 -0.023618
vn -0.999721 0.000000 -0.023618
vn -0.999721 0.000000 -0.023618
vn -0.999721 0.000000 -0.023618
vn -0.999721 0.000000 -0.023618
vn -0.999721 0.000000 -0.023618
vn -0.999721 0.000000 -0.023618
vn -0.999721 0.000000 -0.023618
vn -0.999721 0.000000 -0.023618
vn -0.999721 0.000000 -0.023618
vn -0.999721 0.000000 -0.023618
vn -0.999721 0.000000 -0.023618
vn -0.999721 0.000000 -0.023618
vn -0.999721 0.000000 -0.023618
vn -0.999721 0.000000 -0.023618
vn -0.999721 0.000000 -0.023618
vn -0.999721 0.000000 -0.023618
vn -0.999721 0.000000 -0.023618
vn -0.999721 0.000000 -0.023618
vn -0.999721 0.000000 -0.023618
vn -0.999721 0.000000 -0.023618
vn -0.999721 0.000000 -0.023618
vn -0.999721 0.000000 -0.023618
vn -0.999721 0.000000 -0.023618
vn -0.999721 0.000000 -0.023618
vn -0.999721 0.000000 -0.023618
vn -0.999721 0.000000 -0.023618
vn -0.999721 0.000000 -0.023618
vn -0.999721 0.000000 -0.023618
vn -0.999721 0.000000 -0.023618
vn -0.999721 0.000000 -0.023618
vn -0.999721 0.000000 -0.023618
vn -0.999721 0.000000 -0.023618
vn -0.999721 0.000000 -0.023618
vn -0.999721 0.000000 -0.023618
vn -0.999721 0.000000 -0.023618
vn -0.999721 0.000000 -0.023618
vn -0.999721 0.000000 -0.023618
vn -0.999721 0.000000 -0.023618
vn -0.999721 0.000000 -0.023618
vn -0.999721 0.000000 -0.023618
vn -0.999721 0.000000 -0.023618
vn -0.999721 0.000000 -0.023618
vn -0.999721 0.000000 -0.023618
vn -0.999721 0.000000 -0.023618
vn -0.999721 0.000000 -0.023618
vn -0.999721 0.000000 -0.023618
vn -0.999721 0.000000 -0.023618
vn -0.999721 0.000000 -0.023618
vn -0.999721 0.000000 -0.023618
vn -0.999721 0.000000 -0.023618
vn -0.999721 0.000000 -0.023618
vn -0.999721 0.000000 -0.023618
vn -0.999721 0.000000 -0.023618
vn -0.999721 0.000000 -0.023618
vn -0.999721 0.000000 -0.023618
vn -0.999721 0.000000 -0.023618
vn -0.999721 0.000000 -0.023618
vn -0.999721 0.000000 -0.023618
vn -0.999721 0.000000 -0.023618
vn -0.999721 0.000000 -0.023618
vn -0.999721 0.000000 -0.023618
vn -0.999721 0.000000 -0.023618
vn -0.999721 0.000000 -0.023618
vn -0.999721 0.000000 -0.023618
vn -0.999721 0.000000 -0.023618
vn -0.999721 0.000000 -0.023618
vn -0.999721 0.000000 -0.023618
vn -0.999721 0.000000 -0.023618
vn -0.999721 0.000000 -0.023618
vn -0.999721 0.000000 -0.023618
vn -0.999721 0.000000 -0.023618
vn -0.999721 0.000000 -0.023618
vn -0.999721 0.000000 -0.023618
vn -0.999721 0.000000 -0.023618
vn -0.999721 0.000000 -0.023618
vn -0.999721 0.000000 -0.023618
vn -0.999721 0.000000 -0.023618
vn -0.999721 0.000000 -0.023618
vn -0.999721 0.000000 -0.023618
vn -0.999721 0.000000 -0.023618
vn -0.999721 0.000000 -0.023618
vn -0.999721 0.000000 -0.023618
vn -0.999721 0.000000 -0.023618
vn -0.999721 0.000000 -0.023618
vn -0.999721 0.000000 -0.023618
vn -0.999721 0.000000 -0.023618
vn -0.999721 0.000000 -0.023618
vn -0.999721 0.000000 -0.023618
vn -0.999721 0.000000 -0.023618
vn -0.999721 0.000000 -0.023618
vn -0.999721 0.000000 -0.023618
vn -0.999721 0.000000 -0.023618
vn -0.999721 0.000000 -0.023618
vn -0.999721 0.000000 -0.023618
vn -0.999721 0.000000 -0.023618
vn -0.999721 0.000000 -0.023618
vn -0.999721 0.000000 -0.023618
vn -0.999721 0.000000 -0.023618
vn -0.999721 0.000000 -0.023618
vn -0.999721 0.000000 -0.023618
vn -0.999721 0.000000 -0.023618
vn -0.999721 0.000000 -0.023618
vn -0.999721 0.000000 -0.023618
vn -0.999721 0.000000 -0.023618
vn -0.999721 0.000000 -0.023618
vn -0.999721 0.000000 -0.023618
vn -0.999721 0.000000 -0.023618
vn -0.999721 0.000000 -0.023618
vn -0.999721 0.000000 -0.023618
vn -0.999721 0.000000 -0.023618
vn -0.999721 0.000000 -0.023618
vn -0.999721 0.000000 -0.023618
vn -0.999721 0.000000 -0.023618
vn -0.999721 0.000000 -0.023618
vn -0.999721 0.000000 -0.023618
vn -0.999721 0.000000 -0.023618
vn -0.999721 0.000000 -0.023618
vn -0.999721 0.000000 -0.023618
vn -0.999721 0.000000 -0.023618
vn -0.999721 0.000000 -0.023618
vn -0.999721 0.000000 -0.023618
vn -0.999721 0.000000 -0.023618
vn -0.185391 -0.772252 0.607665
vn -0.174813 -0.749679 0.638296
vn -0.185391 -0.772252 0.607665
vn -0.185391 -0.772252 0.607665
vn -0.174813 -0.749679 0.638296
vn -0.174813 -0.749679 0.638296
vn -0.174813 -0.749679 0.638296
vn -0.174813 -0.749679 0.638296
vn -0.174813 -0.749679 0.638296
vn -0.174813 -0.749679 0.638296
vn -0.174813 -0.749679 0.638296
vn -0.174813 -0.749679 0.638296
vn -0.174813 -0.749679 0.638296
vn -0.188661 -0.738624 0.647180
vn -0.174813 -0.749679 0.638296
vn -0.174813 -0.749679 0.638296
vn -0.188661 -0.738624 0.647180
vn -0.188661 -0.738624 0.647180
vn 0.144476 -0.749679 0.645839
vn 0.156489 -0.772252 0.615742
vn 0.156489 -0.772252 0.615742
vn 0.144476 -0.749679 0.645839
vn 0.156489 -0.772252 0.615742
vn 0.144476 -0.749679 0.645839
vn 0.144476 -0.749679 0.645839
vn 0.144476 -0.749679 0.645839
vn 0.144476 -0.749679 0.645839
vn 0.144476 -0.749679 0.645839
vn 0.144476 -0.749679 0.645839
vn 0.144476 -0.749679 0.645839
vn 0.157889 -0.738624 0.655367
vn 0.144476 -0.749679 0.645839
vn 0.144476 -0.749679 0.645839
vn 0.157889 -0.738624 0.655367
vn 0.144476 -0.749679 0.645839
vn 0.157889 -0.738624 0.655367
vn 0.000691 0.999572 -0.029229
vn 0.006161 0.999784 -0.019857
vn 0.006161 0.999784 -0.019857
vn 0.000691 0.999572 -0.029229
vn 0.000691 0.999572 -0.029229
vn 0.006161 0.999784 -0.019857
vn 0.000691 0.999572 -0.029229
vn 0.000000 1.000000 -0.000000
vn 0.006161 0.999784 -0.019857
vn 0.000690 0.999573 -0.029226
vn 0.000691 0.999572 -0.029229
vn 0.000691 0.999572 -0.029229
vn 0.000691 0.999572 -0.029229
vn 0.000690 0.999573 -0.029226
vn 0.000000 1.000000 -0.000000
vn 0.000690 0.999573 -0.029226
vn 0.000690 0.999573 -0.029226
vn 0.000691 0.999572 -0.029229
vn 0.000690 0.999573 -0.029226
vn 0.000000 1.000000 -0.000000
vn 0.000000 1.000000 -0.000000
vn 0.000690 0.999573 -0.029226
vn 0.000690 0.999573 -0.029226
vn 0.000690 0.999573 -0.029226
vn 0.000690 0.999573 -0.029226
vn 0.000690 0.999573 -0.029226
vn 0.000000 1.000000 -0.000000
vn 0.000690 0.999573 -0.029226
vn 0.000690 0.999573 -0.029226
vn 0.000690 0.999573 -0.029226
vn 0.000690 0.999573 -0.029226
vn 0.000000 1.000000 -0.000000
vn 0.000000 1.000000 -0.000000
vn 0.000690 0.999573 -0.029226
vn 0.000690 0.999573 -0.029226
vn 0.000690 0.999573 -0.029226
vn 0.000690 0.999573 -0.029226
vn 0.000690 0.999573 -0.029226
vn 0.000000 1.000000 -0.000000
vn 0.000690 0.999573 -0.029226
vn 0.000690 0.999573 -0.029226
vn 0.000690 0.999573 -0.029226
vn 0.000690 0.999573 -0.029226
vn -0.005216 0.999784 -0.020126
vn 0.000000 1.000000 -0.000000
vn 0.000690 0.999573 -0.029226
vn 0.000690 0.999573 -0.029226
vn 0.000691 0.999572 -0.029229
vn 0.000690 0.999573 -0.029226
vn 0.000691 0.999572 -0.029229
vn -0.005216 0.999784 -0.020126
vn 0.000690 0.999573 -0.029226
vn 0.000691 0.999572 -0.029229
vn 0.000691 0.999572 -0.029229
vn 0.000691 0.999572 -0.029229
vn -0.005216 0.999784 -0.020126
vn -0.005216 0.999784 -0.020126
vn 0.000691 0.999572 -0.029229
vn 0.000691 0.999572 -0.029229
vn -0.005216 0.999784 -0.020126
vn -0.012717 -0.999882 0.008623
vn -0.012717 -0.999882 0.008623
vn -0.012717 -0.999882 0.008623
vn -0.012717 -0.999882 0.008623
vn -0.012717 -0.999882 0.008623
vn -0.012717 -0.999882 0.008623
vn 0.000000 -1.000000 0.000000
vn -0.012717 -0.999882 0.008623
vn -0.012717 -0.999882 0.008623
vn 0.000000 -1.000000 0.000000
vn -0.012717 -0.999882 0.008623
vn 0.000000 -1.000000 0.000000
vn 0.000000 -1.000000 0.000000
vn 0.000000 -1.000000 0.000000
vn 0.000000 -1.000000 0.000000
vn 0.000000 -1.000000 0.000000
vn 0.000000 -1.000000 0.000000
vn 0.000000 -1.000000 0.000000
vn 0.000000 -1.000000 0.000000
vn 0.000000 -1.000000 0.000000
vn 0.000000 -1.000000 0.000000
vn 0.000000 -1.000000 0.000000
vn 0.000000 -1.000000 0.000000
vn 0.000000 -1.000000 0.000000
vn 0.012295 -0.999882 0.009214
vn 0.000000 -1.000000 0.000000
vn 0.000000 -1.000000 0.000000
vn 0.012295 -0.999882 0.009214
vn 0.000000 -1.000000 0.000000
vn 0.012295 -0.999882 0.009214
vn 0.012295 -0.999882 0.009214
vn 0.012295 -0.999882 0.009214
vn 0.012295 -0.999882 0.009214
vn 0.012295 -0.999882 0.009214
vn 0.012295 -0.999882 0.009214
vn 0.012295 -0.999882 0.009214
vn -0.017247 -0.683176 0.730050
vn -0.017247 -0.683176 0.730051
vn -0.017247 -0.683176 0.730051
vn -0.017247 -0.683176 0.730050
vn -0.017247 -0.683176 0.730051
vn -0.017247 -0.683176 0.730050
vn -0.017247 -0.683176 0.730051
vn -0.017247 -0.683176 0.730050
vn -0.017247 -0.683176 0.730050
vn -0.017247 -0.683176 0.730051
vn -0.017247 -0.683176 0.730050
vn -0.017247 -0.683176 0.730051
vn -0.017247 -0.683176 0.730051
vn -0.017247 -0.683176 0.730051
vn -0.017247 -0.683176 0.730051
vn -0.017247 -0.683176 0.730051
vn -0.017247 -0.683176 0.730051
vn -0.017247 -0.683176 0.730051
vn -0.017247 -0.683176 0.730051
vn -0.017247 -0.683176 0.730051
vn -0.017247 -0.683176 0.730051
vn -0.017247 -0.683176 0.730051
vn -0.017247 -0.683176 0.730051
vn -0.017247 -0.683176 0.730051
vn 0.011643 0.870037 -0.492850
vn 0.011643 0.870036 -0.492851
vn 0.011643 0.870037 -0.492850
vn 0.011643 0.870037 -0.492850
vn 0.011643 0.870036 -0.492851
vn 0.011643 0.870036 -0.492851
vn 0.011643 0.870036 -0.492851
vn 0.011643 0.870036 -0.492851
vn 0.011643 0.870036 -0.492851
vn 0.011643 0.870036 -0.492851
vn 0.011643 0.870036 -0.492851
vn 0.011643 0.870036 -0.492851
vn 0.011643 0.870036 -0.492851
vn 0.011643 0.870036 -0.492851
vn 0.011643 0.870036 -0.492851
vn 0.011643 0.870036 -0.492851
vn 0.011643 0.870036 -0.492851
vn 0.011643 0.870036 -0.492851
vn 0.011643 0.870036 -0.492851
vn 0.011643 0.870037 -0.492850
vn 0.011643 0.870036 -0.492851
vn 0.011643 0.870036 -0.492851
vn 0.011643 0.870037 -0.492850
vn 0.011643 0.870037 -0.492850
vn -0.066088 0.714425 -0.696584
vn -0.066088 0.714425 -0.696584
vn -0.066088 0.714425 -0.696584
vn -0.066088 0.714425 -0.696584
vn -0.066088 0.714425 -0.696584
vn -0.066088 0.714425 -0.696584
vn 0.098909 0.714425 -0.692686
vn 0.098909 0.714425 -0.692686
vn 0.098909 0.714425 -0.692686
vn 0.098909 0.714425 -0.692686
vn 0.098909 0.714425 -0.692686
vn 0.098909 0.714425 -0.692686
vn 0.023618 0.000000 -0.999721
vn 0.023618 0.000000 -0.999721
vn 0.023618 0.000000 -0.999721
vn 0.023618 0.000000 -0.999721
vn 0.023618 0.000000 -0.999721
vn 0.023618 0.000000 -0.999721
vn 0.023618 0.000000 -0.999721
vn 0.023618 0.000000 -0.999721
vn 0.023618 0.000000 -0.999721
vn 0.023618 0.000000 -0.999721
vn 0.023618 0.000000 -0.999721
vn 0.023618 0.000000 -0.999721
vn 0.023618 0.000000 -0.999721
vn 0.023618 0.000000 -0.999721
vn 0.023618 0.000000 -0.999721
vn 0.023618 0.000000 -0.999721
vn 0.023618 0.000000 -0.999721
vn 0.023618 0.000000 -0.999721
vn 0.023618 0.000000 -0.999721
vn 0.023618 0.000000 -0.999721
vn 0.023618 0.000000 -0.999721
vn 0.023618 0.000000 -0.999721
vn 0.023618 0.000000 -0.999721
vn 0.023618 0.000000 -0.999721
vn 0.023618 0.000000 -0.999721
vn 0.023618 0.000000 -0.999721
vn 0.023618 0.000000 -0.999721
vn 0.023618 0.000000 -0.999721
vn 0.023618 0.000000 -0.999721
vn 0.023618 0.000000 -0.999721
vn 0.023618 0.000000 -0.999721
vn 0.023618 0.000000 -0.999721
vn 0.023618 0.000000 -0.999721
vn 0.023618 0.000000 -0.999721
vn 0.023618 0.000000 -0.999721
vn 0.023618 0.000000 -0.999721
vn 0.023618 0.000000 -0.999721
vn 0.023618 0.000000 -0.999721
vn 0.023618 0.000000 -0.999721
vn 0.023618 0.000000 -0.999721
vn 0.023618 0.000000 -0.999721
vn 0.023618 0.000000 -0.999721
vn 0.023618 0.000000 -0.999721
vn 0.023618 0.000000 -0.999721
vn 0.023618 0.000000 -0.999721
vn 0.023618 0.000000 -0.999721
vn 0.023618 0.000000 -0.999721
vn 0.023618 0.000000 -0.999721
vn 0.023618 0.000000 -0.999721
vn 0.023618 0.000000 -0.999721
vn 0.023618 0.000000 -0.999721
vn 0.023618 0.000000 -0.999721
vn 0.023618 0.000000 -0.999721
vn 0.023618 0.000000 -0.999721
vn 0.023618 0.000000 -0.999721
vn 0.023618 0.000000 -0.999721
vn 0.023618 0.000000 -0.999721
vn 0.023618 0.000000 -0.999721
vn 0.023618 0.000000 -0.999721
vn 0.023618 0.000000 -0.999721
vn 0.023618 0.000000 -0.999721
vn 0.023618 0.000000 -0.999721
vn 0.023618 0.000000 -0.999721
vn 0.023618 0.000000 -0.999721
vn 0.023618 0.000000 -0.999721
vn 0.023618 0.000000 -0.999721
vn 0.023618 0.000000 -0.999721
vn 0.023618 0.000000 -0.999721
vn 0.023618 0.000000 -0.999721
vn 0.023618 0.000000 -0.999721
vn 0.023618 0.000000 -0.999721
vn 0.023618 0.000000 -0.999721
vn 0.023618 0.000000 -0.999721
vn 0.023618 0.000000 -0.999721
vn 0.023618 0.000000 -0.999721
vn 0.023618 0.000000 -0.999721
vn 0.023618 0.000000 -0.999721
vn 0.023618 0.000000 -0.999721
vn 0.023618 0.000000 -0.999721
vn 0.023618 0.000000 -0.999721
vn 0.023618 0.000000 -0.999721
vn 0.023618 0.000000 -0.999721
vn 0.023618 0.000000 -0.999721
vn 0.023618 0.000000 -0.999721
vn 0.023618 0.000000 -0.999721
vn 0.023618 0.000000 -0.999721
vn 0.023618 0.000000 -0.999721
vn 0.023618 0.000000 -0.999721
vn 0.023618 0.000000 -0.999721
vn 0.023618 0.000000 -0.999721
vn 0.023618 0.000000 -0.999721
vn 0.023618 0.000000 -0.999721
vn 0.023618 0.000000 -0.999721
vn 0.023618 0.000000 -0.999721
vn 0.023618 0.000000 -0.999721
vn 0.023618 0.000000 -0.999721
vn 0.023618 0.000000 -0.999721
vn 0.023618 0.000000 -0.999721
vn 0.023618 0.000000 -0.999721
vn 0.023618 0.000000 -0.999721
vn 0.023618 0.000000 -0.999721
vn 0.023618 0.000000 -0.999721
vn 0.023618 0.000000 -0.999721
vn 0.023618 0.000000 -0.999721
vn 0.023618 0.000000 -0.999721
vn 0.023618 0.000000 -0.999721
vn 0.023618 0.000000 -0.999721
vn 0.023618 0.000000 -0.999721
vn 0.023618 0.000000 -0.999721
vn 0.023618 0.000000 -0.999721
vn 0.023618 0.000000 -0.999721
vn 0.023618 0.000000 -0.999721
vn 0.023618 0.000000 -0.999721
vn 0.023618 0.000000 -0.999721
vn 0.023618 0.000000 -0.999721
vn 0.023618 0.000000 -0.999721
vn 0.023618 0.000000 -0.999721
vn 0.023618 0.000000 -0.999721
vn 0.023618 0.000000 -0.999721
vn 0.023618 0.000000 -0.999721
vn 0.023618 0.000000 -0.999721
vn 0.023618 0.000000 -0.999721
vn 0.023618 0.000000 -0.999721
vn 0.023618 0.000000 -0.999721
vn 0.023618 0.000000 -0.999721
vn 0.023618 0.000000 -0.999721
vn 0.023618 0.000000 -0.999721
vn 0.023618 0.000000 -0.999721
vn 0.023618 0.000000 -0.999721
vn 0.023618 0.000000 -0.999721
vn 0.023618 0.000000 -0.999721
vn 0.023618 0.000000 -0.999721
vn 0.023618 0.000000 -0.999721
vn 0.023618 0.000000 -0.999721
vn 0.023618 0.000000 -0.999721
vn 0.023618 0.000000 -0.999721
vn 0.023618 0.000000 -0.999721
vn 0.023618 0.000000 -0.999721
vn 0.023618 0.000000 -0.999721
vn 0.023618 0.000000 -0.999721
vn 0.023618 0.000000 -0.999721
vn 0.023618 0.000000 -0.999721
vn 0.023618 0.000000 -0.999721
vn 0.023618 0.000000 -0.999721
vn 0.023618 0.000000 -0.999721
vn 0.023618 0.000000 -0.999721
vn 0.023618 0.000000 -0.999721
vn 0.023618 0.000000 -0.999721
vn 0.023618 0.000000 -0.999721
vn 0.023618 0.000000 -0.999721
vn 0.023618 0.000000 -0.999721
vn 0.023618 0.000000 -0.999721
vn 0.023618 0.000000 -0.999721
vn 0.023618 0.000000 -0.999721
vn 0.023618 0.000000 -0.999721
vn 0.023618 0.000000 -0.999721
vn 0.023618 0.000000 -0.999721
vn 0.023618 0.000000 -0.999721
vn 0.023618 0.000000 -0.999721
vn 0.023618 0.000000 -0.999721
vn 0.023618 0.000000 -0.999721
vn 0.023618 0.000000 -0.999721
vn 0.023618 0.000000 -0.999721
vn 0.023618 0.000000 -0.999721
vn 0.023618 0.000000 -0.999721
vn 0.023618 0.000000 -0.999721
vn 0.023618 0.000000 -0.999721
vn 0.023618 0.000000 -0.999721
vn 0.999721 0.000000 0.023618
vn 0.999721 0.000000 0.023618
vn 0.999721 0.000000 0.023618
vn 0.999721 0.000000 0.023618
vn 0.999721 0.000000 0.023618
vn 0.999721 0.000000 0.023618
vn -0.999721 0.000000 -0.023618
vn -0.999721 0.000000 -0.023618
vn -0.999721 0.000000 -0.023618
vn -0.999721 0.000000 -0.023618
vn -0.999721 0.000000 -0.023618
vn -0.999721 0.000000 -0.023618
vn 0.999721 0.000000 0.023618
vn 0.999721 0.000000 0.023618
vn 0.999721 0.000000 0.023618
vn 0.999721 0.000000 0.023618
vn 0.999721 0.000000 0.023618
vn 0.999721 0.000000 0.023618
vn -0.999721 0.000000 -0.023618
vn -0.999721 0.000000 -0.023618
vn -0.999721 0.000000 -0.023618
vn -0.999721 0.000000 -0.023618
vn -0.999721 0.000000 -0.023618
vn -0.999721 0.000000 -0.023618
vn 0.999721 0.000000 0.023618
vn 0.999721 0.000000 0.023618
vn 0.999721 0.000000 0.023618
vn 0.999721 0.000000 0.023618
vn 0.999721 0.000000 0.023618
vn 0.999721 0.000000 0.023618
vn -0.999721 0.000000 -0.023618
vn -0.999721 0.000000 -0.023618
vn -0.999721 0.000000 -0.023618
vn -0.999721 0.000000 -0.023618
vn -0.999721 0.000000 -0.023618
vn -0.999721 0.000000 -0.023618
vn 0.999721 0.000000 0.023618
vn 0.999721 0.000000 0.023618
vn 0.999721 0.000000 0.023618
vn 0.999721 0.000000 0.023618
vn 0.999721 0.000000 0.023618
vn 0.999721 0.000000 0.023618
vn -0.999721 0.000000 -0.023618
vn -0.999721 0.000000 -0.023618
vn -0.999721 0.000000 -0.023618
vn -0.999721 0.000000 -0.023618
vn -0.999721 0.000000 -0.023618
vn -0.999721 0.000000 -0.023618
vn 0.999721 0.000000 0.023618
vn 0.999721 0.000000 0.023618
vn 0.999721 0.000000 0.023618
vn 0.999721 0.000000 0.023618
vn 0.999721 0.000000 0.023618
vn 0.999721 0.000000 0.023618
vn -0.999721 0.000000 -0.023618
vn -0.999721 0.000000 -0.023618
vn -0.999721 0.000000 -0.023618
vn -0.999721 0.000000 -0.023618
vn -0.999721 0.000000 -0.023618
vn -0.999721 0.000000 -0.023618
vn 0.999721 0.000000 0.023618
vn 0.999721 0.000000 0.023618
vn 0.999721 0.000000 0.023618
vn 0.999721 0.000000 0.023618
vn 0.999721 0.000000 0.023618
vn 0.999721 0.000000 0.023618
vn -0.999721 0.000000 -0.023618
vn -0.999721 0.000000 -0.023618
vn -0.999721 0.000000 -0.023618
vn -0.999721 0.000000 -0.023618
vn -0.999721 0.000000 -0.023618
vn -0.999721 0.000000 -0.023618
vn 0.999721 0.000000 0.023618
vn 0.999721 0.000000 0.023618
vn 0.999721 0.000000 0.023618
vn 0.999721 0.000000 0.023618
vn 0.999721 0.000000 0.023618
vn 0.999721 0.000000 0.023618
vn -0.999721 0.000000 -0.023618
vn -0.999721 0.000000 -0.023618
vn -0.999721 0.000000 -0.023618
vn -0.999721 0.000000 -0.023618
vn -0.999721 0.000000 -0.023618
vn -0.999721 0.000000 -0.023618
vn 0.999721 0.000000 0.023618
vn 0.999721 0.000000 0.023618
vn 0.999721 0.000000 0.023618
vn 0.999721 0.000000 0.023618
vn 0.999721 0.000000 0.023618
vn 0.999721 0.000000 0.023618
vn -0.999721 0.000000 -0.023618
vn -0.999721 0.000000 -0.023618
vn -0.999721 0.000000 -0.023618
vn -0.999721 0.000000 -0.023618
vn -0.999721 0.000000 -0.023618
vn -0.999721 0.000000 -0.023618
vn -0.023618 0.000000 0.999721
vn -0.023618 0.000000 0.999721
vn -0.023618 0.000000 0.999721
vn -0.023618 0.000000 0.999721
vn -0.023618 0.000000 0.999721
vn -0.023618 0.000000 0.999721
vn 0.000000 -1.000000 0.000000
vn 0.000000 -1.000000 0.000000
vn 0.000000 -1.000000 0.000000
vn 0.000000 -1.000000 0.000000
vn 0.000000 -1.000000 0.000000
vn 0.000000 -1.000000 0.000000
vn 0.000000 -1.000000 0.000000
vn 0.000000 -1.000000 0.000000
vn 0.000000 -1.000000 0.000000
vn 0.000000 -1.000000 0.000000
vn 0.000000 -1.000000 0.000000
vn 0.000000 -1.000000 0.000000
vn 0.000000 -1.000000 0.000000
vn 0.000000 -1.000000 0.000000
vn 0.000000 -1.000000 0.000000
vn 0.000000 -1.000000 0.000000
vn 0.000000 -1.000000 0.000000
vn 0.000000 -1.000000 0.000000
vn 0.000000 -1.000000 0.000000
vn 0.000000 -1.000000 0.000000
vn 0.000000 -1.000000 0.000000
vn 0.000000 -1.000000 0.000000
vn 0.000000 -1.000000 0.000000
vn 0.000000 -1.000000 0.000000
vn 0.023618 0.000000 -0.999721
vn 0.023618 0.000000 -0.999721
vn 0.023618 0.000000 -0.999721
vn 0.023618 0.000000 -0.999721
vn 0.023618 0.000000 -0.999721
vn 0.023618 0.000000 -0.999721
vn 0.023618 0.000000 -0.999721
vn 0.023618 0.000000 -0.999721
vn 0.023618 0.000000 -0.999721
vn 0.023618 0.000000 -0.999721
vn 0.023618 0.000000 -0.999721
vn 0.023618 0.000000 -0.999721
vn 0.023618 0.000000 -0.999721
vn 0.023618 0.000000 -0.999721
vn 0.023618 0.000000 -0.999721
vn 0.023618 0.000000 -0.999721
vn 0.023618 0.000000 -0.999721
vn 0.023618 0.000000 -0.999721
vn 0.023618 0.000000 -0.999721
vn 0.023618 0.000000 -0.999721
vn 0.023618 0.000000 -0.999721
vn 0.023618 0.000000 -0.999721
vn 0.023618 0.000000 -0.999721
vn 0.023618 0.000000 -0.999721
vn 0.000000 1.000000 -0.000000
vn 0.000000 1.000000 -0.000000
vn 0.000000 1.000000 -0.000000
vn 0.000000 1.000000 -0.000000
vn 0.000000 1.000000 -0.000000
vn 0.000000 1.000000 -0.000000
vn 0.000000 1.000000 -0.000000
vn 0.000000 1.000000 -0.000000
vn 0.000000 1.000000 -0.000000
vn 0.000000 1.000000 -0.000000
vn 0.000000 1.000000 -0.000000
vn 0.000000 1.000000 -0.000000
vn 0.000000 1.000000 -0.000000
vn 0.000000 1.000000 -0.000000
vn 0.000000 1.000000 -0.000000
vn 0.000000 1.000000 -0.000000
vn 0.000000 1.000000 -0.000000
vn 0.000000 1.000000 -0.000000
vn 0.000000 1.000000 -0.000000
vn 0.000000 1.000000 -0.000000
vn 0.000000 1.000000 -0.000000
vn 0.000000 1.000000 -0.000000
vn 0.000000 1.000000 -0.000000
vn 0.000000 1.000000 -0.000000
vn -0.023618 0.000000 0.999721
vn -0.023618 0.000000 0.999721
vn -0.023618 0.000000 0.999721
vn -0.023618 0.000000 0.999721
vn -0.023618 0.000000 0.999721
vn -0.023618 0.000000 0.999721
vn -0.023618 0.000000 0.999721
vn -0.023618 0.000000 0.999721
vn -0.023618 0.000000 0.999721
vn -0.023618 0.000000 0.999721
vn -0.023618 0.000000 0.999721
vn -0.023618 0.000000 0.999721
vn 0.000000 -1.000000 0.000000
vn 0.000000 -1.000000 0.000000
vn 0.000000 -1.000000 0.000000
vn 0.000000 -1.000000 0.000000
vn 0.000000 -1.000000 0.000000
vn 0.000000 -1.000000 0.000000
vn 0.000000 -1.000000 0.000000
vn 0.000000 -1.000000 0.000000
vn 0.000000 -1.000000 0.000000
vn 0.000000 -1.000000 0.000000
vn 0.000000 -1.000000 0.000000
vn 0.000000 -1.000000 0.000000
vn 0.000000 -1.000000 0.000000
vn 0.000000 -1.000000 0.000000
vn 0.000000 -1.000000 0.000000
vn 0.000000 -1.000000 0.000000
vn 0.000000 -1.000000 0.000000
vn 0.000000 -1.000000 0.000000
vn 0.000000 -1.000000 0.000000
vn 0.000000 -1.000000 0.000000
vn 0.000000 -1.000000 0.000000
vn 0.000000 -1.000000 0.000000
vn 0.000000 -1.000000 0.000000
vn 0.000000 -1.000000 0.000000
vn 0.023618 0.000000 -0.999721
vn 0.023618 0.000000 -0.999721
vn 0.023618 0.000000 -0.999721
vn 0.023618 0.000000 -0.999721
vn 0.023618 0.000000 -0.999721
vn 0.023618 0.000000 -0.999721
vn 0.023618 0.000000 -0.999721
vn 0.023618 0.000000 -0.999721
vn 0.023618 0.000000 -0.999721
vn 0.023618 0.000000 -0.999721
vn 0.023618 0.000000 -0.999721
vn 0.023618 0.000000 -0.999721
vn 0.023618 0.000000 -0.999721
vn 0.023618 0.000000 -0.999721
vn 0.023618 0.000000 -0.999721
vn 0.023618 0.000000 -0.999721
vn 0.023618 0.000000 -0.999721
vn 0.023618 0.000000 -0.999721
vn 0.023618 0.000000 -0.999721
vn 0.023618 0.000000 -0.999721
vn 0.023618 0.000000 -0.999721
vn 0.023618 0.000000 -0.999721
vn 0.023618 0.000000 -0.999721
vn 0.023618 0.000000 -0.999721
vn 0.000000 1.000000 -0.000000
vn 0.000000 1.000000 -0.000000
vn 0.000000 1.000000 -0.000000
vn 0.000000 1.000000 -0.000000
vn 0.000000 1.000000 -0.000000
vn 0.000000 1.000000 -0.000000
vn 0.000000 1.000000 -0.000000
vn 0.000000 1.000000 -0.000000
vn 0.000000 1.000000 -0.000000
vn 0.000000 1.000000 -0.000000
vn 0.000000 1.000000 -0.000000
vn 0.000000 1.000000 -0.000000
vn 0.000000 1.000000 -0.000000
vn 0.000000 1.000000 -0.000000
vn 0.000000 1.000000 -0.000000
vn 0.000000 1.000000 -0.000000
vn 0.000000 1.000000 -0.000000
vn 0.000000 1.000000 -0.000000
vn 0.000000 1.000000 -0.000000
vn 0.000000 1.000000 -0.000000
vn 0.000000 1.000000 -0.000000
vn 0.000000 1.000000 -0.000000
vn 0.000000 1.000000 -0.000000
vn 0.000000 1.000000 -0.000000
vn -0.023618 0.000000 0.999721
vn -0.023618 0.000000 0.999721
vn -0.023618 0.000000 0.999721
vn -0.023618 0.000000 0.999721
vn -0.023618 0.000000 0.999721
vn -0.023618 0.000000 0.999721
vn -0.023618 0.000000 0.999721
vn -0.023618 0.000000 0.999721
vn -0.023618 0.000000 0.999721
vn -0.023618 0.000000 0.999721
vn -0.023618 0.000000 0.999721
vn -0.023618 0.000000 0.999721
vn 0.000000 -1.000000 0.000000
vn 0.000000 -1.000000 0.000000
vn 0.000000 -1.000000 0.000000
vn 0.000000 -1.000000 0.000000
vn 0.000000 -1.000000 0.000000
vn 0.000000 -1.000000 0.000000
vn 0.000000 -1.000000 0.000000
vn 0.000000 -1.000000 0.000000
vn 0.000000 -1.000000 0.000000
vn 0.000000 -1.000000 0.000000
vn 0.000000 -1.000000 0.000000
vn 0.000000 -1.000000 0.000000
vn 0.000000 -1.000000 0.000000
vn 0.000000 -1.000000 0.000000
vn 0.000000 -1.000000 0.000000
vn 0.000000 -1.000000 0.000000
vn 0.000000 -1.000000 0.000000
vn 0.000000 -1.000000 0.000000
vn 0.000000 -1.000000 0.000000
vn 0.000000 -1.000000 0.000000
vn 0.000000 -1.000000 0.000000
vn 0.000000 -1.000000 0.000000
vn 0.000000 -1.000000 0.000000
vn 0.000000 -1.000000 0.000000
vn 0.023618 0.000000 -0.999721
vn 0.023618 0.000000 -0.999721
vn 0.023618 0.000000 -0.999721
vn 0.023618 0.000000 -0.999721
vn 0.023618 0.000000 -0.999721
vn 0.023618 0.000000 -0.999721
vn 0.023618 0.000000 -0.999721
vn 0.023618 0.000000 -0.999721
vn 0.023618 0.000000 -0.999721
vn 0.023618 0.000000 -0.999721
vn 0.023618 0.000000 -0.999721
vn 0.023618 0.000000 -0.999721
vn 0.023618 0.000000 -0.999721
vn 0.023618 0.000000 -0.999721
vn 0.023618 0.000000 -0.999721
vn 0.023618 0.000000 -0.999721
vn 0.023618 0.000000 -0.999721
vn 0.023618 0.000000 -0.999721
vn 0.023618 0.000000 -0.999721
vn 0.023618 0.000000 -0.999721
vn 0.023618 0.000000 -0.999721
vn 0.023618 0.000000 -0.999721
vn 0.023618 0.000000 -0.999721
vn 0.023618 0.000000 -0.999721
vn 0.000000 1.000000 -0.000000
vn 0.000000 1.000000 -0.000000
vn 0.000000 1.000000 -0.000000
vn 0.000000 1.000000 -0.000000
vn 0.000000 1.000000 -0.000000
vn 0.000000 1.000000 -0.000000
vn 0.000000 1.000000 -0.000000
vn 0.000000 1.000000 -0.000000
vn 0.000000 1.000000 -0.000000
vn 0.000000 1.000000 -0.000000
vn 0.000000 1.000000 -0.000000
vn 0.000000 1.000000 -0.000000
vn 0.000000 1.000000 -0.000000
vn 0.000000 1.000000 -0.000000
vn 0.000000 1.000000 -0.000000
vn 0.000000 1.000000 -0.000000
vn 0.000000 1.000000 -0.000000
vn 0.000000 1.000000 -0.000000
vn 0.000000 1.000000 -0.000000
vn 0.000000 1.000000 -0.000000
vn 0.000000 1.000000 -0.000000
vn 0.000000 1.000000 -0.000000
vn 0.000000 1.000000 -0.000000
vn 0.000000 1.000000 -0.000000
vn -0.023618 0.000000 0.999721
vn -0.023618 0.000000 0.999721
vn -0.023618 0.000000 0.999721
vn -0.023618 0.000000 0.999721
vn -0.023618 0.000000 0.999721
vn -0.023618 0.000000 0.999721
vn -0.023618 0.000000 0.999721
vn -0.023618 0.000000 0.999721
vn -0.023618 0.000000 0.999721
vn -0.023618 0.000000 0.999721
vn -0.023618 0.000000 0.999721
vn -0.023618 0.000000 0.999721
vn 0.000000 -1.000000 0.000000
vn 0.000000 -1.000000 0.000000
vn 0.000000 -1.000000 0.000000
vn 0.000000 -1.000000 0.000000
vn 0.000000 -1.000000 0.000000
vn 0.000000 -1.000000 0.000000
vn 0.000000 -1.000000 0.000000
vn 0.000000 -1.000000 0.000000
vn 0.000000 -1.000000 0.000000
vn 0.000000 -1.000000 0.000000
vn 0.000000 -1.000000 0.000000
vn 0.000000 -1.000000 0.000000
vn 0.000000 -1.000000 0.000000
vn 0.000000 -1.000000 0.000000
vn 0.000000 -1.000000 0.000000
vn 0.000000 -1.000000 0.000000
vn 0.000000 -1.000000 0.000000
vn 0.000000 -1.000000 0.000000
vn 0.000000 -1.000000 0.000000
vn 0.000000 -1.000000 0.000000
vn 0.000000 -1.000000 0.000000
vn 0.000000 -1.000000 0.000000
vn 0.000000 -1.000000 0.000000
vn 0.000000 -1.000000 0.000000
vn 0.023618 0.000000 -0.999721
vn 0.023618 0.000000 -0.999721
vn 0.023618 0.000000 -0.999721
vn 0.023618 0.000000 -0.999721
vn 0.023618 0.000000 -0.999721
vn 0.023618 0.000000 -0.999721
vn 0.023618 0.000000 -0.999721
vn 0.023618 0.000000 -0.999721
vn 0.023618 0.000000 -0.999721
vn 0.023618 0.000000 -0.999721
vn 0.023618 0.000000 -0.999721
vn 0.023618 0.000000 -0.999721
vn 0.023618 0.000000 -0.999721
vn 0.023618 0.000000 -0.999721
vn 0.023618 0.000000 -0.999721
vn 0.023618 0.000000 -0.999721
vn 0.023618 0.000000 -0.999721
vn 0.023618 0.000000 -0.999721
vn 0.023618 0.000000 -0.999721
vn 0.023618 0.000000 -0.999721
vn 0.023618 0.000000 -0.999721
vn 0.023618 0.000000 -0.999721
vn 0.023618 0.000000 -0.999721
vn 0.023618 0.000000 -0.999721
vn 0.000000 1.000000 -0.000000
vn 0.000000 1.000000 -0.000000
vn 0.000000 1.000000 -0.000000
vn 0.000000 1.000000 -0.000000
vn 0.000000 1.000000 -0.000000
vn 0.000000 1.000000 -0.000000
vn 0.000000 1.000000 -0.000000
vn 0.000000 1.000000 -0.000000
vn 0.000000 1.000000 -0.000000
vn 0.000000 1.000000 -0.000000
vn 0.000000 1.000000 -0.000000
vn 0.000000 1.000000 -0.000000
vn 0.000000 1.000000 -0.000000
vn 0.000000 1.000000 -0.000000
vn 0.000000 1.000000 -0.000000
vn 0.000000 1.000000 -0.000000
vn 0.000000 1.000000 -0.000000
vn 0.000000 1.000000 -0.000000
vn 0.000000 1.000000 -0.000000
vn 0.000000 1.000000 -0.000000
vn 0.000000 1.000000 -0.000000
vn 0.000000 1.000000 -0.000000
vn 0.000000 1.000000 -0.000000
vn 0.000000 1.000000 -0.000000
vn -0.023618 0.000000 0.999721
vn -0.023618 0.000000 0.999721
vn -0.023618 0.000000 0.999721
vn -0.023618 0.000000 0.999721
vn -0.023618 0.000000 0.999721
vn -0.023618 0.000000 0.999721
vn -0.023618 0.000000 0.999721
vn -0.023618 0.000000 0.999721
vn -0.023618 0.000000 0.999721
vn -0.023618 0.000000 0.999721
vn -0.023618 0.000000 0.999721
vn -0.023618 0.000000 0.999721
vn 0.000000 -1.000000 0.000000
vn 0.000000 -1.000000 0.000000
vn 0.000000 -1.000000 0.000000
vn 0.000000 -1.000000 0.000000
vn 0.000000 -1.000000 0.000000
vn 0.000000 -1.000000 0.000000
vn 0.000000 -1.000000 0.000000
vn 0.000000 -1.000000 0.000000
vn 0.000000 -1.000000 0.000000
vn 0.000000 -1.000000 0.000000
vn 0.000000 -1.000000 0.000000
vn 0.000000 -1.000000 0.000000
vn 0.000000 -1.000000 0.000000
vn 0.000000 -1.000000 0.000000
vn 0.000000 -1.000000 0.000000
vn 0.000000 -1.000000 0.000000
vn 0.000000 -1.000000 0.000000
vn 0.000000 -1.000000 0.000000
vn 0.000000 -1.000000 0.000000
vn 0.000000 -1.000000 0.000000
vn 0.000000 -1.000000 0.000000
vn 0.000000 -1.000000 0.000000
vn 0.000000 -1.000000 0.000000
vn 0.000000 -1.000000 0.000000
vn 0.023618 0.000000 -0.999721
vn 0.023618 0.000000 -0.999721
vn 0.023618 0.000000 -0.999721
vn 0.023618 0.000000 -0.999721
vn 0.023618 0.000000 -0.999721
vn 0.023618 0.000000 -0.999721
vn 0.023618 0.000000 -0.999721
vn 0.023618 0.000000 -0.999721
vn 0.023618 0.000000 -0.999721
vn 0.023618 0.000000 -0.999721
vn 0.023618 0.000000 -0.999721
vn 0.023618 0.000000 -0.999721
vn 0.023618 0.000000 -0.999721
vn 0.023618 0.000000 -0.999721
vn 0.023618 0.000000 -0.999721
vn 0.023618 0.000000 -0.999721
vn 0.023618 0.000000 -0.999721
vn 0.023618 0.000000 -0.999721
vn 0.023618 0.000000 -0.999721
vn 0.023618 0.000000 -0.999721
vn 0.023618 0.000000 -0.999721
vn 0.023618 0.000000 -0.999721
vn 0.023618 0.000000 -0.999721
vn 0.023618 0.000000 -0.999721
vn 0.000000 1.000000 -0.000000
vn 0.000000 1.000000 -0.000000
vn 0.000000 1.000000 -0.000000
vn 0.000000 1.000000 -0.000000
vn 0.000000 1.000000 -0.000000
vn 0.000000 1.000000 -0.000000
vn 0.000000 1.000000 -0.000000
vn 0.000000 1.000000 -0.000000
vn 0.000000 1.000000 -0.000000
vn 0.000000 1.000000 -0.000000
vn 0.000000 1.000000 -0.000000
vn 0.000000 1.000000 -0.000000
vn 0.000000 1.000000 -0.000000
vn 0.000000 1.000000 -0.000000
vn 0.000000 1.000000 -0.000000
vn 0.000000 1.000000 -0.000000
vn 0.000000 1.000000 -0.000000
vn 0.000000 1.000000 -0.000000
vn 0.000000 1.000000 -0.000000
vn 0.000000 1.000000 -0.000000
vn 0.000000 1.000000 -0.000000
vn 0.000000 1.000000 -0.000000
vn 0.000000 1.000000 -0.000000
vn 0.000000 1.000000 -0.000000
vn -0.023618 0.000000 0.999721
vn -0.023618 0.000000 0.999721
vn -0.023618 0.000000 0.999721
vn -0.023618 0.000000 0.999721
vn -0.023618 0.000000 0.999721
vn -0.023618 0.000000 0.999721
vn -0.023618 0.000000 0.999721
vn -0.023618 0.000000 0.999721
vn -0.023618 0.000000 0.999721
vn -0.023618 0.000000 0.999721
vn -0.023618 0.000000 0.999721
vn -0.023618 0.000000 0.999721
vn 0.000000 -1.000000 0.000000
vn 0.000000 -1.000000 0.000000
vn 0.000000 -1.000000 0.000000
vn 0.000000 -1.000000 0.000000
vn 0.000000 -1.000000 0.000000
vn 0.000000 -1.000000 0.000000
vn 0.000000 -1.000000 0.000000
vn 0.000000 -1.000000 0.000000
vn 0.000000 -1.000000 0.000000
vn 0.000000 -1.000000 0.000000
vn 0.000000 -1.000000 0.000000
vn 0.000000 -1.000000 0.000000
vn 0.000000 -1.000000 0.000000
vn 0.000000 -1.000000 0.000000
vn 0.000000 -1.000000 0.000000
vn 0.000000 -1.000000 0.000000
vn 0.000000 -1.000000 0.000000
vn 0.000000 -1.000000 0.000000
vn 0.000000 -1.000000 0.000000
vn 0.000000 -1.000000 0.000000
vn 0.000000 -1.000000 0.000000
vn 0.000000 -1.000000 0.000000
vn 0.000000 -1.000000 0.000000
vn 0.000000 -1.000000 0.000000
vn 0.023618 0.000000 -0.999721
vn 0.023618 0.000000 -0.999721
vn 0.023618 0.000000 -0.999721
vn 0.023618 0.000000 -0.999721
vn 0.023618 0.000000 -0.999721
vn 0.023618 0.000000 -0.999721
vn 0.023618 0.000000 -0.999721
vn 0.023618 0.000000 -0.999721
vn 0.023618 0.000000 -0.999721
vn 0.023618 0.000000 -0.999721
vn 0.023618 0.000000 -0.999721
vn 0.023618 0.000000 -0.999721
vn 0.023618 0.000000 -0.999721
vn 0.023618 0.000000 -0.999721
vn 0.023618 0.000000 -0.999721
vn 0.023618 0.000000 -0.999721
vn 0.023618 0.000000 -0.999721
vn 0.023618 0.000000 -0.999721
vn 0.023618 0.000000 -0.999721
vn 0.023618 0.000000 -0.999721
vn 0.023618 0.000000 -0.999721
vn 0.023618 0.000000 -0.999721
vn 0.023618 0.000000 -0.999721
vn 0.023618 0.000000 -0.999721
vn 0.000000 1.000000 -0.000000
vn 0.000000 1.000000 -0.000000
vn 0.000000 1.000000 -0.000000
vn 0.000000 1.000000 -0.000000
vn 0.000000 1.000000 -0.000000
vn 0.000000 1.000000 -0.000000
vn 0.000000 1.000000 -0.000000
vn 0.000000 1.000000 -0.000000
vn 0.000000 1.000000 -0.000000
vn 0.000000 1.000000 -0.000000
vn 0.000000 1.000000 -0.000000
vn 0.000000 1.000000 -0.000000
vn 0.000000 1.000000 -0.000000
vn 0.000000 1.000000 -0.000000
vn 0.000000 1.000000 -0.000000
vn 0.000000 1.000000 -0.000000
vn 0.000000 1.000000 -0.000000
vn 0.000000 1.000000 -0.000000
vn 0.000000 1.000000 -0.000000
vn 0.000000 1.000000 -0.000000
vn 0.000000 1.000000 -0.000000
vn 0.000000 1.000000 -0.000000
vn 0.000000 1.000000 -0.000000
vn 0.000000 1.000000 -0.000000
vn -0.023618 0.000000 0.999721
vn -0.023618 0.000000 0.999721
vn -0.023618 0.000000 0.999721
vn -0.023618 0.000000 0.999721
vn -0.023618 0.000000 0.999721
vn -0.023618 0.000000 0.999721
vn -0.023618 0.000000 0.999721
vn -0.023618 0.000000 0.999721
vn -0.023618 0.000000 0.999721
vn -0.023618 0.000000 0.999721
vn -0.023618 0.000000 0.999721
vn -0.023618 0.000000 0.999721
vn 0.000000 -1.000000 0.000000
vn 0.000000 -1.000000 0.000000
vn 0.000000 -1.000000 0.000000
vn 0.000000 -1.000000 0.000000
vn 0.000000 -1.000000 0.000000
vn 0.000000 -1.000000 0.000000
vn 0.000000 -1.000000 0.000000
vn 0.000000 -1.000000 0.000000
vn 0.000000 -1.000000 0.000000
vn 0.000000 -1.000000 0.000000
vn 0.000000 -1.000000 0.000000
vn 0.000000 -1.000000 0.000000
vn 0.000000 -1.000000 0.000000
vn 0.000000 -1.000000 0.000000
vn 0.000000 -1.000000 0.000000
vn 0.000000 -1.000000 0.000000
vn 0.000000 -1.000000 0.000000
vn 0.000000 -1.000000 0.000000
vn 0.000000 -1.000000 0.000000
vn 0.000000 -1.000000 0.000000
vn 0.000000 -1.000000 0.000000
vn 0.000000 -1.000000 0.000000
vn 0.000000 -1.000000 0.000000
vn 0.000000 -1.000000 0.000000
vn 0.023618 0.000000 -0.999721
vn 0.023618 0.000000 -0.999721
vn 0.023618 0.000000 -0.999721
vn 0.023618 0.000000 -0.999721
vn 0.023618 0.000000 -0.999721
vn 0.023618 0.000000 -0.999721
vn 0.023618 0.000000 -0.999721
vn 0.023618 0.000000 -0.999721
vn 0.023618 0.000000 -0.999721
vn 0.023618 0.000000 -0.999721
vn 0.023618 0.000000 -0.999721
vn 0.023618 0.000000 -0.999721
vn 0.023618 0.000000 -0.999721
vn 0.023618 0.000000 -0.999721
vn 0.023618 0.000000 -0.999721
vn 0.023618 0.000000 -0.999721
vn 0.023618 0.000000 -0.999721
vn 0.023618 0.000000 -0.999721
vn 0.023618 0.000000 -0.999721
vn 0.023618 0.000000 -0.999721
vn 0.023618 0.000000 -0.999721
vn 0.023618 0.000000 -0.999721
vn 0.023618 0.000000 -0.999721
vn 0.023618 0.000000 -0.999721
vn 0.000000 1.000000 -0.000000
vn 0.000000 1.000000 -0.000000
vn 0.000000 1.000000 -0.000000
vn 0.000000 1.000000 -0.000000
vn 0.000000 1.000000 -0.000000
vn 0.000000 1.000000 -0.000000
vn 0.000000 1.000000 -0.000000
vn 0.000000 1.000000 -0.000000
vn 0.000000 1.000000 -0.000000
vn 0.000000 1.000000 -0.000000
vn 0.000000 1.000000 -0.000000
vn 0.000000 1.000000 -0.000000
vn 0.000000 1.000000 -0.000000
vn 0.000000 1.000000 -0.000000
vn 0.000000 1.000000 -0.000000
vn 0.000000 1.000000 -0.000000
vn 0.000000 1.000000 -0.000000
vn 0.000000 1.000000 -0.000000
vn 0.000000 1.000000 -0.000000
vn 0.000000 1.000000 -0.000000
vn 0.000000 1.000000 -0.000000
vn 0.000000 1.000000 -0.000000
vn 0.000000 1.000000 -0.000000
vn 0.000000 1.000000 -0.000000
vn -0.023618 0.000000 0.999721
vn -0.023618 0.000000 0.999721
vn -0.023618 0.000000 0.999721
vn -0.023618 0.000000 0.999721
vn -0.023618 0.000000 0.999721
vn -0.023618 0.000000 0.999721
vn -0.023618 0.000000 0.999721
vn -0.023618 0.000000 0.999721
vn -0.023618 0.000000 0.999721
vn -0.023618 0.000000 0.999721
vn -0.023618 0.000000 0.999721
vn -0.023618 0.000000 0.999721
vn 0.023618 0.000000 -0.999721
vn 0.023618 0.000000 -0.999721
vn 0.023618 0.000000 -0.999721
vn 0.023618 0.000000 -0.999721
vn 0.023618 0.000000 -0.999721
vn 0.023618 0.000000 -0.999721
vn 0.023618 0.000000 -0.999721
vn 0.023618 0.000000 -0.999721
vn 0.023618 0.000000 -0.999721
vn 0.023618 0.000000 -0.999721
vn 0.023618 0.000000 -0.999721
vn 0.023618 0.000000 -0.999721
vn 0.023618 0.000000 -0.999721
vn 0.023618 0.000000 -0.999721
vn 0.023618 0.000000 -0.999721
vn 0.023618 0.000000 -0.999721
vn 0.023618 0.000000 -0.999721
vn 0.023618 0.000000 -0.999721
vn 0.023618 0.000000 -0.999721
vn 0.023618 0.000000 -0.999721
vn 0.023618 0.000000 -0.999721
vn 0.023618 0.000000 -0.999721
vn 0.023618 0.000000 -0.999721
vn 0.023618 0.000000 -0.999721
vn 0.000000 1.000000 -0.000000
vn 0.000000 1.000000 -0.000000
vn 0.000000 1.000000 -0.000000
vn 0.000000 1.000000 -0.000000
vn 0.000000 1.000000 -0.000000
vn 0.000000 1.000000 -0.000000
vn 0.000000 1.000000 -0.000000
vn 0.000000 1.000000 -0.000000
vn 0.000000 1.000000 -0.000000
vn 0.000000 1.000000 -0.000000
vn 0.000000 1.000000 -0.000000
vn 0.000000 1.000000 -0.000000
vn 0.000000 1.000000 -0.000000
vn 0.000000 1.000000 -0.000000
vn 0.000000 1.000000 -0.000000
vn 0.000000 1.000000 -0.000000
vn 0.000000 1.000000 -0.000000
vn 0.000000 1.000000 -0.000000
vn 0.000000 1.000000 -0.000000
vn 0.000000 1.000000 -0.000000
vn 0.000000 1.000000 -0.000000
vn 0.000000 1.000000 -0.000000
vn 0.000000 1.000000 -0.000000
vn 0.000000 1.000000 -0.000000
vn -0.023618 0.000000 0.999721
vn -0.023618 0.000000 0.999721
vn -0.023618 0.000000 0.999721
vn -0.023618 0.000000 0.999721
vn -0.023618 0.000000 0.999721
vn -0.023618 0.000000 0.999721
s off
g bat_box group21
usemtl bat_boxSG
f 1/1/1 3/3/2 2/2/3
f 1/1/4 2/2/5 4/4/6
f 5/5/7 1/1/8 4/4/9
f 4/4/10 2/2/11 6/6/12
f 5/5/13 4/4/14 7/7/15
f 4/4/16 6/6/17 8/8/18
f 7/7/19 4/4/20 8/8/21
f 7/7/22 8/8/23 9/9/24
f 10/10/25 12/12/26 11/11/27
f 10/10/28 13/13/29 12/12/30
f 13/13/31 14/14/32 12/12/33
f 13/13/34 15/15/35 14/14/36
f 16/16/37 15/15/38 13/13/39
f 17/17/40 13/13/41 10/10/42
f 16/16/43 13/13/44 17/17/45
f 17/17/46 10/10/47 18/18/48
f 19/19/49 17/17/50 18/18/51
f 20/20/52 16/16/53 17/17/54
f 19/19/55 20/20/56 17/17/57
f 20/20/58 21/21/59 16/16/60
f 22/22/61 21/21/62 20/20/63
f 22/22/64 20/20/65 23/23/66
f 23/23/67 20/20/68 19/19/69
f 23/23/70 19/19/71 24/24/72
f 25/25/73 27/27/74 26/26/75
f 25/25/76 28/28/77 27/27/78
f 28/28/79 29/29/80 27/27/81
f 28/28/82 30/30/83 29/29/84
f 28/28/85 31/31/86 30/30/87
f 25/25/88 32/32/89 28/28/90
f 28/28/91 32/32/92 31/31/93
f 25/25/94 33/33/95 32/32/96
f 32/32/97 34/34/98 31/31/99
f 33/33/100 35/35/101 32/32/102
f 32/32/103 35/35/104 34/34/105
f 33/33/106 36/36/107 35/35/108
f 35/35/109 36/36/110 37/37/111
f 35/35/112 37/37/113 38/38/114
f 34/34/115 35/35/116 38/38/117
f 34/34/118 38/38/119 39/39/120
f 40/40/121 42/42/122 41/41/123
f 40/40/124 43/43/125 42/42/126
f 43/43/127 44/44/128 42/42/129
f 43/43/130 45/45/131 44/44/132
f 43/43/133 40/40/134 46/46/135
f 46/46/136 40/40/137 47/47/138
f 46/46/139 47/47/140 48/48/141
f 43/43/142 46/46/143 49/49/144
f 45/45/145 43/43/146 49/49/147
f 45/45/148 49/49/149 50/50/150
f 45/45/151 50/50/152 51/51/153
f 45/45/154 51/51/155 52/52/156
f 53/53/157 55/55/158 54/54/159
f 53/53/160 56/56/161 55/55/162
f 53/53/163 57/57/164 56/56/165
f 53/53/166 58/58/167 57/57/168
f 58/58/169 59/59/170 57/57/171
f 58/58/172 60/60/173 59/59/174
f 59/59/175 60/60/176 61/61/177
f 59/59/178 61/61/179 62/62/180
f 63/63/181 65/65/182 64/64/183
f 63/63/184 66/66/185 65/65/186
f 67/67/187 66/66/188 63/63/189
f 67/67/190 63/63/191 68/68/192
f 69/69/193 67/67/194 68/68/195
f 69/69/196 70/70/197 67/67/198
f 71/71/199 70/70/200 69/69/201
f 71/71/202 69/69/203 72/72/204
f 73/73/205 23/75/206 24/74/207
f 73/73/208 74/76/209 23/75/210
f 74/76/211 22/77/212 23/75/213
f 74/76/214 75/78/215 22/77/216
f 76/79/217 75/78/218 74/76/219
f 77/80/220 74/76/221 73/73/222
f 76/79/223 74/76/224 77/80/225
f 77/80/226 73/73/227 78/81/228
f 79/82/229 76/79/230 77/80/231
f 80/83/232 77/80/233 78/81/234
f 79/82/235 77/80/236 80/83/237
f 80/83/238 78/81/239 81/84/240
f 80/83/241 81/84/242 39/85/243
f 80/83/244 39/85/245 38/86/246
f 79/82/247 80/83/248 38/86/249
f 79/82/250 38/86/251 37/87/252
f 82/88/253 71/90/254 72/89/255
f 82/88/256 83/91/257 71/90/258
f 84/92/259 83/91/260 82/88/261
f 84/92/262 82/88/263 85/93/264
f 86/94/265 84/92/266 85/93/267
f 86/94/268 85/93/269 87/95/270
f 86/94/271 87/95/272 62/96/273
f 86/94/274 62/96/275 61/97/276
f 88/98/277 89/100/278 14/99/279
f 88/98/280 14/99/281 15/101/282
f 90/102/283 88/98/284 15/101/285
f 90/102/286 15/101/287 16/103/288
f 21/104/289 90/102/290 16/103/291
f 21/104/292 91/105/293 90/102/294
f 75/106/295 91/105/296 21/104/297
f 75/106/298 21/104/299 22/107/300
f 92/108/301 91/105/302 75/106/303
f 92/108/304 75/106/305 76/109/306
f 93/110/307 92/108/308 76/109/309
f 93/110/310 76/109/311 79/111/312
f 36/112/313 93/110/314 79/111/315
f 36/112/316 79/111/317 37/113/318
f 94/114/319 93/110/320 36/112/321
f 94/114/322 36/112/323 33/115/324
f 95/116/325 94/114/326 33/115/327
f 95/116/328 33/115/329 25/117/330
f 96/118/331 95/116/332 25/117/333
f 96/118/334 25/117/335 26/119/336
f 89/120/337 12/122/338 14/121/339
f 89/120/340 97/123/341 12/122/342
f 97/123/343 11/124/344 12/122/345
f 97/123/346 98/125/347 11/124/348
f 99/126/349 98/125/350 97/123/351
f 99/126/352 97/123/353 100/127/354
f 100/127/355 97/123/356 89/120/357
f 101/128/358 99/126/359 100/127/360
f 100/127/361 89/120/362 102/129/363
f 102/129/364 89/120/365 103/130/366
f 101/128/367 100/127/368 104/131/369
f 104/131/370 100/127/371 102/129/372
f 102/129/373 103/130/374 105/132/375
f 105/132/376 103/130/377 106/133/378
f 101/128/379 104/131/380 27/134/381
f 101/128/382 27/134/383 29/135/384
f 104/131/385 26/136/386 27/134/387
f 104/131/388 96/137/389 26/136/390
f 104/131/391 102/129/392 96/137/393
f 96/137/394 102/129/395 105/132/396
f 96/137/397 105/132/398 107/138/399
f 105/132/400 106/133/401 108/139/402
f 107/138/403 105/132/404 108/139/405
f 108/139/406 106/133/407 109/140/408
f 107/138/409 108/139/410 110/141/411
f 108/139/412 109/140/413 111/142/414
f 110/141/415 108/139/416 111/142/417
f 111/142/418 109/140/419 112/143/420
f 110/141/421 111/142/422 113/144/423
f 111/142/424 112/143/425 114/145/426
f 113/144/427 111/142/428 114/145/429
f 114/145/430 112/143/431 115/146/432
f 113/144/433 114/145/434 116/147/435
f 114/145/436 115/146/437 117/148/438
f 116/147/439 114/145/440 117/148/441
f 117/148/442 115/146/443 118/149/444
f 116/147/445 117/148/446 119/150/447
f 117/148/448 118/149/449 120/151/450
f 119/150/451 117/148/452 120/151/453
f 120/151/454 118/149/455 121/152/456
f 119/150/457 120/151/458 122/153/459
f 120/151/460 121/152/461 123/154/462
f 122/153/463 120/151/464 123/154/465
f 123/154/466 121/152/467 124/155/468
f 122/153/469 123/154/470 125/156/471
f 123/154/472 124/155/473 126/157/474
f 125/156/475 123/154/476 126/157/477
f 126/157/478 124/155/479 127/158/480
f 125/156/481 126/157/482 128/159/483
f 126/157/484 127/158/485 129/160/486
f 128/159/487 126/157/488 129/160/489
f 129/160/490 127/158/491 130/161/492
f 128/159/493 129/160/494 131/162/495
f 129/160/496 130/161/497 132/163/498
f 131/162/499 129/160/500 132/163/501
f 132/163/502 130/161/503 133/164/504
f 131/162/505 132/163/506 134/165/507
f 132/163/508 133/164/509 135/166/510
f 134/165/511 132/163/512 135/166/513
f 135/166/514 133/164/515 136/167/516
f 134/165/517 135/166/518 137/168/519
f 135/166/520 136/167/521 138/169/522
f 137/168/523 135/166/524 138/169/525
f 138/169/526 136/167/527 139/170/528
f 137/168/529 138/169/530 140/171/531
f 138/169/532 139/170/533 141/172/534
f 140/171/535 138/169/536 141/172/537
f 141/172/538 139/170/539 142/173/540
f 140/171/541 141/172/542 143/174/543
f 141/172/544 142/173/545 144/175/546
f 143/174/547 141/172/548 144/175/549
f 144/175/550 142/173/551 145/176/552
f 143/174/553 144/175/554 146/177/555
f 144/175/556 145/176/557 147/178/558
f 146/177/559 144/175/560 147/178/561
f 147/178/562 145/176/563 148/179/564
f 146/177/565 147/178/566 149/180/567
f 147/178/568 148/179/569 150/181/570
f 149/180/571 147/178/572 150/181/573
f 150/181/574 148/179/575 151/182/576
f 149/180/577 150/181/578 152/183/579
f 150/181/580 151/182/581 153/184/582
f 152/183/583 150/181/584 153/184/585
f 153/184/586 151/182/587 154/185/588
f 152/183/589 153/184/590 155/186/591
f 153/184/592 154/185/593 156/187/594
f 155/186/595 153/184/596 156/187/597
f 156/187/598 154/185/599 157/188/600
f 155/186/601 156/187/602 158/189/603
f 156/187/604 157/188/605 159/190/606
f 158/189/607 156/187/608 159/190/609
f 159/190/610 157/188/611 160/191/612
f 158/189/613 159/190/614 161/192/615
f 159/190/616 160/191/617 162/193/618
f 161/192/619 159/190/620 162/193/621
f 162/193/622 160/191/623 163/194/624
f 161/192/625 162/193/626 164/195/627
f 162/193/628 163/194/629 165/196/630
f 164/195/631 162/193/632 165/196/633
f 165/196/634 163/194/635 41/197/636
f 164/195/637 165/196/638 166/198/639
f 165/196/640 41/197/641 42/199/642
f 166/198/643 165/196/644 42/199/645
f 166/198/646 42/199/647 44/200/648
f 167/201/649 64/203/650 65/202/651
f 167/201/652 168/204/653 64/203/654
f 167/201/655 169/205/656 168/204/657
f 167/201/658 170/206/659 169/205/660
f 170/206/661 171/207/662 169/205/663
f 170/206/664 172/208/665 171/207/666
f 171/207/667 172/208/668 54/209/669
f 171/207/670 54/209/671 55/210/672
f 173/211/673 175/213/674 174/212/675
f 173/211/676 176/214/677 175/213/678
f 173/211/679 177/215/680 176/214/681
f 173/211/682 178/216/683 177/215/684
f 178/216/685 179/217/686 177/215/687
f 178/216/688 180/218/689 179/217/690
f 181/219/691 179/217/692 180/218/693
f 181/219/694 180/218/695 182/220/696
f 177/215/697 179/217/698 183/221/699
f 183/221/700 179/217/701 181/219/702
f 176/214/703 177/215/704 184/222/705
f 177/215/706 183/221/707 184/222/708
f 183/221/709 181/219/710 185/223/711
f 185/223/712 181/219/713 69/224/714
f 185/223/715 69/224/716 68/225/717
f 186/226/718 185/223/719 68/225/720
f 186/226/721 68/225/722 63/227/723
f 187/228/724 185/223/725 186/226/726
f 187/228/727 183/221/728 185/223/729
f 184/222/730 183/221/731 187/228/732
f 184/222/733 187/228/734 188/229/735
f 176/214/736 184/222/737 189/230/738
f 189/230/739 184/222/740 188/229/741
f 189/230/742 188/229/743 190/231/744
f 189/230/745 190/231/746 191/232/747
f 175/213/748 176/214/749 189/230/750
f 189/230/751 191/232/752 192/233/753
f 175/213/754 189/230/755 192/233/756
f 192/233/757 191/232/758 56/234/759
f 192/233/760 56/234/761 57/235/762
f 175/213/763 192/233/764 57/235/765
f 175/213/766 57/235/767 59/236/768
f 95/237/769 1/239/770 5/238/771
f 95/237/772 193/240/773 1/239/774
f 193/240/775 3/241/776 1/239/777
f 193/240/778 88/242/779 3/241/780
f 94/243/781 95/245/782 5/244/783
f 94/243/784 5/244/785 7/246/786
f 93/247/787 94/243/788 7/246/789
f 93/247/790 7/246/791 9/248/792
f 88/249/793 2/251/794 3/250/795
f 88/249/796 90/252/797 2/251/798
f 90/252/799 6/253/800 2/251/801
f 90/252/802 91/254/803 6/253/804
f 92/255/805 93/257/806 9/256/807
f 92/255/808 9/256/809 8/258/810
f 91/259/811 92/255/812 8/258/813
f 91/259/814 8/258/815 6/260/816
f 95/261/817 96/263/818 107/262/819
f 95/261/820 107/262/821 194/264/822
f 194/264/823 107/262/824 110/265/825
f 194/264/826 110/265/827 195/266/828
f 195/266/829 110/265/830 113/267/831
f 195/266/832 113/267/833 196/268/834
f 196/268/835 113/267/836 116/269/837
f 196/268/838 116/269/839 197/270/840
f 197/270/841 116/269/842 119/271/843
f 197/270/844 119/271/845 198/272/846
f 198/272/847 119/271/848 122/273/849
f 198/272/850 122/273/851 199/274/852
f 199/274/853 122/273/854 125/275/855
f 199/274/856 125/275/857 200/276/858
f 200/276/859 125/275/860 128/277/861
f 200/276/862 128/277/863 201/278/864
f 201/278/865 128/277/866 131/279/867
f 201/278/868 131/279/869 202/280/870
f 202/280/871 131/279/872 134/281/873
f 202/280/874 134/281/875 203/282/876
f 203/282/877 134/281/878 137/283/879
f 203/282/880 137/283/881 204/284/882
f 204/284/883 137/283/884 140/285/885
f 204/284/886 140/285/887 205/286/888
f 205/286/889 140/285/890 143/287/891
f 205/286/892 143/287/893 206/288/894
f 206/288/895 143/287/896 146/289/897
f 206/288/898 146/289/899 207/290/900
f 207/290/901 146/289/902 149/291/903
f 207/290/904 149/291/905 208/292/906
f 208/292/907 149/291/908 152/293/909
f 208/292/910 152/293/911 209/294/912
f 209/294/913 152/293/914 155/295/915
f 209/294/916 155/295/917 210/296/918
f 210/296/919 155/295/920 158/297/921
f 210/296/922 158/297/923 211/298/924
f 211/298/925 158/297/926 161/299/927
f 211/298/928 161/299/929 212/300/930
f 212/300/931 161/299/932 164/301/933
f 212/300/934 164/301/935 213/302/936
f 213/302/937 164/301/938 166/303/939
f 213/302/940 166/303/941 214/304/942
f 214/304/943 166/303/944 44/305/945
f 214/304/946 44/305/947 45/306/948
f 89/307/949 88/309/950 215/308/951
f 89/307/952 215/308/953 103/310/954
f 103/310/955 215/308/956 216/311/957
f 103/310/958 216/311/959 106/312/960
f 106/312/961 216/311/962 217/313/963
f 106/312/964 217/313/965 109/314/966
f 109/314/967 217/313/968 218/315/969
f 109/314/970 218/315/971 112/316/972
f 112/316/973 218/315/974 219/317/975
f 112/316/976 219/317/977 115/318/978
f 115/318/979 219/317/980 220/319/981
f 115/318/982 220/319/983 118/320/984
f 118/320/985 220/319/986 221/321/987
f 118/320/988 221/321/989 121/322/990
f 121/322/991 221/321/992 222/323/993
f 121/322/994 222/323/995 124/324/996
f 124/324/997 222/323/998 223/325/999
f 124/324/1000 223/325/1001 127/326/1002
f 127/326/1003 223/325/1004 224/327/1005
f 127/326/1006 224/327/1007 130/328/1008
f 130/328/1009 224/327/1010 225/329/1011
f 130/328/1012 225/329/1013 133/330/1014
f 133/330/1015 225/329/1016 226/331/1017
f 133/330/1018 226/331/1019 136/332/1020
f 136/332/1021 226/331/1022 227/333/1023
f 136/332/1024 227/333/1025 139/334/1026
f 139/334/1027 227/333/1028 228/335/1029
f 139/334/1030 228/335/1031 142/336/1032
f 142/336/1033 228/335/1034 229/337/1035
f 142/336/1036 229/337/1037 145/338/1038
f 145/338/1039 229/337/1040 230/339/1041
f 145/338/1042 230/339/1043 148/340/1044
f 148/340/1045 230/339/1046 231/341/1047
f 148/340/1048 231/341/1049 151/342/1050
f 151/342/1051 231/341/1052 232/343/1053
f 151/342/1054 232/343/1055 154/344/1056
f 154/344/1057 232/343/1058 233/345/1059
f 154/344/1060 233/345/1061 157/346/1062
f 157/346/1063 233/345/1064 234/347/1065
f 157/346/1066 234/347/1067 160/348/1068
f 160/348/1069 234/347/1070 235/349/1071
f 160/348/1072 235/349/1073 163/350/1074
f 163/350/1075 235/349/1076 40/351/1077
f 163/350/1078 40/351/1079 41/352/1080
f 30/353/1081 58/355/1082 53/354/1083
f 30/353/1084 31/356/1085 58/355/1086
f 31/356/1087 60/357/1088 58/355/1089
f 31/356/1090 34/358/1091 60/357/1092
f 34/358/1093 61/359/1094 60/357/1095
f 34/358/1096 39/360/1097 61/359/1098
f 18/361/1099 10/363/1100 66/362/1101
f 18/361/1102 66/362/1103 67/364/1104
f 19/365/1105 18/361/1106 67/364/1107
f 19/365/1108 67/364/1109 70/366/1110
f 24/367/1111 19/365/1112 70/366/1113
f 24/367/1114 70/366/1115 71/368/1116
f 191/369/1117 55/371/1118 56/370/1119
f 191/369/1120 236/372/1121 55/371/1122
f 236/372/1123 171/373/1124 55/371/1125
f 190/374/1126 236/372/1127 191/369/1128
f 236/372/1129 237/375/1130 171/373/1131
f 190/374/1132 237/375/1133 236/372/1134
f 237/375/1135 169/376/1136 171/373/1137
f 190/374/1138 238/377/1139 237/375/1140
f 237/375/1141 238/377/1142 169/376/1143
f 190/374/1144 188/378/1145 238/377/1146
f 238/377/1147 168/379/1148 169/376/1149
f 188/378/1150 239/380/1151 238/377/1152
f 238/377/1153 239/380/1154 168/379/1155
f 188/378/1156 187/381/1157 239/380/1158
f 239/380/1159 64/382/1160 168/379/1161
f 239/380/1162 187/381/1163 186/383/1164
f 239/380/1165 240/384/1166 64/382/1167
f 239/380/1168 186/383/1169 240/384/1170
f 240/384/1171 63/385/1172 64/382/1173
f 240/384/1174 186/383/1175 63/385/1176
f 29/386/1177 30/388/1178 53/387/1179
f 29/386/1180 53/387/1181 54/389/1182
f 101/390/1183 29/386/1184 54/389/1185
f 101/390/1186 54/389/1187 172/391/1188
f 99/392/1189 101/390/1190 172/391/1191
f 99/392/1192 172/391/1193 170/393/1194
f 98/394/1195 99/392/1196 170/393/1197
f 98/394/1198 170/393/1199 167/395/1200
f 11/396/1201 98/394/1202 167/395/1203
f 11/396/1204 167/395/1205 65/397/1206
f 10/398/1207 11/396/1208 65/397/1209
f 10/398/1210 65/397/1211 66/399/1212
f 73/400/1213 24/402/1214 71/401/1215
f 73/400/1216 71/401/1217 83/403/1218
f 78/404/1219 73/400/1220 83/403/1221
f 78/404/1222 83/403/1223 84/405/1224
f 81/406/1225 78/404/1226 84/405/1227
f 81/406/1228 84/405/1229 86/407/1230
f 39/408/1231 81/406/1232 86/407/1233
f 39/408/1234 86/407/1235 61/409/1236
f 182/410/1237 82/412/1238 72/411/1239
f 182/410/1240 180/413/1241 82/412/1242
f 180/413/1243 85/414/1244 82/412/1245
f 180/413/1246 178/415/1247 85/414/1248
f 178/415/1249 87/416/1250 85/414/1251
f 178/415/1252 173/417/1253 87/416/1254
f 173/417/1255 62/418/1256 87/416/1257
f 173/417/1258 174/419/1259 62/418/1260
f 174/420/1261 59/422/1262 62/421/1263
f 174/420/1264 175/423/1265 59/422/1266
f 181/424/1267 72/426/1268 69/425/1269
f 181/424/1270 182/427/1271 72/426/1272
f 225/428/1273 241/430/1274 226/429/1275
f 225/428/1276 242/431/1277 241/430/1278
f 224/432/1279 242/431/1280 225/428/1281
f 242/431/1282 205/433/1283 241/430/1284
f 224/432/1285 243/434/1286 242/431/1287
f 242/431/1288 204/435/1289 205/433/1290
f 243/434/1291 204/435/1292 242/431/1293
f 243/434/1294 203/436/1295 204/435/1296
f 219/437/1297 244/439/1298 220/438/1299
f 219/437/1300 245/440/1301 244/439/1302
f 218/441/1303 245/440/1304 219/437/1305
f 245/440/1306 199/442/1307 244/439/1308
f 218/441/1309 246/443/1310 245/440/1311
f 245/440/1312 198/444/1313 199/442/1314
f 246/443/1315 198/444/1316 245/440/1317
f 246/443/1318 197/445/1319 198/444/1320
f 231/446/1321 247/448/1322 232/447/1323
f 231/446/1324 248/449/1325 247/448/1326
f 230/450/1327 248/449/1328 231/446/1329
f 248/449/1330 211/451/1331 247/448/1332
f 230/450/1333 249/452/1334 248/449/1335
f 248/449/1336 210/453/1337 211/451/1338
f 249/452/1339 210/453/1340 248/449/1341
f 249/452/1342 209/454/1343 210/453/1344
f 216/455/1345 250/457/1346 217/456/1347
f 216/455/1348 251/458/1349 250/457/1350
f 215/459/1351 251/458/1352 216/455/1353
f 251/458/1354 196/460/1355 250/457/1356
f 215/459/1357 252/461/1358 251/458/1359
f 251/458/1360 195/462/1361 196/460/1362
f 252/461/1363 195/462/1364 251/458/1365
f 252/461/1366 194/463/1367 195/462/1368
f 222/464/1369 253/466/1370 223/465/1371
f 222/464/1372 254/467/1373 253/466/1374
f 221/468/1375 254/467/1376 222/464/1377
f 254/467/1378 202/469/1379 253/466/1380
f 221/468/1381 255/470/1382 254/467/1383
f 254/467/1384 201/471/1385 202/469/1386
f 255/470/1387 201/471/1388 254/467/1389
f 255/470/1390 200/472/1391 201/471/1392
f 228/473/1393 256/475/1394 229/474/1395
f 228/473/1396 257/476/1397 256/475/1398
f 227/477/1399 257/476/1400 228/473/1401
f 257/476/1402 208/478/1403 256/475/1404
f 227/477/1405 258/479/1406 257/476/1407
f 257/476/1408 207/480/1409 208/478/1410
f 258/479/1411 207/480/1412 257/476/1413
f 258/479/1414 206/481/1415 207/480/1416
f 234/482/1417 259/484/1418 235/483/1419
f 234/482/1420 260/485/1421 259/484/1422
f 233/486/1423 260/485/1424 234/482/1425
f 260/485/1426 214/487/1427 259/484/1428
f 233/486/1429 261/488/1430 260/485/1431
f 260/485/1432 213/489/1433 214/487/1434
f 261/488/1435 213/489/1436 260/485/1437
f 261/488/1438 212/490/1439 213/489/1440
f 262/491/1441 264/493/1442 263/492/1443
f 262/491/1444 265/494/1445 264/493/1446
f 266/495/1447 268/497/1448 267/496/1449
f 266/495/1450 269/498/1451 268/497/1452
f 270/499/1453 272/501/1454 271/500/1455
f 270/499/1456 273/502/1457 272/501/1458
f 274/503/1459 276/505/1460 275/504/1461
f 274/503/1462 277/506/1463 276/505/1464
f 278/507/1465 280/509/1466 279/508/1467
f 278/507/1468 281/510/1469 280/509/1470
f 282/511/1471 284/513/1472 283/512/1473
f 282/511/1474 285/514/1475 284/513/1476
f 286/515/1477 288/517/1478 287/516/1479
f 286/515/1480 289/518/1481 288/517/1482
f 290/519/1483 292/521/1484 291/520/1485
f 290/519/1486 293/522/1487 292/521/1488
f 294/523/1489 296/525/1490 295/524/1491
f 294/523/1492 297/526/1493 296/525/1494
f 298/527/1495 300/529/1496 299/528/1497
f 298/527/1498 301/530/1499 300/529/1500
f 302/531/1501 304/533/1502 303/532/1503
f 302/531/1504 305/534/1505 304/533/1506
f 306/535/1507 308/537/1508 307/536/1509
f 306/535/1510 309/538/1511 308/537/1512
f 310/539/1513 312/541/1514 311/540/1515
f 310/539/1516 313/542/1517 312/541/1518
f 314/543/1519 316/545/1520 315/544/1521
f 314/543/1522 317/546/1523 316/545/1524
f 318/547/1525 51/549/1526 319/548/1527
f 318/547/1528 52/550/1529 51/549/1530
f 47/551/1531 320/553/1532 48/552/1533
f 47/551/1534 321/554/1535 320/553/1536
f 95/555/1537 265/557/1538 262/556/1539
f 95/555/1540 194/558/1541 265/557/1542
f 194/559/1543 264/561/1544 265/560/1545
f 194/559/1546 322/562/1547 264/561/1548
f 194/559/1549 323/563/1550 322/562/1551
f 194/559/1552 252/564/1553 323/563/1554
f 252/564/1555 324/565/1556 323/563/1557
f 252/564/1558 215/566/1559 324/565/1560
f 324/565/1561 215/566/1562 266/567/1563
f 324/565/1564 266/567/1565 267/568/1566
f 322/569/1567 263/571/1568 264/570/1569
f 322/569/1570 325/572/1571 263/571/1572
f 326/573/1573 325/572/1574 322/569/1575
f 326/573/1576 322/569/1577 323/574/1578
f 327/575/1579 326/573/1580 323/574/1581
f 327/575/1582 323/574/1583 324/576/1584
f 327/575/1585 324/576/1586 267/577/1587
f 327/575/1588 267/577/1589 268/578/1590
f 325/579/1591 262/581/1592 263/580/1593
f 325/579/1594 95/582/1595 262/581/1596
f 193/583/1597 95/582/1598 325/579/1599
f 193/583/1600 325/579/1601 326/584/1602
f 88/585/1603 193/583/1604 326/584/1605
f 88/585/1606 326/584/1607 327/586/1608
f 88/585/1609 327/586/1610 268/587/1611
f 88/585/1612 268/587/1613 269/588/1614
f 215/589/1615 269/591/1616 266/590/1617
f 215/589/1618 88/592/1619 269/591/1620
f 196/593/1621 273/595/1622 270/594/1623
f 196/593/1624 197/596/1625 273/595/1626
f 197/597/1627 272/599/1628 273/598/1629
f 197/597/1630 328/600/1631 272/599/1632
f 197/597/1633 329/601/1634 328/600/1635
f 197/597/1636 246/602/1637 329/601/1638
f 246/602/1639 330/603/1640 329/601/1641
f 246/602/1642 218/604/1643 330/603/1644
f 330/603/1645 218/604/1646 274/605/1647
f 330/603/1648 274/605/1649 275/606/1650
f 328/607/1651 271/609/1652 272/608/1653
f 328/607/1654 331/610/1655 271/609/1656
f 332/611/1657 331/610/1658 328/607/1659
f 332/611/1660 328/607/1661 329/612/1662
f 333/613/1663 332/611/1664 329/612/1665
f 333/613/1666 329/612/1667 330/614/1668
f 333/613/1669 330/614/1670 275/615/1671
f 333/613/1672 275/615/1673 276/616/1674
f 331/617/1675 270/619/1676 271/618/1677
f 331/617/1678 196/620/1679 270/619/1680
f 250/621/1681 196/620/1682 331/617/1683
f 250/621/1684 331/617/1685 332/622/1686
f 217/623/1687 250/621/1688 332/622/1689
f 217/623/1690 332/622/1691 333/624/1692
f 217/623/1693 333/624/1694 276/625/1695
f 217/623/1696 276/625/1697 277/626/1698
f 218/627/1699 277/629/1700 274/628/1701
f 218/627/1702 217/630/1703 277/629/1704
f 199/631/1705 281/633/1706 278/632/1707
f 199/631/1708 200/634/1709 281/633/1710
f 200/635/1711 280/637/1712 281/636/1713
f 200/635/1714 334/638/1715 280/637/1716
f 200/635/1717 335/639/1718 334/638/1719
f 200/635/1720 255/640/1721 335/639/1722
f 255/640/1723 336/641/1724 335/639/1725
f 255/640/1726 221/642/1727 336/641/1728
f 336/641/1729 221/642/1730 282/643/1731
f 336/641/1732 282/643/1733 283/644/1734
f 334/645/1735 279/647/1736 280/646/1737
f 334/645/1738 337/648/1739 279/647/1740
f 338/649/1741 337/648/1742 334/645/1743
f 338/649/1744 334/645/1745 335/650/1746
f 339/651/1747 338/649/1748 335/650/1749
f 339/651/1750 335/650/1751 336/652/1752
f 339/651/1753 336/652/1754 283/653/1755
f 339/651/1756 283/653/1757 284/654/1758
f 337/655/1759 278/657/1760 279/656/1761
f 337/655/1762 199/658/1763 278/657/1764
f 244/659/1765 199/658/1766 337/655/1767
f 244/659/1768 337/655/1769 338/660/1770
f 220/661/1771 244/659/1772 338/660/1773
f 220/661/1774 338/660/1775 339/662/1776
f 220/661/1777 339/662/1778 284/663/1779
f 220/661/1780 284/663/1781 285/664/1782
f 221/665/1783 285/667/1784 282/666/1785
f 221/665/1786 220/668/1787 285/667/1788
f 202/669/1789 289/671/1790 286/670/1791
f 202/669/1792 203/672/1793 289/671/1794
f 203/673/1795 288/675/1796 289/674/1797
f 203/673/1798 340/676/1799 288/675/1800
f 203/673/1801 341/677/1802 340/676/1803
f 203/673/1804 243/678/1805 341/677/1806
f 243/678/1807 342/679/1808 341/677/1809
f 243/678/1810 224/680/1811 342/679/1812
f 342/679/1813 224/680/1814 290/681/1815
f 342/679/1816 290/681/1817 291/682/1818
f 340/683/1819 287/685/1820 288/684/1821
f 340/683/1822 343/686/1823 287/685/1824
f 344/687/1825 343/686/1826 340/683/1827
f 344/687/1828 340/683/1829 341/688/1830
f 345/689/1831 344/687/1832 341/688/1833
f 345/689/1834 341/688/1835 342/690/1836
f 345/689/1837 342/690/1838 291/691/1839
f 345/689/1840 291/691/1841 292/692/1842
f 343/693/1843 286/695/1844 287/694/1845
f 343/693/1846 202/696/1847 286/695/1848
f 253/697/1849 202/696/1850 343/693/1851
f 253/697/1852 343/693/1853 344/698/1854
f 223/699/1855 253/697/1856 344/698/1857
f 223/699/1858 344/698/1859 345/700/1860
f 223/699/1861 345/700/1862 292/701/1863
f 223/699/1864 292/701/1865 293/702/1866
f 224/703/1867 293/705/1868 290/704/1869
f 224/703/1870 223/706/1871 293/705/1872
f 205/707/1873 297/709/1874 294/708/1875
f 205/707/1876 206/710/1877 297/709/1878
f 206/711/1879 296/713/1880 297/712/1881
f 206/711/1882 346/714/1883 296/713/1884
f 206/711/1885 347/715/1886 346/714/1887
f 206/711/1888 258/716/1889 347/715/1890
f 258/716/1891 348/717/1892 347/715/1893
f 258/716/1894 227/718/1895 348/717/1896
f 348/717/1897 227/718/1898 298/719/1899
f 348/717/1900 298/719/1901 299/720/1902
f 346/721/1903 295/723/1904 296/722/1905
f 346/721/1906 349/724/1907 295/723/1908
f 350/725/1909 349/724/1910 346/721/1911
f 350/725/1912 346/721/1913 347/726/1914
f 351/727/1915 350/725/1916 347/726/1917
f 351/727/1918 347/726/1919 348/728/1920
f 351/727/1921 348/728/1922 299/729/1923
f 351/727/1924 299/729/1925 300/730/1926
f 349/731/1927 294/733/1928 295/732/1929
f 349/731/1930 205/734/1931 294/733/1932
f 241/735/1933 205/734/1934 349/731/1935
f 241/735/1936 349/731/1937 350/736/1938
f 226/737/1939 241/735/1940 350/736/1941
f 226/737/1942 350/736/1943 351/738/1944
f 226/737/1945 351/738/1946 300/739/1947
f 226/737/1948 300/739/1949 301/740/1950
f 227/741/1951 301/743/1952 298/742/1953
f 227/741/1954 226/744/1955 301/743/1956
f 208/745/1957 305/747/1958 302/746/1959
f 208/745/1960 209/748/1961 305/747/1962
f 209/749/1963 304/751/1964 305/750/1965
f 209/749/1966 352/752/1967 304/751/1968
f 209/749/1969 353/753/1970 352/752/1971
f 209/749/1972 249/754/1973 353/753/1974
f 249/754/1975 354/755/1976 353/753/1977
f 249/754/1978 230/756/1979 354/755/1980
f 354/755/1981 230/756/1982 306/757/1983
f 354/755/1984 306/757/1985 307/758/1986
f 352/759/1987 303/761/1988 304/760/1989
f 352/759/1990 355/762/1991 303/761/1992
f 356/763/1993 355/762/1994 352/759/1995
f 356/763/1996 352/759/1997 353/764/1998
f 357/765/1999 356/763/2000 353/764/2001
f 357/765/2002 353/764/2003 354/766/2004
f 357/765/2005 354/766/2006 307/767/2007
f 357/765/2008 307/767/2009 308/768/2010
f 355/769/2011 302/771/2012 303/770/2013
f 355/769/2014 208/772/2015 302/771/2016
f 256/773/2017 208/772/2018 355/769/2019
f 256/773/2020 355/769/2021 356/774/2022
f 229/775/2023 256/773/2024 356/774/2025
f 229/775/2026 356/774/2027 357/776/2028
f 229/775/2029 357/776/2030 308/777/2031
f 229/775/2032 308/777/2033 309/778/2034
f 230/779/2035 309/781/2036 306/780/2037
f 230/779/2038 229/782/2039 309/781/2040
f 211/783/2041 313/785/2042 310/784/2043
f 211/783/2044 212/786/2045 313/785/2046
f 212/787/2047 312/789/2048 313/788/2049
f 212/787/2050 358/790/2051 312/789/2052
f 212/787/2053 359/791/2054 358/790/2055
f 212/787/2056 261/792/2057 359/791/2058
f 261/792/2059 360/793/2060 359/791/2061
f 261/792/2062 233/794/2063 360/793/2064
f 360/793/2065 233/794/2066 314/795/2067
f 360/793/2068 314/795/2069 315/796/2070
f 358/797/2071 311/799/2072 312/798/2073
f 358/797/2074 361/800/2075 311/799/2076
f 362/801/2077 361/800/2078 358/797/2079
f 362/801/2080 358/797/2081 359/802/2082
f 363/803/2083 362/801/2084 359/802/2085
f 363/803/2086 359/802/2087 360/804/2088
f 363/803/2089 360/804/2090 315/805/2091
f 363/803/2092 315/805/2093 316/806/2094
f 361/807/2095 310/809/2096 311/808/2097
f 361/807/2098 211/810/2099 310/809/2100
f 247/811/2101 211/810/2102 361/807/2103
f 247/811/2104 361/807/2105 362/812/2106
f 232/813/2107 247/811/2108 362/812/2109
f 232/813/2110 362/812/2111 363/814/2112
f 232/813/2113 363/814/2114 316/815/2115
f 232/813/2116 316/815/2117 317/816/2118
f 233/817/2119 317/819/2120 314/818/2121
f 233/817/2122 232/820/2123 317/819/2124
f 214/821/2125 52/823/2126 318/822/2127
f 214/821/2128 45/824/2129 52/823/2130
f 50/825/2131 319/827/2132 51/826/2133
f 50/825/2134 364/828/2135 319/827/2136
f 365/829/2137 364/828/2138 50/825/2139
f 365/829/2140 50/825/2141 49/830/2142
f 366/831/2143 365/829/2144 49/830/2145
f 366/831/2146 49/830/2147 46/832/2148
f 366/831/2149 46/832/2150 48/833/2151
f 366/831/2152 48/833/2153 320/834/2154
f 364/835/2155 318/837/2156 319/836/2157
f 364/835/2158 214/838/2159 318/837/2160
f 259/839/2161 214/838/2162 364/835/2163
f 259/839/2164 364/835/2165 365/840/2166
f 235/841/2167 259/839/2168 365/840/2169
f 235/841/2170 365/840/2171 366/842/2172
f 235/841/2173 366/842/2174 320/843/2175
f 235/841/2176 320/843/2177 321/844/2178
f 40/845/2179 321/847/2180 47/846/2181
f 40/845/2182 235/848/2183 321/847/2184
