# This file uses centimeters as units for non-parametric coordinates.

mtllib chain_fence.mtl
g default
v 114.343079 195.964251 745.491632
v 114.985521 195.964029 746.134077
v 115.904179 195.964273 745.429132
v 115.449947 195.964544 744.642300
v 116.974010 195.964425 744.985984
v 116.738875 195.964728 744.108387
v 118.122129 195.964478 744.834835
v 118.122129 195.964791 743.926280
v 119.270214 195.964425 744.985984
v 119.505383 195.964728 744.108388
v 120.340079 195.964273 745.429132
v 120.794345 195.964544 744.642300
v 121.258805 195.964029 746.134077
v 121.901247 195.964251 745.491631
v 121.979127 195.963715 747.043874
v 122.750520 195.963869 746.598503
v 122.424083 195.963344 748.118022
v 123.284467 195.963424 747.887481
v 123.400132 195.963121 748.765996
v 122.520448 195.963092 748.850117
v 127.474936 195.963424 747.887481
v 127.474936 195.963121 748.765996
v 128.053191 195.963424 747.887481
v 128.053191 195.963121 748.765996
v 128.513642 196.055015 747.887513
v 128.513642 196.054711 748.766027
v 128.903993 196.315838 747.887603
v 128.903993 196.315535 748.766117
v 129.164817 196.706189 747.887737
v 129.164817 196.705886 748.766252
v 129.256424 197.166640 747.887896
v 129.256424 197.166337 748.766411
v 129.256424 203.667634 747.890140
v 129.256424 203.667331 748.768655
v 129.164817 204.128084 747.890299
v 129.164817 204.127781 748.768814
v 128.903993 204.518419 747.890434
v 128.903993 204.518116 748.768948
v 128.513642 204.779225 747.890524
v 128.513642 204.778922 748.769038
v 128.053191 204.870833 747.890555
v 128.053191 204.870529 748.769070
v 127.474936 204.870833 747.890555
v 127.474936 204.870529 748.769070
v 123.284467 204.870833 747.890555
v 123.400132 204.870529 748.769070
v 122.520448 204.870500 748.853192
v 122.424083 204.870753 748.121096
v 121.979127 204.871124 747.046948
v 122.750520 204.871278 746.601577
v 121.271411 204.871442 746.124555
v 121.901247 204.871660 745.494706
v 120.348981 204.871687 745.416779
v 120.794345 204.871953 744.645375
v 119.274835 204.871840 744.971852
v 119.505383 204.872137 744.111462
v 118.122129 204.871892 744.820095
v 118.122129 204.872200 743.929354
v 116.969423 204.871840 744.971852
v 116.738875 204.872137 744.111461
v 115.895310 204.871687 745.416779
v 115.449947 204.871953 744.645375
v 114.972881 204.871442 746.124556
v 114.343079 204.871660 745.494707
v 114.265097 204.871124 747.046948
v 113.493704 204.871278 746.601577
v 113.820175 204.870753 748.121096
v 112.959791 204.870833 747.890556
v 113.668424 204.870355 749.273800
v 112.777731 204.870355 749.273800
v 112.959791 204.869878 750.657045
v 113.820175 204.869957 750.426504
v 113.493704 204.869433 751.946023
v 114.265097 204.869587 751.500653
v 114.343079 204.869051 753.052894
v 114.972881 204.869268 752.423045
v 115.449947 204.868758 753.902227
v 115.895310 204.869024 753.130822
v 116.738875 204.868574 754.436140
v 116.969423 204.868870 753.575749
v 118.122129 204.868511 754.618247
v 118.122129 204.868818 753.727506
v 119.505383 204.868574 754.436140
v 119.274835 204.868870 753.575749
v 120.794345 204.868758 753.902227
v 120.348981 204.869024 753.130822
v 121.901247 204.869051 753.052895
v 121.271411 204.869268 752.423045
v 122.750520 204.869433 751.946024
v 121.979127 204.869587 751.500653
v 123.284467 204.869878 750.657045
v 122.424083 204.869957 750.426505
v 122.520448 204.870210 749.694409
v 123.400132 204.870181 749.778531
v 122.575833 204.870355 749.273800
v 127.474936 204.870181 749.778531
v 123.466595 204.870355 749.273800
v 127.474936 204.869878 750.657045
v 128.053191 204.870181 749.778531
v 128.053191 204.869878 750.657045
v 128.513642 204.778574 749.778499
v 128.513642 204.778270 750.657014
v 128.903993 204.517767 749.778409
v 128.903993 204.517464 750.656924
v 129.164817 204.127433 749.778274
v 129.164817 204.127129 750.656789
v 129.256424 203.666982 749.778116
v 129.256424 203.666679 750.656630
v 129.256424 197.165988 749.775872
v 129.256424 197.165685 750.654386
v 129.164817 196.705538 749.775713
v 129.164817 196.705235 750.654227
v 128.903993 196.315186 749.775578
v 128.903993 196.314883 750.654093
v 128.513642 196.054363 749.775488
v 128.513642 196.054060 750.654003
v 128.053191 195.962772 749.775456
v 128.053191 195.962469 750.653971
v 127.474936 195.962772 749.775456
v 127.474936 195.962469 750.653971
v 123.400132 195.962772 749.775457
v 123.284467 195.962469 750.653971
v 122.424083 195.962549 750.423430
v 122.750520 195.962024 751.942949
v 122.520448 195.962801 749.691335
v 121.979127 195.962178 751.497578
v 121.901247 195.961642 753.049820
v 121.258805 195.961864 752.407375
v 120.794345 195.961349 753.899153
v 120.340079 195.961621 753.112320
v 119.505383 195.961165 754.433065
v 119.270214 195.961468 753.555468
v 118.122129 195.961102 754.615173
v 118.122129 195.961416 753.706617
v 116.738875 195.961165 754.433066
v 116.974010 195.961468 753.555468
v 115.449947 195.961349 753.899153
v 115.904179 195.961621 753.112320
v 114.343079 195.961642 753.049820
v 114.985521 195.961864 752.407375
v 123.284467 203.113384 747.889949
v 122.750520 203.113829 746.600971
v 123.284467 197.720838 747.888087
v 121.901247 203.114211 745.494099
v 122.750520 197.721283 746.599109
v 121.901247 197.721665 745.492238
v 120.794345 203.114504 744.644768
v 120.794345 197.721958 744.642907
v 119.505383 203.114689 744.110855
v 119.505383 197.722143 744.108994
v 118.122129 203.114752 743.928748
v 118.122129 197.722206 743.926887
v 116.738875 203.114689 744.110855
v 116.738875 197.722143 744.108994
v 115.449947 203.114504 744.644768
v 115.449947 197.721958 744.642907
v 114.343079 203.114211 745.494100
v 114.343079 197.721665 745.492239
v 113.493704 195.963869 746.598503
v 113.493704 197.721283 746.599110
v 112.959791 195.963424 747.887481
v 113.493704 203.113846 746.600971
v 112.959791 197.720838 747.888088
v 112.777731 195.962947 749.270726
v 112.959791 203.113401 747.889949
v 112.777731 197.720361 749.271333
v 112.777731 203.112924 749.273194
v 112.959791 203.112447 750.656438
v 112.959791 197.719884 750.654577
v 112.959791 195.962469 750.653971
v 113.493704 203.112002 751.945417
v 113.493704 197.719439 751.943556
v 113.493704 195.962024 751.942949
v 114.343079 203.111603 753.052288
v 114.343079 197.719057 753.050427
v 115.449947 197.718763 753.899759
v 115.449947 203.111309 753.901621
v 116.738875 197.718579 754.433672
v 116.738875 203.111125 754.435534
v 118.122129 197.718516 754.615780
v 118.122129 203.111062 754.617641
v 119.505383 197.718579 754.433672
v 119.505383 203.111125 754.435533
v 120.794345 197.718763 753.899759
v 120.794345 203.111309 753.901621
v 121.901247 197.719057 753.050427
v 121.901247 203.111603 753.052288
v 122.750520 197.719439 751.943556
v 123.284467 197.719884 750.654578
v 122.750520 203.111985 751.945417
v 123.284467 203.112430 750.656439
v 114.265097 195.963715 747.043874
v 114.972881 195.964034 746.121481
v 113.820175 195.963344 748.118022
v 113.668424 195.962947 749.270726
v 113.820175 195.962549 750.423430
v 114.265097 195.962178 751.497578
v 114.972881 195.961860 752.419971
v 127.474936 203.113384 747.889949
v 127.474936 197.720838 747.888087
v 123.400132 203.113081 748.768463
v 123.466595 203.112907 749.273194
v 123.400132 197.720535 748.766602
v 123.400132 203.112733 749.777924
v 123.400132 197.720187 749.776063
v 123.466595 197.720361 749.271333
v 123.466595 195.962947 749.270726
v 127.474936 203.112430 750.656439
v 127.474936 197.719884 750.654578
v 745.419689 195.964251 745.491632
v 743.858588 195.964273 745.429132
v 744.777246 195.964029 746.134077
v 744.312820 195.964544 744.642300
v 742.788757 195.964425 744.985984
v 743.023892 195.964728 744.108387
v 741.640638 195.964478 744.834835
v 741.640638 195.964791 743.926280
v 740.492554 195.964425 744.985984
v 740.257384 195.964728 744.108388
v 739.422689 195.964273 745.429132
v 738.968422 195.964544 744.642300
v 738.503963 195.964029 746.134077
v 737.861520 195.964251 745.491631
v 737.783640 195.963715 747.043874
v 737.012247 195.963869 746.598503
v 737.338684 195.963344 748.118022
v 736.478300 195.963424 747.887481
v 736.362636 195.963121 748.765996
v 737.242320 195.963092 748.850117
v 732.287832 195.963424 747.887481
v 732.287832 195.963121 748.765996
v 731.709576 195.963424 747.887481
v 731.709576 195.963121 748.765996
v 731.249125 196.055015 747.887513
v 731.249125 196.054711 748.766027
v 730.858774 196.315838 747.887603
v 730.858774 196.315535 748.766117
v 730.597950 196.706189 747.887737
v 730.597950 196.705886 748.766252
v 730.506343 197.166640 747.887896
v 730.506343 197.166337 748.766411
v 730.506343 203.667634 747.890140
v 730.506343 203.667331 748.768655
v 730.597950 204.128084 747.890299
v 730.597950 204.127781 748.768814
v 730.858774 204.518419 747.890434
v 730.858774 204.518116 748.768948
v 731.249125 204.779225 747.890524
v 731.249125 204.778922 748.769038
v 731.709576 204.870833 747.890555
v 731.709576 204.870529 748.769070
v 732.287832 204.870833 747.890555
v 732.287832 204.870529 748.769070
v 736.478300 204.870833 747.890555
v 736.362636 204.870529 748.769070
v 737.242320 204.870500 748.853192
v 737.338684 204.870753 748.121096
v 737.783640 204.871124 747.046948
v 737.012247 204.871278 746.601577
v 738.491356 204.871442 746.124555
v 737.861520 204.871660 745.494706
v 739.413786 204.871687 745.416779
v 738.968422 204.871953 744.645375
v 740.487932 204.871840 744.971852
v 740.257384 204.872137 744.111462
v 741.640638 204.871892 744.820095
v 741.640638 204.872200 743.929354
v 742.793344 204.871840 744.971852
v 743.023892 204.872137 744.111461
v 743.867457 204.871687 745.416779
v 744.312820 204.871953 744.645375
v 744.789887 204.871442 746.124556
v 745.419689 204.871660 745.494707
v 745.497671 204.871124 747.046948
v 746.269063 204.871278 746.601577
v 745.942592 204.870753 748.121096
v 746.802976 204.870833 747.890556
v 746.094343 204.870355 749.273800
v 746.985036 204.870355 749.273800
v 746.802976 204.869878 750.657045
v 745.942592 204.869957 750.426504
v 746.269063 204.869433 751.946023
v 745.497671 204.869587 751.500653
v 745.419689 204.869051 753.052894
v 744.789887 204.869268 752.423045
v 744.312820 204.868758 753.902227
v 743.867457 204.869024 753.130822
v 743.023892 204.868574 754.436140
v 742.793344 204.868870 753.575749
v 741.640638 204.868511 754.618247
v 741.640638 204.868818 753.727506
v 740.257384 204.868574 754.436140
v 740.487932 204.868870 753.575749
v 738.968422 204.868758 753.902227
v 739.413786 204.869024 753.130822
v 737.861520 204.869051 753.052895
v 738.491356 204.869268 752.423045
v 737.012247 204.869433 751.946024
v 737.783640 204.869587 751.500653
v 736.478300 204.869878 750.657045
v 737.338684 204.869957 750.426505
v 737.242320 204.870210 749.694409
v 736.362636 204.870181 749.778531
v 737.186934 204.870355 749.273800
v 732.287832 204.870181 749.778531
v 736.296172 204.870355 749.273800
v 732.287832 204.869878 750.657045
v 731.709576 204.870181 749.778531
v 731.709576 204.869878 750.657045
v 731.249125 204.778574 749.778499
v 731.249125 204.778270 750.657014
v 730.858774 204.517767 749.778409
v 730.858774 204.517464 750.656924
v 730.597950 204.127433 749.778274
v 730.597950 204.127129 750.656789
v 730.506343 203.666982 749.778116
v 730.506343 203.666679 750.656630
v 730.506343 197.165988 749.775872
v 730.506343 197.165685 750.654386
v 730.597950 196.705538 749.775713
v 730.597950 196.705235 750.654227
v 730.858774 196.315186 749.775578
v 730.858774 196.314883 750.654093
v 731.249125 196.054363 749.775488
v 731.249125 196.054060 750.654003
v 731.709576 195.962772 749.775456
v 731.709576 195.962469 750.653971
v 732.287832 195.962772 749.775456
v 732.287832 195.962469 750.653971
v 736.362636 195.962772 749.775457
v 736.478300 195.962469 750.653971
v 737.338684 195.962549 750.423430
v 737.012247 195.962024 751.942949
v 737.242320 195.962801 749.691335
v 737.783640 195.962178 751.497578
v 737.861520 195.961642 753.049820
v 738.503963 195.961864 752.407375
v 738.968422 195.961349 753.899153
v 739.422689 195.961621 753.112320
v 740.257384 195.961165 754.433065
v 740.492554 195.961468 753.555468
v 741.640638 195.961102 754.615173
v 741.640638 195.961416 753.706617
v 743.023892 195.961165 754.433066
v 742.788757 195.961468 753.555468
v 744.312820 195.961349 753.899153
v 743.858588 195.961621 753.112320
v 745.419689 195.961642 753.049820
v 744.777246 195.961864 752.407375
v 736.478300 203.113384 747.889949
v 737.012247 203.113829 746.600971
v 736.478300 197.720838 747.888087
v 737.861520 203.114211 745.494099
v 737.012247 197.721283 746.599109
v 737.861520 197.721665 745.492238
v 738.968422 203.114504 744.644768
v 738.968422 197.721958 744.642907
v 740.257384 203.114689 744.110855
v 740.257384 197.722143 744.108994
v 741.640638 203.114752 743.928748
v 741.640638 197.722206 743.926887
v 743.023892 203.114689 744.110855
v 743.023892 197.722143 744.108994
v 744.312820 203.114504 744.644768
v 744.312820 197.721958 744.642907
v 745.419689 203.114211 745.494100
v 745.419689 197.721665 745.492239
v 746.269063 195.963869 746.598503
v 746.269063 197.721283 746.599110
v 746.802976 195.963424 747.887481
v 746.269063 203.113846 746.600971
v 746.802976 197.720838 747.888088
v 746.985036 195.962947 749.270726
v 746.802976 203.113401 747.889949
v 746.985036 197.720361 749.271333
v 746.985036 203.112924 749.273194
v 746.802976 203.112447 750.656438
v 746.802976 197.719884 750.654577
v 746.802976 195.962469 750.653971
v 746.269063 203.112002 751.945417
v 746.269063 197.719439 751.943556
v 746.269063 195.962024 751.942949
v 745.419689 203.111603 753.052288
v 745.419689 197.719057 753.050427
v 744.312820 197.718763 753.899759
v 744.312820 203.111309 753.901621
v 743.023892 197.718579 754.433672
v 743.023892 203.111125 754.435534
v 741.640638 197.718516 754.615780
v 741.640638 203.111062 754.617641
v 740.257384 197.718579 754.433672
v 740.257384 203.111125 754.435533
v 738.968422 197.718763 753.899759
v 738.968422 203.111309 753.901621
v 737.861520 197.719057 753.050427
v 737.861520 203.111603 753.052288
v 737.012247 197.719439 751.943556
v 736.478300 197.719884 750.654578
v 737.012247 203.111985 751.945417
v 736.478300 203.112430 750.656439
v 745.497671 195.963715 747.043874
v 744.789887 195.964034 746.121481
v 745.942592 195.963344 748.118022
v 746.094343 195.962947 749.270726
v 745.942592 195.962549 750.423430
v 745.497671 195.962178 751.497578
v 744.789887 195.961860 752.419971
v 732.287832 203.113384 747.889949
v 732.287832 197.720838 747.888087
v 736.362636 203.113081 748.768463
v 736.296172 203.112907 749.273194
v 736.362636 197.720535 748.766602
v 736.362636 203.112733 749.777924
v 736.362636 197.720187 749.776063
v 736.296172 197.720361 749.271333
v 736.296172 195.962947 749.270726
v 732.287832 203.112430 750.656439
v 732.287832 197.719884 750.654578
v 114.343079 71.218969 745.448577
v 115.904179 71.218977 745.386076
v 114.985521 71.218734 746.091022
v 115.449947 71.219262 744.599245
v 116.974010 71.219130 744.942928
v 116.738875 71.219446 744.065332
v 118.122129 71.219183 744.791780
v 118.122129 71.219509 743.883225
v 119.270214 71.219130 744.942929
v 119.505383 71.219446 744.065332
v 120.340079 71.218977 745.386076
v 120.794345 71.219262 744.599245
v 121.258805 71.218734 746.091022
v 121.901247 71.218969 745.448576
v 121.979127 71.218420 747.000818
v 122.750520 71.218587 746.555447
v 122.424083 71.218049 748.074966
v 123.284467 71.218142 747.844426
v 123.400132 71.217838 748.722940
v 122.520448 71.217797 748.807062
v 127.474936 71.218142 747.844426
v 127.474936 71.217838 748.722940
v 128.053191 71.218142 747.844426
v 128.053191 71.217838 748.722940
v 128.513642 71.126551 747.844394
v 128.513642 71.126248 748.722909
v 128.903993 70.865732 747.844304
v 128.903993 70.865429 748.722819
v 129.164817 70.475376 747.844169
v 129.164817 70.475073 748.722684
v 129.256424 70.014926 747.844010
v 129.256424 70.014623 748.722525
v 129.256424 63.513936 747.841767
v 129.256424 63.513633 748.720281
v 129.164817 63.053486 747.841608
v 129.164817 63.053182 748.720122
v 128.903993 62.663151 747.841473
v 128.903993 62.662848 748.719988
v 128.513642 62.402328 747.841383
v 128.513642 62.402025 748.719898
v 128.053191 62.310737 747.841351
v 128.053191 62.310434 748.719866
v 127.474936 62.310737 747.841351
v 127.474936 62.310434 748.719866
v 123.284467 62.310737 747.841351
v 123.400132 62.310434 748.719866
v 122.520448 62.310405 748.803988
v 122.424083 62.310658 748.071892
v 121.979127 62.311028 746.997744
v 122.750520 62.311182 746.552373
v 121.271411 62.311347 746.075351
v 121.901247 62.311564 745.445502
v 120.348981 62.311591 745.367575
v 120.794345 62.311857 744.596171
v 119.274835 62.311745 744.922648
v 119.505383 62.312042 744.062258
v 118.122129 62.311797 744.770891
v 118.122129 62.312104 743.880150
v 116.969423 62.311745 744.922648
v 116.738875 62.312042 744.062257
v 115.895310 62.311591 745.367575
v 115.449947 62.311857 744.596171
v 114.972881 62.311347 746.075352
v 114.343079 62.311564 745.445503
v 114.265097 62.311028 746.997744
v 113.493704 62.311182 746.552373
v 113.820175 62.310658 748.071892
v 112.959791 62.310737 747.841352
v 113.668424 62.310260 749.224596
v 112.777731 62.310260 749.224596
v 112.959791 62.309782 750.607841
v 113.820175 62.309862 750.377300
v 113.493704 62.309338 751.896819
v 114.265097 62.309491 751.451449
v 114.343079 62.308955 753.003690
v 114.972881 62.309173 752.373841
v 115.449947 62.308662 753.853023
v 115.895310 62.308929 753.081618
v 116.738875 62.308478 754.386936
v 116.969423 62.308775 753.526545
v 118.122129 62.308415 754.569043
v 118.122129 62.308723 753.678302
v 119.505383 62.308478 754.386936
v 119.274835 62.308775 753.526545
v 120.794345 62.308662 753.853023
v 120.348981 62.308929 753.081618
v 121.901247 62.308955 753.003691
v 121.271411 62.309173 752.373841
v 122.750520 62.309338 751.896820
v 121.979127 62.309491 751.451449
v 123.284467 62.309782 750.607841
v 122.424083 62.309862 750.377301
v 122.520448 62.310115 749.645205
v 123.400132 62.310086 749.729327
v 122.575833 62.310260 749.224596
v 127.474936 62.310086 749.729327
v 123.466595 62.310260 749.224596
v 127.474936 62.309782 750.607841
v 128.053191 62.310086 749.729327
v 128.053191 62.309782 750.607841
v 128.513642 62.401676 749.729358
v 128.513642 62.401373 750.607873
v 128.903993 62.662500 749.729448
v 128.903993 62.662196 750.607963
v 129.164817 63.052834 749.729583
v 129.164817 63.052531 750.608098
v 129.256424 63.513284 749.729742
v 129.256424 63.512981 750.608257
v 129.256424 70.014274 749.731986
v 129.256424 70.013971 750.610500
v 129.164817 70.474725 749.732145
v 129.164817 70.474421 750.610659
v 128.903993 70.865080 749.732280
v 128.903993 70.864777 750.610794
v 128.513642 71.125899 749.732370
v 128.513642 71.125596 750.610884
v 128.053191 71.217490 749.732401
v 128.053191 71.217187 750.610916
v 127.474936 71.217490 749.732401
v 127.474936 71.217187 750.610916
v 123.400132 71.217490 749.732401
v 123.284467 71.217187 750.610916
v 122.424083 71.217254 750.380375
v 122.750520 71.216742 751.899894
v 122.520448 71.217506 749.648280
v 121.979127 71.216883 751.454523
v 121.901247 71.216360 753.006765
v 121.258805 71.216569 752.364320
v 120.794345 71.216067 753.856098
v 120.340079 71.216326 753.069265
v 119.505383 71.215883 754.390010
v 119.270214 71.216173 753.512412
v 118.122129 71.215820 754.572118
v 118.122129 71.216121 753.663562
v 116.738875 71.215883 754.390011
v 116.974010 71.216173 753.512413
v 115.449947 71.216067 753.856098
v 115.904179 71.216326 753.069265
v 114.343079 71.216360 753.006765
v 114.985521 71.216569 752.364319
v 123.284467 64.068186 747.841958
v 122.750520 64.068630 746.552980
v 123.284467 69.460727 747.843819
v 121.901247 64.069013 745.446108
v 122.750520 69.461172 746.554841
v 121.901247 69.461554 745.447970
v 120.794345 64.069306 744.596777
v 120.794345 69.461847 744.598638
v 119.505383 64.069490 744.062865
v 119.505383 69.462032 744.064726
v 118.122129 64.069553 743.880757
v 118.122129 69.462095 743.882618
v 116.738875 64.069490 744.062864
v 116.738875 69.462032 744.064725
v 115.449947 64.069306 744.596777
v 115.449947 69.461847 744.598638
v 114.343079 64.069013 745.446109
v 114.343079 69.461554 745.447970
v 113.493704 71.218574 746.555448
v 113.493704 69.461172 746.554841
v 112.959791 71.218129 747.844426
v 113.493704 64.068609 746.552980
v 112.959791 69.460727 747.843820
v 112.777731 71.217652 749.227671
v 112.959791 64.068164 747.841958
v 112.777731 69.460250 749.227064
v 112.777731 64.067687 749.225203
v 112.959791 64.067210 750.608448
v 112.959791 69.459772 750.610309
v 112.959791 71.217174 750.610915
v 113.493704 64.066765 751.897426
v 113.493704 69.459328 751.899287
v 113.493704 71.216729 751.899894
v 114.343079 64.066404 753.004297
v 114.343079 69.458946 753.006158
v 115.449947 69.458652 753.855491
v 115.449947 64.066111 753.853630
v 116.738875 69.458468 754.389404
v 116.738875 64.065926 754.387543
v 118.122129 69.458405 754.571511
v 118.122129 64.065864 754.569650
v 119.505383 69.458468 754.389404
v 119.505383 64.065926 754.387542
v 120.794345 69.458652 753.855491
v 120.794345 64.066111 753.853630
v 121.901247 69.458946 753.006158
v 121.901247 64.066404 753.004297
v 122.750520 69.459328 751.899287
v 123.284467 69.459772 750.610309
v 122.750520 64.066786 751.897426
v 123.284467 64.067231 750.608448
v 114.265097 71.218420 747.000819
v 114.972881 71.218738 746.078426
v 113.820175 71.218049 748.074967
v 113.668424 71.217652 749.227671
v 113.820175 71.217254 750.380375
v 114.265097 71.216883 751.454523
v 114.972881 71.216565 752.376915
v 127.474936 64.068186 747.841958
v 127.474936 69.460727 747.843819
v 123.400132 64.067882 748.720473
v 123.466595 64.067708 749.225203
v 123.400132 69.460424 748.722334
v 123.400132 64.067534 749.729934
v 123.400132 69.460076 749.731795
v 123.466595 69.460250 749.227064
v 123.466595 71.217664 749.227671
v 127.474936 64.067231 750.608448
v 127.474936 69.459772 750.610309
v 745.419689 71.218969 745.448577
v 744.777246 71.218734 746.091022
v 743.858588 71.218977 745.386076
v 744.312820 71.219262 744.599245
v 742.788757 71.219130 744.942928
v 743.023892 71.219446 744.065332
v 741.640638 71.219183 744.791780
v 741.640638 71.219509 743.883225
v 740.492554 71.219130 744.942929
v 740.257384 71.219446 744.065332
v 739.422689 71.218977 745.386076
v 738.968422 71.219262 744.599245
v 738.503963 71.218734 746.091022
v 737.861520 71.218969 745.448576
v 737.783640 71.218420 747.000818
v 737.012247 71.218587 746.555447
v 737.338684 71.218049 748.074966
v 736.478300 71.218142 747.844426
v 736.362636 71.217838 748.722940
v 737.242320 71.217797 748.807062
v 732.287832 71.218142 747.844426
v 732.287832 71.217838 748.722940
v 731.709576 71.218142 747.844426
v 731.709576 71.217838 748.722940
v 731.249125 71.126551 747.844394
v 731.249125 71.126248 748.722909
v 730.858774 70.865732 747.844304
v 730.858774 70.865429 748.722819
v 730.597950 70.475376 747.844169
v 730.597950 70.475073 748.722684
v 730.506343 70.014926 747.844010
v 730.506343 70.014623 748.722525
v 730.506343 63.513936 747.841767
v 730.506343 63.513633 748.720281
v 730.597950 63.053486 747.841608
v 730.597950 63.053182 748.720122
v 730.858774 62.663151 747.841473
v 730.858774 62.662848 748.719988
v 731.249125 62.402328 747.841383
v 731.249125 62.402025 748.719898
v 731.709576 62.310737 747.841351
v 731.709576 62.310434 748.719866
v 732.287832 62.310737 747.841351
v 732.287832 62.310434 748.719866
v 736.478300 62.310737 747.841351
v 736.362636 62.310434 748.719866
v 737.242320 62.310405 748.803988
v 737.338684 62.310658 748.071892
v 737.783640 62.311028 746.997744
v 737.012247 62.311182 746.552373
v 738.491356 62.311347 746.075351
v 737.861520 62.311564 745.445502
v 739.413786 62.311591 745.367575
v 738.968422 62.311857 744.596171
v 740.487932 62.311745 744.922648
v 740.257384 62.312042 744.062258
v 741.640638 62.311797 744.770891
v 741.640638 62.312104 743.880150
v 742.793344 62.311745 744.922648
v 743.023892 62.312042 744.062257
v 743.867457 62.311591 745.367575
v 744.312820 62.311857 744.596171
v 744.789887 62.311347 746.075352
v 745.419689 62.311564 745.445503
v 745.497671 62.311028 746.997744
v 746.269063 62.311182 746.552373
v 745.942592 62.310658 748.071892
v 746.802976 62.310737 747.841352
v 746.094343 62.310260 749.224596
v 746.985036 62.310260 749.224596
v 746.802976 62.309782 750.607841
v 745.942592 62.309862 750.377300
v 746.269063 62.309338 751.896819
v 745.497671 62.309491 751.451449
v 745.419689 62.308955 753.003690
v 744.789887 62.309173 752.373841
v 744.312820 62.308662 753.853023
v 743.867457 62.308929 753.081618
v 743.023892 62.308478 754.386936
v 742.793344 62.308775 753.526545
v 741.640638 62.308415 754.569043
v 741.640638 62.308723 753.678302
v 740.257384 62.308478 754.386936
v 740.487932 62.308775 753.526545
v 738.968422 62.308662 753.853023
v 739.413786 62.308929 753.081618
v 737.861520 62.308955 753.003691
v 738.491356 62.309173 752.373841
v 737.012247 62.309338 751.896820
v 737.783640 62.309491 751.451449
v 736.478300 62.309782 750.607841
v 737.338684 62.309862 750.377301
v 737.242320 62.310115 749.645205
v 736.362636 62.310086 749.729327
v 737.186934 62.310260 749.224596
v 732.287832 62.310086 749.729327
v 736.296172 62.310260 749.224596
v 732.287832 62.309782 750.607841
v 731.709576 62.310086 749.729327
v 731.709576 62.309782 750.607841
v 731.249125 62.401676 749.729358
v 731.249125 62.401373 750.607873
v 730.858774 62.662500 749.729448
v 730.858774 62.662196 750.607963
v 730.597950 63.052834 749.729583
v 730.597950 63.052531 750.608098
v 730.506343 63.513284 749.729742
v 730.506343 63.512981 750.608257
v 730.506343 70.014274 749.731986
v 730.506343 70.013971 750.610500
v 730.597950 70.474725 749.732145
v 730.597950 70.474421 750.610659
v 730.858774 70.865080 749.732280
v 730.858774 70.864777 750.610794
v 731.249125 71.125899 749.732370
v 731.249125 71.125596 750.610884
v 731.709576 71.217490 749.732401
v 731.709576 71.217187 750.610916
v 732.287832 71.217490 749.732401
v 732.287832 71.217187 750.610916
v 736.362636 71.217490 749.732401
v 736.478300 71.217187 750.610916
v 737.338684 71.217254 750.380375
v 737.012247 71.216742 751.899894
v 737.242320 71.217506 749.648280
v 737.783640 71.216883 751.454523
v 737.861520 71.216360 753.006765
v 738.503963 71.216569 752.364320
v 738.968422 71.216067 753.856098
v 739.422689 71.216326 753.069265
v 740.257384 71.215883 754.390010
v 740.492554 71.216173 753.512412
v 741.640638 71.215820 754.572118
v 741.640638 71.216121 753.663562
v 743.023892 71.215883 754.390011
v 742.788757 71.216173 753.512413
v 744.312820 71.216067 753.856098
v 743.858588 71.216326 753.069265
v 745.419689 71.216360 753.006765
v 744.777246 71.216569 752.364319
v 736.478300 64.068186 747.841958
v 737.012247 64.068630 746.552980
v 736.478300 69.460727 747.843819
v 737.861520 64.069013 745.446108
v 737.012247 69.461172 746.554841
v 737.861520 69.461554 745.447970
v 738.968422 64.069306 744.596777
v 738.968422 69.461847 744.598638
v 740.257384 64.069490 744.062865
v 740.257384 69.462032 744.064726
v 741.640638 64.069553 743.880757
v 741.640638 69.462095 743.882618
v 743.023892 64.069490 744.062864
v 743.023892 69.462032 744.064725
v 744.312820 64.069306 744.596777
v 744.312820 69.461847 744.598638
v 745.419689 64.069013 745.446109
v 745.419689 69.461554 745.447970
v 746.269063 71.218574 746.555448
v 746.269063 69.461172 746.554841
v 746.802976 71.218129 747.844426
v 746.269063 64.068609 746.552980
v 746.802976 69.460727 747.843820
v 746.985036 71.217652 749.227671
v 746.802976 64.068164 747.841958
v 746.985036 69.460250 749.227064
v 746.985036 64.067687 749.225203
v 746.802976 64.067210 750.608448
v 746.802976 69.459772 750.610309
v 746.802976 71.217174 750.610915
v 746.269063 64.066765 751.897426
v 746.269063 69.459328 751.899287
v 746.269063 71.216729 751.899894
v 745.419689 64.066404 753.004297
v 745.419689 69.458946 753.006158
v 744.312820 69.458652 753.855491
v 744.312820 64.066111 753.853630
v 743.023892 69.458468 754.389404
v 743.023892 64.065926 754.387543
v 741.640638 69.458405 754.571511
v 741.640638 64.065864 754.569650
v 740.257384 69.458468 754.389404
v 740.257384 64.065926 754.387542
v 738.968422 69.458652 753.855491
v 738.968422 64.066111 753.853630
v 737.861520 69.458946 753.006158
v 737.861520 64.066404 753.004297
v 737.012247 69.459328 751.899287
v 736.478300 69.459772 750.610309
v 737.012247 64.066786 751.897426
v 736.478300 64.067231 750.608448
v 745.497671 71.218420 747.000819
v 744.789887 71.218738 746.078426
v 745.942592 71.218049 748.074967
v 746.094343 71.217652 749.227671
v 745.942592 71.217254 750.380375
v 745.497671 71.216883 751.454523
v 744.789887 71.216565 752.376915
v 732.287832 64.068186 747.841958
v 732.287832 69.460727 747.843819
v 736.362636 64.067882 748.720473
v 736.296172 64.067708 749.225203
v 736.362636 69.460424 748.722334
v 736.362636 64.067534 749.729934
v 736.362636 69.460076 749.731795
v 736.296172 69.460250 749.227064
v 736.296172 71.217664 749.227671
v 732.287832 64.067231 750.608448
v 732.287832 69.459772 750.610309
v 122.575833 195.962947 749.270726
v 737.186934 195.962947 749.270726
v 122.575833 71.217652 749.227671
v 737.186934 71.217652 749.227671
v 732.287832 64.067513 749.729933
v 732.287832 69.460063 749.731795
v 732.287832 64.067861 748.720473
v 732.287832 69.460411 748.722334
v 127.474936 64.067513 749.729933
v 127.474936 69.460063 749.731795
v 127.474936 64.067861 748.720473
v 127.474936 69.460411 748.722334
v 732.287832 203.112750 749.777924
v 732.287832 197.720204 749.776063
v 732.287832 203.113098 748.768464
v 732.287832 197.720552 748.766602
v 127.474936 203.112750 749.777924
v 127.474936 197.720204 749.776063
v 127.474936 203.113098 748.768464
v 127.474936 197.720552 748.766602
vt 0.864077 0.393471
vt 0.859919 0.397629
vt 0.864482 0.403575
vt 0.869574 0.400635
vt 0.867350 0.410498
vt 0.873029 0.408976
vt 0.868328 0.417929
vt 0.874208 0.417929
vt 0.867350 0.425359
vt 0.873029 0.426880
vt 0.864482 0.432283
vt 0.869574 0.435222
vt 0.859920 0.438229
vt 0.864078 0.442386
vt 0.854032 0.442890
vt 0.856915 0.447882
vt 0.847081 0.445770
vt 0.848573 0.451338
vt 0.842887 0.452087
vt 0.842342 0.446394
vt 0.848573 0.478458
vt 0.842887 0.478458
vt 0.848573 0.482200
vt 0.842887 0.482200
vt 0.848573 0.485239
vt 0.842887 0.485239
vt 0.848573 0.488278
vt 0.842888 0.488277
vt 0.848573 0.491315
vt 0.842887 0.491316
vt 0.848573 0.494354
vt 0.842887 0.494354
vt 0.848573 0.536427
vt 0.842888 0.536427
vt 0.848573 0.539465
vt 0.842887 0.539465
vt 0.848573 0.542504
vt 0.842888 0.542503
vt 0.848573 0.545541
vt 0.842888 0.545542
vt 0.848573 0.548580
vt 0.842887 0.548580
vt 0.848573 0.552322
vt 0.842887 0.552322
vt 0.848572 0.579442
vt 0.842887 0.578694
vt 0.842342 0.584387
vt 0.847080 0.585010
vt 0.854032 0.587890
vt 0.856915 0.582898
vt 0.860002 0.592470
vt 0.864078 0.588394
vt 0.864582 0.598440
vt 0.869574 0.595558
vt 0.867461 0.605392
vt 0.873030 0.603900
vt 0.868443 0.612852
vt 0.874208 0.612852
vt 0.867461 0.620312
vt 0.873029 0.621804
vt 0.864581 0.627263
vt 0.869574 0.630146
vt 0.860001 0.633233
vt 0.864077 0.637309
vt 0.854031 0.637813
vt 0.856914 0.642805
vt 0.847079 0.640693
vt 0.848571 0.646261
vt 0.839620 0.641674
vt 0.839620 0.647439
vt 0.830668 0.646260
vt 0.832160 0.640692
vt 0.822326 0.642805
vt 0.825208 0.637813
vt 0.815163 0.637308
vt 0.819239 0.633232
vt 0.809666 0.630145
vt 0.814659 0.627263
vt 0.806211 0.621803
vt 0.811779 0.620311
vt 0.805032 0.612851
vt 0.810797 0.612851
vt 0.806211 0.603899
vt 0.811779 0.605391
vt 0.809666 0.595557
vt 0.814659 0.598439
vt 0.815163 0.588394
vt 0.819239 0.592470
vt 0.822327 0.582898
vt 0.825209 0.587890
vt 0.830669 0.579442
vt 0.832160 0.585010
vt 0.836899 0.584386
vt 0.836354 0.578694
vt 0.839621 0.584028
vt 0.836355 0.552322
vt 0.839621 0.578263
vt 0.830669 0.552322
vt 0.836355 0.548580
vt 0.830669 0.548580
vt 0.836354 0.545542
vt 0.830669 0.545541
vt 0.836354 0.542503
vt 0.830669 0.542504
vt 0.836355 0.539465
vt 0.830669 0.539465
vt 0.836354 0.536427
vt 0.830669 0.536427
vt 0.836354 0.494354
vt 0.830669 0.494354
vt 0.836354 0.491316
vt 0.830669 0.491315
vt 0.836354 0.488277
vt 0.830669 0.488277
vt 0.836354 0.485239
vt 0.830669 0.485239
vt 0.836354 0.482201
vt 0.830669 0.482201
vt 0.836354 0.478458
vt 0.830669 0.478458
vt 0.836354 0.452087
vt 0.830669 0.451338
vt 0.832160 0.445770
vt 0.822327 0.447882
vt 0.836898 0.446394
vt 0.825208 0.442890
vt 0.815163 0.442386
vt 0.819320 0.438229
vt 0.809666 0.435223
vt 0.814758 0.432283
vt 0.806210 0.426881
vt 0.811890 0.425359
vt 0.805032 0.417928
vt 0.810912 0.417928
vt 0.806210 0.408976
vt 0.811890 0.410498
vt 0.809665 0.400634
vt 0.814758 0.403574
vt 0.815162 0.393470
vt 0.819320 0.397628
vt 0.916831 0.178369
vt 0.928205 0.169340
vt 0.916831 0.169340
vt 0.928205 0.178369
vt 0.916831 0.187399
vt 0.963104 0.169340
vt 0.928205 0.187398
vt 0.916831 0.196429
vt 0.963104 0.178369
vt 0.974478 0.169340
vt 0.974478 0.178370
vt 0.963104 0.187399
vt 0.974478 0.187399
vt 0.928205 0.196428
vt 0.916831 0.205457
vt 0.963104 0.196428
vt 0.974478 0.196429
vt 0.928205 0.205458
vt 0.916831 0.214487
vt 0.963104 0.205457
vt 0.974478 0.205458
vt 0.928205 0.214487
vt 0.916831 0.223516
vt 0.963104 0.214487
vt 0.974478 0.214487
vt 0.928205 0.223516
vt 0.916831 0.232545
vt 0.963104 0.223516
vt 0.974478 0.223516
vt 0.928205 0.232545
vt 0.916831 0.241575
vt 0.963104 0.232545
vt 0.974478 0.232545
vt 0.928205 0.241575
vt 0.963104 0.241575
vt 0.974478 0.241575
vt 0.974478 0.250604
vt 0.963104 0.250604
vt 0.974478 0.259633
vt 0.928205 0.250604
vt 0.916831 0.250604
vt 0.963104 0.259634
vt 0.974478 0.268663
vt 0.928205 0.259634
vt 0.916831 0.259633
vt 0.963104 0.268663
vt 0.928205 0.268662
vt 0.916831 0.268663
vt 0.916831 0.277692
vt 0.928205 0.277692
vt 0.916831 0.286721
vt 0.963104 0.277692
vt 0.974478 0.277692
vt 0.928205 0.286721
vt 0.916831 0.295750
vt 0.963104 0.286721
vt 0.974478 0.286721
vt 0.928205 0.295750
vt 0.963104 0.295750
vt 0.974478 0.295750
vt 0.974478 0.304780
vt 0.963104 0.304780
vt 0.974478 0.313809
vt 0.928205 0.304780
vt 0.916831 0.304780
vt 0.963104 0.313809
vt 0.974478 0.322838
vt 0.928205 0.313809
vt 0.916831 0.313809
vt 0.963104 0.322838
vt 0.974478 0.331867
vt 0.928205 0.322838
vt 0.916831 0.322838
vt 0.963104 0.331867
vt 0.974478 0.340897
vt 0.928205 0.331868
vt 0.916831 0.331867
vt 0.963104 0.340897
vt 0.974478 0.349926
vt 0.928205 0.340897
vt 0.916831 0.340897
vt 0.963104 0.349926
vt 0.974478 0.358956
vt 0.928205 0.349926
vt 0.916831 0.349926
vt 0.963104 0.358956
vt 0.974478 0.367985
vt 0.963104 0.367985
vt 0.928205 0.358956
vt 0.916831 0.358956
vt 0.928205 0.367985
vt 0.916831 0.367985
vt 0.888600 0.579925
vt 0.888600 0.572477
vt 0.883019 0.572477
vt 0.883019 0.579925
vt 0.888600 0.588598
vt 0.883019 0.588598
vt 0.888600 0.597906
vt 0.883019 0.597906
vt 0.883019 0.607213
vt 0.888600 0.607213
vt 0.883019 0.615887
vt 0.888600 0.615887
vt 0.883019 0.623335
vt 0.888600 0.623335
vt 0.928205 0.169340
vt 0.916831 0.142220
vt 0.916831 0.169340
vt 0.928205 0.142220
vt 0.916831 0.138478
vt 0.917424 0.135498
vt 0.919112 0.132972
vt 0.921638 0.131284
vt 0.924618 0.130691
vt 0.963104 0.169340
vt 0.963104 0.142220
vt 0.974478 0.169340
vt 0.966691 0.130691
vt 0.974478 0.142220
vt 0.969671 0.131284
vt 0.974478 0.138478
vt 0.972198 0.132972
vt 0.973885 0.135498
vt 0.444524 0.898897
vt 0.444524 0.902192
vt 0.455899 0.902192
vt 0.455898 0.898897
vt 0.490798 0.902192
vt 0.455899 0.895603
vt 0.444524 0.895603
vt 0.490797 0.895603
vt 0.490798 0.898897
vt 0.502171 0.902192
vt 0.502171 0.895603
vt 0.502171 0.898897
vt 0.928205 0.367985
vt 0.916831 0.367985
vt 0.916831 0.395104
vt 0.928205 0.395105
vt 0.916831 0.398847
vt 0.917424 0.401827
vt 0.919112 0.404353
vt 0.921638 0.406041
vt 0.924618 0.406634
vt 0.963104 0.367985
vt 0.963104 0.395105
vt 0.974478 0.367985
vt 0.966691 0.406634
vt 0.974478 0.395104
vt 0.969671 0.406041
vt 0.974478 0.398847
vt 0.972198 0.404353
vt 0.973885 0.401827
vt 0.897890 0.384660
vt 0.898294 0.374556
vt 0.893732 0.380502
vt 0.903387 0.377496
vt 0.901163 0.367633
vt 0.906842 0.369155
vt 0.902141 0.360203
vt 0.908020 0.360202
vt 0.901163 0.352772
vt 0.906842 0.351250
vt 0.898295 0.345848
vt 0.903387 0.342908
vt 0.893732 0.339903
vt 0.897890 0.335745
vt 0.887844 0.335241
vt 0.890727 0.330248
vt 0.880892 0.332361
vt 0.882384 0.326793
vt 0.876698 0.326044
vt 0.876154 0.331738
vt 0.882384 0.299673
vt 0.876699 0.299673
vt 0.882384 0.295931
vt 0.876698 0.295931
vt 0.882384 0.292893
vt 0.876699 0.292893
vt 0.882384 0.289854
vt 0.876698 0.289854
vt 0.882384 0.286816
vt 0.876698 0.286816
vt 0.882384 0.283777
vt 0.876699 0.283777
vt 0.882384 0.241704
vt 0.876698 0.241704
vt 0.882384 0.238666
vt 0.876698 0.238666
vt 0.882383 0.235628
vt 0.876698 0.235628
vt 0.882384 0.232589
vt 0.876698 0.232589
vt 0.882383 0.229551
vt 0.876698 0.229551
vt 0.882383 0.225809
vt 0.876698 0.225809
vt 0.882384 0.198689
vt 0.876698 0.199438
vt 0.876154 0.193744
vt 0.880892 0.193121
vt 0.887844 0.190241
vt 0.890726 0.195233
vt 0.893813 0.185661
vt 0.897890 0.189737
vt 0.898394 0.179691
vt 0.903387 0.182574
vt 0.901273 0.172740
vt 0.906842 0.174232
vt 0.902256 0.165279
vt 0.908020 0.165279
vt 0.901274 0.157819
vt 0.906842 0.156328
vt 0.898395 0.150868
vt 0.903387 0.147986
vt 0.893814 0.144898
vt 0.897890 0.140822
vt 0.887844 0.140317
vt 0.890727 0.135325
vt 0.880893 0.137438
vt 0.882385 0.131870
vt 0.873433 0.136456
vt 0.873433 0.130691
vt 0.864481 0.131870
vt 0.865973 0.137438
vt 0.856139 0.135325
vt 0.859021 0.140317
vt 0.848976 0.140821
vt 0.853052 0.144898
vt 0.843479 0.147985
vt 0.848471 0.150867
vt 0.840023 0.156326
vt 0.845591 0.157818
vt 0.838844 0.165278
vt 0.844609 0.165278
vt 0.840023 0.174231
vt 0.845591 0.172739
vt 0.843478 0.182573
vt 0.848471 0.179690
vt 0.848975 0.189736
vt 0.853051 0.185660
vt 0.856138 0.195233
vt 0.859020 0.190241
vt 0.864480 0.198689
vt 0.865972 0.193121
vt 0.870710 0.193744
vt 0.870166 0.199438
vt 0.873432 0.194103
vt 0.870165 0.225808
vt 0.873432 0.199867
vt 0.864480 0.225808
vt 0.870165 0.229551
vt 0.864480 0.229551
vt 0.870165 0.232589
vt 0.864480 0.232589
vt 0.870165 0.235628
vt 0.864480 0.235628
vt 0.870165 0.238666
vt 0.864480 0.238666
vt 0.870165 0.241704
vt 0.864480 0.241704
vt 0.870166 0.283777
vt 0.864480 0.283778
vt 0.870166 0.286816
vt 0.864480 0.286816
vt 0.870165 0.289854
vt 0.864480 0.289854
vt 0.870166 0.292893
vt 0.864480 0.292893
vt 0.870166 0.295931
vt 0.864480 0.295931
vt 0.870166 0.299673
vt 0.864480 0.299673
vt 0.870166 0.326045
vt 0.864480 0.326793
vt 0.865973 0.332361
vt 0.856138 0.330249
vt 0.870710 0.331738
vt 0.859021 0.335241
vt 0.848975 0.335746
vt 0.853133 0.339904
vt 0.843478 0.342909
vt 0.848571 0.345849
vt 0.840023 0.351251
vt 0.845703 0.352773
vt 0.838845 0.360203
vt 0.844724 0.360203
vt 0.840024 0.369155
vt 0.845703 0.367633
vt 0.843480 0.377497
vt 0.848572 0.374556
vt 0.848978 0.384660
vt 0.853135 0.380502
vt 0.862679 0.703931
vt 0.862679 0.694902
vt 0.851305 0.694901
vt 0.851305 0.703931
vt 0.862679 0.712960
vt 0.816406 0.694901
vt 0.851305 0.712960
vt 0.862679 0.721990
vt 0.816406 0.703931
vt 0.805032 0.694901
vt 0.805032 0.703931
vt 0.816406 0.712960
vt 0.805032 0.712960
vt 0.851305 0.721989
vt 0.862679 0.731018
vt 0.816406 0.721989
vt 0.805032 0.721989
vt 0.851305 0.731018
vt 0.862679 0.740048
vt 0.816406 0.731019
vt 0.805032 0.731018
vt 0.851305 0.740048
vt 0.862679 0.749077
vt 0.816406 0.740048
vt 0.805032 0.740048
vt 0.851305 0.749077
vt 0.862679 0.758106
vt 0.816406 0.749077
vt 0.805032 0.749077
vt 0.851305 0.758106
vt 0.862679 0.767136
vt 0.816406 0.758106
vt 0.805032 0.758106
vt 0.851305 0.767136
vt 0.816406 0.767136
vt 0.805032 0.767136
vt 0.805032 0.776165
vt 0.816406 0.776165
vt 0.805032 0.785194
vt 0.851305 0.776165
vt 0.862679 0.776165
vt 0.816406 0.785194
vt 0.805032 0.794223
vt 0.851305 0.785194
vt 0.862679 0.785194
vt 0.816406 0.794224
vt 0.851305 0.794224
vt 0.862679 0.794223
vt 0.862679 0.803253
vt 0.851305 0.803253
vt 0.862679 0.812282
vt 0.816406 0.803253
vt 0.805032 0.803253
vt 0.851305 0.812282
vt 0.862679 0.821311
vt 0.816406 0.812282
vt 0.805032 0.812282
vt 0.851305 0.821311
vt 0.816406 0.821312
vt 0.805032 0.821312
vt 0.805032 0.830341
vt 0.816406 0.830341
vt 0.805032 0.839370
vt 0.851305 0.830341
vt 0.862679 0.830341
vt 0.816406 0.839370
vt 0.805032 0.848399
vt 0.851305 0.839370
vt 0.862679 0.839370
vt 0.816406 0.848400
vt 0.805032 0.857429
vt 0.851305 0.848400
vt 0.862679 0.848399
vt 0.816406 0.857429
vt 0.805032 0.866458
vt 0.851305 0.857429
vt 0.862679 0.857429
vt 0.816406 0.866458
vt 0.805032 0.875488
vt 0.851305 0.866458
vt 0.862679 0.866457
vt 0.816406 0.875488
vt 0.805032 0.884517
vt 0.851305 0.875488
vt 0.862679 0.875487
vt 0.816406 0.884517
vt 0.805032 0.893546
vt 0.816406 0.893546
vt 0.851305 0.884517
vt 0.862679 0.884517
vt 0.851305 0.893546
vt 0.862679 0.893546
vt 0.888600 0.556218
vt 0.883019 0.563666
vt 0.888600 0.563666
vt 0.883019 0.556218
vt 0.888600 0.547544
vt 0.883019 0.547544
vt 0.888600 0.538237
vt 0.883019 0.538237
vt 0.883019 0.528929
vt 0.888600 0.528929
vt 0.883019 0.520256
vt 0.888600 0.520256
vt 0.883019 0.512808
vt 0.888600 0.512808
vt 0.851305 0.694901
vt 0.862679 0.694902
vt 0.862679 0.667782
vt 0.851305 0.667782
vt 0.862679 0.664040
vt 0.862086 0.661060
vt 0.860398 0.658533
vt 0.857872 0.656846
vt 0.854892 0.656253
vt 0.816406 0.694901
vt 0.816406 0.667782
vt 0.805032 0.694901
vt 0.812819 0.656253
vt 0.805033 0.667782
vt 0.809840 0.656845
vt 0.805033 0.664039
vt 0.807313 0.658533
vt 0.805625 0.661060
vt 0.045601 0.859445
vt 0.048895 0.870819
vt 0.048895 0.859445
vt 0.045601 0.870819
vt 0.048895 0.905718
vt 0.042306 0.870819
vt 0.042306 0.859445
vt 0.042306 0.905718
vt 0.045601 0.905718
vt 0.048895 0.917092
vt 0.042306 0.917092
vt 0.045601 0.917092
vt 0.851305 0.893546
vt 0.862679 0.920666
vt 0.862679 0.893546
vt 0.851305 0.920666
vt 0.862679 0.924408
vt 0.862086 0.927388
vt 0.860398 0.929915
vt 0.857872 0.931603
vt 0.854892 0.932195
vt 0.816406 0.893546
vt 0.816406 0.920666
vt 0.805032 0.893546
vt 0.812819 0.932196
vt 0.805032 0.920666
vt 0.809839 0.931603
vt 0.805032 0.924409
vt 0.807313 0.929915
vt 0.805625 0.927389
vt 0.786089 0.910219
vt 0.786494 0.900116
vt 0.781932 0.906061
vt 0.791586 0.903056
vt 0.789362 0.893192
vt 0.795041 0.894714
vt 0.790340 0.885762
vt 0.796220 0.885762
vt 0.789362 0.878332
vt 0.795041 0.876810
vt 0.786494 0.871408
vt 0.791586 0.868468
vt 0.781931 0.865462
vt 0.786089 0.861305
vt 0.776043 0.860800
vt 0.778926 0.855808
vt 0.769092 0.857921
vt 0.770584 0.852352
vt 0.764898 0.851604
vt 0.764354 0.857297
vt 0.770584 0.825233
vt 0.764898 0.825233
vt 0.770584 0.821491
vt 0.764898 0.821491
vt 0.770583 0.818452
vt 0.764898 0.818453
vt 0.770583 0.815414
vt 0.764898 0.815415
vt 0.770584 0.812376
vt 0.764898 0.812376
vt 0.770583 0.809337
vt 0.764899 0.809338
vt 0.770583 0.767265
vt 0.764897 0.767265
vt 0.770583 0.764226
vt 0.764897 0.764226
vt 0.770583 0.761188
vt 0.764898 0.761188
vt 0.770583 0.758150
vt 0.764897 0.758150
vt 0.770583 0.755111
vt 0.764898 0.755112
vt 0.770583 0.751369
vt 0.764898 0.751370
vt 0.770584 0.724250
vt 0.764898 0.724998
vt 0.764354 0.719305
vt 0.769092 0.718681
vt 0.776043 0.715802
vt 0.778925 0.720794
vt 0.782013 0.711222
vt 0.786089 0.715298
vt 0.786593 0.705252
vt 0.791586 0.708134
vt 0.789473 0.698300
vt 0.795041 0.699793
vt 0.790455 0.690841
vt 0.796220 0.690841
vt 0.789474 0.683381
vt 0.795041 0.681888
vt 0.786594 0.676429
vt 0.791586 0.673547
vt 0.782013 0.670459
vt 0.786090 0.666383
vt 0.776044 0.665879
vt 0.778926 0.660887
vt 0.769092 0.662999
vt 0.770585 0.657431
vt 0.761633 0.662017
vt 0.761632 0.656253
vt 0.752681 0.657431
vt 0.754173 0.662999
vt 0.744339 0.660886
vt 0.747221 0.665878
vt 0.737175 0.666383
vt 0.741251 0.670459
vt 0.731678 0.673546
vt 0.736671 0.676428
vt 0.728223 0.681887
vt 0.733791 0.683379
vt 0.727044 0.690839
vt 0.732809 0.690839
vt 0.728223 0.699792
vt 0.733791 0.698300
vt 0.731678 0.708134
vt 0.736670 0.705251
vt 0.737174 0.715297
vt 0.741251 0.711221
vt 0.744338 0.720794
vt 0.747220 0.715801
vt 0.752679 0.724249
vt 0.754172 0.718681
vt 0.758910 0.719305
vt 0.758365 0.724998
vt 0.761632 0.719664
vt 0.758365 0.751369
vt 0.761632 0.725428
vt 0.752679 0.751369
vt 0.758365 0.755112
vt 0.752679 0.755112
vt 0.758365 0.758150
vt 0.752679 0.758150
vt 0.758365 0.761188
vt 0.752679 0.761188
vt 0.758365 0.764226
vt 0.752679 0.764226
vt 0.758365 0.767265
vt 0.752679 0.767265
vt 0.758365 0.809338
vt 0.752680 0.809338
vt 0.758365 0.812376
vt 0.752679 0.812376
vt 0.758365 0.815414
vt 0.752680 0.815415
vt 0.758365 0.818452
vt 0.752680 0.818453
vt 0.758365 0.821491
vt 0.752679 0.821491
vt 0.758365 0.825233
vt 0.752679 0.825233
vt 0.758365 0.851604
vt 0.752680 0.852353
vt 0.754172 0.857921
vt 0.744338 0.855809
vt 0.758910 0.857297
vt 0.747220 0.860801
vt 0.737174 0.861305
vt 0.741333 0.865463
vt 0.731678 0.868469
vt 0.736770 0.871409
vt 0.728223 0.876811
vt 0.733903 0.878332
vt 0.727044 0.885763
vt 0.732924 0.885763
vt 0.728224 0.894715
vt 0.733903 0.893193
vt 0.731680 0.903057
vt 0.736771 0.900116
vt 0.737177 0.910219
vt 0.741335 0.906061
vt 0.929137 0.703931
vt 0.929137 0.694902
vt 0.917763 0.694902
vt 0.917763 0.703931
vt 0.929137 0.712960
vt 0.882863 0.694902
vt 0.917763 0.712960
vt 0.929137 0.721990
vt 0.882863 0.703931
vt 0.871490 0.694902
vt 0.871490 0.703931
vt 0.882863 0.712960
vt 0.871490 0.712960
vt 0.917763 0.721990
vt 0.929137 0.731019
vt 0.882863 0.721990
vt 0.871490 0.721990
vt 0.917763 0.731019
vt 0.929137 0.740048
vt 0.882863 0.731019
vt 0.871490 0.731019
vt 0.917763 0.740049
vt 0.929137 0.749077
vt 0.882863 0.740049
vt 0.871490 0.740048
vt 0.917763 0.749078
vt 0.929137 0.758107
vt 0.882863 0.749078
vt 0.871490 0.749078
vt 0.917763 0.758107
vt 0.929137 0.767136
vt 0.882863 0.758107
vt 0.871490 0.758107
vt 0.917763 0.767136
vt 0.882863 0.767137
vt 0.871490 0.767136
vt 0.871490 0.776166
vt 0.882863 0.776165
vt 0.871490 0.785195
vt 0.917763 0.776166
vt 0.929137 0.776166
vt 0.882863 0.785196
vt 0.871490 0.794224
vt 0.917763 0.785196
vt 0.929137 0.785195
vt 0.882863 0.794224
vt 0.917763 0.794224
vt 0.929137 0.794224
vt 0.929137 0.803254
vt 0.917763 0.803254
vt 0.929137 0.812283
vt 0.882863 0.803254
vt 0.871490 0.803254
vt 0.917763 0.812283
vt 0.929137 0.821312
vt 0.882863 0.812283
vt 0.871490 0.812283
vt 0.917763 0.821312
vt 0.882863 0.821312
vt 0.871490 0.821312
vt 0.871490 0.830342
vt 0.882864 0.830342
vt 0.871490 0.839371
vt 0.917763 0.830342
vt 0.929137 0.830342
vt 0.882863 0.839371
vt 0.871490 0.848400
vt 0.917763 0.839371
vt 0.929137 0.839371
vt 0.882863 0.848400
vt 0.871490 0.857430
vt 0.917763 0.848400
vt 0.929137 0.848400
vt 0.882863 0.857430
vt 0.871490 0.866459
vt 0.917763 0.857430
vt 0.929137 0.857430
vt 0.882863 0.866459
vt 0.871490 0.875488
vt 0.917763 0.866459
vt 0.929137 0.866459
vt 0.882863 0.875488
vt 0.871490 0.884517
vt 0.917763 0.875488
vt 0.929137 0.875488
vt 0.882863 0.884517
vt 0.871490 0.893546
vt 0.882863 0.893546
vt 0.917763 0.884518
vt 0.929137 0.884517
vt 0.917763 0.893547
vt 0.929137 0.893547
vt 0.888600 0.496549
vt 0.883019 0.503997
vt 0.888600 0.503997
vt 0.883019 0.496549
vt 0.888600 0.487876
vt 0.883019 0.487876
vt 0.888600 0.478568
vt 0.883019 0.478568
vt 0.883019 0.469260
vt 0.888600 0.469260
vt 0.883019 0.460587
vt 0.888600 0.460587
vt 0.883019 0.453139
vt 0.888600 0.453139
vt 0.917763 0.694902
vt 0.929137 0.694902
vt 0.929137 0.667782
vt 0.917763 0.667782
vt 0.929137 0.664040
vt 0.928544 0.661060
vt 0.926856 0.658533
vt 0.924330 0.656845
vt 0.921350 0.656253
vt 0.882863 0.694902
vt 0.882863 0.667782
vt 0.871490 0.694902
vt 0.879277 0.656253
vt 0.871490 0.667782
vt 0.876297 0.656846
vt 0.871490 0.664040
vt 0.873770 0.658534
vt 0.872082 0.661060
vt 0.568629 0.898897
vt 0.557255 0.902192
vt 0.568629 0.902192
vt 0.557255 0.898897
vt 0.522356 0.902192
vt 0.557255 0.895603
vt 0.568629 0.895603
vt 0.522356 0.895603
vt 0.522356 0.898897
vt 0.510982 0.902192
vt 0.510982 0.895603
vt 0.510982 0.898897
vt 0.917763 0.893547
vt 0.929136 0.920666
vt 0.929137 0.893547
vt 0.917763 0.920667
vt 0.929136 0.924409
vt 0.928544 0.927389
vt 0.926856 0.929915
vt 0.924330 0.931603
vt 0.921349 0.932196
vt 0.882863 0.893546
vt 0.882863 0.920666
vt 0.871490 0.893546
vt 0.879277 0.932196
vt 0.871490 0.920666
vt 0.876297 0.931602
vt 0.871490 0.924408
vt 0.873770 0.929914
vt 0.872082 0.927388
vt 0.786090 0.393471
vt 0.781932 0.397629
vt 0.786495 0.403575
vt 0.791587 0.400634
vt 0.789363 0.410498
vt 0.795042 0.408977
vt 0.790341 0.417928
vt 0.796221 0.417929
vt 0.789363 0.425359
vt 0.795042 0.426881
vt 0.786495 0.432283
vt 0.791587 0.435223
vt 0.781933 0.438229
vt 0.786091 0.442387
vt 0.776045 0.442891
vt 0.778927 0.447883
vt 0.769093 0.445770
vt 0.770585 0.451338
vt 0.764900 0.452087
vt 0.764355 0.446394
vt 0.770586 0.478459
vt 0.764900 0.478459
vt 0.770586 0.482201
vt 0.764900 0.482201
vt 0.770586 0.485240
vt 0.764900 0.485240
vt 0.770585 0.488278
vt 0.764900 0.488278
vt 0.770586 0.491316
vt 0.764900 0.491317
vt 0.770586 0.494355
vt 0.764900 0.494355
vt 0.770586 0.536428
vt 0.764900 0.536428
vt 0.770585 0.539467
vt 0.764900 0.539467
vt 0.770586 0.542505
vt 0.764900 0.542505
vt 0.770586 0.545543
vt 0.764900 0.545543
vt 0.770586 0.548582
vt 0.764900 0.548582
vt 0.770586 0.552324
vt 0.764900 0.552324
vt 0.770585 0.579444
vt 0.764899 0.578696
vt 0.764355 0.584389
vt 0.769093 0.585012
vt 0.776045 0.587892
vt 0.778928 0.582900
vt 0.782014 0.592472
vt 0.786091 0.588396
vt 0.786595 0.598442
vt 0.791587 0.595560
vt 0.789474 0.605394
vt 0.795042 0.603902
vt 0.790457 0.612854
vt 0.796221 0.612854
vt 0.789474 0.620314
vt 0.795042 0.621806
vt 0.786594 0.627266
vt 0.791587 0.630148
vt 0.782014 0.633235
vt 0.786090 0.637312
vt 0.776044 0.637815
vt 0.778926 0.642808
vt 0.769092 0.640696
vt 0.770584 0.646263
vt 0.761633 0.641677
vt 0.761632 0.647442
vt 0.752681 0.646263
vt 0.754173 0.640695
vt 0.744338 0.642807
vt 0.747221 0.637815
vt 0.737175 0.637311
vt 0.741251 0.633234
vt 0.731679 0.630148
vt 0.736671 0.627265
vt 0.728223 0.621806
vt 0.733791 0.620314
vt 0.727044 0.612853
vt 0.732809 0.612854
vt 0.728223 0.603901
vt 0.733791 0.605394
vt 0.731678 0.595559
vt 0.736671 0.598441
vt 0.737175 0.588396
vt 0.741251 0.592472
vt 0.744339 0.582900
vt 0.747221 0.587892
vt 0.752681 0.579444
vt 0.754173 0.585012
vt 0.758911 0.584389
vt 0.758367 0.578695
vt 0.761633 0.584030
vt 0.758367 0.552324
vt 0.761633 0.578265
vt 0.752681 0.552324
vt 0.758367 0.548582
vt 0.752681 0.548582
vt 0.758367 0.545543
vt 0.752681 0.545543
vt 0.758367 0.542505
vt 0.752681 0.542505
vt 0.758367 0.539467
vt 0.752681 0.539467
vt 0.758366 0.536428
vt 0.752681 0.536429
vt 0.758367 0.494355
vt 0.752681 0.494355
vt 0.758366 0.491317
vt 0.752682 0.491316
vt 0.758367 0.488278
vt 0.752681 0.488278
vt 0.758367 0.485239
vt 0.752681 0.485240
vt 0.758367 0.482201
vt 0.752681 0.482201
vt 0.758367 0.478459
vt 0.752681 0.478459
vt 0.758366 0.452087
vt 0.752681 0.451338
vt 0.754172 0.445770
vt 0.744339 0.447883
vt 0.758911 0.446394
vt 0.747221 0.442891
vt 0.737175 0.442387
vt 0.741333 0.438229
vt 0.731678 0.435223
vt 0.736770 0.432283
vt 0.728222 0.426881
vt 0.733902 0.425359
vt 0.727044 0.417928
vt 0.732924 0.417928
vt 0.728222 0.408976
vt 0.733902 0.410498
vt 0.731678 0.400634
vt 0.736770 0.403574
vt 0.737174 0.393470
vt 0.741332 0.397628
vt 0.995595 0.884517
vt 0.984221 0.893547
vt 0.995595 0.893546
vt 0.984221 0.884517
vt 0.995594 0.875488
vt 0.949321 0.893547
vt 0.984221 0.875488
vt 0.995594 0.866459
vt 0.949321 0.884517
vt 0.937948 0.893546
vt 0.937948 0.884518
vt 0.949321 0.875488
vt 0.937948 0.875488
vt 0.984221 0.866459
vt 0.995595 0.857430
vt 0.949321 0.866459
vt 0.937948 0.866459
vt 0.984221 0.857430
vt 0.995595 0.848400
vt 0.949321 0.857429
vt 0.937948 0.857430
vt 0.984221 0.848400
vt 0.995595 0.839371
vt 0.949321 0.848400
vt 0.937948 0.848400
vt 0.984221 0.839370
vt 0.995595 0.830341
vt 0.949321 0.839370
vt 0.937948 0.839371
vt 0.984221 0.830341
vt 0.995595 0.821312
vt 0.949321 0.830341
vt 0.937948 0.830341
vt 0.984221 0.821312
vt 0.949321 0.821312
vt 0.937948 0.821312
vt 0.937948 0.812283
vt 0.949321 0.812283
vt 0.937948 0.803253
vt 0.984221 0.812283
vt 0.995595 0.812283
vt 0.949321 0.803253
vt 0.937948 0.794224
vt 0.984221 0.803253
vt 0.995595 0.803254
vt 0.949321 0.794225
vt 0.984221 0.794225
vt 0.995595 0.794224
vt 0.995595 0.785195
vt 0.984221 0.785195
vt 0.995595 0.776166
vt 0.949321 0.785195
vt 0.937948 0.785195
vt 0.984221 0.776166
vt 0.995595 0.767137
vt 0.949321 0.776166
vt 0.937948 0.776165
vt 0.984221 0.767136
vt 0.949321 0.767136
vt 0.937948 0.767137
vt 0.937948 0.758107
vt 0.949321 0.758107
vt 0.937948 0.749078
vt 0.984221 0.758107
vt 0.995595 0.758107
vt 0.949321 0.749078
vt 0.937948 0.740049
vt 0.984221 0.749078
vt 0.995595 0.749078
vt 0.949321 0.740048
vt 0.937948 0.731019
vt 0.984221 0.740049
vt 0.995595 0.740049
vt 0.949321 0.731019
vt 0.937948 0.721990
vt 0.984221 0.731019
vt 0.995595 0.731019
vt 0.949321 0.721990
vt 0.937948 0.712960
vt 0.984221 0.721990
vt 0.995595 0.721990
vt 0.949321 0.712961
vt 0.937948 0.703931
vt 0.984221 0.712961
vt 0.995595 0.712960
vt 0.949321 0.703931
vt 0.937948 0.694902
vt 0.949321 0.694903
vt 0.984221 0.703931
vt 0.995595 0.703931
vt 0.984221 0.694902
vt 0.995595 0.694902
vt 0.888600 0.400918
vt 0.888600 0.393470
vt 0.883019 0.393470
vt 0.883019 0.400918
vt 0.888600 0.409592
vt 0.883019 0.409592
vt 0.888600 0.418899
vt 0.883019 0.418899
vt 0.883019 0.428207
vt 0.888600 0.428207
vt 0.883019 0.436881
vt 0.888600 0.436881
vt 0.883019 0.444328
vt 0.888600 0.444328
vt 0.984221 0.893547
vt 0.995595 0.920666
vt 0.995595 0.893546
vt 0.984221 0.920667
vt 0.995595 0.924409
vt 0.995002 0.927388
vt 0.993314 0.929915
vt 0.990788 0.931603
vt 0.987808 0.932196
vt 0.949321 0.893547
vt 0.949321 0.920667
vt 0.937948 0.893546
vt 0.945735 0.932196
vt 0.937948 0.920666
vt 0.942755 0.931603
vt 0.937948 0.924409
vt 0.940229 0.929915
vt 0.938541 0.927389
vt 0.577439 0.898897
vt 0.577439 0.902192
vt 0.588813 0.902192
vt 0.588813 0.898897
vt 0.623713 0.902192
vt 0.588813 0.895603
vt 0.577439 0.895603
vt 0.623713 0.895603
vt 0.623713 0.898897
vt 0.635086 0.902192
vt 0.635086 0.895603
vt 0.635086 0.898897
vt 0.984221 0.694902
vt 0.995595 0.694902
vt 0.995595 0.667782
vt 0.984221 0.667782
vt 0.995595 0.664040
vt 0.995002 0.661060
vt 0.993314 0.658534
vt 0.990788 0.656846
vt 0.987808 0.656253
vt 0.949321 0.694903
vt 0.949321 0.667782
vt 0.937948 0.694902
vt 0.945735 0.656253
vt 0.937948 0.667782
vt 0.942755 0.656846
vt 0.937948 0.664040
vt 0.940229 0.658534
vt 0.938540 0.661060
vt 0.839621 0.452517
vt 0.839620 0.446752
vt 0.873432 0.325614
vt 0.873433 0.331379
vt 0.761632 0.851175
vt 0.761632 0.856939
vt 0.761633 0.452517
vt 0.761633 0.446752
vt 0.582246 0.858295
vt 0.588813 0.869231
vt 0.585226 0.857702
vt 0.579720 0.859983
vt 0.578032 0.862509
vt 0.577439 0.865489
vt 0.577439 0.869231
vt 0.577439 0.895603
vt 0.588813 0.895603
vt 0.623713 0.869231
vt 0.627299 0.857702
vt 0.623713 0.895603
vt 0.630279 0.858295
vt 0.635086 0.895603
vt 0.632805 0.859983
vt 0.635086 0.869231
vt 0.634493 0.862509
vt 0.635086 0.865489
vt 0.582246 0.939500
vt 0.585226 0.940093
vt 0.588813 0.928563
vt 0.579720 0.937812
vt 0.578032 0.935285
vt 0.577439 0.932306
vt 0.577439 0.928563
vt 0.577439 0.902192
vt 0.588813 0.902192
vt 0.623713 0.928563
vt 0.627299 0.940093
vt 0.623713 0.902192
vt 0.630279 0.939500
vt 0.635086 0.902192
vt 0.632805 0.937812
vt 0.635086 0.928563
vt 0.634493 0.935285
vt 0.635086 0.932306
vt 0.563822 0.858295
vt 0.560842 0.857702
vt 0.557255 0.869231
vt 0.566348 0.859983
vt 0.568036 0.862509
vt 0.568629 0.865489
vt 0.568629 0.869231
vt 0.568629 0.895603
vt 0.557255 0.895603
vt 0.522355 0.869231
vt 0.518769 0.857702
vt 0.522356 0.895603
vt 0.515789 0.858295
vt 0.510982 0.895603
vt 0.513263 0.859983
vt 0.510982 0.869231
vt 0.511574 0.862509
vt 0.510982 0.865489
vt 0.563822 0.939500
vt 0.557255 0.928564
vt 0.560842 0.940093
vt 0.566348 0.937812
vt 0.568036 0.935286
vt 0.568629 0.932306
vt 0.568629 0.928563
vt 0.568629 0.902192
vt 0.557255 0.902192
vt 0.522355 0.928563
vt 0.518769 0.940093
vt 0.522356 0.902192
vt 0.515789 0.939500
vt 0.510982 0.902192
vt 0.513263 0.937812
vt 0.510982 0.928563
vt 0.511575 0.935286
vt 0.510982 0.932306
vt 0.004998 0.864252
vt 0.004405 0.867232
vt 0.015935 0.870819
vt 0.006686 0.861726
vt 0.009213 0.860038
vt 0.012192 0.859445
vt 0.015935 0.859445
vt 0.042306 0.859445
vt 0.042306 0.870819
vt 0.015935 0.905718
vt 0.004405 0.909305
vt 0.042306 0.905718
vt 0.004998 0.912285
vt 0.042306 0.917092
vt 0.006686 0.914811
vt 0.015935 0.917092
vt 0.009213 0.916499
vt 0.012192 0.917092
vt 0.086203 0.864252
vt 0.075267 0.870819
vt 0.086796 0.867232
vt 0.084515 0.861726
vt 0.081989 0.860038
vt 0.079009 0.859445
vt 0.075267 0.859445
vt 0.048895 0.859445
vt 0.048895 0.870819
vt 0.075267 0.905718
vt 0.086796 0.909305
vt 0.048895 0.905718
vt 0.086203 0.912285
vt 0.048895 0.917092
vt 0.084515 0.914811
vt 0.075266 0.917092
vt 0.081989 0.916499
vt 0.079009 0.917092
vt 0.449332 0.858295
vt 0.455898 0.869231
vt 0.452311 0.857702
vt 0.446805 0.859983
vt 0.445117 0.862509
vt 0.444524 0.865489
vt 0.444524 0.869231
vt 0.444524 0.895603
vt 0.455899 0.895603
vt 0.490797 0.869232
vt 0.494384 0.857702
vt 0.490797 0.895603
vt 0.497364 0.858295
vt 0.502171 0.895603
vt 0.499890 0.859983
vt 0.502171 0.869231
vt 0.501578 0.862509
vt 0.502171 0.865489
vt 0.449331 0.939500
vt 0.452311 0.940093
vt 0.455899 0.928563
vt 0.446805 0.937812
vt 0.445117 0.935285
vt 0.444524 0.932306
vt 0.444524 0.928563
vt 0.444524 0.902192
vt 0.455899 0.902192
vt 0.490798 0.928563
vt 0.494385 0.940093
vt 0.490798 0.902192
vt 0.497364 0.939500
vt 0.502171 0.902192
vt 0.499891 0.937812
vt 0.502171 0.928563
vt 0.501579 0.935286
vt 0.502171 0.932306
vn 0.000008 -1.000000 -0.000330
vn 0.000004 -1.000000 -0.000329
vn 0.000008 -1.000000 -0.000330
vn 0.000008 -1.000000 -0.000330
vn 0.000004 -1.000000 -0.000329
vn 0.000004 -1.000000 -0.000329
vn 0.000004 -1.000000 -0.000329
vn 0.000003 -1.000000 -0.000327
vn 0.000004 -1.000000 -0.000329
vn 0.000004 -1.000000 -0.000329
vn 0.000003 -1.000000 -0.000327
vn 0.000003 -1.000000 -0.000327
vn 0.000003 -1.000000 -0.000327
vn 0.000000 -1.000000 -0.000326
vn 0.000003 -1.000000 -0.000327
vn 0.000003 -1.000000 -0.000327
vn 0.000000 -1.000000 -0.000326
vn 0.000000 -1.000000 -0.000326
vn 0.000000 -1.000000 -0.000326
vn -0.000003 -1.000000 -0.000327
vn 0.000000 -1.000000 -0.000326
vn 0.000000 -1.000000 -0.000326
vn -0.000003 -1.000000 -0.000327
vn -0.000003 -1.000000 -0.000327
vn -0.000003 -1.000000 -0.000327
vn -0.000008 -1.000000 -0.000329
vn -0.000003 -1.000000 -0.000327
vn -0.000003 -1.000000 -0.000327
vn -0.000008 -1.000000 -0.000329
vn -0.000008 -1.000000 -0.000329
vn -0.000008 -1.000000 -0.000329
vn -0.000008 -1.000000 -0.000332
vn -0.000008 -1.000000 -0.000329
vn -0.000008 -1.000000 -0.000329
vn -0.000008 -1.000000 -0.000332
vn -0.000008 -1.000000 -0.000332
vn -0.000008 -1.000000 -0.000332
vn -0.000017 -1.000000 -0.000336
vn -0.000008 -1.000000 -0.000332
vn -0.000008 -1.000000 -0.000332
vn -0.000017 -1.000000 -0.000336
vn -0.000017 -1.000000 -0.000336
vn -0.000017 -1.000000 -0.000336
vn -0.000013 -1.000000 -0.000340
vn -0.000017 -1.000000 -0.000336
vn -0.000017 -1.000000 -0.000336
vn -0.000011 -1.000000 -0.000342
vn -0.000013 -1.000000 -0.000340
vn -0.000013 -1.000000 -0.000340
vn -0.000011 -1.000000 -0.000342
vn 0.000000 -1.000000 -0.000344
vn -0.000013 -1.000000 -0.000340
vn 0.000000 -1.000000 -0.000344
vn 0.000003 -1.000000 -0.000343
vn 0.000000 -1.000000 -0.000344
vn -0.000011 -1.000000 -0.000342
vn -0.000003 -1.000000 -0.000345
vn 0.000000 -1.000000 -0.000344
vn -0.000003 -1.000000 -0.000345
vn -0.000003 -1.000000 -0.000345
vn -0.000003 -1.000000 -0.000345
vn -0.000003 -1.000000 -0.000345
vn 0.098027 -0.995184 -0.000343
vn -0.000003 -1.000000 -0.000345
vn 0.098027 -0.995184 -0.000343
vn 0.098027 -0.995184 -0.000343
vn 0.098027 -0.995184 -0.000343
vn 0.098027 -0.995184 -0.000343
vn 0.382691 -0.923876 -0.000319
vn 0.098027 -0.995184 -0.000343
vn 0.382691 -0.923876 -0.000319
vn 0.382691 -0.923876 -0.000319
vn 0.382691 -0.923876 -0.000319
vn 0.382691 -0.923876 -0.000319
vn 0.707102 -0.707112 -0.000244
vn 0.382691 -0.923876 -0.000319
vn 0.707102 -0.707112 -0.000244
vn 0.707102 -0.707112 -0.000244
vn 0.707102 -0.707112 -0.000244
vn 0.707102 -0.707112 -0.000244
vn 0.923870 -0.382706 -0.000132
vn 0.707102 -0.707112 -0.000244
vn 0.923870 -0.382706 -0.000132
vn 0.923870 -0.382706 -0.000132
vn 0.923870 -0.382706 -0.000132
vn 0.923870 -0.382706 -0.000132
vn 0.995183 -0.098036 -0.000034
vn 0.923870 -0.382706 -0.000132
vn 0.995183 -0.098036 -0.000034
vn 0.995183 -0.098036 -0.000034
vn 0.995183 0.098036 0.000034
vn 0.995183 -0.098036 -0.000034
vn 0.995183 -0.098036 -0.000034
vn 0.995183 0.098036 0.000034
vn 0.995183 0.098036 0.000034
vn 0.995183 -0.098036 -0.000034
vn 0.923870 0.382706 0.000132
vn 0.995183 0.098036 0.000034
vn 0.995183 0.098036 0.000034
vn 0.923870 0.382706 0.000132
vn 0.923870 0.382706 0.000132
vn 0.995183 0.098036 0.000034
vn 0.707102 0.707112 0.000244
vn 0.923870 0.382706 0.000132
vn 0.923870 0.382706 0.000132
vn 0.707102 0.707112 0.000244
vn 0.707102 0.707112 0.000244
vn 0.923870 0.382706 0.000132
vn 0.382671 0.923885 0.000319
vn 0.707102 0.707112 0.000244
vn 0.707102 0.707112 0.000244
vn 0.382671 0.923885 0.000319
vn 0.382671 0.923885 0.000319
vn 0.707102 0.707112 0.000244
vn 0.098005 0.995186 0.000343
vn 0.382671 0.923885 0.000319
vn 0.382671 0.923885 0.000319
vn 0.098005 0.995186 0.000343
vn 0.098005 0.995186 0.000343
vn 0.382671 0.923885 0.000319
vn 0.000003 1.000000 0.000345
vn 0.098005 0.995186 0.000343
vn 0.098005 0.995186 0.000343
vn 0.000003 1.000000 0.000345
vn 0.000003 1.000000 0.000345
vn 0.098005 0.995186 0.000343
vn 0.000009 1.000000 0.000345
vn 0.000003 1.000000 0.000345
vn 0.000003 1.000000 0.000345
vn 0.000009 1.000000 0.000345
vn 0.000003 1.000000 0.000345
vn 0.000003 1.000000 0.000345
vn 0.000009 1.000000 0.000345
vn 0.000003 1.000000 0.000345
vn 0.000003 1.000000 0.000345
vn 0.000009 1.000000 0.000345
vn 0.000011 1.000000 0.000345
vn 0.000003 1.000000 0.000345
vn 0.000000 1.000000 0.000345
vn 0.000011 1.000000 0.000345
vn 0.000009 1.000000 0.000345
vn 0.000000 1.000000 0.000345
vn 0.000009 1.000000 0.000345
vn 0.000000 1.000000 0.000345
vn -0.000017 1.000000 0.000345
vn 0.000000 1.000000 0.000345
vn 0.000000 1.000000 0.000345
vn -0.000017 1.000000 0.000345
vn 0.000000 1.000000 0.000345
vn -0.000017 1.000000 0.000345
vn -0.000004 1.000000 0.000345
vn -0.000017 1.000000 0.000345
vn -0.000017 1.000000 0.000345
vn -0.000004 1.000000 0.000345
vn -0.000017 1.000000 0.000345
vn -0.000004 1.000000 0.000345
vn 0.000003 1.000000 0.000345
vn -0.000004 1.000000 0.000345
vn -0.000004 1.000000 0.000345
vn 0.000003 1.000000 0.000345
vn -0.000004 1.000000 0.000345
vn 0.000003 1.000000 0.000345
vn 0.000002 1.000000 0.000345
vn 0.000003 1.000000 0.000345
vn 0.000003 1.000000 0.000345
vn 0.000002 1.000000 0.000345
vn 0.000003 1.000000 0.000345
vn 0.000002 1.000000 0.000345
vn -0.000001 1.000000 0.000345
vn 0.000002 1.000000 0.000345
vn 0.000002 1.000000 0.000345
vn -0.000001 1.000000 0.000345
vn 0.000002 1.000000 0.000345
vn -0.000001 1.000000 0.000345
vn 0.000004 1.000000 0.000345
vn -0.000001 1.000000 0.000345
vn -0.000001 1.000000 0.000345
vn 0.000004 1.000000 0.000345
vn -0.000001 1.000000 0.000345
vn 0.000004 1.000000 0.000345
vn 0.000017 1.000000 0.000345
vn 0.000004 1.000000 0.000345
vn 0.000004 1.000000 0.000345
vn 0.000017 1.000000 0.000345
vn 0.000004 1.000000 0.000345
vn 0.000017 1.000000 0.000345
vn 0.000008 1.000000 0.000345
vn 0.000017 1.000000 0.000345
vn 0.000017 1.000000 0.000345
vn 0.000008 1.000000 0.000345
vn 0.000017 1.000000 0.000345
vn 0.000008 1.000000 0.000345
vn 0.000000 1.000000 0.000345
vn 0.000008 1.000000 0.000345
vn 0.000008 1.000000 0.000345
vn 0.000000 1.000000 0.000345
vn 0.000008 1.000000 0.000345
vn 0.000000 1.000000 0.000345
vn 0.000000 1.000000 0.000345
vn 0.000000 1.000000 0.000345
vn 0.000000 1.000000 0.000345
vn 0.000000 1.000000 0.000345
vn 0.000000 1.000000 0.000345
vn 0.000000 1.000000 0.000345
vn 0.000000 1.000000 0.000345
vn 0.000000 1.000000 0.000345
vn -0.000008 1.000000 0.000345
vn 0.000000 1.000000 0.000345
vn -0.000008 1.000000 0.000345
vn -0.000008 1.000000 0.000345
vn -0.000008 1.000000 0.000345
vn -0.000008 1.000000 0.000345
vn -0.000004 1.000000 0.000345
vn -0.000008 1.000000 0.000345
vn -0.000004 1.000000 0.000345
vn -0.000004 1.000000 0.000345
vn -0.000004 1.000000 0.000345
vn -0.000004 1.000000 0.000345
vn 0.000004 1.000000 0.000345
vn -0.000004 1.000000 0.000345
vn 0.000004 1.000000 0.000345
vn 0.000004 1.000000 0.000345
vn 0.000004 1.000000 0.000345
vn 0.000004 1.000000 0.000345
vn 0.000000 1.000000 0.000345
vn 0.000004 1.000000 0.000345
vn 0.000000 1.000000 0.000345
vn 0.000000 1.000000 0.000345
vn 0.000000 1.000000 0.000345
vn 0.000000 1.000000 0.000345
vn -0.000008 1.000000 0.000345
vn 0.000000 1.000000 0.000345
vn -0.000008 1.000000 0.000345
vn -0.000008 1.000000 0.000345
vn -0.000008 1.000000 0.000345
vn -0.000008 1.000000 0.000345
vn 0.000000 1.000000 0.000345
vn -0.000008 1.000000 0.000345
vn 0.000000 1.000000 0.000345
vn 0.000000 1.000000 0.000345
vn 0.000000 1.000000 0.000345
vn 0.000000 1.000000 0.000345
vn 0.000008 1.000000 0.000345
vn 0.000000 1.000000 0.000345
vn 0.000008 1.000000 0.000345
vn 0.000008 1.000000 0.000345
vn 0.000008 1.000000 0.000345
vn 0.000008 1.000000 0.000345
vn 0.000004 1.000000 0.000345
vn 0.000008 1.000000 0.000345
vn 0.000004 1.000000 0.000345
vn 0.000004 1.000000 0.000345
vn 0.000004 1.000000 0.000345
vn 0.000004 1.000000 0.000345
vn -0.000004 1.000000 0.000345
vn 0.000004 1.000000 0.000345
vn -0.000004 1.000000 0.000345
vn -0.000004 1.000000 0.000345
vn -0.000004 1.000000 0.000345
vn -0.000004 1.000000 0.000345
vn -0.000008 1.000000 0.000345
vn -0.000004 1.000000 0.000345
vn -0.000008 1.000000 0.000345
vn -0.000008 1.000000 0.000345
vn -0.000008 1.000000 0.000345
vn -0.000008 1.000000 0.000345
vn -0.000000 1.000000 0.000345
vn -0.000008 1.000000 0.000345
vn -0.000000 1.000000 0.000345
vn 0.000000 1.000000 0.000345
vn -0.000000 1.000000 0.000345
vn 0.000000 1.000000 0.000345
vn 0.000000 1.000000 0.000345
vn -0.000000 1.000000 0.000345
vn -0.000000 1.000000 0.000345
vn 0.000000 1.000000 0.000345
vn -0.000000 1.000000 0.000345
vn 0.000000 1.000000 0.000345
vn 0.000000 1.000000 0.000345
vn -0.000000 1.000000 0.000345
vn -0.000001 1.000000 0.000345
vn -0.000000 1.000000 0.000345
vn -0.000000 1.000000 0.000345
vn 0.000000 1.000000 0.000345
vn 0.000000 1.000000 0.000345
vn 0.000003 1.000000 0.000345
vn 0.000000 1.000000 0.000345
vn 0.000000 1.000000 0.000345
vn 0.000003 1.000000 0.000345
vn 0.000003 1.000000 0.000345
vn 0.000000 1.000000 0.000345
vn -0.000000 1.000000 0.000345
vn -0.000001 1.000000 0.000345
vn -0.000001 1.000000 0.000345
vn -0.000001 1.000000 0.000345
vn 0.098027 0.995184 0.000343
vn -0.000001 1.000000 0.000345
vn -0.000001 1.000000 0.000345
vn 0.098027 0.995184 0.000343
vn 0.098027 0.995184 0.000343
vn 0.098027 0.995184 0.000343
vn 0.382692 0.923876 0.000319
vn 0.098027 0.995184 0.000343
vn 0.098027 0.995184 0.000343
vn 0.382692 0.923876 0.000319
vn 0.382692 0.923876 0.000319
vn 0.382692 0.923876 0.000319
vn 0.707102 0.707112 0.000244
vn 0.382692 0.923876 0.000319
vn 0.382692 0.923876 0.000319
vn 0.707102 0.707112 0.000244
vn 0.707102 0.707112 0.000244
vn 0.707102 0.707112 0.000244
vn 0.923870 0.382706 0.000132
vn 0.707102 0.707112 0.000244
vn 0.707102 0.707112 0.000244
vn 0.923870 0.382706 0.000132
vn 0.923870 0.382706 0.000132
vn 0.923870 0.382706 0.000132
vn 0.995183 0.098036 0.000034
vn 0.923870 0.382706 0.000132
vn 0.923870 0.382706 0.000132
vn 0.995183 0.098036 0.000034
vn 0.995183 0.098036 0.000034
vn 0.995183 0.098036 0.000034
vn 0.995183 -0.098036 -0.000034
vn 0.995183 0.098036 0.000034
vn 0.995183 0.098036 0.000034
vn 0.995183 -0.098036 -0.000034
vn 0.995183 -0.098036 -0.000034
vn 0.923870 -0.382706 -0.000132
vn 0.995183 -0.098036 -0.000034
vn 0.995183 -0.098036 -0.000034
vn 0.923870 -0.382706 -0.000132
vn 0.995183 -0.098036 -0.000034
vn 0.923870 -0.382706 -0.000132
vn 0.707102 -0.707112 -0.000244
vn 0.923870 -0.382706 -0.000132
vn 0.923870 -0.382706 -0.000132
vn 0.707102 -0.707112 -0.000244
vn 0.923870 -0.382706 -0.000132
vn 0.707102 -0.707112 -0.000244
vn 0.382692 -0.923876 -0.000319
vn 0.707102 -0.707112 -0.000244
vn 0.707102 -0.707112 -0.000244
vn 0.382692 -0.923876 -0.000319
vn 0.707102 -0.707112 -0.000244
vn 0.382692 -0.923876 -0.000319
vn 0.098027 -0.995184 -0.000343
vn 0.382692 -0.923876 -0.000319
vn 0.382692 -0.923876 -0.000319
vn 0.098027 -0.995184 -0.000343
vn 0.382692 -0.923876 -0.000319
vn 0.098027 -0.995184 -0.000343
vn -0.000003 -1.000000 -0.000345
vn 0.098027 -0.995184 -0.000343
vn 0.098027 -0.995184 -0.000343
vn -0.000003 -1.000000 -0.000345
vn 0.098027 -0.995184 -0.000343
vn -0.000003 -1.000000 -0.000345
vn -0.000010 -1.000000 -0.000347
vn -0.000003 -1.000000 -0.000345
vn -0.000003 -1.000000 -0.000345
vn -0.000010 -1.000000 -0.000347
vn -0.000003 -1.000000 -0.000345
vn -0.000015 -1.000000 -0.000348
vn -0.000019 -1.000000 -0.000350
vn -0.000010 -1.000000 -0.000347
vn -0.000015 -1.000000 -0.000348
vn -0.000015 -1.000000 -0.000355
vn -0.000019 -1.000000 -0.000350
vn -0.000015 -1.000000 -0.000348
vn -0.000019 -1.000000 -0.000350
vn -0.000013 -1.000000 -0.000348
vn -0.000010 -1.000000 -0.000347
vn -0.000015 -1.000000 -0.000355
vn -0.000015 -1.000000 -0.000355
vn -0.000019 -1.000000 -0.000350
vn -0.000017 -1.000000 -0.000358
vn -0.000015 -1.000000 -0.000355
vn -0.000015 -1.000000 -0.000355
vn -0.000017 -1.000000 -0.000358
vn -0.000017 -1.000000 -0.000358
vn -0.000015 -1.000000 -0.000355
vn -0.000008 -1.000000 -0.000361
vn -0.000017 -1.000000 -0.000358
vn -0.000017 -1.000000 -0.000358
vn -0.000008 -1.000000 -0.000361
vn -0.000008 -1.000000 -0.000361
vn -0.000017 -1.000000 -0.000358
vn 0.000000 -1.000000 -0.000363
vn -0.000008 -1.000000 -0.000361
vn -0.000008 -1.000000 -0.000361
vn 0.000000 -1.000000 -0.000363
vn 0.000000 -1.000000 -0.000363
vn -0.000008 -1.000000 -0.000361
vn 0.000000 -1.000000 -0.000364
vn 0.000000 -1.000000 -0.000363
vn 0.000000 -1.000000 -0.000363
vn 0.000000 -1.000000 -0.000364
vn 0.000000 -1.000000 -0.000364
vn 0.000000 -1.000000 -0.000363
vn 0.000000 -1.000000 -0.000363
vn 0.000000 -1.000000 -0.000364
vn 0.000000 -1.000000 -0.000364
vn 0.000000 -1.000000 -0.000363
vn 0.000000 -1.000000 -0.000363
vn 0.000000 -1.000000 -0.000364
vn 0.000004 -1.000000 -0.000361
vn 0.000000 -1.000000 -0.000363
vn 0.000000 -1.000000 -0.000363
vn 0.000004 -1.000000 -0.000361
vn 0.000004 -1.000000 -0.000361
vn 0.000000 -1.000000 -0.000363
vn 0.000008 -1.000000 -0.000360
vn 0.000004 -1.000000 -0.000361
vn 0.000004 -1.000000 -0.000361
vn 0.000008 -1.000000 -0.000360
vn 0.000008 -1.000000 -0.000360
vn 0.000004 -1.000000 -0.000361
vn 0.866030 0.000173 -0.499992
vn 0.923872 0.000132 -0.382701
vn 0.923870 0.000132 -0.382707
vn 0.866030 0.000173 -0.499992
vn 0.923870 0.000132 -0.382707
vn 0.866027 0.000173 -0.499997
vn 0.707113 0.000244 -0.707101
vn 0.866030 0.000173 -0.499992
vn 0.866027 0.000173 -0.499997
vn 0.866027 0.000173 -0.499997
vn 0.923870 0.000132 -0.382707
vn 0.923871 0.000132 -0.382703
vn 0.707113 0.000244 -0.707101
vn 0.866027 0.000173 -0.499997
vn 0.707112 0.000244 -0.707101
vn 0.499995 0.000299 -0.866028
vn 0.707113 0.000244 -0.707101
vn 0.707112 0.000244 -0.707101
vn 0.866027 0.000173 -0.499997
vn 0.923871 0.000132 -0.382703
vn 0.866027 0.000173 -0.499998
vn 0.707112 0.000244 -0.707101
vn 0.866027 0.000173 -0.499997
vn 0.866027 0.000173 -0.499998
vn 0.866027 0.000173 -0.499998
vn 0.923871 0.000132 -0.382703
vn 0.923875 0.000132 -0.382693
vn 0.866027 0.000173 -0.499998
vn 0.923875 0.000132 -0.382693
vn 0.866028 0.000173 -0.499995
vn 0.707112 0.000244 -0.707101
vn 0.866027 0.000173 -0.499998
vn 0.866028 0.000173 -0.499995
vn 0.707112 0.000244 -0.707101
vn 0.866027 0.000173 -0.499998
vn 0.707112 0.000244 -0.707101
vn 0.707112 0.000244 -0.707101
vn 0.866028 0.000173 -0.499995
vn 0.707112 0.000244 -0.707101
vn 0.499995 0.000299 -0.866028
vn 0.707112 0.000244 -0.707101
vn 0.499997 0.000299 -0.866027
vn 0.499997 0.000299 -0.866027
vn 0.707112 0.000244 -0.707101
vn 0.707112 0.000244 -0.707101
vn 0.258823 0.000333 -0.965925
vn 0.499995 0.000299 -0.866028
vn 0.499997 0.000299 -0.866027
vn 0.499999 0.000299 -0.866026
vn 0.707112 0.000244 -0.707101
vn 0.707112 0.000244 -0.707101
vn 0.499997 0.000299 -0.866027
vn 0.707112 0.000244 -0.707101
vn 0.499999 0.000299 -0.866026
vn 0.499999 0.000299 -0.866026
vn 0.707112 0.000244 -0.707101
vn 0.500000 0.000299 -0.866025
vn 0.258823 0.000333 -0.965925
vn 0.499997 0.000299 -0.866027
vn 0.258822 0.000333 -0.965925
vn 0.258822 0.000333 -0.965925
vn 0.499997 0.000299 -0.866027
vn 0.499999 0.000299 -0.866026
vn 0.000000 0.000345 -1.000000
vn 0.258823 0.000333 -0.965925
vn 0.258822 0.000333 -0.965925
vn 0.258822 0.000333 -0.965925
vn 0.499999 0.000299 -0.866026
vn 0.500000 0.000299 -0.866025
vn 0.258822 0.000333 -0.965925
vn 0.499999 0.000299 -0.866026
vn 0.258822 0.000333 -0.965925
vn 0.258822 0.000333 -0.965925
vn 0.500000 0.000299 -0.866025
vn 0.258823 0.000333 -0.965925
vn 0.000000 0.000345 -1.000000
vn 0.258822 0.000333 -0.965925
vn -0.000001 0.000345 -1.000000
vn -0.000001 0.000345 -1.000000
vn 0.258822 0.000333 -0.965925
vn 0.258822 0.000333 -0.965925
vn -0.258821 0.000333 -0.965925
vn 0.000000 0.000345 -1.000000
vn -0.000001 0.000345 -1.000000
vn -0.000001 0.000345 -1.000000
vn 0.258822 0.000333 -0.965925
vn 0.258823 0.000333 -0.965925
vn -0.000001 0.000345 -1.000000
vn 0.258822 0.000333 -0.965925
vn -0.000001 0.000345 -1.000000
vn -0.000001 0.000345 -1.000000
vn 0.258823 0.000333 -0.965925
vn -0.000001 0.000345 -1.000000
vn -0.258821 0.000333 -0.965925
vn -0.000001 0.000345 -1.000000
vn -0.258820 0.000333 -0.965925
vn -0.258820 0.000333 -0.965925
vn -0.000001 0.000345 -1.000000
vn -0.000001 0.000345 -1.000000
vn -0.500005 0.000299 -0.866023
vn -0.258821 0.000333 -0.965925
vn -0.258820 0.000333 -0.965925
vn -0.258820 0.000333 -0.965926
vn -0.000001 0.000345 -1.000000
vn -0.000001 0.000345 -1.000000
vn -0.258820 0.000333 -0.965925
vn -0.000001 0.000345 -1.000000
vn -0.258820 0.000333 -0.965926
vn -0.258820 0.000333 -0.965926
vn -0.000001 0.000345 -1.000000
vn -0.258820 0.000333 -0.965925
vn -0.500005 0.000299 -0.866023
vn -0.258820 0.000333 -0.965925
vn -0.500005 0.000299 -0.866023
vn -0.500005 0.000299 -0.866023
vn -0.258820 0.000333 -0.965925
vn -0.258820 0.000333 -0.965926
vn -0.707105 0.000244 -0.707108
vn -0.500005 0.000299 -0.866023
vn -0.500005 0.000299 -0.866023
vn -0.500003 0.000299 -0.866023
vn -0.258820 0.000333 -0.965926
vn -0.258820 0.000333 -0.965925
vn -0.500005 0.000299 -0.866023
vn -0.258820 0.000333 -0.965926
vn -0.500003 0.000299 -0.866023
vn -0.500003 0.000299 -0.866023
vn -0.258820 0.000333 -0.965925
vn -0.500002 0.000299 -0.866024
vn -0.707105 0.000244 -0.707108
vn -0.500005 0.000299 -0.866023
vn -0.707105 0.000244 -0.707109
vn -0.707105 0.000244 -0.707109
vn -0.500005 0.000299 -0.866023
vn -0.500003 0.000299 -0.866023
vn -0.707106 0.000244 -0.707108
vn -0.500003 0.000299 -0.866023
vn -0.500002 0.000299 -0.866024
vn -0.707105 0.000244 -0.707109
vn -0.500003 0.000299 -0.866023
vn -0.707106 0.000244 -0.707108
vn -0.707106 0.000244 -0.707108
vn -0.500002 0.000299 -0.866024
vn -0.707106 0.000244 -0.707107
vn -0.866024 0.000173 -0.500002
vn -0.707106 0.000244 -0.707108
vn -0.707106 0.000244 -0.707107
vn -0.866024 0.000173 -0.500002
vn -0.866024 0.000173 -0.500003
vn -0.707106 0.000244 -0.707108
vn -0.866024 0.000173 -0.500003
vn -0.707105 0.000244 -0.707109
vn -0.707106 0.000244 -0.707108
vn -0.965928 0.000089 -0.258812
vn -0.866024 0.000173 -0.500003
vn -0.866024 0.000173 -0.500002
vn -0.866024 0.000173 -0.500003
vn -0.707105 0.000244 -0.707108
vn -0.707105 0.000244 -0.707109
vn -0.866024 0.000173 -0.500003
vn -0.866024 0.000173 -0.500003
vn -0.707105 0.000244 -0.707109
vn -0.866024 0.000173 -0.500003
vn -0.866024 0.000173 -0.500002
vn -0.707105 0.000244 -0.707108
vn -0.965928 0.000089 -0.258812
vn -0.965927 0.000089 -0.258813
vn -0.866024 0.000173 -0.500003
vn -0.965927 0.000089 -0.258813
vn -0.866024 0.000173 -0.500003
vn -0.866024 0.000173 -0.500003
vn -1.000000 -0.000000 0.000001
vn -0.965927 0.000089 -0.258813
vn -0.965928 0.000089 -0.258812
vn -0.965927 0.000089 -0.258815
vn -0.866024 0.000173 -0.500002
vn -0.866024 0.000173 -0.500003
vn -0.965927 0.000089 -0.258813
vn -0.965927 0.000089 -0.258815
vn -0.866024 0.000173 -0.500003
vn -0.965927 0.000089 -0.258815
vn -0.965927 0.000089 -0.258815
vn -0.866024 0.000173 -0.500002
vn -1.000000 -0.000000 0.000001
vn -1.000000 -0.000000 0.000000
vn -0.965927 0.000089 -0.258813
vn -1.000000 -0.000000 0.000000
vn -0.965927 0.000089 -0.258815
vn -0.965927 0.000089 -0.258813
vn -1.000000 -0.000000 0.000000
vn -0.965927 0.000089 -0.258815
vn -0.965927 0.000089 -0.258815
vn -1.000000 -0.000000 0.000000
vn -1.000000 -0.000000 0.000000
vn -0.965927 0.000089 -0.258815
vn -1.000000 -0.000000 0.000000
vn -1.000000 -0.000000 0.000001
vn -0.965927 0.000089 -0.258815
vn -1.000000 -0.000000 0.000000
vn -0.965927 -0.000089 0.258815
vn -1.000000 -0.000000 0.000001
vn -1.000000 -0.000000 0.000000
vn -0.965927 -0.000089 0.258815
vn -0.965927 -0.000089 0.258815
vn -1.000000 -0.000000 0.000000
vn -0.965927 -0.000089 0.258815
vn -1.000000 -0.000000 0.000000
vn -0.965927 -0.000089 0.258815
vn -0.866024 -0.000173 0.500002
vn -0.965927 -0.000089 0.258815
vn -1.000000 -0.000000 0.000001
vn -0.965927 -0.000089 0.258813
vn -1.000000 -0.000000 0.000000
vn -1.000000 -0.000000 0.000000
vn -0.965927 -0.000089 0.258813
vn -0.965927 -0.000089 0.258815
vn -1.000000 -0.000000 0.000001
vn -0.965928 -0.000089 0.258812
vn -0.965927 -0.000089 0.258813
vn -0.965927 -0.000089 0.258815
vn -0.866024 -0.000173 0.500002
vn -0.866024 -0.000173 0.500002
vn -0.965927 -0.000089 0.258813
vn -0.866024 -0.000173 0.500002
vn -0.965927 -0.000089 0.258815
vn -0.866024 -0.000173 0.500002
vn -0.707103 -0.000244 0.707111
vn -0.866024 -0.000173 0.500002
vn -0.965928 -0.000089 0.258812
vn -0.866025 -0.000173 0.500001
vn -0.965927 -0.000089 0.258813
vn -0.965927 -0.000089 0.258813
vn -0.866025 -0.000173 0.500001
vn -0.866024 -0.000173 0.500002
vn -0.965928 -0.000089 0.258812
vn -0.866024 -0.000173 0.500002
vn -0.866025 -0.000173 0.500001
vn -0.866024 -0.000173 0.500002
vn -0.707105 -0.000244 0.707108
vn -0.707103 -0.000244 0.707111
vn -0.866025 -0.000173 0.500001
vn -0.707105 -0.000244 0.707108
vn -0.866024 -0.000173 0.500002
vn -0.866024 -0.000173 0.500002
vn -0.707107 -0.000244 0.707106
vn -0.866025 -0.000173 0.500001
vn -0.866025 -0.000173 0.500001
vn -0.707107 -0.000244 0.707106
vn -0.707105 -0.000244 0.707108
vn -0.866024 -0.000173 0.500002
vn -0.707106 -0.000244 0.707107
vn -0.707107 -0.000244 0.707106
vn -0.707107 -0.000244 0.707106
vn -0.707106 -0.000244 0.707107
vn -0.500002 -0.000299 0.866024
vn -0.707107 -0.000244 0.707106
vn -0.500002 -0.000299 0.866024
vn -0.500004 -0.000299 0.866023
vn -0.707105 -0.000244 0.707108
vn -0.707107 -0.000244 0.707106
vn -0.500004 -0.000299 0.866023
vn -0.500004 -0.000299 0.866023
vn -0.500002 -0.000299 0.866024
vn -0.258820 -0.000333 0.965925
vn -0.707103 -0.000244 0.707111
vn -0.707105 -0.000244 0.707108
vn -0.500004 -0.000299 0.866023
vn -0.707105 -0.000244 0.707108
vn -0.500004 -0.000299 0.866023
vn -0.500004 -0.000299 0.866023
vn -0.707103 -0.000244 0.707111
vn -0.500004 -0.000299 0.866023
vn -0.500002 -0.000299 0.866024
vn -0.500004 -0.000299 0.866023
vn -0.258820 -0.000333 0.965925
vn -0.258820 -0.000333 0.965926
vn -0.500004 -0.000299 0.866023
vn -0.500004 -0.000299 0.866023
vn -0.258820 -0.000333 0.965926
vn -0.258820 -0.000333 0.965926
vn -0.258820 -0.000333 0.965925
vn -0.000001 -0.000345 1.000000
vn -0.500002 -0.000299 0.866024
vn -0.500004 -0.000299 0.866023
vn -0.258820 -0.000333 0.965925
vn -0.500004 -0.000299 0.866023
vn -0.258820 -0.000333 0.965926
vn -0.258820 -0.000333 0.965925
vn -0.500002 -0.000299 0.866024
vn -0.258820 -0.000333 0.965925
vn -0.258821 -0.000333 0.965925
vn -0.258820 -0.000333 0.965926
vn -0.000001 -0.000345 1.000000
vn -0.000001 -0.000345 1.000000
vn -0.258820 -0.000333 0.965925
vn -0.258820 -0.000333 0.965926
vn -0.000001 -0.000345 1.000000
vn -0.000001 -0.000345 1.000000
vn -0.000001 -0.000345 1.000000
vn 0.258823 -0.000333 0.965925
vn -0.258821 -0.000333 0.965925
vn -0.258820 -0.000333 0.965925
vn -0.000001 -0.000345 1.000000
vn -0.258820 -0.000333 0.965925
vn -0.000001 -0.000345 1.000000
vn -0.000001 -0.000345 1.000000
vn -0.258821 -0.000333 0.965925
vn -0.000001 -0.000345 1.000000
vn 0.000000 -0.000345 1.000000
vn -0.000001 -0.000345 1.000000
vn 0.258823 -0.000333 0.965925
vn 0.258822 -0.000333 0.965925
vn -0.000001 -0.000345 1.000000
vn -0.000001 -0.000345 1.000000
vn 0.258822 -0.000333 0.965925
vn 0.258822 -0.000333 0.965925
vn 0.258823 -0.000333 0.965925
vn 0.500000 -0.000299 0.866025
vn 0.000000 -0.000345 1.000000
vn -0.000001 -0.000345 1.000000
vn 0.258822 -0.000333 0.965925
vn -0.000001 -0.000345 1.000000
vn 0.258822 -0.000333 0.965925
vn 0.258822 -0.000333 0.965925
vn 0.000000 -0.000345 1.000000
vn 0.258822 -0.000333 0.965925
vn 0.258823 -0.000333 0.965925
vn 0.258822 -0.000333 0.965925
vn 0.500000 -0.000299 0.866025
vn 0.499999 -0.000299 0.866026
vn 0.258822 -0.000333 0.965925
vn 0.258822 -0.000333 0.965925
vn 0.499999 -0.000299 0.866026
vn 0.499999 -0.000299 0.866026
vn 0.500000 -0.000299 0.866025
vn 0.707112 -0.000244 0.707101
vn 0.258823 -0.000333 0.965925
vn 0.258822 -0.000333 0.965925
vn 0.499997 -0.000299 0.866027
vn 0.258822 -0.000333 0.965925
vn 0.499999 -0.000299 0.866026
vn 0.499997 -0.000299 0.866027
vn 0.258823 -0.000333 0.965925
vn 0.499997 -0.000299 0.866027
vn 0.499995 -0.000299 0.866028
vn 0.499999 -0.000299 0.866026
vn 0.707112 -0.000244 0.707101
vn 0.707112 -0.000244 0.707101
vn 0.499997 -0.000299 0.866027
vn 0.499999 -0.000299 0.866026
vn 0.707112 -0.000244 0.707101
vn 0.707112 -0.000244 0.707101
vn 0.707112 -0.000244 0.707101
vn 0.866028 -0.000173 0.499995
vn 0.499995 -0.000299 0.866028
vn 0.499997 -0.000299 0.866027
vn 0.707112 -0.000244 0.707101
vn 0.499997 -0.000299 0.866027
vn 0.707112 -0.000244 0.707101
vn 0.707112 -0.000244 0.707101
vn 0.499995 -0.000299 0.866028
vn 0.707112 -0.000244 0.707101
vn 0.707113 -0.000244 0.707101
vn 0.707112 -0.000244 0.707101
vn 0.866028 -0.000173 0.499995
vn 0.866027 -0.000173 0.499998
vn 0.707112 -0.000244 0.707101
vn 0.707112 -0.000244 0.707101
vn 0.866027 -0.000173 0.499998
vn 0.866027 -0.000173 0.499998
vn 0.866028 -0.000173 0.499995
vn 0.923875 -0.000132 0.382693
vn 0.866027 -0.000173 0.499998
vn 0.923875 -0.000132 0.382693
vn 0.923871 -0.000132 0.382703
vn 0.707113 -0.000244 0.707101
vn 0.707112 -0.000244 0.707101
vn 0.866027 -0.000173 0.499997
vn 0.707112 -0.000244 0.707101
vn 0.866027 -0.000173 0.499998
vn 0.866027 -0.000173 0.499997
vn 0.866027 -0.000173 0.499997
vn 0.866027 -0.000173 0.499998
vn 0.923871 -0.000132 0.382703
vn 0.707113 -0.000244 0.707101
vn 0.866027 -0.000173 0.499997
vn 0.866030 -0.000173 0.499992
vn 0.866027 -0.000173 0.499997
vn 0.923871 -0.000132 0.382703
vn 0.923870 -0.000132 0.382707
vn 0.866030 -0.000173 0.499992
vn 0.866027 -0.000173 0.499997
vn 0.923870 -0.000132 0.382707
vn 0.866030 -0.000173 0.499992
vn 0.923870 -0.000132 0.382707
vn 0.923872 -0.000132 0.382701
vn 0.000004 -1.000000 -0.000340
vn 0.000025 -1.000000 -0.000334
vn 0.000025 -1.000000 -0.000334
vn 0.000004 -1.000000 -0.000340
vn 0.000004 -1.000000 -0.000340
vn 0.000025 -1.000000 -0.000334
vn -0.000004 -1.000000 -0.000345
vn 0.000004 -1.000000 -0.000340
vn 0.000004 -1.000000 -0.000340
vn -0.000004 -1.000000 -0.000345
vn -0.000004 -1.000000 -0.000345
vn 0.000004 -1.000000 -0.000340
vn -0.000004 -1.000000 -0.000345
vn -0.000004 -1.000000 -0.000345
vn -0.000004 -1.000000 -0.000345
vn -0.000004 -1.000000 -0.000345
vn -0.000004 -1.000000 -0.000345
vn -0.000004 -1.000000 -0.000345
vn -0.000004 -1.000000 -0.000345
vn -0.000008 -1.000000 -0.000345
vn -0.000004 -1.000000 -0.000345
vn -0.000004 -1.000000 -0.000345
vn -0.000008 -1.000000 -0.000345
vn -0.000008 -1.000000 -0.000345
vn -0.000008 -1.000000 -0.000345
vn 0.000000 -1.000000 -0.000351
vn -0.000008 -1.000000 -0.000345
vn -0.000008 -1.000000 -0.000345
vn 0.000000 -1.000000 -0.000351
vn 0.000000 -1.000000 -0.000351
vn 0.000000 -1.000000 -0.000351
vn 0.000000 -1.000000 -0.000356
vn 0.000000 -1.000000 -0.000351
vn 0.000000 -1.000000 -0.000351
vn 0.000000 -1.000000 -0.000356
vn 0.000000 -1.000000 -0.000356
vn 0.000000 0.000345 -1.000000
vn 0.000000 0.000345 -1.000000
vn 0.000000 0.000345 -1.000000
vn 0.000000 0.000345 -1.000000
vn 0.000000 0.000345 -1.000000
vn 0.000000 0.000345 -1.000000
vn 0.000000 0.000345 -1.000000
vn 0.000000 0.000345 -1.000000
vn 0.000000 0.000345 -1.000000
vn 0.000000 0.000345 -1.000000
vn 0.000000 0.000345 -1.000000
vn 0.000000 0.000345 -1.000000
vn 0.000000 0.000345 -1.000000
vn 0.000000 0.000345 -1.000000
vn 0.000000 0.000345 -1.000000
vn 0.000000 0.000345 -1.000000
vn 0.000000 0.000345 -1.000000
vn 0.000000 0.000345 -1.000000
vn 0.000000 0.000345 -1.000000
vn 0.000000 0.000345 -1.000000
vn 0.000000 0.000345 -1.000000
vn 0.000000 0.000345 -1.000000
vn 0.000000 0.000345 -1.000000
vn 0.000000 0.000345 -1.000000
vn 0.000000 0.000345 -1.000000
vn 0.000000 0.000345 -1.000000
vn 0.000000 0.000345 -1.000000
vn 0.000000 0.000345 -1.000000
vn 0.000000 0.000345 -1.000000
vn 0.000000 0.000345 -1.000000
vn 0.000000 0.000345 -1.000000
vn 0.000000 0.000345 -1.000000
vn 0.000000 0.000345 -1.000000
vn 0.000000 0.000345 -1.000000
vn 0.000000 0.000345 -1.000000
vn 0.000000 0.000345 -1.000000
vn 0.000000 0.000345 -1.000000
vn 0.000000 0.000345 -1.000000
vn 0.000000 0.000345 -1.000000
vn 0.000000 0.000345 -1.000000
vn 0.000000 0.000345 -1.000000
vn 0.000000 0.000345 -1.000000
vn 0.000000 0.000345 -1.000000
vn 0.000000 0.000345 -1.000000
vn 0.000000 0.000345 -1.000000
vn 0.000000 0.000345 -1.000000
vn 0.000000 0.000345 -1.000000
vn 0.000000 0.000345 -1.000000
vn 0.000000 0.000345 -1.000000
vn 0.000000 0.000345 -1.000000
vn 0.000000 0.000345 -1.000000
vn 0.000000 0.000345 -1.000000
vn 0.000000 0.000345 -1.000000
vn 0.000000 0.000345 -1.000000
vn 1.000000 0.000000 0.000000
vn 0.991440 0.000045 -0.130564
vn 0.991443 0.000045 -0.130538
vn 1.000000 0.000000 0.000000
vn 1.000000 0.000000 0.000000
vn 0.991440 0.000045 -0.130564
vn 1.000000 0.000000 0.000000
vn 0.991437 0.000045 -0.130586
vn 0.991440 0.000045 -0.130564
vn 1.000000 0.000000 0.000000
vn 0.991440 -0.000045 0.130564
vn 1.000000 0.000000 0.000000
vn 1.000000 0.000000 0.000000
vn 0.991443 -0.000045 0.130538
vn 0.991440 -0.000045 0.130564
vn 1.000000 0.000000 0.000000
vn 0.991440 -0.000045 0.130564
vn 0.991437 -0.000045 0.130586
vn 1.000000 0.000000 0.000000
vn 1.000000 0.000000 0.000000
vn 0.991437 0.000045 -0.130586
vn 1.000000 0.000000 0.000000
vn 0.991437 -0.000045 0.130586
vn 1.000000 0.000000 0.000000
vn 1.000000 0.000000 0.000000
vn 0.991437 0.000045 -0.130582
vn 0.991437 0.000045 -0.130586
vn 1.000000 0.000000 0.000000
vn 0.991437 -0.000045 0.130586
vn 0.991437 -0.000045 0.130582
vn 1.000000 0.000000 0.000000
vn 1.000000 0.000000 0.000000
vn 0.991437 0.000045 -0.130582
vn 1.000000 0.000000 0.000000
vn 0.991437 -0.000045 0.130582
vn 1.000000 0.000000 0.000000
vn 0.000000 -0.000345 1.000000
vn 0.000000 -0.000345 1.000000
vn 0.000000 -0.000345 1.000000
vn 0.000000 -0.000345 1.000000
vn 0.000000 -0.000345 1.000000
vn 0.000000 -0.000345 1.000000
vn 0.000000 -0.000345 1.000000
vn 0.000000 -0.000345 1.000000
vn 0.000000 -0.000345 1.000000
vn 0.000000 -0.000345 1.000000
vn 0.000000 -0.000345 1.000000
vn 0.000000 -0.000345 1.000000
vn 0.000000 -0.000345 1.000000
vn 0.000000 -0.000345 1.000000
vn 0.000000 -0.000345 1.000000
vn 0.000000 -0.000345 1.000000
vn 0.000000 -0.000345 1.000000
vn 0.000000 -0.000345 1.000000
vn 0.000000 -0.000345 1.000000
vn 0.000000 -0.000345 1.000000
vn 0.000000 -0.000345 1.000000
vn 0.000000 -0.000345 1.000000
vn 0.000000 -0.000345 1.000000
vn 0.000000 -0.000345 1.000000
vn 0.000000 -0.000345 1.000000
vn 0.000000 -0.000345 1.000000
vn 0.000000 -0.000345 1.000000
vn 0.000000 -0.000345 1.000000
vn 0.000000 -0.000345 1.000000
vn 0.000000 -0.000345 1.000000
vn 0.000000 -0.000345 1.000000
vn 0.000000 -0.000345 1.000000
vn 0.000000 -0.000345 1.000000
vn 0.000000 -0.000345 1.000000
vn 0.000000 -0.000345 1.000000
vn 0.000000 -0.000345 1.000000
vn 0.000000 -0.000345 1.000000
vn 0.000000 -0.000345 1.000000
vn 0.000000 -0.000345 1.000000
vn 0.000000 -0.000345 1.000000
vn 0.000000 -0.000345 1.000000
vn 0.000000 -0.000345 1.000000
vn 0.000000 -0.000345 1.000000
vn 0.000000 -0.000345 1.000000
vn 0.000000 -0.000345 1.000000
vn 0.000000 -0.000345 1.000000
vn 0.000000 -0.000345 1.000000
vn 0.000000 -0.000345 1.000000
vn 0.000000 -0.000345 1.000000
vn 0.000000 -0.000345 1.000000
vn 0.000000 -0.000345 1.000000
vn 0.000000 -0.000345 1.000000
vn 0.000000 -0.000345 1.000000
vn 0.000000 -0.000345 1.000000
vn -0.000008 -1.000000 -0.000330
vn -0.000008 -1.000000 -0.000330
vn -0.000004 -1.000000 -0.000329
vn -0.000008 -1.000000 -0.000330
vn -0.000004 -1.000000 -0.000329
vn -0.000004 -1.000000 -0.000329
vn -0.000004 -1.000000 -0.000329
vn -0.000004 -1.000000 -0.000329
vn 0.000000 -1.000000 -0.000327
vn -0.000004 -1.000000 -0.000329
vn 0.000000 -1.000000 -0.000327
vn 0.000000 -1.000000 -0.000327
vn 0.000000 -1.000000 -0.000327
vn 0.000000 -1.000000 -0.000327
vn 0.000000 -1.000000 -0.000326
vn 0.000000 -1.000000 -0.000327
vn 0.000000 -1.000000 -0.000326
vn 0.000000 -1.000000 -0.000326
vn 0.000000 -1.000000 -0.000326
vn 0.000000 -1.000000 -0.000326
vn 0.000000 -1.000000 -0.000327
vn 0.000000 -1.000000 -0.000326
vn 0.000000 -1.000000 -0.000327
vn 0.000000 -1.000000 -0.000327
vn 0.000000 -1.000000 -0.000327
vn 0.000000 -1.000000 -0.000327
vn 0.000008 -1.000000 -0.000329
vn 0.000000 -1.000000 -0.000327
vn 0.000008 -1.000000 -0.000329
vn 0.000008 -1.000000 -0.000329
vn 0.000008 -1.000000 -0.000329
vn 0.000008 -1.000000 -0.000329
vn 0.000012 -1.000000 -0.000332
vn 0.000008 -1.000000 -0.000329
vn 0.000012 -1.000000 -0.000332
vn 0.000012 -1.000000 -0.000332
vn 0.000012 -1.000000 -0.000332
vn 0.000012 -1.000000 -0.000332
vn 0.000019 -1.000000 -0.000336
vn 0.000012 -1.000000 -0.000332
vn 0.000019 -1.000000 -0.000336
vn 0.000019 -1.000000 -0.000336
vn 0.000019 -1.000000 -0.000336
vn 0.000019 -1.000000 -0.000336
vn 0.000015 -1.000000 -0.000340
vn 0.000019 -1.000000 -0.000336
vn 0.000015 -1.000000 -0.000340
vn 0.000012 -1.000000 -0.000342
vn 0.000015 -1.000000 -0.000340
vn 0.000002 -1.000000 -0.000344
vn 0.000012 -1.000000 -0.000342
vn 0.000015 -1.000000 -0.000340
vn 0.000000 -1.000000 -0.000343
vn 0.000002 -1.000000 -0.000344
vn 0.000002 -1.000000 -0.000344
vn 0.000003 -1.000000 -0.000345
vn 0.000012 -1.000000 -0.000342
vn 0.000002 -1.000000 -0.000344
vn 0.000003 -1.000000 -0.000345
vn 0.000003 -1.000000 -0.000345
vn 0.000003 -1.000000 -0.000345
vn -0.098027 -0.995184 -0.000343
vn 0.000003 -1.000000 -0.000345
vn 0.000003 -1.000000 -0.000345
vn -0.098027 -0.995184 -0.000343
vn -0.098027 -0.995184 -0.000343
vn -0.098027 -0.995184 -0.000343
vn -0.382691 -0.923876 -0.000319
vn -0.098027 -0.995184 -0.000343
vn -0.098027 -0.995184 -0.000343
vn -0.382691 -0.923876 -0.000319
vn -0.382691 -0.923876 -0.000319
vn -0.382691 -0.923876 -0.000319
vn -0.707102 -0.707112 -0.000244
vn -0.382691 -0.923876 -0.000319
vn -0.382691 -0.923876 -0.000319
vn -0.707102 -0.707112 -0.000244
vn -0.707102 -0.707112 -0.000244
vn -0.707102 -0.707112 -0.000244
vn -0.923870 -0.382706 -0.000132
vn -0.707102 -0.707112 -0.000244
vn -0.707102 -0.707112 -0.000244
vn -0.923870 -0.382706 -0.000132
vn -0.923870 -0.382706 -0.000132
vn -0.923870 -0.382706 -0.000132
vn -0.995183 -0.098036 -0.000034
vn -0.923870 -0.382706 -0.000132
vn -0.923870 -0.382706 -0.000132
vn -0.995183 -0.098036 -0.000034
vn -0.995183 -0.098036 -0.000034
vn -0.995183 0.098036 0.000034
vn -0.995183 -0.098036 -0.000034
vn -0.995183 -0.098036 -0.000034
vn -0.995183 0.098036 0.000034
vn -0.995183 -0.098036 -0.000034
vn -0.995183 0.098036 0.000034
vn -0.923870 0.382706 0.000132
vn -0.995183 0.098036 0.000034
vn -0.995183 0.098036 0.000034
vn -0.923870 0.382706 0.000132
vn -0.995183 0.098036 0.000034
vn -0.923870 0.382706 0.000132
vn -0.707102 0.707112 0.000244
vn -0.923870 0.382706 0.000132
vn -0.923870 0.382706 0.000132
vn -0.707102 0.707112 0.000244
vn -0.923870 0.382706 0.000132
vn -0.707102 0.707112 0.000244
vn -0.382671 0.923885 0.000319
vn -0.707102 0.707112 0.000244
vn -0.707102 0.707112 0.000244
vn -0.382671 0.923885 0.000319
vn -0.707102 0.707112 0.000244
vn -0.382671 0.923885 0.000319
vn -0.098005 0.995186 0.000343
vn -0.382671 0.923885 0.000319
vn -0.382671 0.923885 0.000319
vn -0.098005 0.995186 0.000343
vn -0.382671 0.923885 0.000319
vn -0.098005 0.995186 0.000343
vn -0.000002 1.000000 0.000345
vn -0.098005 0.995186 0.000343
vn -0.098005 0.995186 0.000343
vn -0.000002 1.000000 0.000345
vn -0.098005 0.995186 0.000343
vn -0.000002 1.000000 0.000345
vn -0.000007 1.000000 0.000345
vn -0.000002 1.000000 0.000345
vn -0.000002 1.000000 0.000345
vn -0.000007 1.000000 0.000345
vn -0.000002 1.000000 0.000345
vn -0.000001 1.000000 0.000345
vn -0.000007 1.000000 0.000345
vn -0.000001 1.000000 0.000345
vn 0.000000 1.000000 0.000345
vn -0.000007 1.000000 0.000345
vn 0.000000 1.000000 0.000345
vn -0.000008 1.000000 0.000345
vn -0.000004 1.000000 0.000345
vn -0.000007 1.000000 0.000345
vn -0.000008 1.000000 0.000345
vn -0.000004 1.000000 0.000345
vn -0.000004 1.000000 0.000345
vn -0.000007 1.000000 0.000345
vn 0.000008 1.000000 0.000345
vn -0.000004 1.000000 0.000345
vn -0.000004 1.000000 0.000345
vn 0.000008 1.000000 0.000345
vn 0.000008 1.000000 0.000345
vn -0.000004 1.000000 0.000345
vn 0.000000 1.000000 0.000345
vn 0.000008 1.000000 0.000345
vn 0.000008 1.000000 0.000345
vn 0.000000 1.000000 0.000345
vn 0.000000 1.000000 0.000345
vn 0.000008 1.000000 0.000345
vn -0.000004 1.000000 0.000345
vn 0.000000 1.000000 0.000345
vn 0.000000 1.000000 0.000345
vn -0.000004 1.000000 0.000345
vn -0.000004 1.000000 0.000345
vn 0.000000 1.000000 0.000345
vn 0.000000 1.000000 0.000345
vn -0.000004 1.000000 0.000345
vn -0.000004 1.000000 0.000345
vn 0.000000 1.000000 0.000345
vn 0.000000 1.000000 0.000345
vn -0.000004 1.000000 0.000345
vn 0.000008 1.000000 0.000345
vn 0.000000 1.000000 0.000345
vn 0.000000 1.000000 0.000345
vn 0.000008 1.000000 0.000345
vn 0.000008 1.000000 0.000345
vn 0.000000 1.000000 0.000345
vn 0.000004 1.000000 0.000345
vn 0.000008 1.000000 0.000345
vn 0.000008 1.000000 0.000345
vn 0.000004 1.000000 0.000345
vn 0.000004 1.000000 0.000345
vn 0.000008 1.000000 0.000345
vn -0.000013 1.000000 0.000345
vn 0.000004 1.000000 0.000345
vn 0.000004 1.000000 0.000345
vn -0.000013 1.000000 0.000345
vn -0.000013 1.000000 0.000345
vn 0.000004 1.000000 0.000345
vn -0.000004 1.000000 0.000345
vn -0.000013 1.000000 0.000345
vn -0.000013 1.000000 0.000345
vn -0.000004 1.000000 0.000345
vn -0.000004 1.000000 0.000345
vn -0.000013 1.000000 0.000345
vn 0.000004 1.000000 0.000345
vn -0.000004 1.000000 0.000345
vn -0.000004 1.000000 0.000345
vn 0.000004 1.000000 0.000345
vn 0.000004 1.000000 0.000345
vn -0.000004 1.000000 0.000345
vn 0.000000 1.000000 0.000345
vn 0.000004 1.000000 0.000345
vn 0.000004 1.000000 0.000345
vn 0.000000 1.000000 0.000345
vn 0.000000 1.000000 0.000345
vn 0.000004 1.000000 0.000345
vn 0.000000 1.000000 0.000345
vn 0.000008 1.000000 0.000345
vn 0.000000 1.000000 0.000345
vn 0.000000 1.000000 0.000345
vn 0.000008 1.000000 0.000345
vn 0.000008 1.000000 0.000345
vn 0.000008 1.000000 0.000345
vn 0.000008 1.000000 0.000345
vn 0.000008 1.000000 0.000345
vn 0.000008 1.000000 0.000345
vn 0.000008 1.000000 0.000345
vn 0.000008 1.000000 0.000345
vn 0.000008 1.000000 0.000345
vn 0.000000 1.000000 0.000345
vn 0.000008 1.000000 0.000345
vn 0.000008 1.000000 0.000345
vn 0.000000 1.000000 0.000345
vn 0.000000 1.000000 0.000345
vn 0.000000 1.000000 0.000345
vn 0.000000 1.000000 0.000345
vn 0.000000 1.000000 0.000345
vn 0.000000 1.000000 0.000345
vn 0.000000 1.000000 0.000345
vn 0.000000 1.000000 0.000345
vn 0.000000 1.000000 0.000345
vn 0.000005 1.000000 0.000345
vn 0.000000 1.000000 0.000345
vn 0.000000 1.000000 0.000345
vn 0.000005 1.000000 0.000345
vn 0.000005 1.000000 0.000345
vn 0.000005 1.000000 0.000345
vn -0.000002 1.000000 0.000345
vn 0.000005 1.000000 0.000345
vn 0.000005 1.000000 0.000345
vn -0.000002 1.000000 0.000345
vn -0.000002 1.000000 0.000345
vn -0.000002 1.000000 0.000345
vn -0.000007 1.000000 0.000345
vn -0.000002 1.000000 0.000345
vn -0.000002 1.000000 0.000345
vn -0.000007 1.000000 0.000345
vn -0.000007 1.000000 0.000345
vn -0.000007 1.000000 0.000345
vn 0.000000 1.000000 0.000345
vn -0.000007 1.000000 0.000345
vn -0.000007 1.000000 0.000345
vn 0.000000 1.000000 0.000345
vn 0.000000 1.000000 0.000345
vn 0.000000 1.000000 0.000345
vn 0.000008 1.000000 0.000345
vn 0.000000 1.000000 0.000345
vn 0.000000 1.000000 0.000345
vn 0.000008 1.000000 0.000345
vn 0.000008 1.000000 0.000345
vn 0.000008 1.000000 0.000345
vn 0.000008 1.000000 0.000345
vn 0.000008 1.000000 0.000345
vn 0.000008 1.000000 0.000345
vn 0.000008 1.000000 0.000345
vn 0.000008 1.000000 0.000345
vn 0.000008 1.000000 0.000345
vn -0.000002 1.000000 0.000345
vn 0.000008 1.000000 0.000345
vn 0.000008 1.000000 0.000345
vn -0.000002 1.000000 0.000345
vn -0.000002 1.000000 0.000345
vn -0.000002 1.000000 0.000345
vn -0.000002 1.000000 0.000345
vn -0.000003 1.000000 0.000345
vn -0.000002 1.000000 0.000345
vn -0.000003 1.000000 0.000345
vn -0.000002 1.000000 0.000345
vn -0.000002 1.000000 0.000345
vn -0.000003 1.000000 0.000345
vn 0.000000 1.000000 0.000345
vn -0.000002 1.000000 0.000345
vn -0.000002 1.000000 0.000345
vn 0.000000 1.000000 0.000345
vn -0.000002 1.000000 0.000345
vn 0.000000 1.000000 0.000345
vn 0.000000 1.000000 0.000345
vn -0.000001 1.000000 0.000345
vn 0.000000 1.000000 0.000345
vn 0.000000 1.000000 0.000345
vn -0.000001 1.000000 0.000345
vn 0.000000 1.000000 0.000345
vn 0.000000 1.000000 0.000345
vn -0.000002 1.000000 0.000345
vn 0.000000 1.000000 0.000345
vn 0.000000 1.000000 0.000345
vn 0.000000 1.000000 0.000345
vn 0.000000 1.000000 0.000345
vn -0.098027 0.995184 0.000343
vn 0.000000 1.000000 0.000345
vn -0.098027 0.995184 0.000343
vn -0.098027 0.995184 0.000343
vn -0.098027 0.995184 0.000343
vn -0.098027 0.995184 0.000343
vn -0.382692 0.923876 0.000319
vn -0.098027 0.995184 0.000343
vn -0.382692 0.923876 0.000319
vn -0.382692 0.923876 0.000319
vn -0.382692 0.923876 0.000319
vn -0.382692 0.923876 0.000319
vn -0.707102 0.707112 0.000244
vn -0.382692 0.923876 0.000319
vn -0.707102 0.707112 0.000244
vn -0.707102 0.707112 0.000244
vn -0.707102 0.707112 0.000244
vn -0.707102 0.707112 0.000244
vn -0.923870 0.382706 0.000132
vn -0.707102 0.707112 0.000244
vn -0.923870 0.382706 0.000132
vn -0.923870 0.382706 0.000132
vn -0.923870 0.382706 0.000132
vn -0.923870 0.382706 0.000132
vn -0.995183 0.098036 0.000034
vn -0.923870 0.382706 0.000132
vn -0.995183 0.098036 0.000034
vn -0.995183 0.098036 0.000034
vn -0.995183 0.098036 0.000034
vn -0.995183 0.098036 0.000034
vn -0.995183 -0.098036 -0.000034
vn -0.995183 0.098036 0.000034
vn -0.995183 -0.098036 -0.000034
vn -0.995183 -0.098036 -0.000034
vn -0.923870 -0.382706 -0.000132
vn -0.995183 -0.098036 -0.000034
vn -0.995183 -0.098036 -0.000034
vn -0.923870 -0.382706 -0.000132
vn -0.923870 -0.382706 -0.000132
vn -0.995183 -0.098036 -0.000034
vn -0.707102 -0.707112 -0.000244
vn -0.923870 -0.382706 -0.000132
vn -0.923870 -0.382706 -0.000132
vn -0.707102 -0.707112 -0.000244
vn -0.707102 -0.707112 -0.000244
vn -0.923870 -0.382706 -0.000132
vn -0.382692 -0.923876 -0.000319
vn -0.707102 -0.707112 -0.000244
vn -0.707102 -0.707112 -0.000244
vn -0.382692 -0.923876 -0.000319
vn -0.382692 -0.923876 -0.000319
vn -0.707102 -0.707112 -0.000244
vn -0.098027 -0.995184 -0.000343
vn -0.382692 -0.923876 -0.000319
vn -0.382692 -0.923876 -0.000319
vn -0.098027 -0.995184 -0.000343
vn -0.098027 -0.995184 -0.000343
vn -0.382692 -0.923876 -0.000319
vn 0.000003 -1.000000 -0.000345
vn -0.098027 -0.995184 -0.000343
vn -0.098027 -0.995184 -0.000343
vn 0.000003 -1.000000 -0.000345
vn 0.000003 -1.000000 -0.000345
vn -0.098027 -0.995184 -0.000343
vn 0.000008 -1.000000 -0.000347
vn 0.000003 -1.000000 -0.000345
vn 0.000003 -1.000000 -0.000345
vn 0.000008 -1.000000 -0.000347
vn 0.000014 -1.000000 -0.000348
vn 0.000003 -1.000000 -0.000345
vn 0.000018 -1.000000 -0.000350
vn 0.000014 -1.000000 -0.000348
vn 0.000008 -1.000000 -0.000347
vn 0.000017 -1.000000 -0.000355
vn 0.000014 -1.000000 -0.000348
vn 0.000018 -1.000000 -0.000350
vn 0.000018 -1.000000 -0.000350
vn 0.000008 -1.000000 -0.000347
vn 0.000010 -1.000000 -0.000348
vn 0.000017 -1.000000 -0.000355
vn 0.000018 -1.000000 -0.000350
vn 0.000017 -1.000000 -0.000355
vn 0.000017 -1.000000 -0.000358
vn 0.000017 -1.000000 -0.000355
vn 0.000017 -1.000000 -0.000355
vn 0.000017 -1.000000 -0.000358
vn 0.000017 -1.000000 -0.000355
vn 0.000017 -1.000000 -0.000358
vn 0.000008 -1.000000 -0.000361
vn 0.000017 -1.000000 -0.000358
vn 0.000017 -1.000000 -0.000358
vn 0.000008 -1.000000 -0.000361
vn 0.000017 -1.000000 -0.000358
vn 0.000008 -1.000000 -0.000361
vn 0.000003 -1.000000 -0.000363
vn 0.000008 -1.000000 -0.000361
vn 0.000008 -1.000000 -0.000361
vn 0.000003 -1.000000 -0.000363
vn 0.000008 -1.000000 -0.000361
vn 0.000003 -1.000000 -0.000363
vn 0.000000 -1.000000 -0.000364
vn 0.000003 -1.000000 -0.000363
vn 0.000003 -1.000000 -0.000363
vn 0.000000 -1.000000 -0.000364
vn 0.000003 -1.000000 -0.000363
vn 0.000000 -1.000000 -0.000364
vn -0.000003 -1.000000 -0.000363
vn 0.000000 -1.000000 -0.000364
vn 0.000000 -1.000000 -0.000364
vn -0.000003 -1.000000 -0.000363
vn 0.000000 -1.000000 -0.000364
vn -0.000003 -1.000000 -0.000363
vn -0.000004 -1.000000 -0.000361
vn -0.000003 -1.000000 -0.000363
vn -0.000003 -1.000000 -0.000363
vn -0.000004 -1.000000 -0.000361
vn -0.000003 -1.000000 -0.000363
vn -0.000004 -1.000000 -0.000361
vn -0.000008 -1.000000 -0.000360
vn -0.000004 -1.000000 -0.000361
vn -0.000004 -1.000000 -0.000361
vn -0.000008 -1.000000 -0.000360
vn -0.000004 -1.000000 -0.000361
vn -0.000008 -1.000000 -0.000360
vn -0.866030 0.000173 -0.499992
vn -0.923870 0.000132 -0.382707
vn -0.923872 0.000132 -0.382701
vn -0.866030 0.000173 -0.499992
vn -0.866027 0.000173 -0.499997
vn -0.923870 0.000132 -0.382707
vn -0.707113 0.000244 -0.707101
vn -0.866027 0.000173 -0.499997
vn -0.866030 0.000173 -0.499992
vn -0.866027 0.000173 -0.499997
vn -0.923871 0.000132 -0.382703
vn -0.923870 0.000132 -0.382707
vn -0.707113 0.000244 -0.707101
vn -0.707112 0.000244 -0.707101
vn -0.866027 0.000173 -0.499997
vn -0.499995 0.000299 -0.866028
vn -0.707112 0.000244 -0.707101
vn -0.707113 0.000244 -0.707101
vn -0.866027 0.000173 -0.499997
vn -0.866027 0.000173 -0.499998
vn -0.923871 0.000132 -0.382703
vn -0.707112 0.000244 -0.707101
vn -0.866027 0.000173 -0.499998
vn -0.866027 0.000173 -0.499997
vn -0.866027 0.000173 -0.499998
vn -0.923875 0.000132 -0.382693
vn -0.923871 0.000132 -0.382703
vn -0.866027 0.000173 -0.499998
vn -0.866028 0.000173 -0.499995
vn -0.923875 0.000132 -0.382693
vn -0.707112 0.000244 -0.707101
vn -0.866028 0.000173 -0.499995
vn -0.866027 0.000173 -0.499998
vn -0.707112 0.000244 -0.707101
vn -0.707112 0.000244 -0.707101
vn -0.866027 0.000173 -0.499998
vn -0.707112 0.000244 -0.707101
vn -0.707112 0.000244 -0.707101
vn -0.866028 0.000173 -0.499995
vn -0.499995 0.000299 -0.866028
vn -0.499997 0.000299 -0.866027
vn -0.707112 0.000244 -0.707101
vn -0.499997 0.000299 -0.866027
vn -0.707112 0.000244 -0.707101
vn -0.707112 0.000244 -0.707101
vn -0.258823 0.000333 -0.965925
vn -0.499997 0.000299 -0.866027
vn -0.499995 0.000299 -0.866028
vn -0.499999 0.000299 -0.866026
vn -0.707112 0.000244 -0.707101
vn -0.707112 0.000244 -0.707101
vn -0.499997 0.000299 -0.866027
vn -0.499999 0.000299 -0.866026
vn -0.707112 0.000244 -0.707101
vn -0.499999 0.000299 -0.866026
vn -0.500000 0.000299 -0.866025
vn -0.707112 0.000244 -0.707101
vn -0.258823 0.000333 -0.965925
vn -0.258822 0.000333 -0.965925
vn -0.499997 0.000299 -0.866027
vn -0.258822 0.000333 -0.965925
vn -0.499999 0.000299 -0.866026
vn -0.499997 0.000299 -0.866027
vn 0.000000 0.000345 -1.000000
vn -0.258822 0.000333 -0.965925
vn -0.258823 0.000333 -0.965925
vn -0.258822 0.000333 -0.965925
vn -0.500000 0.000299 -0.866025
vn -0.499999 0.000299 -0.866026
vn -0.258822 0.000333 -0.965925
vn -0.258822 0.000333 -0.965925
vn -0.499999 0.000299 -0.866026
vn -0.258822 0.000333 -0.965925
vn -0.258823 0.000333 -0.965925
vn -0.500000 0.000299 -0.866025
vn 0.000000 0.000345 -1.000000
vn 0.000001 0.000345 -1.000000
vn -0.258822 0.000333 -0.965925
vn 0.000001 0.000345 -1.000000
vn -0.258822 0.000333 -0.965925
vn -0.258822 0.000333 -0.965925
vn 0.258821 0.000333 -0.965925
vn 0.000001 0.000345 -1.000000
vn 0.000000 0.000345 -1.000000
vn 0.000001 0.000345 -1.000000
vn -0.258823 0.000333 -0.965925
vn -0.258822 0.000333 -0.965925
vn 0.000001 0.000345 -1.000000
vn 0.000001 0.000345 -1.000000
vn -0.258822 0.000333 -0.965925
vn 0.000001 0.000345 -1.000000
vn 0.000001 0.000345 -1.000000
vn -0.258823 0.000333 -0.965925
vn 0.258821 0.000333 -0.965925
vn 0.258820 0.000333 -0.965925
vn 0.000001 0.000345 -1.000000
vn 0.258820 0.000333 -0.965925
vn 0.000001 0.000345 -1.000000
vn 0.000001 0.000345 -1.000000
vn 0.500005 0.000299 -0.866023
vn 0.258820 0.000333 -0.965925
vn 0.258821 0.000333 -0.965925
vn 0.258820 0.000333 -0.965926
vn 0.000001 0.000345 -1.000000
vn 0.000001 0.000345 -1.000000
vn 0.258820 0.000333 -0.965925
vn 0.258820 0.000333 -0.965926
vn 0.000001 0.000345 -1.000000
vn 0.258820 0.000333 -0.965926
vn 0.258820 0.000333 -0.965925
vn 0.000001 0.000345 -1.000000
vn 0.500005 0.000299 -0.866023
vn 0.500005 0.000299 -0.866023
vn 0.258820 0.000333 -0.965925
vn 0.500005 0.000299 -0.866023
vn 0.258820 0.000333 -0.965926
vn 0.258820 0.000333 -0.965925
vn 0.707105 0.000244 -0.707108
vn 0.500005 0.000299 -0.866023
vn 0.500005 0.000299 -0.866023
vn 0.500003 0.000299 -0.866023
vn 0.258820 0.000333 -0.965925
vn 0.258820 0.000333 -0.965926
vn 0.500005 0.000299 -0.866023
vn 0.500003 0.000299 -0.866023
vn 0.258820 0.000333 -0.965926
vn 0.500003 0.000299 -0.866023
vn 0.500002 0.000299 -0.866024
vn 0.258820 0.000333 -0.965925
vn 0.707105 0.000244 -0.707108
vn 0.707106 0.000244 -0.707107
vn 0.500005 0.000299 -0.866023
vn 0.707106 0.000244 -0.707107
vn 0.500003 0.000299 -0.866023
vn 0.500005 0.000299 -0.866023
vn 0.707107 0.000244 -0.707106
vn 0.500002 0.000299 -0.866024
vn 0.500003 0.000299 -0.866023
vn 0.707106 0.000244 -0.707107
vn 0.707107 0.000244 -0.707106
vn 0.500003 0.000299 -0.866023
vn 0.707107 0.000244 -0.707106
vn 0.707106 0.000244 -0.707107
vn 0.500002 0.000299 -0.866024
vn 0.866024 0.000173 -0.500002
vn 0.707106 0.000244 -0.707107
vn 0.707107 0.000244 -0.707106
vn 0.866024 0.000173 -0.500002
vn 0.707107 0.000244 -0.707106
vn 0.866025 0.000173 -0.500001
vn 0.866025 0.000173 -0.500001
vn 0.707107 0.000244 -0.707106
vn 0.707106 0.000244 -0.707107
vn 0.965928 0.000089 -0.258812
vn 0.866024 0.000173 -0.500002
vn 0.866025 0.000173 -0.500001
vn 0.866024 0.000173 -0.500002
vn 0.707106 0.000244 -0.707107
vn 0.707105 0.000244 -0.707108
vn 0.866025 0.000173 -0.500001
vn 0.707106 0.000244 -0.707107
vn 0.866024 0.000173 -0.500002
vn 0.866024 0.000173 -0.500002
vn 0.707105 0.000244 -0.707108
vn 0.866024 0.000173 -0.500002
vn 0.965928 0.000089 -0.258812
vn 0.866025 0.000173 -0.500001
vn 0.965927 0.000089 -0.258813
vn 0.965927 0.000089 -0.258813
vn 0.866025 0.000173 -0.500001
vn 0.866024 0.000173 -0.500002
vn 1.000000 -0.000000 0.000001
vn 0.965928 0.000089 -0.258812
vn 0.965927 0.000089 -0.258813
vn 0.965927 0.000089 -0.258815
vn 0.866024 0.000173 -0.500002
vn 0.866024 0.000173 -0.500002
vn 0.965927 0.000089 -0.258813
vn 0.866024 0.000173 -0.500002
vn 0.965927 0.000089 -0.258815
vn 0.965927 0.000089 -0.258815
vn 0.866024 0.000173 -0.500002
vn 0.965927 0.000089 -0.258815
vn 1.000000 -0.000000 0.000001
vn 0.965927 0.000089 -0.258813
vn 1.000000 -0.000000 0.000000
vn 1.000000 -0.000000 0.000000
vn 0.965927 0.000089 -0.258813
vn 0.965927 0.000089 -0.258815
vn 1.000000 -0.000000 0.000000
vn 0.965927 0.000089 -0.258815
vn 0.965927 0.000089 -0.258815
vn 1.000000 -0.000000 0.000000
vn 0.965927 0.000089 -0.258815
vn 1.000000 -0.000000 0.000000
vn 1.000000 -0.000000 0.000000
vn 0.965927 0.000089 -0.258815
vn 1.000000 -0.000000 0.000001
vn 1.000000 -0.000000 0.000000
vn 1.000000 -0.000000 0.000001
vn 0.965927 -0.000089 0.258815
vn 1.000000 -0.000000 0.000000
vn 0.965927 -0.000089 0.258815
vn 0.965927 -0.000089 0.258815
vn 1.000000 -0.000000 0.000000
vn 1.000000 -0.000000 0.000000
vn 0.965927 -0.000089 0.258815
vn 0.965927 -0.000089 0.258815
vn 0.965927 -0.000089 0.258815
vn 0.866024 -0.000173 0.500002
vn 1.000000 -0.000000 0.000001
vn 1.000000 -0.000000 0.000000
vn 0.965927 -0.000089 0.258813
vn 1.000000 -0.000000 0.000000
vn 0.965927 -0.000089 0.258815
vn 0.965927 -0.000089 0.258813
vn 1.000000 -0.000000 0.000001
vn 0.965927 -0.000089 0.258813
vn 0.965928 -0.000089 0.258812
vn 0.965927 -0.000089 0.258815
vn 0.866024 -0.000173 0.500002
vn 0.866024 -0.000173 0.500003
vn 0.965927 -0.000089 0.258813
vn 0.965927 -0.000089 0.258815
vn 0.866024 -0.000173 0.500003
vn 0.866024 -0.000173 0.500003
vn 0.866024 -0.000173 0.500002
vn 0.707103 -0.000244 0.707111
vn 0.965928 -0.000089 0.258812
vn 0.965927 -0.000089 0.258813
vn 0.866024 -0.000173 0.500003
vn 0.965927 -0.000089 0.258813
vn 0.866024 -0.000173 0.500003
vn 0.866024 -0.000173 0.500003
vn 0.965928 -0.000089 0.258812
vn 0.866024 -0.000173 0.500003
vn 0.866024 -0.000173 0.500002
vn 0.866024 -0.000173 0.500003
vn 0.707103 -0.000244 0.707111
vn 0.707104 -0.000244 0.707109
vn 0.866024 -0.000173 0.500003
vn 0.866024 -0.000173 0.500003
vn 0.707104 -0.000244 0.707109
vn 0.866024 -0.000173 0.500002
vn 0.866024 -0.000173 0.500003
vn 0.707106 -0.000244 0.707107
vn 0.866024 -0.000173 0.500003
vn 0.707104 -0.000244 0.707109
vn 0.707106 -0.000244 0.707107
vn 0.866024 -0.000173 0.500002
vn 0.707106 -0.000244 0.707107
vn 0.707106 -0.000244 0.707107
vn 0.707106 -0.000244 0.707107
vn 0.500002 -0.000299 0.866024
vn 0.707106 -0.000244 0.707107
vn 0.707106 -0.000244 0.707107
vn 0.500004 -0.000299 0.866023
vn 0.500002 -0.000299 0.866024
vn 0.707104 -0.000244 0.707109
vn 0.500004 -0.000299 0.866023
vn 0.707106 -0.000244 0.707107
vn 0.500004 -0.000299 0.866023
vn 0.258820 -0.000333 0.965925
vn 0.500002 -0.000299 0.866024
vn 0.707103 -0.000244 0.707111
vn 0.500004 -0.000299 0.866023
vn 0.707104 -0.000244 0.707109
vn 0.707104 -0.000244 0.707109
vn 0.500004 -0.000299 0.866023
vn 0.500004 -0.000299 0.866023
vn 0.707103 -0.000244 0.707111
vn 0.500002 -0.000299 0.866024
vn 0.500004 -0.000299 0.866023
vn 0.500004 -0.000299 0.866023
vn 0.258820 -0.000333 0.965926
vn 0.258820 -0.000333 0.965925
vn 0.500004 -0.000299 0.866023
vn 0.258820 -0.000333 0.965926
vn 0.500004 -0.000299 0.866023
vn 0.258820 -0.000333 0.965926
vn 0.000001 -0.000345 1.000000
vn 0.258820 -0.000333 0.965925
vn 0.500002 -0.000299 0.866024
vn 0.258820 -0.000333 0.965925
vn 0.500004 -0.000299 0.866023
vn 0.500004 -0.000299 0.866023
vn 0.258820 -0.000333 0.965925
vn 0.258820 -0.000333 0.965926
vn 0.500002 -0.000299 0.866024
vn 0.258821 -0.000333 0.965925
vn 0.258820 -0.000333 0.965925
vn 0.258820 -0.000333 0.965926
vn 0.000001 -0.000345 1.000000
vn 0.000001 -0.000345 1.000000
vn 0.258820 -0.000333 0.965925
vn 0.000001 -0.000345 1.000000
vn 0.258820 -0.000333 0.965926
vn 0.000001 -0.000345 1.000000
vn -0.258823 -0.000333 0.965925
vn 0.000001 -0.000345 1.000000
vn 0.258821 -0.000333 0.965925
vn 0.000001 -0.000345 1.000000
vn 0.258820 -0.000333 0.965925
vn 0.258820 -0.000333 0.965925
vn 0.000001 -0.000345 1.000000
vn 0.000001 -0.000345 1.000000
vn 0.258821 -0.000333 0.965925
vn 0.000000 -0.000345 1.000000
vn 0.000001 -0.000345 1.000000
vn 0.000001 -0.000345 1.000000
vn -0.258822 -0.000333 0.965925
vn -0.258823 -0.000333 0.965925
vn 0.000001 -0.000345 1.000000
vn -0.258822 -0.000333 0.965925
vn 0.000001 -0.000345 1.000000
vn -0.258822 -0.000333 0.965925
vn -0.500000 -0.000299 0.866025
vn -0.258823 -0.000333 0.965925
vn 0.000000 -0.000345 1.000000
vn -0.258822 -0.000333 0.965925
vn 0.000001 -0.000345 1.000000
vn 0.000001 -0.000345 1.000000
vn -0.258822 -0.000333 0.965925
vn -0.258822 -0.000333 0.965925
vn 0.000000 -0.000345 1.000000
vn -0.258823 -0.000333 0.965925
vn -0.258822 -0.000333 0.965925
vn -0.258822 -0.000333 0.965925
vn -0.499999 -0.000299 0.866026
vn -0.500000 -0.000299 0.866025
vn -0.258822 -0.000333 0.965925
vn -0.499999 -0.000299 0.866026
vn -0.258822 -0.000333 0.965925
vn -0.499999 -0.000299 0.866026
vn -0.707112 -0.000244 0.707101
vn -0.500000 -0.000299 0.866025
vn -0.258823 -0.000333 0.965925
vn -0.499997 -0.000299 0.866027
vn -0.258822 -0.000333 0.965925
vn -0.258822 -0.000333 0.965925
vn -0.499997 -0.000299 0.866027
vn -0.499999 -0.000299 0.866026
vn -0.258823 -0.000333 0.965925
vn -0.499995 -0.000299 0.866028
vn -0.499997 -0.000299 0.866027
vn -0.499999 -0.000299 0.866026
vn -0.707112 -0.000244 0.707101
vn -0.707112 -0.000244 0.707101
vn -0.499997 -0.000299 0.866027
vn -0.707112 -0.000244 0.707101
vn -0.499999 -0.000299 0.866026
vn -0.707112 -0.000244 0.707101
vn -0.866028 -0.000173 0.499995
vn -0.707112 -0.000244 0.707101
vn -0.499995 -0.000299 0.866028
vn -0.707112 -0.000244 0.707101
vn -0.499997 -0.000299 0.866027
vn -0.499997 -0.000299 0.866027
vn -0.707112 -0.000244 0.707101
vn -0.707112 -0.000244 0.707101
vn -0.499995 -0.000299 0.866028
vn -0.707113 -0.000244 0.707101
vn -0.707112 -0.000244 0.707101
vn -0.707112 -0.000244 0.707101
vn -0.866027 -0.000173 0.499998
vn -0.866028 -0.000173 0.499995
vn -0.707112 -0.000244 0.707101
vn -0.866027 -0.000173 0.499998
vn -0.707112 -0.000244 0.707101
vn -0.866027 -0.000173 0.499998
vn -0.923875 -0.000132 0.382693
vn -0.866028 -0.000173 0.499995
vn -0.866027 -0.000173 0.499998
vn -0.923871 -0.000132 0.382703
vn -0.923875 -0.000132 0.382693
vn -0.707113 -0.000244 0.707101
vn -0.866027 -0.000173 0.499997
vn -0.707112 -0.000244 0.707101
vn -0.707112 -0.000244 0.707101
vn -0.866027 -0.000173 0.499997
vn -0.866027 -0.000173 0.499998
vn -0.866027 -0.000173 0.499997
vn -0.923871 -0.000132 0.382703
vn -0.866027 -0.000173 0.499998
vn -0.707113 -0.000244 0.707101
vn -0.866030 -0.000173 0.499992
vn -0.866027 -0.000173 0.499997
vn -0.866027 -0.000173 0.499997
vn -0.923870 -0.000132 0.382707
vn -0.923871 -0.000132 0.382703
vn -0.866030 -0.000173 0.499992
vn -0.923870 -0.000132 0.382707
vn -0.866027 -0.000173 0.499997
vn -0.866030 -0.000173 0.499992
vn -0.923872 -0.000132 0.382701
vn -0.923870 -0.000132 0.382707
vn -0.000008 -1.000000 -0.000340
vn -0.000033 -1.000000 -0.000334
vn -0.000033 -1.000000 -0.000334
vn -0.000008 -1.000000 -0.000340
vn -0.000033 -1.000000 -0.000334
vn -0.000008 -1.000000 -0.000340
vn 0.000000 -1.000000 -0.000345
vn -0.000008 -1.000000 -0.000340
vn -0.000008 -1.000000 -0.000340
vn 0.000000 -1.000000 -0.000345
vn -0.000008 -1.000000 -0.000340
vn 0.000000 -1.000000 -0.000345
vn -0.000004 -1.000000 -0.000345
vn 0.000000 -1.000000 -0.000345
vn 0.000000 -1.000000 -0.000345
vn -0.000004 -1.000000 -0.000345
vn 0.000000 -1.000000 -0.000345
vn -0.000004 -1.000000 -0.000345
vn -0.000004 -1.000000 -0.000345
vn -0.000004 -1.000000 -0.000345
vn 0.000004 -1.000000 -0.000345
vn -0.000004 -1.000000 -0.000345
vn 0.000004 -1.000000 -0.000345
vn 0.000004 -1.000000 -0.000345
vn 0.000004 -1.000000 -0.000345
vn 0.000004 -1.000000 -0.000345
vn -0.000004 -1.000000 -0.000351
vn 0.000004 -1.000000 -0.000345
vn -0.000004 -1.000000 -0.000351
vn -0.000004 -1.000000 -0.000351
vn -0.000004 -1.000000 -0.000351
vn -0.000004 -1.000000 -0.000351
vn -0.000008 -1.000000 -0.000356
vn -0.000004 -1.000000 -0.000351
vn -0.000008 -1.000000 -0.000356
vn -0.000008 -1.000000 -0.000356
vn 0.000000 0.000345 -1.000000
vn 0.000000 0.000345 -1.000000
vn 0.000000 0.000345 -1.000000
vn 0.000000 0.000345 -1.000000
vn 0.000000 0.000345 -1.000000
vn 0.000000 0.000345 -1.000000
vn 0.000000 0.000345 -1.000000
vn 0.000000 0.000345 -1.000000
vn 0.000000 0.000345 -1.000000
vn 0.000000 0.000345 -1.000000
vn 0.000000 0.000345 -1.000000
vn 0.000000 0.000345 -1.000000
vn 0.000000 0.000345 -1.000000
vn 0.000000 0.000345 -1.000000
vn 0.000000 0.000345 -1.000000
vn 0.000000 0.000345 -1.000000
vn 0.000000 0.000345 -1.000000
vn 0.000000 0.000345 -1.000000
vn 0.000000 0.000345 -1.000000
vn 0.000000 0.000345 -1.000000
vn 0.000000 0.000345 -1.000000
vn 0.000000 0.000345 -1.000000
vn 0.000000 0.000345 -1.000000
vn 0.000000 0.000345 -1.000000
vn 0.000000 0.000345 -1.000000
vn 0.000000 0.000345 -1.000000
vn 0.000000 0.000345 -1.000000
vn 0.000000 0.000345 -1.000000
vn 0.000000 0.000345 -1.000000
vn 0.000000 0.000345 -1.000000
vn 0.000000 0.000345 -1.000000
vn 0.000000 0.000345 -1.000000
vn 0.000000 0.000345 -1.000000
vn 0.000000 0.000345 -1.000000
vn 0.000000 0.000345 -1.000000
vn 0.000000 0.000345 -1.000000
vn 0.000000 0.000345 -1.000000
vn 0.000000 0.000345 -1.000000
vn 0.000000 0.000345 -1.000000
vn 0.000000 0.000345 -1.000000
vn 0.000000 0.000345 -1.000000
vn 0.000000 0.000345 -1.000000
vn 0.000000 0.000345 -1.000000
vn 0.000000 0.000345 -1.000000
vn 0.000000 0.000345 -1.000000
vn 0.000000 0.000345 -1.000000
vn 0.000000 0.000345 -1.000000
vn 0.000000 0.000345 -1.000000
vn 0.000000 0.000345 -1.000000
vn 0.000000 0.000345 -1.000000
vn 0.000000 0.000345 -1.000000
vn 0.000000 0.000345 -1.000000
vn 0.000000 0.000345 -1.000000
vn 0.000000 0.000345 -1.000000
vn -1.000000 0.000000 0.000000
vn -0.991443 0.000045 -0.130538
vn -0.991440 0.000045 -0.130564
vn -1.000000 0.000000 0.000000
vn -0.991440 0.000045 -0.130564
vn -1.000000 0.000000 0.000000
vn -1.000000 0.000000 0.000000
vn -0.991440 0.000045 -0.130564
vn -0.991437 0.000045 -0.130586
vn -1.000000 0.000000 0.000000
vn -1.000000 0.000000 0.000000
vn -0.991440 -0.000045 0.130564
vn -1.000000 0.000000 0.000000
vn -0.991440 -0.000045 0.130564
vn -0.991443 -0.000045 0.130538
vn -1.000000 0.000000 0.000000
vn -0.991437 -0.000045 0.130586
vn -0.991440 -0.000045 0.130564
vn -1.000000 0.000000 0.000000
vn -0.991437 0.000045 -0.130586
vn -1.000000 0.000000 0.000000
vn -1.000000 0.000000 0.000000
vn -1.000000 0.000000 0.000000
vn -0.991437 -0.000045 0.130586
vn -1.000000 0.000000 0.000000
vn -0.991437 0.000045 -0.130586
vn -0.991437 0.000045 -0.130582
vn -1.000000 0.000000 0.000000
vn -0.991437 -0.000045 0.130582
vn -0.991437 -0.000045 0.130586
vn -1.000000 0.000000 0.000000
vn -0.991437 0.000045 -0.130582
vn -1.000000 0.000000 0.000000
vn -1.000000 0.000000 0.000000
vn -1.000000 0.000000 0.000000
vn -0.991437 -0.000045 0.130582
vn 0.000000 -0.000345 1.000000
vn 0.000000 -0.000345 1.000000
vn 0.000000 -0.000345 1.000000
vn 0.000000 -0.000345 1.000000
vn 0.000000 -0.000345 1.000000
vn 0.000000 -0.000345 1.000000
vn 0.000000 -0.000345 1.000000
vn 0.000000 -0.000345 1.000000
vn 0.000000 -0.000345 1.000000
vn 0.000000 -0.000345 1.000000
vn 0.000000 -0.000345 1.000000
vn 0.000000 -0.000345 1.000000
vn 0.000000 -0.000345 1.000000
vn 0.000000 -0.000345 1.000000
vn 0.000000 -0.000345 1.000000
vn 0.000000 -0.000345 1.000000
vn 0.000000 -0.000345 1.000000
vn 0.000000 -0.000345 1.000000
vn 0.000000 -0.000345 1.000000
vn 0.000000 -0.000345 1.000000
vn 0.000000 -0.000345 1.000000
vn 0.000000 -0.000345 1.000000
vn 0.000000 -0.000345 1.000000
vn 0.000000 -0.000345 1.000000
vn 0.000000 -0.000345 1.000000
vn 0.000000 -0.000345 1.000000
vn 0.000000 -0.000345 1.000000
vn 0.000000 -0.000345 1.000000
vn 0.000000 -0.000345 1.000000
vn 0.000000 -0.000345 1.000000
vn 0.000000 -0.000345 1.000000
vn 0.000000 -0.000345 1.000000
vn 0.000000 -0.000345 1.000000
vn 0.000000 -0.000345 1.000000
vn 0.000000 -0.000345 1.000000
vn 0.000000 -0.000345 1.000000
vn 0.000000 -0.000345 1.000000
vn 0.000000 -0.000345 1.000000
vn 0.000000 -0.000345 1.000000
vn 0.000000 -0.000345 1.000000
vn 0.000000 -0.000345 1.000000
vn 0.000000 -0.000345 1.000000
vn 0.000000 -0.000345 1.000000
vn 0.000000 -0.000345 1.000000
vn 0.000000 -0.000345 1.000000
vn 0.000000 -0.000345 1.000000
vn 0.000000 -0.000345 1.000000
vn 0.000000 -0.000345 1.000000
vn 0.000000 -0.000345 1.000000
vn 0.000000 -0.000345 1.000000
vn 0.000000 -0.000345 1.000000
vn 0.000000 -0.000345 1.000000
vn 0.000000 -0.000345 1.000000
vn 0.000000 -0.000345 1.000000
vn 0.000012 1.000000 0.000360
vn 0.000012 1.000000 0.000360
vn 0.000012 1.000000 0.000361
vn 0.000012 1.000000 0.000360
vn 0.000012 1.000000 0.000361
vn 0.000012 1.000000 0.000361
vn 0.000012 1.000000 0.000361
vn 0.000012 1.000000 0.000361
vn 0.000006 1.000000 0.000363
vn 0.000012 1.000000 0.000361
vn 0.000006 1.000000 0.000363
vn 0.000006 1.000000 0.000363
vn 0.000006 1.000000 0.000363
vn 0.000006 1.000000 0.000363
vn 0.000000 1.000000 0.000364
vn 0.000006 1.000000 0.000363
vn 0.000000 1.000000 0.000364
vn 0.000000 1.000000 0.000364
vn 0.000000 1.000000 0.000364
vn 0.000000 1.000000 0.000364
vn -0.000006 1.000000 0.000363
vn 0.000000 1.000000 0.000364
vn -0.000006 1.000000 0.000363
vn -0.000006 1.000000 0.000363
vn -0.000006 1.000000 0.000363
vn -0.000006 1.000000 0.000363
vn -0.000012 1.000000 0.000361
vn -0.000006 1.000000 0.000363
vn -0.000012 1.000000 0.000361
vn -0.000012 1.000000 0.000361
vn -0.000012 1.000000 0.000361
vn -0.000012 1.000000 0.000361
vn -0.000013 1.000000 0.000358
vn -0.000012 1.000000 0.000361
vn -0.000013 1.000000 0.000358
vn -0.000013 1.000000 0.000358
vn -0.000013 1.000000 0.000358
vn -0.000013 1.000000 0.000358
vn -0.000016 1.000000 0.000355
vn -0.000013 1.000000 0.000358
vn -0.000016 1.000000 0.000355
vn -0.000016 1.000000 0.000355
vn -0.000016 1.000000 0.000355
vn -0.000016 1.000000 0.000355
vn -0.000018 1.000000 0.000350
vn -0.000016 1.000000 0.000355
vn -0.000018 1.000000 0.000350
vn -0.000012 1.000000 0.000348
vn -0.000018 1.000000 0.000350
vn -0.000012 1.000000 0.000347
vn -0.000012 1.000000 0.000348
vn -0.000018 1.000000 0.000350
vn -0.000019 1.000000 0.000348
vn -0.000012 1.000000 0.000347
vn -0.000012 1.000000 0.000347
vn 0.000000 1.000000 0.000345
vn -0.000012 1.000000 0.000348
vn -0.000012 1.000000 0.000347
vn 0.000000 1.000000 0.000345
vn 0.000000 1.000000 0.000345
vn 0.000000 1.000000 0.000345
vn 0.098016 0.995185 0.000343
vn 0.000000 1.000000 0.000345
vn 0.000000 1.000000 0.000345
vn 0.098016 0.995185 0.000343
vn 0.098016 0.995185 0.000343
vn 0.098016 0.995185 0.000343
vn 0.382685 0.923879 0.000319
vn 0.098016 0.995185 0.000343
vn 0.098016 0.995185 0.000343
vn 0.382685 0.923879 0.000319
vn 0.382685 0.923879 0.000319
vn 0.382685 0.923879 0.000319
vn 0.707110 0.707104 0.000244
vn 0.382685 0.923879 0.000319
vn 0.382685 0.923879 0.000319
vn 0.707110 0.707104 0.000244
vn 0.707110 0.707104 0.000244
vn 0.707110 0.707104 0.000244
vn 0.923873 0.382700 0.000132
vn 0.707110 0.707104 0.000244
vn 0.707110 0.707104 0.000244
vn 0.923873 0.382700 0.000132
vn 0.923873 0.382700 0.000132
vn 0.923873 0.382700 0.000132
vn 0.995183 0.098036 0.000034
vn 0.923873 0.382700 0.000132
vn 0.923873 0.382700 0.000132
vn 0.995183 0.098036 0.000034
vn 0.995183 0.098036 0.000034
vn 0.995183 -0.098036 -0.000034
vn 0.995183 0.098036 0.000034
vn 0.995183 0.098036 0.000034
vn 0.995183 -0.098036 -0.000034
vn 0.995183 0.098036 0.000034
vn 0.995183 -0.098036 -0.000034
vn 0.923869 -0.382709 -0.000132
vn 0.995183 -0.098036 -0.000034
vn 0.995183 -0.098036 -0.000034
vn 0.923869 -0.382709 -0.000132
vn 0.995183 -0.098036 -0.000034
vn 0.923869 -0.382709 -0.000132
vn 0.707100 -0.707114 -0.000244
vn 0.923869 -0.382709 -0.000132
vn 0.923869 -0.382709 -0.000132
vn 0.707100 -0.707114 -0.000244
vn 0.923869 -0.382709 -0.000132
vn 0.707100 -0.707114 -0.000244
vn 0.382686 -0.923878 -0.000319
vn 0.707100 -0.707114 -0.000244
vn 0.707100 -0.707114 -0.000244
vn 0.382686 -0.923878 -0.000319
vn 0.707100 -0.707114 -0.000244
vn 0.382686 -0.923878 -0.000319
vn 0.098022 -0.995184 -0.000343
vn 0.382686 -0.923878 -0.000319
vn 0.382686 -0.923878 -0.000319
vn 0.098022 -0.995184 -0.000343
vn 0.382686 -0.923878 -0.000319
vn 0.098022 -0.995184 -0.000343
vn -0.000000 -1.000000 -0.000345
vn 0.098022 -0.995184 -0.000343
vn 0.098022 -0.995184 -0.000343
vn -0.000000 -1.000000 -0.000345
vn 0.098022 -0.995184 -0.000343
vn -0.000000 -1.000000 -0.000345
vn 0.000000 -1.000000 -0.000345
vn -0.000000 -1.000000 -0.000345
vn -0.000000 -1.000000 -0.000345
vn 0.000000 -1.000000 -0.000345
vn -0.000000 -1.000000 -0.000345
vn 0.000000 -1.000000 -0.000345
vn 0.000000 -1.000000 -0.000345
vn 0.000000 -1.000000 -0.000345
vn 0.000000 -1.000000 -0.000345
vn 0.000000 -1.000000 -0.000345
vn 0.000000 -1.000000 -0.000345
vn 0.000000 -1.000000 -0.000345
vn 0.000000 -1.000000 -0.000345
vn 0.000000 -1.000000 -0.000345
vn 0.000000 -1.000000 -0.000345
vn 0.000000 -1.000000 -0.000345
vn 0.000000 -1.000000 -0.000345
vn 0.000000 -1.000000 -0.000345
vn 0.000001 -1.000000 -0.000345
vn 0.000000 -1.000000 -0.000345
vn 0.000000 -1.000000 -0.000345
vn 0.000001 -1.000000 -0.000345
vn 0.000001 -1.000000 -0.000345
vn 0.000000 -1.000000 -0.000345
vn 0.000001 -1.000000 -0.000345
vn 0.000001 -1.000000 -0.000345
vn 0.000001 -1.000000 -0.000345
vn 0.000001 -1.000000 -0.000345
vn 0.000001 -1.000000 -0.000345
vn 0.000001 -1.000000 -0.000345
vn 0.000000 -1.000000 -0.000345
vn 0.000001 -1.000000 -0.000345
vn 0.000001 -1.000000 -0.000345
vn 0.000000 -1.000000 -0.000345
vn 0.000000 -1.000000 -0.000345
vn 0.000001 -1.000000 -0.000345
vn 0.000000 -1.000000 -0.000345
vn 0.000000 -1.000000 -0.000345
vn 0.000000 -1.000000 -0.000345
vn 0.000000 -1.000000 -0.000345
vn 0.000000 -1.000000 -0.000345
vn 0.000000 -1.000000 -0.000345
vn 0.000000 -1.000000 -0.000345
vn 0.000000 -1.000000 -0.000345
vn 0.000000 -1.000000 -0.000345
vn 0.000000 -1.000000 -0.000345
vn 0.000000 -1.000000 -0.000345
vn 0.000000 -1.000000 -0.000345
vn -0.000002 -1.000000 -0.000345
vn 0.000000 -1.000000 -0.000345
vn 0.000000 -1.000000 -0.000345
vn -0.000002 -1.000000 -0.000345
vn -0.000002 -1.000000 -0.000345
vn 0.000000 -1.000000 -0.000345
vn -0.000001 -1.000000 -0.000345
vn -0.000002 -1.000000 -0.000345
vn -0.000002 -1.000000 -0.000345
vn -0.000001 -1.000000 -0.000345
vn -0.000001 -1.000000 -0.000345
vn -0.000002 -1.000000 -0.000345
vn 0.000000 -1.000000 -0.000345
vn -0.000001 -1.000000 -0.000345
vn -0.000001 -1.000000 -0.000345
vn 0.000000 -1.000000 -0.000345
vn 0.000000 -1.000000 -0.000345
vn -0.000001 -1.000000 -0.000345
vn -0.000001 -1.000000 -0.000345
vn 0.000000 -1.000000 -0.000345
vn 0.000000 -1.000000 -0.000345
vn -0.000001 -1.000000 -0.000345
vn -0.000001 -1.000000 -0.000345
vn 0.000000 -1.000000 -0.000345
vn 0.000000 -1.000000 -0.000345
vn -0.000001 -1.000000 -0.000345
vn -0.000001 -1.000000 -0.000345
vn 0.000000 -1.000000 -0.000345
vn 0.000000 -1.000000 -0.000345
vn -0.000001 -1.000000 -0.000345
vn 0.000000 -1.000000 -0.000345
vn 0.000000 -1.000000 -0.000345
vn 0.000000 -1.000000 -0.000345
vn 0.000000 -1.000000 -0.000345
vn 0.000000 -1.000000 -0.000345
vn 0.000000 -1.000000 -0.000345
vn 0.000000 -1.000000 -0.000345
vn 0.000000 -1.000000 -0.000345
vn 0.000000 -1.000000 -0.000345
vn 0.000000 -1.000000 -0.000345
vn 0.000000 -1.000000 -0.000345
vn 0.000000 -1.000000 -0.000345
vn 0.000000 -1.000000 -0.000345
vn -0.000002 -1.000000 -0.000345
vn 0.000000 -1.000000 -0.000345
vn 0.000000 -1.000000 -0.000345
vn -0.000002 -1.000000 -0.000345
vn -0.000002 -1.000000 -0.000345
vn -0.000002 -1.000000 -0.000345
vn -0.000002 -1.000000 -0.000345
vn -0.000002 -1.000000 -0.000345
vn -0.000002 -1.000000 -0.000345
vn -0.000002 -1.000000 -0.000345
vn -0.000002 -1.000000 -0.000345
vn -0.000002 -1.000000 -0.000345
vn -0.000001 -1.000000 -0.000345
vn -0.000002 -1.000000 -0.000345
vn -0.000002 -1.000000 -0.000345
vn -0.000001 -1.000000 -0.000345
vn -0.000001 -1.000000 -0.000345
vn -0.000001 -1.000000 -0.000345
vn 0.000000 -1.000000 -0.000345
vn -0.000001 -1.000000 -0.000345
vn -0.000001 -1.000000 -0.000345
vn 0.000000 -1.000000 -0.000345
vn 0.000000 -1.000000 -0.000345
vn 0.000000 -1.000000 -0.000345
vn 0.000000 -1.000000 -0.000345
vn 0.000000 -1.000000 -0.000345
vn 0.000000 -1.000000 -0.000345
vn 0.000000 -1.000000 -0.000345
vn 0.000000 -1.000000 -0.000345
vn 0.000000 -1.000000 -0.000345
vn 0.000005 -1.000000 -0.000345
vn 0.000000 -1.000000 -0.000345
vn 0.000000 -1.000000 -0.000345
vn 0.000005 -1.000000 -0.000345
vn 0.000005 -1.000000 -0.000345
vn 0.000005 -1.000000 -0.000345
vn 0.000006 -1.000000 -0.000345
vn 0.000005 -1.000000 -0.000345
vn 0.000005 -1.000000 -0.000345
vn 0.000006 -1.000000 -0.000345
vn 0.000006 -1.000000 -0.000345
vn 0.000006 -1.000000 -0.000345
vn 0.000000 -1.000000 -0.000345
vn 0.000006 -1.000000 -0.000345
vn 0.000006 -1.000000 -0.000345
vn 0.000000 -1.000000 -0.000345
vn 0.000000 -1.000000 -0.000345
vn 0.000000 -1.000000 -0.000345
vn 0.000000 -1.000000 -0.000345
vn 0.000000 -1.000000 -0.000345
vn 0.000000 -1.000000 -0.000345
vn 0.000000 -1.000000 -0.000345
vn 0.000000 -1.000000 -0.000345
vn 0.000000 -1.000000 -0.000345
vn 0.000000 -1.000000 -0.000345
vn 0.000000 -1.000000 -0.000345
vn 0.000000 -1.000000 -0.000345
vn 0.000000 -1.000000 -0.000345
vn 0.000000 -1.000000 -0.000345
vn 0.000000 -1.000000 -0.000345
vn 0.000000 -1.000000 -0.000345
vn 0.000000 -1.000000 -0.000345
vn 0.000000 -1.000000 -0.000345
vn 0.000000 -1.000000 -0.000345
vn 0.000000 -1.000000 -0.000345
vn 0.000000 -1.000000 -0.000345
vn 0.000000 -1.000000 -0.000345
vn 0.000000 -1.000000 -0.000345
vn 0.000000 -1.000000 -0.000345
vn 0.000000 -1.000000 -0.000345
vn 0.000000 -1.000000 -0.000345
vn 0.000000 -1.000000 -0.000345
vn 0.000000 -1.000000 -0.000345
vn 0.000000 -1.000000 -0.000345
vn 0.000000 -1.000000 -0.000345
vn 0.000000 -1.000000 -0.000345
vn 0.000000 -1.000000 -0.000345
vn 0.000000 -1.000000 -0.000345
vn 0.000000 -1.000000 -0.000345
vn 0.098016 -0.995185 -0.000343
vn 0.000000 -1.000000 -0.000345
vn 0.098016 -0.995185 -0.000343
vn 0.098016 -0.995185 -0.000343
vn 0.098016 -0.995185 -0.000343
vn 0.098016 -0.995185 -0.000343
vn 0.382681 -0.923880 -0.000319
vn 0.098016 -0.995185 -0.000343
vn 0.382681 -0.923880 -0.000319
vn 0.382681 -0.923880 -0.000319
vn 0.382681 -0.923880 -0.000319
vn 0.382681 -0.923880 -0.000319
vn 0.707100 -0.707114 -0.000244
vn 0.382681 -0.923880 -0.000319
vn 0.707100 -0.707114 -0.000244
vn 0.707100 -0.707114 -0.000244
vn 0.707100 -0.707114 -0.000244
vn 0.707100 -0.707114 -0.000244
vn 0.923869 -0.382709 -0.000132
vn 0.707100 -0.707114 -0.000244
vn 0.923869 -0.382709 -0.000132
vn 0.923869 -0.382709 -0.000132
vn 0.923869 -0.382709 -0.000132
vn 0.923869 -0.382709 -0.000132
vn 0.995183 -0.098036 -0.000034
vn 0.923869 -0.382709 -0.000132
vn 0.995183 -0.098036 -0.000034
vn 0.995183 -0.098036 -0.000034
vn 0.995183 -0.098036 -0.000034
vn 0.995183 -0.098036 -0.000034
vn 0.995183 0.098036 0.000034
vn 0.995183 -0.098036 -0.000034
vn 0.995183 0.098036 0.000034
vn 0.995183 0.098036 0.000034
vn 0.923873 0.382700 0.000132
vn 0.995183 0.098036 0.000034
vn 0.995183 0.098036 0.000034
vn 0.923873 0.382700 0.000132
vn 0.923873 0.382700 0.000132
vn 0.995183 0.098036 0.000034
vn 0.707110 0.707104 0.000244
vn 0.923873 0.382700 0.000132
vn 0.923873 0.382700 0.000132
vn 0.707110 0.707104 0.000244
vn 0.707110 0.707104 0.000244
vn 0.923873 0.382700 0.000132
vn 0.382686 0.923879 0.000319
vn 0.707110 0.707104 0.000244
vn 0.707110 0.707104 0.000244
vn 0.382686 0.923879 0.000319
vn 0.382686 0.923879 0.000319
vn 0.707110 0.707104 0.000244
vn 0.098016 0.995185 0.000343
vn 0.382686 0.923879 0.000319
vn 0.382686 0.923879 0.000319
vn 0.098016 0.995185 0.000343
vn 0.098016 0.995185 0.000343
vn 0.382686 0.923879 0.000319
vn 0.000000 1.000000 0.000345
vn 0.098016 0.995185 0.000343
vn 0.098016 0.995185 0.000343
vn 0.000000 1.000000 0.000345
vn 0.000000 1.000000 0.000345
vn 0.098016 0.995185 0.000343
vn -0.000012 1.000000 0.000344
vn 0.000000 1.000000 0.000345
vn 0.000000 1.000000 0.000345
vn -0.000012 1.000000 0.000344
vn -0.000012 1.000000 0.000342
vn 0.000000 1.000000 0.000345
vn -0.000018 1.000000 0.000340
vn -0.000012 1.000000 0.000342
vn -0.000012 1.000000 0.000344
vn -0.000017 1.000000 0.000336
vn -0.000012 1.000000 0.000342
vn -0.000018 1.000000 0.000340
vn -0.000018 1.000000 0.000340
vn -0.000012 1.000000 0.000344
vn -0.000019 1.000000 0.000343
vn -0.000017 1.000000 0.000336
vn -0.000018 1.000000 0.000340
vn -0.000017 1.000000 0.000336
vn -0.000014 1.000000 0.000332
vn -0.000017 1.000000 0.000336
vn -0.000017 1.000000 0.000336
vn -0.000014 1.000000 0.000332
vn -0.000017 1.000000 0.000336
vn -0.000014 1.000000 0.000332
vn -0.000011 1.000000 0.000329
vn -0.000014 1.000000 0.000332
vn -0.000014 1.000000 0.000332
vn -0.000011 1.000000 0.000329
vn -0.000014 1.000000 0.000332
vn -0.000011 1.000000 0.000329
vn -0.000005 1.000000 0.000327
vn -0.000011 1.000000 0.000329
vn -0.000011 1.000000 0.000329
vn -0.000005 1.000000 0.000327
vn -0.000011 1.000000 0.000329
vn -0.000005 1.000000 0.000327
vn 0.000000 1.000000 0.000326
vn -0.000005 1.000000 0.000327
vn -0.000005 1.000000 0.000327
vn 0.000000 1.000000 0.000326
vn -0.000005 1.000000 0.000327
vn 0.000000 1.000000 0.000326
vn 0.000006 1.000000 0.000327
vn 0.000000 1.000000 0.000326
vn 0.000000 1.000000 0.000326
vn 0.000006 1.000000 0.000327
vn 0.000000 1.000000 0.000326
vn 0.000006 1.000000 0.000327
vn 0.000012 1.000000 0.000329
vn 0.000006 1.000000 0.000327
vn 0.000006 1.000000 0.000327
vn 0.000012 1.000000 0.000329
vn 0.000006 1.000000 0.000327
vn 0.000012 1.000000 0.000329
vn 0.000012 1.000000 0.000330
vn 0.000012 1.000000 0.000329
vn 0.000012 1.000000 0.000329
vn 0.000012 1.000000 0.000330
vn 0.000012 1.000000 0.000329
vn 0.000012 1.000000 0.000330
vn 0.866028 0.000173 -0.499995
vn 0.923869 0.000132 -0.382708
vn 0.923872 0.000132 -0.382702
vn 0.866028 0.000173 -0.499995
vn 0.866027 0.000173 -0.499998
vn 0.923869 0.000132 -0.382708
vn 0.707111 0.000244 -0.707103
vn 0.866027 0.000173 -0.499998
vn 0.866028 0.000173 -0.499995
vn 0.866027 0.000173 -0.499998
vn 0.923871 0.000132 -0.382704
vn 0.923869 0.000132 -0.382708
vn 0.707111 0.000244 -0.707103
vn 0.707112 0.000244 -0.707102
vn 0.866027 0.000173 -0.499998
vn 0.499995 0.000299 -0.866028
vn 0.707112 0.000244 -0.707102
vn 0.707111 0.000244 -0.707103
vn 0.866027 0.000173 -0.499998
vn 0.866027 0.000173 -0.499998
vn 0.923871 0.000132 -0.382704
vn 0.707112 0.000244 -0.707102
vn 0.866027 0.000173 -0.499998
vn 0.866027 0.000173 -0.499998
vn 0.866027 0.000173 -0.499998
vn 0.923875 0.000132 -0.382695
vn 0.923871 0.000132 -0.382704
vn 0.866027 0.000173 -0.499998
vn 0.866028 0.000173 -0.499995
vn 0.923875 0.000132 -0.382695
vn 0.707112 0.000244 -0.707101
vn 0.866028 0.000173 -0.499995
vn 0.866027 0.000173 -0.499998
vn 0.707112 0.000244 -0.707102
vn 0.707112 0.000244 -0.707101
vn 0.866027 0.000173 -0.499998
vn 0.707112 0.000244 -0.707101
vn 0.707112 0.000244 -0.707102
vn 0.866028 0.000173 -0.499995
vn 0.499995 0.000299 -0.866028
vn 0.499996 0.000299 -0.866028
vn 0.707112 0.000244 -0.707102
vn 0.499996 0.000299 -0.866028
vn 0.707112 0.000244 -0.707101
vn 0.707112 0.000244 -0.707102
vn 0.258822 0.000333 -0.965925
vn 0.499996 0.000299 -0.866028
vn 0.499995 0.000299 -0.866028
vn 0.499998 0.000299 -0.866026
vn 0.707112 0.000244 -0.707102
vn 0.707112 0.000244 -0.707101
vn 0.499996 0.000299 -0.866028
vn 0.499998 0.000299 -0.866026
vn 0.707112 0.000244 -0.707101
vn 0.499998 0.000299 -0.866026
vn 0.499999 0.000299 -0.866026
vn 0.707112 0.000244 -0.707102
vn 0.258822 0.000333 -0.965925
vn 0.258822 0.000333 -0.965925
vn 0.499996 0.000299 -0.866028
vn 0.258822 0.000333 -0.965925
vn 0.499998 0.000299 -0.866026
vn 0.499996 0.000299 -0.866028
vn 0.000000 0.000345 -1.000000
vn 0.258822 0.000333 -0.965925
vn 0.258822 0.000333 -0.965925
vn 0.258822 0.000333 -0.965925
vn 0.499999 0.000299 -0.866026
vn 0.499998 0.000299 -0.866026
vn 0.258822 0.000333 -0.965925
vn 0.258822 0.000333 -0.965925
vn 0.499998 0.000299 -0.866026
vn 0.258822 0.000333 -0.965925
vn 0.258822 0.000333 -0.965925
vn 0.499999 0.000299 -0.866026
vn 0.000000 0.000345 -1.000000
vn -0.000000 0.000345 -1.000000
vn 0.258822 0.000333 -0.965925
vn -0.000000 0.000345 -1.000000
vn 0.258822 0.000333 -0.965925
vn 0.258822 0.000333 -0.965925
vn -0.258822 0.000333 -0.965925
vn -0.000000 0.000345 -1.000000
vn 0.000000 0.000345 -1.000000
vn -0.000001 0.000345 -1.000000
vn 0.258822 0.000333 -0.965925
vn 0.258822 0.000333 -0.965925
vn -0.000000 0.000345 -1.000000
vn -0.000001 0.000345 -1.000000
vn 0.258822 0.000333 -0.965925
vn -0.000001 0.000345 -1.000000
vn -0.000001 0.000345 -1.000000
vn 0.258822 0.000333 -0.965925
vn -0.258822 0.000333 -0.965925
vn -0.258821 0.000333 -0.965925
vn -0.000000 0.000345 -1.000000
vn -0.258821 0.000333 -0.965925
vn -0.000001 0.000345 -1.000000
vn -0.000000 0.000345 -1.000000
vn -0.500003 0.000299 -0.866023
vn -0.258821 0.000333 -0.965925
vn -0.258822 0.000333 -0.965925
vn -0.258820 0.000333 -0.965926
vn -0.000001 0.000345 -1.000000
vn -0.000001 0.000345 -1.000000
vn -0.258821 0.000333 -0.965925
vn -0.258820 0.000333 -0.965926
vn -0.000001 0.000345 -1.000000
vn -0.258820 0.000333 -0.965926
vn -0.258820 0.000333 -0.965926
vn -0.000001 0.000345 -1.000000
vn -0.500003 0.000299 -0.866023
vn -0.500004 0.000299 -0.866023
vn -0.258821 0.000333 -0.965925
vn -0.500004 0.000299 -0.866023
vn -0.258820 0.000333 -0.965926
vn -0.258821 0.000333 -0.965925
vn -0.707104 0.000244 -0.707109
vn -0.500004 0.000299 -0.866023
vn -0.500003 0.000299 -0.866023
vn -0.500003 0.000299 -0.866024
vn -0.258820 0.000333 -0.965926
vn -0.258820 0.000333 -0.965926
vn -0.500004 0.000299 -0.866023
vn -0.500003 0.000299 -0.866024
vn -0.258820 0.000333 -0.965926
vn -0.500003 0.000299 -0.866024
vn -0.500000 0.000299 -0.866025
vn -0.258820 0.000333 -0.965926
vn -0.707104 0.000244 -0.707109
vn -0.707106 0.000244 -0.707108
vn -0.500004 0.000299 -0.866023
vn -0.707106 0.000244 -0.707108
vn -0.500003 0.000299 -0.866024
vn -0.500004 0.000299 -0.866023
vn -0.707106 0.000244 -0.707107
vn -0.500000 0.000299 -0.866025
vn -0.500003 0.000299 -0.866024
vn -0.707106 0.000244 -0.707108
vn -0.707106 0.000244 -0.707107
vn -0.500003 0.000299 -0.866024
vn -0.707106 0.000244 -0.707107
vn -0.707105 0.000244 -0.707108
vn -0.500000 0.000299 -0.866025
vn -0.866024 0.000173 -0.500002
vn -0.707105 0.000244 -0.707108
vn -0.707106 0.000244 -0.707107
vn -0.866024 0.000173 -0.500002
vn -0.707106 0.000244 -0.707107
vn -0.866024 0.000173 -0.500002
vn -0.866024 0.000173 -0.500002
vn -0.707106 0.000244 -0.707107
vn -0.707106 0.000244 -0.707108
vn -0.965928 0.000089 -0.258811
vn -0.866024 0.000173 -0.500002
vn -0.866024 0.000173 -0.500002
vn -0.866025 0.000173 -0.500001
vn -0.707106 0.000244 -0.707108
vn -0.707104 0.000244 -0.707109
vn -0.866024 0.000173 -0.500002
vn -0.707106 0.000244 -0.707108
vn -0.866025 0.000173 -0.500001
vn -0.866025 0.000173 -0.500001
vn -0.707104 0.000244 -0.707109
vn -0.866025 0.000173 -0.500001
vn -0.965928 0.000089 -0.258811
vn -0.866024 0.000173 -0.500002
vn -0.965928 0.000089 -0.258813
vn -0.965928 0.000089 -0.258813
vn -0.866024 0.000173 -0.500002
vn -0.866025 0.000173 -0.500001
vn -1.000000 0.000000 0.000000
vn -0.965928 0.000089 -0.258811
vn -0.965928 0.000089 -0.258813
vn -0.965927 0.000089 -0.258814
vn -0.866025 0.000173 -0.500001
vn -0.866025 0.000173 -0.500001
vn -0.965928 0.000089 -0.258813
vn -0.866025 0.000173 -0.500001
vn -0.965927 0.000089 -0.258814
vn -0.965927 0.000089 -0.258814
vn -0.866025 0.000173 -0.500001
vn -0.965927 0.000089 -0.258814
vn -1.000000 0.000000 0.000000
vn -0.965928 0.000089 -0.258813
vn -1.000000 0.000000 0.000000
vn -1.000000 0.000000 0.000000
vn -0.965928 0.000089 -0.258813
vn -0.965927 0.000089 -0.258814
vn -1.000000 0.000000 0.000000
vn -0.965927 0.000089 -0.258814
vn -0.965927 0.000089 -0.258814
vn -1.000000 0.000000 0.000000
vn -0.965927 0.000089 -0.258814
vn -1.000000 0.000000 0.000000
vn -1.000000 0.000000 0.000000
vn -0.965927 0.000089 -0.258814
vn -1.000000 0.000000 0.000000
vn -1.000000 0.000000 0.000000
vn -1.000000 0.000000 0.000000
vn -0.965927 -0.000089 0.258814
vn -1.000000 0.000000 0.000000
vn -0.965927 -0.000089 0.258814
vn -0.965927 -0.000089 0.258814
vn -1.000000 0.000000 0.000000
vn -1.000000 0.000000 0.000000
vn -0.965927 -0.000089 0.258814
vn -0.965927 -0.000089 0.258814
vn -0.965927 -0.000089 0.258814
vn -0.866025 -0.000173 0.500001
vn -1.000000 0.000000 0.000000
vn -1.000000 0.000000 0.000000
vn -0.965928 -0.000089 0.258813
vn -1.000000 0.000000 0.000000
vn -0.965927 -0.000089 0.258814
vn -0.965928 -0.000089 0.258813
vn -1.000000 0.000000 0.000000
vn -0.965928 -0.000089 0.258813
vn -0.965928 -0.000089 0.258811
vn -0.965927 -0.000089 0.258814
vn -0.866025 -0.000173 0.500001
vn -0.866024 -0.000173 0.500003
vn -0.965928 -0.000089 0.258813
vn -0.965927 -0.000089 0.258814
vn -0.866024 -0.000173 0.500003
vn -0.866024 -0.000173 0.500003
vn -0.866025 -0.000173 0.500001
vn -0.707104 -0.000244 0.707109
vn -0.965928 -0.000089 0.258811
vn -0.965928 -0.000089 0.258813
vn -0.866023 -0.000173 0.500004
vn -0.965928 -0.000089 0.258813
vn -0.866024 -0.000173 0.500003
vn -0.866023 -0.000173 0.500004
vn -0.965928 -0.000089 0.258811
vn -0.866023 -0.000173 0.500004
vn -0.866024 -0.000173 0.500002
vn -0.866024 -0.000173 0.500003
vn -0.707104 -0.000244 0.707109
vn -0.707105 -0.000244 0.707109
vn -0.866023 -0.000173 0.500004
vn -0.866024 -0.000173 0.500003
vn -0.707105 -0.000244 0.707109
vn -0.866024 -0.000173 0.500002
vn -0.866023 -0.000173 0.500004
vn -0.707105 -0.000244 0.707108
vn -0.866023 -0.000173 0.500004
vn -0.707105 -0.000244 0.707109
vn -0.707105 -0.000244 0.707108
vn -0.866024 -0.000173 0.500002
vn -0.707105 -0.000244 0.707108
vn -0.707106 -0.000244 0.707108
vn -0.707105 -0.000244 0.707108
vn -0.500001 -0.000299 0.866025
vn -0.707106 -0.000244 0.707108
vn -0.707105 -0.000244 0.707108
vn -0.500003 -0.000299 0.866023
vn -0.500001 -0.000299 0.866025
vn -0.707105 -0.000244 0.707109
vn -0.500003 -0.000299 0.866023
vn -0.707105 -0.000244 0.707108
vn -0.500003 -0.000299 0.866023
vn -0.258820 -0.000333 0.965926
vn -0.500001 -0.000299 0.866025
vn -0.707104 -0.000244 0.707109
vn -0.500005 -0.000299 0.866023
vn -0.707105 -0.000244 0.707109
vn -0.707105 -0.000244 0.707109
vn -0.500005 -0.000299 0.866023
vn -0.500003 -0.000299 0.866023
vn -0.707104 -0.000244 0.707109
vn -0.500003 -0.000299 0.866023
vn -0.500005 -0.000299 0.866023
vn -0.500003 -0.000299 0.866023
vn -0.258820 -0.000333 0.965926
vn -0.258820 -0.000333 0.965926
vn -0.500005 -0.000299 0.866023
vn -0.258820 -0.000333 0.965926
vn -0.500003 -0.000299 0.866023
vn -0.258820 -0.000333 0.965926
vn -0.000001 -0.000345 1.000000
vn -0.258820 -0.000333 0.965926
vn -0.500003 -0.000299 0.866023
vn -0.258821 -0.000333 0.965925
vn -0.500005 -0.000299 0.866023
vn -0.500005 -0.000299 0.866023
vn -0.258821 -0.000333 0.965925
vn -0.258820 -0.000333 0.965926
vn -0.500003 -0.000299 0.866023
vn -0.258822 -0.000333 0.965925
vn -0.258821 -0.000333 0.965925
vn -0.258820 -0.000333 0.965926
vn -0.000001 -0.000345 1.000000
vn -0.000001 -0.000345 1.000000
vn -0.258821 -0.000333 0.965925
vn -0.000001 -0.000345 1.000000
vn -0.258820 -0.000333 0.965926
vn -0.000001 -0.000345 1.000000
vn 0.258822 -0.000333 0.965925
vn -0.000001 -0.000345 1.000000
vn -0.258822 -0.000333 0.965925
vn -0.000000 -0.000345 1.000000
vn -0.258821 -0.000333 0.965925
vn -0.258821 -0.000333 0.965925
vn -0.000000 -0.000345 1.000000
vn -0.000001 -0.000345 1.000000
vn -0.258822 -0.000333 0.965925
vn 0.000000 -0.000345 1.000000
vn -0.000000 -0.000345 1.000000
vn -0.000001 -0.000345 1.000000
vn 0.258822 -0.000333 0.965925
vn 0.258822 -0.000333 0.965925
vn -0.000000 -0.000345 1.000000
vn 0.258822 -0.000333 0.965925
vn -0.000001 -0.000345 1.000000
vn 0.258822 -0.000333 0.965925
vn 0.500000 -0.000299 0.866026
vn 0.258822 -0.000333 0.965925
vn 0.000000 -0.000345 1.000000
vn 0.258822 -0.000333 0.965925
vn -0.000000 -0.000345 1.000000
vn -0.000000 -0.000345 1.000000
vn 0.258822 -0.000333 0.965925
vn 0.258822 -0.000333 0.965925
vn 0.000000 -0.000345 1.000000
vn 0.258822 -0.000333 0.965925
vn 0.258822 -0.000333 0.965925
vn 0.258822 -0.000333 0.965925
vn 0.499999 -0.000299 0.866026
vn 0.500000 -0.000299 0.866026
vn 0.258822 -0.000333 0.965925
vn 0.499999 -0.000299 0.866026
vn 0.258822 -0.000333 0.965925
vn 0.499999 -0.000299 0.866026
vn 0.707112 -0.000244 0.707101
vn 0.500000 -0.000299 0.866026
vn 0.258822 -0.000333 0.965925
vn 0.499997 -0.000299 0.866027
vn 0.258822 -0.000333 0.965925
vn 0.258822 -0.000333 0.965925
vn 0.499997 -0.000299 0.866027
vn 0.499999 -0.000299 0.866026
vn 0.258822 -0.000333 0.965925
vn 0.499995 -0.000299 0.866028
vn 0.499997 -0.000299 0.866027
vn 0.499999 -0.000299 0.866026
vn 0.707112 -0.000244 0.707101
vn 0.707112 -0.000244 0.707101
vn 0.499997 -0.000299 0.866027
vn 0.707112 -0.000244 0.707101
vn 0.499999 -0.000299 0.866026
vn 0.707112 -0.000244 0.707101
vn 0.866028 -0.000173 0.499995
vn 0.707112 -0.000244 0.707101
vn 0.499995 -0.000299 0.866028
vn 0.707112 -0.000244 0.707102
vn 0.499997 -0.000299 0.866027
vn 0.499997 -0.000299 0.866027
vn 0.707112 -0.000244 0.707102
vn 0.707112 -0.000244 0.707101
vn 0.499995 -0.000299 0.866028
vn 0.707111 -0.000244 0.707102
vn 0.707112 -0.000244 0.707102
vn 0.707112 -0.000244 0.707101
vn 0.866027 -0.000173 0.499998
vn 0.866028 -0.000173 0.499995
vn 0.707112 -0.000244 0.707102
vn 0.866027 -0.000173 0.499998
vn 0.707112 -0.000244 0.707101
vn 0.866027 -0.000173 0.499998
vn 0.923875 -0.000132 0.382695
vn 0.866028 -0.000173 0.499995
vn 0.866027 -0.000173 0.499998
vn 0.923871 -0.000132 0.382704
vn 0.923875 -0.000132 0.382695
vn 0.707111 -0.000244 0.707102
vn 0.866027 -0.000173 0.499998
vn 0.707112 -0.000244 0.707102
vn 0.707112 -0.000244 0.707102
vn 0.866027 -0.000173 0.499998
vn 0.866027 -0.000173 0.499998
vn 0.866027 -0.000173 0.499998
vn 0.923871 -0.000132 0.382704
vn 0.866027 -0.000173 0.499998
vn 0.707111 -0.000244 0.707102
vn 0.866028 -0.000173 0.499995
vn 0.866027 -0.000173 0.499998
vn 0.866027 -0.000173 0.499998
vn 0.923869 -0.000132 0.382708
vn 0.923871 -0.000132 0.382704
vn 0.866028 -0.000173 0.499995
vn 0.923869 -0.000132 0.382708
vn 0.866027 -0.000173 0.499998
vn 0.866028 -0.000173 0.499995
vn 0.923872 -0.000132 0.382702
vn 0.923869 -0.000132 0.382708
vn 0.000000 1.000000 0.000351
vn 0.000000 1.000000 0.000356
vn 0.000000 1.000000 0.000356
vn 0.000000 1.000000 0.000351
vn 0.000000 1.000000 0.000356
vn 0.000000 1.000000 0.000351
vn 0.000000 1.000000 0.000345
vn 0.000000 1.000000 0.000351
vn 0.000000 1.000000 0.000351
vn 0.000000 1.000000 0.000345
vn 0.000000 1.000000 0.000351
vn 0.000000 1.000000 0.000345
vn 0.000001 1.000000 0.000345
vn 0.000000 1.000000 0.000345
vn 0.000000 1.000000 0.000345
vn 0.000001 1.000000 0.000345
vn 0.000000 1.000000 0.000345
vn 0.000001 1.000000 0.000345
vn 0.000001 1.000000 0.000345
vn 0.000001 1.000000 0.000345
vn 0.000002 1.000000 0.000345
vn 0.000001 1.000000 0.000345
vn 0.000002 1.000000 0.000345
vn 0.000002 1.000000 0.000345
vn 0.000002 1.000000 0.000345
vn 0.000002 1.000000 0.000345
vn 0.000001 1.000000 0.000340
vn 0.000002 1.000000 0.000345
vn 0.000001 1.000000 0.000340
vn 0.000001 1.000000 0.000340
vn 0.000001 1.000000 0.000340
vn 0.000001 1.000000 0.000340
vn 0.000000 1.000000 0.000334
vn 0.000001 1.000000 0.000340
vn 0.000000 1.000000 0.000334
vn 0.000000 1.000000 0.000334
vn 0.000000 0.000345 -1.000000
vn 0.000000 0.000345 -1.000000
vn 0.000000 0.000345 -1.000000
vn 0.000000 0.000345 -1.000000
vn 0.000000 0.000345 -1.000000
vn 0.000000 0.000345 -1.000000
vn 0.000000 0.000345 -1.000000
vn 0.000000 0.000345 -1.000000
vn 0.000000 0.000345 -1.000000
vn 0.000000 0.000345 -1.000000
vn 0.000000 0.000345 -1.000000
vn 0.000000 0.000345 -1.000000
vn 0.000000 0.000345 -1.000000
vn 0.000000 0.000345 -1.000000
vn 0.000000 0.000345 -1.000000
vn 0.000000 0.000345 -1.000000
vn 0.000000 0.000345 -1.000000
vn 0.000000 0.000345 -1.000000
vn 0.000000 0.000345 -1.000000
vn 0.000000 0.000345 -1.000000
vn 0.000000 0.000345 -1.000000
vn 0.000000 0.000345 -1.000000
vn 0.000000 0.000345 -1.000000
vn 0.000000 0.000345 -1.000000
vn 0.000000 0.000345 -1.000000
vn 0.000000 0.000345 -1.000000
vn 0.000000 0.000345 -1.000000
vn 0.000000 0.000345 -1.000000
vn 0.000000 0.000345 -1.000000
vn 0.000000 0.000345 -1.000000
vn 0.000000 0.000345 -1.000000
vn 0.000000 0.000345 -1.000000
vn 0.000000 0.000345 -1.000000
vn 0.000000 0.000345 -1.000000
vn 0.000000 0.000345 -1.000000
vn 0.000000 0.000345 -1.000000
vn 0.000000 0.000345 -1.000000
vn 0.000000 0.000345 -1.000000
vn 0.000000 0.000345 -1.000000
vn 0.000000 0.000345 -1.000000
vn 0.000000 0.000345 -1.000000
vn 0.000000 0.000345 -1.000000
vn 0.000000 0.000345 -1.000000
vn 0.000000 0.000345 -1.000000
vn 0.000000 0.000345 -1.000000
vn 0.000000 0.000345 -1.000000
vn 0.000000 0.000345 -1.000000
vn 0.000000 0.000345 -1.000000
vn 0.000000 0.000345 -1.000000
vn 0.000000 0.000345 -1.000000
vn 0.000000 0.000345 -1.000000
vn 0.000000 0.000345 -1.000000
vn 0.000000 0.000345 -1.000000
vn 0.000000 0.000345 -1.000000
vn 1.000000 0.000000 0.000000
vn 0.991443 0.000045 -0.130538
vn 0.991440 0.000045 -0.130564
vn 1.000000 0.000000 0.000000
vn 0.991440 0.000045 -0.130564
vn 1.000000 0.000000 0.000000
vn 1.000000 0.000000 0.000000
vn 0.991440 0.000045 -0.130564
vn 0.991437 0.000045 -0.130586
vn 1.000000 0.000000 0.000000
vn 1.000000 0.000000 0.000000
vn 0.991440 -0.000045 0.130564
vn 1.000000 0.000000 0.000000
vn 0.991440 -0.000045 0.130564
vn 0.991443 -0.000045 0.130538
vn 1.000000 0.000000 0.000000
vn 0.991437 -0.000045 0.130586
vn 0.991440 -0.000045 0.130564
vn 1.000000 0.000000 0.000000
vn 0.991437 0.000045 -0.130586
vn 1.000000 0.000000 0.000000
vn 1.000000 0.000000 0.000000
vn 1.000000 0.000000 0.000000
vn 0.991437 -0.000045 0.130586
vn 1.000000 0.000000 0.000000
vn 0.991437 0.000045 -0.130586
vn 0.991437 0.000045 -0.130582
vn 1.000000 0.000000 0.000000
vn 0.991437 -0.000045 0.130582
vn 0.991437 -0.000045 0.130586
vn 1.000000 0.000000 0.000000
vn 0.991437 0.000045 -0.130582
vn 1.000000 0.000000 0.000000
vn 1.000000 0.000000 0.000000
vn 1.000000 0.000000 0.000000
vn 0.991437 -0.000045 0.130582
vn 0.000000 -0.000345 1.000000
vn 0.000000 -0.000345 1.000000
vn 0.000000 -0.000345 1.000000
vn 0.000000 -0.000345 1.000000
vn 0.000000 -0.000345 1.000000
vn 0.000000 -0.000345 1.000000
vn 0.000000 -0.000345 1.000000
vn 0.000000 -0.000345 1.000000
vn 0.000000 -0.000345 1.000000
vn 0.000000 -0.000345 1.000000
vn 0.000000 -0.000345 1.000000
vn 0.000000 -0.000345 1.000000
vn 0.000000 -0.000345 1.000000
vn 0.000000 -0.000345 1.000000
vn 0.000000 -0.000345 1.000000
vn 0.000000 -0.000345 1.000000
vn 0.000000 -0.000345 1.000000
vn 0.000000 -0.000345 1.000000
vn 0.000000 -0.000345 1.000000
vn 0.000000 -0.000345 1.000000
vn 0.000000 -0.000345 1.000000
vn 0.000000 -0.000345 1.000000
vn 0.000000 -0.000345 1.000000
vn 0.000000 -0.000345 1.000000
vn 0.000000 -0.000345 1.000000
vn 0.000000 -0.000345 1.000000
vn 0.000000 -0.000345 1.000000
vn 0.000000 -0.000345 1.000000
vn 0.000000 -0.000345 1.000000
vn 0.000000 -0.000345 1.000000
vn 0.000000 -0.000345 1.000000
vn 0.000000 -0.000345 1.000000
vn 0.000000 -0.000345 1.000000
vn 0.000000 -0.000345 1.000000
vn 0.000000 -0.000345 1.000000
vn 0.000000 -0.000345 1.000000
vn 0.000000 -0.000345 1.000000
vn 0.000000 -0.000345 1.000000
vn 0.000000 -0.000345 1.000000
vn 0.000000 -0.000345 1.000000
vn 0.000000 -0.000345 1.000000
vn 0.000000 -0.000345 1.000000
vn 0.000000 -0.000345 1.000000
vn 0.000000 -0.000345 1.000000
vn 0.000000 -0.000345 1.000000
vn 0.000000 -0.000345 1.000000
vn 0.000000 -0.000345 1.000000
vn 0.000000 -0.000345 1.000000
vn 0.000000 -0.000345 1.000000
vn 0.000000 -0.000345 1.000000
vn 0.000000 -0.000345 1.000000
vn 0.000000 -0.000345 1.000000
vn 0.000000 -0.000345 1.000000
vn 0.000000 -0.000345 1.000000
vn -0.000012 1.000000 0.000360
vn -0.000012 1.000000 0.000361
vn -0.000012 1.000000 0.000360
vn -0.000012 1.000000 0.000360
vn -0.000012 1.000000 0.000361
vn -0.000012 1.000000 0.000361
vn -0.000012 1.000000 0.000361
vn -0.000006 1.000000 0.000363
vn -0.000012 1.000000 0.000361
vn -0.000012 1.000000 0.000361
vn -0.000006 1.000000 0.000363
vn -0.000006 1.000000 0.000363
vn -0.000006 1.000000 0.000363
vn 0.000000 1.000000 0.000364
vn -0.000006 1.000000 0.000363
vn -0.000006 1.000000 0.000363
vn 0.000000 1.000000 0.000364
vn 0.000000 1.000000 0.000364
vn 0.000000 1.000000 0.000364
vn 0.000005 1.000000 0.000363
vn 0.000000 1.000000 0.000364
vn 0.000000 1.000000 0.000364
vn 0.000005 1.000000 0.000363
vn 0.000005 1.000000 0.000363
vn 0.000005 1.000000 0.000363
vn 0.000011 1.000000 0.000361
vn 0.000005 1.000000 0.000363
vn 0.000005 1.000000 0.000363
vn 0.000011 1.000000 0.000361
vn 0.000011 1.000000 0.000361
vn 0.000011 1.000000 0.000361
vn 0.000014 1.000000 0.000358
vn 0.000011 1.000000 0.000361
vn 0.000011 1.000000 0.000361
vn 0.000014 1.000000 0.000358
vn 0.000014 1.000000 0.000358
vn 0.000014 1.000000 0.000358
vn 0.000017 1.000000 0.000355
vn 0.000014 1.000000 0.000358
vn 0.000014 1.000000 0.000358
vn 0.000017 1.000000 0.000355
vn 0.000017 1.000000 0.000355
vn 0.000017 1.000000 0.000355
vn 0.000018 1.000000 0.000350
vn 0.000017 1.000000 0.000355
vn 0.000017 1.000000 0.000355
vn 0.000012 1.000000 0.000348
vn 0.000018 1.000000 0.000350
vn 0.000018 1.000000 0.000350
vn 0.000012 1.000000 0.000348
vn 0.000012 1.000000 0.000347
vn 0.000018 1.000000 0.000350
vn 0.000012 1.000000 0.000347
vn 0.000019 1.000000 0.000348
vn 0.000012 1.000000 0.000347
vn 0.000012 1.000000 0.000348
vn 0.000000 1.000000 0.000345
vn 0.000012 1.000000 0.000347
vn 0.000000 1.000000 0.000345
vn 0.000000 1.000000 0.000345
vn 0.000000 1.000000 0.000345
vn 0.000000 1.000000 0.000345
vn -0.098016 0.995185 0.000343
vn 0.000000 1.000000 0.000345
vn -0.098016 0.995185 0.000343
vn -0.098016 0.995185 0.000343
vn -0.098016 0.995185 0.000343
vn -0.098016 0.995185 0.000343
vn -0.382685 0.923879 0.000319
vn -0.098016 0.995185 0.000343
vn -0.382685 0.923879 0.000319
vn -0.382685 0.923879 0.000319
vn -0.382685 0.923879 0.000319
vn -0.382685 0.923879 0.000319
vn -0.707110 0.707104 0.000244
vn -0.382685 0.923879 0.000319
vn -0.707110 0.707104 0.000244
vn -0.707110 0.707104 0.000244
vn -0.707110 0.707104 0.000244
vn -0.707110 0.707104 0.000244
vn -0.923873 0.382700 0.000132
vn -0.707110 0.707104 0.000244
vn -0.923873 0.382700 0.000132
vn -0.923873 0.382700 0.000132
vn -0.923873 0.382700 0.000132
vn -0.923873 0.382700 0.000132
vn -0.995183 0.098036 0.000034
vn -0.923873 0.382700 0.000132
vn -0.995183 0.098036 0.000034
vn -0.995183 0.098036 0.000034
vn -0.995183 -0.098036 -0.000034
vn -0.995183 0.098036 0.000034
vn -0.995183 0.098036 0.000034
vn -0.995183 -0.098036 -0.000034
vn -0.995183 -0.098036 -0.000034
vn -0.995183 0.098036 0.000034
vn -0.923869 -0.382709 -0.000132
vn -0.995183 -0.098036 -0.000034
vn -0.995183 -0.098036 -0.000034
vn -0.923869 -0.382709 -0.000132
vn -0.923869 -0.382709 -0.000132
vn -0.995183 -0.098036 -0.000034
vn -0.707100 -0.707114 -0.000244
vn -0.923869 -0.382709 -0.000132
vn -0.923869 -0.382709 -0.000132
vn -0.707100 -0.707114 -0.000244
vn -0.707100 -0.707114 -0.000244
vn -0.923869 -0.382709 -0.000132
vn -0.382686 -0.923878 -0.000319
vn -0.707100 -0.707114 -0.000244
vn -0.707100 -0.707114 -0.000244
vn -0.382686 -0.923878 -0.000319
vn -0.382686 -0.923878 -0.000319
vn -0.707100 -0.707114 -0.000244
vn -0.098022 -0.995184 -0.000343
vn -0.382686 -0.923878 -0.000319
vn -0.382686 -0.923878 -0.000319
vn -0.098022 -0.995184 -0.000343
vn -0.098022 -0.995184 -0.000343
vn -0.382686 -0.923878 -0.000319
vn 0.000000 -1.000000 -0.000345
vn -0.098022 -0.995184 -0.000343
vn -0.098022 -0.995184 -0.000343
vn 0.000000 -1.000000 -0.000345
vn 0.000000 -1.000000 -0.000345
vn -0.098022 -0.995184 -0.000343
vn 0.000000 -1.000000 -0.000345
vn 0.000000 -1.000000 -0.000345
vn 0.000000 -1.000000 -0.000345
vn 0.000000 -1.000000 -0.000345
vn 0.000000 -1.000000 -0.000345
vn 0.000000 -1.000000 -0.000345
vn 0.000000 -1.000000 -0.000345
vn 0.000000 -1.000000 -0.000345
vn 0.000000 -1.000000 -0.000345
vn 0.000000 -1.000000 -0.000345
vn 0.000000 -1.000000 -0.000345
vn 0.000000 -1.000000 -0.000345
vn 0.000000 -1.000000 -0.000345
vn 0.000000 -1.000000 -0.000345
vn 0.000000 -1.000000 -0.000345
vn 0.000000 -1.000000 -0.000345
vn 0.000000 -1.000000 -0.000345
vn 0.000000 -1.000000 -0.000345
vn -0.000002 -1.000000 -0.000345
vn 0.000000 -1.000000 -0.000345
vn 0.000000 -1.000000 -0.000345
vn -0.000002 -1.000000 -0.000345
vn 0.000000 -1.000000 -0.000345
vn -0.000002 -1.000000 -0.000345
vn -0.000001 -1.000000 -0.000345
vn -0.000002 -1.000000 -0.000345
vn -0.000002 -1.000000 -0.000345
vn -0.000001 -1.000000 -0.000345
vn -0.000002 -1.000000 -0.000345
vn -0.000001 -1.000000 -0.000345
vn 0.000000 -1.000000 -0.000345
vn -0.000001 -1.000000 -0.000345
vn -0.000001 -1.000000 -0.000345
vn 0.000000 -1.000000 -0.000345
vn -0.000001 -1.000000 -0.000345
vn 0.000000 -1.000000 -0.000345
vn 0.000000 -1.000000 -0.000345
vn 0.000000 -1.000000 -0.000345
vn 0.000000 -1.000000 -0.000345
vn 0.000000 -1.000000 -0.000345
vn 0.000000 -1.000000 -0.000345
vn 0.000000 -1.000000 -0.000345
vn 0.000001 -1.000000 -0.000345
vn 0.000000 -1.000000 -0.000345
vn 0.000000 -1.000000 -0.000345
vn 0.000001 -1.000000 -0.000345
vn 0.000000 -1.000000 -0.000345
vn 0.000001 -1.000000 -0.000345
vn 0.000002 -1.000000 -0.000345
vn 0.000001 -1.000000 -0.000345
vn 0.000001 -1.000000 -0.000345
vn 0.000002 -1.000000 -0.000345
vn 0.000001 -1.000000 -0.000345
vn 0.000002 -1.000000 -0.000345
vn 0.000002 -1.000000 -0.000345
vn 0.000002 -1.000000 -0.000345
vn 0.000002 -1.000000 -0.000345
vn 0.000002 -1.000000 -0.000345
vn 0.000002 -1.000000 -0.000345
vn 0.000002 -1.000000 -0.000345
vn 0.000000 -1.000000 -0.000345
vn 0.000002 -1.000000 -0.000345
vn 0.000002 -1.000000 -0.000345
vn 0.000000 -1.000000 -0.000345
vn 0.000002 -1.000000 -0.000345
vn 0.000000 -1.000000 -0.000345
vn 0.000000 -1.000000 -0.000345
vn 0.000000 -1.000000 -0.000345
vn 0.000000 -1.000000 -0.000345
vn 0.000000 -1.000000 -0.000345
vn 0.000000 -1.000000 -0.000345
vn 0.000000 -1.000000 -0.000345
vn -0.000002 -1.000000 -0.000345
vn 0.000000 -1.000000 -0.000345
vn 0.000000 -1.000000 -0.000345
vn -0.000002 -1.000000 -0.000345
vn 0.000000 -1.000000 -0.000345
vn -0.000002 -1.000000 -0.000345
vn -0.000002 -1.000000 -0.000345
vn -0.000002 -1.000000 -0.000345
vn -0.000001 -1.000000 -0.000345
vn -0.000002 -1.000000 -0.000345
vn -0.000001 -1.000000 -0.000345
vn -0.000001 -1.000000 -0.000345
vn -0.000001 -1.000000 -0.000345
vn -0.000001 -1.000000 -0.000345
vn 0.000000 -1.000000 -0.000345
vn -0.000001 -1.000000 -0.000345
vn 0.000000 -1.000000 -0.000345
vn 0.000000 -1.000000 -0.000345
vn 0.000000 -1.000000 -0.000345
vn 0.000000 -1.000000 -0.000345
vn 0.000001 -1.000000 -0.000345
vn 0.000000 -1.000000 -0.000345
vn 0.000001 -1.000000 -0.000345
vn 0.000001 -1.000000 -0.000345
vn 0.000001 -1.000000 -0.000345
vn 0.000001 -1.000000 -0.000345
vn 0.000002 -1.000000 -0.000345
vn 0.000001 -1.000000 -0.000345
vn 0.000002 -1.000000 -0.000345
vn 0.000002 -1.000000 -0.000345
vn 0.000002 -1.000000 -0.000345
vn 0.000002 -1.000000 -0.000345
vn 0.000002 -1.000000 -0.000345
vn 0.000002 -1.000000 -0.000345
vn 0.000002 -1.000000 -0.000345
vn 0.000002 -1.000000 -0.000345
vn 0.000002 -1.000000 -0.000345
vn 0.000002 -1.000000 -0.000345
vn 0.000002 -1.000000 -0.000345
vn 0.000002 -1.000000 -0.000345
vn 0.000002 -1.000000 -0.000345
vn 0.000002 -1.000000 -0.000345
vn 0.000002 -1.000000 -0.000345
vn 0.000002 -1.000000 -0.000345
vn 0.000000 -1.000000 -0.000345
vn 0.000002 -1.000000 -0.000345
vn 0.000000 -1.000000 -0.000345
vn 0.000000 -1.000000 -0.000345
vn 0.000000 -1.000000 -0.000345
vn 0.000000 -1.000000 -0.000345
vn -0.000005 -1.000000 -0.000345
vn 0.000000 -1.000000 -0.000345
vn -0.000005 -1.000000 -0.000345
vn -0.000005 -1.000000 -0.000345
vn -0.000005 -1.000000 -0.000345
vn -0.000005 -1.000000 -0.000345
vn -0.000005 -1.000000 -0.000345
vn -0.000005 -1.000000 -0.000345
vn -0.000005 -1.000000 -0.000345
vn -0.000005 -1.000000 -0.000345
vn -0.000005 -1.000000 -0.000345
vn -0.000005 -1.000000 -0.000345
vn 0.000000 -1.000000 -0.000345
vn -0.000005 -1.000000 -0.000345
vn 0.000000 -1.000000 -0.000345
vn 0.000000 -1.000000 -0.000345
vn 0.000000 -1.000000 -0.000345
vn 0.000000 -1.000000 -0.000345
vn 0.000000 -1.000000 -0.000345
vn 0.000000 -1.000000 -0.000345
vn 0.000000 -1.000000 -0.000345
vn 0.000000 -1.000000 -0.000345
vn 0.000000 -1.000000 -0.000345
vn 0.000000 -1.000000 -0.000345
vn 0.000000 -1.000000 -0.000345
vn 0.000000 -1.000000 -0.000345
vn 0.000000 -1.000000 -0.000345
vn 0.000000 -1.000000 -0.000345
vn 0.000000 -1.000000 -0.000345
vn 0.000000 -1.000000 -0.000345
vn 0.000000 -1.000000 -0.000345
vn 0.000000 -1.000000 -0.000345
vn 0.000000 -1.000000 -0.000345
vn 0.000000 -1.000000 -0.000345
vn 0.000000 -1.000000 -0.000345
vn 0.000000 -1.000000 -0.000345
vn 0.000000 -1.000000 -0.000345
vn 0.000000 -1.000000 -0.000345
vn 0.000000 -1.000000 -0.000345
vn 0.000000 -1.000000 -0.000345
vn 0.000000 -1.000000 -0.000345
vn 0.000000 -1.000000 -0.000345
vn 0.000000 -1.000000 -0.000345
vn 0.000000 -1.000000 -0.000345
vn 0.000000 -1.000000 -0.000345
vn 0.000000 -1.000000 -0.000345
vn 0.000000 -1.000000 -0.000345
vn -0.098016 -0.995185 -0.000343
vn 0.000000 -1.000000 -0.000345
vn 0.000000 -1.000000 -0.000345
vn -0.098016 -0.995185 -0.000343
vn -0.098016 -0.995185 -0.000343
vn -0.098016 -0.995185 -0.000343
vn -0.382681 -0.923880 -0.000319
vn -0.098016 -0.995185 -0.000343
vn -0.098016 -0.995185 -0.000343
vn -0.382681 -0.923880 -0.000319
vn -0.382681 -0.923880 -0.000319
vn -0.382681 -0.923880 -0.000319
vn -0.707100 -0.707114 -0.000244
vn -0.382681 -0.923880 -0.000319
vn -0.382681 -0.923880 -0.000319
vn -0.707100 -0.707114 -0.000244
vn -0.707100 -0.707114 -0.000244
vn -0.707100 -0.707114 -0.000244
vn -0.923869 -0.382709 -0.000132
vn -0.707100 -0.707114 -0.000244
vn -0.707100 -0.707114 -0.000244
vn -0.923869 -0.382709 -0.000132
vn -0.923869 -0.382709 -0.000132
vn -0.923869 -0.382709 -0.000132
vn -0.995183 -0.098036 -0.000034
vn -0.923869 -0.382709 -0.000132
vn -0.923869 -0.382709 -0.000132
vn -0.995183 -0.098036 -0.000034
vn -0.995183 -0.098036 -0.000034
vn -0.995183 -0.098036 -0.000034
vn -0.995183 0.098036 0.000034
vn -0.995183 -0.098036 -0.000034
vn -0.995183 -0.098036 -0.000034
vn -0.995183 0.098036 0.000034
vn -0.995183 0.098036 0.000034
vn -0.923873 0.382700 0.000132
vn -0.995183 0.098036 0.000034
vn -0.995183 0.098036 0.000034
vn -0.923873 0.382700 0.000132
vn -0.995183 0.098036 0.000034
vn -0.923873 0.382700 0.000132
vn -0.707110 0.707104 0.000244
vn -0.923873 0.382700 0.000132
vn -0.923873 0.382700 0.000132
vn -0.707110 0.707104 0.000244
vn -0.923873 0.382700 0.000132
vn -0.707110 0.707104 0.000244
vn -0.382686 0.923879 0.000319
vn -0.707110 0.707104 0.000244
vn -0.707110 0.707104 0.000244
vn -0.382686 0.923879 0.000319
vn -0.707110 0.707104 0.000244
vn -0.382686 0.923879 0.000319
vn -0.098016 0.995185 0.000343
vn -0.382686 0.923879 0.000319
vn -0.382686 0.923879 0.000319
vn -0.098016 0.995185 0.000343
vn -0.382686 0.923879 0.000319
vn -0.098016 0.995185 0.000343
vn 0.000000 1.000000 0.000345
vn -0.098016 0.995185 0.000343
vn -0.098016 0.995185 0.000343
vn 0.000000 1.000000 0.000345
vn -0.098016 0.995185 0.000343
vn 0.000000 1.000000 0.000345
vn 0.000012 1.000000 0.000344
vn 0.000000 1.000000 0.000345
vn 0.000000 1.000000 0.000345
vn 0.000012 1.000000 0.000344
vn 0.000000 1.000000 0.000345
vn 0.000012 1.000000 0.000342
vn 0.000018 1.000000 0.000340
vn 0.000012 1.000000 0.000344
vn 0.000012 1.000000 0.000342
vn 0.000016 1.000000 0.000336
vn 0.000018 1.000000 0.000340
vn 0.000012 1.000000 0.000342
vn 0.000018 1.000000 0.000340
vn 0.000019 1.000000 0.000343
vn 0.000012 1.000000 0.000344
vn 0.000016 1.000000 0.000336
vn 0.000016 1.000000 0.000336
vn 0.000018 1.000000 0.000340
vn 0.000013 1.000000 0.000332
vn 0.000016 1.000000 0.000336
vn 0.000016 1.000000 0.000336
vn 0.000013 1.000000 0.000332
vn 0.000013 1.000000 0.000332
vn 0.000016 1.000000 0.000336
vn 0.000012 1.000000 0.000329
vn 0.000013 1.000000 0.000332
vn 0.000013 1.000000 0.000332
vn 0.000012 1.000000 0.000329
vn 0.000012 1.000000 0.000329
vn 0.000013 1.000000 0.000332
vn 0.000006 1.000000 0.000327
vn 0.000012 1.000000 0.000329
vn 0.000012 1.000000 0.000329
vn 0.000006 1.000000 0.000327
vn 0.000006 1.000000 0.000327
vn 0.000012 1.000000 0.000329
vn 0.000000 1.000000 0.000326
vn 0.000006 1.000000 0.000327
vn 0.000006 1.000000 0.000327
vn 0.000000 1.000000 0.000326
vn 0.000000 1.000000 0.000326
vn 0.000006 1.000000 0.000327
vn -0.000006 1.000000 0.000327
vn 0.000000 1.000000 0.000326
vn 0.000000 1.000000 0.000326
vn -0.000006 1.000000 0.000327
vn -0.000006 1.000000 0.000327
vn 0.000000 1.000000 0.000326
vn -0.000012 1.000000 0.000329
vn -0.000006 1.000000 0.000327
vn -0.000006 1.000000 0.000327
vn -0.000012 1.000000 0.000329
vn -0.000012 1.000000 0.000329
vn -0.000006 1.000000 0.000327
vn -0.000012 1.000000 0.000330
vn -0.000012 1.000000 0.000329
vn -0.000012 1.000000 0.000329
vn -0.000012 1.000000 0.000330
vn -0.000012 1.000000 0.000330
vn -0.000012 1.000000 0.000329
vn -0.866028 0.000173 -0.499995
vn -0.923872 0.000132 -0.382702
vn -0.923869 0.000132 -0.382708
vn -0.866028 0.000173 -0.499995
vn -0.923869 0.000132 -0.382708
vn -0.866027 0.000173 -0.499998
vn -0.707111 0.000244 -0.707103
vn -0.866028 0.000173 -0.499995
vn -0.866027 0.000173 -0.499998
vn -0.866027 0.000173 -0.499998
vn -0.923869 0.000132 -0.382708
vn -0.923871 0.000132 -0.382704
vn -0.707111 0.000244 -0.707103
vn -0.866027 0.000173 -0.499998
vn -0.707112 0.000244 -0.707102
vn -0.499995 0.000299 -0.866028
vn -0.707111 0.000244 -0.707103
vn -0.707112 0.000244 -0.707102
vn -0.866027 0.000173 -0.499998
vn -0.923871 0.000132 -0.382704
vn -0.866027 0.000173 -0.499998
vn -0.707112 0.000244 -0.707102
vn -0.866027 0.000173 -0.499998
vn -0.866027 0.000173 -0.499998
vn -0.866027 0.000173 -0.499998
vn -0.923871 0.000132 -0.382704
vn -0.923875 0.000132 -0.382695
vn -0.866027 0.000173 -0.499998
vn -0.923875 0.000132 -0.382695
vn -0.866028 0.000173 -0.499995
vn -0.707112 0.000244 -0.707101
vn -0.866027 0.000173 -0.499998
vn -0.866028 0.000173 -0.499995
vn -0.707112 0.000244 -0.707102
vn -0.866027 0.000173 -0.499998
vn -0.707112 0.000244 -0.707101
vn -0.707112 0.000244 -0.707101
vn -0.866028 0.000173 -0.499995
vn -0.707112 0.000244 -0.707102
vn -0.499995 0.000299 -0.866028
vn -0.707112 0.000244 -0.707102
vn -0.499996 0.000299 -0.866028
vn -0.499996 0.000299 -0.866028
vn -0.707112 0.000244 -0.707102
vn -0.707112 0.000244 -0.707101
vn -0.258822 0.000333 -0.965925
vn -0.499995 0.000299 -0.866028
vn -0.499996 0.000299 -0.866028
vn -0.499998 0.000299 -0.866026
vn -0.707112 0.000244 -0.707101
vn -0.707112 0.000244 -0.707102
vn -0.499996 0.000299 -0.866028
vn -0.707112 0.000244 -0.707101
vn -0.499998 0.000299 -0.866026
vn -0.499998 0.000299 -0.866026
vn -0.707112 0.000244 -0.707102
vn -0.499999 0.000299 -0.866026
vn -0.258822 0.000333 -0.965925
vn -0.499996 0.000299 -0.866028
vn -0.258822 0.000333 -0.965925
vn -0.258822 0.000333 -0.965925
vn -0.499996 0.000299 -0.866028
vn -0.499998 0.000299 -0.866026
vn -0.000000 0.000345 -1.000000
vn -0.258822 0.000333 -0.965925
vn -0.258822 0.000333 -0.965925
vn -0.258822 0.000333 -0.965925
vn -0.499998 0.000299 -0.866026
vn -0.499999 0.000299 -0.866026
vn -0.258822 0.000333 -0.965925
vn -0.499998 0.000299 -0.866026
vn -0.258822 0.000333 -0.965925
vn -0.258822 0.000333 -0.965925
vn -0.499999 0.000299 -0.866026
vn -0.258822 0.000333 -0.965925
vn -0.000000 0.000345 -1.000000
vn -0.258822 0.000333 -0.965925
vn 0.000000 0.000345 -1.000000
vn 0.000000 0.000345 -1.000000
vn -0.258822 0.000333 -0.965925
vn -0.258822 0.000333 -0.965925
vn 0.258822 0.000333 -0.965925
vn -0.000000 0.000345 -1.000000
vn 0.000000 0.000345 -1.000000
vn 0.000001 0.000345 -1.000000
vn -0.258822 0.000333 -0.965925
vn -0.258822 0.000333 -0.965925
vn 0.000000 0.000345 -1.000000
vn -0.258822 0.000333 -0.965925
vn 0.000001 0.000345 -1.000000
vn 0.000001 0.000345 -1.000000
vn -0.258822 0.000333 -0.965925
vn 0.000001 0.000345 -1.000000
vn 0.258822 0.000333 -0.965925
vn 0.000000 0.000345 -1.000000
vn 0.258821 0.000333 -0.965925
vn 0.258821 0.000333 -0.965925
vn 0.000000 0.000345 -1.000000
vn 0.000001 0.000345 -1.000000
vn 0.500003 0.000299 -0.866023
vn 0.258822 0.000333 -0.965925
vn 0.258821 0.000333 -0.965925
vn 0.258820 0.000333 -0.965926
vn 0.000001 0.000345 -1.000000
vn 0.000001 0.000345 -1.000000
vn 0.258821 0.000333 -0.965925
vn 0.000001 0.000345 -1.000000
vn 0.258820 0.000333 -0.965926
vn 0.258820 0.000333 -0.965926
vn 0.000001 0.000345 -1.000000
vn 0.258820 0.000333 -0.965926
vn 0.500003 0.000299 -0.866023
vn 0.258821 0.000333 -0.965925
vn 0.500004 0.000299 -0.866023
vn 0.500004 0.000299 -0.866023
vn 0.258821 0.000333 -0.965925
vn 0.258820 0.000333 -0.965926
vn 0.707104 0.000244 -0.707109
vn 0.500003 0.000299 -0.866023
vn 0.500004 0.000299 -0.866023
vn 0.500003 0.000299 -0.866024
vn 0.258820 0.000333 -0.965926
vn 0.258820 0.000333 -0.965926
vn 0.500004 0.000299 -0.866023
vn 0.258820 0.000333 -0.965926
vn 0.500003 0.000299 -0.866024
vn 0.500003 0.000299 -0.866024
vn 0.258820 0.000333 -0.965926
vn 0.500000 0.000299 -0.866025
vn 0.707104 0.000244 -0.707109
vn 0.500004 0.000299 -0.866023
vn 0.707104 0.000244 -0.707109
vn 0.707104 0.000244 -0.707109
vn 0.500004 0.000299 -0.866023
vn 0.500003 0.000299 -0.866024
vn 0.707105 0.000244 -0.707108
vn 0.500003 0.000299 -0.866024
vn 0.500000 0.000299 -0.866025
vn 0.707104 0.000244 -0.707109
vn 0.500003 0.000299 -0.866024
vn 0.707105 0.000244 -0.707108
vn 0.707105 0.000244 -0.707108
vn 0.500000 0.000299 -0.866025
vn 0.707105 0.000244 -0.707108
vn 0.866024 0.000173 -0.500002
vn 0.707105 0.000244 -0.707108
vn 0.707105 0.000244 -0.707108
vn 0.866024 0.000173 -0.500002
vn 0.866023 0.000173 -0.500004
vn 0.707105 0.000244 -0.707108
vn 0.866023 0.000173 -0.500004
vn 0.707104 0.000244 -0.707109
vn 0.707105 0.000244 -0.707108
vn 0.965928 0.000089 -0.258811
vn 0.866023 0.000173 -0.500004
vn 0.866024 0.000173 -0.500002
vn 0.866024 0.000173 -0.500003
vn 0.707104 0.000244 -0.707109
vn 0.707104 0.000244 -0.707109
vn 0.866023 0.000173 -0.500004
vn 0.866024 0.000173 -0.500003
vn 0.707104 0.000244 -0.707109
vn 0.866024 0.000173 -0.500003
vn 0.866025 0.000173 -0.500001
vn 0.707104 0.000244 -0.707109
vn 0.965928 0.000089 -0.258811
vn 0.965928 0.000089 -0.258813
vn 0.866023 0.000173 -0.500004
vn 0.965928 0.000089 -0.258813
vn 0.866024 0.000173 -0.500003
vn 0.866023 0.000173 -0.500004
vn 1.000000 0.000000 0.000000
vn 0.965928 0.000089 -0.258813
vn 0.965928 0.000089 -0.258811
vn 0.965927 0.000089 -0.258814
vn 0.866025 0.000173 -0.500001
vn 0.866024 0.000173 -0.500003
vn 0.965928 0.000089 -0.258813
vn 0.965927 0.000089 -0.258814
vn 0.866024 0.000173 -0.500003
vn 0.965927 0.000089 -0.258814
vn 0.965927 0.000089 -0.258814
vn 0.866025 0.000173 -0.500001
vn 1.000000 0.000000 0.000000
vn 1.000000 0.000000 0.000000
vn 0.965928 0.000089 -0.258813
vn 1.000000 0.000000 0.000000
vn 0.965927 0.000089 -0.258814
vn 0.965928 0.000089 -0.258813
vn 1.000000 0.000000 0.000000
vn 0.965927 0.000089 -0.258814
vn 0.965927 0.000089 -0.258814
vn 1.000000 0.000000 0.000000
vn 1.000000 0.000000 0.000000
vn 0.965927 0.000089 -0.258814
vn 1.000000 0.000000 0.000000
vn 1.000000 0.000000 0.000000
vn 0.965927 0.000089 -0.258814
vn 1.000000 0.000000 0.000000
vn 0.965927 -0.000089 0.258814
vn 1.000000 0.000000 0.000000
vn 1.000000 0.000000 0.000000
vn 0.965927 -0.000089 0.258814
vn 0.965927 -0.000089 0.258814
vn 1.000000 0.000000 0.000000
vn 0.965927 -0.000089 0.258814
vn 1.000000 0.000000 0.000000
vn 0.965927 -0.000089 0.258814
vn 0.866025 -0.000173 0.500001
vn 0.965927 -0.000089 0.258814
vn 1.000000 0.000000 0.000000
vn 0.965928 -0.000089 0.258813
vn 1.000000 0.000000 0.000000
vn 1.000000 0.000000 0.000000
vn 0.965928 -0.000089 0.258813
vn 0.965927 -0.000089 0.258814
vn 1.000000 0.000000 0.000000
vn 0.965928 -0.000089 0.258811
vn 0.965928 -0.000089 0.258813
vn 0.965927 -0.000089 0.258814
vn 0.866025 -0.000173 0.500001
vn 0.866025 -0.000173 0.500001
vn 0.965928 -0.000089 0.258813
vn 0.866025 -0.000173 0.500001
vn 0.965927 -0.000089 0.258814
vn 0.866025 -0.000173 0.500001
vn 0.707104 -0.000244 0.707109
vn 0.866025 -0.000173 0.500001
vn 0.965928 -0.000089 0.258811
vn 0.866024 -0.000173 0.500002
vn 0.965928 -0.000089 0.258813
vn 0.965928 -0.000089 0.258813
vn 0.866024 -0.000173 0.500002
vn 0.866025 -0.000173 0.500001
vn 0.965928 -0.000089 0.258811
vn 0.866024 -0.000173 0.500002
vn 0.866024 -0.000173 0.500002
vn 0.866025 -0.000173 0.500001
vn 0.707106 -0.000244 0.707108
vn 0.707104 -0.000244 0.707109
vn 0.866024 -0.000173 0.500002
vn 0.707106 -0.000244 0.707108
vn 0.866025 -0.000173 0.500001
vn 0.866024 -0.000173 0.500002
vn 0.707107 -0.000244 0.707107
vn 0.866024 -0.000173 0.500002
vn 0.866024 -0.000173 0.500002
vn 0.707107 -0.000244 0.707107
vn 0.707106 -0.000244 0.707108
vn 0.866024 -0.000173 0.500002
vn 0.707106 -0.000244 0.707108
vn 0.707107 -0.000244 0.707107
vn 0.707107 -0.000244 0.707107
vn 0.707106 -0.000244 0.707108
vn 0.500001 -0.000299 0.866025
vn 0.707107 -0.000244 0.707107
vn 0.500001 -0.000299 0.866025
vn 0.500003 -0.000299 0.866023
vn 0.707106 -0.000244 0.707108
vn 0.707107 -0.000244 0.707107
vn 0.500003 -0.000299 0.866023
vn 0.500003 -0.000299 0.866023
vn 0.500001 -0.000299 0.866025
vn 0.258820 -0.000333 0.965926
vn 0.707104 -0.000244 0.707109
vn 0.707106 -0.000244 0.707108
vn 0.500005 -0.000299 0.866023
vn 0.707106 -0.000244 0.707108
vn 0.500003 -0.000299 0.866023
vn 0.500005 -0.000299 0.866023
vn 0.707104 -0.000244 0.707109
vn 0.500005 -0.000299 0.866023
vn 0.500003 -0.000299 0.866023
vn 0.500003 -0.000299 0.866023
vn 0.258820 -0.000333 0.965926
vn 0.258820 -0.000333 0.965926
vn 0.500005 -0.000299 0.866023
vn 0.500003 -0.000299 0.866023
vn 0.258820 -0.000333 0.965926
vn 0.258820 -0.000333 0.965926
vn 0.258820 -0.000333 0.965926
vn 0.000001 -0.000345 1.000000
vn 0.500003 -0.000299 0.866023
vn 0.500005 -0.000299 0.866023
vn 0.258821 -0.000333 0.965925
vn 0.500005 -0.000299 0.866023
vn 0.258820 -0.000333 0.965926
vn 0.258821 -0.000333 0.965925
vn 0.500003 -0.000299 0.866023
vn 0.258821 -0.000333 0.965925
vn 0.258822 -0.000333 0.965925
vn 0.258820 -0.000333 0.965926
vn 0.000001 -0.000345 1.000000
vn 0.000001 -0.000345 1.000000
vn 0.258821 -0.000333 0.965925
vn 0.258820 -0.000333 0.965926
vn 0.000001 -0.000345 1.000000
vn 0.000001 -0.000345 1.000000
vn 0.000001 -0.000345 1.000000
vn -0.258822 -0.000333 0.965925
vn 0.258822 -0.000333 0.965925
vn 0.258821 -0.000333 0.965925
vn 0.000000 -0.000345 1.000000
vn 0.258821 -0.000333 0.965925
vn 0.000001 -0.000345 1.000000
vn 0.000000 -0.000345 1.000000
vn 0.258822 -0.000333 0.965925
vn 0.000000 -0.000345 1.000000
vn -0.000000 -0.000345 1.000000
vn 0.000001 -0.000345 1.000000
vn -0.258822 -0.000333 0.965925
vn -0.258822 -0.000333 0.965925
vn 0.000000 -0.000345 1.000000
vn 0.000001 -0.000345 1.000000
vn -0.258822 -0.000333 0.965925
vn -0.258822 -0.000333 0.965925
vn -0.258822 -0.000333 0.965925
vn -0.500000 -0.000299 0.866026
vn -0.000000 -0.000345 1.000000
vn 0.000000 -0.000345 1.000000
vn -0.258822 -0.000333 0.965925
vn 0.000000 -0.000345 1.000000
vn -0.258822 -0.000333 0.965925
vn -0.258822 -0.000333 0.965925
vn -0.000000 -0.000345 1.000000
vn -0.258822 -0.000333 0.965925
vn -0.258822 -0.000333 0.965925
vn -0.258822 -0.000333 0.965925
vn -0.500000 -0.000299 0.866026
vn -0.499999 -0.000299 0.866026
vn -0.258822 -0.000333 0.965925
vn -0.258822 -0.000333 0.965925
vn -0.499999 -0.000299 0.866026
vn -0.499999 -0.000299 0.866026
vn -0.500000 -0.000299 0.866026
vn -0.707112 -0.000244 0.707101
vn -0.258822 -0.000333 0.965925
vn -0.258822 -0.000333 0.965925
vn -0.499997 -0.000299 0.866027
vn -0.258822 -0.000333 0.965925
vn -0.499999 -0.000299 0.866026
vn -0.499997 -0.000299 0.866027
vn -0.258822 -0.000333 0.965925
vn -0.499997 -0.000299 0.866027
vn -0.499995 -0.000299 0.866028
vn -0.499999 -0.000299 0.866026
vn -0.707112 -0.000244 0.707101
vn -0.707112 -0.000244 0.707101
vn -0.499997 -0.000299 0.866027
vn -0.499999 -0.000299 0.866026
vn -0.707112 -0.000244 0.707101
vn -0.707112 -0.000244 0.707101
vn -0.707112 -0.000244 0.707101
vn -0.866028 -0.000173 0.499995
vn -0.499995 -0.000299 0.866028
vn -0.499997 -0.000299 0.866027
vn -0.707112 -0.000244 0.707102
vn -0.499997 -0.000299 0.866027
vn -0.707112 -0.000244 0.707101
vn -0.707112 -0.000244 0.707102
vn -0.499995 -0.000299 0.866028
vn -0.707112 -0.000244 0.707102
vn -0.707111 -0.000244 0.707102
vn -0.707112 -0.000244 0.707101
vn -0.866028 -0.000173 0.499995
vn -0.866027 -0.000173 0.499998
vn -0.707112 -0.000244 0.707102
vn -0.707112 -0.000244 0.707101
vn -0.866027 -0.000173 0.499998
vn -0.866027 -0.000173 0.499998
vn -0.866028 -0.000173 0.499995
vn -0.923875 -0.000132 0.382695
vn -0.866027 -0.000173 0.499998
vn -0.923875 -0.000132 0.382695
vn -0.923871 -0.000132 0.382704
vn -0.707111 -0.000244 0.707102
vn -0.707112 -0.000244 0.707102
vn -0.866027 -0.000173 0.499998
vn -0.707112 -0.000244 0.707102
vn -0.866027 -0.000173 0.499998
vn -0.866027 -0.000173 0.499998
vn -0.866027 -0.000173 0.499998
vn -0.866027 -0.000173 0.499998
vn -0.923871 -0.000132 0.382704
vn -0.707111 -0.000244 0.707102
vn -0.866027 -0.000173 0.499998
vn -0.866028 -0.000173 0.499995
vn -0.866027 -0.000173 0.499998
vn -0.923871 -0.000132 0.382704
vn -0.923869 -0.000132 0.382708
vn -0.866028 -0.000173 0.499995
vn -0.866027 -0.000173 0.499998
vn -0.923869 -0.000132 0.382708
vn -0.866028 -0.000173 0.499995
vn -0.923869 -0.000132 0.382708
vn -0.923872 -0.000132 0.382702
vn -0.000001 1.000000 0.000351
vn 0.000000 1.000000 0.000356
vn 0.000000 1.000000 0.000356
vn -0.000001 1.000000 0.000351
vn -0.000001 1.000000 0.000351
vn 0.000000 1.000000 0.000356
vn -0.000002 1.000000 0.000345
vn -0.000001 1.000000 0.000351
vn -0.000001 1.000000 0.000351
vn -0.000002 1.000000 0.000345
vn -0.000002 1.000000 0.000345
vn -0.000001 1.000000 0.000351
vn -0.000001 1.000000 0.000345
vn -0.000002 1.000000 0.000345
vn -0.000002 1.000000 0.000345
vn -0.000001 1.000000 0.000345
vn -0.000001 1.000000 0.000345
vn -0.000002 1.000000 0.000345
vn -0.000001 1.000000 0.000345
vn 0.000000 1.000000 0.000345
vn -0.000001 1.000000 0.000345
vn -0.000001 1.000000 0.000345
vn 0.000000 1.000000 0.000345
vn 0.000000 1.000000 0.000345
vn 0.000000 1.000000 0.000345
vn 0.000000 1.000000 0.000340
vn 0.000000 1.000000 0.000345
vn 0.000000 1.000000 0.000345
vn 0.000000 1.000000 0.000340
vn 0.000000 1.000000 0.000340
vn 0.000000 1.000000 0.000340
vn 0.000000 1.000000 0.000334
vn 0.000000 1.000000 0.000340
vn 0.000000 1.000000 0.000340
vn 0.000000 1.000000 0.000334
vn 0.000000 1.000000 0.000334
vn 0.000000 0.000345 -1.000000
vn 0.000000 0.000345 -1.000000
vn 0.000000 0.000345 -1.000000
vn 0.000000 0.000345 -1.000000
vn 0.000000 0.000345 -1.000000
vn 0.000000 0.000345 -1.000000
vn 0.000000 0.000345 -1.000000
vn 0.000000 0.000345 -1.000000
vn 0.000000 0.000345 -1.000000
vn 0.000000 0.000345 -1.000000
vn 0.000000 0.000345 -1.000000
vn 0.000000 0.000345 -1.000000
vn 0.000000 0.000345 -1.000000
vn 0.000000 0.000345 -1.000000
vn 0.000000 0.000345 -1.000000
vn 0.000000 0.000345 -1.000000
vn 0.000000 0.000345 -1.000000
vn 0.000000 0.000345 -1.000000
vn 0.000000 0.000345 -1.000000
vn 0.000000 0.000345 -1.000000
vn 0.000000 0.000345 -1.000000
vn 0.000000 0.000345 -1.000000
vn 0.000000 0.000345 -1.000000
vn 0.000000 0.000345 -1.000000
vn 0.000000 0.000345 -1.000000
vn 0.000000 0.000345 -1.000000
vn 0.000000 0.000345 -1.000000
vn 0.000000 0.000345 -1.000000
vn 0.000000 0.000345 -1.000000
vn 0.000000 0.000345 -1.000000
vn 0.000000 0.000345 -1.000000
vn 0.000000 0.000345 -1.000000
vn 0.000000 0.000345 -1.000000
vn 0.000000 0.000345 -1.000000
vn 0.000000 0.000345 -1.000000
vn 0.000000 0.000345 -1.000000
vn 0.000000 0.000345 -1.000000
vn 0.000000 0.000345 -1.000000
vn 0.000000 0.000345 -1.000000
vn 0.000000 0.000345 -1.000000
vn 0.000000 0.000345 -1.000000
vn 0.000000 0.000345 -1.000000
vn 0.000000 0.000345 -1.000000
vn 0.000000 0.000345 -1.000000
vn 0.000000 0.000345 -1.000000
vn 0.000000 0.000345 -1.000000
vn 0.000000 0.000345 -1.000000
vn 0.000000 0.000345 -1.000000
vn 0.000000 0.000345 -1.000000
vn 0.000000 0.000345 -1.000000
vn 0.000000 0.000345 -1.000000
vn 0.000000 0.000345 -1.000000
vn 0.000000 0.000345 -1.000000
vn 0.000000 0.000345 -1.000000
vn -1.000000 0.000000 0.000000
vn -0.991440 0.000045 -0.130564
vn -0.991443 0.000045 -0.130538
vn -1.000000 0.000000 0.000000
vn -1.000000 0.000000 0.000000
vn -0.991440 0.000045 -0.130564
vn -1.000000 0.000000 0.000000
vn -0.991437 0.000045 -0.130586
vn -0.991440 0.000045 -0.130564
vn -1.000000 0.000000 0.000000
vn -0.991440 -0.000045 0.130564
vn -1.000000 0.000000 0.000000
vn -1.000000 0.000000 0.000000
vn -0.991443 -0.000045 0.130538
vn -0.991440 -0.000045 0.130564
vn -1.000000 0.000000 0.000000
vn -0.991440 -0.000045 0.130564
vn -0.991437 -0.000045 0.130586
vn -1.000000 0.000000 0.000000
vn -1.000000 0.000000 0.000000
vn -0.991437 0.000045 -0.130586
vn -1.000000 0.000000 0.000000
vn -0.991437 -0.000045 0.130586
vn -1.000000 0.000000 0.000000
vn -1.000000 0.000000 0.000000
vn -0.991437 0.000045 -0.130582
vn -0.991437 0.000045 -0.130586
vn -1.000000 0.000000 0.000000
vn -0.991437 -0.000045 0.130586
vn -0.991437 -0.000045 0.130582
vn -1.000000 0.000000 0.000000
vn -1.000000 0.000000 0.000000
vn -0.991437 0.000045 -0.130582
vn -1.000000 0.000000 0.000000
vn -0.991437 -0.000045 0.130582
vn -1.000000 0.000000 0.000000
vn 0.000000 -0.000345 1.000000
vn 0.000000 -0.000345 1.000000
vn 0.000000 -0.000345 1.000000
vn 0.000000 -0.000345 1.000000
vn 0.000000 -0.000345 1.000000
vn 0.000000 -0.000345 1.000000
vn 0.000000 -0.000345 1.000000
vn 0.000000 -0.000345 1.000000
vn 0.000000 -0.000345 1.000000
vn 0.000000 -0.000345 1.000000
vn 0.000000 -0.000345 1.000000
vn 0.000000 -0.000345 1.000000
vn 0.000000 -0.000345 1.000000
vn 0.000000 -0.000345 1.000000
vn 0.000000 -0.000345 1.000000
vn 0.000000 -0.000345 1.000000
vn 0.000000 -0.000345 1.000000
vn 0.000000 -0.000345 1.000000
vn 0.000000 -0.000345 1.000000
vn 0.000000 -0.000345 1.000000
vn 0.000000 -0.000345 1.000000
vn 0.000000 -0.000345 1.000000
vn 0.000000 -0.000345 1.000000
vn 0.000000 -0.000345 1.000000
vn 0.000000 -0.000345 1.000000
vn 0.000000 -0.000345 1.000000
vn 0.000000 -0.000345 1.000000
vn 0.000000 -0.000345 1.000000
vn 0.000000 -0.000345 1.000000
vn 0.000000 -0.000345 1.000000
vn 0.000000 -0.000345 1.000000
vn 0.000000 -0.000345 1.000000
vn 0.000000 -0.000345 1.000000
vn 0.000000 -0.000345 1.000000
vn 0.000000 -0.000345 1.000000
vn 0.000000 -0.000345 1.000000
vn 0.000000 -0.000345 1.000000
vn 0.000000 -0.000345 1.000000
vn 0.000000 -0.000345 1.000000
vn 0.000000 -0.000345 1.000000
vn 0.000000 -0.000345 1.000000
vn 0.000000 -0.000345 1.000000
vn 0.000000 -0.000345 1.000000
vn 0.000000 -0.000345 1.000000
vn 0.000000 -0.000345 1.000000
vn 0.000000 -0.000345 1.000000
vn 0.000000 -0.000345 1.000000
vn 0.000000 -0.000345 1.000000
vn 0.000000 -0.000345 1.000000
vn 0.000000 -0.000345 1.000000
vn 0.000000 -0.000345 1.000000
vn 0.000000 -0.000345 1.000000
vn 0.000000 -0.000345 1.000000
vn 0.000000 -0.000345 1.000000
vn 0.000003 -1.000000 -0.000343
vn 0.000000 -1.000000 -0.000344
vn 0.000000 -1.000000 -0.000345
vn 0.000003 -1.000000 -0.000343
vn 0.000000 -1.000000 -0.000345
vn 0.000000 -1.000000 -0.000345
vn -0.000013 -1.000000 -0.000348
vn 0.000000 -1.000000 -0.000345
vn 0.000000 -1.000000 -0.000345
vn -0.000013 -1.000000 -0.000348
vn 0.000000 -1.000000 -0.000345
vn -0.000010 -1.000000 -0.000347
vn 0.000000 -1.000000 -0.000343
vn 0.000000 -1.000000 -0.000345
vn 0.000002 -1.000000 -0.000344
vn 0.000000 -1.000000 -0.000343
vn 0.000000 -1.000000 -0.000345
vn 0.000000 -1.000000 -0.000345
vn 0.000010 -1.000000 -0.000348
vn 0.000000 -1.000000 -0.000345
vn 0.000000 -1.000000 -0.000345
vn 0.000010 -1.000000 -0.000348
vn 0.000008 -1.000000 -0.000347
vn 0.000000 -1.000000 -0.000345
vn -0.000019 1.000000 0.000348
vn -0.000017 1.000000 0.000345
vn -0.000012 1.000000 0.000347
vn -0.000019 1.000000 0.000348
vn -0.000017 1.000000 0.000345
vn -0.000017 1.000000 0.000345
vn -0.000019 1.000000 0.000343
vn -0.000017 1.000000 0.000345
vn -0.000017 1.000000 0.000345
vn -0.000019 1.000000 0.000343
vn -0.000012 1.000000 0.000344
vn -0.000017 1.000000 0.000345
vn 0.000019 1.000000 0.000348
vn 0.000012 1.000000 0.000347
vn 0.000017 1.000000 0.000345
vn 0.000019 1.000000 0.000348
vn 0.000017 1.000000 0.000345
vn 0.000017 1.000000 0.000345
vn 0.000019 1.000000 0.000343
vn 0.000017 1.000000 0.000345
vn 0.000017 1.000000 0.000345
vn 0.000019 1.000000 0.000343
vn 0.000017 1.000000 0.000345
vn 0.000012 1.000000 0.000344
vn 0.000000 0.000345 -1.000000
vn 0.000000 0.000345 -1.000000
vn 0.000000 0.000345 -1.000000
vn 0.000000 0.000345 -1.000000
vn 0.000000 0.000345 -1.000000
vn 0.000000 0.000345 -1.000000
vn 0.000000 0.000345 -1.000000
vn 0.000000 0.000345 -1.000000
vn 0.000000 0.000345 -1.000000
vn 0.000000 0.000345 -1.000000
vn 0.000000 0.000345 -1.000000
vn 0.000000 0.000345 -1.000000
vn 0.000000 0.000345 -1.000000
vn 0.000000 0.000345 -1.000000
vn 0.000000 0.000345 -1.000000
vn 0.000000 0.000345 -1.000000
vn 0.000000 0.000345 -1.000000
vn 0.000000 0.000345 -1.000000
vn 0.000000 0.000345 -1.000000
vn 0.000000 0.000345 -1.000000
vn 0.000000 0.000345 -1.000000
vn 0.000000 0.000345 -1.000000
vn 0.000000 0.000345 -1.000000
vn 0.000000 0.000345 -1.000000
vn 0.000000 0.000345 -1.000000
vn 0.000000 0.000345 -1.000000
vn 0.000000 0.000345 -1.000000
vn 0.000000 0.000345 -1.000000
vn 0.000000 0.000345 -1.000000
vn 0.000000 0.000345 -1.000000
vn 0.000000 0.000345 -1.000000
vn 0.000000 0.000345 -1.000000
vn 0.000000 0.000345 -1.000000
vn 0.000000 0.000345 -1.000000
vn 0.000000 0.000345 -1.000000
vn 0.000000 0.000345 -1.000000
vn 0.000000 0.000345 -1.000000
vn 0.000000 0.000345 -1.000000
vn 0.000000 0.000345 -1.000000
vn 0.000000 0.000345 -1.000000
vn 0.000000 0.000345 -1.000000
vn 0.000000 0.000345 -1.000000
vn 0.000000 0.000345 -1.000000
vn 0.000000 0.000345 -1.000000
vn 0.000000 0.000345 -1.000000
vn 0.000000 0.000345 -1.000000
vn 0.000000 0.000345 -1.000000
vn 0.000000 0.000345 -1.000000
vn 0.000000 0.000345 -1.000000
vn 0.000000 0.000345 -1.000000
vn 0.000000 0.000345 -1.000000
vn 0.000000 0.000345 -1.000000
vn 0.000000 0.000345 -1.000000
vn 0.000000 0.000345 -1.000000
vn 0.000000 -0.000345 1.000000
vn 0.000000 -0.000345 1.000000
vn 0.000000 -0.000345 1.000000
vn 0.000000 -0.000345 1.000000
vn 0.000000 -0.000345 1.000000
vn 0.000000 -0.000345 1.000000
vn 0.000000 -0.000345 1.000000
vn 0.000000 -0.000345 1.000000
vn 0.000000 -0.000345 1.000000
vn 0.000000 -0.000345 1.000000
vn 0.000000 -0.000345 1.000000
vn 0.000000 -0.000345 1.000000
vn 0.000000 -0.000345 1.000000
vn 0.000000 -0.000345 1.000000
vn 0.000000 -0.000345 1.000000
vn 0.000000 -0.000345 1.000000
vn 0.000000 -0.000345 1.000000
vn 0.000000 -0.000345 1.000000
vn 0.000000 -0.000345 1.000000
vn 0.000000 -0.000345 1.000000
vn 0.000000 -0.000345 1.000000
vn 0.000000 -0.000345 1.000000
vn 0.000000 -0.000345 1.000000
vn 0.000000 -0.000345 1.000000
vn 0.000000 -0.000345 1.000000
vn 0.000000 -0.000345 1.000000
vn 0.000000 -0.000345 1.000000
vn 0.000000 -0.000345 1.000000
vn 0.000000 -0.000345 1.000000
vn 0.000000 -0.000345 1.000000
vn 0.000000 -0.000345 1.000000
vn 0.000000 -0.000345 1.000000
vn 0.000000 -0.000345 1.000000
vn 0.000000 -0.000345 1.000000
vn 0.000000 -0.000345 1.000000
vn 0.000000 -0.000345 1.000000
vn 0.000000 -0.000345 1.000000
vn 0.000000 -0.000345 1.000000
vn 0.000000 -0.000345 1.000000
vn 0.000000 -0.000345 1.000000
vn 0.000000 -0.000345 1.000000
vn 0.000000 -0.000345 1.000000
vn 0.000000 -0.000345 1.000000
vn 0.000000 -0.000345 1.000000
vn 0.000000 -0.000345 1.000000
vn 0.000000 -0.000345 1.000000
vn 0.000000 -0.000345 1.000000
vn 0.000000 -0.000345 1.000000
vn 0.000000 -0.000345 1.000000
vn 0.000000 -0.000345 1.000000
vn 0.000000 -0.000345 1.000000
vn 0.000000 -0.000345 1.000000
vn 0.000000 -0.000345 1.000000
vn 0.000000 -0.000345 1.000000
vn 0.000000 0.000345 -1.000000
vn 0.000000 0.000345 -1.000000
vn 0.000000 0.000345 -1.000000
vn 0.000000 0.000345 -1.000000
vn 0.000000 0.000345 -1.000000
vn 0.000000 0.000345 -1.000000
vn 0.000000 0.000345 -1.000000
vn 0.000000 0.000345 -1.000000
vn 0.000000 0.000345 -1.000000
vn 0.000000 0.000345 -1.000000
vn 0.000000 0.000345 -1.000000
vn 0.000000 0.000345 -1.000000
vn 0.000000 0.000345 -1.000000
vn 0.000000 0.000345 -1.000000
vn 0.000000 0.000345 -1.000000
vn 0.000000 0.000345 -1.000000
vn 0.000000 0.000345 -1.000000
vn 0.000000 0.000345 -1.000000
vn 0.000000 0.000345 -1.000000
vn 0.000000 0.000345 -1.000000
vn 0.000000 0.000345 -1.000000
vn 0.000000 0.000345 -1.000000
vn 0.000000 0.000345 -1.000000
vn 0.000000 0.000345 -1.000000
vn 0.000000 0.000345 -1.000000
vn 0.000000 0.000345 -1.000000
vn 0.000000 0.000345 -1.000000
vn 0.000000 0.000345 -1.000000
vn 0.000000 0.000345 -1.000000
vn 0.000000 0.000345 -1.000000
vn 0.000000 0.000345 -1.000000
vn 0.000000 0.000345 -1.000000
vn 0.000000 0.000345 -1.000000
vn 0.000000 0.000345 -1.000000
vn 0.000000 0.000345 -1.000000
vn 0.000000 0.000345 -1.000000
vn 0.000000 0.000345 -1.000000
vn 0.000000 0.000345 -1.000000
vn 0.000000 0.000345 -1.000000
vn 0.000000 0.000345 -1.000000
vn 0.000000 0.000345 -1.000000
vn 0.000000 0.000345 -1.000000
vn 0.000000 0.000345 -1.000000
vn 0.000000 0.000345 -1.000000
vn 0.000000 0.000345 -1.000000
vn 0.000000 0.000345 -1.000000
vn 0.000000 0.000345 -1.000000
vn 0.000000 0.000345 -1.000000
vn 0.000000 0.000345 -1.000000
vn 0.000000 0.000345 -1.000000
vn 0.000000 0.000345 -1.000000
vn 0.000000 0.000345 -1.000000
vn 0.000000 0.000345 -1.000000
vn 0.000000 0.000345 -1.000000
vn 0.000000 -0.000345 1.000000
vn 0.000000 -0.000345 1.000000
vn 0.000000 -0.000345 1.000000
vn 0.000000 -0.000345 1.000000
vn 0.000000 -0.000345 1.000000
vn 0.000000 -0.000345 1.000000
vn 0.000000 -0.000345 1.000000
vn 0.000000 -0.000345 1.000000
vn 0.000000 -0.000345 1.000000
vn 0.000000 -0.000345 1.000000
vn 0.000000 -0.000345 1.000000
vn 0.000000 -0.000345 1.000000
vn 0.000000 -0.000345 1.000000
vn 0.000000 -0.000345 1.000000
vn 0.000000 -0.000345 1.000000
vn 0.000000 -0.000345 1.000000
vn 0.000000 -0.000345 1.000000
vn 0.000000 -0.000345 1.000000
vn 0.000000 -0.000345 1.000000
vn 0.000000 -0.000345 1.000000
vn 0.000000 -0.000345 1.000000
vn 0.000000 -0.000345 1.000000
vn 0.000000 -0.000345 1.000000
vn 0.000000 -0.000345 1.000000
vn 0.000000 -0.000345 1.000000
vn 0.000000 -0.000345 1.000000
vn 0.000000 -0.000345 1.000000
vn 0.000000 -0.000345 1.000000
vn 0.000000 -0.000345 1.000000
vn 0.000000 -0.000345 1.000000
vn 0.000000 -0.000345 1.000000
vn 0.000000 -0.000345 1.000000
vn 0.000000 -0.000345 1.000000
vn 0.000000 -0.000345 1.000000
vn 0.000000 -0.000345 1.000000
vn 0.000000 -0.000345 1.000000
vn 0.000000 -0.000345 1.000000
vn 0.000000 -0.000345 1.000000
vn 0.000000 -0.000345 1.000000
vn 0.000000 -0.000345 1.000000
vn 0.000000 -0.000345 1.000000
vn 0.000000 -0.000345 1.000000
vn 0.000000 -0.000345 1.000000
vn 0.000000 -0.000345 1.000000
vn 0.000000 -0.000345 1.000000
vn 0.000000 -0.000345 1.000000
vn 0.000000 -0.000345 1.000000
vn 0.000000 -0.000345 1.000000
vn 0.000000 -0.000345 1.000000
vn 0.000000 -0.000345 1.000000
vn 0.000000 -0.000345 1.000000
vn 0.000000 -0.000345 1.000000
vn 0.000000 -0.000345 1.000000
vn 0.000000 -0.000345 1.000000
vn 0.000000 0.000345 -1.000000
vn 0.000000 0.000345 -1.000000
vn 0.000000 0.000345 -1.000000
vn 0.000000 0.000345 -1.000000
vn 0.000000 0.000345 -1.000000
vn 0.000000 0.000345 -1.000000
vn 0.000000 0.000345 -1.000000
vn 0.000000 0.000345 -1.000000
vn 0.000000 0.000345 -1.000000
vn 0.000000 0.000345 -1.000000
vn 0.000000 0.000345 -1.000000
vn 0.000000 0.000345 -1.000000
vn 0.000000 0.000345 -1.000000
vn 0.000000 0.000345 -1.000000
vn 0.000000 0.000345 -1.000000
vn 0.000000 0.000345 -1.000000
vn 0.000000 0.000345 -1.000000
vn 0.000000 0.000345 -1.000000
vn 0.000000 0.000345 -1.000000
vn 0.000000 0.000345 -1.000000
vn 0.000000 0.000345 -1.000000
vn 0.000000 0.000345 -1.000000
vn 0.000000 0.000345 -1.000000
vn 0.000000 0.000345 -1.000000
vn 0.000000 0.000345 -1.000000
vn 0.000000 0.000345 -1.000000
vn 0.000000 0.000345 -1.000000
vn 0.000000 0.000345 -1.000000
vn 0.000000 0.000345 -1.000000
vn 0.000000 0.000345 -1.000000
vn 0.000000 0.000345 -1.000000
vn 0.000000 0.000345 -1.000000
vn 0.000000 0.000345 -1.000000
vn 0.000000 0.000345 -1.000000
vn 0.000000 0.000345 -1.000000
vn 0.000000 0.000345 -1.000000
vn 0.000000 0.000345 -1.000000
vn 0.000000 0.000345 -1.000000
vn 0.000000 0.000345 -1.000000
vn 0.000000 0.000345 -1.000000
vn 0.000000 0.000345 -1.000000
vn 0.000000 0.000345 -1.000000
vn 0.000000 0.000345 -1.000000
vn 0.000000 0.000345 -1.000000
vn 0.000000 0.000345 -1.000000
vn 0.000000 0.000345 -1.000000
vn 0.000000 0.000345 -1.000000
vn 0.000000 0.000345 -1.000000
vn 0.000000 0.000345 -1.000000
vn 0.000000 0.000345 -1.000000
vn 0.000000 0.000345 -1.000000
vn 0.000000 0.000345 -1.000000
vn 0.000000 0.000345 -1.000000
vn 0.000000 0.000345 -1.000000
vn 0.000000 -0.000345 1.000000
vn 0.000000 -0.000345 1.000000
vn 0.000000 -0.000345 1.000000
vn 0.000000 -0.000345 1.000000
vn 0.000000 -0.000345 1.000000
vn 0.000000 -0.000345 1.000000
vn 0.000000 -0.000345 1.000000
vn 0.000000 -0.000345 1.000000
vn 0.000000 -0.000345 1.000000
vn 0.000000 -0.000345 1.000000
vn 0.000000 -0.000345 1.000000
vn 0.000000 -0.000345 1.000000
vn 0.000000 -0.000345 1.000000
vn 0.000000 -0.000345 1.000000
vn 0.000000 -0.000345 1.000000
vn 0.000000 -0.000345 1.000000
vn 0.000000 -0.000345 1.000000
vn 0.000000 -0.000345 1.000000
vn 0.000000 -0.000345 1.000000
vn 0.000000 -0.000345 1.000000
vn 0.000000 -0.000345 1.000000
vn 0.000000 -0.000345 1.000000
vn 0.000000 -0.000345 1.000000
vn 0.000000 -0.000345 1.000000
vn 0.000000 -0.000345 1.000000
vn 0.000000 -0.000345 1.000000
vn 0.000000 -0.000345 1.000000
vn 0.000000 -0.000345 1.000000
vn 0.000000 -0.000345 1.000000
vn 0.000000 -0.000345 1.000000
vn 0.000000 -0.000345 1.000000
vn 0.000000 -0.000345 1.000000
vn 0.000000 -0.000345 1.000000
vn 0.000000 -0.000345 1.000000
vn 0.000000 -0.000345 1.000000
vn 0.000000 -0.000345 1.000000
vn 0.000000 -0.000345 1.000000
vn 0.000000 -0.000345 1.000000
vn 0.000000 -0.000345 1.000000
vn 0.000000 -0.000345 1.000000
vn 0.000000 -0.000345 1.000000
vn 0.000000 -0.000345 1.000000
vn 0.000000 -0.000345 1.000000
vn 0.000000 -0.000345 1.000000
vn 0.000000 -0.000345 1.000000
vn 0.000000 -0.000345 1.000000
vn 0.000000 -0.000345 1.000000
vn 0.000000 -0.000345 1.000000
vn 0.000000 -0.000345 1.000000
vn 0.000000 -0.000345 1.000000
vn 0.000000 -0.000345 1.000000
vn 0.000000 -0.000345 1.000000
vn 0.000000 -0.000345 1.000000
vn 0.000000 -0.000345 1.000000
vn 0.000000 0.000345 -1.000000
vn 0.000000 0.000345 -1.000000
vn 0.000000 0.000345 -1.000000
vn 0.000000 0.000345 -1.000000
vn 0.000000 0.000345 -1.000000
vn 0.000000 0.000345 -1.000000
vn 0.000000 0.000345 -1.000000
vn 0.000000 0.000345 -1.000000
vn 0.000000 0.000345 -1.000000
vn 0.000000 0.000345 -1.000000
vn 0.000000 0.000345 -1.000000
vn 0.000000 0.000345 -1.000000
vn 0.000000 0.000345 -1.000000
vn 0.000000 0.000345 -1.000000
vn 0.000000 0.000345 -1.000000
vn 0.000000 0.000345 -1.000000
vn 0.000000 0.000345 -1.000000
vn 0.000000 0.000345 -1.000000
vn 0.000000 0.000345 -1.000000
vn 0.000000 0.000345 -1.000000
vn 0.000000 0.000345 -1.000000
vn 0.000000 0.000345 -1.000000
vn 0.000000 0.000345 -1.000000
vn 0.000000 0.000345 -1.000000
vn 0.000000 0.000345 -1.000000
vn 0.000000 0.000345 -1.000000
vn 0.000000 0.000345 -1.000000
vn 0.000000 0.000345 -1.000000
vn 0.000000 0.000345 -1.000000
vn 0.000000 0.000345 -1.000000
vn 0.000000 0.000345 -1.000000
vn 0.000000 0.000345 -1.000000
vn 0.000000 0.000345 -1.000000
vn 0.000000 0.000345 -1.000000
vn 0.000000 0.000345 -1.000000
vn 0.000000 0.000345 -1.000000
vn 0.000000 0.000345 -1.000000
vn 0.000000 0.000345 -1.000000
vn 0.000000 0.000345 -1.000000
vn 0.000000 0.000345 -1.000000
vn 0.000000 0.000345 -1.000000
vn 0.000000 0.000345 -1.000000
vn 0.000000 0.000345 -1.000000
vn 0.000000 0.000345 -1.000000
vn 0.000000 0.000345 -1.000000
vn 0.000000 0.000345 -1.000000
vn 0.000000 0.000345 -1.000000
vn 0.000000 0.000345 -1.000000
vn 0.000000 0.000345 -1.000000
vn 0.000000 0.000345 -1.000000
vn 0.000000 0.000345 -1.000000
vn 0.000000 0.000345 -1.000000
vn 0.000000 0.000345 -1.000000
vn 0.000000 0.000345 -1.000000
vn 0.000000 -0.000345 1.000000
vn 0.000000 -0.000345 1.000000
vn 0.000000 -0.000345 1.000000
vn 0.000000 -0.000345 1.000000
vn 0.000000 -0.000345 1.000000
vn 0.000000 -0.000345 1.000000
vn 0.000000 -0.000345 1.000000
vn 0.000000 -0.000345 1.000000
vn 0.000000 -0.000345 1.000000
vn 0.000000 -0.000345 1.000000
vn 0.000000 -0.000345 1.000000
vn 0.000000 -0.000345 1.000000
vn 0.000000 -0.000345 1.000000
vn 0.000000 -0.000345 1.000000
vn 0.000000 -0.000345 1.000000
vn 0.000000 -0.000345 1.000000
vn 0.000000 -0.000345 1.000000
vn 0.000000 -0.000345 1.000000
vn 0.000000 -0.000345 1.000000
vn 0.000000 -0.000345 1.000000
vn 0.000000 -0.000345 1.000000
vn 0.000000 -0.000345 1.000000
vn 0.000000 -0.000345 1.000000
vn 0.000000 -0.000345 1.000000
vn 0.000000 -0.000345 1.000000
vn 0.000000 -0.000345 1.000000
vn 0.000000 -0.000345 1.000000
vn 0.000000 -0.000345 1.000000
vn 0.000000 -0.000345 1.000000
vn 0.000000 -0.000345 1.000000
vn 0.000000 -0.000345 1.000000
vn 0.000000 -0.000345 1.000000
vn 0.000000 -0.000345 1.000000
vn 0.000000 -0.000345 1.000000
vn 0.000000 -0.000345 1.000000
vn 0.000000 -0.000345 1.000000
vn 0.000000 -0.000345 1.000000
vn 0.000000 -0.000345 1.000000
vn 0.000000 -0.000345 1.000000
vn 0.000000 -0.000345 1.000000
vn 0.000000 -0.000345 1.000000
vn 0.000000 -0.000345 1.000000
vn 0.000000 -0.000345 1.000000
vn 0.000000 -0.000345 1.000000
vn 0.000000 -0.000345 1.000000
vn 0.000000 -0.000345 1.000000
vn 0.000000 -0.000345 1.000000
vn 0.000000 -0.000345 1.000000
vn 0.000000 -0.000345 1.000000
vn 0.000000 -0.000345 1.000000
vn 0.000000 -0.000345 1.000000
vn 0.000000 -0.000345 1.000000
vn 0.000000 -0.000345 1.000000
vn 0.000000 -0.000345 1.000000
s off
g Brackets_low chain_link_fence group39
usemtl Brackets_lowSG
f 1/1/1 3/3/2 2/2/3
f 1/1/4 4/4/5 3/3/6
f 4/4/7 5/5/8 3/3/9
f 4/4/10 6/6/11 5/5/12
f 6/6/13 7/7/14 5/5/15
f 6/6/16 8/8/17 7/7/18
f 8/8/19 9/9/20 7/7/21
f 8/8/22 10/10/23 9/9/24
f 10/10/25 11/11/26 9/9/27
f 10/10/28 12/12/29 11/11/30
f 12/12/31 13/13/32 11/11/33
f 12/12/34 14/14/35 13/13/36
f 14/14/37 15/15/38 13/13/39
f 14/14/40 16/16/41 15/15/42
f 16/16/43 17/17/44 15/15/45
f 16/16/46 18/18/47 17/17/48
f 17/17/49 18/18/50 19/19/51
f 17/17/52 19/19/53 20/20/54
f 19/19/55 18/18/56 21/21/57
f 19/19/58 21/21/59 22/22/60
f 22/22/61 21/21/62 23/23/63
f 22/22/64 23/23/65 24/24/66
f 24/24/67 23/23/68 25/25/69
f 24/24/70 25/25/71 26/26/72
f 26/26/73 25/25/74 27/27/75
f 26/26/76 27/27/77 28/28/78
f 28/28/79 27/27/80 29/29/81
f 28/28/82 29/29/83 30/30/84
f 30/30/85 29/29/86 31/31/87
f 30/30/88 31/31/89 32/32/90
f 33/33/91 32/32/92 31/31/93
f 33/33/94 34/34/95 32/32/96
f 35/35/97 34/34/98 33/33/99
f 35/35/100 36/36/101 34/34/102
f 37/37/103 36/36/104 35/35/105
f 37/37/106 38/38/107 36/36/108
f 39/39/109 38/38/110 37/37/111
f 39/39/112 40/40/113 38/38/114
f 41/41/115 40/40/116 39/39/117
f 41/41/118 42/42/119 40/40/120
f 43/43/121 42/42/122 41/41/123
f 43/43/124 44/44/125 42/42/126
f 45/45/127 44/44/128 43/43/129
f 45/45/130 46/46/131 44/44/132
f 45/45/133 47/47/134 46/46/135
f 45/45/136 48/48/137 47/47/138
f 49/49/139 48/48/140 45/45/141
f 49/49/142 45/45/143 50/50/144
f 51/51/145 49/49/146 50/50/147
f 51/51/148 50/50/149 52/52/150
f 53/53/151 51/51/152 52/52/153
f 53/53/154 52/52/155 54/54/156
f 55/55/157 53/53/158 54/54/159
f 55/55/160 54/54/161 56/56/162
f 57/57/163 55/55/164 56/56/165
f 57/57/166 56/56/167 58/58/168
f 59/59/169 57/57/170 58/58/171
f 59/59/172 58/58/173 60/60/174
f 61/61/175 59/59/176 60/60/177
f 61/61/178 60/60/179 62/62/180
f 63/63/181 61/61/182 62/62/183
f 63/63/184 62/62/185 64/64/186
f 65/65/187 63/63/188 64/64/189
f 65/65/190 64/64/191 66/66/192
f 67/67/193 65/65/194 66/66/195
f 67/67/196 66/66/197 68/68/198
f 69/69/199 67/67/200 68/68/201
f 69/69/202 68/68/203 70/70/204
f 69/69/205 70/70/206 71/71/207
f 69/69/208 71/71/209 72/72/210
f 72/72/211 71/71/212 73/73/213
f 72/72/214 73/73/215 74/74/216
f 74/74/217 73/73/218 75/75/219
f 74/74/220 75/75/221 76/76/222
f 76/76/223 75/75/224 77/77/225
f 76/76/226 77/77/227 78/78/228
f 78/78/229 77/77/230 79/79/231
f 78/78/232 79/79/233 80/80/234
f 80/80/235 79/79/236 81/81/237
f 80/80/238 81/81/239 82/82/240
f 82/82/241 81/81/242 83/83/243
f 82/82/244 83/83/245 84/84/246
f 84/84/247 83/83/248 85/85/249
f 84/84/250 85/85/251 86/86/252
f 86/86/253 85/85/254 87/87/255
f 86/86/256 87/87/257 88/88/258
f 88/88/259 87/87/260 89/89/261
f 88/88/262 89/89/263 90/90/264
f 90/90/265 89/89/266 91/91/267
f 90/90/268 91/91/269 92/92/270
f 91/91/271 93/93/272 92/92/273
f 91/91/274 94/94/275 93/93/276
f 94/94/277 95/95/278 93/93/279
f 91/91/280 96/96/281 94/94/282
f 94/94/283 97/97/284 95/95/285
f 46/46/286 95/95/287 97/97/288
f 46/46/289 47/47/290 95/95/291
f 91/91/292 98/98/293 96/96/294
f 98/98/295 99/99/296 96/96/297
f 98/98/298 100/100/299 99/99/300
f 100/100/301 101/101/302 99/99/303
f 100/100/304 102/102/305 101/101/306
f 102/102/307 103/103/308 101/101/309
f 102/102/310 104/104/311 103/103/312
f 104/104/313 105/105/314 103/103/315
f 104/104/316 106/106/317 105/105/318
f 106/106/319 107/107/320 105/105/321
f 106/106/322 108/108/323 107/107/324
f 108/108/325 109/109/326 107/107/327
f 108/108/328 110/110/329 109/109/330
f 111/111/331 109/109/332 110/110/333
f 111/111/334 110/110/335 112/112/336
f 113/113/337 111/111/338 112/112/339
f 113/113/340 112/112/341 114/114/342
f 115/115/343 113/113/344 114/114/345
f 115/115/346 114/114/347 116/116/348
f 117/117/349 115/115/350 116/116/351
f 117/117/352 116/116/353 118/118/354
f 119/119/355 117/117/356 118/118/357
f 119/119/358 118/118/359 120/120/360
f 121/121/361 119/119/362 120/120/363
f 121/121/364 120/120/365 122/122/366
f 123/123/367 121/121/368 122/122/369
f 124/124/370 123/123/371 122/122/372
f 123/123/373 125/125/374 121/121/375
f 124/124/376 126/126/377 123/123/378
f 127/127/379 126/126/380 124/124/381
f 127/127/382 128/128/383 126/126/384
f 129/129/385 128/128/386 127/127/387
f 129/129/388 130/130/389 128/128/390
f 131/131/391 130/130/392 129/129/393
f 131/131/394 132/132/395 130/130/396
f 133/133/397 132/132/398 131/131/399
f 133/133/400 134/134/401 132/132/402
f 135/135/403 134/134/404 133/133/405
f 135/135/406 136/136/407 134/134/408
f 137/137/409 136/136/410 135/135/411
f 137/137/412 138/138/413 136/136/414
f 139/139/415 138/138/416 137/137/417
f 139/139/418 140/140/419 138/138/420
f 50/141/421 45/143/422 141/142/423
f 50/141/424 141/142/425 142/144/426
f 52/145/427 50/141/428 142/144/429
f 142/144/430 141/142/431 143/146/432
f 52/145/433 142/144/434 144/147/435
f 54/148/436 52/145/437 144/147/438
f 142/144/439 143/146/440 145/149/441
f 144/147/442 142/144/443 145/149/444
f 145/149/445 143/146/446 18/150/447
f 145/149/448 18/150/449 16/151/450
f 146/152/451 145/149/452 16/151/453
f 144/147/454 145/149/455 146/152/456
f 146/152/457 16/151/458 14/153/459
f 54/148/460 144/147/461 147/154/462
f 147/154/463 144/147/464 146/152/465
f 56/155/466 54/148/467 147/154/468
f 148/156/469 146/152/470 14/153/471
f 147/154/472 146/152/473 148/156/474
f 148/156/475 14/153/476 12/157/477
f 56/155/478 147/154/479 149/158/480
f 149/158/481 147/154/482 148/156/483
f 58/159/484 56/155/485 149/158/486
f 150/160/487 148/156/488 12/157/489
f 149/158/490 148/156/491 150/160/492
f 150/160/493 12/157/494 10/161/495
f 58/159/496 149/158/497 151/162/498
f 151/162/499 149/158/500 150/160/501
f 60/163/502 58/159/503 151/162/504
f 152/164/505 150/160/506 10/161/507
f 151/162/508 150/160/509 152/164/510
f 152/164/511 10/161/512 8/165/513
f 60/163/514 151/162/515 153/166/516
f 153/166/517 151/162/518 152/164/519
f 62/167/520 60/163/521 153/166/522
f 154/168/523 152/164/524 8/165/525
f 153/166/526 152/164/527 154/168/528
f 154/168/529 8/165/530 6/169/531
f 62/167/532 153/166/533 155/170/534
f 155/170/535 153/166/536 154/168/537
f 64/171/538 62/167/539 155/170/540
f 156/172/541 154/168/542 6/169/543
f 155/170/544 154/168/545 156/172/546
f 156/172/547 6/169/548 4/173/549
f 64/171/550 155/170/551 157/174/552
f 157/174/553 155/170/554 156/172/555
f 158/175/556 156/172/557 4/173/558
f 157/174/559 156/172/560 158/175/561
f 158/175/562 4/173/563 1/176/564
f 159/177/565 158/175/566 1/176/567
f 159/177/568 160/178/569 158/175/570
f 160/178/571 157/174/572 158/175/573
f 161/179/574 160/178/575 159/177/576
f 162/180/577 64/171/578 157/174/579
f 160/178/580 162/180/581 157/174/582
f 162/180/583 66/181/584 64/171/585
f 161/179/586 163/182/587 160/178/588
f 163/182/589 162/180/590 160/178/591
f 164/183/592 163/182/593 161/179/594
f 165/184/595 66/181/596 162/180/597
f 163/182/598 165/184/599 162/180/600
f 165/184/601 68/185/602 66/181/603
f 164/183/604 166/186/605 163/182/606
f 166/186/607 165/184/608 163/182/609
f 167/187/610 68/185/611 165/184/612
f 166/186/613 167/187/614 165/184/615
f 167/187/616 70/188/617 68/185/618
f 167/187/619 71/189/620 70/188/621
f 167/187/622 168/190/623 71/189/624
f 166/186/625 168/190/626 167/187/627
f 168/190/628 73/191/629 71/189/630
f 164/183/631 169/192/632 166/186/633
f 166/186/634 169/192/635 168/190/636
f 164/183/637 170/193/638 169/192/639
f 168/190/640 171/194/641 73/191/642
f 169/192/643 171/194/644 168/190/645
f 171/194/646 75/195/647 73/191/648
f 170/193/649 172/196/650 169/192/651
f 169/192/652 172/196/653 171/194/654
f 170/193/655 173/197/656 172/196/657
f 171/194/658 174/198/659 75/195/660
f 172/196/661 174/198/662 171/194/663
f 173/197/664 175/199/665 172/196/666
f 172/196/667 175/199/668 174/198/669
f 173/197/670 139/200/671 175/199/672
f 175/199/673 139/200/674 137/201/675
f 175/199/676 137/201/677 176/202/678
f 174/198/679 175/199/680 176/202/681
f 176/202/682 137/201/683 135/203/684
f 75/195/685 174/198/686 177/204/687
f 174/198/688 176/202/689 177/204/690
f 75/195/691 177/204/692 77/205/693
f 176/202/694 135/203/695 178/206/696
f 177/204/697 176/202/698 178/206/699
f 178/206/700 135/203/701 133/207/702
f 77/205/703 177/204/704 179/208/705
f 177/204/706 178/206/707 179/208/708
f 77/205/709 179/208/710 79/209/711
f 178/206/712 133/207/713 180/210/714
f 179/208/715 178/206/716 180/210/717
f 180/210/718 133/207/719 131/211/720
f 79/209/721 179/208/722 181/212/723
f 179/208/724 180/210/725 181/212/726
f 79/209/727 181/212/728 81/213/729
f 180/210/730 131/211/731 182/214/732
f 181/212/733 180/210/734 182/214/735
f 182/214/736 131/211/737 129/215/738
f 81/213/739 181/212/740 183/216/741
f 181/212/742 182/214/743 183/216/744
f 81/213/745 183/216/746 83/217/747
f 182/214/748 129/215/749 184/218/750
f 183/216/751 182/214/752 184/218/753
f 184/218/754 129/215/755 127/219/756
f 83/217/757 183/216/758 185/220/759
f 183/216/760 184/218/761 185/220/762
f 83/217/763 185/220/764 85/221/765
f 184/218/766 127/219/767 186/222/768
f 185/220/769 184/218/770 186/222/771
f 186/222/772 127/219/773 124/223/774
f 85/221/775 185/220/776 187/224/777
f 185/220/778 186/222/779 187/224/780
f 85/221/781 187/224/782 87/225/783
f 186/222/784 124/223/785 188/226/786
f 187/224/787 186/222/788 188/226/789
f 188/226/790 124/223/791 122/227/792
f 188/226/793 122/227/794 189/228/795
f 87/225/796 187/224/797 190/229/798
f 187/224/799 188/226/800 190/229/801
f 190/229/802 188/226/803 189/228/804
f 87/225/805 190/229/806 89/230/807
f 190/229/808 189/228/809 191/231/810
f 89/230/811 190/229/812 191/231/813
f 89/230/814 191/231/815 91/232/816
f 192/233/817 1/235/818 193/234/819
f 192/233/820 159/236/821 1/235/822
f 194/237/823 159/236/824 192/233/825
f 194/237/826 161/238/827 159/236/828
f 195/239/829 161/238/830 194/237/831
f 195/239/832 164/240/833 161/238/834
f 195/239/835 170/241/836 164/240/837
f 195/239/838 196/242/839 170/241/840
f 196/242/841 173/243/842 170/241/843
f 196/242/844 197/244/845 173/243/846
f 197/244/847 139/245/848 173/243/849
f 197/244/850 198/246/851 139/245/852
f 141/247/853 45/249/854 43/248/855
f 141/247/856 43/248/857 199/250/858
f 199/250/859 43/248/860 41/251/861
f 41/251/862 39/252/863 199/250/864
f 37/253/865 199/250/866 39/252/867
f 35/254/868 199/250/869 37/253/870
f 199/250/871 35/254/872 33/255/873
f 143/256/874 141/247/875 199/250/876
f 143/256/877 199/250/878 200/257/879
f 18/258/880 143/256/881 200/257/882
f 31/259/883 199/250/884 33/255/885
f 31/259/886 200/257/887 199/250/888
f 18/258/889 200/257/890 21/260/891
f 29/261/892 200/257/893 31/259/894
f 21/260/895 200/257/896 23/262/897
f 27/263/898 200/257/899 29/261/900
f 23/262/901 200/257/902 25/264/903
f 25/264/904 200/257/905 27/263/906
f 97/265/907 201/267/908 46/266/909
f 97/265/910 202/268/911 201/267/912
f 202/268/913 203/269/914 201/267/915
f 97/265/916 204/270/917 202/268/918
f 97/265/919 94/271/920 204/270/921
f 202/268/922 204/270/923 205/272/924
f 202/268/925 206/273/926 203/269/927
f 202/268/928 205/272/929 206/273/930
f 206/273/931 19/274/932 203/269/933
f 206/273/934 205/272/935 121/275/936
f 206/273/937 207/276/938 19/274/939
f 206/273/940 121/275/941 207/276/942
f 191/277/943 98/279/944 91/278/945
f 191/277/946 208/280/947 98/279/948
f 208/280/949 100/281/950 98/279/951
f 100/281/952 208/280/953 102/282/954
f 104/283/955 102/282/956 208/280/957
f 106/284/958 104/283/959 208/280/960
f 208/280/961 108/285/962 106/284/963
f 189/286/964 208/280/965 191/277/966
f 189/286/967 209/287/968 208/280/969
f 122/288/970 209/287/971 189/286/972
f 110/289/973 108/285/974 208/280/975
f 110/289/976 208/280/977 209/287/978
f 122/288/979 120/290/980 209/287/981
f 112/291/982 110/289/983 209/287/984
f 120/290/985 118/292/986 209/287/987
f 114/293/988 112/291/989 209/287/990
f 118/292/991 116/294/992 209/287/993
f 116/294/994 114/293/995 209/287/996
f 210/295/997 212/297/998 211/296/999
f 210/295/1000 211/296/1001 213/298/1002
f 213/298/1003 211/296/1004 214/299/1005
f 213/298/1006 214/299/1007 215/300/1008
f 215/300/1009 214/299/1010 216/301/1011
f 215/300/1012 216/301/1013 217/302/1014
f 217/302/1015 216/301/1016 218/303/1017
f 217/302/1018 218/303/1019 219/304/1020
f 219/304/1021 218/303/1022 220/305/1023
f 219/304/1024 220/305/1025 221/306/1026
f 221/306/1027 220/305/1028 222/307/1029
f 221/306/1030 222/307/1031 223/308/1032
f 223/308/1033 222/307/1034 224/309/1035
f 223/308/1036 224/309/1037 225/310/1038
f 225/310/1039 224/309/1040 226/311/1041
f 225/310/1042 226/311/1043 227/312/1044
f 226/311/1045 228/313/1046 227/312/1047
f 226/311/1048 229/314/1049 228/313/1050
f 228/313/1051 230/315/1052 227/312/1053
f 228/313/1054 231/316/1055 230/315/1056
f 231/316/1057 232/317/1058 230/315/1059
f 231/316/1060 233/318/1061 232/317/1062
f 233/318/1063 234/319/1064 232/317/1065
f 233/318/1066 235/320/1067 234/319/1068
f 235/320/1069 236/321/1070 234/319/1071
f 235/320/1072 237/322/1073 236/321/1074
f 237/322/1075 238/323/1076 236/321/1077
f 237/322/1078 239/324/1079 238/323/1080
f 239/324/1081 240/325/1082 238/323/1083
f 239/324/1084 241/326/1085 240/325/1086
f 242/327/1087 240/325/1088 241/326/1089
f 242/327/1090 241/326/1091 243/328/1092
f 244/329/1093 242/327/1094 243/328/1095
f 244/329/1096 243/328/1097 245/330/1098
f 246/331/1099 244/329/1100 245/330/1101
f 246/331/1102 245/330/1103 247/332/1104
f 248/333/1105 246/331/1106 247/332/1107
f 248/333/1108 247/332/1109 249/334/1110
f 250/335/1111 248/333/1112 249/334/1113
f 250/335/1114 249/334/1115 251/336/1116
f 252/337/1117 250/335/1118 251/336/1119
f 252/337/1120 251/336/1121 253/338/1122
f 254/339/1123 252/337/1124 253/338/1125
f 254/339/1126 253/338/1127 255/340/1128
f 254/339/1129 255/340/1130 256/341/1131
f 254/339/1132 256/341/1133 257/342/1134
f 258/343/1135 254/339/1136 257/342/1137
f 258/343/1138 259/344/1139 254/339/1140
f 260/345/1141 259/344/1142 258/343/1143
f 260/345/1144 261/346/1145 259/344/1146
f 262/347/1147 261/346/1148 260/345/1149
f 262/347/1150 263/348/1151 261/346/1152
f 264/349/1153 263/348/1154 262/347/1155
f 264/349/1156 265/350/1157 263/348/1158
f 266/351/1159 265/350/1160 264/349/1161
f 266/351/1162 267/352/1163 265/350/1164
f 268/353/1165 267/352/1166 266/351/1167
f 268/353/1168 269/354/1169 267/352/1170
f 270/355/1171 269/354/1172 268/353/1173
f 270/355/1174 271/356/1175 269/354/1176
f 272/357/1177 271/356/1178 270/355/1179
f 272/357/1180 273/358/1181 271/356/1182
f 274/359/1183 273/358/1184 272/357/1185
f 274/359/1186 275/360/1187 273/358/1188
f 276/361/1189 275/360/1190 274/359/1191
f 276/361/1192 277/362/1193 275/360/1194
f 278/363/1195 277/362/1196 276/361/1197
f 278/363/1198 279/364/1199 277/362/1200
f 278/363/1201 280/365/1202 279/364/1203
f 278/363/1204 281/366/1205 280/365/1206
f 281/366/1207 282/367/1208 280/365/1209
f 281/366/1210 283/368/1211 282/367/1212
f 283/368/1213 284/369/1214 282/367/1215
f 283/368/1216 285/370/1217 284/369/1218
f 285/370/1219 286/371/1220 284/369/1221
f 285/370/1222 287/372/1223 286/371/1224
f 287/372/1225 288/373/1226 286/371/1227
f 287/372/1228 289/374/1229 288/373/1230
f 289/374/1231 290/375/1232 288/373/1233
f 289/374/1234 291/376/1235 290/375/1236
f 291/376/1237 292/377/1238 290/375/1239
f 291/376/1240 293/378/1241 292/377/1242
f 293/378/1243 294/379/1244 292/377/1245
f 293/378/1246 295/380/1247 294/379/1248
f 295/380/1249 296/381/1250 294/379/1251
f 295/380/1252 297/382/1253 296/381/1254
f 297/382/1255 298/383/1256 296/381/1257
f 297/382/1258 299/384/1259 298/383/1260
f 299/384/1261 300/385/1262 298/383/1263
f 299/384/1264 301/386/1265 300/385/1266
f 300/385/1267 301/386/1268 302/387/1269
f 300/385/1270 302/387/1271 303/388/1272
f 303/388/1273 302/387/1274 304/389/1275
f 300/385/1276 303/388/1277 305/390/1278
f 303/388/1279 304/389/1280 306/391/1281
f 255/340/1282 306/391/1283 304/389/1284
f 255/340/1285 304/389/1286 256/341/1287
f 300/385/1288 305/390/1289 307/392/1290
f 307/392/1291 305/390/1292 308/393/1293
f 307/392/1294 308/393/1295 309/394/1296
f 309/394/1297 308/393/1298 310/395/1299
f 309/394/1300 310/395/1301 311/396/1302
f 311/396/1303 310/395/1304 312/397/1305
f 311/396/1306 312/397/1307 313/398/1308
f 313/398/1309 312/397/1310 314/399/1311
f 313/398/1312 314/399/1313 315/400/1314
f 315/400/1315 314/399/1316 316/401/1317
f 315/400/1318 316/401/1319 317/402/1320
f 317/402/1321 316/401/1322 318/403/1323
f 317/402/1324 318/403/1325 319/404/1326
f 320/405/1327 319/404/1328 318/403/1329
f 320/405/1330 321/406/1331 319/404/1332
f 322/407/1333 321/406/1334 320/405/1335
f 322/407/1336 323/408/1337 321/406/1338
f 324/409/1339 323/408/1340 322/407/1341
f 324/409/1342 325/410/1343 323/408/1344
f 326/411/1345 325/410/1346 324/409/1347
f 326/411/1348 327/412/1349 325/410/1350
f 328/413/1351 327/412/1352 326/411/1353
f 328/413/1354 329/414/1355 327/412/1356
f 330/415/1357 329/414/1358 328/413/1359
f 330/415/1360 331/416/1361 329/414/1362
f 332/417/1363 331/416/1364 330/415/1365
f 333/418/1366 331/416/1367 332/417/1368
f 332/417/1369 330/415/1370 334/419/1371
f 333/418/1372 332/417/1373 335/420/1374
f 336/421/1375 333/418/1376 335/420/1377
f 336/421/1378 335/420/1379 337/422/1380
f 338/423/1381 336/421/1382 337/422/1383
f 338/423/1384 337/422/1385 339/424/1386
f 340/425/1387 338/423/1388 339/424/1389
f 340/425/1390 339/424/1391 341/426/1392
f 342/427/1393 340/425/1394 341/426/1395
f 342/427/1396 341/426/1397 343/428/1398
f 344/429/1399 342/427/1400 343/428/1401
f 344/429/1402 343/428/1403 345/430/1404
f 346/431/1405 344/429/1406 345/430/1407
f 346/431/1408 345/430/1409 347/432/1410
f 348/433/1411 346/431/1412 347/432/1413
f 348/433/1414 347/432/1415 349/434/1416
f 259/435/1417 350/437/1418 254/436/1419
f 259/435/1420 351/438/1421 350/437/1422
f 261/439/1423 351/438/1424 259/435/1425
f 351/438/1426 352/440/1427 350/437/1428
f 261/439/1429 353/441/1430 351/438/1431
f 263/442/1432 353/441/1433 261/439/1434
f 351/438/1435 354/443/1436 352/440/1437
f 353/441/1438 354/443/1439 351/438/1440
f 354/443/1441 227/444/1442 352/440/1443
f 354/443/1444 225/445/1445 227/444/1446
f 355/446/1447 225/445/1448 354/443/1449
f 353/441/1450 355/446/1451 354/443/1452
f 355/446/1453 223/447/1454 225/445/1455
f 263/442/1456 356/448/1457 353/441/1458
f 356/448/1459 355/446/1460 353/441/1461
f 265/449/1462 356/448/1463 263/442/1464
f 357/450/1465 223/447/1466 355/446/1467
f 356/448/1468 357/450/1469 355/446/1470
f 357/450/1471 221/451/1472 223/447/1473
f 265/449/1474 358/452/1475 356/448/1476
f 358/452/1477 357/450/1478 356/448/1479
f 267/453/1480 358/452/1481 265/449/1482
f 359/454/1483 221/451/1484 357/450/1485
f 358/452/1486 359/454/1487 357/450/1488
f 359/454/1489 219/455/1490 221/451/1491
f 267/453/1492 360/456/1493 358/452/1494
f 360/456/1495 359/454/1496 358/452/1497
f 269/457/1498 360/456/1499 267/453/1500
f 361/458/1501 219/455/1502 359/454/1503
f 360/456/1504 361/458/1505 359/454/1506
f 361/458/1507 217/459/1508 219/455/1509
f 269/457/1510 362/460/1511 360/456/1512
f 362/460/1513 361/458/1514 360/456/1515
f 271/461/1516 362/460/1517 269/457/1518
f 363/462/1519 217/459/1520 361/458/1521
f 362/460/1522 363/462/1523 361/458/1524
f 363/462/1525 215/463/1526 217/459/1527
f 271/461/1528 364/464/1529 362/460/1530
f 364/464/1531 363/462/1532 362/460/1533
f 273/465/1534 364/464/1535 271/461/1536
f 365/466/1537 215/463/1538 363/462/1539
f 364/464/1540 365/466/1541 363/462/1542
f 365/466/1543 213/467/1544 215/463/1545
f 273/465/1546 366/468/1547 364/464/1548
f 366/468/1549 365/466/1550 364/464/1551
f 367/469/1552 213/467/1553 365/466/1554
f 366/468/1555 367/469/1556 365/466/1557
f 367/469/1558 210/470/1559 213/467/1560
f 368/471/1561 210/470/1562 367/469/1563
f 368/471/1564 367/469/1565 369/472/1566
f 369/472/1567 367/469/1568 366/468/1569
f 370/473/1570 368/471/1571 369/472/1572
f 371/474/1573 366/468/1574 273/465/1575
f 369/472/1576 366/468/1577 371/474/1578
f 371/474/1579 273/465/1580 275/475/1581
f 370/473/1582 369/472/1583 372/476/1584
f 372/476/1585 369/472/1586 371/474/1587
f 373/477/1588 370/473/1589 372/476/1590
f 374/478/1591 371/474/1592 275/475/1593
f 372/476/1594 371/474/1595 374/478/1596
f 374/478/1597 275/475/1598 277/479/1599
f 373/477/1600 372/476/1601 375/480/1602
f 375/480/1603 372/476/1604 374/478/1605
f 376/481/1606 374/478/1607 277/479/1608
f 375/480/1609 374/478/1610 376/481/1611
f 376/481/1612 277/479/1613 279/482/1614
f 376/481/1615 279/482/1616 280/483/1617
f 376/481/1618 280/483/1619 377/484/1620
f 375/480/1621 376/481/1622 377/484/1623
f 377/484/1624 280/483/1625 282/485/1626
f 373/477/1627 375/480/1628 378/486/1629
f 375/480/1630 377/484/1631 378/486/1632
f 373/477/1633 378/486/1634 379/487/1635
f 377/484/1636 282/485/1637 380/488/1638
f 378/486/1639 377/484/1640 380/488/1641
f 380/488/1642 282/485/1643 284/489/1644
f 379/487/1645 378/486/1646 381/490/1647
f 378/486/1648 380/488/1649 381/490/1650
f 379/487/1651 381/490/1652 382/491/1653
f 380/488/1654 284/489/1655 383/492/1656
f 381/490/1657 380/488/1658 383/492/1659
f 382/491/1660 381/490/1661 384/493/1662
f 381/490/1663 383/492/1664 384/493/1665
f 382/491/1666 384/493/1667 348/494/1668
f 384/493/1669 346/495/1670 348/494/1671
f 384/493/1672 385/496/1673 346/495/1674
f 383/492/1675 385/496/1676 384/493/1677
f 385/496/1678 344/497/1679 346/495/1680
f 284/489/1681 386/498/1682 383/492/1683
f 383/492/1684 386/498/1685 385/496/1686
f 284/489/1687 286/499/1688 386/498/1689
f 385/496/1690 387/500/1691 344/497/1692
f 386/498/1693 387/500/1694 385/496/1695
f 387/500/1696 342/501/1697 344/497/1698
f 286/499/1699 388/502/1700 386/498/1701
f 386/498/1702 388/502/1703 387/500/1704
f 286/499/1705 288/503/1706 388/502/1707
f 387/500/1708 389/504/1709 342/501/1710
f 388/502/1711 389/504/1712 387/500/1713
f 389/504/1714 340/505/1715 342/501/1716
f 288/503/1717 390/506/1718 388/502/1719
f 388/502/1720 390/506/1721 389/504/1722
f 288/503/1723 290/507/1724 390/506/1725
f 389/504/1726 391/508/1727 340/505/1728
f 390/506/1729 391/508/1730 389/504/1731
f 391/508/1732 338/509/1733 340/505/1734
f 290/507/1735 392/510/1736 390/506/1737
f 390/506/1738 392/510/1739 391/508/1740
f 290/507/1741 292/511/1742 392/510/1743
f 391/508/1744 393/512/1745 338/509/1746
f 392/510/1747 393/512/1748 391/508/1749
f 393/512/1750 336/513/1751 338/509/1752
f 292/511/1753 394/514/1754 392/510/1755
f 392/510/1756 394/514/1757 393/512/1758
f 292/511/1759 294/515/1760 394/514/1761
f 393/512/1762 395/516/1763 336/513/1764
f 394/514/1765 395/516/1766 393/512/1767
f 395/516/1768 333/517/1769 336/513/1770
f 294/515/1771 396/518/1772 394/514/1773
f 394/514/1774 396/518/1775 395/516/1776
f 294/515/1777 296/519/1778 396/518/1779
f 395/516/1780 397/520/1781 333/517/1782
f 396/518/1783 397/520/1784 395/516/1785
f 397/520/1786 331/521/1787 333/517/1788
f 397/520/1789 398/522/1790 331/521/1791
f 296/519/1792 399/523/1793 396/518/1794
f 396/518/1795 399/523/1796 397/520/1797
f 399/523/1798 398/522/1799 397/520/1800
f 296/519/1801 298/524/1802 399/523/1803
f 399/523/1804 400/525/1805 398/522/1806
f 298/524/1807 400/525/1808 399/523/1809
f 298/524/1810 300/526/1811 400/525/1812
f 401/527/1813 402/529/1814 210/528/1815
f 401/527/1816 210/528/1817 368/530/1818
f 403/531/1819 401/527/1820 368/530/1821
f 403/531/1822 368/530/1823 370/532/1824
f 404/533/1825 403/531/1826 370/532/1827
f 404/533/1828 370/532/1829 373/534/1830
f 404/533/1831 373/534/1832 379/535/1833
f 404/533/1834 379/535/1835 405/536/1836
f 405/536/1837 379/535/1838 382/537/1839
f 405/536/1840 382/537/1841 406/538/1842
f 406/538/1843 382/537/1844 348/539/1845
f 406/538/1846 348/539/1847 407/540/1848
f 350/541/1849 252/543/1850 254/542/1851
f 350/541/1852 408/544/1853 252/543/1854
f 408/544/1855 250/545/1856 252/543/1857
f 250/545/1858 408/544/1859 248/546/1860
f 246/547/1861 248/546/1862 408/544/1863
f 244/548/1864 246/547/1865 408/544/1866
f 408/544/1867 242/549/1868 244/548/1869
f 352/550/1870 408/544/1871 350/541/1872
f 352/550/1873 409/551/1874 408/544/1875
f 227/552/1876 409/551/1877 352/550/1878
f 240/553/1879 242/549/1880 408/544/1881
f 240/553/1882 408/544/1883 409/551/1884
f 227/552/1885 230/554/1886 409/551/1887
f 238/555/1888 240/553/1889 409/551/1890
f 230/554/1891 232/556/1892 409/551/1893
f 236/557/1894 238/555/1895 409/551/1896
f 232/556/1897 234/558/1898 409/551/1899
f 234/558/1900 236/557/1901 409/551/1902
f 306/559/1903 255/561/1904 410/560/1905
f 306/559/1906 410/560/1907 411/562/1908
f 411/562/1909 410/560/1910 412/563/1911
f 306/559/1912 411/562/1913 413/564/1914
f 306/559/1915 413/564/1916 303/565/1917
f 411/562/1918 414/566/1919 413/564/1920
f 411/562/1921 412/563/1922 415/567/1923
f 411/562/1924 415/567/1925 414/566/1926
f 415/567/1927 412/563/1928 228/568/1929
f 415/567/1930 330/569/1931 414/566/1932
f 415/567/1933 228/568/1934 416/570/1935
f 415/567/1936 416/570/1937 330/569/1938
f 400/571/1939 300/573/1940 307/572/1941
f 400/571/1942 307/572/1943 417/574/1944
f 417/574/1945 307/572/1946 309/575/1947
f 309/575/1948 311/576/1949 417/574/1950
f 313/577/1951 417/574/1952 311/576/1953
f 315/578/1954 417/574/1955 313/577/1956
f 417/574/1957 315/578/1958 317/579/1959
f 398/580/1960 400/571/1961 417/574/1962
f 398/580/1963 417/574/1964 418/581/1965
f 331/582/1966 398/580/1967 418/581/1968
f 319/583/1969 417/574/1970 317/579/1971
f 319/583/1972 418/581/1973 417/574/1974
f 331/582/1975 418/581/1976 329/584/1977
f 321/585/1978 418/581/1979 319/583/1980
f 329/584/1981 418/581/1982 327/586/1983
f 323/587/1984 418/581/1985 321/585/1986
f 327/586/1987 418/581/1988 325/588/1989
f 325/588/1990 418/581/1991 323/587/1992
f 419/589/1993 421/591/1994 420/590/1995
f 419/589/1996 420/590/1997 422/592/1998
f 422/592/1999 420/590/2000 423/593/2001
f 422/592/2002 423/593/2003 424/594/2004
f 424/594/2005 423/593/2006 425/595/2007
f 424/594/2008 425/595/2009 426/596/2010
f 426/596/2011 425/595/2012 427/597/2013
f 426/596/2014 427/597/2015 428/598/2016
f 428/598/2017 427/597/2018 429/599/2019
f 428/598/2020 429/599/2021 430/600/2022
f 430/600/2023 429/599/2024 431/601/2025
f 430/600/2026 431/601/2027 432/602/2028
f 432/602/2029 431/601/2030 433/603/2031
f 432/602/2032 433/603/2033 434/604/2034
f 434/604/2035 433/603/2036 435/605/2037
f 434/604/2038 435/605/2039 436/606/2040
f 435/605/2041 437/607/2042 436/606/2043
f 435/605/2044 438/608/2045 437/607/2046
f 437/607/2047 439/609/2048 436/606/2049
f 437/607/2050 440/610/2051 439/609/2052
f 440/610/2053 441/611/2054 439/609/2055
f 440/610/2056 442/612/2057 441/611/2058
f 442/612/2059 443/613/2060 441/611/2061
f 442/612/2062 444/614/2063 443/613/2064
f 444/614/2065 445/615/2066 443/613/2067
f 444/614/2068 446/616/2069 445/615/2070
f 446/616/2071 447/617/2072 445/615/2073
f 446/616/2074 448/618/2075 447/617/2076
f 448/618/2077 449/619/2078 447/617/2079
f 448/618/2080 450/620/2081 449/619/2082
f 451/621/2083 449/619/2084 450/620/2085
f 451/621/2086 450/620/2087 452/622/2088
f 453/623/2089 451/621/2090 452/622/2091
f 453/623/2092 452/622/2093 454/624/2094
f 455/625/2095 453/623/2096 454/624/2097
f 455/625/2098 454/624/2099 456/626/2100
f 457/627/2101 455/625/2102 456/626/2103
f 457/627/2104 456/626/2105 458/628/2106
f 459/629/2107 457/627/2108 458/628/2109
f 459/629/2110 458/628/2111 460/630/2112
f 461/631/2113 459/629/2114 460/630/2115
f 461/631/2116 460/630/2117 462/632/2118
f 463/633/2119 461/631/2120 462/632/2121
f 463/633/2122 462/632/2123 464/634/2124
f 463/633/2125 464/634/2126 465/635/2127
f 463/633/2128 465/635/2129 466/636/2130
f 467/637/2131 463/633/2132 466/636/2133
f 467/637/2134 468/638/2135 463/633/2136
f 469/639/2137 468/638/2138 467/637/2139
f 469/639/2140 470/640/2141 468/638/2142
f 471/641/2143 470/640/2144 469/639/2145
f 471/641/2146 472/642/2147 470/640/2148
f 473/643/2149 472/642/2150 471/641/2151
f 473/643/2152 474/644/2153 472/642/2154
f 475/645/2155 474/644/2156 473/643/2157
f 475/645/2158 476/646/2159 474/644/2160
f 477/647/2161 476/646/2162 475/645/2163
f 477/647/2164 478/648/2165 476/646/2166
f 479/649/2167 478/648/2168 477/647/2169
f 479/649/2170 480/650/2171 478/648/2172
f 481/651/2173 480/650/2174 479/649/2175
f 481/651/2176 482/652/2177 480/650/2178
f 483/653/2179 482/652/2180 481/651/2181
f 483/653/2182 484/654/2183 482/652/2184
f 485/655/2185 484/654/2186 483/653/2187
f 485/655/2188 486/656/2189 484/654/2190
f 487/657/2191 486/656/2192 485/655/2193
f 487/657/2194 488/658/2195 486/656/2196
f 487/657/2197 489/659/2198 488/658/2199
f 487/657/2200 490/660/2201 489/659/2202
f 490/660/2203 491/661/2204 489/659/2205
f 490/660/2206 492/662/2207 491/661/2208
f 492/662/2209 493/663/2210 491/661/2211
f 492/662/2212 494/664/2213 493/663/2214
f 494/664/2215 495/665/2216 493/663/2217
f 494/664/2218 496/666/2219 495/665/2220
f 496/666/2221 497/667/2222 495/665/2223
f 496/666/2224 498/668/2225 497/667/2226
f 498/668/2227 499/669/2228 497/667/2229
f 498/668/2230 500/670/2231 499/669/2232
f 500/670/2233 501/671/2234 499/669/2235
f 500/670/2236 502/672/2237 501/671/2238
f 502/672/2239 503/673/2240 501/671/2241
f 502/672/2242 504/674/2243 503/673/2244
f 504/674/2245 505/675/2246 503/673/2247
f 504/674/2248 506/676/2249 505/675/2250
f 506/676/2251 507/677/2252 505/675/2253
f 506/676/2254 508/678/2255 507/677/2256
f 508/678/2257 509/679/2258 507/677/2259
f 508/678/2260 510/680/2261 509/679/2262
f 509/679/2263 510/680/2264 511/681/2265
f 509/679/2266 511/681/2267 512/682/2268
f 512/682/2269 511/681/2270 513/683/2271
f 509/679/2272 512/682/2273 514/684/2274
f 512/682/2275 513/683/2276 515/685/2277
f 464/634/2278 515/685/2279 513/683/2280
f 464/634/2281 513/683/2282 465/635/2283
f 509/679/2284 514/684/2285 516/686/2286
f 516/686/2287 514/684/2288 517/687/2289
f 516/686/2290 517/687/2291 518/688/2292
f 518/688/2293 517/687/2294 519/689/2295
f 518/688/2296 519/689/2297 520/690/2298
f 520/690/2299 519/689/2300 521/691/2301
f 520/690/2302 521/691/2303 522/692/2304
f 522/692/2305 521/691/2306 523/693/2307
f 522/692/2308 523/693/2309 524/694/2310
f 524/694/2311 523/693/2312 525/695/2313
f 524/694/2314 525/695/2315 526/696/2316
f 526/696/2317 525/695/2318 527/697/2319
f 526/696/2320 527/697/2321 528/698/2322
f 529/699/2323 528/698/2324 527/697/2325
f 529/699/2326 530/700/2327 528/698/2328
f 531/701/2329 530/700/2330 529/699/2331
f 531/701/2332 532/702/2333 530/700/2334
f 533/703/2335 532/702/2336 531/701/2337
f 533/703/2338 534/704/2339 532/702/2340
f 535/705/2341 534/704/2342 533/703/2343
f 535/705/2344 536/706/2345 534/704/2346
f 537/707/2347 536/706/2348 535/705/2349
f 537/707/2350 538/708/2351 536/706/2352
f 539/709/2353 538/708/2354 537/707/2355
f 539/709/2356 540/710/2357 538/708/2358
f 541/711/2359 540/710/2360 539/709/2361
f 542/712/2362 540/710/2363 541/711/2364
f 541/711/2365 539/709/2366 543/713/2367
f 542/712/2368 541/711/2369 544/714/2370
f 545/715/2371 542/712/2372 544/714/2373
f 545/715/2374 544/714/2375 546/716/2376
f 547/717/2377 545/715/2378 546/716/2379
f 547/717/2380 546/716/2381 548/718/2382
f 549/719/2383 547/717/2384 548/718/2385
f 549/719/2386 548/718/2387 550/720/2388
f 551/721/2389 549/719/2390 550/720/2391
f 551/721/2392 550/720/2393 552/722/2394
f 553/723/2395 551/721/2396 552/722/2397
f 553/723/2398 552/722/2399 554/724/2400
f 555/725/2401 553/723/2402 554/724/2403
f 555/725/2404 554/724/2405 556/726/2406
f 557/727/2407 555/725/2408 556/726/2409
f 557/727/2410 556/726/2411 558/728/2412
f 468/729/2413 559/731/2414 463/730/2415
f 468/729/2416 560/732/2417 559/731/2418
f 470/733/2419 560/732/2420 468/729/2421
f 560/732/2422 561/734/2423 559/731/2424
f 470/733/2425 562/735/2426 560/732/2427
f 472/736/2428 562/735/2429 470/733/2430
f 560/732/2431 563/737/2432 561/734/2433
f 562/735/2434 563/737/2435 560/732/2436
f 563/737/2437 436/738/2438 561/734/2439
f 563/737/2440 434/739/2441 436/738/2442
f 564/740/2443 434/739/2444 563/737/2445
f 562/735/2446 564/740/2447 563/737/2448
f 564/740/2449 432/741/2450 434/739/2451
f 472/736/2452 565/742/2453 562/735/2454
f 565/742/2455 564/740/2456 562/735/2457
f 474/743/2458 565/742/2459 472/736/2460
f 566/744/2461 432/741/2462 564/740/2463
f 565/742/2464 566/744/2465 564/740/2466
f 566/744/2467 430/745/2468 432/741/2469
f 474/743/2470 567/746/2471 565/742/2472
f 567/746/2473 566/744/2474 565/742/2475
f 476/747/2476 567/746/2477 474/743/2478
f 568/748/2479 430/745/2480 566/744/2481
f 567/746/2482 568/748/2483 566/744/2484
f 568/748/2485 428/749/2486 430/745/2487
f 476/747/2488 569/750/2489 567/746/2490
f 569/750/2491 568/748/2492 567/746/2493
f 478/751/2494 569/750/2495 476/747/2496
f 570/752/2497 428/749/2498 568/748/2499
f 569/750/2500 570/752/2501 568/748/2502
f 570/752/2503 426/753/2504 428/749/2505
f 478/751/2506 571/754/2507 569/750/2508
f 571/754/2509 570/752/2510 569/750/2511
f 480/755/2512 571/754/2513 478/751/2514
f 572/756/2515 426/753/2516 570/752/2517
f 571/754/2518 572/756/2519 570/752/2520
f 572/756/2521 424/757/2522 426/753/2523
f 480/755/2524 573/758/2525 571/754/2526
f 573/758/2527 572/756/2528 571/754/2529
f 482/759/2530 573/758/2531 480/755/2532
f 574/760/2533 424/757/2534 572/756/2535
f 573/758/2536 574/760/2537 572/756/2538
f 574/760/2539 422/761/2540 424/757/2541
f 482/759/2542 575/762/2543 573/758/2544
f 575/762/2545 574/760/2546 573/758/2547
f 576/763/2548 422/761/2549 574/760/2550
f 575/762/2551 576/763/2552 574/760/2553
f 576/763/2554 419/764/2555 422/761/2556
f 577/765/2557 419/764/2558 576/763/2559
f 577/765/2560 576/763/2561 578/766/2562
f 578/766/2563 576/763/2564 575/762/2565
f 579/767/2566 577/765/2567 578/766/2568
f 580/768/2569 575/762/2570 482/759/2571
f 578/766/2572 575/762/2573 580/768/2574
f 580/768/2575 482/759/2576 484/769/2577
f 579/767/2578 578/766/2579 581/770/2580
f 581/770/2581 578/766/2582 580/768/2583
f 582/771/2584 579/767/2585 581/770/2586
f 583/772/2587 580/768/2588 484/769/2589
f 581/770/2590 580/768/2591 583/772/2592
f 583/772/2593 484/769/2594 486/773/2595
f 582/771/2596 581/770/2597 584/774/2598
f 584/774/2599 581/770/2600 583/772/2601
f 585/775/2602 583/772/2603 486/773/2604
f 584/774/2605 583/772/2606 585/775/2607
f 585/775/2608 486/773/2609 488/776/2610
f 585/775/2611 488/776/2612 489/777/2613
f 585/775/2614 489/777/2615 586/778/2616
f 584/774/2617 585/775/2618 586/778/2619
f 586/778/2620 489/777/2621 491/779/2622
f 582/771/2623 584/774/2624 587/780/2625
f 584/774/2626 586/778/2627 587/780/2628
f 582/771/2629 587/780/2630 588/781/2631
f 586/778/2632 491/779/2633 589/782/2634
f 587/780/2635 586/778/2636 589/782/2637
f 589/782/2638 491/779/2639 493/783/2640
f 588/781/2641 587/780/2642 590/784/2643
f 587/780/2644 589/782/2645 590/784/2646
f 588/781/2647 590/784/2648 591/785/2649
f 589/782/2650 493/783/2651 592/786/2652
f 590/784/2653 589/782/2654 592/786/2655
f 591/785/2656 590/784/2657 593/787/2658
f 590/784/2659 592/786/2660 593/787/2661
f 591/785/2662 593/787/2663 557/788/2664
f 593/787/2665 555/789/2666 557/788/2667
f 593/787/2668 594/790/2669 555/789/2670
f 592/786/2671 594/790/2672 593/787/2673
f 594/790/2674 553/791/2675 555/789/2676
f 493/783/2677 595/792/2678 592/786/2679
f 592/786/2680 595/792/2681 594/790/2682
f 493/783/2683 495/793/2684 595/792/2685
f 594/790/2686 596/794/2687 553/791/2688
f 595/792/2689 596/794/2690 594/790/2691
f 596/794/2692 551/795/2693 553/791/2694
f 495/793/2695 597/796/2696 595/792/2697
f 595/792/2698 597/796/2699 596/794/2700
f 495/793/2701 497/797/2702 597/796/2703
f 596/794/2704 598/798/2705 551/795/2706
f 597/796/2707 598/798/2708 596/794/2709
f 598/798/2710 549/799/2711 551/795/2712
f 497/797/2713 599/800/2714 597/796/2715
f 597/796/2716 599/800/2717 598/798/2718
f 497/797/2719 499/801/2720 599/800/2721
f 598/798/2722 600/802/2723 549/799/2724
f 599/800/2725 600/802/2726 598/798/2727
f 600/802/2728 547/803/2729 549/799/2730
f 499/801/2731 601/804/2732 599/800/2733
f 599/800/2734 601/804/2735 600/802/2736
f 499/801/2737 501/805/2738 601/804/2739
f 600/802/2740 602/806/2741 547/803/2742
f 601/804/2743 602/806/2744 600/802/2745
f 602/806/2746 545/807/2747 547/803/2748
f 501/805/2749 603/808/2750 601/804/2751
f 601/804/2752 603/808/2753 602/806/2754
f 501/805/2755 503/809/2756 603/808/2757
f 602/806/2758 604/810/2759 545/807/2760
f 603/808/2761 604/810/2762 602/806/2763
f 604/810/2764 542/811/2765 545/807/2766
f 503/809/2767 605/812/2768 603/808/2769
f 603/808/2770 605/812/2771 604/810/2772
f 503/809/2773 505/813/2774 605/812/2775
f 604/810/2776 606/814/2777 542/811/2778
f 605/812/2779 606/814/2780 604/810/2781
f 606/814/2782 540/815/2783 542/811/2784
f 606/814/2785 607/816/2786 540/815/2787
f 505/813/2788 608/817/2789 605/812/2790
f 605/812/2791 608/817/2792 606/814/2793
f 608/817/2794 607/816/2795 606/814/2796
f 505/813/2797 507/818/2798 608/817/2799
f 608/817/2800 609/819/2801 607/816/2802
f 507/818/2803 609/819/2804 608/817/2805
f 507/818/2806 509/820/2807 609/819/2808
f 610/821/2809 611/823/2810 419/822/2811
f 610/821/2812 419/822/2813 577/824/2814
f 612/825/2815 610/821/2816 577/824/2817
f 612/825/2818 577/824/2819 579/826/2820
f 613/827/2821 612/825/2822 579/826/2823
f 613/827/2824 579/826/2825 582/828/2826
f 613/827/2827 582/828/2828 588/829/2829
f 613/827/2830 588/829/2831 614/830/2832
f 614/830/2833 588/829/2834 591/831/2835
f 614/830/2836 591/831/2837 615/832/2838
f 615/832/2839 591/831/2840 557/833/2841
f 615/832/2842 557/833/2843 616/834/2844
f 559/835/2845 461/837/2846 463/836/2847
f 559/835/2848 617/838/2849 461/837/2850
f 617/838/2851 459/839/2852 461/837/2853
f 459/839/2854 617/838/2855 457/840/2856
f 455/841/2857 457/840/2858 617/838/2859
f 453/842/2860 455/841/2861 617/838/2862
f 617/838/2863 451/843/2864 453/842/2865
f 561/844/2866 617/838/2867 559/835/2868
f 561/844/2869 618/845/2870 617/838/2871
f 436/846/2872 618/845/2873 561/844/2874
f 449/847/2875 451/843/2876 617/838/2877
f 449/847/2878 617/838/2879 618/845/2880
f 436/846/2881 439/848/2882 618/845/2883
f 447/849/2884 449/847/2885 618/845/2886
f 439/848/2887 441/850/2888 618/845/2889
f 445/851/2890 447/849/2891 618/845/2892
f 441/850/2893 443/852/2894 618/845/2895
f 443/852/2896 445/851/2897 618/845/2898
f 515/853/2899 464/855/2900 619/854/2901
f 515/853/2902 619/854/2903 620/856/2904
f 620/856/2905 619/854/2906 621/857/2907
f 515/853/2908 620/856/2909 622/858/2910
f 515/853/2911 622/858/2912 512/859/2913
f 620/856/2914 623/860/2915 622/858/2916
f 620/856/2917 621/857/2918 624/861/2919
f 620/856/2920 624/861/2921 623/860/2922
f 624/861/2923 621/857/2924 437/862/2925
f 624/861/2926 539/863/2927 623/860/2928
f 624/861/2929 437/862/2930 625/864/2931
f 624/861/2932 625/864/2933 539/863/2934
f 609/865/2935 509/867/2936 516/866/2937
f 609/865/2938 516/866/2939 626/868/2940
f 626/868/2941 516/866/2942 518/869/2943
f 518/869/2944 520/870/2945 626/868/2946
f 522/871/2947 626/868/2948 520/870/2949
f 524/872/2950 626/868/2951 522/871/2952
f 626/868/2953 524/872/2954 526/873/2955
f 607/874/2956 609/865/2957 626/868/2958
f 607/874/2959 626/868/2960 627/875/2961
f 540/876/2962 607/874/2963 627/875/2964
f 528/877/2965 626/868/2966 526/873/2967
f 528/877/2968 627/875/2969 626/868/2970
f 540/876/2971 627/875/2972 538/878/2973
f 530/879/2974 627/875/2975 528/877/2976
f 538/878/2977 627/875/2978 536/880/2979
f 532/881/2980 627/875/2981 530/879/2982
f 536/880/2983 627/875/2984 534/882/2985
f 534/882/2986 627/875/2987 532/881/2988
f 628/883/2989 630/885/2990 629/884/2991
f 628/883/2992 631/886/2993 630/885/2994
f 631/886/2995 632/887/2996 630/885/2997
f 631/886/2998 633/888/2999 632/887/3000
f 633/888/3001 634/889/3002 632/887/3003
f 633/888/3004 635/890/3005 634/889/3006
f 635/890/3007 636/891/3008 634/889/3009
f 635/890/3010 637/892/3011 636/891/3012
f 637/892/3013 638/893/3014 636/891/3015
f 637/892/3016 639/894/3017 638/893/3018
f 639/894/3019 640/895/3020 638/893/3021
f 639/894/3022 641/896/3023 640/895/3024
f 641/896/3025 642/897/3026 640/895/3027
f 641/896/3028 643/898/3029 642/897/3030
f 643/898/3031 644/899/3032 642/897/3033
f 643/898/3034 645/900/3035 644/899/3036
f 644/899/3037 645/900/3038 646/901/3039
f 644/899/3040 646/901/3041 647/902/3042
f 646/901/3043 645/900/3044 648/903/3045
f 646/901/3046 648/903/3047 649/904/3048
f 649/904/3049 648/903/3050 650/905/3051
f 649/904/3052 650/905/3053 651/906/3054
f 651/906/3055 650/905/3056 652/907/3057
f 651/906/3058 652/907/3059 653/908/3060
f 653/908/3061 652/907/3062 654/909/3063
f 653/908/3064 654/909/3065 655/910/3066
f 655/910/3067 654/909/3068 656/911/3069
f 655/910/3070 656/911/3071 657/912/3072
f 657/912/3073 656/911/3074 658/913/3075
f 657/912/3076 658/913/3077 659/914/3078
f 660/915/3079 659/914/3080 658/913/3081
f 660/915/3082 661/916/3083 659/914/3084
f 662/917/3085 661/916/3086 660/915/3087
f 662/917/3088 663/918/3089 661/916/3090
f 664/919/3091 663/918/3092 662/917/3093
f 664/919/3094 665/920/3095 663/918/3096
f 666/921/3097 665/920/3098 664/919/3099
f 666/921/3100 667/922/3101 665/920/3102
f 668/923/3103 667/922/3104 666/921/3105
f 668/923/3106 669/924/3107 667/922/3108
f 670/925/3109 669/924/3110 668/923/3111
f 670/925/3112 671/926/3113 669/924/3114
f 672/927/3115 671/926/3116 670/925/3117
f 672/927/3118 673/928/3119 671/926/3120
f 672/927/3121 674/929/3122 673/928/3123
f 672/927/3124 675/930/3125 674/929/3126
f 676/931/3127 675/930/3128 672/927/3129
f 676/931/3130 672/927/3131 677/932/3132
f 678/933/3133 676/931/3134 677/932/3135
f 678/933/3136 677/932/3137 679/934/3138
f 680/935/3139 678/933/3140 679/934/3141
f 680/935/3142 679/934/3143 681/936/3144
f 682/937/3145 680/935/3146 681/936/3147
f 682/937/3148 681/936/3149 683/938/3150
f 684/939/3151 682/937/3152 683/938/3153
f 684/939/3154 683/938/3155 685/940/3156
f 686/941/3157 684/939/3158 685/940/3159
f 686/941/3160 685/940/3161 687/942/3162
f 688/943/3163 686/941/3164 687/942/3165
f 688/943/3166 687/942/3167 689/944/3168
f 690/945/3169 688/943/3170 689/944/3171
f 690/945/3172 689/944/3173 691/946/3174
f 692/947/3175 690/945/3176 691/946/3177
f 692/947/3178 691/946/3179 693/948/3180
f 694/949/3181 692/947/3182 693/948/3183
f 694/949/3184 693/948/3185 695/950/3186
f 696/951/3187 694/949/3188 695/950/3189
f 696/951/3190 695/950/3191 697/952/3192
f 696/951/3193 697/952/3194 698/953/3195
f 696/951/3196 698/953/3197 699/954/3198
f 699/954/3199 698/953/3200 700/955/3201
f 699/954/3202 700/955/3203 701/956/3204
f 701/956/3205 700/955/3206 702/957/3207
f 701/956/3208 702/957/3209 703/958/3210
f 703/958/3211 702/957/3212 704/959/3213
f 703/958/3214 704/959/3215 705/960/3216
f 705/960/3217 704/959/3218 706/961/3219
f 705/960/3220 706/961/3221 707/962/3222
f 707/962/3223 706/961/3224 708/963/3225
f 707/962/3226 708/963/3227 709/964/3228
f 709/964/3229 708/963/3230 710/965/3231
f 709/964/3232 710/965/3233 711/966/3234
f 711/966/3235 710/965/3236 712/967/3237
f 711/966/3238 712/967/3239 713/968/3240
f 713/968/3241 712/967/3242 714/969/3243
f 713/968/3244 714/969/3245 715/970/3246
f 715/970/3247 714/969/3248 716/971/3249
f 715/970/3250 716/971/3251 717/972/3252
f 717/972/3253 716/971/3254 718/973/3255
f 717/972/3256 718/973/3257 719/974/3258
f 718/973/3259 720/975/3260 719/974/3261
f 718/973/3262 721/976/3263 720/975/3264
f 721/976/3265 722/977/3266 720/975/3267
f 718/973/3268 723/978/3269 721/976/3270
f 721/976/3271 724/979/3272 722/977/3273
f 673/928/3274 722/977/3275 724/979/3276
f 673/928/3277 674/929/3278 722/977/3279
f 718/973/3280 725/980/3281 723/978/3282
f 725/980/3283 726/981/3284 723/978/3285
f 725/980/3286 727/982/3287 726/981/3288
f 727/982/3289 728/983/3290 726/981/3291
f 727/982/3292 729/984/3293 728/983/3294
f 729/984/3295 730/985/3296 728/983/3297
f 729/984/3298 731/986/3299 730/985/3300
f 731/986/3301 732/987/3302 730/985/3303
f 731/986/3304 733/988/3305 732/987/3306
f 733/988/3307 734/989/3308 732/987/3309
f 733/988/3310 735/990/3311 734/989/3312
f 735/990/3313 736/991/3314 734/989/3315
f 735/990/3316 737/992/3317 736/991/3318
f 738/993/3319 736/991/3320 737/992/3321
f 738/993/3322 737/992/3323 739/994/3324
f 740/995/3325 738/993/3326 739/994/3327
f 740/995/3328 739/994/3329 741/996/3330
f 742/997/3331 740/995/3332 741/996/3333
f 742/997/3334 741/996/3335 743/998/3336
f 744/999/3337 742/997/3338 743/998/3339
f 744/999/3340 743/998/3341 745/1000/3342
f 746/1001/3343 744/999/3344 745/1000/3345
f 746/1001/3346 745/1000/3347 747/1002/3348
f 748/1003/3349 746/1001/3350 747/1002/3351
f 748/1003/3352 747/1002/3353 749/1004/3354
f 750/1005/3355 748/1003/3356 749/1004/3357
f 751/1006/3358 750/1005/3359 749/1004/3360
f 750/1005/3361 752/1007/3362 748/1003/3363
f 751/1006/3364 753/1008/3365 750/1005/3366
f 754/1009/3367 753/1008/3368 751/1006/3369
f 754/1009/3370 755/1010/3371 753/1008/3372
f 756/1011/3373 755/1010/3374 754/1009/3375
f 756/1011/3376 757/1012/3377 755/1010/3378
f 758/1013/3379 757/1012/3380 756/1011/3381
f 758/1013/3382 759/1014/3383 757/1012/3384
f 760/1015/3385 759/1014/3386 758/1013/3387
f 760/1015/3388 761/1016/3389 759/1014/3390
f 762/1017/3391 761/1016/3392 760/1015/3393
f 762/1017/3394 763/1018/3395 761/1016/3396
f 764/1019/3397 763/1018/3398 762/1017/3399
f 764/1019/3400 765/1020/3401 763/1018/3402
f 766/1021/3403 765/1020/3404 764/1019/3405
f 766/1021/3406 767/1022/3407 765/1020/3408
f 677/1023/3409 672/1025/3410 768/1024/3411
f 677/1023/3412 768/1024/3413 769/1026/3414
f 679/1027/3415 677/1023/3416 769/1026/3417
f 769/1026/3418 768/1024/3419 770/1028/3420
f 679/1027/3421 769/1026/3422 771/1029/3423
f 681/1030/3424 679/1027/3425 771/1029/3426
f 769/1026/3427 770/1028/3428 772/1031/3429
f 771/1029/3430 769/1026/3431 772/1031/3432
f 772/1031/3433 770/1028/3434 645/1032/3435
f 772/1031/3436 645/1032/3437 643/1033/3438
f 773/1034/3439 772/1031/3440 643/1033/3441
f 771/1029/3442 772/1031/3443 773/1034/3444
f 773/1034/3445 643/1033/3446 641/1035/3447
f 681/1030/3448 771/1029/3449 774/1036/3450
f 774/1036/3451 771/1029/3452 773/1034/3453
f 683/1037/3454 681/1030/3455 774/1036/3456
f 775/1038/3457 773/1034/3458 641/1035/3459
f 774/1036/3460 773/1034/3461 775/1038/3462
f 775/1038/3463 641/1035/3464 639/1039/3465
f 683/1037/3466 774/1036/3467 776/1040/3468
f 776/1040/3469 774/1036/3470 775/1038/3471
f 685/1041/3472 683/1037/3473 776/1040/3474
f 777/1042/3475 775/1038/3476 639/1039/3477
f 776/1040/3478 775/1038/3479 777/1042/3480
f 777/1042/3481 639/1039/3482 637/1043/3483
f 685/1041/3484 776/1040/3485 778/1044/3486
f 778/1044/3487 776/1040/3488 777/1042/3489
f 687/1045/3490 685/1041/3491 778/1044/3492
f 779/1046/3493 777/1042/3494 637/1043/3495
f 778/1044/3496 777/1042/3497 779/1046/3498
f 779/1046/3499 637/1043/3500 635/1047/3501
f 687/1045/3502 778/1044/3503 780/1048/3504
f 780/1048/3505 778/1044/3506 779/1046/3507
f 689/1049/3508 687/1045/3509 780/1048/3510
f 781/1050/3511 779/1046/3512 635/1047/3513
f 780/1048/3514 779/1046/3515 781/1050/3516
f 781/1050/3517 635/1047/3518 633/1051/3519
f 689/1049/3520 780/1048/3521 782/1052/3522
f 782/1052/3523 780/1048/3524 781/1050/3525
f 691/1053/3526 689/1049/3527 782/1052/3528
f 783/1054/3529 781/1050/3530 633/1051/3531
f 782/1052/3532 781/1050/3533 783/1054/3534
f 783/1054/3535 633/1051/3536 631/1055/3537
f 691/1053/3538 782/1052/3539 784/1056/3540
f 784/1056/3541 782/1052/3542 783/1054/3543
f 785/1057/3544 783/1054/3545 631/1055/3546
f 784/1056/3547 783/1054/3548 785/1057/3549
f 785/1057/3550 631/1055/3551 628/1058/3552
f 786/1059/3553 785/1057/3554 628/1058/3555
f 786/1059/3556 787/1060/3557 785/1057/3558
f 787/1060/3559 784/1056/3560 785/1057/3561
f 788/1061/3562 787/1060/3563 786/1059/3564
f 789/1062/3565 691/1053/3566 784/1056/3567
f 787/1060/3568 789/1062/3569 784/1056/3570
f 789/1062/3571 693/1063/3572 691/1053/3573
f 788/1061/3574 790/1064/3575 787/1060/3576
f 790/1064/3577 789/1062/3578 787/1060/3579
f 791/1065/3580 790/1064/3581 788/1061/3582
f 792/1066/3583 693/1063/3584 789/1062/3585
f 790/1064/3586 792/1066/3587 789/1062/3588
f 792/1066/3589 695/1067/3590 693/1063/3591
f 791/1065/3592 793/1068/3593 790/1064/3594
f 793/1068/3595 792/1066/3596 790/1064/3597
f 794/1069/3598 695/1067/3599 792/1066/3600
f 793/1068/3601 794/1069/3602 792/1066/3603
f 794/1069/3604 697/1070/3605 695/1067/3606
f 794/1069/3607 698/1071/3608 697/1070/3609
f 794/1069/3610 795/1072/3611 698/1071/3612
f 793/1068/3613 795/1072/3614 794/1069/3615
f 795/1072/3616 700/1073/3617 698/1071/3618
f 791/1065/3619 796/1074/3620 793/1068/3621
f 793/1068/3622 796/1074/3623 795/1072/3624
f 791/1065/3625 797/1075/3626 796/1074/3627
f 795/1072/3628 798/1076/3629 700/1073/3630
f 796/1074/3631 798/1076/3632 795/1072/3633
f 798/1076/3634 702/1077/3635 700/1073/3636
f 797/1075/3637 799/1078/3638 796/1074/3639
f 796/1074/3640 799/1078/3641 798/1076/3642
f 797/1075/3643 800/1079/3644 799/1078/3645
f 798/1076/3646 801/1080/3647 702/1077/3648
f 799/1078/3649 801/1080/3650 798/1076/3651
f 800/1079/3652 802/1081/3653 799/1078/3654
f 799/1078/3655 802/1081/3656 801/1080/3657
f 800/1079/3658 766/1082/3659 802/1081/3660
f 802/1081/3661 766/1082/3662 764/1083/3663
f 802/1081/3664 764/1083/3665 803/1084/3666
f 801/1080/3667 802/1081/3668 803/1084/3669
f 803/1084/3670 764/1083/3671 762/1085/3672
f 702/1077/3673 801/1080/3674 804/1086/3675
f 801/1080/3676 803/1084/3677 804/1086/3678
f 702/1077/3679 804/1086/3680 704/1087/3681
f 803/1084/3682 762/1085/3683 805/1088/3684
f 804/1086/3685 803/1084/3686 805/1088/3687
f 805/1088/3688 762/1085/3689 760/1089/3690
f 704/1087/3691 804/1086/3692 806/1090/3693
f 804/1086/3694 805/1088/3695 806/1090/3696
f 704/1087/3697 806/1090/3698 706/1091/3699
f 805/1088/3700 760/1089/3701 807/1092/3702
f 806/1090/3703 805/1088/3704 807/1092/3705
f 807/1092/3706 760/1089/3707 758/1093/3708
f 706/1091/3709 806/1090/3710 808/1094/3711
f 806/1090/3712 807/1092/3713 808/1094/3714
f 706/1091/3715 808/1094/3716 708/1095/3717
f 807/1092/3718 758/1093/3719 809/1096/3720
f 808/1094/3721 807/1092/3722 809/1096/3723
f 809/1096/3724 758/1093/3725 756/1097/3726
f 708/1095/3727 808/1094/3728 810/1098/3729
f 808/1094/3730 809/1096/3731 810/1098/3732
f 708/1095/3733 810/1098/3734 710/1099/3735
f 809/1096/3736 756/1097/3737 811/1100/3738
f 810/1098/3739 809/1096/3740 811/1100/3741
f 811/1100/3742 756/1097/3743 754/1101/3744
f 710/1099/3745 810/1098/3746 812/1102/3747
f 810/1098/3748 811/1100/3749 812/1102/3750
f 710/1099/3751 812/1102/3752 712/1103/3753
f 811/1100/3754 754/1101/3755 813/1104/3756
f 812/1102/3757 811/1100/3758 813/1104/3759
f 813/1104/3760 754/1101/3761 751/1105/3762
f 712/1103/3763 812/1102/3764 814/1106/3765
f 812/1102/3766 813/1104/3767 814/1106/3768
f 712/1103/3769 814/1106/3770 714/1107/3771
f 813/1104/3772 751/1105/3773 815/1108/3774
f 814/1106/3775 813/1104/3776 815/1108/3777
f 815/1108/3778 751/1105/3779 749/1109/3780
f 815/1108/3781 749/1109/3782 816/1110/3783
f 714/1107/3784 814/1106/3785 817/1111/3786
f 814/1106/3787 815/1108/3788 817/1111/3789
f 817/1111/3790 815/1108/3791 816/1110/3792
f 714/1107/3793 817/1111/3794 716/1112/3795
f 817/1111/3796 816/1110/3797 818/1113/3798
f 716/1112/3799 817/1111/3800 818/1113/3801
f 716/1112/3802 818/1113/3803 718/1114/3804
f 819/1115/3805 628/1117/3806 820/1116/3807
f 819/1115/3808 786/1118/3809 628/1117/3810
f 821/1119/3811 786/1118/3812 819/1115/3813
f 821/1119/3814 788/1120/3815 786/1118/3816
f 822/1121/3817 788/1120/3818 821/1119/3819
f 822/1121/3820 791/1122/3821 788/1120/3822
f 822/1121/3823 797/1123/3824 791/1122/3825
f 822/1121/3826 823/1124/3827 797/1123/3828
f 823/1124/3829 800/1125/3830 797/1123/3831
f 823/1124/3832 824/1126/3833 800/1125/3834
f 824/1126/3835 766/1127/3836 800/1125/3837
f 824/1126/3838 825/1128/3839 766/1127/3840
f 768/1129/3841 672/1131/3842 670/1130/3843
f 768/1129/3844 670/1130/3845 826/1132/3846
f 826/1132/3847 670/1130/3848 668/1133/3849
f 668/1133/3850 666/1134/3851 826/1132/3852
f 664/1135/3853 826/1132/3854 666/1134/3855
f 662/1136/3856 826/1132/3857 664/1135/3858
f 826/1132/3859 662/1136/3860 660/1137/3861
f 770/1138/3862 768/1129/3863 826/1132/3864
f 770/1138/3865 826/1132/3866 827/1139/3867
f 645/1140/3868 770/1138/3869 827/1139/3870
f 658/1141/3871 826/1132/3872 660/1137/3873
f 658/1141/3874 827/1139/3875 826/1132/3876
f 645/1140/3877 827/1139/3878 648/1142/3879
f 656/1143/3880 827/1139/3881 658/1141/3882
f 648/1142/3883 827/1139/3884 650/1144/3885
f 654/1145/3886 827/1139/3887 656/1143/3888
f 650/1144/3889 827/1139/3890 652/1146/3891
f 652/1146/3892 827/1139/3893 654/1145/3894
f 724/1147/3895 828/1149/3896 673/1148/3897
f 724/1147/3898 829/1150/3899 828/1149/3900
f 829/1150/3901 830/1151/3902 828/1149/3903
f 724/1147/3904 831/1152/3905 829/1150/3906
f 724/1147/3907 721/1153/3908 831/1152/3909
f 829/1150/3910 831/1152/3911 832/1154/3912
f 829/1150/3913 833/1155/3914 830/1151/3915
f 829/1150/3916 832/1154/3917 833/1155/3918
f 833/1155/3919 646/1156/3920 830/1151/3921
f 833/1155/3922 832/1154/3923 748/1157/3924
f 833/1155/3925 834/1158/3926 646/1156/3927
f 833/1155/3928 748/1157/3929 834/1158/3930
f 818/1159/3931 725/1161/3932 718/1160/3933
f 818/1159/3934 835/1162/3935 725/1161/3936
f 835/1162/3937 727/1163/3938 725/1161/3939
f 727/1163/3940 835/1162/3941 729/1164/3942
f 731/1165/3943 729/1164/3944 835/1162/3945
f 733/1166/3946 731/1165/3947 835/1162/3948
f 835/1162/3949 735/1167/3950 733/1166/3951
f 816/1168/3952 835/1162/3953 818/1159/3954
f 816/1168/3955 836/1169/3956 835/1162/3957
f 749/1170/3958 836/1169/3959 816/1168/3960
f 737/1171/3961 735/1167/3962 835/1162/3963
f 737/1171/3964 835/1162/3965 836/1169/3966
f 749/1170/3967 747/1172/3968 836/1169/3969
f 739/1173/3970 737/1171/3971 836/1169/3972
f 747/1172/3973 745/1174/3974 836/1169/3975
f 741/1175/3976 739/1173/3977 836/1169/3978
f 745/1174/3979 743/1176/3980 836/1169/3981
f 743/1176/3982 741/1175/3983 836/1169/3984
f 20/20/3985 19/19/3986 207/1177/3987
f 20/20/3988 207/1177/3989 837/1178/3990
f 125/125/3991 837/1178/3992 207/1177/3993
f 125/125/3994 207/1177/3995 121/121/3996
f 229/314/3997 416/1179/3998 228/313/3999
f 229/314/4000 838/1180/4001 416/1179/4002
f 334/419/4003 416/1179/4004 838/1180/4005
f 334/419/4006 330/415/4007 416/1179/4008
f 438/608/4009 625/1181/4010 437/607/4011
f 438/608/4012 839/1182/4013 625/1181/4014
f 543/713/4015 625/1181/4016 839/1182/4017
f 543/713/4018 539/709/4019 625/1181/4020
f 647/902/4021 646/901/4022 834/1183/4023
f 647/902/4024 834/1183/4025 840/1184/4026
f 752/1007/4027 840/1184/4028 834/1183/4029
f 752/1007/4030 834/1183/4031 748/1003/4032
f 732/1185/4033 734/1187/4034 841/1186/4035
f 730/1188/4036 732/1185/4037 841/1186/4038
f 728/1189/4039 730/1188/4040 841/1186/4041
f 726/1190/4042 728/1189/4043 841/1186/4044
f 723/1191/4045 726/1190/4046 841/1186/4047
f 841/1186/4048 721/1192/4049 723/1191/4050
f 841/1186/4051 831/1193/4052 721/1192/4053
f 734/1187/4054 842/1194/4055 841/1186/4056
f 831/1193/4057 841/1186/4058 842/1194/4059
f 734/1187/4060 736/1195/4061 842/1194/4062
f 831/1193/4063 842/1194/4064 832/1196/4065
f 736/1195/4066 738/1197/4067 842/1194/4068
f 842/1194/4069 748/1198/4070 832/1196/4071
f 738/1197/4072 740/1199/4073 842/1194/4074
f 842/1194/4075 746/1200/4076 748/1198/4077
f 740/1199/4078 742/1201/4079 842/1194/4080
f 744/1202/4081 746/1200/4082 842/1194/4083
f 742/1201/4084 744/1202/4085 842/1194/4086
f 663/1203/4087 843/1205/4088 661/1204/4089
f 665/1206/4090 843/1205/4091 663/1203/4092
f 667/1207/4093 843/1205/4094 665/1206/4095
f 669/1208/4096 843/1205/4097 667/1207/4098
f 671/1209/4099 843/1205/4100 669/1208/4101
f 843/1205/4102 671/1209/4103 673/1210/4104
f 843/1205/4105 673/1210/4106 828/1211/4107
f 661/1204/4108 843/1205/4109 844/1212/4110
f 828/1211/4111 844/1212/4112 843/1205/4113
f 661/1204/4114 844/1212/4115 659/1213/4116
f 828/1211/4117 830/1214/4118 844/1212/4119
f 659/1213/4120 844/1212/4121 657/1215/4122
f 844/1212/4123 830/1214/4124 646/1216/4125
f 657/1215/4126 844/1212/4127 655/1217/4128
f 844/1212/4129 646/1216/4130 649/1218/4131
f 655/1217/4132 844/1212/4133 653/1219/4134
f 651/1220/4135 844/1212/4136 649/1218/4137
f 653/1219/4138 844/1212/4139 651/1220/4140
f 523/1221/4141 845/1223/4142 525/1222/4143
f 521/1224/4144 845/1223/4145 523/1221/4146
f 519/1225/4147 845/1223/4148 521/1224/4149
f 517/1226/4150 845/1223/4151 519/1225/4152
f 514/1227/4153 845/1223/4154 517/1226/4155
f 845/1223/4156 514/1227/4157 512/1228/4158
f 845/1223/4159 512/1228/4160 622/1229/4161
f 525/1222/4162 845/1223/4163 846/1230/4164
f 622/1229/4165 846/1230/4166 845/1223/4167
f 525/1222/4168 846/1230/4169 527/1231/4170
f 622/1229/4171 623/1232/4172 846/1230/4173
f 527/1231/4174 846/1230/4175 529/1233/4176
f 846/1230/4177 623/1232/4178 539/1234/4179
f 529/1233/4180 846/1230/4181 531/1235/4182
f 846/1230/4183 539/1234/4184 537/1236/4185
f 531/1235/4186 846/1230/4187 533/1237/4188
f 535/1238/4189 846/1230/4190 537/1236/4191
f 533/1237/4192 846/1230/4193 535/1238/4194
f 454/1239/4195 452/1241/4196 847/1240/4197
f 456/1242/4198 454/1239/4199 847/1240/4200
f 458/1243/4201 456/1242/4202 847/1240/4203
f 460/1244/4204 458/1243/4205 847/1240/4206
f 462/1245/4207 460/1244/4208 847/1240/4209
f 847/1240/4210 464/1246/4211 462/1245/4212
f 847/1240/4213 619/1247/4214 464/1246/4215
f 452/1241/4216 848/1248/4217 847/1240/4218
f 619/1247/4219 847/1240/4220 848/1248/4221
f 452/1241/4222 450/1249/4223 848/1248/4224
f 619/1247/4225 848/1248/4226 621/1250/4227
f 450/1249/4228 448/1251/4229 848/1248/4230
f 848/1248/4231 437/1252/4232 621/1250/4233
f 448/1251/4234 446/1253/4235 848/1248/4236
f 848/1248/4237 440/1254/4238 437/1252/4239
f 446/1253/4240 444/1255/4241 848/1248/4242
f 442/1256/4243 440/1254/4244 848/1248/4245
f 444/1255/4246 442/1256/4247 848/1248/4248
f 314/1257/4249 849/1259/4250 316/1258/4251
f 312/1260/4252 849/1259/4253 314/1257/4254
f 310/1261/4255 849/1259/4256 312/1260/4257
f 308/1262/4258 849/1259/4259 310/1261/4260
f 305/1263/4261 849/1259/4262 308/1262/4263
f 849/1259/4264 305/1263/4265 303/1264/4266
f 849/1259/4267 303/1264/4268 413/1265/4269
f 316/1258/4270 849/1259/4271 850/1266/4272
f 413/1265/4273 850/1266/4274 849/1259/4275
f 316/1258/4276 850/1266/4277 318/1267/4278
f 413/1265/4279 414/1268/4280 850/1266/4281
f 318/1267/4282 850/1266/4283 320/1269/4284
f 850/1266/4285 414/1268/4286 330/1270/4287
f 320/1269/4288 850/1266/4289 322/1271/4290
f 850/1266/4291 330/1270/4292 328/1272/4293
f 322/1271/4294 850/1266/4295 324/1273/4296
f 326/1274/4297 850/1266/4298 328/1272/4299
f 324/1273/4300 850/1266/4301 326/1274/4302
f 245/1275/4303 243/1277/4304 851/1276/4305
f 247/1278/4306 245/1275/4307 851/1276/4308
f 249/1279/4309 247/1278/4310 851/1276/4311
f 251/1280/4312 249/1279/4313 851/1276/4314
f 253/1281/4315 251/1280/4316 851/1276/4317
f 851/1276/4318 255/1282/4319 253/1281/4320
f 851/1276/4321 410/1283/4322 255/1282/4323
f 243/1277/4324 852/1284/4325 851/1276/4326
f 410/1283/4327 851/1276/4328 852/1284/4329
f 243/1277/4330 241/1285/4331 852/1284/4332
f 410/1283/4333 852/1284/4334 412/1286/4335
f 241/1285/4336 239/1287/4337 852/1284/4338
f 852/1284/4339 228/1288/4340 412/1286/4341
f 239/1287/4342 237/1289/4343 852/1284/4344
f 852/1284/4345 231/1290/4346 228/1288/4347
f 237/1289/4348 235/1291/4349 852/1284/4350
f 233/1292/4351 231/1290/4352 852/1284/4353
f 235/1291/4354 233/1292/4355 852/1284/4356
f 105/1293/4357 107/1295/4358 853/1294/4359
f 103/1296/4360 105/1293/4361 853/1294/4362
f 101/1297/4363 103/1296/4364 853/1294/4365
f 99/1298/4366 101/1297/4367 853/1294/4368
f 96/1299/4369 99/1298/4370 853/1294/4371
f 853/1294/4372 94/1300/4373 96/1299/4374
f 853/1294/4375 204/1301/4376 94/1300/4377
f 107/1295/4378 854/1302/4379 853/1294/4380
f 204/1301/4381 853/1294/4382 854/1302/4383
f 107/1295/4384 109/1303/4385 854/1302/4386
f 204/1301/4387 854/1302/4388 205/1304/4389
f 109/1303/4390 111/1305/4391 854/1302/4392
f 854/1302/4393 121/1306/4394 205/1304/4395
f 111/1305/4396 113/1307/4397 854/1302/4398
f 854/1302/4399 119/1308/4400 121/1306/4401
f 113/1307/4402 115/1309/4403 854/1302/4404
f 117/1310/4405 119/1308/4406 854/1302/4407
f 115/1309/4408 117/1310/4409 854/1302/4410
f 36/1311/4411 855/1313/4412 34/1312/4413
f 38/1314/4414 855/1313/4415 36/1311/4416
f 40/1315/4417 855/1313/4418 38/1314/4419
f 42/1316/4420 855/1313/4421 40/1315/4422
f 44/1317/4423 855/1313/4424 42/1316/4425
f 855/1313/4426 44/1317/4427 46/1318/4428
f 855/1313/4429 46/1318/4430 201/1319/4431
f 34/1312/4432 855/1313/4433 856/1320/4434
f 201/1319/4435 856/1320/4436 855/1313/4437
f 34/1312/4438 856/1320/4439 32/1321/4440
f 201/1319/4441 203/1322/4442 856/1320/4443
f 32/1321/4444 856/1320/4445 30/1323/4446
f 856/1320/4447 203/1322/4448 19/1324/4449
f 30/1323/4450 856/1320/4451 28/1325/4452
f 856/1320/4453 19/1324/4454 22/1326/4455
f 28/1325/4456 856/1320/4457 26/1327/4458
f 24/1328/4459 856/1320/4460 22/1326/4461
f 26/1327/4462 856/1320/4463 24/1328/4464
g default
v 122.575841 -0.000000 749.312679
v 122.575841 244.953707 749.312683
v 737.186926 244.953707 749.312683
v 737.186926 -0.000000 749.312679
v 122.575841 0.000000 749.093489
v 737.186926 0.000000 749.093489
v 737.186926 244.953707 749.093506
v 122.575841 244.953707 749.093506
vt -12.003229 0.503159
vt -12.003229 10.493365
vt 12.990449 10.493368
vt 12.990451 0.503162
vt -12.003228 0.496838
vt 12.990448 0.496838
vt 12.990451 -9.493367
vt -12.003228 -9.493368
vn 0.000000 -0.000000 1.000000
vn 0.000000 -0.000000 1.000000
vn 0.000000 -0.000000 1.000000
vn 0.000000 -0.000000 1.000000
vn 0.000000 -0.000000 1.000000
vn 0.000000 -0.000000 1.000000
vn 0.000000 0.000000 -1.000000
vn 0.000000 0.000000 -1.000000
vn 0.000000 0.000000 -1.000000
vn 0.000000 0.000000 -1.000000
vn 0.000000 0.000000 -1.000000
vn 0.000000 0.000000 -1.000000
s off
g chain_link_fence group39 Fencing_low
usemtl Fencing_lowSG
f 857/1329/4465 859/1331/4466 858/1330/4467
f 857/1329/4468 860/1332/4469 859/1331/4470
f 861/1333/4471 863/1335/4472 862/1334/4473
f 861/1333/4474 864/1336/4475 863/1335/4476
g default
v 123.284501 254.255211 747.907600
v 123.466629 254.254734 749.290845
v 123.466629 263.881938 749.294168
v 123.284501 263.882415 747.910923
v 122.750588 254.255656 746.618622
v 123.301694 264.914154 749.294524
v 122.750588 263.882860 746.621945
v 121.901281 254.256038 745.511751
v 123.125207 264.914617 747.953960
v 122.823167 265.845316 749.294845
v 121.901281 263.883242 745.515073
v 120.794379 254.256331 744.662419
v 122.662990 265.845736 748.078138
v 122.077802 266.584276 749.295100
v 122.607740 264.915048 746.704753
v 120.794379 263.883535 744.665742
v 119.505417 254.256515 744.128506
v 121.943041 266.584629 748.271306
v 121.138587 267.058743 749.295264
v 121.784665 264.915418 745.632030
v 122.193331 265.846128 746.944348
v 119.505417 263.883720 744.131829
v 118.122163 254.256578 743.946399
v 121.035834 267.059012 748.514555
v 120.097502 267.222199 749.295320
v 120.030189 267.222376 748.784080
v 121.547831 266.584959 747.317286
v 120.734474 267.059263 747.787040
v 119.832873 267.222540 748.307661
v 120.711946 264.915702 744.808897
v 121.446301 265.846464 745.970736
v 118.122163 263.883782 743.949722
v 116.738909 254.256515 744.128506
v 120.255131 267.059479 747.162315
v 119.518940 267.222681 747.898538
v 120.919252 266.585242 746.498034
v 119.462739 264.915881 744.291453
v 120.472665 265.846721 745.223651
v 116.738909 263.883720 744.131829
v 115.449947 254.256331 744.662419
v 119.630392 267.059644 746.682938
v 119.109832 267.222790 747.584622
v 120.099983 266.585458 745.869404
v 118.122163 264.915942 744.114971
v 119.338885 265.846884 744.754015
v 115.449947 263.883535 744.665742
v 114.343079 254.256038 745.511751
v 118.902866 267.059748 746.381583
v 118.633412 267.222858 747.387281
v 119.145952 266.585595 745.474229
v 118.122163 265.846939 744.593839
v 116.781587 264.915881 744.291453
v 114.343079 263.883242 745.515074
v 113.493738 254.255656 746.618622
v 118.122163 267.059784 746.278807
v 118.122163 267.222881 747.319974
v 118.122163 266.585641 745.339446
v 115.532414 264.915702 744.808911
v 116.905440 265.846884 744.754014
v 113.493738 263.882860 746.621945
v 112.959825 254.255211 747.907601
v 117.341494 267.059748 746.381583
v 117.610914 267.222858 747.387281
v 117.098407 266.585595 745.474228
v 114.459695 264.915418 745.632029
v 115.771695 265.846721 745.223663
v 112.959825 263.882415 747.910923
v 112.777731 254.254734 749.290845
v 116.613968 267.059644 746.682953
v 117.134527 267.222790 747.584616
v 116.144377 266.585458 745.869410
v 113.636552 264.915048 746.704747
v 114.798058 265.846464 745.970726
v 112.777731 263.881938 749.294167
v 112.959825 254.254256 750.674089
v 115.989229 267.059479 747.162298
v 116.725419 267.222681 747.898526
v 115.325108 266.585242 746.498021
v 113.119085 264.914617 747.953956
v 114.050961 265.846128 746.944348
v 112.959825 263.881460 750.677411
v 113.493738 254.253811 751.963067
v 115.509886 267.059263 747.787079
v 116.411453 267.222540 748.307708
v 114.696461 266.584959 747.317297
v 112.942631 264.914154 749.294524
v 113.581336 265.845736 748.078135
v 113.493738 263.881016 751.966390
v 114.343079 254.253429 753.069939
v 115.208492 267.059012 748.514542
v 116.214136 267.222376 748.784060
v 114.301284 266.584629 748.271299
v 113.119085 264.913691 750.635091
v 113.421193 265.845316 749.294845
v 114.343079 263.880634 753.073261
v 115.449947 254.253136 753.919270
v 115.105705 267.058743 749.295264
v 116.146824 267.222199 749.295320
v 114.166523 266.584276 749.295100
v 113.636552 264.913260 751.884300
v 113.581336 265.844896 750.511555
v 115.449947 263.880340 753.922593
v 116.738909 254.252952 754.453183
v 115.208492 267.058473 750.075985
v 116.214136 267.222023 749.806581
v 114.301284 266.583923 750.318901
v 114.459695 264.912890 752.957018
v 114.050961 265.844505 751.645342
v 116.738909 263.880156 754.456506
v 118.122163 254.252889 754.635290
v 115.509886 267.058222 750.803451
v 116.411453 267.221858 750.282935
v 114.696461 266.583593 751.272905
v 115.532414 264.912606 753.780136
v 114.798058 265.844169 752.618964
v 118.122163 263.880093 754.638613
v 119.505417 254.252952 754.453183
v 115.989229 267.058007 751.428228
v 116.725419 267.221717 750.692111
v 115.325108 266.583311 752.092178
v 116.781587 264.912427 754.297594
v 115.771695 265.843911 753.366027
v 119.505417 263.880156 754.456506
v 120.794379 254.253136 753.919270
v 116.613968 267.057841 751.907575
v 117.134527 267.221609 751.006024
v 116.144377 266.583094 752.720790
v 118.122163 264.912366 754.474076
v 116.905440 265.843749 753.835675
v 120.794379 263.880340 753.922593
v 121.901281 254.253429 753.069939
v 117.341494 267.057737 752.208944
v 117.610914 267.221541 751.203359
v 117.098407 266.582957 753.115971
v 119.462739 264.912427 754.297594
v 118.122163 265.843694 753.995851
v 121.901281 263.880634 753.073261
v 122.750588 254.253811 751.963068
v 118.122163 267.057702 752.311721
v 118.122163 267.221517 751.270666
v 118.122163 266.582911 753.250754
v 120.711946 264.912606 753.780150
v 119.338885 265.843749 753.835675
v 122.750588 263.881016 751.966391
v 123.284501 254.254256 750.674089
v 118.902866 267.057737 752.208944
v 118.633412 267.221541 751.203359
v 119.145952 266.582957 753.115971
v 121.784665 264.912890 752.957017
v 120.472665 265.843911 753.366039
v 123.284501 263.881460 750.677412
v 119.630392 267.057841 751.907590
v 119.109832 267.221609 751.006018
v 120.099983 266.583094 752.720796
v 122.607740 264.913260 751.884295
v 123.125207 264.913691 750.635087
v 121.446301 265.844169 752.618954
v 120.255131 267.058007 751.428214
v 119.518940 267.221717 750.692103
v 120.919252 266.583311 752.092166
v 122.193331 265.844505 751.645343
v 122.662990 265.844896 750.511552
v 121.547831 266.583593 751.272914
v 120.734474 267.058222 750.803487
v 119.832873 267.221858 750.282978
v 121.943041 266.583923 750.318895
v 121.035834 267.058473 750.075973
v 120.030189 267.222023 749.806562
v 736.478334 254.255211 747.907600
v 736.296206 263.881938 749.294168
v 736.296206 254.254734 749.290845
v 736.478334 263.882415 747.910923
v 737.012281 254.255656 746.618622
v 736.461107 264.914154 749.294524
v 737.012281 263.882860 746.621945
v 737.861554 254.256038 745.511751
v 736.637628 264.914617 747.953960
v 736.939702 265.845316 749.294845
v 737.861554 263.883242 745.515073
v 738.968456 254.256331 744.662419
v 737.099845 265.845736 748.078138
v 737.685067 266.584276 749.295100
v 737.155095 264.915048 746.704753
v 738.968456 263.883535 744.665742
v 740.257418 254.256515 744.128506
v 737.819794 266.584629 748.271306
v 738.624248 267.058743 749.295264
v 737.978170 264.915418 745.632030
v 737.569504 265.846128 746.944348
v 740.257418 263.883720 744.131829
v 741.640672 254.256578 743.946399
v 738.727001 267.059012 748.514555
v 739.665333 267.222199 749.295320
v 739.732646 267.222376 748.784080
v 738.215005 266.584959 747.317286
v 739.028361 267.059263 747.787040
v 739.929996 267.222540 748.307661
v 739.050890 264.915702 744.808897
v 738.316534 265.846464 745.970736
v 741.640672 263.883782 743.949722
v 743.023926 254.256515 744.128506
v 739.507704 267.059479 747.162315
v 740.243895 267.222681 747.898538
v 738.843583 266.585242 746.498034
v 740.300096 264.915881 744.291453
v 739.290170 265.846721 745.223651
v 743.023926 263.883720 744.131829
v 744.312888 254.256331 744.662419
v 740.132443 267.059644 746.682938
v 740.653003 267.222790 747.584622
v 739.662853 266.585458 745.869404
v 741.640672 264.915942 744.114971
v 740.423916 265.846884 744.754015
v 744.312888 263.883535 744.665742
v 745.419757 254.256038 745.511751
v 740.859935 267.059748 746.381583
v 741.129423 267.222858 747.387281
v 740.616883 266.585595 745.474229
v 741.640672 265.846939 744.593839
v 742.981215 264.915881 744.291453
v 745.419757 263.883242 745.515074
v 746.269097 254.255656 746.618622
v 741.640672 267.059784 746.278807
v 741.640672 267.222881 747.319974
v 741.640672 266.585641 745.339446
v 744.230421 264.915702 744.808911
v 742.857395 265.846884 744.754014
v 746.269097 263.882860 746.621945
v 746.803010 254.255211 747.907601
v 742.421375 267.059748 746.381583
v 742.151921 267.222858 747.387281
v 742.664462 266.585595 745.474228
v 745.303140 264.915418 745.632029
v 743.991141 265.846721 745.223663
v 746.803010 263.882415 747.910923
v 746.985104 254.254734 749.290845
v 743.148867 267.059644 746.682953
v 742.628308 267.222790 747.584616
v 743.618458 266.585458 745.869410
v 746.126317 264.915048 746.704747
v 744.964743 265.846464 745.970726
v 746.985104 263.881938 749.294167
v 746.803010 254.254256 750.674089
v 743.773607 267.059479 747.162298
v 743.037416 267.222681 747.898526
v 744.437693 266.585242 746.498021
v 746.643751 264.914617 747.953956
v 745.711875 265.846128 746.944348
v 746.803010 263.881460 750.677411
v 746.269097 254.253811 751.963067
v 744.252983 267.059263 747.787079
v 743.351383 267.222540 748.307708
v 745.066374 266.584959 747.317297
v 746.820204 264.914154 749.294524
v 746.181499 265.845736 748.078135
v 746.269097 263.881016 751.966390
v 745.419757 254.253429 753.069939
v 744.554344 267.059012 748.514542
v 743.548665 267.222376 748.784060
v 745.461551 266.584629 748.271299
v 746.643751 264.913691 750.635091
v 746.341609 265.845316 749.294845
v 745.419757 263.880634 753.073261
v 744.312888 254.253136 753.919270
v 744.657130 267.058743 749.295264
v 743.616012 267.222199 749.295320
v 745.596312 266.584276 749.295100
v 746.126317 264.913260 751.884300
v 746.181499 265.844896 750.511555
v 744.312888 263.880340 753.922593
v 743.023926 254.252952 754.453183
v 744.554344 267.058473 750.075985
v 743.548665 267.222023 749.806581
v 745.461551 266.583923 750.318901
v 745.303140 264.912890 752.957018
v 745.711875 265.844505 751.645342
v 743.023926 263.880156 754.456506
v 741.640672 254.252889 754.635290
v 744.252983 267.058222 750.803451
v 743.351383 267.221858 750.282935
v 745.066374 266.583593 751.272905
v 744.230421 264.912606 753.780136
v 744.964743 265.844169 752.618964
v 741.640672 263.880093 754.638613
v 740.257418 254.252952 754.453183
v 743.773607 267.058007 751.428228
v 743.037416 267.221717 750.692111
v 744.437693 266.583311 752.092178
v 742.981215 264.912427 754.297594
v 743.991141 265.843911 753.366027
v 740.257418 263.880156 754.456506
v 738.968456 254.253136 753.919270
v 743.148867 267.057841 751.907575
v 742.628308 267.221609 751.006024
v 743.618458 266.583094 752.720790
v 741.640672 264.912366 754.474076
v 742.857395 265.843749 753.835675
v 738.968456 263.880340 753.922593
v 737.861554 254.253429 753.069939
v 742.421375 267.057737 752.208944
v 742.151921 267.221541 751.203359
v 742.664462 266.582957 753.115971
v 740.300096 264.912427 754.297594
v 741.640672 265.843694 753.995851
v 737.861554 263.880634 753.073261
v 737.012281 254.253811 751.963068
v 741.640672 267.057702 752.311721
v 741.640672 267.221517 751.270666
v 741.640672 266.582911 753.250754
v 739.050890 264.912606 753.780150
v 740.423916 265.843749 753.835675
v 737.012281 263.881016 751.966391
v 736.478334 254.254256 750.674089
v 740.859935 267.057737 752.208944
v 741.129423 267.221541 751.203359
v 740.616883 266.582957 753.115971
v 737.978170 264.912890 752.957017
v 739.290170 265.843911 753.366039
v 736.478334 263.881460 750.677412
v 740.132443 267.057841 751.907590
v 740.653003 267.221609 751.006018
v 739.662853 266.583094 752.720796
v 737.155095 264.913260 751.884295
v 736.637628 264.913691 750.635087
v 738.316534 265.844169 752.618954
v 739.507704 267.058007 751.428214
v 740.243895 267.221717 750.692103
v 738.843583 266.583311 752.092166
v 737.569504 265.844505 751.645343
v 737.099845 265.844896 750.511552
v 738.215005 266.583593 751.272914
v 739.028361 267.058222 750.803487
v 739.929996 267.221858 750.282978
v 737.819794 266.583923 750.318895
v 738.727001 267.058473 750.075973
v 739.732646 267.222023 749.806562
v 122.424151 0.000396 748.050386
v 122.575867 -0.000002 749.203090
v 122.575867 253.861103 749.290709
v 122.424151 253.861501 748.138005
v 121.979161 0.000766 746.976238
v 121.979161 253.861872 747.063857
v 121.271411 0.001085 746.053845
v 121.271411 253.862190 746.141464
v 120.349015 0.001329 745.346069
v 120.349015 253.862434 745.433688
v 119.274903 0.001483 744.901142
v 119.274903 253.862588 744.988761
v 118.122163 0.001535 744.749385
v 118.122163 253.862640 744.837004
v 116.969457 0.001483 744.901141
v 116.969457 253.862588 744.988761
v 115.895310 0.001329 745.346069
v 115.895310 253.862434 745.433688
v 114.972915 0.001085 746.053845
v 114.972915 253.862190 746.141465
v 114.265165 0.000766 746.976238
v 114.265165 253.861872 747.063857
v 113.820209 0.000396 748.050386
v 113.820209 253.861501 748.138005
v 113.668458 -0.000002 749.203090
v 113.668458 253.861103 749.290709
v 113.820209 -0.000400 750.355793
v 113.820209 253.860705 750.443412
v 114.265165 -0.000771 751.429941
v 114.265165 253.860334 751.517561
v 114.972915 -0.001089 752.352334
v 114.972915 253.860016 752.439954
v 115.895310 -0.001333 753.060111
v 115.895310 253.859772 753.147730
v 116.969457 -0.001487 753.505037
v 116.969457 253.859618 753.592656
v 118.122163 -0.001539 753.656794
v 118.122163 253.859566 753.744413
v 119.274903 -0.001487 753.505037
v 119.274903 253.859618 753.592656
v 120.349015 -0.001333 753.060111
v 120.349015 253.859772 753.147730
v 121.271411 -0.001089 752.352334
v 121.271411 253.860016 752.439953
v 121.979161 -0.000771 751.429942
v 121.979161 253.860334 751.517561
v 122.424151 -0.000400 750.355793
v 122.424151 253.860705 750.443412
v 737.338718 0.000396 748.050386
v 737.186968 253.861103 749.290709
v 737.186968 -0.000002 749.203090
v 737.338718 253.861501 748.138005
v 737.783674 0.000766 746.976238
v 737.783674 253.861872 747.063857
v 738.491424 0.001085 746.053845
v 738.491424 253.862190 746.141464
v 739.413820 0.001329 745.346069
v 739.413820 253.862434 745.433688
v 740.487966 0.001483 744.901142
v 740.487966 253.862588 744.988761
v 741.640672 0.001535 744.749385
v 741.640672 253.862640 744.837004
v 742.793344 0.001483 744.901141
v 742.793344 253.862588 744.988761
v 743.867525 0.001329 745.346069
v 743.867525 253.862434 745.433688
v 744.789920 0.001085 746.053845
v 744.789920 253.862190 746.141465
v 745.497705 0.000766 746.976238
v 745.497705 253.861872 747.063857
v 745.942626 0.000396 748.050386
v 745.942626 253.861501 748.138005
v 746.094377 -0.000002 749.203090
v 746.094377 253.861103 749.290709
v 745.942626 -0.000400 750.355793
v 745.942626 253.860705 750.443412
v 745.497705 -0.000771 751.429941
v 745.497705 253.860334 751.517561
v 744.789920 -0.001089 752.352334
v 744.789920 253.860016 752.439954
v 743.867525 -0.001333 753.060111
v 743.867525 253.859772 753.147730
v 742.793344 -0.001487 753.505037
v 742.793344 253.859618 753.592656
v 741.640672 -0.001539 753.656794
v 741.640672 253.859566 753.744413
v 740.487966 -0.001487 753.505037
v 740.487966 253.859618 753.592656
v 739.413820 -0.001333 753.060111
v 739.413820 253.859772 753.147730
v 738.491424 -0.001089 752.352334
v 738.491424 253.860016 752.439953
v 737.783674 -0.000771 751.429942
v 737.783674 253.860334 751.517561
v 737.338718 -0.000400 750.355793
v 737.338718 253.860705 750.443412
v 741.640706 267.222233 749.295320
v 118.122129 267.222233 749.295320
v 742.921140 253.862752 744.511889
v 744.114383 253.862582 745.006139
v 745.138987 253.862311 745.792374
v 741.640672 253.862811 744.343311
v 745.925229 253.861957 746.817012
v 740.360171 253.862752 744.511890
v 746.419489 253.861545 748.010229
v 739.166962 253.862582 745.006138
v 746.588059 253.861103 749.290709
v 738.142323 253.862311 745.792367
v 746.419489 253.860661 750.571189
v 737.356150 253.861957 746.817012
v 745.925229 253.860249 751.764405
v 736.861822 253.861545 748.010229
v 745.138987 253.859896 752.789045
v 736.693252 253.861103 749.290709
v 744.114383 253.859624 753.575278
v 736.861822 253.860661 750.571189
v 742.921140 253.859454 754.069528
v 737.356150 253.860249 751.764406
v 741.640672 253.859396 754.238106
v 738.142323 253.859896 752.789050
v 740.360171 253.859454 754.069528
v 739.166962 253.859624 753.575279
v 115.648453 253.862582 745.006139
v 116.841662 253.862752 744.511889
v 114.623882 253.862311 745.792374
v 118.122163 253.862811 744.343311
v 113.837640 253.861957 746.817012
v 119.402664 253.862752 744.511890
v 113.343346 253.861545 748.010229
v 120.595873 253.862582 745.006138
v 113.174776 253.861103 749.290709
v 121.620546 253.862311 745.792367
v 113.343346 253.860661 750.571189
v 122.406686 253.861957 746.817012
v 113.837640 253.860249 751.764405
v 122.900979 253.861545 748.010229
v 114.623882 253.859896 752.789045
v 123.069583 253.861103 749.290709
v 115.648453 253.859624 753.575278
v 122.900979 253.860661 750.571189
v 116.841662 253.859454 754.069528
v 122.406686 253.860249 751.764406
v 118.122163 253.859396 754.238106
v 121.620546 253.859896 752.789050
v 119.402664 253.859454 754.069528
v 120.595873 253.859624 753.575279
vt 0.727044 0.183437
vt 0.727044 0.190130
vt 0.794660 0.190130
vt 0.794660 0.183437
vt 0.727044 0.176377
vt 0.802086 0.190130
vt 0.794660 0.176377
vt 0.727044 0.168882
vt 0.802086 0.183437
vt 0.809042 0.190130
vt 0.794660 0.168882
vt 0.727044 0.161296
vt 0.809042 0.183437
vt 0.815663 0.190130
vt 0.802086 0.176377
vt 0.794660 0.161296
vt 0.727044 0.153402
vt 0.815663 0.183437
vt 0.822297 0.190130
vt 0.802086 0.168882
vt 0.809041 0.176377
vt 0.794660 0.153402
vt 0.727044 0.145512
vt 0.822297 0.183437
vt 0.830030 0.190130
vt 0.830030 0.183437
vt 0.815663 0.176377
vt 0.822297 0.176377
vt 0.830030 0.176377
vt 0.802086 0.161296
vt 0.809042 0.168882
vt 0.794660 0.145512
vt 0.727044 0.137407
vt 0.822297 0.168882
vt 0.830030 0.168882
vt 0.815663 0.168882
vt 0.802086 0.153402
vt 0.809042 0.161296
vt 0.794660 0.137407
vt 0.727044 0.129328
vt 0.822297 0.161296
vt 0.830030 0.161296
vt 0.815663 0.161296
vt 0.802086 0.145512
vt 0.809041 0.153402
vt 0.794660 0.129328
vt 0.727044 0.121116
vt 0.822297 0.153402
vt 0.830030 0.153402
vt 0.815663 0.153402
vt 0.809042 0.145512
vt 0.802086 0.137407
vt 0.794660 0.121116
vt 0.727044 0.112931
vt 0.822297 0.145512
vt 0.830030 0.145512
vt 0.815663 0.145512
vt 0.802086 0.129328
vt 0.809042 0.137407
vt 0.794660 0.112931
vt 0.727044 0.104700
vt 0.822297 0.137407
vt 0.830030 0.137407
vt 0.815663 0.137407
vt 0.802086 0.121116
vt 0.809042 0.129328
vt 0.794660 0.104700
vt 0.727044 0.096391
vt 0.822297 0.129328
vt 0.830030 0.129328
vt 0.815663 0.129328
vt 0.802086 0.112931
vt 0.809042 0.121116
vt 0.794660 0.096391
vt 0.727044 0.088099
vt 0.822297 0.121116
vt 0.830030 0.121116
vt 0.815663 0.121116
vt 0.802086 0.104700
vt 0.809042 0.112931
vt 0.794660 0.088099
vt 0.727044 0.079918
vt 0.822297 0.112931
vt 0.830030 0.112931
vt 0.815663 0.112931
vt 0.802086 0.096391
vt 0.809042 0.104700
vt 0.794660 0.079918
vt 0.727044 0.071814
vt 0.822297 0.104700
vt 0.830030 0.104700
vt 0.815663 0.104700
vt 0.802086 0.088099
vt 0.809042 0.096391
vt 0.794660 0.071814
vt 0.727044 0.063711
vt 0.822297 0.096391
vt 0.830030 0.096391
vt 0.815663 0.096391
vt 0.802086 0.079918
vt 0.809042 0.088099
vt 0.794660 0.063711
vt 0.727044 0.055771
vt 0.822297 0.088099
vt 0.830030 0.088099
vt 0.815663 0.088099
vt 0.802086 0.071814
vt 0.809041 0.079918
vt 0.794660 0.055771
vt 0.727044 0.047829
vt 0.822297 0.079918
vt 0.830030 0.079918
vt 0.815663 0.079918
vt 0.802086 0.063711
vt 0.809042 0.071814
vt 0.794660 0.047829
vt 0.727044 0.040126
vt 0.822297 0.071814
vt 0.830030 0.071814
vt 0.815663 0.071814
vt 0.802086 0.055771
vt 0.809042 0.063711
vt 0.794660 0.040126
vt 0.727044 0.032435
vt 0.822297 0.063711
vt 0.830030 0.063711
vt 0.815663 0.063711
vt 0.802086 0.047829
vt 0.809042 0.055771
vt 0.794660 0.032435
vt 0.727044 0.025061
vt 0.822297 0.055771
vt 0.830030 0.055771
vt 0.815663 0.055771
vt 0.802086 0.040126
vt 0.809042 0.047829
vt 0.794660 0.025061
vt 0.727044 0.017774
vt 0.822297 0.047829
vt 0.830030 0.047829
vt 0.815663 0.047829
vt 0.802086 0.032435
vt 0.809042 0.040126
vt 0.794660 0.017774
vt 0.727044 0.010906
vt 0.822297 0.040126
vt 0.830030 0.040126
vt 0.815663 0.040126
vt 0.802086 0.025061
vt 0.809041 0.032435
vt 0.794660 0.010906
vt 0.727044 0.004405
vt 0.794660 0.004405
vt 0.822297 0.032435
vt 0.830030 0.032435
vt 0.815663 0.032435
vt 0.802086 0.017774
vt 0.802086 0.010906
vt 0.802086 0.004405
vt 0.809042 0.025061
vt 0.822297 0.025061
vt 0.830030 0.025061
vt 0.815663 0.025061
vt 0.809042 0.017774
vt 0.809042 0.010906
vt 0.809042 0.004405
vt 0.815663 0.017774
vt 0.822297 0.017774
vt 0.830030 0.017774
vt 0.815663 0.010906
vt 0.815663 0.004405
vt 0.822297 0.010906
vt 0.830030 0.010906
vt 0.822297 0.004405
vt 0.830030 0.004405
vt 0.727044 0.205633
vt 0.794661 0.198941
vt 0.727044 0.198941
vt 0.794661 0.205633
vt 0.727044 0.212691
vt 0.802087 0.198941
vt 0.794661 0.212691
vt 0.727044 0.220186
vt 0.802087 0.205633
vt 0.809043 0.198941
vt 0.794661 0.220186
vt 0.727044 0.227770
vt 0.809043 0.205633
vt 0.815665 0.198941
vt 0.802087 0.212691
vt 0.794661 0.227770
vt 0.727044 0.235663
vt 0.815665 0.205633
vt 0.822299 0.198941
vt 0.802087 0.220186
vt 0.809043 0.212691
vt 0.794661 0.235663
vt 0.727044 0.243552
vt 0.822299 0.205633
vt 0.830033 0.198941
vt 0.830033 0.205633
vt 0.815665 0.212691
vt 0.822299 0.212691
vt 0.830033 0.212691
vt 0.802087 0.227770
vt 0.809043 0.220186
vt 0.794661 0.243552
vt 0.727044 0.251657
vt 0.822299 0.220186
vt 0.830033 0.220186
vt 0.815665 0.220186
vt 0.802087 0.235663
vt 0.809043 0.227770
vt 0.794661 0.251657
vt 0.727044 0.259735
vt 0.822299 0.227770
vt 0.830033 0.227770
vt 0.815665 0.227770
vt 0.802087 0.243552
vt 0.809043 0.235663
vt 0.794661 0.259735
vt 0.727044 0.267946
vt 0.822299 0.235663
vt 0.830033 0.235663
vt 0.815665 0.235663
vt 0.809043 0.243552
vt 0.802087 0.251657
vt 0.794661 0.267946
vt 0.727044 0.276131
vt 0.822299 0.243552
vt 0.830033 0.243552
vt 0.815665 0.243552
vt 0.802087 0.259735
vt 0.809043 0.251657
vt 0.794661 0.276131
vt 0.727044 0.284361
vt 0.822299 0.251657
vt 0.830033 0.251657
vt 0.815665 0.251657
vt 0.802087 0.267946
vt 0.809043 0.259735
vt 0.794661 0.284361
vt 0.727044 0.292669
vt 0.822299 0.259735
vt 0.830033 0.259735
vt 0.815665 0.259735
vt 0.802087 0.276131
vt 0.809043 0.267946
vt 0.794661 0.292669
vt 0.727044 0.300961
vt 0.822299 0.267946
vt 0.830033 0.267946
vt 0.815665 0.267946
vt 0.802087 0.284361
vt 0.809043 0.276131
vt 0.794661 0.300961
vt 0.727044 0.309142
vt 0.822299 0.276131
vt 0.830033 0.276131
vt 0.815665 0.276131
vt 0.802087 0.292669
vt 0.809043 0.284361
vt 0.794661 0.309142
vt 0.727044 0.317246
vt 0.822299 0.284361
vt 0.830033 0.284361
vt 0.815665 0.284361
vt 0.802087 0.300961
vt 0.809043 0.292669
vt 0.794661 0.317246
vt 0.727044 0.325350
vt 0.822299 0.292669
vt 0.830033 0.292669
vt 0.815665 0.292669
vt 0.802087 0.309142
vt 0.809043 0.300961
vt 0.794661 0.325350
vt 0.727044 0.333290
vt 0.822299 0.300961
vt 0.830033 0.300961
vt 0.815665 0.300961
vt 0.802087 0.317246
vt 0.809043 0.309142
vt 0.794661 0.333290
vt 0.727044 0.341232
vt 0.822299 0.309142
vt 0.830033 0.309142
vt 0.815665 0.309142
vt 0.802087 0.325350
vt 0.809043 0.317246
vt 0.794661 0.341232
vt 0.727044 0.348936
vt 0.822299 0.317246
vt 0.830033 0.317246
vt 0.815665 0.317246
vt 0.802087 0.333290
vt 0.809043 0.325350
vt 0.794661 0.348936
vt 0.727044 0.356627
vt 0.822299 0.325350
vt 0.830033 0.325350
vt 0.815665 0.325350
vt 0.802087 0.341232
vt 0.809043 0.333290
vt 0.794661 0.356628
vt 0.727044 0.364003
vt 0.822299 0.333290
vt 0.830033 0.333290
vt 0.815665 0.333290
vt 0.802087 0.348936
vt 0.809043 0.341232
vt 0.794661 0.364003
vt 0.727044 0.371290
vt 0.822299 0.341232
vt 0.830033 0.341232
vt 0.815665 0.341232
vt 0.802087 0.356628
vt 0.809043 0.348936
vt 0.794661 0.371290
vt 0.727044 0.378158
vt 0.822299 0.348936
vt 0.830033 0.348936
vt 0.815665 0.348936
vt 0.802087 0.364003
vt 0.809043 0.356628
vt 0.794661 0.378158
vt 0.727044 0.384660
vt 0.794661 0.384660
vt 0.822299 0.356628
vt 0.830033 0.356628
vt 0.815665 0.356628
vt 0.802087 0.371290
vt 0.802087 0.378158
vt 0.802087 0.384660
vt 0.809043 0.364003
vt 0.822299 0.364003
vt 0.830033 0.364003
vt 0.815665 0.364003
vt 0.809043 0.371290
vt 0.809043 0.378158
vt 0.809043 0.384660
vt 0.815665 0.371290
vt 0.822299 0.371290
vt 0.830033 0.371290
vt 0.815665 0.378158
vt 0.815665 0.384660
vt 0.822299 0.378158
vt 0.830033 0.378158
vt 0.822299 0.384660
vt 0.830033 0.384660
vt 0.380398 0.007151
vt 0.365710 0.007270
vt 0.365710 0.848891
vt 0.380398 0.848772
vt 0.395087 0.007032
vt 0.395087 0.848652
vt 0.409775 0.006912
vt 0.409775 0.848533
vt 0.424464 0.006793
vt 0.424464 0.848414
vt 0.439152 0.006673
vt 0.439152 0.848295
vt 0.453841 0.006554
vt 0.453841 0.848175
vt 0.468529 0.006435
vt 0.468529 0.848056
vt 0.483218 0.006315
vt 0.483218 0.847936
vt 0.497906 0.006196
vt 0.497906 0.847817
vt 0.512595 0.006077
vt 0.512595 0.847698
vt 0.527283 0.005957
vt 0.527283 0.847578
vt 0.541972 0.005838
vt 0.541972 0.847459
vt 0.556660 0.005718
vt 0.556660 0.847340
vt 0.571349 0.005599
vt 0.571349 0.847220
vt 0.586037 0.005480
vt 0.586037 0.847101
vt 0.600725 0.005360
vt 0.600725 0.846982
vt 0.615414 0.005241
vt 0.615414 0.846862
vt 0.630103 0.005122
vt 0.630103 0.846743
vt 0.644791 0.005002
vt 0.644791 0.846623
vt 0.659479 0.004883
vt 0.659479 0.846504
vt 0.674168 0.004764
vt 0.674168 0.846385
vt 0.688856 0.004644
vt 0.688856 0.846265
vt 0.703545 0.004525
vt 0.703545 0.846146
vt 0.718233 0.004405
vt 0.718233 0.846027
vt 0.019093 0.846285
vt 0.004405 0.004405
vt 0.004405 0.846096
vt 0.019093 0.004594
vt 0.033780 0.846475
vt 0.033780 0.004783
vt 0.048467 0.846663
vt 0.048467 0.004973
vt 0.063154 0.846853
vt 0.063154 0.005162
vt 0.077842 0.847042
vt 0.077842 0.005351
vt 0.092529 0.847231
vt 0.092529 0.005540
vt 0.107216 0.847420
vt 0.107216 0.005729
vt 0.121903 0.847609
vt 0.121903 0.005918
vt 0.136591 0.847798
vt 0.136591 0.006107
vt 0.151278 0.847987
vt 0.151278 0.006296
vt 0.165965 0.848176
vt 0.165965 0.006485
vt 0.180652 0.848365
vt 0.180652 0.006674
vt 0.195340 0.848554
vt 0.195340 0.006863
vt 0.210027 0.848743
vt 0.210027 0.007052
vt 0.224714 0.848932
vt 0.224714 0.007241
vt 0.239401 0.849121
vt 0.239401 0.007430
vt 0.254089 0.849310
vt 0.254089 0.007619
vt 0.268776 0.849500
vt 0.268776 0.007809
vt 0.283463 0.849689
vt 0.283463 0.007998
vt 0.298150 0.849878
vt 0.298150 0.008187
vt 0.312838 0.850067
vt 0.312838 0.008376
vt 0.327525 0.850256
vt 0.327525 0.008565
vt 0.342212 0.850445
vt 0.342212 0.008754
vt 0.356899 0.850634
vt 0.356899 0.008943
vt 0.656572 0.870377
vt 0.651680 0.882188
vt 0.654903 0.883051
vt 0.658240 0.883051
vt 0.648789 0.880519
vt 0.661464 0.882187
vt 0.646430 0.878159
vt 0.664354 0.880518
vt 0.644761 0.875269
vt 0.666714 0.878159
vt 0.643897 0.872046
vt 0.668382 0.875268
vt 0.643897 0.868709
vt 0.669246 0.872045
vt 0.644760 0.865485
vt 0.669246 0.868707
vt 0.646429 0.862595
vt 0.668382 0.865484
vt 0.648789 0.860235
vt 0.666713 0.862594
vt 0.651679 0.858566
vt 0.664353 0.860234
vt 0.654902 0.857702
vt 0.661463 0.858565
vt 0.658239 0.857702
vt 0.851515 0.095965
vt 0.839705 0.100858
vt 0.841374 0.103748
vt 0.838841 0.097635
vt 0.843734 0.106108
vt 0.838841 0.094297
vt 0.846624 0.107777
vt 0.839704 0.091074
vt 0.849848 0.108640
vt 0.841373 0.088184
vt 0.853185 0.108640
vt 0.843733 0.085824
vt 0.856408 0.107776
vt 0.846622 0.084155
vt 0.859299 0.106107
vt 0.849847 0.083291
vt 0.861658 0.103747
vt 0.853184 0.083291
vt 0.863326 0.100857
vt 0.856407 0.084154
vt 0.864190 0.097633
vt 0.859297 0.085823
vt 0.864190 0.094296
vt 0.861657 0.088182
vt 0.863326 0.091073
vt 0.908845 0.044139
vt 0.905225 0.043677
vt 0.903072 0.051668
vt 0.906476 0.053063
vt 0.908845 0.034994
vt 0.898870 0.058836
vt 0.905263 0.035445
vt 0.901813 0.061119
vt 0.906576 0.026125
vt 0.892981 0.064678
vt 0.903181 0.027477
vt 0.895177 0.067616
vt 0.902040 0.018056
vt 0.885808 0.068775
vt 0.899083 0.020293
vt 0.887172 0.072130
vt 0.895507 0.011495
vt 0.877823 0.070828
vt 0.893277 0.014378
vt 0.878288 0.074480
vt 0.887522 0.006825
vt 0.869580 0.070838
vt 0.886093 0.010245
vt 0.869099 0.074429
vt 0.878588 0.004423
vt 0.861608 0.068664
vt 0.878117 0.008053
vt 0.860214 0.072059
vt 0.869399 0.004405
vt 0.854444 0.064471
vt 0.869855 0.007997
vt 0.852161 0.067417
vt 0.860508 0.006720
vt 0.848592 0.058570
vt 0.861871 0.010116
vt 0.845641 0.060767
vt 0.852461 0.011279
vt 0.844521 0.051365
vt 0.854699 0.014231
vt 0.841132 0.052712
vt 0.845905 0.017794
vt 0.842438 0.043406
vt 0.848783 0.020028
vt 0.838859 0.043862
vt 0.841216 0.025773
vt 0.842464 0.035177
vt 0.844635 0.027201
vt 0.838841 0.034716
vt 0.435714 0.888043
vt 0.429941 0.880514
vt 0.432094 0.888505
vt 0.433345 0.879119
vt 0.435714 0.897188
vt 0.425739 0.873346
vt 0.432132 0.896737
vt 0.428682 0.871063
vt 0.433445 0.906056
vt 0.419850 0.867504
vt 0.430050 0.904705
vt 0.422046 0.864566
vt 0.428909 0.914126
vt 0.412677 0.863407
vt 0.425952 0.911889
vt 0.414041 0.860052
vt 0.422376 0.920687
vt 0.404693 0.861354
vt 0.420146 0.917804
vt 0.405157 0.857702
vt 0.414392 0.925357
vt 0.396449 0.861344
vt 0.412962 0.921937
vt 0.395968 0.857753
vt 0.405457 0.927759
vt 0.388477 0.863518
vt 0.404986 0.924129
vt 0.387083 0.860123
vt 0.396268 0.927777
vt 0.381314 0.867711
vt 0.396724 0.924185
vt 0.379030 0.864766
vt 0.387377 0.925462
vt 0.375461 0.873612
vt 0.388740 0.922066
vt 0.372510 0.871415
vt 0.379330 0.920903
vt 0.371391 0.880817
vt 0.381568 0.917951
vt 0.368001 0.879470
vt 0.372774 0.914387
vt 0.369307 0.888776
vt 0.375653 0.912154
vt 0.365728 0.888320
vt 0.368085 0.906409
vt 0.369333 0.897005
vt 0.371505 0.904981
vt 0.365710 0.897466
vt 0.891056 0.062152
vt 0.898870 0.058836
vt 0.896352 0.056892
vt 0.892981 0.064678
vt 0.903072 0.051668
vt 0.884608 0.065841
vt 0.900124 0.050434
vt 0.885808 0.068775
vt 0.905225 0.043677
vt 0.877427 0.067712
vt 0.902088 0.043245
vt 0.877823 0.070828
vt 0.905263 0.035445
vt 0.870009 0.067698
vt 0.902138 0.035839
vt 0.869580 0.070838
vt 0.903181 0.027477
vt 0.862843 0.065737
vt 0.900253 0.028676
vt 0.861608 0.068664
vt 0.899083 0.020293
vt 0.856400 0.061961
vt 0.896560 0.022212
vt 0.854444 0.064471
vt 0.893277 0.014378
vt 0.851141 0.056642
vt 0.891318 0.016908
vt 0.848592 0.058570
vt 0.886093 0.010245
vt 0.847451 0.050167
vt 0.884873 0.013157
vt 0.844521 0.051365
vt 0.878117 0.008053
vt 0.845562 0.043009
vt 0.877694 0.011195
vt 0.842438 0.043406
vt 0.869855 0.007997
vt 0.845596 0.035606
vt 0.870256 0.011160
vt 0.842464 0.035177
vt 0.861871 0.010116
vt 0.847554 0.028430
vt 0.863066 0.013052
vt 0.844635 0.027201
vt 0.854699 0.014231
vt 0.851313 0.021988
vt 0.856608 0.016743
vt 0.848783 0.020028
vt 0.411477 0.866341
vt 0.417925 0.870030
vt 0.419850 0.867504
vt 0.412677 0.863407
vt 0.425739 0.873346
vt 0.404296 0.864470
vt 0.423221 0.875290
vt 0.404693 0.861354
vt 0.429941 0.880514
vt 0.396879 0.864484
vt 0.426993 0.881748
vt 0.396449 0.861344
vt 0.432094 0.888505
vt 0.389712 0.866445
vt 0.428957 0.888937
vt 0.388477 0.863518
vt 0.432132 0.896737
vt 0.383269 0.870221
vt 0.429007 0.896342
vt 0.381314 0.867711
vt 0.430050 0.904705
vt 0.378011 0.875540
vt 0.427122 0.903505
vt 0.375461 0.873612
vt 0.425952 0.911889
vt 0.374320 0.882015
vt 0.423429 0.909969
vt 0.371391 0.880817
vt 0.420146 0.917804
vt 0.372431 0.889173
vt 0.418187 0.915274
vt 0.369307 0.888776
vt 0.412962 0.921937
vt 0.372465 0.896576
vt 0.411742 0.919025
vt 0.369333 0.897005
vt 0.404986 0.924129
vt 0.374424 0.903752
vt 0.404563 0.920986
vt 0.371505 0.904981
vt 0.396724 0.924185
vt 0.378182 0.910194
vt 0.397126 0.921022
vt 0.375653 0.912154
vt 0.388740 0.922066
vt 0.383477 0.915439
vt 0.389935 0.919130
vt 0.381568 0.917951
vn 0.965921 0.000089 -0.258838
vn 0.996905 0.078621 0.000027
vn 1.000000 0.000000 0.000000
vn 0.965921 0.000089 -0.258838
vn 0.962931 0.078707 -0.258011
vn 0.996905 0.078621 0.000027
vn 0.866026 0.000173 -0.499999
vn 0.962931 0.078707 -0.258011
vn 0.965921 0.000089 -0.258838
vn 0.951544 0.307513 0.000104
vn 0.996905 0.078621 0.000027
vn 0.962931 0.078707 -0.258011
vn 0.866026 0.000173 -0.499999
vn 0.863347 0.078787 -0.498421
vn 0.962931 0.078707 -0.258011
vn 0.707114 0.000244 -0.707100
vn 0.863347 0.078787 -0.498421
vn 0.866026 0.000173 -0.499999
vn 0.951544 0.307513 0.000104
vn 0.962931 0.078707 -0.258011
vn 0.919118 0.307593 -0.246187
vn 0.919118 0.307593 -0.246187
vn 0.962931 0.078707 -0.258011
vn 0.863347 0.078787 -0.498421
vn 0.811189 0.584784 0.000200
vn 0.951544 0.307513 0.000104
vn 0.919118 0.307593 -0.246187
vn 0.707114 0.000244 -0.707100
vn 0.704927 0.078856 -0.704883
vn 0.863347 0.078787 -0.498421
vn 0.499999 0.000299 -0.866026
vn 0.704927 0.078856 -0.704883
vn 0.707114 0.000244 -0.707100
vn 0.811189 0.584784 0.000200
vn 0.919118 0.307593 -0.246187
vn 0.783547 0.584856 -0.209755
vn 0.593067 0.805153 0.000278
vn 0.811189 0.584784 0.000200
vn 0.783547 0.584856 -0.209755
vn 0.919118 0.307593 -0.246187
vn 0.863347 0.078787 -0.498421
vn 0.824069 0.307663 -0.475661
vn 0.824069 0.307663 -0.475661
vn 0.863347 0.078787 -0.498421
vn 0.704927 0.078856 -0.704883
vn 0.783547 0.584856 -0.209755
vn 0.919118 0.307593 -0.246187
vn 0.824069 0.307663 -0.475661
vn 0.499999 0.000299 -0.866026
vn 0.498449 0.078905 -0.863321
vn 0.704927 0.078856 -0.704883
vn 0.258822 0.000333 -0.965925
vn 0.498449 0.078905 -0.863321
vn 0.499999 0.000299 -0.866026
vn 0.593067 0.805153 0.000278
vn 0.783547 0.584856 -0.209755
vn 0.572860 0.805205 -0.153219
vn 0.318367 0.947968 0.000327
vn 0.593067 0.805153 0.000278
vn 0.572860 0.805205 -0.153219
vn 0.824069 0.307663 -0.475661
vn 0.704927 0.078856 -0.704883
vn 0.672855 0.307733 -0.672731
vn 0.672855 0.307733 -0.672731
vn 0.704927 0.078856 -0.704883
vn 0.498449 0.078905 -0.863321
vn 0.783547 0.584856 -0.209755
vn 0.824069 0.307663 -0.475661
vn 0.702513 0.584921 -0.405392
vn 0.572860 0.805205 -0.153219
vn 0.783547 0.584856 -0.209755
vn 0.702513 0.584921 -0.405392
vn 0.702513 0.584921 -0.405392
vn 0.824069 0.307663 -0.475661
vn 0.672855 0.307733 -0.672731
vn 0.258822 0.000333 -0.965925
vn 0.258020 0.078938 -0.962909
vn 0.498449 0.078905 -0.863321
vn -0.000001 0.000345 -1.000000
vn 0.258020 0.078938 -0.962909
vn 0.258822 0.000333 -0.965925
vn 0.318367 0.947968 0.000327
vn 0.572860 0.805205 -0.153219
vn 0.307527 0.947994 -0.082069
vn 0.084240 0.996445 0.000344
vn 0.318367 0.947968 0.000327
vn 0.307527 0.947994 -0.082069
vn 0.084240 0.996445 0.000344
vn 0.307527 0.947994 -0.082069
vn 0.081370 0.996453 -0.021457
vn 0.572860 0.805205 -0.153219
vn 0.702513 0.584921 -0.405392
vn 0.513601 0.805261 -0.296258
vn 0.307527 0.947994 -0.082069
vn 0.572860 0.805205 -0.153219
vn 0.513601 0.805261 -0.296258
vn 0.081370 0.996453 -0.021457
vn 0.307527 0.947994 -0.082069
vn 0.275716 0.948021 -0.158859
vn 0.307527 0.947994 -0.082069
vn 0.513601 0.805261 -0.296258
vn 0.275716 0.948021 -0.158859
vn 0.081370 0.996453 -0.021457
vn 0.275716 0.948021 -0.158859
vn 0.072963 0.996459 -0.041775
vn 0.672855 0.307733 -0.672731
vn 0.498449 0.078905 -0.863321
vn 0.475775 0.307783 -0.823958
vn 0.475775 0.307783 -0.823958
vn 0.498449 0.078905 -0.863321
vn 0.258020 0.078938 -0.962909
vn 0.702513 0.584921 -0.405392
vn 0.672855 0.307733 -0.672731
vn 0.573607 0.584985 -0.573383
vn 0.513601 0.805261 -0.296258
vn 0.702513 0.584921 -0.405392
vn 0.573607 0.584985 -0.573383
vn 0.573607 0.584985 -0.573383
vn 0.672855 0.307733 -0.672731
vn 0.475775 0.307783 -0.823958
vn -0.000001 0.000345 -1.000000
vn 0.000000 0.078950 -0.996879
vn 0.258020 0.078938 -0.962909
vn -0.258819 0.000333 -0.965926
vn 0.000000 0.078950 -0.996879
vn -0.000001 0.000345 -1.000000
vn 0.072963 0.996459 -0.041775
vn 0.275716 0.948021 -0.158859
vn 0.225117 0.948046 -0.224792
vn 0.072963 0.996459 -0.041775
vn 0.225117 0.948046 -0.224792
vn 0.059580 0.996465 -0.059222
vn 0.275716 0.948021 -0.158859
vn 0.513601 0.805261 -0.296258
vn 0.419360 0.805304 -0.419074
vn 0.513601 0.805261 -0.296258
vn 0.573607 0.584985 -0.573383
vn 0.419360 0.805304 -0.419074
vn 0.275716 0.948021 -0.158859
vn 0.419360 0.805304 -0.419074
vn 0.225117 0.948046 -0.224792
vn 0.475775 0.307783 -0.823958
vn 0.258020 0.078938 -0.962909
vn 0.246279 0.307815 -0.919019
vn 0.246279 0.307815 -0.919019
vn 0.258020 0.078938 -0.962909
vn 0.000000 0.078950 -0.996879
vn 0.573607 0.584985 -0.573383
vn 0.475775 0.307783 -0.823958
vn 0.405597 0.585034 -0.702301
vn 0.419360 0.805304 -0.419074
vn 0.573607 0.584985 -0.573383
vn 0.405597 0.585034 -0.702301
vn 0.405597 0.585034 -0.702301
vn 0.475775 0.307783 -0.823958
vn 0.246279 0.307815 -0.919019
vn -0.258819 0.000333 -0.965926
vn -0.258020 0.078941 -0.962909
vn 0.000000 0.078950 -0.996879
vn -0.500002 0.000299 -0.866024
vn -0.258020 0.078941 -0.962909
vn -0.258819 0.000333 -0.965926
vn 0.059580 0.996465 -0.059222
vn 0.225117 0.948046 -0.224792
vn 0.159180 0.948064 -0.275385
vn 0.059580 0.996465 -0.059222
vn 0.159180 0.948064 -0.275385
vn 0.042116 0.996471 -0.072609
vn 0.225117 0.948046 -0.224792
vn 0.419360 0.805304 -0.419074
vn 0.296530 0.805337 -0.513324
vn 0.419360 0.805304 -0.419074
vn 0.405597 0.585034 -0.702301
vn 0.296530 0.805337 -0.513324
vn 0.225117 0.948046 -0.224792
vn 0.296530 0.805337 -0.513324
vn 0.159180 0.948064 -0.275385
vn 0.246279 0.307815 -0.919019
vn 0.000000 0.078950 -0.996879
vn -0.000003 0.307824 -0.951443
vn -0.000003 0.307824 -0.951443
vn 0.000000 0.078950 -0.996879
vn -0.258020 0.078941 -0.962909
vn 0.405597 0.585034 -0.702301
vn 0.246279 0.307815 -0.919019
vn 0.209953 0.585059 -0.783343
vn 0.296530 0.805337 -0.513324
vn 0.405597 0.585034 -0.702301
vn 0.209953 0.585059 -0.783343
vn 0.209953 0.585059 -0.783343
vn 0.246279 0.307815 -0.919019
vn -0.000003 0.307824 -0.951443
vn -0.500002 0.000299 -0.866024
vn -0.498457 0.078912 -0.863316
vn -0.258020 0.078941 -0.962909
vn -0.707106 0.000244 -0.707108
vn -0.498457 0.078912 -0.863316
vn -0.500002 0.000299 -0.866024
vn 0.042116 0.996471 -0.072609
vn 0.159180 0.948064 -0.275385
vn 0.082401 0.948073 -0.307192
vn 0.042116 0.996471 -0.072609
vn 0.082401 0.948073 -0.307192
vn 0.021806 0.996474 -0.081025
vn 0.159180 0.948064 -0.275385
vn 0.296530 0.805337 -0.513324
vn 0.153499 0.805354 -0.572576
vn 0.296530 0.805337 -0.513324
vn 0.209953 0.585059 -0.783343
vn 0.153499 0.805354 -0.572576
vn 0.159180 0.948064 -0.275385
vn 0.153499 0.805354 -0.572576
vn 0.082401 0.948073 -0.307192
vn 0.209953 0.585059 -0.783343
vn -0.000003 0.307824 -0.951443
vn -0.000004 0.585065 -0.810987
vn 0.153499 0.805354 -0.572576
vn 0.209953 0.585059 -0.783343
vn -0.000004 0.585065 -0.810987
vn -0.000003 0.307824 -0.951443
vn -0.258020 0.078941 -0.962909
vn -0.246291 0.307817 -0.919016
vn -0.246291 0.307817 -0.919016
vn -0.258020 0.078941 -0.962909
vn -0.498457 0.078912 -0.863316
vn -0.000004 0.585065 -0.810987
vn -0.000003 0.307824 -0.951443
vn -0.246291 0.307817 -0.919016
vn -0.707106 0.000244 -0.707108
vn -0.704914 0.078855 -0.704896
vn -0.498457 0.078912 -0.863316
vn -0.866027 0.000173 -0.499997
vn -0.704914 0.078855 -0.704896
vn -0.707106 0.000244 -0.707108
vn 0.021806 0.996474 -0.081025
vn 0.082401 0.948073 -0.307192
vn 0.000000 0.948077 -0.318041
vn 0.021806 0.996474 -0.081025
vn 0.000000 0.948077 -0.318041
vn 0.000002 0.996475 -0.083895
vn 0.082401 0.948073 -0.307192
vn 0.153499 0.805354 -0.572576
vn 0.000000 0.805360 -0.592787
vn 0.153499 0.805354 -0.572576
vn -0.000004 0.585065 -0.810987
vn 0.000000 0.805360 -0.592787
vn 0.082401 0.948073 -0.307192
vn 0.000000 0.805360 -0.592787
vn 0.000000 0.948077 -0.318041
vn -0.246291 0.307817 -0.919016
vn -0.498457 0.078912 -0.863316
vn -0.475780 0.307789 -0.823954
vn -0.475780 0.307789 -0.823954
vn -0.498457 0.078912 -0.863316
vn -0.704914 0.078855 -0.704896
vn -0.000004 0.585065 -0.810987
vn -0.246291 0.307817 -0.919016
vn -0.209966 0.585057 -0.783340
vn 0.000000 0.805360 -0.592787
vn -0.000004 0.585065 -0.810987
vn -0.209966 0.585057 -0.783340
vn -0.209966 0.585057 -0.783340
vn -0.246291 0.307817 -0.919016
vn -0.475780 0.307789 -0.823954
vn -0.866027 0.000173 -0.499997
vn -0.863344 0.078776 -0.498429
vn -0.704914 0.078855 -0.704896
vn -0.965926 0.000089 -0.258818
vn -0.863344 0.078776 -0.498429
vn -0.866027 0.000173 -0.499997
vn 0.000002 0.996475 -0.083895
vn 0.000000 0.948077 -0.318041
vn -0.082404 0.948073 -0.307192
vn 0.000002 0.996475 -0.083895
vn -0.082404 0.948073 -0.307192
vn -0.021809 0.996473 -0.081025
vn 0.000000 0.948077 -0.318041
vn 0.000000 0.805360 -0.592787
vn -0.153502 0.805354 -0.572575
vn 0.000000 0.805360 -0.592787
vn -0.209966 0.585057 -0.783340
vn -0.153502 0.805354 -0.572575
vn 0.000000 0.948077 -0.318041
vn -0.153502 0.805354 -0.572575
vn -0.082404 0.948073 -0.307192
vn -0.475780 0.307789 -0.823954
vn -0.704914 0.078855 -0.704896
vn -0.672836 0.307735 -0.672749
vn -0.672836 0.307735 -0.672749
vn -0.704914 0.078855 -0.704896
vn -0.863344 0.078776 -0.498429
vn -0.209966 0.585057 -0.783340
vn -0.475780 0.307789 -0.823954
vn -0.405595 0.585030 -0.702305
vn -0.153502 0.805354 -0.572575
vn -0.209966 0.585057 -0.783340
vn -0.405595 0.585030 -0.702305
vn -0.405595 0.585030 -0.702305
vn -0.475780 0.307789 -0.823954
vn -0.672836 0.307735 -0.672749
vn -0.965926 0.000089 -0.258818
vn -0.962940 0.078690 -0.257983
vn -0.863344 0.078776 -0.498429
vn -1.000000 0.000000 0.000000
vn -0.962940 0.078690 -0.257983
vn -0.965926 0.000089 -0.258818
vn -0.021809 0.996473 -0.081025
vn -0.082404 0.948073 -0.307192
vn -0.159183 0.948063 -0.275387
vn -0.021809 0.996473 -0.081025
vn -0.159183 0.948063 -0.275387
vn -0.042124 0.996471 -0.072610
vn -0.082404 0.948073 -0.307192
vn -0.153502 0.805354 -0.572575
vn -0.296525 0.805334 -0.513332
vn -0.153502 0.805354 -0.572575
vn -0.405595 0.585030 -0.702305
vn -0.296525 0.805334 -0.513332
vn -0.082404 0.948073 -0.307192
vn -0.296525 0.805334 -0.513332
vn -0.159183 0.948063 -0.275387
vn -0.672836 0.307735 -0.672749
vn -0.863344 0.078776 -0.498429
vn -0.824063 0.307659 -0.475674
vn -0.824063 0.307659 -0.475674
vn -0.863344 0.078776 -0.498429
vn -0.962940 0.078690 -0.257983
vn -0.405595 0.585030 -0.702305
vn -0.672836 0.307735 -0.672749
vn -0.573586 0.584986 -0.573403
vn -0.296525 0.805334 -0.513332
vn -0.405595 0.585030 -0.702305
vn -0.573586 0.584986 -0.573403
vn -0.573586 0.584986 -0.573403
vn -0.672836 0.307735 -0.672749
vn -0.824063 0.307659 -0.475674
vn -1.000000 0.000000 0.000000
vn -0.996906 0.078605 0.000029
vn -0.962940 0.078690 -0.257983
vn -0.965926 -0.000089 0.258818
vn -0.996906 0.078605 0.000029
vn -1.000000 0.000000 0.000000
vn -0.042124 0.996471 -0.072610
vn -0.159183 0.948063 -0.275387
vn -0.225121 0.948044 -0.224795
vn -0.042124 0.996471 -0.072610
vn -0.225121 0.948044 -0.224795
vn -0.059559 0.996466 -0.059224
vn -0.159183 0.948063 -0.275387
vn -0.296525 0.805334 -0.513332
vn -0.419353 0.805302 -0.419085
vn -0.296525 0.805334 -0.513332
vn -0.573586 0.584986 -0.573403
vn -0.419353 0.805302 -0.419085
vn -0.159183 0.948063 -0.275387
vn -0.419353 0.805302 -0.419085
vn -0.225121 0.948044 -0.224795
vn -0.824063 0.307659 -0.475674
vn -0.962940 0.078690 -0.257983
vn -0.919129 0.307582 -0.246159
vn -0.919129 0.307582 -0.246159
vn -0.962940 0.078690 -0.257983
vn -0.996906 0.078605 0.000029
vn -0.573586 0.584986 -0.573403
vn -0.824063 0.307659 -0.475674
vn -0.702506 0.584929 -0.405393
vn -0.419353 0.805302 -0.419085
vn -0.573586 0.584986 -0.573403
vn -0.702506 0.584929 -0.405393
vn -0.702506 0.584929 -0.405393
vn -0.824063 0.307659 -0.475674
vn -0.919129 0.307582 -0.246159
vn -0.965926 -0.000089 0.258818
vn -0.962939 0.078515 0.258040
vn -0.996906 0.078605 0.000029
vn -0.866027 -0.000173 0.499997
vn -0.962939 0.078515 0.258040
vn -0.965926 -0.000089 0.258818
vn -0.059559 0.996466 -0.059224
vn -0.225121 0.948044 -0.224795
vn -0.275708 0.948025 -0.158853
vn -0.059559 0.996466 -0.059224
vn -0.275708 0.948025 -0.158853
vn -0.072941 0.996461 -0.041776
vn -0.225121 0.948044 -0.224795
vn -0.419353 0.805302 -0.419085
vn -0.513605 0.805261 -0.296250
vn -0.419353 0.805302 -0.419085
vn -0.702506 0.584929 -0.405393
vn -0.513605 0.805261 -0.296250
vn -0.225121 0.948044 -0.224795
vn -0.513605 0.805261 -0.296250
vn -0.275708 0.948025 -0.158853
vn -0.919129 0.307582 -0.246159
vn -0.996906 0.078605 0.000029
vn -0.951547 0.307504 0.000108
vn -0.951547 0.307504 0.000108
vn -0.996906 0.078605 0.000029
vn -0.962939 0.078515 0.258040
vn -0.702506 0.584929 -0.405393
vn -0.919129 0.307582 -0.246159
vn -0.783546 0.584865 -0.209735
vn -0.513605 0.805261 -0.296250
vn -0.702506 0.584929 -0.405393
vn -0.783546 0.584865 -0.209735
vn -0.783546 0.584865 -0.209735
vn -0.919129 0.307582 -0.246159
vn -0.951547 0.307504 0.000108
vn -0.866027 -0.000173 0.499997
vn -0.863345 0.078432 0.498482
vn -0.962939 0.078515 0.258040
vn -0.707106 -0.000244 0.707107
vn -0.863345 0.078432 0.498482
vn -0.866027 -0.000173 0.499997
vn -0.072941 0.996461 -0.041776
vn -0.275708 0.948025 -0.158853
vn -0.307519 0.947996 -0.082075
vn -0.072941 0.996461 -0.041776
vn -0.307519 0.947996 -0.082075
vn -0.081371 0.996453 -0.021461
vn -0.275708 0.948025 -0.158853
vn -0.513605 0.805261 -0.296250
vn -0.572854 0.805211 -0.153211
vn -0.513605 0.805261 -0.296250
vn -0.783546 0.584865 -0.209735
vn -0.572854 0.805211 -0.153211
vn -0.275708 0.948025 -0.158853
vn -0.572854 0.805211 -0.153211
vn -0.307519 0.947996 -0.082075
vn -0.951547 0.307504 0.000108
vn -0.962939 0.078515 0.258040
vn -0.919127 0.307417 0.246376
vn -0.919127 0.307417 0.246376
vn -0.962939 0.078515 0.258040
vn -0.863345 0.078432 0.498482
vn -0.783546 0.584865 -0.209735
vn -0.951547 0.307504 0.000108
vn -0.811185 0.584790 0.000201
vn -0.572854 0.805211 -0.153211
vn -0.783546 0.584865 -0.209735
vn -0.811185 0.584790 0.000201
vn -0.811185 0.584790 0.000201
vn -0.951547 0.307504 0.000108
vn -0.919127 0.307417 0.246376
vn -0.707106 -0.000244 0.707107
vn -0.704915 0.078369 0.704949
vn -0.863345 0.078432 0.498482
vn -0.500002 -0.000299 0.866024
vn -0.704915 0.078369 0.704949
vn -0.707106 -0.000244 0.707107
vn -0.081371 0.996453 -0.021461
vn -0.307519 0.947996 -0.082075
vn -0.318368 0.947967 0.000327
vn -0.081371 0.996453 -0.021461
vn -0.318368 0.947967 0.000327
vn -0.084238 0.996446 0.000344
vn -0.307519 0.947996 -0.082075
vn -0.572854 0.805211 -0.153211
vn -0.593068 0.805153 0.000277
vn -0.572854 0.805211 -0.153211
vn -0.811185 0.584790 0.000201
vn -0.593068 0.805153 0.000277
vn -0.307519 0.947996 -0.082075
vn -0.593068 0.805153 0.000277
vn -0.318368 0.947967 0.000327
vn -0.919127 0.307417 0.246376
vn -0.863345 0.078432 0.498482
vn -0.824062 0.307333 0.475887
vn -0.824062 0.307333 0.475887
vn -0.863345 0.078432 0.498482
vn -0.704915 0.078369 0.704949
vn -0.811185 0.584790 0.000201
vn -0.919127 0.307417 0.246376
vn -0.783548 0.584717 0.210139
vn -0.593068 0.805153 0.000277
vn -0.811185 0.584790 0.000201
vn -0.783548 0.584717 0.210139
vn -0.783548 0.584717 0.210139
vn -0.919127 0.307417 0.246376
vn -0.824062 0.307333 0.475887
vn -0.500002 -0.000299 0.866024
vn -0.498457 0.078316 0.863370
vn -0.704915 0.078369 0.704949
vn -0.258819 -0.000333 0.965926
vn -0.498457 0.078316 0.863370
vn -0.500002 -0.000299 0.866024
vn -0.084238 0.996446 0.000344
vn -0.318368 0.947967 0.000327
vn -0.307511 0.947941 0.082730
vn -0.084238 0.996446 0.000344
vn -0.307511 0.947941 0.082730
vn -0.081356 0.996439 0.022148
vn -0.318368 0.947967 0.000327
vn -0.593068 0.805153 0.000277
vn -0.572858 0.805102 0.153767
vn -0.593068 0.805153 0.000277
vn -0.783548 0.584717 0.210139
vn -0.572858 0.805102 0.153767
vn -0.318368 0.947967 0.000327
vn -0.572858 0.805102 0.153767
vn -0.307511 0.947941 0.082730
vn -0.824062 0.307333 0.475887
vn -0.704915 0.078369 0.704949
vn -0.672837 0.307270 0.672960
vn -0.672837 0.307270 0.672960
vn -0.704915 0.078369 0.704949
vn -0.498457 0.078316 0.863370
vn -0.783548 0.584717 0.210139
vn -0.824062 0.307333 0.475887
vn -0.702503 0.584651 0.405798
vn -0.572858 0.805102 0.153767
vn -0.783548 0.584717 0.210139
vn -0.702503 0.584651 0.405798
vn -0.702503 0.584651 0.405798
vn -0.824062 0.307333 0.475887
vn -0.672837 0.307270 0.672960
vn -0.258819 -0.000333 0.965926
vn -0.258021 0.078276 0.962963
vn -0.498457 0.078316 0.863370
vn -0.000001 -0.000345 1.000000
vn -0.258021 0.078276 0.962963
vn -0.258819 -0.000333 0.965926
vn -0.081356 0.996439 0.022148
vn -0.307511 0.947941 0.082730
vn -0.275711 0.947914 0.159508
vn -0.081356 0.996439 0.022148
vn -0.275711 0.947914 0.159508
vn -0.072953 0.996431 0.042464
vn -0.307511 0.947941 0.082730
vn -0.572858 0.805102 0.153767
vn -0.513602 0.805058 0.296806
vn -0.572858 0.805102 0.153767
vn -0.702503 0.584651 0.405798
vn -0.513602 0.805058 0.296806
vn -0.307511 0.947941 0.082730
vn -0.513602 0.805058 0.296806
vn -0.275711 0.947914 0.159508
vn -0.672837 0.307270 0.672960
vn -0.498457 0.078316 0.863370
vn -0.475779 0.307221 0.824166
vn -0.475779 0.307221 0.824166
vn -0.498457 0.078316 0.863370
vn -0.258021 0.078276 0.962963
vn -0.702503 0.584651 0.405798
vn -0.672837 0.307270 0.672960
vn -0.573584 0.584591 0.573807
vn -0.513602 0.805058 0.296806
vn -0.702503 0.584651 0.405798
vn -0.573584 0.584591 0.573807
vn -0.573584 0.584591 0.573807
vn -0.672837 0.307270 0.672960
vn -0.475779 0.307221 0.824166
vn -0.000001 -0.000345 1.000000
vn 0.000000 0.078262 0.996933
vn -0.258021 0.078276 0.962963
vn 0.258822 -0.000333 0.965925
vn 0.000000 0.078262 0.996933
vn -0.000001 -0.000345 1.000000
vn -0.072953 0.996431 0.042464
vn -0.275711 0.947914 0.159508
vn -0.225131 0.947887 0.225449
vn -0.072953 0.996431 0.042464
vn -0.225131 0.947887 0.225449
vn -0.059583 0.996424 0.059911
vn -0.275711 0.947914 0.159508
vn -0.513602 0.805058 0.296806
vn -0.419349 0.805014 0.419642
vn -0.513602 0.805058 0.296806
vn -0.573584 0.584591 0.573807
vn -0.419349 0.805014 0.419642
vn -0.275711 0.947914 0.159508
vn -0.419349 0.805014 0.419642
vn -0.225131 0.947887 0.225449
vn -0.475779 0.307221 0.824166
vn -0.258021 0.078276 0.962963
vn -0.246286 0.307183 0.919229
vn -0.246286 0.307183 0.919229
vn -0.258021 0.078276 0.962963
vn 0.000000 0.078262 0.996933
vn -0.573584 0.584591 0.573807
vn -0.475779 0.307221 0.824166
vn -0.405593 0.584545 0.702710
vn -0.419349 0.805014 0.419642
vn -0.573584 0.584591 0.573807
vn -0.405593 0.584545 0.702710
vn -0.405593 0.584545 0.702710
vn -0.475779 0.307221 0.824166
vn -0.246286 0.307183 0.919229
vn 0.258822 -0.000333 0.965925
vn 0.258022 0.078274 0.962963
vn 0.000000 0.078262 0.996933
vn 0.499999 -0.000299 0.866026
vn 0.258022 0.078274 0.962963
vn 0.258822 -0.000333 0.965925
vn -0.059583 0.996424 0.059911
vn -0.225131 0.947887 0.225449
vn -0.159183 0.947872 0.276042
vn -0.059583 0.996424 0.059911
vn -0.159183 0.947872 0.276042
vn -0.042118 0.996420 0.073297
vn -0.225131 0.947887 0.225449
vn -0.419349 0.805014 0.419642
vn -0.296524 0.804980 0.513888
vn -0.419349 0.805014 0.419642
vn -0.405593 0.584545 0.702710
vn -0.296524 0.804980 0.513888
vn -0.225131 0.947887 0.225449
vn -0.296524 0.804980 0.513888
vn -0.159183 0.947872 0.276042
vn -0.246286 0.307183 0.919229
vn 0.000000 0.078262 0.996933
vn -0.000001 0.307167 0.951656
vn -0.000001 0.307167 0.951656
vn 0.000000 0.078262 0.996933
vn 0.258022 0.078274 0.962963
vn -0.405593 0.584545 0.702710
vn -0.246286 0.307183 0.919229
vn -0.209961 0.584517 0.783745
vn -0.296524 0.804980 0.513888
vn -0.405593 0.584545 0.702710
vn -0.209961 0.584517 0.783745
vn -0.209961 0.584517 0.783745
vn -0.246286 0.307183 0.919229
vn -0.000001 0.307167 0.951656
vn 0.499999 -0.000299 0.866026
vn 0.498449 0.078309 0.863375
vn 0.258022 0.078274 0.962963
vn 0.707114 -0.000244 0.707100
vn 0.498449 0.078309 0.863375
vn 0.499999 -0.000299 0.866026
vn -0.042118 0.996420 0.073297
vn -0.159183 0.947872 0.276042
vn -0.082397 0.947861 0.307846
vn -0.042118 0.996420 0.073297
vn -0.082397 0.947861 0.307846
vn -0.021802 0.996417 0.081713
vn -0.159183 0.947872 0.276042
vn -0.296524 0.804980 0.513888
vn -0.153502 0.804959 0.573130
vn -0.296524 0.804980 0.513888
vn -0.209961 0.584517 0.783745
vn -0.153502 0.804959 0.573130
vn -0.159183 0.947872 0.276042
vn -0.153502 0.804959 0.573130
vn -0.082397 0.947861 0.307846
vn -0.000001 0.307167 0.951656
vn 0.258022 0.078274 0.962963
vn 0.246280 0.307181 0.919231
vn 0.246280 0.307181 0.919231
vn 0.258022 0.078274 0.962963
vn 0.498449 0.078309 0.863375
vn -0.209961 0.584517 0.783745
vn -0.000001 0.307167 0.951656
vn -0.000002 0.584504 0.811390
vn -0.153502 0.804959 0.573130
vn -0.209961 0.584517 0.783745
vn -0.000002 0.584504 0.811390
vn -0.000002 0.584504 0.811390
vn -0.000001 0.307167 0.951656
vn 0.246280 0.307181 0.919231
vn 0.707114 -0.000244 0.707100
vn 0.704926 0.078369 0.704938
vn 0.498449 0.078309 0.863375
vn 0.866025 -0.000173 0.500000
vn 0.704926 0.078369 0.704938
vn 0.707114 -0.000244 0.707100
vn -0.021802 0.996417 0.081713
vn -0.082397 0.947861 0.307846
vn 0.000000 0.947857 0.318695
vn -0.021802 0.996417 0.081713
vn 0.000000 0.947857 0.318695
vn 0.000000 0.996416 0.084583
vn -0.082397 0.947861 0.307846
vn -0.153502 0.804959 0.573130
vn 0.000000 0.804950 0.593342
vn -0.153502 0.804959 0.573130
vn -0.000002 0.584504 0.811390
vn 0.000000 0.804950 0.593342
vn -0.082397 0.947861 0.307846
vn 0.000000 0.804950 0.593342
vn 0.000000 0.947857 0.318695
vn 0.246280 0.307181 0.919231
vn 0.498449 0.078309 0.863375
vn 0.475776 0.307215 0.824170
vn 0.475776 0.307215 0.824170
vn 0.498449 0.078309 0.863375
vn 0.704926 0.078369 0.704938
vn -0.000002 0.584504 0.811390
vn 0.246280 0.307181 0.919231
vn 0.209953 0.584518 0.783747
vn 0.000000 0.804950 0.593342
vn -0.000002 0.584504 0.811390
vn 0.209953 0.584518 0.783747
vn 0.209953 0.584518 0.783747
vn 0.246280 0.307181 0.919231
vn 0.475776 0.307215 0.824170
vn 0.866025 -0.000173 0.500000
vn 0.863347 0.078443 0.498476
vn 0.704926 0.078369 0.704938
vn 0.965921 -0.000089 0.258838
vn 0.863347 0.078443 0.498476
vn 0.866025 -0.000173 0.500000
vn 0.000000 0.996416 0.084583
vn 0.000000 0.947857 0.318695
vn 0.082401 0.947861 0.307847
vn 0.000000 0.996416 0.084583
vn 0.082401 0.947861 0.307847
vn 0.021806 0.996417 0.081712
vn 0.000000 0.947857 0.318695
vn 0.000000 0.804950 0.593342
vn 0.153499 0.804959 0.573131
vn 0.000000 0.804950 0.593342
vn 0.209953 0.584518 0.783747
vn 0.153499 0.804959 0.573131
vn 0.000000 0.947857 0.318695
vn 0.153499 0.804959 0.573131
vn 0.082401 0.947861 0.307847
vn 0.475776 0.307215 0.824170
vn 0.704926 0.078369 0.704938
vn 0.672853 0.307270 0.672945
vn 0.672853 0.307270 0.672945
vn 0.704926 0.078369 0.704938
vn 0.863347 0.078443 0.498476
vn 0.209953 0.584518 0.783747
vn 0.475776 0.307215 0.824170
vn 0.405597 0.584550 0.702704
vn 0.153499 0.804959 0.573131
vn 0.209953 0.584518 0.783747
vn 0.405597 0.584550 0.702704
vn 0.405597 0.584550 0.702704
vn 0.475776 0.307215 0.824170
vn 0.672853 0.307270 0.672945
vn 0.965921 -0.000089 0.258838
vn 0.962931 0.078528 0.258065
vn 0.863347 0.078443 0.498476
vn 1.000000 0.000000 0.000000
vn 0.962931 0.078528 0.258065
vn 0.965921 -0.000089 0.258838
vn 1.000000 0.000000 0.000000
vn 0.996905 0.078621 0.000027
vn 0.962931 0.078528 0.258065
vn 0.021806 0.996417 0.081712
vn 0.082401 0.947861 0.307847
vn 0.159187 0.947872 0.276040
vn 0.021806 0.996417 0.081712
vn 0.159187 0.947872 0.276040
vn 0.042115 0.996421 0.073297
vn 0.082401 0.947861 0.307847
vn 0.153499 0.804959 0.573131
vn 0.296530 0.804983 0.513880
vn 0.153499 0.804959 0.573131
vn 0.405597 0.584550 0.702704
vn 0.296530 0.804983 0.513880
vn 0.082401 0.947861 0.307847
vn 0.296530 0.804983 0.513880
vn 0.159187 0.947872 0.276040
vn 0.672853 0.307270 0.672945
vn 0.863347 0.078443 0.498476
vn 0.824067 0.307336 0.475875
vn 0.824067 0.307336 0.475875
vn 0.863347 0.078443 0.498476
vn 0.962931 0.078528 0.258065
vn 0.919120 0.307418 0.246398
vn 0.962931 0.078528 0.258065
vn 0.996905 0.078621 0.000027
vn 0.824067 0.307336 0.475875
vn 0.962931 0.078528 0.258065
vn 0.919120 0.307418 0.246398
vn 0.919120 0.307418 0.246398
vn 0.996905 0.078621 0.000027
vn 0.951544 0.307513 0.000104
vn 0.405597 0.584550 0.702704
vn 0.672853 0.307270 0.672945
vn 0.573604 0.584591 0.573788
vn 0.296530 0.804983 0.513880
vn 0.405597 0.584550 0.702704
vn 0.573604 0.584591 0.573788
vn 0.573604 0.584591 0.573788
vn 0.672853 0.307270 0.672945
vn 0.824067 0.307336 0.475875
vn 0.042115 0.996421 0.073297
vn 0.159187 0.947872 0.276040
vn 0.225129 0.947888 0.225446
vn 0.042115 0.996421 0.073297
vn 0.225129 0.947888 0.225446
vn 0.059572 0.996425 0.059910
vn 0.159187 0.947872 0.276040
vn 0.296530 0.804983 0.513880
vn 0.419368 0.805011 0.419628
vn 0.296530 0.804983 0.513880
vn 0.573604 0.584591 0.573788
vn 0.419368 0.805011 0.419628
vn 0.159187 0.947872 0.276040
vn 0.419368 0.805011 0.419628
vn 0.225129 0.947888 0.225446
vn 0.573604 0.584591 0.573788
vn 0.824067 0.307336 0.475875
vn 0.702510 0.584644 0.405797
vn 0.702510 0.584644 0.405797
vn 0.824067 0.307336 0.475875
vn 0.919120 0.307418 0.246398
vn 0.419368 0.805011 0.419628
vn 0.573604 0.584591 0.573788
vn 0.702510 0.584644 0.405797
vn 0.783549 0.584708 0.210159
vn 0.919120 0.307418 0.246398
vn 0.951544 0.307513 0.000104
vn 0.702510 0.584644 0.405797
vn 0.919120 0.307418 0.246398
vn 0.783549 0.584708 0.210159
vn 0.783549 0.584708 0.210159
vn 0.951544 0.307513 0.000104
vn 0.811189 0.584784 0.000200
vn 0.419368 0.805011 0.419628
vn 0.702510 0.584644 0.405797
vn 0.513609 0.805052 0.296812
vn 0.225129 0.947888 0.225446
vn 0.419368 0.805011 0.419628
vn 0.513609 0.805052 0.296812
vn 0.513609 0.805052 0.296812
vn 0.702510 0.584644 0.405797
vn 0.783549 0.584708 0.210159
vn 0.059572 0.996425 0.059910
vn 0.225129 0.947888 0.225446
vn 0.275723 0.947910 0.159512
vn 0.225129 0.947888 0.225446
vn 0.513609 0.805052 0.296812
vn 0.275723 0.947910 0.159512
vn 0.059572 0.996425 0.059910
vn 0.275723 0.947910 0.159512
vn 0.072953 0.996431 0.042462
vn 0.572856 0.805102 0.153775
vn 0.783549 0.584708 0.210159
vn 0.811189 0.584784 0.000200
vn 0.513609 0.805052 0.296812
vn 0.783549 0.584708 0.210159
vn 0.572856 0.805102 0.153775
vn 0.275723 0.947910 0.159512
vn 0.513609 0.805052 0.296812
vn 0.572856 0.805102 0.153775
vn 0.572856 0.805102 0.153775
vn 0.811189 0.584784 0.000200
vn 0.593067 0.805153 0.000278
vn 0.072953 0.996431 0.042462
vn 0.275723 0.947910 0.159512
vn 0.307523 0.947938 0.082723
vn 0.275723 0.947910 0.159512
vn 0.572856 0.805102 0.153775
vn 0.307523 0.947938 0.082723
vn 0.307523 0.947938 0.082723
vn 0.572856 0.805102 0.153775
vn 0.593067 0.805153 0.000278
vn 0.072953 0.996431 0.042462
vn 0.307523 0.947938 0.082723
vn 0.081364 0.996438 0.022145
vn 0.307523 0.947938 0.082723
vn 0.593067 0.805153 0.000278
vn 0.318367 0.947968 0.000327
vn 0.081364 0.996438 0.022145
vn 0.307523 0.947938 0.082723
vn 0.318367 0.947968 0.000327
vn 0.081364 0.996438 0.022145
vn 0.318367 0.947968 0.000327
vn 0.084240 0.996445 0.000344
vn -0.965921 0.000089 -0.258838
vn -1.000000 0.000000 0.000000
vn -0.996905 0.078622 0.000026
vn -0.965921 0.000089 -0.258838
vn -0.996905 0.078622 0.000026
vn -0.962931 0.078708 -0.258009
vn -0.866026 0.000173 -0.499999
vn -0.965921 0.000089 -0.258838
vn -0.962931 0.078708 -0.258009
vn -0.951544 0.307512 0.000104
vn -0.962931 0.078708 -0.258009
vn -0.996905 0.078622 0.000026
vn -0.866026 0.000173 -0.499999
vn -0.962931 0.078708 -0.258009
vn -0.863346 0.078787 -0.498424
vn -0.707114 0.000244 -0.707100
vn -0.866026 0.000173 -0.499999
vn -0.863346 0.078787 -0.498424
vn -0.951544 0.307512 0.000104
vn -0.919119 0.307593 -0.246184
vn -0.962931 0.078708 -0.258009
vn -0.919119 0.307593 -0.246184
vn -0.863346 0.078787 -0.498424
vn -0.962931 0.078708 -0.258009
vn -0.811191 0.584781 0.000200
vn -0.919119 0.307593 -0.246184
vn -0.951544 0.307512 0.000104
vn -0.707114 0.000244 -0.707100
vn -0.863346 0.078787 -0.498424
vn -0.704924 0.078855 -0.704885
vn -0.499999 0.000299 -0.866026
vn -0.707114 0.000244 -0.707100
vn -0.704924 0.078855 -0.704885
vn -0.811191 0.584781 0.000200
vn -0.783550 0.584855 -0.209750
vn -0.919119 0.307593 -0.246184
vn -0.593068 0.805152 0.000278
vn -0.783550 0.584855 -0.209750
vn -0.811191 0.584781 0.000200
vn -0.919119 0.307593 -0.246184
vn -0.824068 0.307662 -0.475663
vn -0.863346 0.078787 -0.498424
vn -0.824068 0.307662 -0.475663
vn -0.704924 0.078855 -0.704885
vn -0.863346 0.078787 -0.498424
vn -0.783550 0.584855 -0.209750
vn -0.824068 0.307662 -0.475663
vn -0.919119 0.307593 -0.246184
vn -0.499999 0.000299 -0.866026
vn -0.704924 0.078855 -0.704885
vn -0.498449 0.078906 -0.863320
vn -0.258822 0.000333 -0.965925
vn -0.499999 0.000299 -0.866026
vn -0.498449 0.078906 -0.863320
vn -0.593068 0.805152 0.000278
vn -0.572860 0.805206 -0.153213
vn -0.783550 0.584855 -0.209750
vn -0.318362 0.947969 0.000327
vn -0.572860 0.805206 -0.153213
vn -0.593068 0.805152 0.000278
vn -0.824068 0.307662 -0.475663
vn -0.672853 0.307732 -0.672732
vn -0.704924 0.078855 -0.704885
vn -0.672853 0.307732 -0.672732
vn -0.498449 0.078906 -0.863320
vn -0.704924 0.078855 -0.704885
vn -0.783550 0.584855 -0.209750
vn -0.702518 0.584919 -0.405386
vn -0.824068 0.307662 -0.475663
vn -0.572860 0.805206 -0.153213
vn -0.702518 0.584919 -0.405386
vn -0.783550 0.584855 -0.209750
vn -0.702518 0.584919 -0.405386
vn -0.672853 0.307732 -0.672732
vn -0.824068 0.307662 -0.475663
vn -0.258822 0.000333 -0.965925
vn -0.498449 0.078906 -0.863320
vn -0.258021 0.078938 -0.962909
vn 0.000001 0.000345 -1.000000
vn -0.258822 0.000333 -0.965925
vn -0.258021 0.078938 -0.962909
vn -0.318362 0.947969 0.000327
vn -0.307525 0.947995 -0.082066
vn -0.572860 0.805206 -0.153213
vn -0.084236 0.996446 0.000344
vn -0.307525 0.947995 -0.082066
vn -0.318362 0.947969 0.000327
vn -0.084236 0.996446 0.000344
vn -0.081370 0.996453 -0.021457
vn -0.307525 0.947995 -0.082066
vn -0.572860 0.805206 -0.153213
vn -0.513606 0.805259 -0.296255
vn -0.702518 0.584919 -0.405386
vn -0.307525 0.947995 -0.082066
vn -0.513606 0.805259 -0.296255
vn -0.572860 0.805206 -0.153213
vn -0.081370 0.996453 -0.021457
vn -0.275715 0.948021 -0.158860
vn -0.307525 0.947995 -0.082066
vn -0.307525 0.947995 -0.082066
vn -0.275715 0.948021 -0.158860
vn -0.513606 0.805259 -0.296255
vn -0.081370 0.996453 -0.021457
vn -0.072959 0.996460 -0.041773
vn -0.275715 0.948021 -0.158860
vn -0.672853 0.307732 -0.672732
vn -0.475776 0.307784 -0.823958
vn -0.498449 0.078906 -0.863320
vn -0.475776 0.307784 -0.823958
vn -0.258021 0.078938 -0.962909
vn -0.498449 0.078906 -0.863320
vn -0.702518 0.584919 -0.405386
vn -0.573608 0.584982 -0.573384
vn -0.672853 0.307732 -0.672732
vn -0.513606 0.805259 -0.296255
vn -0.573608 0.584982 -0.573384
vn -0.702518 0.584919 -0.405386
vn -0.573608 0.584982 -0.573384
vn -0.475776 0.307784 -0.823958
vn -0.672853 0.307732 -0.672732
vn 0.000001 0.000345 -1.000000
vn -0.258021 0.078938 -0.962909
vn 0.000001 0.078949 -0.996879
vn 0.258819 0.000333 -0.965926
vn 0.000001 0.000345 -1.000000
vn 0.000001 0.078949 -0.996879
vn -0.072959 0.996460 -0.041773
vn -0.225116 0.948046 -0.224792
vn -0.275715 0.948021 -0.158860
vn -0.072959 0.996460 -0.041773
vn -0.059573 0.996466 -0.059223
vn -0.225116 0.948046 -0.224792
vn -0.275715 0.948021 -0.158860
vn -0.419364 0.805300 -0.419076
vn -0.513606 0.805259 -0.296255
vn -0.513606 0.805259 -0.296255
vn -0.419364 0.805300 -0.419076
vn -0.573608 0.584982 -0.573384
vn -0.275715 0.948021 -0.158860
vn -0.225116 0.948046 -0.224792
vn -0.419364 0.805300 -0.419076
vn -0.475776 0.307784 -0.823958
vn -0.246281 0.307815 -0.919019
vn -0.258021 0.078938 -0.962909
vn -0.246281 0.307815 -0.919019
vn 0.000001 0.078949 -0.996879
vn -0.258021 0.078938 -0.962909
vn -0.573608 0.584982 -0.573384
vn -0.405595 0.585033 -0.702303
vn -0.475776 0.307784 -0.823958
vn -0.419364 0.805300 -0.419076
vn -0.405595 0.585033 -0.702303
vn -0.573608 0.584982 -0.573384
vn -0.405595 0.585033 -0.702303
vn -0.246281 0.307815 -0.919019
vn -0.475776 0.307784 -0.823958
vn 0.258819 0.000333 -0.965926
vn 0.000001 0.078949 -0.996879
vn 0.258020 0.078941 -0.962909
vn 0.500002 0.000299 -0.866024
vn 0.258819 0.000333 -0.965926
vn 0.258020 0.078941 -0.962909
vn -0.059573 0.996466 -0.059223
vn -0.159178 0.948064 -0.275385
vn -0.225116 0.948046 -0.224792
vn -0.059573 0.996466 -0.059223
vn -0.042116 0.996471 -0.072609
vn -0.159178 0.948064 -0.275385
vn -0.225116 0.948046 -0.224792
vn -0.296527 0.805336 -0.513328
vn -0.419364 0.805300 -0.419076
vn -0.419364 0.805300 -0.419076
vn -0.296527 0.805336 -0.513328
vn -0.405595 0.585033 -0.702303
vn -0.225116 0.948046 -0.224792
vn -0.159178 0.948064 -0.275385
vn -0.296527 0.805336 -0.513328
vn -0.246281 0.307815 -0.919019
vn 0.000002 0.307823 -0.951444
vn 0.000001 0.078949 -0.996879
vn 0.000002 0.307823 -0.951444
vn 0.258020 0.078941 -0.962909
vn 0.000001 0.078949 -0.996879
vn -0.405595 0.585033 -0.702303
vn -0.209955 0.585058 -0.783343
vn -0.246281 0.307815 -0.919019
vn -0.296527 0.805336 -0.513328
vn -0.209955 0.585058 -0.783343
vn -0.405595 0.585033 -0.702303
vn -0.209955 0.585058 -0.783343
vn 0.000002 0.307823 -0.951444
vn -0.246281 0.307815 -0.919019
vn 0.500002 0.000299 -0.866024
vn 0.258020 0.078941 -0.962909
vn 0.498457 0.078912 -0.863315
vn 0.707106 0.000244 -0.707108
vn 0.500002 0.000299 -0.866024
vn 0.498457 0.078912 -0.863315
vn -0.042116 0.996471 -0.072609
vn -0.082396 0.948074 -0.307193
vn -0.159178 0.948064 -0.275385
vn -0.042116 0.996471 -0.072609
vn -0.021803 0.996474 -0.081025
vn -0.082396 0.948074 -0.307193
vn -0.159178 0.948064 -0.275385
vn -0.153497 0.805354 -0.572576
vn -0.296527 0.805336 -0.513328
vn -0.296527 0.805336 -0.513328
vn -0.153497 0.805354 -0.572576
vn -0.209955 0.585058 -0.783343
vn -0.159178 0.948064 -0.275385
vn -0.082396 0.948074 -0.307193
vn -0.153497 0.805354 -0.572576
vn -0.209955 0.585058 -0.783343
vn 0.000001 0.585067 -0.810985
vn 0.000002 0.307823 -0.951444
vn -0.153497 0.805354 -0.572576
vn 0.000001 0.585067 -0.810985
vn -0.209955 0.585058 -0.783343
vn 0.000002 0.307823 -0.951444
vn 0.246288 0.307815 -0.919017
vn 0.258020 0.078941 -0.962909
vn 0.246288 0.307815 -0.919017
vn 0.498457 0.078912 -0.863315
vn 0.258020 0.078941 -0.962909
vn 0.000001 0.585067 -0.810985
vn 0.246288 0.307815 -0.919017
vn 0.000002 0.307823 -0.951444
vn 0.707106 0.000244 -0.707108
vn 0.498457 0.078912 -0.863315
vn 0.704915 0.078855 -0.704895
vn 0.866022 0.000173 -0.500006
vn 0.707106 0.000244 -0.707108
vn 0.704915 0.078855 -0.704895
vn -0.021803 0.996474 -0.081025
vn 0.000006 0.948078 -0.318039
vn -0.082396 0.948074 -0.307193
vn -0.021803 0.996474 -0.081025
vn 0.000002 0.996475 -0.083895
vn 0.000006 0.948078 -0.318039
vn -0.082396 0.948074 -0.307193
vn 0.000001 0.805363 -0.592782
vn -0.153497 0.805354 -0.572576
vn -0.153497 0.805354 -0.572576
vn 0.000001 0.805363 -0.592782
vn 0.000001 0.585067 -0.810985
vn -0.082396 0.948074 -0.307193
vn 0.000006 0.948078 -0.318039
vn 0.000001 0.805363 -0.592782
vn 0.246288 0.307815 -0.919017
vn 0.475780 0.307789 -0.823953
vn 0.498457 0.078912 -0.863315
vn 0.475780 0.307789 -0.823953
vn 0.704915 0.078855 -0.704895
vn 0.498457 0.078912 -0.863315
vn 0.000001 0.585067 -0.810985
vn 0.209965 0.585058 -0.783340
vn 0.246288 0.307815 -0.919017
vn 0.000001 0.805363 -0.592782
vn 0.209965 0.585058 -0.783340
vn 0.000001 0.585067 -0.810985
vn 0.209965 0.585058 -0.783340
vn 0.475780 0.307789 -0.823953
vn 0.246288 0.307815 -0.919017
vn 0.866022 0.000173 -0.500006
vn 0.704915 0.078855 -0.704895
vn 0.863342 0.078776 -0.498433
vn 0.965926 0.000089 -0.258817
vn 0.866022 0.000173 -0.500006
vn 0.863342 0.078776 -0.498433
vn 0.000002 0.996475 -0.083895
vn 0.082410 0.948072 -0.307194
vn 0.000006 0.948078 -0.318039
vn 0.000002 0.996475 -0.083895
vn 0.021810 0.996473 -0.081025
vn 0.082410 0.948072 -0.307194
vn 0.000006 0.948078 -0.318039
vn 0.153506 0.805354 -0.572573
vn 0.000001 0.805363 -0.592782
vn 0.000001 0.805363 -0.592782
vn 0.153506 0.805354 -0.572573
vn 0.209965 0.585058 -0.783340
vn 0.000006 0.948078 -0.318039
vn 0.082410 0.948072 -0.307194
vn 0.153506 0.805354 -0.572573
vn 0.475780 0.307789 -0.823953
vn 0.672839 0.307735 -0.672746
vn 0.704915 0.078855 -0.704895
vn 0.672839 0.307735 -0.672746
vn 0.863342 0.078776 -0.498433
vn 0.704915 0.078855 -0.704895
vn 0.209965 0.585058 -0.783340
vn 0.405594 0.585028 -0.702307
vn 0.475780 0.307789 -0.823953
vn 0.153506 0.805354 -0.572573
vn 0.405594 0.585028 -0.702307
vn 0.209965 0.585058 -0.783340
vn 0.405594 0.585028 -0.702307
vn 0.672839 0.307735 -0.672746
vn 0.475780 0.307789 -0.823953
vn 0.965926 0.000089 -0.258817
vn 0.863342 0.078776 -0.498433
vn 0.962940 0.078690 -0.257983
vn 1.000000 0.000000 0.000000
vn 0.965926 0.000089 -0.258817
vn 0.962940 0.078690 -0.257983
vn 0.021810 0.996473 -0.081025
vn 0.159186 0.948062 -0.275387
vn 0.082410 0.948072 -0.307194
vn 0.021810 0.996473 -0.081025
vn 0.042124 0.996471 -0.072610
vn 0.159186 0.948062 -0.275387
vn 0.082410 0.948072 -0.307194
vn 0.296526 0.805332 -0.513335
vn 0.153506 0.805354 -0.572573
vn 0.153506 0.805354 -0.572573
vn 0.296526 0.805332 -0.513335
vn 0.405594 0.585028 -0.702307
vn 0.082410 0.948072 -0.307194
vn 0.159186 0.948062 -0.275387
vn 0.296526 0.805332 -0.513335
vn 0.672839 0.307735 -0.672746
vn 0.824064 0.307659 -0.475674
vn 0.863342 0.078776 -0.498433
vn 0.824064 0.307659 -0.475674
vn 0.962940 0.078690 -0.257983
vn 0.863342 0.078776 -0.498433
vn 0.405594 0.585028 -0.702307
vn 0.573585 0.584985 -0.573404
vn 0.672839 0.307735 -0.672746
vn 0.296526 0.805332 -0.513335
vn 0.573585 0.584985 -0.573404
vn 0.405594 0.585028 -0.702307
vn 0.573585 0.584985 -0.573404
vn 0.824064 0.307659 -0.475674
vn 0.672839 0.307735 -0.672746
vn 1.000000 0.000000 0.000000
vn 0.962940 0.078690 -0.257983
vn 0.996906 0.078605 0.000029
vn 0.965926 -0.000089 0.258817
vn 1.000000 0.000000 0.000000
vn 0.996906 0.078605 0.000029
vn 0.042124 0.996471 -0.072610
vn 0.225118 0.948045 -0.224793
vn 0.159186 0.948062 -0.275387
vn 0.042124 0.996471 -0.072610
vn 0.059559 0.996466 -0.059222
vn 0.225118 0.948045 -0.224793
vn 0.159186 0.948062 -0.275387
vn 0.419348 0.805302 -0.419089
vn 0.296526 0.805332 -0.513335
vn 0.296526 0.805332 -0.513335
vn 0.419348 0.805302 -0.419089
vn 0.573585 0.584985 -0.573404
vn 0.159186 0.948062 -0.275387
vn 0.225118 0.948045 -0.224793
vn 0.419348 0.805302 -0.419089
vn 0.824064 0.307659 -0.475674
vn 0.919129 0.307582 -0.246160
vn 0.962940 0.078690 -0.257983
vn 0.919129 0.307582 -0.246160
vn 0.996906 0.078605 0.000029
vn 0.962940 0.078690 -0.257983
vn 0.573585 0.584985 -0.573404
vn 0.702504 0.584931 -0.405394
vn 0.824064 0.307659 -0.475674
vn 0.419348 0.805302 -0.419089
vn 0.702504 0.584931 -0.405394
vn 0.573585 0.584985 -0.573404
vn 0.702504 0.584931 -0.405394
vn 0.919129 0.307582 -0.246160
vn 0.824064 0.307659 -0.475674
vn 0.965926 -0.000089 0.258817
vn 0.996906 0.078605 0.000029
vn 0.962939 0.078514 0.258039
vn 0.866022 -0.000173 0.500006
vn 0.965926 -0.000089 0.258817
vn 0.962939 0.078514 0.258039
vn 0.059559 0.996466 -0.059222
vn 0.275701 0.948026 -0.158854
vn 0.225118 0.948045 -0.224793
vn 0.059559 0.996466 -0.059222
vn 0.072938 0.996461 -0.041776
vn 0.275701 0.948026 -0.158854
vn 0.225118 0.948045 -0.224793
vn 0.513599 0.805265 -0.296251
vn 0.419348 0.805302 -0.419089
vn 0.419348 0.805302 -0.419089
vn 0.513599 0.805265 -0.296251
vn 0.702504 0.584931 -0.405394
vn 0.225118 0.948045 -0.224793
vn 0.275701 0.948026 -0.158854
vn 0.513599 0.805265 -0.296251
vn 0.919129 0.307582 -0.246160
vn 0.951547 0.307503 0.000108
vn 0.996906 0.078605 0.000029
vn 0.951547 0.307503 0.000108
vn 0.962939 0.078514 0.258039
vn 0.996906 0.078605 0.000029
vn 0.702504 0.584931 -0.405394
vn 0.783546 0.584866 -0.209732
vn 0.919129 0.307582 -0.246160
vn 0.513599 0.805265 -0.296251
vn 0.783546 0.584866 -0.209732
vn 0.702504 0.584931 -0.405394
vn 0.783546 0.584866 -0.209732
vn 0.951547 0.307503 0.000108
vn 0.919129 0.307582 -0.246160
vn 0.866022 -0.000173 0.500006
vn 0.962939 0.078514 0.258039
vn 0.863343 0.078432 0.498486
vn 0.707106 -0.000244 0.707107
vn 0.866022 -0.000173 0.500006
vn 0.863343 0.078432 0.498486
vn 0.072938 0.996461 -0.041776
vn 0.307516 0.947997 -0.082073
vn 0.275701 0.948026 -0.158854
vn 0.072938 0.996461 -0.041776
vn 0.081369 0.996453 -0.021461
vn 0.307516 0.947997 -0.082073
vn 0.275701 0.948026 -0.158854
vn 0.572853 0.805213 -0.153205
vn 0.513599 0.805265 -0.296251
vn 0.513599 0.805265 -0.296251
vn 0.572853 0.805213 -0.153205
vn 0.783546 0.584866 -0.209732
vn 0.275701 0.948026 -0.158854
vn 0.307516 0.947997 -0.082073
vn 0.572853 0.805213 -0.153205
vn 0.951547 0.307503 0.000108
vn 0.919127 0.307417 0.246376
vn 0.962939 0.078514 0.258039
vn 0.919127 0.307417 0.246376
vn 0.863343 0.078432 0.498486
vn 0.962939 0.078514 0.258039
vn 0.783546 0.584866 -0.209732
vn 0.811186 0.584789 0.000201
vn 0.951547 0.307503 0.000108
vn 0.572853 0.805213 -0.153205
vn 0.811186 0.584789 0.000201
vn 0.783546 0.584866 -0.209732
vn 0.811186 0.584789 0.000201
vn 0.919127 0.307417 0.246376
vn 0.951547 0.307503 0.000108
vn 0.707106 -0.000244 0.707107
vn 0.863343 0.078432 0.498486
vn 0.704916 0.078368 0.704948
vn 0.500002 -0.000299 0.866024
vn 0.707106 -0.000244 0.707107
vn 0.704916 0.078368 0.704948
vn 0.081369 0.996453 -0.021461
vn 0.318370 0.947967 0.000327
vn 0.307516 0.947997 -0.082073
vn 0.081369 0.996453 -0.021461
vn 0.084239 0.996446 0.000344
vn 0.318370 0.947967 0.000327
vn 0.307516 0.947997 -0.082073
vn 0.593070 0.805151 0.000277
vn 0.572853 0.805213 -0.153205
vn 0.572853 0.805213 -0.153205
vn 0.593070 0.805151 0.000277
vn 0.811186 0.584789 0.000201
vn 0.307516 0.947997 -0.082073
vn 0.318370 0.947967 0.000327
vn 0.593070 0.805151 0.000277
vn 0.919127 0.307417 0.246376
vn 0.824062 0.307333 0.475886
vn 0.863343 0.078432 0.498486
vn 0.824062 0.307333 0.475886
vn 0.704916 0.078368 0.704948
vn 0.863343 0.078432 0.498486
vn 0.811186 0.584789 0.000201
vn 0.783548 0.584718 0.210136
vn 0.919127 0.307417 0.246376
vn 0.593070 0.805151 0.000277
vn 0.783548 0.584718 0.210136
vn 0.811186 0.584789 0.000201
vn 0.783548 0.584718 0.210136
vn 0.824062 0.307333 0.475886
vn 0.919127 0.307417 0.246376
vn 0.500002 -0.000299 0.866024
vn 0.704916 0.078368 0.704948
vn 0.498457 0.078316 0.863370
vn 0.258819 -0.000333 0.965926
vn 0.500002 -0.000299 0.866024
vn 0.498457 0.078316 0.863370
vn 0.084239 0.996446 0.000344
vn 0.307509 0.947942 0.082727
vn 0.318370 0.947967 0.000327
vn 0.084239 0.996446 0.000344
vn 0.081352 0.996439 0.022148
vn 0.307509 0.947942 0.082727
vn 0.318370 0.947967 0.000327
vn 0.572860 0.805102 0.153760
vn 0.593070 0.805151 0.000277
vn 0.593070 0.805151 0.000277
vn 0.572860 0.805102 0.153760
vn 0.783548 0.584718 0.210136
vn 0.318370 0.947967 0.000327
vn 0.307509 0.947942 0.082727
vn 0.572860 0.805102 0.153760
vn 0.824062 0.307333 0.475886
vn 0.672840 0.307270 0.672957
vn 0.704916 0.078368 0.704948
vn 0.672840 0.307270 0.672957
vn 0.498457 0.078316 0.863370
vn 0.704916 0.078368 0.704948
vn 0.783548 0.584718 0.210136
vn 0.702503 0.584651 0.405798
vn 0.824062 0.307333 0.475886
vn 0.572860 0.805102 0.153760
vn 0.702503 0.584651 0.405798
vn 0.783548 0.584718 0.210136
vn 0.702503 0.584651 0.405798
vn 0.672840 0.307270 0.672957
vn 0.824062 0.307333 0.475886
vn 0.258819 -0.000333 0.965926
vn 0.498457 0.078316 0.863370
vn 0.258020 0.078276 0.962963
vn 0.000001 -0.000345 1.000000
vn 0.258819 -0.000333 0.965926
vn 0.258020 0.078276 0.962963
vn 0.081352 0.996439 0.022148
vn 0.275708 0.947915 0.159508
vn 0.307509 0.947942 0.082727
vn 0.081352 0.996439 0.022148
vn 0.072950 0.996431 0.042464
vn 0.275708 0.947915 0.159508
vn 0.307509 0.947942 0.082727
vn 0.513602 0.805058 0.296806
vn 0.572860 0.805102 0.153760
vn 0.572860 0.805102 0.153760
vn 0.513602 0.805058 0.296806
vn 0.702503 0.584651 0.405798
vn 0.307509 0.947942 0.082727
vn 0.275708 0.947915 0.159508
vn 0.513602 0.805058 0.296806
vn 0.672840 0.307270 0.672957
vn 0.475779 0.307221 0.824166
vn 0.498457 0.078316 0.863370
vn 0.475779 0.307221 0.824166
vn 0.258020 0.078276 0.962963
vn 0.498457 0.078316 0.863370
vn 0.702503 0.584651 0.405798
vn 0.573585 0.584589 0.573807
vn 0.672840 0.307270 0.672957
vn 0.513602 0.805058 0.296806
vn 0.573585 0.584589 0.573807
vn 0.702503 0.584651 0.405798
vn 0.573585 0.584589 0.573807
vn 0.475779 0.307221 0.824166
vn 0.672840 0.307270 0.672957
vn 0.000001 -0.000345 1.000000
vn 0.258020 0.078276 0.962963
vn 0.000001 0.078261 0.996933
vn -0.258822 -0.000333 0.965925
vn 0.000001 -0.000345 1.000000
vn 0.000001 0.078261 0.996933
vn 0.072950 0.996431 0.042464
vn 0.225123 0.947889 0.225448
vn 0.275708 0.947915 0.159508
vn 0.072950 0.996431 0.042464
vn 0.059579 0.996424 0.059910
vn 0.225123 0.947889 0.225448
vn 0.275708 0.947915 0.159508
vn 0.419344 0.805014 0.419646
vn 0.513602 0.805058 0.296806
vn 0.513602 0.805058 0.296806
vn 0.419344 0.805014 0.419646
vn 0.573585 0.584589 0.573807
vn 0.275708 0.947915 0.159508
vn 0.225123 0.947889 0.225448
vn 0.419344 0.805014 0.419646
vn 0.475779 0.307221 0.824166
vn 0.246285 0.307182 0.919230
vn 0.258020 0.078276 0.962963
vn 0.246285 0.307182 0.919230
vn 0.000001 0.078261 0.996933
vn 0.258020 0.078276 0.962963
vn 0.573585 0.584589 0.573807
vn 0.405593 0.584544 0.702711
vn 0.475779 0.307221 0.824166
vn 0.419344 0.805014 0.419646
vn 0.405593 0.584544 0.702711
vn 0.573585 0.584589 0.573807
vn 0.405593 0.584544 0.702711
vn 0.246285 0.307182 0.919230
vn 0.475779 0.307221 0.824166
vn -0.258822 -0.000333 0.965925
vn 0.000001 0.078261 0.996933
vn -0.258023 0.078274 0.962963
vn -0.499999 -0.000299 0.866026
vn -0.258822 -0.000333 0.965925
vn -0.258023 0.078274 0.962963
vn 0.059579 0.996424 0.059910
vn 0.159181 0.947873 0.276042
vn 0.225123 0.947889 0.225448
vn 0.059579 0.996424 0.059910
vn 0.042118 0.996420 0.073297
vn 0.159181 0.947873 0.276042
vn 0.225123 0.947889 0.225448
vn 0.296521 0.804979 0.513891
vn 0.419344 0.805014 0.419646
vn 0.419344 0.805014 0.419646
vn 0.296521 0.804979 0.513891
vn 0.405593 0.584544 0.702711
vn 0.225123 0.947889 0.225448
vn 0.159181 0.947873 0.276042
vn 0.296521 0.804979 0.513891
vn 0.246285 0.307182 0.919230
vn 0.000002 0.307166 0.951656
vn 0.000001 0.078261 0.996933
vn 0.000002 0.307166 0.951656
vn -0.258023 0.078274 0.962963
vn 0.000001 0.078261 0.996933
vn 0.405593 0.584544 0.702711
vn 0.209962 0.584518 0.783744
vn 0.246285 0.307182 0.919230
vn 0.296521 0.804979 0.513891
vn 0.209962 0.584518 0.783744
vn 0.405593 0.584544 0.702711
vn 0.209962 0.584518 0.783744
vn 0.000002 0.307166 0.951656
vn 0.246285 0.307182 0.919230
vn -0.499999 -0.000299 0.866026
vn -0.258023 0.078274 0.962963
vn -0.498451 0.078310 0.863374
vn -0.707114 -0.000244 0.707100
vn -0.499999 -0.000299 0.866026
vn -0.498451 0.078310 0.863374
vn 0.042118 0.996420 0.073297
vn 0.082401 0.947861 0.307848
vn 0.159181 0.947873 0.276042
vn 0.042118 0.996420 0.073297
vn 0.021803 0.996417 0.081713
vn 0.082401 0.947861 0.307848
vn 0.159181 0.947873 0.276042
vn 0.153505 0.804959 0.573129
vn 0.296521 0.804979 0.513891
vn 0.296521 0.804979 0.513891
vn 0.153505 0.804959 0.573129
vn 0.209962 0.584518 0.783744
vn 0.159181 0.947873 0.276042
vn 0.082401 0.947861 0.307848
vn 0.153505 0.804959 0.573129
vn 0.000002 0.307166 0.951656
vn -0.246282 0.307180 0.919231
vn -0.258023 0.078274 0.962963
vn -0.246282 0.307180 0.919231
vn -0.498451 0.078310 0.863374
vn -0.258023 0.078274 0.962963
vn 0.209962 0.584518 0.783744
vn 0.000002 0.584507 0.811389
vn 0.000002 0.307166 0.951656
vn 0.153505 0.804959 0.573129
vn 0.000002 0.584507 0.811389
vn 0.209962 0.584518 0.783744
vn 0.000002 0.584507 0.811389
vn -0.246282 0.307180 0.919231
vn 0.000002 0.307166 0.951656
vn -0.707114 -0.000244 0.707100
vn -0.498451 0.078310 0.863374
vn -0.704924 0.078369 0.704940
vn -0.866025 -0.000173 0.500000
vn -0.707114 -0.000244 0.707100
vn -0.704924 0.078369 0.704940
vn 0.021803 0.996417 0.081713
vn 0.000000 0.947858 0.318693
vn 0.082401 0.947861 0.307848
vn 0.021803 0.996417 0.081713
vn 0.000000 0.996416 0.084583
vn 0.000000 0.947858 0.318693
vn 0.082401 0.947861 0.307848
vn 0.000000 0.804953 0.593338
vn 0.153505 0.804959 0.573129
vn 0.153505 0.804959 0.573129
vn 0.000000 0.804953 0.593338
vn 0.000002 0.584507 0.811389
vn 0.082401 0.947861 0.307848
vn 0.000000 0.947858 0.318693
vn 0.000000 0.804953 0.593338
vn -0.246282 0.307180 0.919231
vn -0.475778 0.307215 0.824169
vn -0.498451 0.078310 0.863374
vn -0.475778 0.307215 0.824169
vn -0.704924 0.078369 0.704940
vn -0.498451 0.078310 0.863374
vn 0.000002 0.584507 0.811389
vn -0.209953 0.584518 0.783746
vn -0.246282 0.307180 0.919231
vn 0.000000 0.804953 0.593338
vn -0.209953 0.584518 0.783746
vn 0.000002 0.584507 0.811389
vn -0.209953 0.584518 0.783746
vn -0.475778 0.307215 0.824169
vn -0.246282 0.307180 0.919231
vn -0.866025 -0.000173 0.500000
vn -0.704924 0.078369 0.704940
vn -0.863347 0.078442 0.498476
vn -0.965921 -0.000089 0.258838
vn -0.866025 -0.000173 0.500000
vn -0.863347 0.078442 0.498476
vn 0.000000 0.996416 0.084583
vn -0.082396 0.947861 0.307847
vn 0.000000 0.947858 0.318693
vn 0.000000 0.996416 0.084583
vn -0.021803 0.996417 0.081713
vn -0.082396 0.947861 0.307847
vn 0.000000 0.947858 0.318693
vn -0.153495 0.804959 0.573132
vn 0.000000 0.804953 0.593338
vn 0.000000 0.804953 0.593338
vn -0.153495 0.804959 0.573132
vn -0.209953 0.584518 0.783746
vn 0.000000 0.947858 0.318693
vn -0.082396 0.947861 0.307847
vn -0.153495 0.804959 0.573132
vn -0.475778 0.307215 0.824169
vn -0.672852 0.307269 0.672946
vn -0.704924 0.078369 0.704940
vn -0.672852 0.307269 0.672946
vn -0.863347 0.078442 0.498476
vn -0.704924 0.078369 0.704940
vn -0.209953 0.584518 0.783746
vn -0.405595 0.584548 0.702706
vn -0.475778 0.307215 0.824169
vn -0.153495 0.804959 0.573132
vn -0.405595 0.584548 0.702706
vn -0.209953 0.584518 0.783746
vn -0.405595 0.584548 0.702706
vn -0.672852 0.307269 0.672946
vn -0.475778 0.307215 0.824169
vn -0.965921 -0.000089 0.258838
vn -0.863347 0.078442 0.498476
vn -0.962932 0.078528 0.258060
vn -1.000000 0.000000 0.000000
vn -0.965921 -0.000089 0.258838
vn -0.962932 0.078528 0.258060
vn -1.000000 0.000000 0.000000
vn -0.962932 0.078528 0.258060
vn -0.996905 0.078622 0.000026
vn -0.021803 0.996417 0.081713
vn -0.159181 0.947873 0.276040
vn -0.082396 0.947861 0.307847
vn -0.021803 0.996417 0.081713
vn -0.042111 0.996421 0.073297
vn -0.159181 0.947873 0.276040
vn -0.082396 0.947861 0.307847
vn -0.296525 0.804982 0.513884
vn -0.153495 0.804959 0.573132
vn -0.153495 0.804959 0.573132
vn -0.296525 0.804982 0.513884
vn -0.405595 0.584548 0.702706
vn -0.082396 0.947861 0.307847
vn -0.159181 0.947873 0.276040
vn -0.296525 0.804982 0.513884
vn -0.672852 0.307269 0.672946
vn -0.824066 0.307337 0.475877
vn -0.863347 0.078442 0.498476
vn -0.824066 0.307337 0.475877
vn -0.962932 0.078528 0.258060
vn -0.863347 0.078442 0.498476
vn -0.919122 0.307418 0.246394
vn -0.996905 0.078622 0.000026
vn -0.962932 0.078528 0.258060
vn -0.824066 0.307337 0.475877
vn -0.919122 0.307418 0.246394
vn -0.962932 0.078528 0.258060
vn -0.919122 0.307418 0.246394
vn -0.951544 0.307512 0.000104
vn -0.996905 0.078622 0.000026
vn -0.405595 0.584548 0.702706
vn -0.573604 0.584589 0.573790
vn -0.672852 0.307269 0.672946
vn -0.296525 0.804982 0.513884
vn -0.573604 0.584589 0.573790
vn -0.405595 0.584548 0.702706
vn -0.573604 0.584589 0.573790
vn -0.824066 0.307337 0.475877
vn -0.672852 0.307269 0.672946
vn -0.042111 0.996421 0.073297
vn -0.225124 0.947889 0.225446
vn -0.159181 0.947873 0.276040
vn -0.042111 0.996421 0.073297
vn -0.059568 0.996425 0.059910
vn -0.225124 0.947889 0.225446
vn -0.159181 0.947873 0.276040
vn -0.419365 0.805010 0.419632
vn -0.296525 0.804982 0.513884
vn -0.296525 0.804982 0.513884
vn -0.419365 0.805010 0.419632
vn -0.573604 0.584589 0.573790
vn -0.159181 0.947873 0.276040
vn -0.225124 0.947889 0.225446
vn -0.419365 0.805010 0.419632
vn -0.573604 0.584589 0.573790
vn -0.702509 0.584647 0.405795
vn -0.824066 0.307337 0.475877
vn -0.702509 0.584647 0.405795
vn -0.919122 0.307418 0.246394
vn -0.824066 0.307337 0.475877
vn -0.419365 0.805010 0.419632
vn -0.702509 0.584647 0.405795
vn -0.573604 0.584589 0.573790
vn -0.783550 0.584709 0.210156
vn -0.951544 0.307512 0.000104
vn -0.919122 0.307418 0.246394
vn -0.702509 0.584647 0.405795
vn -0.783550 0.584709 0.210156
vn -0.919122 0.307418 0.246394
vn -0.783550 0.584709 0.210156
vn -0.811191 0.584781 0.000200
vn -0.951544 0.307512 0.000104
vn -0.419365 0.805010 0.419632
vn -0.513608 0.805053 0.296811
vn -0.702509 0.584647 0.405795
vn -0.225124 0.947889 0.225446
vn -0.513608 0.805053 0.296811
vn -0.419365 0.805010 0.419632
vn -0.513608 0.805053 0.296811
vn -0.783550 0.584709 0.210156
vn -0.702509 0.584647 0.405795
vn -0.059568 0.996425 0.059910
vn -0.275725 0.947909 0.159513
vn -0.225124 0.947889 0.225446
vn -0.225124 0.947889 0.225446
vn -0.275725 0.947909 0.159513
vn -0.513608 0.805053 0.296811
vn -0.059568 0.996425 0.059910
vn -0.072955 0.996431 0.042461
vn -0.275725 0.947909 0.159513
vn -0.572858 0.805102 0.153769
vn -0.811191 0.584781 0.000200
vn -0.783550 0.584709 0.210156
vn -0.513608 0.805053 0.296811
vn -0.572858 0.805102 0.153769
vn -0.783550 0.584709 0.210156
vn -0.275725 0.947909 0.159513
vn -0.572858 0.805102 0.153769
vn -0.513608 0.805053 0.296811
vn -0.572858 0.805102 0.153769
vn -0.593068 0.805152 0.000278
vn -0.811191 0.584781 0.000200
vn -0.072955 0.996431 0.042461
vn -0.307525 0.947938 0.082720
vn -0.275725 0.947909 0.159513
vn -0.275725 0.947909 0.159513
vn -0.307525 0.947938 0.082720
vn -0.572858 0.805102 0.153769
vn -0.307525 0.947938 0.082720
vn -0.593068 0.805152 0.000278
vn -0.572858 0.805102 0.153769
vn -0.072955 0.996431 0.042461
vn -0.081365 0.996438 0.022145
vn -0.307525 0.947938 0.082720
vn -0.307525 0.947938 0.082720
vn -0.318362 0.947969 0.000327
vn -0.593068 0.805152 0.000278
vn -0.081365 0.996438 0.022145
vn -0.318362 0.947969 0.000327
vn -0.307525 0.947938 0.082720
vn -0.081365 0.996438 0.022145
vn -0.084236 0.996446 0.000344
vn -0.318362 0.947969 0.000327
vn 0.965925 0.000089 -0.258824
vn 1.000000 0.000000 0.000000
vn 1.000000 0.000000 0.000000
vn 0.965925 0.000089 -0.258824
vn 0.965925 0.000089 -0.258824
vn 1.000000 0.000000 0.000000
vn 0.866025 0.000173 -0.500001
vn 0.965925 0.000089 -0.258824
vn 0.965925 0.000089 -0.258824
vn 0.866025 0.000173 -0.500001
vn 0.866025 0.000173 -0.500001
vn 0.965925 0.000089 -0.258824
vn 0.707114 0.000244 -0.707100
vn 0.866025 0.000173 -0.500001
vn 0.866025 0.000173 -0.500001
vn 0.707114 0.000244 -0.707100
vn 0.707114 0.000244 -0.707100
vn 0.866025 0.000173 -0.500001
vn 0.500003 0.000299 -0.866024
vn 0.707114 0.000244 -0.707100
vn 0.707114 0.000244 -0.707100
vn 0.500003 0.000299 -0.866024
vn 0.500003 0.000299 -0.866024
vn 0.707114 0.000244 -0.707100
vn 0.258819 0.000333 -0.965926
vn 0.500003 0.000299 -0.866024
vn 0.500003 0.000299 -0.866024
vn 0.258819 0.000333 -0.965926
vn 0.258819 0.000333 -0.965926
vn 0.500003 0.000299 -0.866024
vn 0.000001 0.000345 -1.000000
vn 0.258819 0.000333 -0.965926
vn 0.258819 0.000333 -0.965926
vn 0.000001 0.000345 -1.000000
vn 0.000001 0.000345 -1.000000
vn 0.258819 0.000333 -0.965926
vn -0.258821 0.000333 -0.965925
vn 0.000001 0.000345 -1.000000
vn 0.000001 0.000345 -1.000000
vn -0.258821 0.000333 -0.965925
vn -0.258821 0.000333 -0.965925
vn 0.000001 0.000345 -1.000000
vn -0.500001 0.000299 -0.866025
vn -0.258821 0.000333 -0.965925
vn -0.258821 0.000333 -0.965925
vn -0.500001 0.000299 -0.866025
vn -0.500001 0.000299 -0.866025
vn -0.258821 0.000333 -0.965925
vn -0.707101 0.000244 -0.707112
vn -0.500001 0.000299 -0.866025
vn -0.500001 0.000299 -0.866025
vn -0.707101 0.000244 -0.707112
vn -0.707101 0.000244 -0.707112
vn -0.500001 0.000299 -0.866025
vn -0.866026 0.000173 -0.499999
vn -0.707101 0.000244 -0.707112
vn -0.707101 0.000244 -0.707112
vn -0.866026 0.000173 -0.499999
vn -0.866026 0.000173 -0.499999
vn -0.707101 0.000244 -0.707112
vn -0.965928 0.000089 -0.258809
vn -0.866026 0.000173 -0.499999
vn -0.866026 0.000173 -0.499999
vn -0.965928 0.000089 -0.258809
vn -0.965928 0.000089 -0.258809
vn -0.866026 0.000173 -0.499999
vn -1.000000 0.000000 0.000000
vn -0.965928 0.000089 -0.258809
vn -0.965928 0.000089 -0.258809
vn -1.000000 0.000000 0.000000
vn -1.000000 0.000000 0.000000
vn -0.965928 0.000089 -0.258809
vn -0.965928 -0.000089 0.258809
vn -1.000000 0.000000 0.000000
vn -1.000000 0.000000 0.000000
vn -0.965928 -0.000089 0.258809
vn -0.965928 -0.000089 0.258809
vn -1.000000 0.000000 0.000000
vn -0.866026 -0.000173 0.499999
vn -0.965928 -0.000089 0.258809
vn -0.965928 -0.000089 0.258809
vn -0.866026 -0.000173 0.499999
vn -0.866026 -0.000173 0.499999
vn -0.965928 -0.000089 0.258809
vn -0.707101 -0.000244 0.707112
vn -0.866026 -0.000173 0.499999
vn -0.866026 -0.000173 0.499999
vn -0.707101 -0.000244 0.707112
vn -0.707101 -0.000244 0.707112
vn -0.866026 -0.000173 0.499999
vn -0.500001 -0.000299 0.866025
vn -0.707101 -0.000244 0.707112
vn -0.707101 -0.000244 0.707112
vn -0.500001 -0.000299 0.866025
vn -0.500001 -0.000299 0.866025
vn -0.707101 -0.000244 0.707112
vn -0.258821 -0.000333 0.965925
vn -0.500001 -0.000299 0.866025
vn -0.500001 -0.000299 0.866025
vn -0.258821 -0.000333 0.965925
vn -0.258821 -0.000333 0.965925
vn -0.500001 -0.000299 0.866025
vn 0.000001 -0.000345 1.000000
vn -0.258821 -0.000333 0.965925
vn -0.258821 -0.000333 0.965925
vn 0.000001 -0.000345 1.000000
vn 0.000001 -0.000345 1.000000
vn -0.258821 -0.000333 0.965925
vn 0.258819 -0.000333 0.965926
vn 0.000001 -0.000345 1.000000
vn 0.000001 -0.000345 1.000000
vn 0.258819 -0.000333 0.965926
vn 0.258819 -0.000333 0.965926
vn 0.000001 -0.000345 1.000000
vn 0.500003 -0.000299 0.866024
vn 0.258819 -0.000333 0.965926
vn 0.258819 -0.000333 0.965926
vn 0.500003 -0.000299 0.866024
vn 0.500003 -0.000299 0.866024
vn 0.258819 -0.000333 0.965926
vn 0.707114 -0.000244 0.707100
vn 0.500003 -0.000299 0.866024
vn 0.500003 -0.000299 0.866024
vn 0.707114 -0.000244 0.707100
vn 0.707114 -0.000244 0.707100
vn 0.500003 -0.000299 0.866024
vn 0.866025 -0.000173 0.500001
vn 0.707114 -0.000244 0.707100
vn 0.707114 -0.000244 0.707100
vn 0.866025 -0.000173 0.500001
vn 0.866025 -0.000173 0.500001
vn 0.707114 -0.000244 0.707100
vn 0.965925 -0.000089 0.258824
vn 0.866025 -0.000173 0.500001
vn 0.866025 -0.000173 0.500001
vn 0.965925 -0.000089 0.258824
vn 0.965925 -0.000089 0.258824
vn 0.866025 -0.000173 0.500001
vn 1.000000 0.000000 0.000000
vn 0.965925 -0.000089 0.258824
vn 0.965925 -0.000089 0.258824
vn 1.000000 0.000000 0.000000
vn 1.000000 0.000000 0.000000
vn 0.965925 -0.000089 0.258824
vn -0.965922 0.000089 -0.258831
vn -1.000000 0.000000 0.000000
vn -1.000000 0.000000 0.000000
vn -0.965922 0.000089 -0.258831
vn -1.000000 0.000000 0.000000
vn -0.965922 0.000089 -0.258831
vn -0.866024 0.000173 -0.500002
vn -0.965922 0.000089 -0.258831
vn -0.965922 0.000089 -0.258831
vn -0.866024 0.000173 -0.500002
vn -0.965922 0.000089 -0.258831
vn -0.866024 0.000173 -0.500002
vn -0.707115 0.000244 -0.707099
vn -0.866024 0.000173 -0.500002
vn -0.866024 0.000173 -0.500002
vn -0.707115 0.000244 -0.707099
vn -0.866024 0.000173 -0.500002
vn -0.707115 0.000244 -0.707099
vn -0.499998 0.000299 -0.866026
vn -0.707115 0.000244 -0.707099
vn -0.707115 0.000244 -0.707099
vn -0.499998 0.000299 -0.866026
vn -0.707115 0.000244 -0.707099
vn -0.499998 0.000299 -0.866026
vn -0.258819 0.000333 -0.965926
vn -0.499998 0.000299 -0.866026
vn -0.499998 0.000299 -0.866026
vn -0.258819 0.000333 -0.965926
vn -0.499998 0.000299 -0.866026
vn -0.258819 0.000333 -0.965926
vn -0.000000 0.000345 -1.000000
vn -0.258819 0.000333 -0.965926
vn -0.258819 0.000333 -0.965926
vn -0.000000 0.000345 -1.000000
vn -0.258819 0.000333 -0.965926
vn -0.000000 0.000345 -1.000000
vn 0.258819 0.000333 -0.965926
vn -0.000000 0.000345 -1.000000
vn -0.000000 0.000345 -1.000000
vn 0.258819 0.000333 -0.965926
vn -0.000000 0.000345 -1.000000
vn 0.258819 0.000333 -0.965926
vn 0.499999 0.000299 -0.866026
vn 0.258819 0.000333 -0.965926
vn 0.258819 0.000333 -0.965926
vn 0.499999 0.000299 -0.866026
vn 0.258819 0.000333 -0.965926
vn 0.499999 0.000299 -0.866026
vn 0.707106 0.000244 -0.707108
vn 0.499999 0.000299 -0.866026
vn 0.499999 0.000299 -0.866026
vn 0.707106 0.000244 -0.707108
vn 0.499999 0.000299 -0.866026
vn 0.707106 0.000244 -0.707108
vn 0.866025 0.000173 -0.500000
vn 0.707106 0.000244 -0.707108
vn 0.707106 0.000244 -0.707108
vn 0.866025 0.000173 -0.500000
vn 0.707106 0.000244 -0.707108
vn 0.866025 0.000173 -0.500000
vn 0.965926 0.000089 -0.258817
vn 0.866025 0.000173 -0.500000
vn 0.866025 0.000173 -0.500000
vn 0.965926 0.000089 -0.258817
vn 0.866025 0.000173 -0.500000
vn 0.965926 0.000089 -0.258817
vn 1.000000 0.000000 0.000000
vn 0.965926 0.000089 -0.258817
vn 0.965926 0.000089 -0.258817
vn 1.000000 0.000000 0.000000
vn 0.965926 0.000089 -0.258817
vn 1.000000 0.000000 0.000000
vn 0.965926 -0.000089 0.258817
vn 1.000000 0.000000 0.000000
vn 1.000000 0.000000 0.000000
vn 0.965926 -0.000089 0.258817
vn 1.000000 0.000000 0.000000
vn 0.965926 -0.000089 0.258817
vn 0.866025 -0.000173 0.500000
vn 0.965926 -0.000089 0.258817
vn 0.965926 -0.000089 0.258817
vn 0.866025 -0.000173 0.500000
vn 0.965926 -0.000089 0.258817
vn 0.866025 -0.000173 0.500000
vn 0.707106 -0.000244 0.707108
vn 0.866025 -0.000173 0.500000
vn 0.866025 -0.000173 0.500000
vn 0.707106 -0.000244 0.707108
vn 0.866025 -0.000173 0.500000
vn 0.707106 -0.000244 0.707108
vn 0.499998 -0.000299 0.866026
vn 0.707106 -0.000244 0.707108
vn 0.707106 -0.000244 0.707108
vn 0.499998 -0.000299 0.866026
vn 0.707106 -0.000244 0.707108
vn 0.499998 -0.000299 0.866026
vn 0.258819 -0.000333 0.965926
vn 0.499998 -0.000299 0.866026
vn 0.499998 -0.000299 0.866026
vn 0.258819 -0.000333 0.965926
vn 0.499998 -0.000299 0.866026
vn 0.258819 -0.000333 0.965926
vn 0.000000 -0.000345 1.000000
vn 0.258819 -0.000333 0.965926
vn 0.258819 -0.000333 0.965926
vn 0.000000 -0.000345 1.000000
vn 0.258819 -0.000333 0.965926
vn 0.000000 -0.000345 1.000000
vn -0.258819 -0.000333 0.965926
vn 0.000000 -0.000345 1.000000
vn 0.000000 -0.000345 1.000000
vn -0.258819 -0.000333 0.965926
vn 0.000000 -0.000345 1.000000
vn -0.258819 -0.000333 0.965926
vn -0.499998 -0.000299 0.866026
vn -0.258819 -0.000333 0.965926
vn -0.258819 -0.000333 0.965926
vn -0.499998 -0.000299 0.866026
vn -0.258819 -0.000333 0.965926
vn -0.499998 -0.000299 0.866026
vn -0.707115 -0.000244 0.707099
vn -0.499998 -0.000299 0.866026
vn -0.499998 -0.000299 0.866026
vn -0.707115 -0.000244 0.707099
vn -0.499998 -0.000299 0.866026
vn -0.707115 -0.000244 0.707099
vn -0.866024 -0.000173 0.500002
vn -0.707115 -0.000244 0.707099
vn -0.707115 -0.000244 0.707099
vn -0.866024 -0.000173 0.500002
vn -0.707115 -0.000244 0.707099
vn -0.866024 -0.000173 0.500002
vn -0.965923 -0.000089 0.258831
vn -0.866024 -0.000173 0.500002
vn -0.866024 -0.000173 0.500002
vn -0.965923 -0.000089 0.258831
vn -0.866024 -0.000173 0.500002
vn -0.965923 -0.000089 0.258831
vn -1.000000 0.000000 0.000000
vn -0.965923 -0.000089 0.258831
vn -0.965923 -0.000089 0.258831
vn -1.000000 0.000000 0.000000
vn -0.965923 -0.000089 0.258831
vn -1.000000 0.000000 0.000000
vn -0.000002 1.000000 0.000345
vn 0.042124 0.996471 -0.072610
vn 0.021810 0.996473 -0.081025
vn -0.000002 1.000000 0.000345
vn 0.059559 0.996466 -0.059222
vn 0.042124 0.996471 -0.072610
vn -0.000002 1.000000 0.000345
vn 0.021810 0.996473 -0.081025
vn 0.000002 0.996475 -0.083895
vn -0.000002 1.000000 0.000345
vn 0.072938 0.996461 -0.041776
vn 0.059559 0.996466 -0.059222
vn -0.000002 1.000000 0.000345
vn 0.000002 0.996475 -0.083895
vn -0.021803 0.996474 -0.081025
vn -0.000002 1.000000 0.000345
vn 0.081369 0.996453 -0.021461
vn 0.072938 0.996461 -0.041776
vn -0.000002 1.000000 0.000345
vn -0.021803 0.996474 -0.081025
vn -0.042116 0.996471 -0.072609
vn -0.000002 1.000000 0.000345
vn 0.084239 0.996446 0.000344
vn 0.081369 0.996453 -0.021461
vn -0.000002 1.000000 0.000345
vn -0.042116 0.996471 -0.072609
vn -0.059573 0.996466 -0.059223
vn -0.000002 1.000000 0.000345
vn 0.081352 0.996439 0.022148
vn 0.084239 0.996446 0.000344
vn -0.000002 1.000000 0.000345
vn -0.059573 0.996466 -0.059223
vn -0.072959 0.996460 -0.041773
vn -0.000002 1.000000 0.000345
vn 0.072950 0.996431 0.042464
vn 0.081352 0.996439 0.022148
vn -0.000002 1.000000 0.000345
vn -0.072959 0.996460 -0.041773
vn -0.081370 0.996453 -0.021457
vn -0.000002 1.000000 0.000345
vn 0.059579 0.996424 0.059910
vn 0.072950 0.996431 0.042464
vn -0.000002 1.000000 0.000345
vn -0.081370 0.996453 -0.021457
vn -0.084236 0.996446 0.000344
vn -0.000002 1.000000 0.000345
vn 0.042118 0.996420 0.073297
vn 0.059579 0.996424 0.059910
vn -0.000002 1.000000 0.000345
vn -0.084236 0.996446 0.000344
vn -0.081365 0.996438 0.022145
vn -0.000002 1.000000 0.000345
vn 0.021803 0.996417 0.081713
vn 0.042118 0.996420 0.073297
vn -0.000002 1.000000 0.000345
vn -0.081365 0.996438 0.022145
vn -0.072955 0.996431 0.042461
vn -0.000002 1.000000 0.000345
vn 0.000000 0.996416 0.084583
vn 0.021803 0.996417 0.081713
vn -0.000002 1.000000 0.000345
vn -0.072955 0.996431 0.042461
vn -0.059568 0.996425 0.059910
vn -0.000002 1.000000 0.000345
vn -0.021803 0.996417 0.081713
vn 0.000000 0.996416 0.084583
vn -0.000002 1.000000 0.000345
vn -0.059568 0.996425 0.059910
vn -0.042111 0.996421 0.073297
vn -0.000002 1.000000 0.000345
vn -0.042111 0.996421 0.073297
vn -0.021803 0.996417 0.081713
vn 0.000002 1.000000 0.000345
vn -0.021809 0.996473 -0.081025
vn -0.042124 0.996471 -0.072610
vn 0.000002 1.000000 0.000345
vn -0.042124 0.996471 -0.072610
vn -0.059559 0.996466 -0.059224
vn 0.000002 1.000000 0.000345
vn 0.000002 0.996475 -0.083895
vn -0.021809 0.996473 -0.081025
vn 0.000002 1.000000 0.000345
vn -0.059559 0.996466 -0.059224
vn -0.072941 0.996461 -0.041776
vn 0.000002 1.000000 0.000345
vn 0.021806 0.996474 -0.081025
vn 0.000002 0.996475 -0.083895
vn 0.000002 1.000000 0.000345
vn -0.072941 0.996461 -0.041776
vn -0.081371 0.996453 -0.021461
vn 0.000002 1.000000 0.000345
vn 0.042116 0.996471 -0.072609
vn 0.021806 0.996474 -0.081025
vn 0.000002 1.000000 0.000345
vn -0.081371 0.996453 -0.021461
vn -0.084238 0.996446 0.000344
vn 0.000002 1.000000 0.000345
vn 0.059580 0.996465 -0.059222
vn 0.042116 0.996471 -0.072609
vn 0.000002 1.000000 0.000345
vn -0.084238 0.996446 0.000344
vn -0.081356 0.996439 0.022148
vn 0.000002 1.000000 0.000345
vn 0.072963 0.996459 -0.041775
vn 0.059580 0.996465 -0.059222
vn 0.000002 1.000000 0.000345
vn -0.081356 0.996439 0.022148
vn -0.072953 0.996431 0.042464
vn 0.000002 1.000000 0.000345
vn 0.081370 0.996453 -0.021457
vn 0.072963 0.996459 -0.041775
vn 0.000002 1.000000 0.000345
vn -0.072953 0.996431 0.042464
vn -0.059583 0.996424 0.059911
vn 0.000002 1.000000 0.000345
vn 0.084240 0.996445 0.000344
vn 0.081370 0.996453 -0.021457
vn 0.000002 1.000000 0.000345
vn -0.059583 0.996424 0.059911
vn -0.042118 0.996420 0.073297
vn 0.000002 1.000000 0.000345
vn 0.081364 0.996438 0.022145
vn 0.084240 0.996445 0.000344
vn 0.000002 1.000000 0.000345
vn -0.042118 0.996420 0.073297
vn -0.021802 0.996417 0.081713
vn 0.000002 1.000000 0.000345
vn 0.072953 0.996431 0.042462
vn 0.081364 0.996438 0.022145
vn 0.000002 1.000000 0.000345
vn -0.021802 0.996417 0.081713
vn 0.000000 0.996416 0.084583
vn 0.000002 1.000000 0.000345
vn 0.059572 0.996425 0.059910
vn 0.072953 0.996431 0.042462
vn 0.000002 1.000000 0.000345
vn 0.000000 0.996416 0.084583
vn 0.021806 0.996417 0.081712
vn 0.000002 1.000000 0.000345
vn 0.042115 0.996421 0.073297
vn 0.059572 0.996425 0.059910
vn 0.000002 1.000000 0.000345
vn 0.021806 0.996417 0.081712
vn 0.042115 0.996421 0.073297
vn 0.182223 -0.709907 -0.680314
vn 0.352039 -0.709926 -0.609978
vn 0.182225 -0.709907 -0.680313
vn 0.182223 -0.709907 -0.680314
vn 0.352035 -0.709926 -0.609980
vn 0.352039 -0.709926 -0.609978
vn 0.000000 -0.709899 -0.704303
vn 0.182223 -0.709907 -0.680314
vn 0.182225 -0.709907 -0.680313
vn 0.352035 -0.709926 -0.609980
vn 0.497842 -0.709972 -0.498089
vn 0.352039 -0.709926 -0.609978
vn 0.000000 -0.709899 -0.704303
vn 0.182225 -0.709907 -0.680313
vn 0.000000 -0.709899 -0.704303
vn 0.352035 -0.709926 -0.609980
vn 0.497843 -0.709972 -0.498088
vn 0.497842 -0.709972 -0.498089
vn -0.182216 -0.709905 -0.680318
vn 0.000000 -0.709899 -0.704303
vn 0.000000 -0.709899 -0.704303
vn 0.497843 -0.709972 -0.498088
vn 0.609718 -0.710035 -0.352270
vn 0.497842 -0.709972 -0.498089
vn -0.182216 -0.709905 -0.680318
vn 0.000000 -0.709899 -0.704303
vn -0.182219 -0.709905 -0.680317
vn 0.497843 -0.709972 -0.498088
vn 0.609719 -0.710035 -0.352269
vn 0.609718 -0.710035 -0.352270
vn -0.352029 -0.709930 -0.609980
vn -0.182216 -0.709905 -0.680318
vn -0.182219 -0.709905 -0.680317
vn 0.609719 -0.710035 -0.352269
vn 0.680050 -0.710098 -0.182463
vn 0.609718 -0.710035 -0.352270
vn -0.352029 -0.709930 -0.609980
vn -0.182219 -0.709905 -0.680317
vn -0.352032 -0.709930 -0.609978
vn 0.609719 -0.710035 -0.352269
vn 0.680050 -0.710098 -0.182463
vn 0.680050 -0.710098 -0.182463
vn -0.497850 -0.709973 -0.498081
vn -0.352029 -0.709930 -0.609980
vn -0.352032 -0.709930 -0.609978
vn 0.680050 -0.710098 -0.182463
vn 0.704065 -0.710136 -0.000248
vn 0.680050 -0.710098 -0.182463
vn -0.497850 -0.709973 -0.498081
vn -0.352032 -0.709930 -0.609978
vn -0.497849 -0.709972 -0.498082
vn 0.680050 -0.710098 -0.182463
vn 0.704065 -0.710136 -0.000248
vn 0.704065 -0.710136 -0.000248
vn -0.609729 -0.710025 -0.352271
vn -0.497850 -0.709973 -0.498081
vn -0.497849 -0.709972 -0.498082
vn 0.704065 -0.710136 -0.000248
vn 0.680077 -0.710199 0.181970
vn 0.704065 -0.710136 -0.000248
vn -0.609729 -0.710025 -0.352271
vn -0.497849 -0.709972 -0.498082
vn -0.609729 -0.710025 -0.352272
vn 0.704065 -0.710136 -0.000248
vn 0.680077 -0.710199 0.181970
vn 0.680077 -0.710199 0.181970
vn -0.680064 -0.710078 -0.182488
vn -0.609729 -0.710025 -0.352271
vn -0.609729 -0.710025 -0.352272
vn 0.680077 -0.710199 0.181970
vn 0.609710 -0.710283 0.351783
vn 0.680077 -0.710199 0.181970
vn -0.680064 -0.710078 -0.182488
vn -0.609729 -0.710025 -0.352272
vn -0.680064 -0.710078 -0.182490
vn 0.680077 -0.710199 0.181970
vn 0.609711 -0.710283 0.351782
vn 0.609710 -0.710283 0.351783
vn -0.704051 -0.710149 -0.000243
vn -0.680064 -0.710078 -0.182488
vn -0.680064 -0.710078 -0.182490
vn 0.609711 -0.710283 0.351782
vn 0.497823 -0.710325 0.497605
vn 0.609710 -0.710283 0.351783
vn -0.704051 -0.710149 -0.000243
vn -0.680064 -0.710078 -0.182490
vn -0.704051 -0.710149 -0.000243
vn 0.609711 -0.710283 0.351782
vn 0.497824 -0.710325 0.497604
vn 0.497823 -0.710325 0.497605
vn -0.680058 -0.710210 0.181997
vn -0.704051 -0.710149 -0.000243
vn -0.704051 -0.710149 -0.000243
vn 0.497824 -0.710325 0.497604
vn 0.352034 -0.710348 0.609489
vn 0.497823 -0.710325 0.497605
vn -0.680058 -0.710210 0.181997
vn -0.704051 -0.710149 -0.000243
vn -0.680058 -0.710210 0.181999
vn 0.497824 -0.710325 0.497604
vn 0.352030 -0.710348 0.609491
vn 0.352034 -0.710348 0.609489
vn -0.609737 -0.710263 0.351779
vn -0.680058 -0.710210 0.181997
vn -0.680058 -0.710210 0.181999
vn 0.352030 -0.710348 0.609491
vn 0.182231 -0.710376 0.679822
vn 0.352034 -0.710348 0.609489
vn -0.609737 -0.710263 0.351779
vn -0.680058 -0.710210 0.181999
vn -0.609736 -0.710263 0.351780
vn 0.352030 -0.710348 0.609491
vn 0.182229 -0.710376 0.679823
vn 0.182231 -0.710376 0.679822
vn -0.497850 -0.710316 0.497590
vn -0.609737 -0.710263 0.351779
vn -0.609736 -0.710263 0.351780
vn 0.182229 -0.710376 0.679823
vn 0.000000 -0.710386 0.703813
vn 0.182231 -0.710376 0.679822
vn -0.497850 -0.710316 0.497590
vn -0.609736 -0.710263 0.351780
vn -0.497849 -0.710316 0.497591
vn 0.182229 -0.710376 0.679823
vn 0.000000 -0.710386 0.703813
vn 0.000000 -0.710386 0.703813
vn -0.352034 -0.710349 0.609489
vn -0.497850 -0.710316 0.497590
vn -0.497849 -0.710316 0.497591
vn 0.000000 -0.710386 0.703813
vn -0.182225 -0.710374 0.679826
vn 0.000000 -0.710386 0.703813
vn -0.352034 -0.710349 0.609489
vn -0.497849 -0.710316 0.497591
vn -0.352037 -0.710349 0.609487
vn 0.000000 -0.710386 0.703813
vn -0.182222 -0.710374 0.679827
vn -0.182225 -0.710374 0.679826
vn -0.182222 -0.710374 0.679827
vn -0.352034 -0.710349 0.609489
vn -0.352037 -0.710349 0.609487
vn -0.182222 -0.710374 0.679827
vn -0.352037 -0.710349 0.609487
vn -0.182225 -0.710374 0.679826
vn -0.182222 -0.709904 -0.680317
vn -0.182225 -0.709904 -0.680316
vn -0.352036 -0.709927 -0.609979
vn -0.182222 -0.709904 -0.680317
vn -0.352036 -0.709927 -0.609979
vn -0.352033 -0.709927 -0.609981
vn 0.000000 -0.709896 -0.704306
vn -0.182225 -0.709904 -0.680316
vn -0.182222 -0.709904 -0.680317
vn -0.352033 -0.709927 -0.609981
vn -0.352036 -0.709927 -0.609979
vn -0.497846 -0.709973 -0.498084
vn 0.000000 -0.709896 -0.704306
vn 0.000000 -0.709896 -0.704306
vn -0.182225 -0.709904 -0.680316
vn -0.352033 -0.709927 -0.609981
vn -0.497846 -0.709973 -0.498084
vn -0.497847 -0.709973 -0.498083
vn 0.182216 -0.709905 -0.680317
vn 0.000000 -0.709896 -0.704306
vn 0.000000 -0.709896 -0.704306
vn -0.497847 -0.709973 -0.498083
vn -0.497846 -0.709973 -0.498084
vn -0.609725 -0.710032 -0.352263
vn 0.182216 -0.709905 -0.680317
vn 0.182219 -0.709905 -0.680317
vn 0.000000 -0.709896 -0.704306
vn -0.497847 -0.709973 -0.498083
vn -0.609725 -0.710032 -0.352263
vn -0.609726 -0.710032 -0.352262
vn 0.352029 -0.709930 -0.609980
vn 0.182219 -0.709905 -0.680317
vn 0.182216 -0.709905 -0.680317
vn -0.609726 -0.710032 -0.352262
vn -0.609725 -0.710032 -0.352263
vn -0.680052 -0.710096 -0.182462
vn 0.352029 -0.709930 -0.609980
vn 0.352032 -0.709930 -0.609978
vn 0.182219 -0.709905 -0.680317
vn -0.609726 -0.710032 -0.352262
vn -0.680052 -0.710096 -0.182462
vn -0.680052 -0.710096 -0.182462
vn 0.497848 -0.709974 -0.498081
vn 0.352032 -0.709930 -0.609978
vn 0.352029 -0.709930 -0.609980
vn -0.680052 -0.710096 -0.182462
vn -0.680052 -0.710096 -0.182462
vn -0.704064 -0.710137 -0.000248
vn 0.497848 -0.709974 -0.498081
vn 0.497847 -0.709974 -0.498082
vn 0.352032 -0.709930 -0.609978
vn -0.680052 -0.710096 -0.182462
vn -0.704064 -0.710137 -0.000248
vn -0.704064 -0.710137 -0.000248
vn 0.609729 -0.710028 -0.352266
vn 0.497847 -0.709974 -0.498082
vn 0.497848 -0.709974 -0.498081
vn -0.704064 -0.710137 -0.000248
vn -0.704064 -0.710137 -0.000248
vn -0.680079 -0.710198 0.181969
vn 0.609729 -0.710028 -0.352266
vn 0.609728 -0.710028 -0.352267
vn 0.497847 -0.709974 -0.498082
vn -0.704064 -0.710137 -0.000248
vn -0.680079 -0.710198 0.181969
vn -0.680078 -0.710198 0.181969
vn 0.680069 -0.710075 -0.182481
vn 0.609728 -0.710028 -0.352267
vn 0.609729 -0.710028 -0.352266
vn -0.680078 -0.710198 0.181969
vn -0.680079 -0.710198 0.181969
vn -0.609713 -0.710284 0.351778
vn 0.680069 -0.710075 -0.182481
vn 0.680069 -0.710075 -0.182483
vn 0.609728 -0.710028 -0.352267
vn -0.680078 -0.710198 0.181969
vn -0.609713 -0.710284 0.351778
vn -0.609713 -0.710284 0.351777
vn 0.704056 -0.710144 -0.000243
vn 0.680069 -0.710075 -0.182483
vn 0.680069 -0.710075 -0.182481
vn -0.609713 -0.710284 0.351777
vn -0.609713 -0.710284 0.351778
vn -0.497827 -0.710326 0.497599
vn 0.704056 -0.710144 -0.000243
vn 0.704056 -0.710144 -0.000243
vn 0.680069 -0.710075 -0.182483
vn -0.609713 -0.710284 0.351777
vn -0.497827 -0.710326 0.497599
vn -0.497828 -0.710326 0.497598
vn 0.680058 -0.710212 0.181992
vn 0.704056 -0.710144 -0.000243
vn 0.704056 -0.710144 -0.000243
vn -0.497828 -0.710326 0.497598
vn -0.497827 -0.710326 0.497599
vn -0.352039 -0.710347 0.609488
vn 0.680058 -0.710212 0.181992
vn 0.680057 -0.710212 0.181993
vn 0.704056 -0.710144 -0.000243
vn -0.497828 -0.710326 0.497598
vn -0.352039 -0.710347 0.609488
vn -0.352036 -0.710347 0.609490
vn 0.609735 -0.710266 0.351774
vn 0.680057 -0.710212 0.181993
vn 0.680058 -0.710212 0.181992
vn -0.352036 -0.710347 0.609490
vn -0.352039 -0.710347 0.609488
vn -0.182231 -0.710373 0.679825
vn 0.609735 -0.710266 0.351774
vn 0.609735 -0.710266 0.351775
vn 0.680057 -0.710212 0.181993
vn -0.352036 -0.710347 0.609490
vn -0.182231 -0.710373 0.679825
vn -0.182228 -0.710373 0.679826
vn 0.497853 -0.710315 0.497590
vn 0.609735 -0.710266 0.351775
vn 0.609735 -0.710266 0.351774
vn -0.182228 -0.710373 0.679826
vn -0.182231 -0.710373 0.679825
vn 0.000000 -0.710382 0.703816
vn 0.497853 -0.710315 0.497590
vn 0.497852 -0.710315 0.497590
vn 0.609735 -0.710266 0.351775
vn -0.182228 -0.710373 0.679826
vn 0.000000 -0.710382 0.703816
vn 0.000000 -0.710382 0.703816
vn 0.352037 -0.710348 0.609488
vn 0.497852 -0.710315 0.497590
vn 0.497853 -0.710315 0.497590
vn 0.000000 -0.710382 0.703816
vn 0.000000 -0.710382 0.703816
vn 0.182225 -0.710374 0.679826
vn 0.352037 -0.710348 0.609488
vn 0.352040 -0.710348 0.609486
vn 0.497852 -0.710315 0.497590
vn 0.000000 -0.710382 0.703816
vn 0.182225 -0.710374 0.679826
vn 0.182222 -0.710374 0.679827
vn 0.182222 -0.710374 0.679827
vn 0.352040 -0.710348 0.609486
vn 0.352037 -0.710348 0.609488
vn 0.182222 -0.710374 0.679827
vn 0.182225 -0.710374 0.679826
vn 0.352040 -0.710348 0.609486
vn -0.000016 -1.000000 -0.000345
vn 0.000000 -1.000000 -0.000345
vn 0.000000 -1.000000 -0.000345
vn -0.000016 -1.000000 -0.000345
vn 0.000000 -1.000000 -0.000345
vn -0.000016 -1.000000 -0.000345
vn 0.000000 -1.000000 -0.000345
vn 0.000000 -1.000000 -0.000345
vn 0.000000 -1.000000 -0.000345
vn -0.000016 -1.000000 -0.000345
vn -0.000016 -1.000000 -0.000345
vn -0.000016 -1.000000 -0.000345
vn 0.000000 -1.000000 -0.000345
vn 0.000000 -1.000000 -0.000345
vn 0.000000 -1.000000 -0.000345
vn -0.000016 -1.000000 -0.000345
vn -0.000016 -1.000000 -0.000345
vn -0.000016 -1.000000 -0.000345
vn 0.000000 -1.000000 -0.000345
vn 0.000008 -1.000000 -0.000345
vn 0.000000 -1.000000 -0.000345
vn 0.000000 -1.000000 -0.000345
vn -0.000016 -1.000000 -0.000345
vn -0.000016 -1.000000 -0.000345
vn 0.000000 -1.000000 -0.000345
vn 0.000008 -1.000000 -0.000345
vn 0.000008 -1.000000 -0.000345
vn 0.000000 -1.000000 -0.000345
vn -0.000016 -1.000000 -0.000345
vn 0.000000 -1.000000 -0.000345
vn 0.000008 -1.000000 -0.000345
vn 0.000008 -1.000000 -0.000345
vn 0.000008 -1.000000 -0.000345
vn 0.000000 -1.000000 -0.000345
vn 0.000000 -1.000000 -0.000345
vn 0.000000 -1.000000 -0.000345
vn 0.000008 -1.000000 -0.000345
vn 0.000008 -1.000000 -0.000345
vn 0.000008 -1.000000 -0.000345
vn 0.000000 -1.000000 -0.000345
vn 0.000000 -1.000000 -0.000345
vn 0.000000 -1.000000 -0.000345
vn 0.000008 -1.000000 -0.000345
vn 0.000016 -1.000000 -0.000345
vn 0.000008 -1.000000 -0.000345
vn 0.000016 -1.000000 -0.000345
vn 0.000000 -1.000000 -0.000345
vn 0.000000 -1.000000 -0.000345
vn 0.000008 -1.000000 -0.000345
vn 0.000016 -1.000000 -0.000345
vn 0.000016 -1.000000 -0.000345
vn 0.000016 -1.000000 -0.000345
vn 0.000000 -1.000000 -0.000345
vn 0.000016 -1.000000 -0.000345
vn 0.000016 -1.000000 -0.000345
vn 0.000016 -1.000000 -0.000345
vn 0.000016 -1.000000 -0.000345
vn 0.000031 -1.000000 -0.000345
vn 0.000016 -1.000000 -0.000345
vn 0.000016 -1.000000 -0.000345
vn 0.000016 -1.000000 -0.000345
vn 0.000016 -1.000000 -0.000345
vn 0.000016 -1.000000 -0.000345
vn 0.000031 -1.000000 -0.000345
vn 0.000016 -1.000000 -0.000345
vn 0.000031 -1.000000 -0.000345
vn 0.000016 -1.000000 -0.000345
vn 0.000016 -1.000000 -0.000345
vn 0.000016 -1.000000 -0.000345
vn 0.000000 -1.000000 -0.000345
vn 0.000031 -1.000000 -0.000345
vn 0.000031 -1.000000 -0.000345
vn 0.000016 -1.000000 -0.000345
vn 0.000016 -1.000000 -0.000345
vn 0.000016 -1.000000 -0.000345
vn 0.000000 -1.000000 -0.000345
vn 0.000031 -1.000000 -0.000345
vn 0.000000 -1.000000 -0.000345
vn 0.000016 -1.000000 -0.000345
vn 0.000016 -1.000000 -0.000345
vn 0.000016 -1.000000 -0.000345
vn -0.000016 -1.000000 -0.000345
vn 0.000000 -1.000000 -0.000345
vn 0.000000 -1.000000 -0.000345
vn 0.000016 -1.000000 -0.000345
vn 0.000016 -1.000000 -0.000345
vn 0.000016 -1.000000 -0.000345
vn -0.000016 -1.000000 -0.000345
vn 0.000000 -1.000000 -0.000345
vn -0.000016 -1.000000 -0.000345
vn 0.000016 -1.000000 -0.000345
vn -0.000031 -1.000000 -0.000345
vn 0.000016 -1.000000 -0.000345
vn -0.000008 -1.000000 -0.000345
vn -0.000016 -1.000000 -0.000345
vn -0.000016 -1.000000 -0.000345
vn 0.000016 -1.000000 -0.000345
vn -0.000031 -1.000000 -0.000345
vn -0.000031 -1.000000 -0.000345
vn -0.000008 -1.000000 -0.000345
vn -0.000016 -1.000000 -0.000345
vn -0.000008 -1.000000 -0.000345
vn -0.000031 -1.000000 -0.000345
vn -0.000031 -1.000000 -0.000345
vn -0.000031 -1.000000 -0.000345
vn 0.000000 -1.000000 -0.000345
vn -0.000008 -1.000000 -0.000345
vn -0.000008 -1.000000 -0.000345
vn -0.000031 -1.000000 -0.000345
vn -0.000031 -1.000000 -0.000345
vn -0.000031 -1.000000 -0.000345
vn 0.000000 -1.000000 -0.000345
vn -0.000008 -1.000000 -0.000345
vn 0.000000 -1.000000 -0.000345
vn -0.000031 -1.000000 -0.000345
vn 0.000000 -1.000000 -0.000345
vn -0.000031 -1.000000 -0.000345
vn 0.000008 -1.000000 -0.000345
vn 0.000000 -1.000000 -0.000345
vn 0.000000 -1.000000 -0.000345
vn -0.000031 -1.000000 -0.000345
vn 0.000000 -1.000000 -0.000345
vn 0.000000 -1.000000 -0.000345
vn 0.000008 -1.000000 -0.000345
vn 0.000000 -1.000000 -0.000345
vn 0.000008 -1.000000 -0.000345
vn 0.000000 -1.000000 -0.000345
vn -0.000016 -1.000000 -0.000345
vn 0.000000 -1.000000 -0.000345
vn -0.000016 -1.000000 -0.000345
vn 0.000008 -1.000000 -0.000345
vn 0.000008 -1.000000 -0.000345
vn 0.000000 -1.000000 -0.000345
vn -0.000016 -1.000000 -0.000345
vn -0.000016 -1.000000 -0.000345
vn -0.000016 -1.000000 -0.000345
vn 0.000008 -1.000000 -0.000345
vn -0.000016 -1.000000 -0.000345
vn -0.000016 -1.000000 -0.000345
vn -0.000016 -1.000000 -0.000345
vn -0.000016 -1.000000 -0.000345
vn -0.000016 -1.000000 -0.000345
vn -0.000016 -1.000000 -0.000345
vn -0.000016 -1.000000 -0.000345
vn 0.000018 -1.000000 -0.000345
vn 0.000012 -1.000000 -0.000345
vn 0.000012 -1.000000 -0.000345
vn 0.000018 -1.000000 -0.000345
vn 0.000018 -1.000000 -0.000345
vn 0.000012 -1.000000 -0.000345
vn 0.000012 -1.000000 -0.000345
vn 0.000012 -1.000000 -0.000345
vn 0.000000 -1.000000 -0.000345
vn 0.000007 -1.000000 -0.000345
vn 0.000018 -1.000000 -0.000345
vn 0.000018 -1.000000 -0.000345
vn 0.000012 -1.000000 -0.000345
vn 0.000000 -1.000000 -0.000345
vn 0.000000 -1.000000 -0.000345
vn 0.000007 -1.000000 -0.000345
vn 0.000007 -1.000000 -0.000345
vn 0.000018 -1.000000 -0.000345
vn 0.000000 -1.000000 -0.000345
vn 0.000000 -1.000000 -0.000345
vn 0.000000 -1.000000 -0.000345
vn -0.000004 -1.000000 -0.000345
vn 0.000007 -1.000000 -0.000345
vn 0.000007 -1.000000 -0.000345
vn 0.000000 -1.000000 -0.000345
vn 0.000000 -1.000000 -0.000345
vn 0.000000 -1.000000 -0.000345
vn -0.000004 -1.000000 -0.000345
vn -0.000004 -1.000000 -0.000345
vn 0.000007 -1.000000 -0.000345
vn 0.000000 -1.000000 -0.000345
vn 0.000000 -1.000000 -0.000345
vn -0.000008 -1.000000 -0.000345
vn -0.000018 -1.000000 -0.000345
vn -0.000004 -1.000000 -0.000345
vn -0.000004 -1.000000 -0.000345
vn 0.000000 -1.000000 -0.000345
vn -0.000008 -1.000000 -0.000345
vn -0.000008 -1.000000 -0.000345
vn -0.000018 -1.000000 -0.000345
vn -0.000018 -1.000000 -0.000345
vn -0.000004 -1.000000 -0.000345
vn -0.000008 -1.000000 -0.000345
vn -0.000008 -1.000000 -0.000345
vn -0.000008 -1.000000 -0.000345
vn -0.000020 -1.000000 -0.000345
vn -0.000018 -1.000000 -0.000345
vn -0.000018 -1.000000 -0.000345
vn -0.000008 -1.000000 -0.000345
vn -0.000008 -1.000000 -0.000345
vn -0.000008 -1.000000 -0.000345
vn -0.000020 -1.000000 -0.000345
vn -0.000020 -1.000000 -0.000345
vn -0.000018 -1.000000 -0.000345
vn -0.000008 -1.000000 -0.000345
vn -0.000008 -1.000000 -0.000345
vn -0.000016 -1.000000 -0.000345
vn 0.000008 -1.000000 -0.000345
vn -0.000020 -1.000000 -0.000345
vn -0.000020 -1.000000 -0.000345
vn -0.000008 -1.000000 -0.000345
vn -0.000016 -1.000000 -0.000345
vn -0.000016 -1.000000 -0.000345
vn 0.000008 -1.000000 -0.000345
vn 0.000008 -1.000000 -0.000345
vn -0.000020 -1.000000 -0.000345
vn -0.000016 -1.000000 -0.000345
vn -0.000016 -1.000000 -0.000345
vn -0.000024 -1.000000 -0.000345
vn 0.000016 -1.000000 -0.000345
vn 0.000008 -1.000000 -0.000345
vn 0.000008 -1.000000 -0.000345
vn -0.000016 -1.000000 -0.000345
vn -0.000024 -1.000000 -0.000345
vn -0.000024 -1.000000 -0.000345
vn 0.000016 -1.000000 -0.000345
vn 0.000016 -1.000000 -0.000345
vn 0.000008 -1.000000 -0.000345
vn -0.000024 -1.000000 -0.000345
vn -0.000024 -1.000000 -0.000345
vn -0.000020 -1.000000 -0.000345
vn 0.000008 -1.000000 -0.000345
vn 0.000016 -1.000000 -0.000345
vn 0.000016 -1.000000 -0.000345
vn -0.000024 -1.000000 -0.000345
vn -0.000020 -1.000000 -0.000345
vn -0.000020 -1.000000 -0.000345
vn 0.000008 -1.000000 -0.000345
vn 0.000008 -1.000000 -0.000345
vn 0.000016 -1.000000 -0.000345
vn -0.000020 -1.000000 -0.000345
vn -0.000020 -1.000000 -0.000345
vn -0.000012 -1.000000 -0.000345
vn 0.000000 -1.000000 -0.000345
vn 0.000008 -1.000000 -0.000345
vn 0.000008 -1.000000 -0.000345
vn -0.000020 -1.000000 -0.000345
vn -0.000012 -1.000000 -0.000345
vn -0.000012 -1.000000 -0.000345
vn 0.000000 -1.000000 -0.000345
vn 0.000000 -1.000000 -0.000345
vn 0.000008 -1.000000 -0.000345
vn -0.000012 -1.000000 -0.000345
vn -0.000012 -1.000000 -0.000345
vn 0.000027 -1.000000 -0.000345
vn -0.000008 -1.000000 -0.000345
vn 0.000000 -1.000000 -0.000345
vn 0.000000 -1.000000 -0.000345
vn -0.000012 -1.000000 -0.000345
vn 0.000027 -1.000000 -0.000345
vn 0.000027 -1.000000 -0.000345
vn -0.000008 -1.000000 -0.000345
vn -0.000008 -1.000000 -0.000345
vn 0.000000 -1.000000 -0.000345
vn 0.000027 -1.000000 -0.000345
vn 0.000027 -1.000000 -0.000345
vn 0.000013 -1.000000 -0.000345
vn 0.000008 -1.000000 -0.000345
vn -0.000008 -1.000000 -0.000345
vn -0.000008 -1.000000 -0.000345
vn 0.000027 -1.000000 -0.000345
vn 0.000013 -1.000000 -0.000345
vn 0.000013 -1.000000 -0.000345
vn 0.000008 -1.000000 -0.000345
vn 0.000008 -1.000000 -0.000345
vn -0.000008 -1.000000 -0.000345
vn 0.000013 -1.000000 -0.000345
vn 0.000013 -1.000000 -0.000345
vn -0.000014 -1.000000 -0.000345
vn 0.000008 -1.000000 -0.000345
vn 0.000008 -1.000000 -0.000345
vn 0.000008 -1.000000 -0.000345
vn 0.000013 -1.000000 -0.000345
vn -0.000014 -1.000000 -0.000345
vn -0.000014 -1.000000 -0.000345
vn 0.000008 -1.000000 -0.000345
vn 0.000008 -1.000000 -0.000345
vn 0.000008 -1.000000 -0.000345
vn -0.000014 -1.000000 -0.000345
vn 0.000008 -1.000000 -0.000345
vn 0.000008 -1.000000 -0.000345
vn -0.000014 -1.000000 -0.000345
vn -0.000014 -1.000000 -0.000345
vn 0.000008 -1.000000 -0.000345
s off
g chain_link_fence group39 Posts_low
usemtl Brackets_lowSG
f 865/1337/4477 867/1339/4478 866/1338/4479
f 865/1337/4480 868/1340/4481 867/1339/4482
f 869/1341/4483 868/1340/4484 865/1337/4485
f 870/1342/4486 867/1339/4487 868/1340/4488
f 869/1341/4489 871/1343/4490 868/1340/4491
f 872/1344/4492 871/1343/4493 869/1341/4494
f 870/1342/4495 868/1340/4496 873/1345/4497
f 873/1345/4498 868/1340/4499 871/1343/4500
f 874/1346/4501 870/1342/4502 873/1345/4503
f 872/1344/4504 875/1347/4505 871/1343/4506
f 876/1348/4507 875/1347/4508 872/1344/4509
f 874/1346/4510 873/1345/4511 877/1349/4512
f 878/1350/4513 874/1346/4514 877/1349/4515
f 873/1345/4516 871/1343/4517 879/1351/4518
f 879/1351/4519 871/1343/4520 875/1347/4521
f 877/1349/4522 873/1345/4523 879/1351/4524
f 876/1348/4525 880/1352/4526 875/1347/4527
f 881/1353/4528 880/1352/4529 876/1348/4530
f 878/1350/4531 877/1349/4532 882/1354/4533
f 883/1355/4534 878/1350/4535 882/1354/4536
f 879/1351/4537 875/1347/4538 884/1356/4539
f 884/1356/4540 875/1347/4541 880/1352/4542
f 877/1349/4543 879/1351/4544 885/1357/4545
f 882/1354/4546 877/1349/4547 885/1357/4548
f 885/1357/4549 879/1351/4550 884/1356/4551
f 881/1353/4552 886/1358/4553 880/1352/4554
f 887/1359/4555 886/1358/4556 881/1353/4557
f 883/1355/4558 882/1354/4559 888/1360/4560
f 889/1361/4561 883/1355/4562 888/1360/4563
f 889/1361/4564 888/1360/4565 890/1362/4566
f 882/1354/4567 885/1357/4568 891/1363/4569
f 888/1360/4570 882/1354/4571 891/1363/4572
f 890/1362/4573 888/1360/4574 892/1364/4575
f 888/1360/4576 891/1363/4577 892/1364/4578
f 890/1362/4579 892/1364/4580 893/1365/4581
f 884/1356/4582 880/1352/4583 894/1366/4584
f 894/1366/4585 880/1352/4586 886/1358/4587
f 885/1357/4588 884/1356/4589 895/1367/4590
f 891/1363/4591 885/1357/4592 895/1367/4593
f 895/1367/4594 884/1356/4595 894/1366/4596
f 887/1359/4597 896/1368/4598 886/1358/4599
f 897/1369/4600 896/1368/4601 887/1359/4602
f 893/1365/4603 892/1364/4604 898/1370/4605
f 893/1365/4606 898/1370/4607 899/1371/4608
f 892/1364/4609 891/1363/4610 900/1372/4611
f 891/1363/4612 895/1367/4613 900/1372/4614
f 892/1364/4615 900/1372/4616 898/1370/4617
f 894/1366/4618 886/1358/4619 901/1373/4620
f 901/1373/4621 886/1358/4622 896/1368/4623
f 895/1367/4624 894/1366/4625 902/1374/4626
f 900/1372/4627 895/1367/4628 902/1374/4629
f 902/1374/4630 894/1366/4631 901/1373/4632
f 897/1369/4633 903/1375/4634 896/1368/4635
f 904/1376/4636 903/1375/4637 897/1369/4638
f 899/1371/4639 898/1370/4640 905/1377/4641
f 899/1371/4642 905/1377/4643 906/1378/4644
f 898/1370/4645 900/1372/4646 907/1379/4647
f 900/1372/4648 902/1374/4649 907/1379/4650
f 898/1370/4651 907/1379/4652 905/1377/4653
f 901/1373/4654 896/1368/4655 908/1380/4656
f 908/1380/4657 896/1368/4658 903/1375/4659
f 902/1374/4660 901/1373/4661 909/1381/4662
f 907/1379/4663 902/1374/4664 909/1381/4665
f 909/1381/4666 901/1373/4667 908/1380/4668
f 904/1376/4669 910/1382/4670 903/1375/4671
f 911/1383/4672 910/1382/4673 904/1376/4674
f 906/1378/4675 905/1377/4676 912/1384/4677
f 906/1378/4678 912/1384/4679 913/1385/4680
f 905/1377/4681 907/1379/4682 914/1386/4683
f 907/1379/4684 909/1381/4685 914/1386/4686
f 905/1377/4687 914/1386/4688 912/1384/4689
f 909/1381/4690 908/1380/4691 915/1387/4692
f 914/1386/4693 909/1381/4694 915/1387/4695
f 908/1380/4696 903/1375/4697 916/1388/4698
f 916/1388/4699 903/1375/4700 910/1382/4701
f 915/1387/4702 908/1380/4703 916/1388/4704
f 911/1383/4705 917/1389/4706 910/1382/4707
f 918/1390/4708 917/1389/4709 911/1383/4710
f 913/1385/4711 912/1384/4712 919/1391/4713
f 913/1385/4714 919/1391/4715 920/1392/4716
f 912/1384/4717 914/1386/4718 921/1393/4719
f 914/1386/4720 915/1387/4721 921/1393/4722
f 912/1384/4723 921/1393/4724 919/1391/4725
f 916/1388/4726 910/1382/4727 922/1394/4728
f 922/1394/4729 910/1382/4730 917/1389/4731
f 915/1387/4732 916/1388/4733 923/1395/4734
f 921/1393/4735 915/1387/4736 923/1395/4737
f 923/1395/4738 916/1388/4739 922/1394/4740
f 918/1390/4741 924/1396/4742 917/1389/4743
f 925/1397/4744 924/1396/4745 918/1390/4746
f 920/1392/4747 919/1391/4748 926/1398/4749
f 920/1392/4750 926/1398/4751 927/1399/4752
f 919/1391/4753 921/1393/4754 928/1400/4755
f 921/1393/4756 923/1395/4757 928/1400/4758
f 919/1391/4759 928/1400/4760 926/1398/4761
f 922/1394/4762 917/1389/4763 929/1401/4764
f 929/1401/4765 917/1389/4766 924/1396/4767
f 923/1395/4768 922/1394/4769 930/1402/4770
f 928/1400/4771 923/1395/4772 930/1402/4773
f 930/1402/4774 922/1394/4775 929/1401/4776
f 925/1397/4777 931/1403/4778 924/1396/4779
f 932/1404/4780 931/1403/4781 925/1397/4782
f 927/1399/4783 926/1398/4784 933/1405/4785
f 927/1399/4786 933/1405/4787 934/1406/4788
f 926/1398/4789 928/1400/4790 935/1407/4791
f 928/1400/4792 930/1402/4793 935/1407/4794
f 926/1398/4795 935/1407/4796 933/1405/4797
f 929/1401/4798 924/1396/4799 936/1408/4800
f 936/1408/4801 924/1396/4802 931/1403/4803
f 930/1402/4804 929/1401/4805 937/1409/4806
f 935/1407/4807 930/1402/4808 937/1409/4809
f 937/1409/4810 929/1401/4811 936/1408/4812
f 932/1404/4813 938/1410/4814 931/1403/4815
f 939/1411/4816 938/1410/4817 932/1404/4818
f 934/1406/4819 933/1405/4820 940/1412/4821
f 934/1406/4822 940/1412/4823 941/1413/4824
f 933/1405/4825 935/1407/4826 942/1414/4827
f 935/1407/4828 937/1409/4829 942/1414/4830
f 933/1405/4831 942/1414/4832 940/1412/4833
f 936/1408/4834 931/1403/4835 943/1415/4836
f 943/1415/4837 931/1403/4838 938/1410/4839
f 937/1409/4840 936/1408/4841 944/1416/4842
f 942/1414/4843 937/1409/4844 944/1416/4845
f 944/1416/4846 936/1408/4847 943/1415/4848
f 939/1411/4849 945/1417/4850 938/1410/4851
f 946/1418/4852 945/1417/4853 939/1411/4854
f 941/1413/4855 940/1412/4856 947/1419/4857
f 941/1413/4858 947/1419/4859 948/1420/4860
f 940/1412/4861 942/1414/4862 949/1421/4863
f 942/1414/4864 944/1416/4865 949/1421/4866
f 940/1412/4867 949/1421/4868 947/1419/4869
f 943/1415/4870 938/1410/4871 950/1422/4872
f 950/1422/4873 938/1410/4874 945/1417/4875
f 944/1416/4876 943/1415/4877 951/1423/4878
f 949/1421/4879 944/1416/4880 951/1423/4881
f 951/1423/4882 943/1415/4883 950/1422/4884
f 946/1418/4885 952/1424/4886 945/1417/4887
f 953/1425/4888 952/1424/4889 946/1418/4890
f 948/1420/4891 947/1419/4892 954/1426/4893
f 948/1420/4894 954/1426/4895 955/1427/4896
f 947/1419/4897 949/1421/4898 956/1428/4899
f 949/1421/4900 951/1423/4901 956/1428/4902
f 947/1419/4903 956/1428/4904 954/1426/4905
f 950/1422/4906 945/1417/4907 957/1429/4908
f 957/1429/4909 945/1417/4910 952/1424/4911
f 951/1423/4912 950/1422/4913 958/1430/4914
f 956/1428/4915 951/1423/4916 958/1430/4917
f 958/1430/4918 950/1422/4919 957/1429/4920
f 953/1425/4921 959/1431/4922 952/1424/4923
f 960/1432/4924 959/1431/4925 953/1425/4926
f 955/1427/4927 954/1426/4928 961/1433/4929
f 955/1427/4930 961/1433/4931 962/1434/4932
f 954/1426/4933 956/1428/4934 963/1435/4935
f 956/1428/4936 958/1430/4937 963/1435/4938
f 954/1426/4939 963/1435/4940 961/1433/4941
f 957/1429/4942 952/1424/4943 964/1436/4944
f 964/1436/4945 952/1424/4946 959/1431/4947
f 958/1430/4948 957/1429/4949 965/1437/4950
f 963/1435/4951 958/1430/4952 965/1437/4953
f 965/1437/4954 957/1429/4955 964/1436/4956
f 960/1432/4957 966/1438/4958 959/1431/4959
f 967/1439/4960 966/1438/4961 960/1432/4962
f 962/1434/4963 961/1433/4964 968/1440/4965
f 962/1434/4966 968/1440/4967 969/1441/4968
f 961/1433/4969 963/1435/4970 970/1442/4971
f 963/1435/4972 965/1437/4973 970/1442/4974
f 961/1433/4975 970/1442/4976 968/1440/4977
f 964/1436/4978 959/1431/4979 971/1443/4980
f 971/1443/4981 959/1431/4982 966/1438/4983
f 965/1437/4984 964/1436/4985 972/1444/4986
f 970/1442/4987 965/1437/4988 972/1444/4989
f 972/1444/4990 964/1436/4991 971/1443/4992
f 967/1439/4993 973/1445/4994 966/1438/4995
f 974/1446/4996 973/1445/4997 967/1439/4998
f 969/1441/4999 968/1440/5000 975/1447/5001
f 969/1441/5002 975/1447/5003 976/1448/5004
f 968/1440/5005 970/1442/5006 977/1449/5007
f 970/1442/5008 972/1444/5009 977/1449/5010
f 968/1440/5011 977/1449/5012 975/1447/5013
f 971/1443/5014 966/1438/5015 978/1450/5016
f 978/1450/5017 966/1438/5018 973/1445/5019
f 972/1444/5020 971/1443/5021 979/1451/5022
f 977/1449/5023 972/1444/5024 979/1451/5025
f 979/1451/5026 971/1443/5027 978/1450/5028
f 974/1446/5029 980/1452/5030 973/1445/5031
f 981/1453/5032 980/1452/5033 974/1446/5034
f 976/1448/5035 975/1447/5036 982/1454/5037
f 976/1448/5038 982/1454/5039 983/1455/5040
f 975/1447/5041 977/1449/5042 984/1456/5043
f 977/1449/5044 979/1451/5045 984/1456/5046
f 975/1447/5047 984/1456/5048 982/1454/5049
f 978/1450/5050 973/1445/5051 985/1457/5052
f 985/1457/5053 973/1445/5054 980/1452/5055
f 979/1451/5056 978/1450/5057 986/1458/5058
f 984/1456/5059 979/1451/5060 986/1458/5061
f 986/1458/5062 978/1450/5063 985/1457/5064
f 981/1453/5065 987/1459/5066 980/1452/5067
f 988/1460/5068 987/1459/5069 981/1453/5070
f 983/1455/5071 982/1454/5072 989/1461/5073
f 983/1455/5074 989/1461/5075 990/1462/5076
f 982/1454/5077 984/1456/5078 991/1463/5079
f 984/1456/5080 986/1458/5081 991/1463/5082
f 982/1454/5083 991/1463/5084 989/1461/5085
f 985/1457/5086 980/1452/5087 992/1464/5088
f 992/1464/5089 980/1452/5090 987/1459/5091
f 986/1458/5092 985/1457/5093 993/1465/5094
f 991/1463/5095 986/1458/5096 993/1465/5097
f 993/1465/5098 985/1457/5099 992/1464/5100
f 988/1460/5101 994/1466/5102 987/1459/5103
f 995/1467/5104 994/1466/5105 988/1460/5106
f 990/1462/5107 989/1461/5108 996/1468/5109
f 990/1462/5110 996/1468/5111 997/1469/5112
f 989/1461/5113 991/1463/5114 998/1470/5115
f 991/1463/5116 993/1465/5117 998/1470/5118
f 989/1461/5119 998/1470/5120 996/1468/5121
f 992/1464/5122 987/1459/5123 999/1471/5124
f 999/1471/5125 987/1459/5126 994/1466/5127
f 993/1465/5128 992/1464/5129 1000/1472/5130
f 998/1470/5131 993/1465/5132 1000/1472/5133
f 1000/1472/5134 992/1464/5135 999/1471/5136
f 995/1467/5137 1001/1473/5138 994/1466/5139
f 1002/1474/5140 1001/1473/5141 995/1467/5142
f 997/1469/5143 996/1468/5144 1003/1475/5145
f 997/1469/5146 1003/1475/5147 1004/1476/5148
f 996/1468/5149 998/1470/5150 1005/1477/5151
f 998/1470/5152 1000/1472/5153 1005/1477/5154
f 996/1468/5155 1005/1477/5156 1003/1475/5157
f 999/1471/5158 994/1466/5159 1006/1478/5160
f 1006/1478/5161 994/1466/5162 1001/1473/5163
f 1000/1472/5164 999/1471/5165 1007/1479/5166
f 1005/1477/5167 1000/1472/5168 1007/1479/5169
f 1007/1479/5170 999/1471/5171 1006/1478/5172
f 1002/1474/5173 1008/1480/5174 1001/1473/5175
f 1009/1481/5176 1008/1480/5177 1002/1474/5178
f 1004/1476/5179 1003/1475/5180 1010/1482/5181
f 1004/1476/5182 1010/1482/5183 1011/1483/5184
f 1003/1475/5185 1005/1477/5186 1012/1484/5187
f 1005/1477/5188 1007/1479/5189 1012/1484/5190
f 1003/1475/5191 1012/1484/5192 1010/1482/5193
f 1006/1478/5194 1001/1473/5195 1013/1485/5196
f 1013/1485/5197 1001/1473/5198 1008/1480/5199
f 1007/1479/5200 1006/1478/5201 1014/1486/5202
f 1012/1484/5203 1007/1479/5204 1014/1486/5205
f 1014/1486/5206 1006/1478/5207 1013/1485/5208
f 1009/1481/5209 1015/1487/5210 1008/1480/5211
f 866/1488/5212 1015/1487/5213 1009/1481/5214
f 866/1488/5215 867/1489/5216 1015/1487/5217
f 1011/1483/5218 1010/1482/5219 1016/1490/5220
f 1011/1483/5221 1016/1490/5222 1017/1491/5223
f 1010/1482/5224 1012/1484/5225 1018/1492/5226
f 1012/1484/5227 1014/1486/5228 1018/1492/5229
f 1010/1482/5230 1018/1492/5231 1016/1490/5232
f 1013/1485/5233 1008/1480/5234 1019/1493/5235
f 1019/1493/5236 1008/1480/5237 1015/1487/5238
f 1020/1494/5239 1015/1487/5240 867/1489/5241
f 1019/1493/5242 1015/1487/5243 1020/1494/5244
f 1020/1494/5245 867/1489/5246 870/1495/5247
f 1014/1486/5248 1013/1485/5249 1021/1496/5250
f 1018/1492/5251 1014/1486/5252 1021/1496/5253
f 1021/1496/5254 1013/1485/5255 1019/1493/5256
f 1017/1491/5257 1016/1490/5258 1022/1497/5259
f 1017/1491/5260 1022/1497/5261 1023/1498/5262
f 1016/1490/5263 1018/1492/5264 1024/1499/5265
f 1018/1492/5266 1021/1496/5267 1024/1499/5268
f 1016/1490/5269 1024/1499/5270 1022/1497/5271
f 1021/1496/5272 1019/1493/5273 1025/1500/5274
f 1025/1500/5275 1019/1493/5276 1020/1494/5277
f 1024/1499/5278 1021/1496/5279 1025/1500/5280
f 1026/1501/5281 1020/1494/5282 870/1495/5283
f 1025/1500/5284 1020/1494/5285 1026/1501/5286
f 1026/1501/5287 870/1495/5288 874/1502/5289
f 1024/1499/5290 1025/1500/5291 1027/1503/5292
f 1022/1497/5293 1024/1499/5294 1027/1503/5295
f 1027/1503/5296 1025/1500/5297 1026/1501/5298
f 1023/1498/5299 1022/1497/5300 1028/1504/5301
f 1022/1497/5302 1027/1503/5303 1028/1504/5304
f 1023/1498/5305 1028/1504/5306 1029/1505/5307
f 1030/1506/5308 1026/1501/5309 874/1502/5310
f 1027/1503/5311 1026/1501/5312 1030/1506/5313
f 1028/1504/5314 1027/1503/5315 1030/1506/5316
f 1030/1506/5317 874/1502/5318 878/1507/5319
f 1029/1505/5320 1028/1504/5321 1031/1508/5322
f 1028/1504/5323 1030/1506/5324 1031/1508/5325
f 1031/1508/5326 1030/1506/5327 878/1507/5328
f 1029/1505/5329 1031/1508/5330 1032/1509/5331
f 1031/1508/5332 878/1507/5333 883/1510/5334
f 1032/1509/5335 1031/1508/5336 883/1510/5337
f 1032/1509/5338 883/1510/5339 889/1511/5340
f 1033/1512/5341 1035/1514/5342 1034/1513/5343
f 1033/1512/5344 1034/1513/5345 1036/1515/5346
f 1037/1516/5347 1033/1512/5348 1036/1515/5349
f 1038/1517/5350 1036/1515/5351 1034/1513/5352
f 1037/1516/5353 1036/1515/5354 1039/1518/5355
f 1040/1519/5356 1037/1516/5357 1039/1518/5358
f 1038/1517/5359 1041/1520/5360 1036/1515/5361
f 1041/1520/5362 1039/1518/5363 1036/1515/5364
f 1042/1521/5365 1041/1520/5366 1038/1517/5367
f 1040/1519/5368 1039/1518/5369 1043/1522/5370
f 1044/1523/5371 1040/1519/5372 1043/1522/5373
f 1042/1521/5374 1045/1524/5375 1041/1520/5376
f 1046/1525/5377 1045/1524/5378 1042/1521/5379
f 1041/1520/5380 1047/1526/5381 1039/1518/5382
f 1047/1526/5383 1043/1522/5384 1039/1518/5385
f 1045/1524/5386 1047/1526/5387 1041/1520/5388
f 1044/1523/5389 1043/1522/5390 1048/1527/5391
f 1049/1528/5392 1044/1523/5393 1048/1527/5394
f 1046/1525/5395 1050/1529/5396 1045/1524/5397
f 1051/1530/5398 1050/1529/5399 1046/1525/5400
f 1047/1526/5401 1052/1531/5402 1043/1522/5403
f 1052/1531/5404 1048/1527/5405 1043/1522/5406
f 1045/1524/5407 1053/1532/5408 1047/1526/5409
f 1050/1529/5410 1053/1532/5411 1045/1524/5412
f 1053/1532/5413 1052/1531/5414 1047/1526/5415
f 1049/1528/5416 1048/1527/5417 1054/1533/5418
f 1055/1534/5419 1049/1528/5420 1054/1533/5421
f 1051/1530/5422 1056/1535/5423 1050/1529/5424
f 1057/1536/5425 1056/1535/5426 1051/1530/5427
f 1057/1536/5428 1058/1537/5429 1056/1535/5430
f 1050/1529/5431 1059/1538/5432 1053/1532/5433
f 1056/1535/5434 1059/1538/5435 1050/1529/5436
f 1058/1537/5437 1060/1539/5438 1056/1535/5439
f 1056/1535/5440 1060/1539/5441 1059/1538/5442
f 1058/1537/5443 1061/1540/5444 1060/1539/5445
f 1052/1531/5446 1062/1541/5447 1048/1527/5448
f 1062/1541/5449 1054/1533/5450 1048/1527/5451
f 1053/1532/5452 1063/1542/5453 1052/1531/5454
f 1059/1538/5455 1063/1542/5456 1053/1532/5457
f 1063/1542/5458 1062/1541/5459 1052/1531/5460
f 1055/1534/5461 1054/1533/5462 1064/1543/5463
f 1065/1544/5464 1055/1534/5465 1064/1543/5466
f 1061/1540/5467 1066/1545/5468 1060/1539/5469
f 1061/1540/5470 1067/1546/5471 1066/1545/5472
f 1060/1539/5473 1068/1547/5474 1059/1538/5475
f 1059/1538/5476 1068/1547/5477 1063/1542/5478
f 1060/1539/5479 1066/1545/5480 1068/1547/5481
f 1062/1541/5482 1069/1548/5483 1054/1533/5484
f 1069/1548/5485 1064/1543/5486 1054/1533/5487
f 1063/1542/5488 1070/1549/5489 1062/1541/5490
f 1068/1547/5491 1070/1549/5492 1063/1542/5493
f 1070/1549/5494 1069/1548/5495 1062/1541/5496
f 1065/1544/5497 1064/1543/5498 1071/1550/5499
f 1072/1551/5500 1065/1544/5501 1071/1550/5502
f 1067/1546/5503 1073/1552/5504 1066/1545/5505
f 1067/1546/5506 1074/1553/5507 1073/1552/5508
f 1066/1545/5509 1075/1554/5510 1068/1547/5511
f 1068/1547/5512 1075/1554/5513 1070/1549/5514
f 1066/1545/5515 1073/1552/5516 1075/1554/5517
f 1069/1548/5518 1076/1555/5519 1064/1543/5520
f 1076/1555/5521 1071/1550/5522 1064/1543/5523
f 1070/1549/5524 1077/1556/5525 1069/1548/5526
f 1075/1554/5527 1077/1556/5528 1070/1549/5529
f 1077/1556/5530 1076/1555/5531 1069/1548/5532
f 1072/1551/5533 1071/1550/5534 1078/1557/5535
f 1079/1558/5536 1072/1551/5537 1078/1557/5538
f 1074/1553/5539 1080/1559/5540 1073/1552/5541
f 1074/1553/5542 1081/1560/5543 1080/1559/5544
f 1073/1552/5545 1082/1561/5546 1075/1554/5547
f 1075/1554/5548 1082/1561/5549 1077/1556/5550
f 1073/1552/5551 1080/1559/5552 1082/1561/5553
f 1077/1556/5554 1083/1562/5555 1076/1555/5556
f 1082/1561/5557 1083/1562/5558 1077/1556/5559
f 1076/1555/5560 1084/1563/5561 1071/1550/5562
f 1084/1563/5563 1078/1557/5564 1071/1550/5565
f 1083/1562/5566 1084/1563/5567 1076/1555/5568
f 1079/1558/5569 1078/1557/5570 1085/1564/5571
f 1086/1565/5572 1079/1558/5573 1085/1564/5574
f 1081/1560/5575 1087/1566/5576 1080/1559/5577
f 1081/1560/5578 1088/1567/5579 1087/1566/5580
f 1080/1559/5581 1089/1568/5582 1082/1561/5583
f 1082/1561/5584 1089/1568/5585 1083/1562/5586
f 1080/1559/5587 1087/1566/5588 1089/1568/5589
f 1084/1563/5590 1090/1569/5591 1078/1557/5592
f 1090/1569/5593 1085/1564/5594 1078/1557/5595
f 1083/1562/5596 1091/1570/5597 1084/1563/5598
f 1089/1568/5599 1091/1570/5600 1083/1562/5601
f 1091/1570/5602 1090/1569/5603 1084/1563/5604
f 1086/1565/5605 1085/1564/5606 1092/1571/5607
f 1093/1572/5608 1086/1565/5609 1092/1571/5610
f 1088/1567/5611 1094/1573/5612 1087/1566/5613
f 1088/1567/5614 1095/1574/5615 1094/1573/5616
f 1087/1566/5617 1096/1575/5618 1089/1568/5619
f 1089/1568/5620 1096/1575/5621 1091/1570/5622
f 1087/1566/5623 1094/1573/5624 1096/1575/5625
f 1090/1569/5626 1097/1576/5627 1085/1564/5628
f 1097/1576/5629 1092/1571/5630 1085/1564/5631
f 1091/1570/5632 1098/1577/5633 1090/1569/5634
f 1096/1575/5635 1098/1577/5636 1091/1570/5637
f 1098/1577/5638 1097/1576/5639 1090/1569/5640
f 1093/1572/5641 1092/1571/5642 1099/1578/5643
f 1100/1579/5644 1093/1572/5645 1099/1578/5646
f 1095/1574/5647 1101/1580/5648 1094/1573/5649
f 1095/1574/5650 1102/1581/5651 1101/1580/5652
f 1094/1573/5653 1103/1582/5654 1096/1575/5655
f 1096/1575/5656 1103/1582/5657 1098/1577/5658
f 1094/1573/5659 1101/1580/5660 1103/1582/5661
f 1097/1576/5662 1104/1583/5663 1092/1571/5664
f 1104/1583/5665 1099/1578/5666 1092/1571/5667
f 1098/1577/5668 1105/1584/5669 1097/1576/5670
f 1103/1582/5671 1105/1584/5672 1098/1577/5673
f 1105/1584/5674 1104/1583/5675 1097/1576/5676
f 1100/1579/5677 1099/1578/5678 1106/1585/5679
f 1107/1586/5680 1100/1579/5681 1106/1585/5682
f 1102/1581/5683 1108/1587/5684 1101/1580/5685
f 1102/1581/5686 1109/1588/5687 1108/1587/5688
f 1101/1580/5689 1110/1589/5690 1103/1582/5691
f 1103/1582/5692 1110/1589/5693 1105/1584/5694
f 1101/1580/5695 1108/1587/5696 1110/1589/5697
f 1104/1583/5698 1111/1590/5699 1099/1578/5700
f 1111/1590/5701 1106/1585/5702 1099/1578/5703
f 1105/1584/5704 1112/1591/5705 1104/1583/5706
f 1110/1589/5707 1112/1591/5708 1105/1584/5709
f 1112/1591/5710 1111/1590/5711 1104/1583/5712
f 1107/1586/5713 1106/1585/5714 1113/1592/5715
f 1114/1593/5716 1107/1586/5717 1113/1592/5718
f 1109/1588/5719 1115/1594/5720 1108/1587/5721
f 1109/1588/5722 1116/1595/5723 1115/1594/5724
f 1108/1587/5725 1117/1596/5726 1110/1589/5727
f 1110/1589/5728 1117/1596/5729 1112/1591/5730
f 1108/1587/5731 1115/1594/5732 1117/1596/5733
f 1111/1590/5734 1118/1597/5735 1106/1585/5736
f 1118/1597/5737 1113/1592/5738 1106/1585/5739
f 1112/1591/5740 1119/1598/5741 1111/1590/5742
f 1117/1596/5743 1119/1598/5744 1112/1591/5745
f 1119/1598/5746 1118/1597/5747 1111/1590/5748
f 1114/1593/5749 1113/1592/5750 1120/1599/5751
f 1121/1600/5752 1114/1593/5753 1120/1599/5754
f 1116/1595/5755 1122/1601/5756 1115/1594/5757
f 1116/1595/5758 1123/1602/5759 1122/1601/5760
f 1115/1594/5761 1124/1603/5762 1117/1596/5763
f 1117/1596/5764 1124/1603/5765 1119/1598/5766
f 1115/1594/5767 1122/1601/5768 1124/1603/5769
f 1118/1597/5770 1125/1604/5771 1113/1592/5772
f 1125/1604/5773 1120/1599/5774 1113/1592/5775
f 1119/1598/5776 1126/1605/5777 1118/1597/5778
f 1124/1603/5779 1126/1605/5780 1119/1598/5781
f 1126/1605/5782 1125/1604/5783 1118/1597/5784
f 1121/1600/5785 1120/1599/5786 1127/1606/5787
f 1128/1607/5788 1121/1600/5789 1127/1606/5790
f 1123/1602/5791 1129/1608/5792 1122/1601/5793
f 1123/1602/5794 1130/1609/5795 1129/1608/5796
f 1122/1601/5797 1131/1610/5798 1124/1603/5799
f 1124/1603/5800 1131/1610/5801 1126/1605/5802
f 1122/1601/5803 1129/1608/5804 1131/1610/5805
f 1125/1604/5806 1132/1611/5807 1120/1599/5808
f 1132/1611/5809 1127/1606/5810 1120/1599/5811
f 1126/1605/5812 1133/1612/5813 1125/1604/5814
f 1131/1610/5815 1133/1612/5816 1126/1605/5817
f 1133/1612/5818 1132/1611/5819 1125/1604/5820
f 1128/1607/5821 1127/1606/5822 1134/1613/5823
f 1135/1614/5824 1128/1607/5825 1134/1613/5826
f 1130/1609/5827 1136/1615/5828 1129/1608/5829
f 1130/1609/5830 1137/1616/5831 1136/1615/5832
f 1129/1608/5833 1138/1617/5834 1131/1610/5835
f 1131/1610/5836 1138/1617/5837 1133/1612/5838
f 1129/1608/5839 1136/1615/5840 1138/1617/5841
f 1132/1611/5842 1139/1618/5843 1127/1606/5844
f 1139/1618/5845 1134/1613/5846 1127/1606/5847
f 1133/1612/5848 1140/1619/5849 1132/1611/5850
f 1138/1617/5851 1140/1619/5852 1133/1612/5853
f 1140/1619/5854 1139/1618/5855 1132/1611/5856
f 1135/1614/5857 1134/1613/5858 1141/1620/5859
f 1142/1621/5860 1135/1614/5861 1141/1620/5862
f 1137/1616/5863 1143/1622/5864 1136/1615/5865
f 1137/1616/5866 1144/1623/5867 1143/1622/5868
f 1136/1615/5869 1145/1624/5870 1138/1617/5871
f 1138/1617/5872 1145/1624/5873 1140/1619/5874
f 1136/1615/5875 1143/1622/5876 1145/1624/5877
f 1139/1618/5878 1146/1625/5879 1134/1613/5880
f 1146/1625/5881 1141/1620/5882 1134/1613/5883
f 1140/1619/5884 1147/1626/5885 1139/1618/5886
f 1145/1624/5887 1147/1626/5888 1140/1619/5889
f 1147/1626/5890 1146/1625/5891 1139/1618/5892
f 1142/1621/5893 1141/1620/5894 1148/1627/5895
f 1149/1628/5896 1142/1621/5897 1148/1627/5898
f 1144/1623/5899 1150/1629/5900 1143/1622/5901
f 1144/1623/5902 1151/1630/5903 1150/1629/5904
f 1143/1622/5905 1152/1631/5906 1145/1624/5907
f 1145/1624/5908 1152/1631/5909 1147/1626/5910
f 1143/1622/5911 1150/1629/5912 1152/1631/5913
f 1146/1625/5914 1153/1632/5915 1141/1620/5916
f 1153/1632/5917 1148/1627/5918 1141/1620/5919
f 1147/1626/5920 1154/1633/5921 1146/1625/5922
f 1152/1631/5923 1154/1633/5924 1147/1626/5925
f 1154/1633/5926 1153/1632/5927 1146/1625/5928
f 1149/1628/5929 1148/1627/5930 1155/1634/5931
f 1156/1635/5932 1149/1628/5933 1155/1634/5934
f 1151/1630/5935 1157/1636/5936 1150/1629/5937
f 1151/1630/5938 1158/1637/5939 1157/1636/5940
f 1150/1629/5941 1159/1638/5942 1152/1631/5943
f 1152/1631/5944 1159/1638/5945 1154/1633/5946
f 1150/1629/5947 1157/1636/5948 1159/1638/5949
f 1153/1632/5950 1160/1639/5951 1148/1627/5952
f 1160/1639/5953 1155/1634/5954 1148/1627/5955
f 1154/1633/5956 1161/1640/5957 1153/1632/5958
f 1159/1638/5959 1161/1640/5960 1154/1633/5961
f 1161/1640/5962 1160/1639/5963 1153/1632/5964
f 1156/1635/5965 1155/1634/5966 1162/1641/5967
f 1163/1642/5968 1156/1635/5969 1162/1641/5970
f 1158/1637/5971 1164/1643/5972 1157/1636/5973
f 1158/1637/5974 1165/1644/5975 1164/1643/5976
f 1157/1636/5977 1166/1645/5978 1159/1638/5979
f 1159/1638/5980 1166/1645/5981 1161/1640/5982
f 1157/1636/5983 1164/1643/5984 1166/1645/5985
f 1160/1639/5986 1167/1646/5987 1155/1634/5988
f 1167/1646/5989 1162/1641/5990 1155/1634/5991
f 1161/1640/5992 1168/1647/5993 1160/1639/5994
f 1166/1645/5995 1168/1647/5996 1161/1640/5997
f 1168/1647/5998 1167/1646/5999 1160/1639/6000
f 1163/1642/6001 1162/1641/6002 1169/1648/6003
f 1170/1649/6004 1163/1642/6005 1169/1648/6006
f 1165/1644/6007 1171/1650/6008 1164/1643/6009
f 1165/1644/6010 1172/1651/6011 1171/1650/6012
f 1164/1643/6013 1173/1652/6014 1166/1645/6015
f 1166/1645/6016 1173/1652/6017 1168/1647/6018
f 1164/1643/6019 1171/1650/6020 1173/1652/6021
f 1167/1646/6022 1174/1653/6023 1162/1641/6024
f 1174/1653/6025 1169/1648/6026 1162/1641/6027
f 1168/1647/6028 1175/1654/6029 1167/1646/6030
f 1173/1652/6031 1175/1654/6032 1168/1647/6033
f 1175/1654/6034 1174/1653/6035 1167/1646/6036
f 1170/1649/6037 1169/1648/6038 1176/1655/6039
f 1177/1656/6040 1170/1649/6041 1176/1655/6042
f 1172/1651/6043 1178/1657/6044 1171/1650/6045
f 1172/1651/6046 1179/1658/6047 1178/1657/6048
f 1171/1650/6049 1180/1659/6050 1173/1652/6051
f 1173/1652/6052 1180/1659/6053 1175/1654/6054
f 1171/1650/6055 1178/1657/6056 1180/1659/6057
f 1174/1653/6058 1181/1660/6059 1169/1648/6060
f 1181/1660/6061 1176/1655/6062 1169/1648/6063
f 1175/1654/6064 1182/1661/6065 1174/1653/6066
f 1180/1659/6067 1182/1661/6068 1175/1654/6069
f 1182/1661/6070 1181/1660/6071 1174/1653/6072
f 1177/1656/6073 1176/1655/6074 1183/1662/6075
f 1035/1663/6076 1177/1656/6077 1183/1662/6078
f 1035/1663/6079 1183/1662/6080 1034/1664/6081
f 1179/1658/6082 1184/1665/6083 1178/1657/6084
f 1179/1658/6085 1185/1666/6086 1184/1665/6087
f 1178/1657/6088 1186/1667/6089 1180/1659/6090
f 1180/1659/6091 1186/1667/6092 1182/1661/6093
f 1178/1657/6094 1184/1665/6095 1186/1667/6096
f 1181/1660/6097 1187/1668/6098 1176/1655/6099
f 1187/1668/6100 1183/1662/6101 1176/1655/6102
f 1188/1669/6103 1034/1664/6104 1183/1662/6105
f 1187/1668/6106 1188/1669/6107 1183/1662/6108
f 1188/1669/6109 1038/1670/6110 1034/1664/6111
f 1182/1661/6112 1189/1671/6113 1181/1660/6114
f 1186/1667/6115 1189/1671/6116 1182/1661/6117
f 1189/1671/6118 1187/1668/6119 1181/1660/6120
f 1185/1666/6121 1190/1672/6122 1184/1665/6123
f 1185/1666/6124 1191/1673/6125 1190/1672/6126
f 1184/1665/6127 1192/1674/6128 1186/1667/6129
f 1186/1667/6130 1192/1674/6131 1189/1671/6132
f 1184/1665/6133 1190/1672/6134 1192/1674/6135
f 1189/1671/6136 1193/1675/6137 1187/1668/6138
f 1193/1675/6139 1188/1669/6140 1187/1668/6141
f 1192/1674/6142 1193/1675/6143 1189/1671/6144
f 1194/1676/6145 1038/1670/6146 1188/1669/6147
f 1193/1675/6148 1194/1676/6149 1188/1669/6150
f 1194/1676/6151 1042/1677/6152 1038/1670/6153
f 1192/1674/6154 1195/1678/6155 1193/1675/6156
f 1190/1672/6157 1195/1678/6158 1192/1674/6159
f 1195/1678/6160 1194/1676/6161 1193/1675/6162
f 1191/1673/6163 1196/1679/6164 1190/1672/6165
f 1190/1672/6166 1196/1679/6167 1195/1678/6168
f 1191/1673/6169 1197/1680/6170 1196/1679/6171
f 1198/1681/6172 1042/1677/6173 1194/1676/6174
f 1195/1678/6175 1198/1681/6176 1194/1676/6177
f 1196/1679/6178 1198/1681/6179 1195/1678/6180
f 1198/1681/6181 1046/1682/6182 1042/1677/6183
f 1197/1680/6184 1199/1683/6185 1196/1679/6186
f 1196/1679/6187 1199/1683/6188 1198/1681/6189
f 1199/1683/6190 1046/1682/6191 1198/1681/6192
f 1197/1680/6193 1200/1684/6194 1199/1683/6195
f 1199/1683/6196 1051/1685/6197 1046/1682/6198
f 1200/1684/6199 1051/1685/6200 1199/1683/6201
f 1200/1684/6202 1057/1686/6203 1051/1685/6204
f 1201/1687/6205 1203/1689/6206 1202/1688/6207
f 1201/1687/6208 1204/1690/6209 1203/1689/6210
f 1205/1691/6211 1204/1690/6212 1201/1687/6213
f 1205/1691/6214 1206/1692/6215 1204/1690/6216
f 1207/1693/6217 1206/1692/6218 1205/1691/6219
f 1207/1693/6220 1208/1694/6221 1206/1692/6222
f 1209/1695/6223 1208/1694/6224 1207/1693/6225
f 1209/1695/6226 1210/1696/6227 1208/1694/6228
f 1211/1697/6229 1210/1696/6230 1209/1695/6231
f 1211/1697/6232 1212/1698/6233 1210/1696/6234
f 1213/1699/6235 1212/1698/6236 1211/1697/6237
f 1213/1699/6238 1214/1700/6239 1212/1698/6240
f 1215/1701/6241 1214/1700/6242 1213/1699/6243
f 1215/1701/6244 1216/1702/6245 1214/1700/6246
f 1217/1703/6247 1216/1702/6248 1215/1701/6249
f 1217/1703/6250 1218/1704/6251 1216/1702/6252
f 1219/1705/6253 1218/1704/6254 1217/1703/6255
f 1219/1705/6256 1220/1706/6257 1218/1704/6258
f 1221/1707/6259 1220/1706/6260 1219/1705/6261
f 1221/1707/6262 1222/1708/6263 1220/1706/6264
f 1223/1709/6265 1222/1708/6266 1221/1707/6267
f 1223/1709/6268 1224/1710/6269 1222/1708/6270
f 1225/1711/6271 1224/1710/6272 1223/1709/6273
f 1225/1711/6274 1226/1712/6275 1224/1710/6276
f 1227/1713/6277 1226/1712/6278 1225/1711/6279
f 1227/1713/6280 1228/1714/6281 1226/1712/6282
f 1229/1715/6283 1228/1714/6284 1227/1713/6285
f 1229/1715/6286 1230/1716/6287 1228/1714/6288
f 1231/1717/6289 1230/1716/6290 1229/1715/6291
f 1231/1717/6292 1232/1718/6293 1230/1716/6294
f 1233/1719/6295 1232/1718/6296 1231/1717/6297
f 1233/1719/6298 1234/1720/6299 1232/1718/6300
f 1235/1721/6301 1234/1720/6302 1233/1719/6303
f 1235/1721/6304 1236/1722/6305 1234/1720/6306
f 1237/1723/6307 1236/1722/6308 1235/1721/6309
f 1237/1723/6310 1238/1724/6311 1236/1722/6312
f 1239/1725/6313 1238/1724/6314 1237/1723/6315
f 1239/1725/6316 1240/1726/6317 1238/1724/6318
f 1241/1727/6319 1240/1726/6320 1239/1725/6321
f 1241/1727/6322 1242/1728/6323 1240/1726/6324
f 1243/1729/6325 1242/1728/6326 1241/1727/6327
f 1243/1729/6328 1244/1730/6329 1242/1728/6330
f 1245/1731/6331 1244/1730/6332 1243/1729/6333
f 1245/1731/6334 1246/1732/6335 1244/1730/6336
f 1247/1733/6337 1246/1732/6338 1245/1731/6339
f 1247/1733/6340 1248/1734/6341 1246/1732/6342
f 1202/1735/6343 1248/1734/6344 1247/1733/6345
f 1202/1735/6346 1203/1736/6347 1248/1734/6348
f 1249/1737/6349 1251/1739/6350 1250/1738/6351
f 1249/1737/6352 1250/1738/6353 1252/1740/6354
f 1253/1741/6355 1249/1737/6356 1252/1740/6357
f 1253/1741/6358 1252/1740/6359 1254/1742/6360
f 1255/1743/6361 1253/1741/6362 1254/1742/6363
f 1255/1743/6364 1254/1742/6365 1256/1744/6366
f 1257/1745/6367 1255/1743/6368 1256/1744/6369
f 1257/1745/6370 1256/1744/6371 1258/1746/6372
f 1259/1747/6373 1257/1745/6374 1258/1746/6375
f 1259/1747/6376 1258/1746/6377 1260/1748/6378
f 1261/1749/6379 1259/1747/6380 1260/1748/6381
f 1261/1749/6382 1260/1748/6383 1262/1750/6384
f 1263/1751/6385 1261/1749/6386 1262/1750/6387
f 1263/1751/6388 1262/1750/6389 1264/1752/6390
f 1265/1753/6391 1263/1751/6392 1264/1752/6393
f 1265/1753/6394 1264/1752/6395 1266/1754/6396
f 1267/1755/6397 1265/1753/6398 1266/1754/6399
f 1267/1755/6400 1266/1754/6401 1268/1756/6402
f 1269/1757/6403 1267/1755/6404 1268/1756/6405
f 1269/1757/6406 1268/1756/6407 1270/1758/6408
f 1271/1759/6409 1269/1757/6410 1270/1758/6411
f 1271/1759/6412 1270/1758/6413 1272/1760/6414
f 1273/1761/6415 1271/1759/6416 1272/1760/6417
f 1273/1761/6418 1272/1760/6419 1274/1762/6420
f 1275/1763/6421 1273/1761/6422 1274/1762/6423
f 1275/1763/6424 1274/1762/6425 1276/1764/6426
f 1277/1765/6427 1275/1763/6428 1276/1764/6429
f 1277/1765/6430 1276/1764/6431 1278/1766/6432
f 1279/1767/6433 1277/1765/6434 1278/1766/6435
f 1279/1767/6436 1278/1766/6437 1280/1768/6438
f 1281/1769/6439 1279/1767/6440 1280/1768/6441
f 1281/1769/6442 1280/1768/6443 1282/1770/6444
f 1283/1771/6445 1281/1769/6446 1282/1770/6447
f 1283/1771/6448 1282/1770/6449 1284/1772/6450
f 1285/1773/6451 1283/1771/6452 1284/1772/6453
f 1285/1773/6454 1284/1772/6455 1286/1774/6456
f 1287/1775/6457 1285/1773/6458 1286/1774/6459
f 1287/1775/6460 1286/1774/6461 1288/1776/6462
f 1289/1777/6463 1287/1775/6464 1288/1776/6465
f 1289/1777/6466 1288/1776/6467 1290/1778/6468
f 1291/1779/6469 1289/1777/6470 1290/1778/6471
f 1291/1779/6472 1290/1778/6473 1292/1780/6474
f 1293/1781/6475 1291/1779/6476 1292/1780/6477
f 1293/1781/6478 1292/1780/6479 1294/1782/6480
f 1295/1783/6481 1293/1781/6482 1294/1782/6483
f 1295/1783/6484 1294/1782/6485 1296/1784/6486
f 1251/1785/6487 1295/1783/6488 1296/1784/6489
f 1251/1785/6490 1296/1784/6491 1250/1786/6492
f 1297/1787/6493 1102/1789/6494 1095/1788/6495
f 1297/1787/6496 1109/1790/6497 1102/1789/6498
f 1297/1787/6499 1095/1788/6500 1088/1791/6501
f 1297/1787/6502 1116/1792/6503 1109/1790/6504
f 1297/1787/6505 1088/1791/6506 1081/1793/6507
f 1297/1787/6508 1123/1794/6509 1116/1792/6510
f 1297/1787/6511 1081/1793/6512 1074/1795/6513
f 1297/1787/6514 1130/1796/6515 1123/1794/6516
f 1297/1787/6517 1074/1795/6518 1067/1797/6519
f 1297/1787/6520 1137/1798/6521 1130/1796/6522
f 1297/1787/6523 1067/1797/6524 1061/1799/6525
f 1297/1787/6526 1144/1800/6527 1137/1798/6528
f 1297/1787/6529 1061/1799/6530 1058/1801/6531
f 1297/1787/6532 1151/1802/6533 1144/1800/6534
f 1297/1787/6535 1058/1801/6536 1057/1803/6537
f 1297/1787/6538 1158/1804/6539 1151/1802/6540
f 1297/1787/6541 1057/1803/6542 1200/1805/6543
f 1297/1787/6544 1165/1806/6545 1158/1804/6546
f 1297/1787/6547 1200/1805/6548 1197/1807/6549
f 1297/1787/6550 1172/1808/6551 1165/1806/6552
f 1297/1787/6553 1197/1807/6554 1191/1809/6555
f 1297/1787/6556 1179/1810/6557 1172/1808/6558
f 1297/1787/6559 1191/1809/6560 1185/1811/6561
f 1297/1787/6562 1185/1811/6563 1179/1810/6564
f 1298/1812/6565 927/1814/6566 934/1813/6567
f 1298/1812/6568 934/1813/6569 941/1815/6570
f 1298/1812/6571 920/1816/6572 927/1814/6573
f 1298/1812/6574 941/1815/6575 948/1817/6576
f 1298/1812/6577 913/1818/6578 920/1816/6579
f 1298/1812/6580 948/1817/6581 955/1819/6582
f 1298/1812/6583 906/1820/6584 913/1818/6585
f 1298/1812/6586 955/1819/6587 962/1821/6588
f 1298/1812/6589 899/1822/6590 906/1820/6591
f 1298/1812/6592 962/1821/6593 969/1823/6594
f 1298/1812/6595 893/1824/6596 899/1822/6597
f 1298/1812/6598 969/1823/6599 976/1825/6600
f 1298/1812/6601 890/1826/6602 893/1824/6603
f 1298/1812/6604 976/1825/6605 983/1827/6606
f 1298/1812/6607 889/1828/6608 890/1826/6609
f 1298/1812/6610 983/1827/6611 990/1829/6612
f 1298/1812/6613 1032/1830/6614 889/1828/6615
f 1298/1812/6616 990/1829/6617 997/1831/6618
f 1298/1812/6619 1029/1832/6620 1032/1830/6621
f 1298/1812/6622 997/1831/6623 1004/1833/6624
f 1298/1812/6625 1023/1834/6626 1029/1832/6627
f 1298/1812/6628 1004/1833/6629 1011/1835/6630
f 1298/1812/6631 1017/1836/6632 1023/1834/6633
f 1298/1812/6634 1011/1835/6635 1017/1836/6636
f 1065/1837/6637 1300/1839/6638 1299/1838/6639
f 1065/1837/6640 1072/1840/6641 1300/1839/6642
f 1055/1841/6643 1065/1837/6644 1299/1838/6645
f 1072/1840/6646 1301/1842/6647 1300/1839/6648
f 1055/1841/6649 1299/1838/6650 1302/1843/6651
f 1072/1840/6652 1079/1844/6653 1301/1842/6654
f 1049/1845/6655 1055/1841/6656 1302/1843/6657
f 1079/1844/6658 1303/1846/6659 1301/1842/6660
f 1049/1845/6661 1302/1843/6662 1304/1847/6663
f 1079/1844/6664 1086/1848/6665 1303/1846/6666
f 1044/1849/6667 1049/1845/6668 1304/1847/6669
f 1086/1848/6670 1305/1850/6671 1303/1846/6672
f 1044/1849/6673 1304/1847/6674 1306/1851/6675
f 1086/1848/6676 1093/1852/6677 1305/1850/6678
f 1040/1853/6679 1044/1849/6680 1306/1851/6681
f 1093/1852/6682 1307/1854/6683 1305/1850/6684
f 1040/1853/6685 1306/1851/6686 1308/1855/6687
f 1093/1852/6688 1100/1856/6689 1307/1854/6690
f 1037/1857/6691 1040/1853/6692 1308/1855/6693
f 1100/1856/6694 1309/1858/6695 1307/1854/6696
f 1037/1857/6697 1308/1855/6698 1310/1859/6699
f 1100/1856/6700 1107/1860/6701 1309/1858/6702
f 1033/1861/6703 1037/1857/6704 1310/1859/6705
f 1107/1860/6706 1311/1862/6707 1309/1858/6708
f 1033/1861/6709 1310/1859/6710 1312/1863/6711
f 1107/1860/6712 1114/1864/6713 1311/1862/6714
f 1035/1865/6715 1033/1861/6716 1312/1863/6717
f 1114/1864/6718 1313/1866/6719 1311/1862/6720
f 1035/1865/6721 1312/1863/6722 1314/1867/6723
f 1114/1864/6724 1121/1868/6725 1313/1866/6726
f 1177/1869/6727 1035/1865/6728 1314/1867/6729
f 1121/1868/6730 1315/1870/6731 1313/1866/6732
f 1177/1869/6733 1314/1867/6734 1316/1871/6735
f 1121/1868/6736 1128/1872/6737 1315/1870/6738
f 1170/1873/6739 1177/1869/6740 1316/1871/6741
f 1128/1872/6742 1317/1874/6743 1315/1870/6744
f 1170/1873/6745 1316/1871/6746 1318/1875/6747
f 1128/1872/6748 1135/1876/6749 1317/1874/6750
f 1163/1877/6751 1170/1873/6752 1318/1875/6753
f 1135/1876/6754 1319/1878/6755 1317/1874/6756
f 1163/1877/6757 1318/1875/6758 1320/1879/6759
f 1135/1876/6760 1142/1880/6761 1319/1878/6762
f 1156/1881/6763 1163/1877/6764 1320/1879/6765
f 1142/1880/6766 1321/1882/6767 1319/1878/6768
f 1156/1881/6769 1320/1879/6770 1322/1883/6771
f 1142/1880/6772 1149/1884/6773 1321/1882/6774
f 1149/1884/6775 1156/1881/6776 1322/1883/6777
f 1149/1884/6778 1322/1883/6779 1321/1882/6780
f 897/1885/6781 1324/1887/6782 1323/1886/6783
f 897/1885/6784 1323/1886/6785 904/1888/6786
f 887/1889/6787 1324/1887/6788 897/1885/6789
f 904/1888/6790 1323/1886/6791 1325/1890/6792
f 887/1889/6793 1326/1891/6794 1324/1887/6795
f 904/1888/6796 1325/1890/6797 911/1892/6798
f 881/1893/6799 1326/1891/6800 887/1889/6801
f 911/1892/6802 1325/1890/6803 1327/1894/6804
f 881/1893/6805 1328/1895/6806 1326/1891/6807
f 911/1892/6808 1327/1894/6809 918/1896/6810
f 876/1897/6811 1328/1895/6812 881/1893/6813
f 918/1896/6814 1327/1894/6815 1329/1898/6816
f 876/1897/6817 1330/1899/6818 1328/1895/6819
f 918/1896/6820 1329/1898/6821 925/1900/6822
f 872/1901/6823 1330/1899/6824 876/1897/6825
f 925/1900/6826 1329/1898/6827 1331/1902/6828
f 872/1901/6829 1332/1903/6830 1330/1899/6831
f 925/1900/6832 1331/1902/6833 932/1904/6834
f 869/1905/6835 1332/1903/6836 872/1901/6837
f 932/1904/6838 1331/1902/6839 1333/1906/6840
f 869/1905/6841 1334/1907/6842 1332/1903/6843
f 932/1904/6844 1333/1906/6845 939/1908/6846
f 865/1909/6847 1334/1907/6848 869/1905/6849
f 939/1908/6850 1333/1906/6851 1335/1910/6852
f 865/1909/6853 1336/1911/6854 1334/1907/6855
f 939/1908/6856 1335/1910/6857 946/1912/6858
f 866/1913/6859 1336/1911/6860 865/1909/6861
f 946/1912/6862 1335/1910/6863 1337/1914/6864
f 866/1913/6865 1338/1915/6866 1336/1911/6867
f 946/1912/6868 1337/1914/6869 953/1916/6870
f 1009/1917/6871 1338/1915/6872 866/1913/6873
f 953/1916/6874 1337/1914/6875 1339/1918/6876
f 1009/1917/6877 1340/1919/6878 1338/1915/6879
f 953/1916/6880 1339/1918/6881 960/1920/6882
f 1002/1921/6883 1340/1919/6884 1009/1917/6885
f 960/1920/6886 1339/1918/6887 1341/1922/6888
f 1002/1921/6889 1342/1923/6890 1340/1919/6891
f 960/1920/6892 1341/1922/6893 967/1924/6894
f 995/1925/6895 1342/1923/6896 1002/1921/6897
f 967/1924/6898 1341/1922/6899 1343/1926/6900
f 995/1925/6901 1344/1927/6902 1342/1923/6903
f 967/1924/6904 1343/1926/6905 974/1928/6906
f 988/1929/6907 1344/1927/6908 995/1925/6909
f 974/1928/6910 1343/1926/6911 1345/1930/6912
f 988/1929/6913 1346/1931/6914 1344/1927/6915
f 974/1928/6916 1345/1930/6917 981/1932/6918
f 981/1932/6919 1346/1931/6920 988/1929/6921
f 981/1932/6922 1345/1930/6923 1346/1931/6924
f 1270/1933/6925 1268/1935/6926 1301/1934/6927
f 1270/1933/6928 1301/1934/6929 1303/1936/6930
f 1268/1935/6931 1300/1937/6932 1301/1934/6933
f 1272/1938/6934 1270/1933/6935 1303/1936/6936
f 1268/1935/6937 1266/1939/6938 1300/1937/6939
f 1272/1938/6940 1303/1936/6941 1305/1940/6942
f 1266/1939/6943 1299/1941/6944 1300/1937/6945
f 1274/1942/6946 1272/1938/6947 1305/1940/6948
f 1266/1939/6949 1264/1943/6950 1299/1941/6951
f 1274/1942/6952 1305/1940/6953 1307/1944/6954
f 1264/1943/6955 1302/1945/6956 1299/1941/6957
f 1276/1946/6958 1274/1942/6959 1307/1944/6960
f 1264/1943/6961 1262/1947/6962 1302/1945/6963
f 1276/1946/6964 1307/1944/6965 1309/1948/6966
f 1262/1947/6967 1304/1949/6968 1302/1945/6969
f 1278/1950/6970 1276/1946/6971 1309/1948/6972
f 1262/1947/6973 1260/1951/6974 1304/1949/6975
f 1278/1950/6976 1309/1948/6977 1311/1952/6978
f 1260/1951/6979 1306/1953/6980 1304/1949/6981
f 1280/1954/6982 1278/1950/6983 1311/1952/6984
f 1260/1951/6985 1258/1955/6986 1306/1953/6987
f 1280/1954/6988 1311/1952/6989 1313/1956/6990
f 1258/1955/6991 1308/1957/6992 1306/1953/6993
f 1282/1958/6994 1280/1954/6995 1313/1956/6996
f 1258/1955/6997 1256/1959/6998 1308/1957/6999
f 1282/1958/7000 1313/1956/7001 1315/1960/7002
f 1256/1959/7003 1310/1961/7004 1308/1957/7005
f 1284/1962/7006 1282/1958/7007 1315/1960/7008
f 1256/1959/7009 1254/1963/7010 1310/1961/7011
f 1284/1962/7012 1315/1960/7013 1317/1964/7014
f 1254/1963/7015 1312/1965/7016 1310/1961/7017
f 1286/1966/7018 1284/1962/7019 1317/1964/7020
f 1254/1963/7021 1252/1967/7022 1312/1965/7023
f 1286/1966/7024 1317/1964/7025 1319/1968/7026
f 1252/1967/7027 1314/1969/7028 1312/1965/7029
f 1288/1970/7030 1286/1966/7031 1319/1968/7032
f 1252/1967/7033 1250/1971/7034 1314/1969/7035
f 1288/1970/7036 1319/1968/7037 1321/1972/7038
f 1250/1971/7039 1316/1973/7040 1314/1969/7041
f 1290/1974/7042 1288/1970/7043 1321/1972/7044
f 1250/1971/7045 1296/1975/7046 1316/1973/7047
f 1290/1974/7048 1321/1972/7049 1322/1976/7050
f 1296/1975/7051 1318/1977/7052 1316/1973/7053
f 1292/1978/7054 1290/1974/7055 1322/1976/7056
f 1296/1975/7057 1294/1979/7058 1318/1977/7059
f 1292/1978/7060 1322/1976/7061 1320/1980/7062
f 1294/1979/7063 1320/1980/7064 1318/1977/7065
f 1294/1979/7066 1292/1978/7067 1320/1980/7068
f 1224/1981/7069 1327/1983/7070 1222/1982/7071
f 1224/1981/7072 1329/1984/7073 1327/1983/7074
f 1222/1982/7075 1327/1983/7076 1325/1985/7077
f 1226/1986/7078 1329/1984/7079 1224/1981/7080
f 1222/1982/7081 1325/1985/7082 1220/1987/7083
f 1226/1986/7084 1331/1988/7085 1329/1984/7086
f 1220/1987/7087 1325/1985/7088 1323/1989/7089
f 1228/1990/7090 1331/1988/7091 1226/1986/7092
f 1220/1987/7093 1323/1989/7094 1218/1991/7095
f 1228/1990/7096 1333/1992/7097 1331/1988/7098
f 1218/1991/7099 1323/1989/7100 1324/1993/7101
f 1230/1994/7102 1333/1992/7103 1228/1990/7104
f 1218/1991/7105 1324/1993/7106 1216/1995/7107
f 1230/1994/7108 1335/1996/7109 1333/1992/7110
f 1216/1995/7111 1324/1993/7112 1326/1997/7113
f 1232/1998/7114 1335/1996/7115 1230/1994/7116
f 1216/1995/7117 1326/1997/7118 1214/1999/7119
f 1232/1998/7120 1337/2000/7121 1335/1996/7122
f 1214/1999/7123 1326/1997/7124 1328/2001/7125
f 1234/2002/7126 1337/2000/7127 1232/1998/7128
f 1214/1999/7129 1328/2001/7130 1212/2003/7131
f 1234/2002/7132 1339/2004/7133 1337/2000/7134
f 1212/2003/7135 1328/2001/7136 1330/2005/7137
f 1236/2006/7138 1339/2004/7139 1234/2002/7140
f 1212/2003/7141 1330/2005/7142 1210/2007/7143
f 1236/2006/7144 1341/2008/7145 1339/2004/7146
f 1210/2007/7147 1330/2005/7148 1332/2009/7149
f 1238/2010/7150 1341/2008/7151 1236/2006/7152
f 1210/2007/7153 1332/2009/7154 1208/2011/7155
f 1238/2010/7156 1343/2012/7157 1341/2008/7158
f 1208/2011/7159 1332/2009/7160 1334/2013/7161
f 1240/2014/7162 1343/2012/7163 1238/2010/7164
f 1208/2011/7165 1334/2013/7166 1206/2015/7167
f 1240/2014/7168 1345/2016/7169 1343/2012/7170
f 1206/2015/7171 1334/2013/7172 1336/2017/7173
f 1242/2018/7174 1345/2016/7175 1240/2014/7176
f 1206/2015/7177 1336/2017/7178 1204/2019/7179
f 1242/2018/7180 1346/2020/7181 1345/2016/7182
f 1204/2019/7183 1336/2017/7184 1338/2021/7185
f 1244/2022/7186 1346/2020/7187 1242/2018/7188
f 1204/2019/7189 1338/2021/7190 1203/2023/7191
f 1244/2022/7192 1344/2024/7193 1346/2020/7194
f 1203/2023/7195 1338/2021/7196 1340/2025/7197
f 1246/2026/7198 1344/2024/7199 1244/2022/7200
f 1203/2023/7201 1340/2025/7202 1248/2027/7203
f 1246/2026/7204 1342/2028/7205 1344/2024/7206
f 1248/2027/7207 1342/2028/7208 1246/2026/7209
f 1248/2027/7210 1340/2025/7211 1342/2028/7212
