# This file uses centimeters as units for non-parametric coordinates.

mtllib cherry_tree.mtl
g default
v -105.726941 0.000005 885.478159
v -116.124678 61.472671 876.438382
v -114.020653 0.000005 874.062839
v -108.612266 61.472671 886.778337
v -102.793281 0.000005 899.279919
v -105.954966 61.472671 899.279919
v -105.726938 0.000005 913.081691
v -108.612263 61.472671 911.781512
v -114.020656 0.000005 924.497012
v -116.124679 61.472671 922.121466
v -127.193246 61.472671 870.047938
v -126.240366 0.000005 867.007779
v -139.904114 61.472671 868.711970
v -140.273179 0.000005 865.532870
v -152.059457 61.472671 872.661478
v -153.692690 0.000005 869.893131
v -161.557508 61.472671 881.213555
v -164.178549 0.000005 879.334630
v -166.755964 61.472671 892.889474
v -169.917646 0.000005 892.224862
v -166.755964 61.472671 905.670359
v -169.917652 0.000005 906.334972
v -161.557512 61.472671 917.346278
v -164.178549 0.000005 919.225200
v -152.059465 61.472671 925.898357
v -153.692699 0.000005 928.666708
v -139.904122 61.472671 929.847871
v -140.273186 0.000005 933.026968
v -127.193251 61.472671 928.511909
v -126.240370 0.000005 931.552066
v -139.970074 667.362522 874.368932
v -137.172264 667.362522 873.459869
v -134.246588 667.362522 873.767367
v -131.698922 667.362522 875.238265
v -142.156254 667.362522 876.337374
v -129.969781 667.362522 877.618225
v -143.352788 667.362522 879.024831
v -129.358146 667.362522 880.495729
v -143.352788 667.362522 881.966623
v -129.969778 667.362522 883.373234
v -142.156254 667.362522 884.654086
v -131.698923 667.362522 885.753198
v -139.970076 667.362522 886.622528
v -134.246588 667.362522 887.224095
v -137.172265 667.362522 887.531595
v -119.848045 197.946039 880.642243
v -113.718251 197.946039 889.079185
v -121.893545 342.071896 882.951712
v -116.523319 342.071896 890.343198
v -126.437540 512.024028 888.082098
v -122.754661 512.024028 893.151151
v -128.879502 197.946039 875.427928
v -129.805879 342.071896 878.383523
v -131.863786 512.024028 884.949253
v -139.251005 197.946039 874.337836
v -138.892207 342.071896 877.428509
v -138.095154 512.024028 884.294309
v -149.169223 197.946039 877.560458
v -147.581419 342.071896 880.251803
v -144.054183 512.024028 886.230515
v -156.919209 197.946039 884.538572
v -154.371073 342.071896 886.365231
v -148.710501 512.024028 890.423077
v -161.160915 197.946039 894.065601
v -158.087172 342.071896 894.711729
v -151.258986 512.024028 896.147072
v -161.160919 197.946039 904.494233
v -158.087176 342.071896 903.848107
v -151.258986 512.024028 902.412766
v -147.477957 589.148786 882.833768
v -147.477957 589.148786 878.157683
v -156.919211 197.946039 914.021262
v -154.371076 342.071896 912.194603
v -148.710501 512.024028 908.136764
v -149.169229 197.946039 920.999381
v -147.581424 342.071896 918.308035
v -144.054184 512.024028 912.329325
v -139.251011 197.946039 924.222006
v -138.892213 342.071896 921.131331
v -138.095157 512.024028 914.265531
v -128.879507 197.946039 923.131919
v -129.805883 342.071896 920.176324
v -131.863787 512.024028 913.610592
v -119.848047 197.946039 917.917603
v -121.893547 342.071896 915.608134
v -126.437540 512.024028 910.477747
v -113.718246 197.946039 909.480661
v -116.523315 342.071896 908.216647
v -122.754652 512.024028 905.408693
v -111.550014 197.946039 899.279919
v -114.623757 342.071896 899.279920
v -121.451947 512.024028 899.279920
v -126.205191 589.148786 875.921831
v -125.232977 589.148786 880.495728
v -128.953723 589.148786 872.138801
v -133.003328 589.148786 869.800757
v -137.653795 589.148786 869.311977
v -142.101015 589.148786 870.756969
v -145.576024 589.148786 873.885873
v -145.576024 589.148786 887.105585
v -142.101016 589.148786 890.234491
v -137.653797 589.148786 891.679485
v -133.003328 589.148786 891.190706
v -128.953724 589.148786 888.852664
v -126.205185 589.148786 885.069626
vt 0.059108 0.001992
vt 0.072600 0.093738
vt 0.076145 0.001992
vt 0.057168 0.093738
vt 0.038509 0.001992
vt 0.038509 0.093738
vt 0.017911 0.001992
vt 0.019851 0.093738
vt 0.000874 0.001992
vt 0.004419 0.093738
vt 0.145228 0.998008
vt 0.142088 0.906262
vt 0.125568 0.906262
vt 0.126991 0.998008
vt 0.106598 0.906262
vt 0.106047 0.998008
vt 0.088456 0.906262
vt 0.086019 0.998008
vt 0.151098 0.001992
vt 0.155230 0.093738
vt 0.167993 0.093738
vt 0.165189 0.001992
vt 0.185419 0.093738
vt 0.184427 0.001992
vt 0.204494 0.093738
vt 0.205486 0.001992
vt 0.221920 0.093738
vt 0.224724 0.001992
vt 0.234684 0.093738
vt 0.238816 0.001992
vt 0.245101 0.001992
vt 0.247539 0.093738
vt 0.265680 0.093738
vt 0.265129 0.001992
vt 0.284651 0.093738
vt 0.286073 0.001992
vt 0.301170 0.093738
vt 0.304310 0.001992
vt 0.375367 0.004193
vt 0.354424 0.001992
vt 0.334396 0.008500
vt 0.393605 0.014723
vt 0.318746 0.022591
vt 0.405983 0.031760
vt 0.310180 0.041829
vt 0.410361 0.052358
vt 0.310180 0.062888
vt 0.405983 0.072957
vt 0.318746 0.082126
vt 0.393605 0.089994
vt 0.334396 0.096217
vt 0.375367 0.100523
vt 0.354424 0.102725
vt 0.421887 0.021637
vt 0.426062 0.022994
vt 0.430429 0.022535
vt 0.434231 0.020339
vt 0.418624 0.018699
vt 0.436812 0.016787
vt 0.416838 0.014688
vt 0.437725 0.012493
vt 0.416838 0.010298
vt 0.436812 0.008198
vt 0.418624 0.006287
vt 0.434231 0.004646
vt 0.421887 0.003349
vt 0.430429 0.002451
vt 0.426062 0.001992
vt 0.057168 0.093738
vt 0.066325 0.297420
vt 0.072600 0.093738
vt 0.053734 0.297420
vt 0.062879 0.512523
vt 0.051847 0.512523
vt 0.055222 0.766171
vt 0.047656 0.766171
vt 0.142088 0.906262
vt 0.123052 0.702580
vt 0.125568 0.906262
vt 0.136531 0.702580
vt 0.121669 0.487477
vt 0.133478 0.487477
vt 0.118598 0.233829
vt 0.126696 0.233829
vt 0.125568 0.906262
vt 0.107573 0.702580
vt 0.106598 0.906262
vt 0.123052 0.702580
vt 0.108108 0.487477
vt 0.121669 0.487477
vt 0.109298 0.233829
vt 0.118598 0.233829
vt 0.106598 0.906262
vt 0.092770 0.702580
vt 0.088456 0.906262
vt 0.107573 0.702580
vt 0.095140 0.487477
vt 0.108108 0.487477
vt 0.100404 0.233829
vt 0.109298 0.233829
vt 0.155230 0.093738
vt 0.172956 0.297420
vt 0.167993 0.093738
vt 0.162541 0.297420
vt 0.175682 0.512523
vt 0.166558 0.512523
vt 0.181738 0.766171
vt 0.175481 0.766171
vt 0.167993 0.093738
vt 0.187175 0.297420
vt 0.185419 0.093738
vt 0.172956 0.297420
vt 0.188139 0.512523
vt 0.175682 0.512523
vt 0.190281 0.766171
vt 0.181738 0.766171
vt 0.185419 0.093738
vt 0.202739 0.297420
vt 0.204494 0.093738
vt 0.187175 0.297420
vt 0.201775 0.512523
vt 0.188139 0.512523
vt 0.199633 0.766171
vt 0.190281 0.766171
vt 0.170412 0.881277
vt 0.163433 0.881277
vt 0.169117 0.998008
vt 0.164727 0.998008
vt 0.204494 0.093738
vt 0.216958 0.297420
vt 0.221920 0.093738
vt 0.202739 0.297420
vt 0.214232 0.512523
vt 0.201775 0.512523
vt 0.208175 0.766171
vt 0.199633 0.766171
vt 0.221920 0.093738
vt 0.227372 0.297420
vt 0.234684 0.093738
vt 0.216958 0.297420
vt 0.223356 0.512523
vt 0.214232 0.512523
vt 0.214433 0.766171
vt 0.208175 0.766171
vt 0.247539 0.093738
vt 0.266655 0.297420
vt 0.265680 0.093738
vt 0.251852 0.297420
vt 0.267191 0.512523
vt 0.254222 0.512523
vt 0.268380 0.766171
vt 0.259486 0.766171
vt 0.265680 0.093738
vt 0.282134 0.297420
vt 0.284651 0.093738
vt 0.266655 0.297420
vt 0.280752 0.512523
vt 0.267191 0.512523
vt 0.277680 0.766171
vt 0.268380 0.766171
vt 0.284651 0.093738
vt 0.295613 0.297420
vt 0.301170 0.093738
vt 0.282134 0.297420
vt 0.292560 0.512523
vt 0.280752 0.512523
vt 0.285779 0.766171
vt 0.277680 0.766171
vt 0.004419 0.093738
vt 0.023285 0.297420
vt 0.019851 0.093738
vt 0.010693 0.297420
vt 0.025172 0.512523
vt 0.014140 0.512523
vt 0.029362 0.766171
vt 0.021797 0.766171
vt 0.019851 0.093738
vt 0.038509 0.297420
vt 0.038509 0.093738
vt 0.023285 0.297420
vt 0.038509 0.512523
vt 0.025172 0.512523
vt 0.038509 0.766171
vt 0.029362 0.766171
vt 0.038509 0.093738
vt 0.053734 0.297420
vt 0.057168 0.093738
vt 0.038509 0.297420
vt 0.051847 0.512523
vt 0.038509 0.512523
vt 0.047656 0.766171
vt 0.038509 0.766171
vt 0.073371 0.881277
vt 0.066544 0.881277
vt 0.047656 0.766171
vt 0.073371 0.881277
vt 0.079017 0.881277
vt 0.055222 0.766171
vt 0.126696 0.233829
vt 0.122941 0.118723
vt 0.116897 0.118723
vt 0.118598 0.233829
vt 0.118598 0.233829
vt 0.116897 0.118723
vt 0.109956 0.118723
vt 0.109298 0.233829
vt 0.109298 0.233829
vt 0.109956 0.118723
vt 0.103319 0.118723
vt 0.100404 0.233829
vt 0.175481 0.766171
vt 0.152387 0.881277
vt 0.157057 0.881277
vt 0.181738 0.766171
vt 0.181738 0.766171
vt 0.157057 0.881277
vt 0.163433 0.881277
vt 0.190281 0.766171
vt 0.199633 0.766171
vt 0.170412 0.881277
vt 0.176787 0.881277
vt 0.208175 0.766171
vt 0.208175 0.766171
vt 0.176787 0.881277
vt 0.181457 0.881277
vt 0.214433 0.766171
vt 0.259486 0.766171
vt 0.262401 0.881277
vt 0.269039 0.881277
vt 0.268380 0.766171
vt 0.268380 0.766171
vt 0.269039 0.881277
vt 0.275979 0.881277
vt 0.277680 0.766171
vt 0.277680 0.766171
vt 0.275979 0.881277
vt 0.282023 0.881277
vt 0.285779 0.766171
vt 0.021797 0.766171
vt 0.054072 0.881277
vt 0.059718 0.881277
vt 0.029362 0.766171
vt 0.029362 0.766171
vt 0.066544 0.881277
vt 0.038509 0.766171
vt 0.059718 0.881277
vt 0.066544 0.998008
vt 0.062250 0.998008
vt 0.073371 0.881277
vt 0.070839 0.998008
vt 0.074391 0.998008
vt 0.079017 0.881277
vt 0.122941 0.118723
vt 0.118844 0.001992
vt 0.115042 0.001992
vt 0.116897 0.118723
vt 0.116897 0.118723
vt 0.115042 0.001992
vt 0.110675 0.001992
vt 0.109956 0.118723
vt 0.109956 0.118723
vt 0.110675 0.001992
vt 0.106499 0.001992
vt 0.103319 0.118723
vt 0.152387 0.881277
vt 0.157778 0.998008
vt 0.160716 0.998008
vt 0.157057 0.881277
vt 0.157057 0.881277
vt 0.160716 0.998008
vt 0.164727 0.998008
vt 0.163433 0.881277
vt 0.170412 0.881277
vt 0.169117 0.998008
vt 0.173128 0.998008
vt 0.176787 0.881277
vt 0.176787 0.881277
vt 0.173128 0.998008
vt 0.176066 0.998008
vt 0.181457 0.881277
vt 0.262401 0.881277
vt 0.265582 0.998008
vt 0.269757 0.998008
vt 0.269039 0.881277
vt 0.269039 0.881277
vt 0.269757 0.998008
vt 0.274124 0.998008
vt 0.275979 0.881277
vt 0.275979 0.881277
vt 0.274124 0.998008
vt 0.277926 0.998008
vt 0.282023 0.881277
vt 0.054072 0.881277
vt 0.058698 0.998008
vt 0.062250 0.998008
vt 0.059718 0.881277
vt 0.066544 0.881277
vt 0.066544 0.998008
vt 0.070839 0.998008
vt 0.073371 0.881277
vn 0.912325 0.051413 -0.406227
vn 0.668199 0.051552 -0.742194
vn 0.668282 0.051552 -0.742119
vn 0.912325 0.051413 -0.406227
vn 0.668282 0.051552 -0.742119
vn 0.912350 0.051413 -0.406171
vn 0.998680 0.051364 0.000000
vn 0.912325 0.051413 -0.406227
vn 0.912350 0.051413 -0.406171
vn 0.998680 0.051364 0.000000
vn 0.912350 0.051413 -0.406171
vn 0.998680 0.051364 0.000000
vn 0.912325 0.051413 0.406227
vn 0.998680 0.051364 0.000000
vn 0.998680 0.051364 0.000000
vn 0.912325 0.051413 0.406227
vn 0.998680 0.051364 0.000000
vn 0.912350 0.051413 0.406171
vn 0.668199 0.051552 0.742194
vn 0.912325 0.051413 0.406227
vn 0.912350 0.051413 0.406171
vn 0.668199 0.051552 0.742194
vn 0.912350 0.051413 0.406171
vn 0.668282 0.051552 0.742120
vn 0.668199 0.051552 -0.742194
vn 0.308670 0.051755 -0.949760
vn 0.668282 0.051552 -0.742119
vn 0.668199 0.051552 -0.742194
vn 0.308535 0.051756 -0.949804
vn 0.308670 0.051755 -0.949760
vn 0.308535 0.051756 -0.949804
vn -0.104313 0.051989 -0.993185
vn 0.308670 0.051755 -0.949760
vn 0.308535 0.051756 -0.949804
vn -0.104462 0.051990 -0.993169
vn -0.104313 0.051989 -0.993185
vn -0.104462 0.051990 -0.993169
vn -0.499262 0.052213 -0.864877
vn -0.104313 0.051989 -0.993185
vn -0.104462 0.051990 -0.993169
vn -0.499374 0.052213 -0.864812
vn -0.499262 0.052213 -0.864877
vn -0.499374 0.052213 -0.864812
vn -0.807880 0.052388 -0.587014
vn -0.499262 0.052213 -0.864877
vn -0.499374 0.052213 -0.864812
vn -0.807932 0.052388 -0.586942
vn -0.807880 0.052388 -0.587014
vn -0.807932 0.052388 -0.586942
vn -0.976796 0.052484 -0.207640
vn -0.807880 0.052388 -0.587014
vn -0.807932 0.052388 -0.586942
vn -0.976803 0.052484 -0.207610
vn -0.976796 0.052484 -0.207640
vn -0.976803 0.052484 -0.207610
vn -0.976796 0.052484 0.207640
vn -0.976796 0.052484 -0.207640
vn -0.976803 0.052484 -0.207610
vn -0.976803 0.052484 0.207610
vn -0.976796 0.052484 0.207640
vn -0.976803 0.052484 0.207610
vn -0.807880 0.052388 0.587013
vn -0.976796 0.052484 0.207640
vn -0.976803 0.052484 0.207610
vn -0.807932 0.052388 0.586942
vn -0.807880 0.052388 0.587013
vn -0.807932 0.052388 0.586942
vn -0.499262 0.052213 0.864876
vn -0.807880 0.052388 0.587013
vn -0.807932 0.052388 0.586942
vn -0.499375 0.052213 0.864811
vn -0.499262 0.052213 0.864876
vn -0.499375 0.052213 0.864811
vn -0.104313 0.051989 0.993185
vn -0.499262 0.052213 0.864876
vn -0.499375 0.052213 0.864811
vn -0.104462 0.051990 0.993169
vn -0.104313 0.051989 0.993185
vn -0.104462 0.051990 0.993169
vn 0.308670 0.051755 0.949760
vn -0.104313 0.051989 0.993185
vn -0.104462 0.051990 0.993169
vn 0.308534 0.051756 0.949804
vn 0.308670 0.051755 0.949760
vn 0.308534 0.051756 0.949804
vn 0.668282 0.051552 0.742120
vn 0.308670 0.051755 0.949760
vn 0.308534 0.051756 0.949804
vn 0.668199 0.051552 0.742194
vn 0.668282 0.051552 0.742120
vn 0.000000 -1.000000 0.000000
vn 0.000000 -1.000000 0.000000
vn 0.000000 -1.000000 0.000000
vn 0.000000 -1.000000 0.000000
vn 0.000000 -1.000000 0.000000
vn 0.000000 -1.000000 0.000000
vn 0.000000 -1.000000 0.000000
vn 0.000000 -1.000000 0.000000
vn 0.000000 -1.000000 0.000000
vn 0.000000 -1.000000 0.000000
vn 0.000000 -1.000000 0.000000
vn 0.000000 -1.000000 0.000000
vn 0.000000 -1.000000 0.000000
vn 0.000000 -1.000000 0.000000
vn 0.000000 -1.000000 0.000000
vn 0.000000 -1.000000 0.000000
vn 0.000000 -1.000000 0.000000
vn 0.000000 -1.000000 0.000000
vn 0.000000 -1.000000 0.000000
vn 0.000000 -1.000000 0.000000
vn 0.000000 -1.000000 0.000000
vn 0.000000 -1.000000 0.000000
vn 0.000000 -1.000000 0.000000
vn 0.000000 -1.000000 0.000000
vn 0.000000 -1.000000 0.000000
vn 0.000000 -1.000000 0.000000
vn 0.000000 -1.000000 0.000000
vn 0.000000 -1.000000 0.000000
vn 0.000000 -1.000000 0.000000
vn 0.000000 -1.000000 0.000000
vn 0.000000 -1.000000 0.000000
vn 0.000000 -1.000000 0.000000
vn 0.000000 -1.000000 0.000000
vn 0.000000 -1.000000 0.000000
vn 0.000000 -1.000000 0.000000
vn 0.000000 -1.000000 0.000000
vn 0.000000 -1.000000 0.000000
vn 0.000000 -1.000000 0.000000
vn 0.000000 -1.000000 0.000000
vn 0.000000 1.000000 0.000000
vn 0.000000 1.000000 0.000000
vn 0.000000 1.000000 0.000000
vn 0.000000 1.000000 0.000000
vn 0.000000 1.000000 0.000000
vn 0.000000 1.000000 0.000000
vn 0.000000 1.000000 0.000000
vn 0.000000 1.000000 0.000000
vn 0.000000 1.000000 0.000000
vn 0.000000 1.000000 0.000000
vn 0.000000 1.000000 0.000000
vn 0.000000 1.000000 0.000000
vn 0.000000 1.000000 0.000000
vn 0.000000 1.000000 0.000000
vn 0.000000 1.000000 0.000000
vn 0.000000 1.000000 0.000000
vn 0.000000 1.000000 0.000000
vn 0.000000 1.000000 0.000000
vn 0.000000 1.000000 0.000000
vn 0.000000 1.000000 0.000000
vn 0.000000 1.000000 0.000000
vn 0.000000 1.000000 0.000000
vn 0.000000 1.000000 0.000000
vn 0.000000 1.000000 0.000000
vn 0.000000 1.000000 0.000000
vn 0.000000 1.000000 0.000000
vn 0.000000 1.000000 0.000000
vn 0.000000 1.000000 0.000000
vn 0.000000 1.000000 0.000000
vn 0.000000 1.000000 0.000000
vn 0.000000 1.000000 0.000000
vn 0.000000 1.000000 0.000000
vn 0.000000 1.000000 0.000000
vn 0.000000 1.000000 0.000000
vn 0.000000 1.000000 0.000000
vn 0.000000 1.000000 0.000000
vn 0.000000 1.000000 0.000000
vn 0.000000 1.000000 0.000000
vn 0.000000 1.000000 0.000000
vn 0.808365 0.040146 -0.587311
vn 0.808365 0.040146 -0.587311
vn 0.808365 0.040146 -0.587311
vn 0.808365 0.040146 -0.587311
vn 0.808365 0.040146 -0.587311
vn 0.808365 0.040146 -0.587311
vn 0.808365 0.040146 -0.587311
vn 0.808365 0.040146 -0.587311
vn 0.808840 0.020896 -0.587657
vn 0.808365 0.040146 -0.587311
vn 0.808840 0.020896 -0.587657
vn 0.808840 0.020896 -0.587657
vn 0.808840 0.020896 -0.587657
vn 0.808840 0.020896 -0.587657
vn 0.808391 0.039344 -0.587330
vn 0.808840 0.020896 -0.587657
vn 0.808391 0.039344 -0.587330
vn 0.808391 0.039344 -0.587330
vn 0.499594 0.040285 -0.865322
vn 0.499594 0.040285 -0.865322
vn 0.499594 0.040285 -0.865322
vn 0.499594 0.040285 -0.865322
vn 0.499594 0.040285 -0.865322
vn 0.499594 0.040285 -0.865322
vn 0.499594 0.040285 -0.865322
vn 0.499594 0.040285 -0.865322
vn 0.499890 0.020969 -0.865835
vn 0.499594 0.040285 -0.865322
vn 0.499890 0.020969 -0.865835
vn 0.499890 0.020969 -0.865835
vn 0.499890 0.020969 -0.865835
vn 0.499890 0.020969 -0.865835
vn 0.499610 0.039481 -0.865350
vn 0.499890 0.020969 -0.865835
vn 0.499610 0.039481 -0.865350
vn 0.499610 0.039481 -0.865350
vn 0.104443 0.040464 -0.993707
vn 0.104443 0.040464 -0.993707
vn 0.104443 0.040464 -0.993707
vn 0.104443 0.040464 -0.993707
vn 0.104443 0.040464 -0.993707
vn 0.104443 0.040464 -0.993707
vn 0.104443 0.040464 -0.993707
vn 0.104443 0.040464 -0.993707
vn 0.104506 0.021062 -0.994301
vn 0.104443 0.040464 -0.993707
vn 0.104506 0.021062 -0.994301
vn 0.104506 0.021062 -0.994301
vn 0.104506 0.021062 -0.994301
vn 0.104506 0.021062 -0.994301
vn 0.104447 0.039656 -0.993740
vn 0.104506 0.021062 -0.994301
vn 0.104447 0.039656 -0.993740
vn 0.104447 0.039656 -0.993740
vn -0.308762 0.040651 -0.950270
vn -0.308762 0.040651 -0.950270
vn -0.308762 0.040651 -0.950270
vn -0.308762 0.040651 -0.950270
vn -0.308762 0.040651 -0.950270
vn -0.308762 0.040651 -0.950270
vn -0.308762 0.040651 -0.950270
vn -0.308762 0.040651 -0.950270
vn -0.308948 0.021159 -0.950844
vn -0.308762 0.040651 -0.950270
vn -0.308948 0.021159 -0.950844
vn -0.308948 0.021159 -0.950844
vn -0.308948 0.021159 -0.950844
vn -0.308948 0.021159 -0.950844
vn -0.308771 0.039839 -0.950302
vn -0.308948 0.021159 -0.950844
vn -0.308771 0.039839 -0.950302
vn -0.308771 0.039839 -0.950302
vn -0.668573 0.040813 -0.742526
vn -0.668573 0.040813 -0.742526
vn -0.668573 0.040813 -0.742526
vn -0.668573 0.040813 -0.742526
vn -0.668573 0.040813 -0.742526
vn -0.668573 0.040813 -0.742526
vn -0.668573 0.040813 -0.742526
vn -0.668573 0.040813 -0.742526
vn -0.668979 0.021244 -0.742977
vn -0.668573 0.040813 -0.742526
vn -0.668979 0.021244 -0.742977
vn -0.668979 0.021244 -0.742977
vn -0.668979 0.021244 -0.742977
vn -0.668979 0.021244 -0.742977
vn -0.668595 0.039998 -0.742550
vn -0.668979 0.021244 -0.742977
vn -0.668595 0.039998 -0.742550
vn -0.668595 0.039998 -0.742550
vn -0.912780 0.040924 -0.406396
vn -0.912780 0.040924 -0.406396
vn -0.912780 0.040924 -0.406396
vn -0.912780 0.040924 -0.406396
vn -0.912780 0.040924 -0.406396
vn -0.912780 0.040924 -0.406396
vn -0.912780 0.040924 -0.406396
vn -0.912780 0.040924 -0.406396
vn -0.913338 0.021302 -0.406644
vn -0.912780 0.040924 -0.406396
vn -0.913338 0.021302 -0.406644
vn -0.913338 0.021302 -0.406644
vn -0.913338 0.021302 -0.406644
vn -0.913338 0.021302 -0.406644
vn -0.912811 0.040106 -0.406409
vn -0.913338 0.021302 -0.406644
vn -0.912811 0.040106 -0.406409
vn -0.912811 0.040106 -0.406409
vn -0.999161 0.040963 -0.000000
vn -0.999161 0.040963 -0.000000
vn -0.999161 0.040963 -0.000000
vn -0.999161 0.040963 -0.000000
vn -0.999161 0.040963 -0.000000
vn -0.999161 0.040963 -0.000000
vn -0.999161 0.040963 -0.000000
vn -0.999161 0.040963 -0.000000
vn -0.999773 0.021322 -0.000000
vn -0.999161 0.040963 -0.000000
vn -0.999773 0.021322 -0.000000
vn -0.999773 0.021322 -0.000000
vn -0.999773 0.021322 -0.000000
vn -0.999773 0.021322 -0.000000
vn -0.999194 0.040145 -0.000000
vn -0.999773 0.021322 -0.000000
vn -0.999194 0.040145 -0.000000
vn -0.999194 0.040145 -0.000000
vn -0.999194 0.040145 -0.000000
vn -0.999194 0.040145 -0.000000
vn -0.998801 0.048966 -0.000000
vn -0.999194 0.040145 -0.000000
vn -0.998801 0.048966 -0.000000
vn -0.998801 0.048966 -0.000000
vn -0.998801 0.048966 -0.000000
vn -0.998801 0.048966 -0.000000
vn -0.998612 0.052669 -0.000000
vn -0.998801 0.048966 -0.000000
vn -0.998612 0.052669 -0.000000
vn -0.998612 0.052669 -0.000000
vn -0.912780 0.040924 0.406396
vn -0.912780 0.040924 0.406396
vn -0.912780 0.040924 0.406396
vn -0.912780 0.040924 0.406396
vn -0.912780 0.040924 0.406396
vn -0.912780 0.040924 0.406396
vn -0.912780 0.040924 0.406396
vn -0.912780 0.040924 0.406396
vn -0.913338 0.021302 0.406644
vn -0.912780 0.040924 0.406396
vn -0.913338 0.021302 0.406644
vn -0.913338 0.021302 0.406645
vn -0.913338 0.021302 0.406645
vn -0.913338 0.021302 0.406644
vn -0.912811 0.040106 0.406409
vn -0.913338 0.021302 0.406645
vn -0.912811 0.040106 0.406409
vn -0.912811 0.040106 0.406409
vn -0.668573 0.040813 0.742526
vn -0.668573 0.040813 0.742526
vn -0.668573 0.040813 0.742526
vn -0.668573 0.040813 0.742526
vn -0.668573 0.040813 0.742526
vn -0.668573 0.040813 0.742526
vn -0.668573 0.040813 0.742526
vn -0.668573 0.040813 0.742526
vn -0.668980 0.021244 0.742977
vn -0.668573 0.040813 0.742526
vn -0.668980 0.021244 0.742977
vn -0.668980 0.021244 0.742977
vn -0.668980 0.021244 0.742977
vn -0.668980 0.021244 0.742977
vn -0.668595 0.039998 0.742550
vn -0.668980 0.021244 0.742977
vn -0.668595 0.039998 0.742550
vn -0.668595 0.039998 0.742550
vn -0.308762 0.040651 0.950270
vn -0.308762 0.040651 0.950270
vn -0.308762 0.040651 0.950270
vn -0.308762 0.040651 0.950270
vn -0.308762 0.040651 0.950270
vn -0.308762 0.040651 0.950270
vn -0.308762 0.040651 0.950270
vn -0.308762 0.040651 0.950270
vn -0.308948 0.021159 0.950844
vn -0.308762 0.040651 0.950270
vn -0.308948 0.021159 0.950844
vn -0.308948 0.021159 0.950844
vn -0.308948 0.021159 0.950844
vn -0.308948 0.021159 0.950844
vn -0.308772 0.039839 0.950301
vn -0.308948 0.021159 0.950844
vn -0.308772 0.039839 0.950301
vn -0.308772 0.039839 0.950301
vn 0.104443 0.040464 0.993707
vn 0.104443 0.040464 0.993707
vn 0.104443 0.040464 0.993707
vn 0.104443 0.040464 0.993707
vn 0.104443 0.040464 0.993707
vn 0.104443 0.040464 0.993707
vn 0.104443 0.040464 0.993707
vn 0.104443 0.040464 0.993707
vn 0.104505 0.021062 0.994301
vn 0.104443 0.040464 0.993707
vn 0.104505 0.021062 0.994301
vn 0.104505 0.021062 0.994301
vn 0.104505 0.021062 0.994301
vn 0.104505 0.021062 0.994301
vn 0.104445 0.039656 0.993740
vn 0.104505 0.021062 0.994301
vn 0.104445 0.039656 0.993740
vn 0.104445 0.039656 0.993740
vn 0.499594 0.040285 0.865322
vn 0.499594 0.040285 0.865322
vn 0.499594 0.040285 0.865322
vn 0.499594 0.040285 0.865322
vn 0.499594 0.040285 0.865322
vn 0.499594 0.040285 0.865322
vn 0.499594 0.040285 0.865322
vn 0.499594 0.040285 0.865322
vn 0.499890 0.020969 0.865835
vn 0.499594 0.040285 0.865322
vn 0.499890 0.020969 0.865835
vn 0.499890 0.020969 0.865835
vn 0.499890 0.020969 0.865835
vn 0.499890 0.020969 0.865835
vn 0.499610 0.039481 0.865350
vn 0.499890 0.020969 0.865835
vn 0.499610 0.039481 0.865350
vn 0.499610 0.039481 0.865350
vn 0.808365 0.040146 0.587312
vn 0.808365 0.040146 0.587312
vn 0.808365 0.040146 0.587312
vn 0.808365 0.040146 0.587312
vn 0.808365 0.040146 0.587312
vn 0.808365 0.040146 0.587312
vn 0.808365 0.040146 0.587312
vn 0.808365 0.040146 0.587312
vn 0.808840 0.020896 0.587657
vn 0.808365 0.040146 0.587312
vn 0.808840 0.020896 0.587657
vn 0.808840 0.020896 0.587657
vn 0.808840 0.020896 0.587657
vn 0.808840 0.020896 0.587657
vn 0.808390 0.039344 0.587331
vn 0.808840 0.020896 0.587657
vn 0.808390 0.039344 0.587331
vn 0.808390 0.039344 0.587331
vn 0.977362 0.040069 0.207745
vn 0.977362 0.040069 0.207745
vn 0.977362 0.040069 0.207745
vn 0.977362 0.040069 0.207745
vn 0.977362 0.040069 0.207745
vn 0.977362 0.040069 0.207745
vn 0.977362 0.040069 0.207745
vn 0.977362 0.040069 0.207745
vn 0.977935 0.020856 0.207866
vn 0.977362 0.040069 0.207745
vn 0.977935 0.020856 0.207866
vn 0.977935 0.020856 0.207866
vn 0.977935 0.020856 0.207866
vn 0.977935 0.020856 0.207866
vn 0.977393 0.039269 0.207751
vn 0.977935 0.020856 0.207866
vn 0.977393 0.039269 0.207751
vn 0.977393 0.039269 0.207751
vn 0.977362 0.040069 -0.207745
vn 0.977362 0.040069 -0.207745
vn 0.977362 0.040069 -0.207745
vn 0.977362 0.040069 -0.207745
vn 0.977362 0.040069 -0.207745
vn 0.977362 0.040069 -0.207745
vn 0.977362 0.040069 -0.207745
vn 0.977362 0.040069 -0.207745
vn 0.977935 0.020856 -0.207867
vn 0.977362 0.040069 -0.207745
vn 0.977935 0.020856 -0.207867
vn 0.977935 0.020856 -0.207867
vn 0.977935 0.020856 -0.207867
vn 0.977935 0.020856 -0.207867
vn 0.977393 0.039269 -0.207752
vn 0.977935 0.020856 -0.207867
vn 0.977393 0.039269 -0.207752
vn 0.977393 0.039269 -0.207752
vn 0.977393 0.039269 -0.207752
vn 0.977393 0.039269 -0.207752
vn 0.978144 -0.002685 -0.207911
vn 0.977393 0.039269 -0.207752
vn 0.978144 -0.002685 -0.207911
vn 0.978144 -0.002685 -0.207911
vn 0.805382 -0.094686 -0.585144
vn 0.805382 -0.094686 -0.585144
vn 0.805382 -0.094686 -0.585144
vn 0.805382 -0.094686 -0.585144
vn 0.805382 -0.094686 -0.585144
vn 0.805382 -0.094686 -0.585144
vn 0.493510 -0.160601 -0.854784
vn 0.493510 -0.160601 -0.854784
vn 0.493510 -0.160601 -0.854784
vn 0.493510 -0.160601 -0.854784
vn 0.493510 -0.160601 -0.854784
vn 0.493510 -0.160601 -0.854784
vn 0.102619 -0.190255 -0.976357
vn 0.102619 -0.190255 -0.976357
vn 0.102619 -0.190255 -0.976357
vn 0.102619 -0.190255 -0.976357
vn 0.102619 -0.190255 -0.976357
vn 0.102619 -0.190255 -0.976357
vn -0.303970 -0.179996 -0.935523
vn -0.303970 -0.179996 -0.935523
vn -0.303970 -0.179996 -0.935523
vn -0.303970 -0.179996 -0.935523
vn -0.303970 -0.179996 -0.935523
vn -0.303970 -0.179996 -0.935523
vn -0.663363 -0.131013 -0.736740
vn -0.663362 -0.131013 -0.736740
vn -0.663362 -0.131013 -0.736740
vn -0.663363 -0.131013 -0.736740
vn -0.663362 -0.131013 -0.736740
vn -0.663362 -0.131013 -0.736740
vn -0.912402 -0.050022 -0.406227
vn -0.912402 -0.050022 -0.406227
vn -0.912402 -0.050022 -0.406227
vn -0.912402 -0.050022 -0.406227
vn -0.912402 -0.050022 -0.406227
vn -0.912402 -0.050022 -0.406227
vn -0.903696 0.146445 0.402351
vn -0.903696 0.146445 0.402351
vn -0.903696 0.146445 0.402351
vn -0.903696 0.146445 0.402351
vn -0.903696 0.146445 0.402351
vn -0.903696 0.146445 0.402351
vn -0.652126 0.224002 0.724261
vn -0.652126 0.224003 0.724261
vn -0.652126 0.224003 0.724261
vn -0.652126 0.224002 0.724261
vn -0.652126 0.224002 0.724261
vn -0.652126 0.224003 0.724261
vn -0.297551 0.269885 0.915765
vn -0.297551 0.269885 0.915765
vn -0.297551 0.269885 0.915765
vn -0.297551 0.269885 0.915765
vn -0.297551 0.269885 0.915765
vn -0.297551 0.269885 0.915765
vn 0.100374 0.279099 0.955002
vn 0.100374 0.279099 0.955002
vn 0.100374 0.279099 0.955002
vn 0.100374 0.279099 0.955002
vn 0.100374 0.279099 0.955002
vn 0.100374 0.279099 0.955002
vn 0.484013 0.250852 0.838335
vn 0.484013 0.250852 0.838335
vn 0.484013 0.250852 0.838335
vn 0.484013 0.250852 0.838335
vn 0.484013 0.250852 0.838335
vn 0.484013 0.250852 0.838335
vn 0.794622 0.187802 0.577327
vn 0.794622 0.187802 0.577327
vn 0.794622 0.187802 0.577327
vn 0.794622 0.187802 0.577327
vn 0.794622 0.187802 0.577327
vn 0.794622 0.187802 0.577327
vn 0.973428 0.098116 0.206907
vn 0.973428 0.098116 0.206907
vn 0.973428 0.098116 0.206907
vn 0.973428 0.098116 0.206907
vn 0.973428 0.098116 0.206907
vn 0.973428 0.098116 0.206907
vn 0.973428 0.098116 0.206907
vn 0.973428 0.098116 0.206907
vn 0.976849 0.051521 0.207635
vn 0.973428 0.098116 0.206907
vn 0.976849 0.051521 0.207635
vn 0.976849 0.051521 0.207635
vn 0.807938 0.051619 -0.587002
vn 0.807938 0.051619 -0.587002
vn 0.807938 0.051619 -0.587002
vn 0.807938 0.051619 -0.587002
vn 0.807938 0.051619 -0.587002
vn 0.807938 0.051619 -0.587002
vn 0.499329 0.051799 -0.864863
vn 0.499329 0.051799 -0.864863
vn 0.499329 0.051799 -0.864863
vn 0.499329 0.051799 -0.864863
vn 0.499329 0.051799 -0.864863
vn 0.499329 0.051799 -0.864863
vn 0.104386 0.052028 -0.993175
vn 0.104386 0.052028 -0.993175
vn 0.104386 0.052028 -0.993175
vn 0.104386 0.052028 -0.993175
vn 0.104386 0.052028 -0.993175
vn 0.104386 0.052028 -0.993175
vn -0.308594 0.052268 -0.949757
vn -0.308594 0.052268 -0.949757
vn -0.308594 0.052268 -0.949757
vn -0.308594 0.052268 -0.949757
vn -0.308594 0.052268 -0.949757
vn -0.308594 0.052268 -0.949757
vn -0.668208 0.052477 -0.742122
vn -0.668208 0.052477 -0.742122
vn -0.668208 0.052477 -0.742122
vn -0.668208 0.052477 -0.742122
vn -0.668208 0.052477 -0.742122
vn -0.668208 0.052477 -0.742122
vn -0.912280 0.052619 -0.406173
vn -0.912280 0.052619 -0.406173
vn -0.912280 0.052619 -0.406173
vn -0.912280 0.052619 -0.406173
vn -0.912280 0.052619 -0.406173
vn -0.912280 0.052619 -0.406173
vn -0.912280 0.052619 0.406173
vn -0.912280 0.052619 0.406173
vn -0.912280 0.052619 0.406173
vn -0.912280 0.052619 0.406173
vn -0.912280 0.052619 0.406173
vn -0.912280 0.052619 0.406173
vn -0.668208 0.052477 0.742121
vn -0.668208 0.052477 0.742121
vn -0.668208 0.052477 0.742121
vn -0.668208 0.052477 0.742121
vn -0.668208 0.052477 0.742121
vn -0.668208 0.052477 0.742121
vn -0.308596 0.052268 0.949756
vn -0.308596 0.052268 0.949756
vn -0.308596 0.052268 0.949756
vn -0.308596 0.052268 0.949756
vn -0.308596 0.052268 0.949756
vn -0.308596 0.052268 0.949756
vn 0.104386 0.052028 0.993175
vn 0.104386 0.052028 0.993175
vn 0.104386 0.052028 0.993175
vn 0.104386 0.052028 0.993175
vn 0.104386 0.052028 0.993175
vn 0.104386 0.052028 0.993175
vn 0.499329 0.051799 0.864863
vn 0.499329 0.051799 0.864863
vn 0.499329 0.051799 0.864863
vn 0.499329 0.051799 0.864863
vn 0.499329 0.051799 0.864863
vn 0.499329 0.051799 0.864863
vn 0.807939 0.051619 0.587001
vn 0.807939 0.051619 0.587001
vn 0.807939 0.051619 0.587001
vn 0.807939 0.051619 0.587001
vn 0.807939 0.051619 0.587001
vn 0.807939 0.051619 0.587001
vn 0.976849 0.051521 -0.207636
vn 0.976849 0.051521 -0.207636
vn 0.976849 0.051521 -0.207636
vn 0.976849 0.051521 -0.207636
vn 0.976849 0.051521 -0.207636
vn 0.976849 0.051521 -0.207636
s off
g pCylinder2 cherry_tree group1
usemtl pCylinder2SG
f 1/1/1 3/3/2 2/2/3
f 1/1/4 2/2/5 4/4/6
f 5/5/7 1/1/8 4/4/9
f 5/5/10 4/4/11 6/6/12
f 7/7/13 5/5/14 6/6/15
f 7/7/16 6/6/17 8/8/18
f 9/9/19 7/7/20 8/8/21
f 9/9/22 8/8/23 10/10/24
f 3/11/25 11/13/26 2/12/27
f 3/11/28 12/14/29 11/13/30
f 12/14/31 13/15/32 11/13/33
f 12/14/34 14/16/35 13/15/36
f 14/16/37 15/17/38 13/15/39
f 14/16/40 16/18/41 15/17/42
f 16/19/43 17/21/44 15/20/45
f 16/19/46 18/22/47 17/21/48
f 18/22/49 19/23/50 17/21/51
f 18/22/52 20/24/53 19/23/54
f 20/24/55 21/25/56 19/23/57
f 20/24/58 22/26/59 21/25/60
f 22/26/61 23/27/62 21/25/63
f 22/26/64 24/28/65 23/27/66
f 24/28/67 25/29/68 23/27/69
f 24/28/70 26/30/71 25/29/72
f 26/31/73 27/33/74 25/32/75
f 26/31/76 28/34/77 27/33/78
f 28/34/79 29/35/80 27/33/81
f 28/34/82 30/36/83 29/35/84
f 30/36/85 10/37/86 29/35/87
f 30/36/88 9/38/89 10/37/90
f 12/39/91 16/41/92 14/40/93
f 16/41/94 12/39/95 3/42/96
f 16/41/97 3/42/98 18/43/99
f 18/43/100 3/42/101 1/44/102
f 18/43/103 1/44/104 20/45/105
f 20/45/106 1/44/107 5/46/108
f 20/45/109 5/46/110 22/47/111
f 22/47/112 5/46/113 7/48/114
f 22/47/115 7/48/116 24/49/117
f 24/49/118 7/48/119 9/50/120
f 24/49/121 9/50/122 26/51/123
f 26/51/124 9/50/125 30/52/126
f 26/51/127 30/52/128 28/53/129
f 31/54/130 33/56/131 32/55/132
f 33/56/133 31/54/134 34/57/135
f 34/57/136 31/54/137 35/58/138
f 34/57/139 35/58/140 36/59/141
f 36/59/142 35/58/143 37/60/144
f 36/59/145 37/60/146 38/61/147
f 38/61/148 37/60/149 39/62/150
f 38/61/151 39/62/152 40/63/153
f 40/63/154 39/62/155 41/64/156
f 40/63/157 41/64/158 42/65/159
f 42/65/160 41/64/161 43/66/162
f 42/65/163 43/66/164 44/67/165
f 44/67/166 43/66/167 45/68/168
f 4/69/169 2/71/170 46/70/171
f 4/69/172 46/70/173 47/72/174
f 47/72/175 46/70/176 48/73/177
f 47/72/178 48/73/179 49/74/180
f 49/74/181 48/73/182 50/75/183
f 49/74/184 50/75/185 51/76/186
f 2/77/187 11/79/188 52/78/189
f 2/77/190 52/78/191 46/80/192
f 46/80/193 52/78/194 53/81/195
f 46/80/196 53/81/197 48/82/198
f 48/82/199 53/81/200 54/83/201
f 48/82/202 54/83/203 50/84/204
f 11/85/205 13/87/206 55/86/207
f 11/85/208 55/86/209 52/88/210
f 52/88/211 55/86/212 56/89/213
f 52/88/214 56/89/215 53/90/216
f 53/90/217 56/89/218 57/91/219
f 53/90/220 57/91/221 54/92/222
f 13/93/223 15/95/224 58/94/225
f 13/93/226 58/94/227 55/96/228
f 55/96/229 58/94/230 59/97/231
f 55/96/232 59/97/233 56/98/234
f 56/98/235 59/97/236 60/99/237
f 56/98/238 60/99/239 57/100/240
f 15/101/241 17/103/242 61/102/243
f 15/101/244 61/102/245 58/104/246
f 58/104/247 61/102/248 62/105/249
f 58/104/250 62/105/251 59/106/252
f 59/106/253 62/105/254 63/107/255
f 59/106/256 63/107/257 60/108/258
f 17/109/259 19/111/260 64/110/261
f 17/109/262 64/110/263 61/112/264
f 61/112/265 64/110/266 65/113/267
f 61/112/268 65/113/269 62/114/270
f 62/114/271 65/113/272 66/115/273
f 62/114/274 66/115/275 63/116/276
f 19/117/277 21/119/278 67/118/279
f 19/117/280 67/118/281 64/120/282
f 64/120/283 67/118/284 68/121/285
f 64/120/286 68/121/287 65/122/288
f 65/122/289 68/121/290 69/123/291
f 65/122/292 69/123/293 66/124/294
f 66/124/295 69/123/296 70/125/297
f 66/124/298 70/125/299 71/126/300
f 71/126/301 70/125/302 39/127/303
f 71/126/304 39/127/305 37/128/306
f 21/129/307 23/131/308 72/130/309
f 21/129/310 72/130/311 67/132/312
f 67/132/313 72/130/314 73/133/315
f 67/132/316 73/133/317 68/134/318
f 68/134/319 73/133/320 74/135/321
f 68/134/322 74/135/323 69/136/324
f 23/137/325 25/139/326 75/138/327
f 23/137/328 75/138/329 72/140/330
f 72/140/331 75/138/332 76/141/333
f 72/140/334 76/141/335 73/142/336
f 73/142/337 76/141/338 77/143/339
f 73/142/340 77/143/341 74/144/342
f 25/145/343 27/147/344 78/146/345
f 25/145/346 78/146/347 75/148/348
f 75/148/349 78/146/350 79/149/351
f 75/148/352 79/149/353 76/150/354
f 76/150/355 79/149/356 80/151/357
f 76/150/358 80/151/359 77/152/360
f 27/153/361 29/155/362 81/154/363
f 27/153/364 81/154/365 78/156/366
f 78/156/367 81/154/368 82/157/369
f 78/156/370 82/157/371 79/158/372
f 79/158/373 82/157/374 83/159/375
f 79/158/376 83/159/377 80/160/378
f 29/161/379 10/163/380 84/162/381
f 29/161/382 84/162/383 81/164/384
f 81/164/385 84/162/386 85/165/387
f 81/164/388 85/165/389 82/166/390
f 82/166/391 85/165/392 86/167/393
f 82/166/394 86/167/395 83/168/396
f 10/169/397 8/171/398 87/170/399
f 10/169/400 87/170/401 84/172/402
f 84/172/403 87/170/404 88/173/405
f 84/172/406 88/173/407 85/174/408
f 85/174/409 88/173/410 89/175/411
f 85/174/412 89/175/413 86/176/414
f 8/177/415 6/179/416 90/178/417
f 8/177/418 90/178/419 87/180/420
f 87/180/421 90/178/422 91/181/423
f 87/180/424 91/181/425 88/182/426
f 88/182/427 91/181/428 92/183/429
f 88/182/430 92/183/431 89/184/432
f 6/185/433 4/187/434 47/186/435
f 6/185/436 47/186/437 90/188/438
f 90/188/439 47/186/440 49/189/441
f 90/188/442 49/189/443 91/190/444
f 91/190/445 49/189/446 51/191/447
f 91/190/448 51/191/449 92/192/450
f 92/192/451 51/191/452 93/193/453
f 92/192/454 93/193/455 94/194/456
f 51/195/457 95/197/458 93/196/459
f 51/195/460 50/198/461 95/197/462
f 50/199/463 96/201/464 95/200/465
f 50/199/466 54/202/467 96/201/468
f 54/203/469 97/205/470 96/204/471
f 54/203/472 57/206/473 97/205/474
f 57/207/475 98/209/476 97/208/477
f 57/207/478 60/210/479 98/209/480
f 60/211/481 99/213/482 98/212/483
f 60/211/484 63/214/485 99/213/486
f 63/215/487 71/217/488 99/216/489
f 63/215/490 66/218/491 71/217/492
f 69/219/493 100/221/494 70/220/495
f 69/219/496 74/222/497 100/221/498
f 74/223/499 101/225/500 100/224/501
f 74/223/502 77/226/503 101/225/504
f 77/227/505 102/229/506 101/228/507
f 77/227/508 80/230/509 102/229/510
f 80/231/511 103/233/512 102/232/513
f 80/231/514 83/234/515 103/233/516
f 83/235/517 104/237/518 103/236/519
f 83/235/520 86/238/521 104/237/522
f 86/239/523 105/241/524 104/240/525
f 86/239/526 89/242/527 105/241/528
f 89/243/529 92/245/530 94/244/531
f 89/243/532 94/244/533 105/246/534
f 105/246/535 94/244/536 38/247/537
f 105/246/538 38/247/539 40/248/540
f 93/249/541 34/251/542 36/250/543
f 93/249/544 95/252/545 34/251/546
f 95/253/547 33/255/548 34/254/549
f 95/253/550 96/256/551 33/255/552
f 96/257/553 32/259/554 33/258/555
f 96/257/556 97/260/557 32/259/558
f 97/261/559 31/263/560 32/262/561
f 97/261/562 98/264/563 31/263/564
f 98/265/565 35/267/566 31/266/567
f 98/265/568 99/268/569 35/267/570
f 99/269/571 37/271/572 35/270/573
f 99/269/574 71/272/575 37/271/576
f 70/273/577 41/275/578 39/274/579
f 70/273/580 100/276/581 41/275/582
f 100/277/583 43/279/584 41/278/585
f 100/277/586 101/280/587 43/279/588
f 101/281/589 45/283/590 43/282/591
f 101/281/592 102/284/593 45/283/594
f 102/285/595 44/287/596 45/286/597
f 102/285/598 103/288/599 44/287/600
f 103/289/601 42/291/602 44/290/603
f 103/289/604 104/292/605 42/291/606
f 104/293/607 40/295/608 42/294/609
f 104/293/610 105/296/611 40/295/612
f 94/297/613 36/299/614 38/298/615
f 94/297/616 93/300/617 36/299/618
g default
v -125.110306 416.508074 894.650079
v -108.579887 432.324100 891.271506
v -126.691567 419.028296 889.921443
v -107.147590 430.041294 895.554688
v -124.762376 415.786502 900.179093
v -106.832416 429.387714 900.562847
v -125.707956 416.988374 905.552474
v -107.688900 430.476343 905.430036
v -127.783563 419.905760 909.841114
v -109.568969 433.118933 909.314669
v -110.881663 435.841349 888.453912
v -129.232773 422.911301 886.810812
v -113.654988 439.984883 887.589083
v -132.294509 427.485796 885.856044
v -116.420281 444.038270 888.826566
v -135.347376 431.960766 887.222225
v -118.699369 447.300686 891.952382
v -137.863480 435.562455 890.673132
v -120.098203 449.207933 896.426057
v -139.407816 437.668090 895.612070
v -120.374944 449.430326 901.474042
v -139.713304 437.913560 901.185054
v -119.481655 447.929333 906.223503
v -138.727169 436.256491 906.428460
v -117.572915 444.964528 909.853208
v -136.619910 432.983339 910.435661
v -114.978670 441.048557 911.735552
v -133.755848 428.660133 912.513769
v -112.147493 436.858535 911.545061
v -130.630251 424.034276 912.303471
v 97.946204 572.829129 901.158546
v 98.520993 571.986621 900.901328
v 99.097443 571.125324 901.081088
v 99.575878 570.394258 901.666743
v 97.472488 573.507223 901.808267
v 99.873598 569.919760 902.557027
v 97.181733 573.903654 902.738147
v 99.939098 569.783915 903.598003
v 97.124214 573.949875 903.787401
v 99.761074 570.010181 904.609679
v 97.309876 573.637895 904.774601
v 99.370293 570.559455 905.417123
v 97.706618 573.021654 905.529058
v 98.834324 571.336764 905.880724
v 98.245851 572.207690 905.920316
v -67.272289 467.958513 897.358560
v -68.441018 469.821200 893.863671
v -70.319205 472.691089 891.564639
v -72.582094 476.072040 890.858978
v -74.838417 479.379461 891.868709
v -76.698063 482.041377 894.419240
v -77.839438 483.597637 898.069556
v -78.065267 483.779129 902.188486
v -77.336422 482.554357 906.063832
v -75.778939 480.135195 909.025513
v -73.662176 476.939975 910.561419
v -71.352066 473.521068 910.405988
v -27.517895 494.923277 910.318018
v -29.541728 497.918500 910.454191
v 34.751743 537.562820 909.702631
v 33.252693 539.781441 909.803492
v -69.248067 470.469711 908.586091
v -67.714066 468.313503 905.416402
v -67.015171 467.425210 901.444992
v -23.943699 490.049971 898.887346
v -24.967596 491.681830 895.825526
v -26.613019 494.196144 893.811375
v -28.595536 497.158146 893.193156
v 33.953568 539.218270 897.018158
v 35.421991 537.024195 897.476076
v -30.572257 500.055672 894.077770
v 32.489348 541.364466 897.673394
v -32.201465 502.387827 896.312248
v -33.201418 503.751216 899.510242
v -33.399233 503.910176 903.118780
v -32.760693 502.837195 906.513917
v -31.396224 500.717833 909.108600
v 31.879057 541.854922 908.806807
v -25.674639 492.249979 908.723632
v -24.330663 490.360957 905.946712
v -23.718411 489.582794 902.467414
v 37.399202 533.953186 901.235873
v 36.640771 535.161885 898.967969
v 31.282610 543.091833 899.328486
v 30.541931 544.101716 901.697255
v 30.395408 544.219458 904.370118
v 30.868359 543.424725 906.884909
v 36.117095 535.582729 908.521660
v 37.112530 534.183504 906.464780
v 37.566037 533.607102 903.887646
vt 0.053027 0.001992
vt 0.065110 0.084161
vt 0.068286 0.001992
vt 0.051289 0.084161
vt 0.034578 0.001992
vt 0.034578 0.084161
vt 0.016130 0.001992
vt 0.017868 0.084161
vt 0.000871 0.001992
vt 0.004047 0.084161
vt 0.146116 0.998008
vt 0.143304 0.915839
vt 0.128509 0.915839
vt 0.129783 0.998008
vt 0.111519 0.915839
vt 0.111025 0.998008
vt 0.095271 0.915839
vt 0.093088 0.998008
vt 0.156875 0.001992
vt 0.160576 0.084161
vt 0.172007 0.084161
vt 0.169495 0.001992
vt 0.187614 0.084161
vt 0.186726 0.001992
vt 0.204698 0.084161
vt 0.205586 0.001992
vt 0.220305 0.084161
vt 0.222816 0.001992
vt 0.231736 0.084161
vt 0.235437 0.001992
vt 0.259782 0.001992
vt 0.261965 0.084161
vt 0.278213 0.084161
vt 0.277719 0.001992
vt 0.295203 0.084161
vt 0.296477 0.001992
vt 0.309998 0.084161
vt 0.312810 0.001992
vt 0.381952 0.003964
vt 0.363194 0.001992
vt 0.345257 0.007820
vt 0.398286 0.013394
vt 0.331241 0.020441
vt 0.409372 0.028652
vt 0.323569 0.037671
vt 0.413293 0.047101
vt 0.323569 0.056531
vt 0.409372 0.065550
vt 0.331241 0.073761
vt 0.398286 0.080808
vt 0.345257 0.086382
vt 0.381952 0.090239
vt 0.363194 0.092210
vt 0.423683 0.017881
vt 0.427060 0.018978
vt 0.430591 0.018607
vt 0.433667 0.016831
vt 0.421044 0.015504
vt 0.435754 0.013958
vt 0.419599 0.012260
vt 0.436492 0.010485
vt 0.419599 0.008709
vt 0.435754 0.007012
vt 0.421044 0.005465
vt 0.433667 0.004139
vt 0.423683 0.003089
vt 0.430591 0.002363
vt 0.427060 0.001992
vt 0.051289 0.084161
vt 0.046951 0.282650
vt 0.058228 0.282650
vt 0.065110 0.084161
vt 0.143304 0.915839
vt 0.114533 0.717350
vt 0.102461 0.717350
vt 0.128509 0.915839
vt 0.128509 0.915839
vt 0.102461 0.717350
vt 0.088597 0.717350
vt 0.111519 0.915839
vt 0.111519 0.915839
vt 0.088597 0.717350
vt 0.075340 0.717350
vt 0.095271 0.915839
vt 0.160576 0.084161
vt 0.168387 0.282650
vt 0.177714 0.282650
vt 0.172007 0.084161
vt 0.172007 0.084161
vt 0.177714 0.282650
vt 0.190449 0.282650
vt 0.187614 0.084161
vt 0.187614 0.084161
vt 0.190449 0.282650
vt 0.204389 0.282650
vt 0.204698 0.084161
vt 0.204698 0.084161
vt 0.204389 0.282650
vt 0.217123 0.282650
vt 0.220305 0.084161
vt 0.220305 0.084161
vt 0.217123 0.282650
vt 0.226451 0.282650
vt 0.231736 0.084161
vt 0.261965 0.084161
vt 0.242034 0.282650
vt 0.255291 0.282650
vt 0.278213 0.084161
vt 0.278213 0.084161
vt 0.269155 0.282650
vt 0.295203 0.084161
vt 0.255291 0.282650
vt 0.291711 0.459233
vt 0.279565 0.459233
vt 0.289441 0.735057
vt 0.280444 0.735057
vt 0.314634 0.998008
vt 0.311102 0.998008
vt 0.295203 0.084161
vt 0.269155 0.282650
vt 0.281227 0.282650
vt 0.309998 0.084161
vt 0.004047 0.084161
vt 0.008403 0.282650
vt 0.019680 0.282650
vt 0.017868 0.084161
vt 0.017868 0.084161
vt 0.019680 0.282650
vt 0.033316 0.282650
vt 0.034578 0.084161
vt 0.034578 0.084161
vt 0.033316 0.282650
vt 0.046951 0.282650
vt 0.051289 0.084161
vt 0.046951 0.282650
vt 0.046524 0.459233
vt 0.056404 0.459233
vt 0.058228 0.282650
vt 0.114533 0.717350
vt 0.135593 0.540767
vt 0.125017 0.540767
vt 0.102461 0.717350
vt 0.102461 0.717350
vt 0.112871 0.540767
vt 0.088597 0.717350
vt 0.125017 0.540767
vt 0.113750 0.264943
vt 0.122747 0.264943
vt 0.144408 0.001992
vt 0.147940 0.001992
vt 0.088597 0.717350
vt 0.101257 0.540767
vt 0.075340 0.717350
vt 0.112871 0.540767
vt 0.105147 0.264943
vt 0.113750 0.264943
vt 0.141031 0.001992
vt 0.144408 0.001992
vt 0.168387 0.282650
vt 0.170721 0.459233
vt 0.178893 0.459233
vt 0.177714 0.282650
vt 0.177714 0.282650
vt 0.178893 0.459233
vt 0.190050 0.459233
vt 0.190449 0.282650
vt 0.190449 0.282650
vt 0.190050 0.459233
vt 0.202262 0.459233
vt 0.204389 0.282650
vt 0.204389 0.282650
vt 0.202262 0.459233
vt 0.213419 0.459233
vt 0.217123 0.282650
vt 0.217123 0.282650
vt 0.213419 0.459233
vt 0.221590 0.459233
vt 0.226451 0.282650
vt 0.242034 0.282650
vt 0.279565 0.459233
vt 0.255291 0.282650
vt 0.267951 0.459233
vt 0.280444 0.735057
vt 0.271841 0.735057
vt 0.269155 0.282650
vt 0.291711 0.459233
vt 0.302287 0.459233
vt 0.281227 0.282650
vt 0.008403 0.282650
vt 0.012753 0.459233
vt 0.022633 0.459233
vt 0.019680 0.282650
vt 0.019680 0.282650
vt 0.022633 0.459233
vt 0.034578 0.459233
vt 0.033316 0.282650
vt 0.033316 0.282650
vt 0.034578 0.459233
vt 0.046524 0.459233
vt 0.046951 0.282650
vt 0.046524 0.459233
vt 0.043427 0.735057
vt 0.050745 0.735057
vt 0.056404 0.459233
vt 0.135593 0.540767
vt 0.130581 0.264943
vt 0.122747 0.264943
vt 0.125017 0.540767
vt 0.170721 0.459233
vt 0.177316 0.735057
vt 0.183369 0.735057
vt 0.178893 0.459233
vt 0.178893 0.459233
vt 0.183369 0.735057
vt 0.191633 0.735057
vt 0.190050 0.459233
vt 0.190050 0.459233
vt 0.191633 0.735057
vt 0.200679 0.735057
vt 0.202262 0.459233
vt 0.202262 0.459233
vt 0.200679 0.735057
vt 0.208942 0.735057
vt 0.213419 0.459233
vt 0.213419 0.459233
vt 0.208942 0.735057
vt 0.214995 0.735057
vt 0.221590 0.459233
vt 0.291711 0.459233
vt 0.297275 0.735057
vt 0.302287 0.459233
vt 0.289441 0.735057
vt 0.317709 0.998008
vt 0.314634 0.998008
vt 0.012753 0.459233
vt 0.018412 0.735057
vt 0.025730 0.735057
vt 0.022633 0.459233
vt 0.022633 0.459233
vt 0.025730 0.735057
vt 0.034578 0.735057
vt 0.034578 0.459233
vt 0.034578 0.459233
vt 0.034578 0.735057
vt 0.043427 0.735057
vt 0.046524 0.459233
vt 0.043427 0.735057
vt 0.045175 0.998008
vt 0.048048 0.998008
vt 0.050745 0.735057
vt 0.130581 0.264943
vt 0.151015 0.001992
vt 0.147940 0.001992
vt 0.122747 0.264943
vt 0.177316 0.735057
vt 0.181637 0.998008
vt 0.184013 0.998008
vt 0.183369 0.735057
vt 0.183369 0.735057
vt 0.184013 0.998008
vt 0.187257 0.998008
vt 0.191633 0.735057
vt 0.191633 0.735057
vt 0.187257 0.998008
vt 0.190808 0.998008
vt 0.200679 0.735057
vt 0.200679 0.735057
vt 0.190808 0.998008
vt 0.194052 0.998008
vt 0.208942 0.735057
vt 0.208942 0.735057
vt 0.194052 0.998008
vt 0.196428 0.998008
vt 0.214995 0.735057
vt 0.271841 0.735057
vt 0.307725 0.998008
vt 0.311102 0.998008
vt 0.280444 0.735057
vt 0.018412 0.735057
vt 0.035356 0.998008
vt 0.038228 0.998008
vt 0.025730 0.735057
vt 0.025730 0.735057
vt 0.038228 0.998008
vt 0.041702 0.998008
vt 0.034578 0.735057
vt 0.034578 0.735057
vt 0.041702 0.998008
vt 0.045175 0.998008
vt 0.043427 0.735057
vn 0.576218 -0.741898 -0.342870
vn 0.458811 -0.554499 -0.694279
vn 0.458853 -0.554564 -0.694199
vn 0.576218 -0.741898 -0.342870
vn 0.458853 -0.554564 -0.694199
vn 0.576228 -0.741916 -0.342813
vn 0.602037 -0.795563 0.068048
vn 0.576218 -0.741898 -0.342870
vn 0.576228 -0.741916 -0.342813
vn 0.602037 -0.795563 0.068048
vn 0.576228 -0.741916 -0.342813
vn 0.602037 -0.795563 0.068048
vn 0.531799 -0.706205 0.467401
vn 0.602037 -0.795563 0.068048
vn 0.602037 -0.795563 0.068048
vn 0.531799 -0.706205 0.467401
vn 0.602037 -0.795563 0.068048
vn 0.531816 -0.706228 0.467348
vn 0.377658 -0.489287 0.786112
vn 0.531799 -0.706205 0.467401
vn 0.531816 -0.706228 0.467348
vn 0.377658 -0.489287 0.786112
vn 0.531816 -0.706228 0.467348
vn 0.377708 -0.489359 0.786043
vn 0.458811 -0.554499 -0.694279
vn 0.270201 -0.265895 -0.925360
vn 0.458853 -0.554564 -0.694199
vn 0.458811 -0.554499 -0.694279
vn 0.270128 -0.265785 -0.925413
vn 0.270201 -0.265895 -0.925360
vn 0.270128 -0.265785 -0.925413
vn 0.042889 0.074185 -0.996322
vn 0.270201 -0.265895 -0.925360
vn 0.270128 -0.265785 -0.925413
vn 0.042805 0.074309 -0.996316
vn 0.042889 0.074185 -0.996322
vn 0.042805 0.074309 -0.996316
vn -0.183781 0.406873 -0.894806
vn 0.042889 0.074185 -0.996322
vn 0.042805 0.074309 -0.996316
vn -0.183847 0.406969 -0.894749
vn -0.183781 0.406873 -0.894806
vn -0.183847 0.406969 -0.894749
vn -0.370614 0.674643 -0.638359
vn -0.183781 0.406873 -0.894806
vn -0.183847 0.406969 -0.894749
vn -0.370646 0.674689 -0.638292
vn -0.370614 0.674643 -0.638359
vn -0.370646 0.674689 -0.638292
vn -0.485299 0.831186 -0.271321
vn -0.370614 0.674643 -0.638359
vn -0.370646 0.674689 -0.638292
vn -0.485304 0.831193 -0.271291
vn -0.485299 0.831186 -0.271321
vn -0.485304 0.831193 -0.271291
vn -0.508002 0.849430 0.142838
vn -0.485299 0.831186 -0.271321
vn -0.485304 0.831193 -0.271291
vn -0.508004 0.849434 0.142807
vn -0.508002 0.849430 0.142838
vn -0.508004 0.849434 0.142807
vn -0.434799 0.726220 0.532498
vn -0.508002 0.849430 0.142838
vn -0.508004 0.849434 0.142807
vn -0.434824 0.726260 0.532424
vn -0.434799 0.726220 0.532498
vn -0.434824 0.726260 0.532424
vn -0.278349 0.482867 0.830278
vn -0.434799 0.726220 0.532498
vn -0.434824 0.726260 0.532424
vn -0.278408 0.482957 0.830206
vn -0.278349 0.482867 0.830278
vn -0.278408 0.482957 0.830206
vn -0.065708 0.161451 0.984691
vn -0.278349 0.482867 0.830278
vn -0.278408 0.482957 0.830206
vn -0.065790 0.161573 0.984665
vn -0.065708 0.161451 0.984691
vn -0.065790 0.161573 0.984665
vn 0.166352 -0.182445 0.969041
vn -0.065708 0.161451 0.984691
vn -0.065790 0.161573 0.984665
vn 0.166274 -0.182331 0.969076
vn 0.166352 -0.182445 0.969041
vn 0.166274 -0.182331 0.969076
vn 0.377708 -0.489359 0.786043
vn 0.166352 -0.182445 0.969041
vn 0.166274 -0.182331 0.969076
vn 0.377658 -0.489287 0.786112
vn 0.377708 -0.489359 0.786043
vn -0.828844 -0.559093 -0.020808
vn -0.828844 -0.559093 -0.020808
vn -0.828844 -0.559093 -0.020808
vn -0.828844 -0.559093 -0.020808
vn -0.828844 -0.559093 -0.020808
vn -0.828844 -0.559093 -0.020808
vn -0.828844 -0.559093 -0.020808
vn -0.828844 -0.559093 -0.020808
vn -0.828844 -0.559093 -0.020808
vn -0.828844 -0.559093 -0.020808
vn -0.828844 -0.559093 -0.020808
vn -0.828844 -0.559093 -0.020808
vn -0.828844 -0.559093 -0.020808
vn -0.828844 -0.559093 -0.020808
vn -0.828844 -0.559093 -0.020808
vn -0.828844 -0.559093 -0.020808
vn -0.828844 -0.559093 -0.020808
vn -0.828844 -0.559093 -0.020808
vn -0.828844 -0.559093 -0.020808
vn -0.828844 -0.559093 -0.020808
vn -0.828844 -0.559093 -0.020808
vn -0.828844 -0.559093 -0.020808
vn -0.828844 -0.559093 -0.020808
vn -0.828844 -0.559093 -0.020808
vn -0.828844 -0.559093 -0.020808
vn -0.828844 -0.559093 -0.020808
vn -0.828844 -0.559093 -0.020808
vn -0.828844 -0.559093 -0.020808
vn -0.828844 -0.559093 -0.020808
vn -0.828844 -0.559093 -0.020808
vn -0.828844 -0.559093 -0.020808
vn -0.828844 -0.559093 -0.020808
vn -0.828844 -0.559093 -0.020808
vn -0.828844 -0.559093 -0.020808
vn -0.828844 -0.559093 -0.020808
vn -0.828844 -0.559093 -0.020808
vn -0.828844 -0.559093 -0.020808
vn -0.828844 -0.559093 -0.020808
vn -0.828844 -0.559093 -0.020808
vn 0.828844 0.559093 0.020808
vn 0.828844 0.559093 0.020808
vn 0.828844 0.559093 0.020808
vn 0.828844 0.559093 0.020808
vn 0.828844 0.559093 0.020808
vn 0.828844 0.559093 0.020808
vn 0.828844 0.559093 0.020808
vn 0.828844 0.559093 0.020808
vn 0.828844 0.559093 0.020808
vn 0.828844 0.559093 0.020808
vn 0.828844 0.559093 0.020808
vn 0.828844 0.559093 0.020808
vn 0.828844 0.559093 0.020808
vn 0.828844 0.559093 0.020808
vn 0.828844 0.559093 0.020808
vn 0.828844 0.559093 0.020808
vn 0.828844 0.559093 0.020808
vn 0.828844 0.559093 0.020808
vn 0.828844 0.559093 0.020808
vn 0.828844 0.559093 0.020808
vn 0.828844 0.559093 0.020808
vn 0.828844 0.559093 0.020808
vn 0.828844 0.559093 0.020808
vn 0.828844 0.559093 0.020808
vn 0.828844 0.559093 0.020808
vn 0.828844 0.559093 0.020808
vn 0.828844 0.559093 0.020808
vn 0.828844 0.559093 0.020808
vn 0.828844 0.559093 0.020808
vn 0.828844 0.559093 0.020808
vn 0.828844 0.559093 0.020808
vn 0.828844 0.559093 0.020808
vn 0.828844 0.559093 0.020808
vn 0.828844 0.559093 0.020808
vn 0.828844 0.559093 0.020808
vn 0.828844 0.559093 0.020808
vn 0.828844 0.559093 0.020808
vn 0.828844 0.559093 0.020808
vn 0.828844 0.559093 0.020808
vn 0.599537 -0.605604 -0.523258
vn 0.599537 -0.605604 -0.523258
vn 0.599537 -0.605604 -0.523258
vn 0.599537 -0.605604 -0.523258
vn 0.599537 -0.605604 -0.523258
vn 0.599537 -0.605604 -0.523258
vn 0.415221 -0.387579 -0.823028
vn 0.415221 -0.387579 -0.823028
vn 0.415221 -0.387578 -0.823028
vn 0.415221 -0.387579 -0.823028
vn 0.415221 -0.387578 -0.823028
vn 0.415221 -0.387579 -0.823028
vn 0.162625 -0.096113 -0.981996
vn 0.162625 -0.096113 -0.981996
vn 0.162625 -0.096113 -0.981996
vn 0.162625 -0.096113 -0.981996
vn 0.162625 -0.096113 -0.981996
vn 0.162625 -0.096113 -0.981996
vn -0.114308 0.217925 -0.969248
vn -0.114308 0.217925 -0.969248
vn -0.114308 0.217925 -0.969248
vn -0.114308 0.217925 -0.969248
vn -0.114308 0.217925 -0.969248
vn -0.114308 0.217925 -0.969248
vn -0.365687 0.497949 -0.786333
vn -0.365687 0.497949 -0.786333
vn -0.365687 0.497949 -0.786333
vn -0.365687 0.497949 -0.786333
vn -0.365687 0.497949 -0.786333
vn -0.365687 0.497949 -0.786333
vn -0.547076 0.694585 -0.467183
vn -0.547076 0.694585 -0.467183
vn -0.547076 0.694585 -0.467183
vn -0.547076 0.694585 -0.467183
vn -0.547076 0.694585 -0.467183
vn -0.547076 0.694585 -0.467183
vn -0.628103 0.775103 -0.068576
vn -0.628103 0.775103 -0.068576
vn -0.628103 0.775103 -0.068576
vn -0.628103 0.775103 -0.068576
vn -0.628103 0.775103 -0.068576
vn -0.628103 0.775103 -0.068576
vn -0.595808 0.726787 0.341750
vn -0.595808 0.726787 0.341750
vn -0.595808 0.726787 0.341750
vn -0.595808 0.726787 0.341750
vn -0.595808 0.726787 0.341750
vn -0.595808 0.726787 0.341750
vn -0.455160 0.557220 0.694503
vn -0.455160 0.557220 0.694503
vn -0.455160 0.557220 0.694504
vn -0.455160 0.557220 0.694503
vn -0.455160 0.557220 0.694503
vn -0.455160 0.557220 0.694503
vn -0.229185 0.294181 0.927864
vn -0.229185 0.294181 0.927864
vn -0.229185 0.294181 0.927864
vn -0.229185 0.294181 0.927864
vn -0.229185 0.294181 0.927864
vn -0.229185 0.294181 0.927864
vn 0.042748 -0.016530 0.998949
vn 0.042748 -0.016530 0.998949
vn 0.042748 -0.016530 0.998949
vn 0.042748 -0.016530 0.998949
vn 0.042748 -0.016530 0.998949
vn 0.042748 -0.016530 0.998949
vn 0.042748 -0.016530 0.998949
vn 0.042748 -0.016530 0.998949
vn 0.018187 -0.033142 0.999285
vn 0.042748 -0.016530 0.998949
vn 0.018187 -0.033142 0.999285
vn 0.018187 -0.033142 0.999285
vn 0.018187 -0.033142 0.999285
vn 0.018187 -0.033142 0.999285
vn 0.028019 -0.026496 0.999256
vn 0.018187 -0.033142 0.999285
vn 0.028019 -0.026496 0.999256
vn 0.028019 -0.026496 0.999256
vn 0.028019 -0.026496 0.999256
vn 0.028019 -0.026496 0.999256
vn 0.061529 -0.003800 0.998098
vn 0.028019 -0.026496 0.999256
vn 0.061529 -0.003800 0.998098
vn 0.061529 -0.003800 0.998098
vn 0.311637 -0.318959 0.895068
vn 0.311637 -0.318959 0.895068
vn 0.311637 -0.318959 0.895068
vn 0.311637 -0.318959 0.895068
vn 0.311637 -0.318959 0.895068
vn 0.311637 -0.318959 0.895068
vn 0.529927 -0.559637 0.637169
vn 0.529927 -0.559637 0.637168
vn 0.529927 -0.559637 0.637169
vn 0.529927 -0.559637 0.637169
vn 0.529927 -0.559637 0.637168
vn 0.529927 -0.559637 0.637168
vn 0.661422 -0.698693 0.272670
vn 0.661422 -0.698693 0.272670
vn 0.661422 -0.698693 0.272670
vn 0.661422 -0.698693 0.272670
vn 0.661422 -0.698693 0.272670
vn 0.661422 -0.698693 0.272670
vn 0.685880 -0.714808 -0.136446
vn 0.685880 -0.714808 -0.136446
vn 0.685880 -0.714808 -0.136446
vn 0.685880 -0.714808 -0.136446
vn 0.685880 -0.714808 -0.136446
vn 0.685880 -0.714808 -0.136446
vn 0.399529 -0.746817 -0.531639
vn 0.399529 -0.746817 -0.531639
vn 0.399529 -0.746817 -0.531639
vn 0.399529 -0.746817 -0.531639
vn 0.399529 -0.746817 -0.531639
vn 0.399529 -0.746817 -0.531639
vn 0.279838 -0.481991 -0.830287
vn 0.279838 -0.481991 -0.830286
vn 0.279838 -0.481991 -0.830286
vn 0.279838 -0.481991 -0.830287
vn 0.279838 -0.481991 -0.830287
vn 0.279838 -0.481991 -0.830286
vn 0.114189 -0.129164 -0.985027
vn 0.114189 -0.129164 -0.985027
vn 0.114189 -0.129164 -0.985027
vn 0.114189 -0.129164 -0.985027
vn 0.114189 -0.129164 -0.985027
vn 0.114189 -0.129164 -0.985027
vn 0.114189 -0.129164 -0.985027
vn 0.114189 -0.129164 -0.985027
vn 0.136741 -0.113862 -0.984041
vn 0.114189 -0.129164 -0.985027
vn 0.136741 -0.113862 -0.984041
vn 0.136741 -0.113862 -0.984041
vn 0.136741 -0.113862 -0.984041
vn 0.136741 -0.113862 -0.984041
vn 0.122070 -0.123830 -0.984767
vn 0.136741 -0.113862 -0.984041
vn 0.122070 -0.123830 -0.984767
vn 0.122070 -0.123830 -0.984767
vn -0.067921 0.248644 -0.966210
vn -0.067921 0.248644 -0.966211
vn -0.067921 0.248644 -0.966211
vn -0.067921 0.248644 -0.966210
vn -0.067921 0.248644 -0.966211
vn -0.067921 0.248644 -0.966210
vn -0.067921 0.248644 -0.966210
vn -0.067921 0.248644 -0.966211
vn -0.095689 0.230368 -0.968387
vn -0.067921 0.248644 -0.966210
vn -0.095689 0.230368 -0.968387
vn -0.095689 0.230368 -0.968387
vn -0.095689 0.230368 -0.968387
vn -0.095689 0.230368 -0.968387
vn -0.068040 0.248569 -0.966222
vn -0.095689 0.230368 -0.968387
vn -0.068040 0.248569 -0.966222
vn -0.068040 0.248569 -0.966222
vn -0.233367 0.582783 -0.778398
vn -0.233367 0.582783 -0.778398
vn -0.233367 0.582783 -0.778398
vn -0.233367 0.582783 -0.778398
vn -0.233367 0.582783 -0.778398
vn -0.233367 0.582783 -0.778398
vn -0.353427 0.815558 -0.458207
vn -0.353427 0.815558 -0.458208
vn -0.353427 0.815558 -0.458208
vn -0.353427 0.815558 -0.458207
vn -0.353427 0.815558 -0.458208
vn -0.353427 0.815558 -0.458208
vn -0.409010 0.910385 -0.062525
vn -0.409010 0.910385 -0.062525
vn -0.409010 0.910385 -0.062525
vn -0.409010 0.910385 -0.062525
vn -0.409010 0.910385 -0.062525
vn -0.409010 0.910385 -0.062525
vn -0.391840 0.853528 0.343442
vn -0.391840 0.853528 0.343442
vn -0.391840 0.853528 0.343442
vn -0.391840 0.853528 0.343442
vn -0.391840 0.853528 0.343442
vn -0.391840 0.853528 0.343442
vn -0.304191 0.653135 0.693457
vn -0.304191 0.653135 0.693457
vn -0.304191 0.653134 0.693457
vn -0.304191 0.653135 0.693457
vn -0.304191 0.653135 0.693457
vn -0.304191 0.653135 0.693457
vn -0.159381 0.339935 0.926845
vn -0.159381 0.339935 0.926845
vn -0.159381 0.339935 0.926845
vn -0.159381 0.339935 0.926845
vn -0.159381 0.339935 0.926845
vn -0.159381 0.339935 0.926845
vn -0.159381 0.339935 0.926845
vn -0.159381 0.339935 0.926845
vn -0.199656 0.313912 0.928222
vn -0.159381 0.339935 0.926845
vn -0.199656 0.313912 0.928222
vn -0.199656 0.313912 0.928222
vn 0.196493 -0.398759 0.895757
vn 0.196493 -0.398759 0.895757
vn 0.196493 -0.398759 0.895757
vn 0.196493 -0.398759 0.895757
vn 0.196493 -0.398759 0.895757
vn 0.196493 -0.398759 0.895757
vn 0.343353 -0.690928 0.636182
vn 0.343353 -0.690928 0.636182
vn 0.343353 -0.690928 0.636182
vn 0.343353 -0.690928 0.636182
vn 0.343353 -0.690928 0.636182
vn 0.343353 -0.690928 0.636182
vn 0.433780 -0.860023 0.268691
vn 0.433780 -0.860023 0.268691
vn 0.433780 -0.860023 0.268691
vn 0.433780 -0.860023 0.268691
vn 0.433780 -0.860023 0.268691
vn 0.433780 -0.860023 0.268691
vn 0.453546 -0.879632 -0.143331
vn 0.453546 -0.879632 -0.143331
vn 0.453546 -0.879632 -0.143331
vn 0.453546 -0.879632 -0.143331
vn 0.453546 -0.879632 -0.143331
vn 0.453546 -0.879632 -0.143331
vn 0.506413 -0.679153 -0.531316
vn 0.506413 -0.679153 -0.531316
vn 0.506413 -0.679153 -0.531316
vn 0.506413 -0.679153 -0.531316
vn 0.506413 -0.679153 -0.531316
vn 0.506413 -0.679153 -0.531316
vn 0.349718 -0.435582 -0.829437
vn 0.349718 -0.435582 -0.829437
vn 0.349718 -0.435582 -0.829437
vn 0.349718 -0.435582 -0.829437
vn 0.349718 -0.435582 -0.829437
vn 0.349718 -0.435582 -0.829437
vn -0.307378 0.537585 -0.785189
vn -0.307378 0.537585 -0.785189
vn -0.307378 0.537585 -0.785189
vn -0.307378 0.537585 -0.785189
vn -0.307378 0.537585 -0.785189
vn -0.307378 0.537585 -0.785189
vn -0.461731 0.754679 -0.466117
vn -0.461731 0.754679 -0.466117
vn -0.461731 0.754679 -0.466117
vn -0.461731 0.754679 -0.466117
vn -0.461731 0.754679 -0.466117
vn -0.461731 0.754679 -0.466117
vn -0.532055 0.844106 -0.066350
vn -0.532055 0.844106 -0.066350
vn -0.532055 0.844106 -0.066350
vn -0.532055 0.844106 -0.066350
vn -0.532055 0.844106 -0.066350
vn -0.532055 0.844106 -0.066350
vn -0.506195 0.790409 0.344994
vn -0.506195 0.790409 0.344994
vn -0.506195 0.790409 0.344994
vn -0.506195 0.790409 0.344994
vn -0.506195 0.790409 0.344994
vn -0.506195 0.790409 0.344994
vn -0.388620 0.602870 0.696794
vn -0.388620 0.602870 0.696794
vn -0.388620 0.602870 0.696794
vn -0.388620 0.602870 0.696794
vn -0.388620 0.602870 0.696794
vn -0.388620 0.602870 0.696794
vn 0.255040 -0.359498 0.897617
vn 0.255040 -0.359498 0.897617
vn 0.255040 -0.359498 0.897617
vn 0.255040 -0.359498 0.897617
vn 0.255040 -0.359498 0.897617
vn 0.255040 -0.359498 0.897617
vn 0.255040 -0.359498 0.897617
vn 0.255040 -0.359498 0.897617
vn 0.246213 -0.365589 0.897621
vn 0.255040 -0.359498 0.897617
vn 0.246213 -0.365589 0.897621
vn 0.246213 -0.365589 0.897621
vn 0.442157 -0.627522 0.640869
vn 0.442157 -0.627521 0.640869
vn 0.442157 -0.627522 0.640869
vn 0.442157 -0.627522 0.640869
vn 0.442157 -0.627522 0.640869
vn 0.442157 -0.627521 0.640869
vn 0.557010 -0.784210 0.273412
vn 0.557010 -0.784210 0.273412
vn 0.557010 -0.784210 0.273412
vn 0.557010 -0.784210 0.273412
vn 0.557010 -0.784210 0.273412
vn 0.557010 -0.784210 0.273412
vn 0.579738 -0.802475 -0.141202
vn 0.579738 -0.802475 -0.141202
vn 0.579738 -0.802475 -0.141202
vn 0.579738 -0.802475 -0.141202
vn 0.579738 -0.802475 -0.141202
vn 0.579738 -0.802475 -0.141202
vn 0.430763 -0.728683 -0.532414
vn 0.430763 -0.728683 -0.532414
vn 0.430763 -0.728683 -0.532414
vn 0.430763 -0.728683 -0.532414
vn 0.430763 -0.728683 -0.532414
vn 0.430763 -0.728683 -0.532414
vn 0.298698 -0.469934 -0.830627
vn 0.298698 -0.469934 -0.830627
vn 0.298698 -0.469934 -0.830627
vn 0.298698 -0.469934 -0.830627
vn 0.298698 -0.469934 -0.830627
vn 0.298698 -0.469934 -0.830627
vn -0.237522 0.580400 -0.778922
vn -0.237522 0.580400 -0.778922
vn -0.237522 0.580400 -0.778922
vn -0.237522 0.580400 -0.778922
vn -0.237522 0.580400 -0.778922
vn -0.237522 0.580400 -0.778922
vn -0.356815 0.813886 -0.458554
vn -0.356815 0.813886 -0.458554
vn -0.356815 0.813886 -0.458554
vn -0.356815 0.813886 -0.458554
vn -0.356815 0.813886 -0.458554
vn -0.356815 0.813886 -0.458554
vn -0.406635 0.911454 -0.062442
vn -0.406635 0.911454 -0.062442
vn -0.406635 0.911454 -0.062442
vn -0.406635 0.911454 -0.062442
vn -0.406635 0.911454 -0.062442
vn -0.406635 0.911454 -0.062442
vn -0.379794 0.859155 0.342941
vn -0.379794 0.859155 0.342941
vn -0.379794 0.859155 0.342941
vn -0.379794 0.859155 0.342941
vn -0.379794 0.859155 0.342941
vn -0.379794 0.859155 0.342941
vn -0.280757 0.665701 0.691388
vn -0.280757 0.665701 0.691388
vn -0.280757 0.665701 0.691388
vn -0.280757 0.665701 0.691388
vn -0.280757 0.665701 0.691388
vn -0.280757 0.665701 0.691388
vn -0.125057 0.361312 0.924021
vn -0.125057 0.361312 0.924021
vn -0.125057 0.361312 0.924021
vn -0.125057 0.361312 0.924021
vn -0.125057 0.361312 0.924021
vn -0.125057 0.361312 0.924021
vn 0.395738 -0.658884 0.639736
vn 0.395738 -0.658884 0.639736
vn 0.395738 -0.658884 0.639736
vn 0.395738 -0.658884 0.639736
vn 0.395738 -0.658884 0.639736
vn 0.395738 -0.658884 0.639736
vn 0.483856 -0.832053 0.271241
vn 0.483856 -0.832053 0.271241
vn 0.483856 -0.832053 0.271241
vn 0.483856 -0.832053 0.271241
vn 0.483856 -0.832053 0.271241
vn 0.483856 -0.832053 0.271241
vn 0.496071 -0.856429 -0.142981
vn 0.496071 -0.856429 -0.142981
vn 0.496071 -0.856429 -0.142981
vn 0.496071 -0.856429 -0.142981
vn 0.496071 -0.856429 -0.142981
vn 0.496071 -0.856429 -0.142981
s off
g cherry_tree group1 pCylinder3
usemtl pCylinder2SG
f 106/301/619 108/303/620 107/302/621
f 106/301/622 107/302/623 109/304/624
f 110/305/625 106/301/626 109/304/627
f 110/305/628 109/304/629 111/306/630
f 112/307/631 110/305/632 111/306/633
f 112/307/634 111/306/635 113/308/636
f 114/309/637 112/307/638 113/308/639
f 114/309/640 113/308/641 115/310/642
f 108/311/643 116/313/644 107/312/645
f 108/311/646 117/314/647 116/313/648
f 117/314/649 118/315/650 116/313/651
f 117/314/652 119/316/653 118/315/654
f 119/316/655 120/317/656 118/315/657
f 119/316/658 121/318/659 120/317/660
f 121/319/661 122/321/662 120/320/663
f 121/319/664 123/322/665 122/321/666
f 123/322/667 124/323/668 122/321/669
f 123/322/670 125/324/671 124/323/672
f 125/324/673 126/325/674 124/323/675
f 125/324/676 127/326/677 126/325/678
f 127/326/679 128/327/680 126/325/681
f 127/326/682 129/328/683 128/327/684
f 129/328/685 130/329/686 128/327/687
f 129/328/688 131/330/689 130/329/690
f 131/331/691 132/333/692 130/332/693
f 131/331/694 133/334/695 132/333/696
f 133/334/697 134/335/698 132/333/699
f 133/334/700 135/336/701 134/335/702
f 135/336/703 115/337/704 134/335/705
f 135/336/706 114/338/707 115/337/708
f 117/339/709 121/341/710 119/340/711
f 121/341/712 117/339/713 108/342/714
f 121/341/715 108/342/716 123/343/717
f 123/343/718 108/342/719 106/344/720
f 123/343/721 106/344/722 125/345/723
f 125/345/724 106/344/725 110/346/726
f 125/345/727 110/346/728 127/347/729
f 127/347/730 110/346/731 112/348/732
f 127/347/733 112/348/734 129/349/735
f 129/349/736 112/348/737 114/350/738
f 129/349/739 114/350/740 131/351/741
f 131/351/742 114/350/743 135/352/744
f 131/351/745 135/352/746 133/353/747
f 136/354/748 138/356/749 137/355/750
f 138/356/751 136/354/752 139/357/753
f 139/357/754 136/354/755 140/358/756
f 139/357/757 140/358/758 141/359/759
f 141/359/760 140/358/761 142/360/762
f 141/359/763 142/360/764 143/361/765
f 143/361/766 142/360/767 144/362/768
f 143/361/769 144/362/770 145/363/771
f 145/363/772 144/362/773 146/364/774
f 145/363/775 146/364/776 147/365/777
f 147/365/778 146/364/779 148/366/780
f 147/365/781 148/366/782 149/367/783
f 149/367/784 148/366/785 150/368/786
f 109/369/787 152/371/788 151/370/789
f 109/369/790 107/372/791 152/371/792
f 107/373/793 153/375/794 152/374/795
f 107/373/796 116/376/797 153/375/798
f 116/377/799 154/379/800 153/378/801
f 116/377/802 118/380/803 154/379/804
f 118/381/805 155/383/806 154/382/807
f 118/381/808 120/384/809 155/383/810
f 120/385/811 156/387/812 155/386/813
f 120/385/814 122/388/815 156/387/816
f 122/389/817 157/391/818 156/390/819
f 122/389/820 124/392/821 157/391/822
f 124/393/823 158/395/824 157/394/825
f 124/393/826 126/396/827 158/395/828
f 126/397/829 159/399/830 158/398/831
f 126/397/832 128/400/833 159/399/834
f 128/401/835 160/403/836 159/402/837
f 128/401/838 130/404/839 160/403/840
f 130/405/841 161/407/842 160/406/843
f 130/405/844 132/408/845 161/407/846
f 132/409/847 134/411/848 162/410/849
f 132/409/850 162/410/851 161/412/852
f 161/412/853 162/410/854 163/413/855
f 161/412/856 163/413/857 164/414/858
f 164/414/859 163/413/860 165/415/861
f 164/414/862 165/415/863 166/416/864
f 166/416/865 165/415/866 149/417/867
f 166/416/868 149/417/869 150/418/870
f 134/419/871 167/421/872 162/420/873
f 134/419/874 115/422/875 167/421/876
f 115/423/877 168/425/878 167/424/879
f 115/423/880 113/426/881 168/425/882
f 113/427/883 169/429/884 168/428/885
f 113/427/886 111/430/887 169/429/888
f 111/431/889 151/433/890 169/432/891
f 111/431/892 109/434/893 151/433/894
f 151/435/895 171/437/896 170/436/897
f 151/435/898 152/438/899 171/437/900
f 152/439/901 172/441/902 171/440/903
f 152/439/904 153/442/905 172/441/906
f 153/443/907 154/445/908 173/444/909
f 153/443/910 173/444/911 172/446/912
f 172/446/913 173/444/914 174/447/915
f 172/446/916 174/447/917 175/448/918
f 175/448/919 174/447/920 137/449/921
f 175/448/922 137/449/923 138/450/924
f 154/451/925 155/453/926 176/452/927
f 154/451/928 176/452/929 173/454/930
f 173/454/931 176/452/932 177/455/933
f 173/454/934 177/455/935 174/456/936
f 174/456/937 177/455/938 136/457/939
f 174/456/940 136/457/941 137/458/942
f 155/459/943 178/461/944 176/460/945
f 155/459/946 156/462/947 178/461/948
f 156/463/949 179/465/950 178/464/951
f 156/463/952 157/466/953 179/465/954
f 157/467/955 180/469/956 179/468/957
f 157/467/958 158/470/959 180/469/960
f 158/471/961 181/473/962 180/472/963
f 158/471/964 159/474/965 181/473/966
f 159/475/967 182/477/968 181/476/969
f 159/475/970 160/478/971 182/477/972
f 160/479/973 161/481/974 164/480/975
f 160/479/976 164/480/977 182/482/978
f 182/482/979 164/480/980 166/483/981
f 182/482/982 166/483/983 183/484/984
f 162/485/985 184/487/986 163/486/987
f 162/485/988 167/488/989 184/487/990
f 167/489/991 185/491/992 184/490/993
f 167/489/994 168/492/995 185/491/996
f 168/493/997 186/495/998 185/494/999
f 168/493/1000 169/496/1001 186/495/1002
f 169/497/1003 170/499/1004 186/498/1005
f 169/497/1006 151/500/1007 170/499/1008
f 170/501/1009 188/503/1010 187/502/1011
f 170/501/1012 171/504/1013 188/503/1014
f 171/505/1015 175/507/1016 188/506/1017
f 171/505/1018 172/508/1019 175/507/1020
f 176/509/1021 189/511/1022 177/510/1023
f 176/509/1024 178/512/1025 189/511/1026
f 178/513/1027 190/515/1028 189/514/1029
f 178/513/1030 179/516/1031 190/515/1032
f 179/517/1033 191/519/1034 190/518/1035
f 179/517/1036 180/520/1037 191/519/1038
f 180/521/1039 192/523/1040 191/522/1041
f 180/521/1042 181/524/1043 192/523/1044
f 181/525/1045 183/527/1046 192/526/1047
f 181/525/1048 182/528/1049 183/527/1050
f 163/529/1051 184/531/1052 193/530/1053
f 163/529/1054 193/530/1055 165/532/1056
f 165/532/1057 193/530/1058 147/533/1059
f 165/532/1060 147/533/1061 149/534/1062
f 184/535/1063 194/537/1064 193/536/1065
f 184/535/1066 185/538/1067 194/537/1068
f 185/539/1069 195/541/1070 194/540/1071
f 185/539/1072 186/542/1073 195/541/1074
f 186/543/1075 187/545/1076 195/544/1077
f 186/543/1078 170/546/1079 187/545/1080
f 187/547/1081 139/549/1082 141/548/1083
f 187/547/1084 188/550/1085 139/549/1086
f 188/551/1087 138/553/1088 139/552/1089
f 188/551/1090 175/554/1091 138/553/1092
f 177/555/1093 140/557/1094 136/556/1095
f 177/555/1096 189/558/1097 140/557/1098
f 189/559/1099 142/561/1100 140/560/1101
f 189/559/1102 190/562/1103 142/561/1104
f 190/563/1105 144/565/1106 142/564/1107
f 190/563/1108 191/566/1109 144/565/1110
f 191/567/1111 146/569/1112 144/568/1113
f 191/567/1114 192/570/1115 146/569/1116
f 192/571/1117 148/573/1118 146/572/1119
f 192/571/1120 183/574/1121 148/573/1122
f 183/575/1123 150/577/1124 148/576/1125
f 183/575/1126 166/578/1127 150/577/1128
f 193/579/1129 145/581/1130 147/580/1131
f 193/579/1132 194/582/1133 145/581/1134
f 194/583/1135 143/585/1136 145/584/1137
f 194/583/1138 195/586/1139 143/585/1140
f 195/587/1141 141/589/1142 143/588/1143
f 195/587/1144 187/590/1145 141/589/1146
g default
v -140.868825 310.677314 892.763882
v -143.762946 333.293500 905.910386
v -146.285659 310.131974 895.024492
v -138.856395 333.787456 903.862721
v -134.988773 310.262497 892.710541
v -133.530260 333.411739 903.814387
v -129.662211 308.959242 894.873700
v -128.705485 332.231252 905.773778
v -125.810160 306.992893 898.879337
v -125.216312 330.450124 909.402071
v -147.401526 332.015231 909.603328
v -150.302665 308.720751 899.101536
v -149.143000 330.173677 914.303036
v -152.225254 306.687660 904.290010
v -148.686245 328.087268 919.196868
v -151.720990 304.384298 909.692799
v -146.110236 326.116771 923.438615
v -148.877076 302.208864 914.375700
v -141.860389 324.602881 926.294854
v -144.185244 300.537520 917.529013
v -136.671549 323.807393 927.271754
v -138.456757 299.659278 918.607484
v -131.440906 323.867827 926.200358
v -132.682114 299.726034 917.424652
v -127.072886 324.773736 923.265911
v -127.859817 300.726170 914.185034
v -124.322758 326.368516 918.975830
v -124.823680 302.486758 909.448780
v -123.666046 328.376387 914.071905
v -124.098667 304.703453 904.034829
v -82.966355 582.392935 1006.812909
v -83.066141 582.848637 1005.743872
v -82.685730 583.250925 1004.717274
v -81.890938 583.530158 1003.910573
v -82.403656 581.962465 1007.739454
v -80.819132 583.638092 1003.463307
v -81.475299 581.631770 1008.363379
v -79.655687 583.555979 1003.452736
v -80.341865 581.458001 1008.576773
v -78.601759 583.298112 1003.880747
v -79.199283 581.471188 1008.342720
v -77.839574 582.909030 1004.673297
v -78.245139 581.669097 1007.701726
v -77.500924 582.456086 1005.693409
v -77.644386 582.017453 1006.764608
v -136.044870 379.120249 931.098544
v -140.048399 378.717184 932.769359
v -143.017317 377.674175 935.782634
v -144.438290 376.171511 939.617387
v -137.489765 437.637073 959.819887
v -136.244889 438.953527 956.460335
v -129.230351 516.697984 993.268369
v -128.308241 517.673115 990.779910
v -144.065597 374.469131 943.610537
v -137.163263 436.145643 963.318228
v -128.988493 515.593314 995.859608
v -141.963685 372.861298 947.071601
v -138.495995 371.626039 949.402178
v -134.262135 370.976951 950.199268
v -129.994166 371.026259 949.325064
v -126.430051 371.765453 946.930686
v -124.186079 373.066707 943.430178
v -119.747090 434.916992 963.160232
v -121.713005 433.776982 966.226978
v -116.088252 514.683228 995.742573
v -117.544428 513.838826 998.014108
v -123.650228 374.705023 939.428803
v -119.277653 436.352266 959.654683
v -115.740526 515.746393 993.145984
v -124.915174 376.397128 935.618423
v -127.762181 377.850440 932.657889
v -131.698990 378.813658 931.059130
v -130.136425 440.220411 952.356673
v -133.643855 439.867307 953.820414
v -135.321819 434.737003 966.350436
v -132.283826 433.654840 968.392228
v -128.574597 433.086176 969.090563
v -124.835480 433.129390 968.324648
v -120.385846 437.834737 956.316439
v -122.880078 439.107949 953.722793
v -126.329057 439.951787 952.322121
v -126.381658 518.349943 988.824542
v -123.783690 518.611517 987.740329
v -127.624513 514.549937 998.105561
v -125.374257 513.748357 999.617909
v -122.626824 513.327145 1000.135171
v -119.857248 513.359110 999.567854
v -116.561384 516.844371 990.673346
v -118.408863 517.787496 988.752201
v -120.963546 518.412550 987.714729
vt 0.430526 0.001992
vt 0.443151 0.087844
vt 0.446468 0.001992
vt 0.428710 0.087844
vt 0.411250 0.001992
vt 0.411250 0.087844
vt 0.391975 0.001992
vt 0.393791 0.087844
vt 0.376033 0.001992
vt 0.379350 0.087844
vt 0.520299 0.998008
vt 0.517360 0.912156
vt 0.501902 0.912156
vt 0.503233 0.998008
vt 0.484150 0.912156
vt 0.483635 0.998008
vt 0.467174 0.912156
vt 0.464893 0.998008
vt 0.001545 0.001992
vt 0.005412 0.087844
vt 0.017355 0.087844
vt 0.014731 0.001992
vt 0.033662 0.087844
vt 0.032734 0.001992
vt 0.051512 0.087844
vt 0.052440 0.001992
vt 0.067818 0.087844
vt 0.070442 0.001992
vt 0.079762 0.087844
vt 0.083628 0.001992
vt 0.180989 0.001992
vt 0.183270 0.087844
vt 0.200246 0.087844
vt 0.199731 0.001992
vt 0.217998 0.087844
vt 0.219329 0.001992
vt 0.233456 0.087844
vt 0.236395 0.001992
vt 0.741548 0.004052
vt 0.721950 0.001992
vt 0.703209 0.008082
vt 0.758614 0.013905
vt 0.688564 0.021267
vt 0.770197 0.029847
vt 0.680549 0.039270
vt 0.774294 0.049123
vt 0.680549 0.058976
vt 0.770197 0.068398
vt 0.688564 0.076978
vt 0.758614 0.084341
vt 0.703209 0.090164
vt 0.741548 0.094194
vt 0.721950 0.096254
vt 0.659380 0.019438
vt 0.663088 0.020643
vt 0.666966 0.020235
vt 0.670343 0.018286
vt 0.656482 0.016829
vt 0.672634 0.015131
vt 0.654896 0.013267
vt 0.673445 0.011317
vt 0.654896 0.009368
vt 0.672634 0.007504
vt 0.656482 0.005806
vt 0.670343 0.004349
vt 0.659380 0.003197
vt 0.666966 0.002400
vt 0.663088 0.001992
vt 0.428710 0.087844
vt 0.425497 0.263039
vt 0.437280 0.263039
vt 0.443151 0.087844
vt 0.517360 0.912156
vt 0.494012 0.736960
vt 0.481398 0.736960
vt 0.501902 0.912156
vt 0.501902 0.912156
vt 0.466914 0.736961
vt 0.484150 0.912156
vt 0.481398 0.736960
vt 0.485564 0.520274
vt 0.498253 0.520274
vt 0.486482 0.232088
vt 0.495882 0.232088
vt 0.484150 0.912156
vt 0.453062 0.736960
vt 0.467174 0.912156
vt 0.466914 0.736961
vt 0.473428 0.520274
vt 0.485564 0.520274
vt 0.477494 0.232088
vt 0.486482 0.232088
vt 0.005412 0.087844
vt 0.012254 0.263039
vt 0.021999 0.263039
vt 0.017355 0.087844
vt 0.017355 0.087844
vt 0.021999 0.263039
vt 0.035305 0.263039
vt 0.033662 0.087844
vt 0.033662 0.087844
vt 0.035305 0.263039
vt 0.049869 0.263039
vt 0.051512 0.087844
vt 0.051512 0.087844
vt 0.049869 0.263039
vt 0.063174 0.263039
vt 0.067818 0.087844
vt 0.067818 0.087844
vt 0.063174 0.263039
vt 0.072920 0.263039
vt 0.079762 0.087844
vt 0.183270 0.087844
vt 0.183010 0.263039
vt 0.200246 0.087844
vt 0.169158 0.263039
vt 0.201660 0.479726
vt 0.189524 0.479726
vt 0.202578 0.767912
vt 0.193590 0.767912
vt 0.200246 0.087844
vt 0.197494 0.263039
vt 0.217998 0.087844
vt 0.183010 0.263039
vt 0.214349 0.479726
vt 0.201660 0.479726
vt 0.211978 0.767912
vt 0.202578 0.767912
vt 0.217998 0.087844
vt 0.197494 0.263039
vt 0.210108 0.263039
vt 0.233456 0.087844
vt 0.379350 0.087844
vt 0.385221 0.263039
vt 0.397004 0.263039
vt 0.393791 0.087844
vt 0.393791 0.087844
vt 0.397004 0.263039
vt 0.411250 0.263039
vt 0.411250 0.087844
vt 0.411250 0.087844
vt 0.411250 0.263039
vt 0.425497 0.263039
vt 0.428710 0.087844
vt 0.425497 0.263039
vt 0.423731 0.479726
vt 0.434054 0.479726
vt 0.437280 0.263039
vt 0.494012 0.736960
vt 0.509304 0.520274
vt 0.498253 0.520274
vt 0.481398 0.736960
vt 0.012254 0.263039
vt 0.016012 0.479726
vt 0.024550 0.479726
vt 0.021999 0.263039
vt 0.021999 0.263039
vt 0.024550 0.479726
vt 0.036207 0.479726
vt 0.035305 0.263039
vt 0.035305 0.263039
vt 0.036207 0.479726
vt 0.048967 0.479726
vt 0.049869 0.263039
vt 0.049869 0.263039
vt 0.048967 0.479726
vt 0.060623 0.479726
vt 0.063174 0.263039
vt 0.063174 0.263039
vt 0.060623 0.479726
vt 0.069161 0.479726
vt 0.072920 0.263039
vt 0.197494 0.263039
vt 0.214349 0.479726
vt 0.225400 0.479726
vt 0.210108 0.263039
vt 0.385221 0.263039
vt 0.388447 0.479726
vt 0.398769 0.479726
vt 0.397004 0.263039
vt 0.397004 0.263039
vt 0.398769 0.479726
vt 0.411250 0.479726
vt 0.411250 0.263039
vt 0.411250 0.263039
vt 0.411250 0.479726
vt 0.423731 0.479726
vt 0.425497 0.263039
vt 0.423731 0.479726
vt 0.428141 0.767912
vt 0.434054 0.479726
vt 0.420495 0.767912
vt 0.306848 0.998008
vt 0.303693 0.998008
vt 0.509304 0.520274
vt 0.504067 0.232088
vt 0.495882 0.232088
vt 0.498253 0.520274
vt 0.016012 0.479726
vt 0.022903 0.767912
vt 0.029227 0.767912
vt 0.024550 0.479726
vt 0.024550 0.479726
vt 0.029227 0.767912
vt 0.037861 0.767912
vt 0.036207 0.479726
vt 0.036207 0.479726
vt 0.037861 0.767912
vt 0.047312 0.767912
vt 0.048967 0.479726
vt 0.048967 0.479726
vt 0.047312 0.767912
vt 0.055946 0.767912
vt 0.060623 0.479726
vt 0.060623 0.479726
vt 0.055946 0.767912
vt 0.062271 0.767912
vt 0.069161 0.479726
vt 0.214349 0.479726
vt 0.211978 0.767912
vt 0.220163 0.767912
vt 0.225400 0.479726
vt 0.388447 0.479726
vt 0.394360 0.767912
vt 0.402006 0.767912
vt 0.398769 0.479726
vt 0.398769 0.479726
vt 0.402006 0.767912
vt 0.411250 0.767912
vt 0.411250 0.479726
vt 0.411250 0.479726
vt 0.411250 0.767912
vt 0.420495 0.767912
vt 0.423731 0.479726
vt 0.504067 0.232088
vt 0.571021 0.001992
vt 0.567644 0.001992
vt 0.495882 0.232088
vt 0.495882 0.232088
vt 0.567644 0.001992
vt 0.563767 0.001992
vt 0.486482 0.232088
vt 0.585804 0.145293
vt 0.663088 0.020643
vt 0.659380 0.019438
vt 0.576815 0.142372
vt 0.022903 0.767912
vt 0.145837 0.998008
vt 0.148446 0.998008
vt 0.029227 0.767912
vt 0.029227 0.767912
vt 0.148446 0.998008
vt 0.152008 0.998008
vt 0.037861 0.767912
vt 0.037861 0.767912
vt 0.152008 0.998008
vt 0.155907 0.998008
vt 0.047312 0.767912
vt 0.047312 0.767912
vt 0.155907 0.998008
vt 0.159469 0.998008
vt 0.055946 0.767912
vt 0.055946 0.767912
vt 0.159469 0.998008
vt 0.162078 0.998008
vt 0.062271 0.767912
vt 0.193590 0.767912
vt 0.276154 0.998008
vt 0.279863 0.998008
vt 0.202578 0.767912
vt 0.202578 0.767912
vt 0.279863 0.998008
vt 0.283740 0.998008
vt 0.211978 0.767912
vt 0.211978 0.767912
vt 0.283740 0.998008
vt 0.287117 0.998008
vt 0.220163 0.767912
vt 0.394360 0.767912
vt 0.292911 0.998008
vt 0.296066 0.998008
vt 0.402006 0.767912
vt 0.402006 0.767912
vt 0.296066 0.998008
vt 0.299879 0.998008
vt 0.411250 0.767912
vt 0.411250 0.767912
vt 0.299879 0.998008
vt 0.303693 0.998008
vt 0.420495 0.767912
vn -0.185236 0.438489 -0.879440
vn -0.566832 0.400187 -0.720105
vn -0.566741 0.400206 -0.720166
vn -0.185236 0.438489 -0.879440
vn -0.566741 0.400206 -0.720166
vn -0.185176 0.438489 -0.879453
vn 0.229018 0.409222 -0.883226
vn -0.185236 0.438489 -0.879440
vn -0.185176 0.438489 -0.879453
vn 0.229018 0.409222 -0.883226
vn -0.185176 0.438489 -0.879453
vn 0.229018 0.409222 -0.883226
vn 0.604281 0.317448 -0.730802
vn 0.229018 0.409222 -0.883226
vn 0.229018 0.409222 -0.883226
vn 0.604281 0.317448 -0.730802
vn 0.229018 0.409222 -0.883226
vn 0.604232 0.317466 -0.730834
vn 0.875648 0.179042 -0.448536
vn 0.604281 0.317448 -0.730802
vn 0.604232 0.317466 -0.730834
vn 0.875648 0.179042 -0.448536
vn 0.604232 0.317466 -0.730834
vn 0.875594 0.179083 -0.448624
vn -0.566832 0.400187 -0.720105
vn -0.849708 0.300988 -0.432900
vn -0.566741 0.400206 -0.720166
vn -0.566832 0.400187 -0.720105
vn -0.849782 0.300945 -0.432785
vn -0.849708 0.300988 -0.432900
vn -0.849782 0.300945 -0.432785
vn -0.985143 0.157989 -0.067319
vn -0.849708 0.300988 -0.432900
vn -0.849782 0.300945 -0.432785
vn -0.985162 0.157933 -0.067182
vn -0.985143 0.157989 -0.067319
vn -0.985162 0.157933 -0.067182
vn -0.949623 -0.004068 0.313369
vn -0.985143 0.157989 -0.067319
vn -0.985162 0.157933 -0.067182
vn -0.949585 -0.004118 0.313482
vn -0.949623 -0.004068 0.313369
vn -0.949585 -0.004118 0.313482
vn -0.749279 -0.157160 0.643336
vn -0.949623 -0.004068 0.313369
vn -0.949585 -0.004118 0.313482
vn -0.749221 -0.157189 0.643397
vn -0.749279 -0.157160 0.643336
vn -0.749221 -0.157189 0.643397
vn -0.418752 -0.274813 0.865520
vn -0.749279 -0.157160 0.643336
vn -0.749221 -0.157189 0.643397
vn -0.418723 -0.274820 0.865531
vn -0.418752 -0.274813 0.865520
vn -0.418723 -0.274820 0.865531
vn -0.015196 -0.336682 0.941496
vn -0.418752 -0.274813 0.865520
vn -0.418723 -0.274820 0.865531
vn -0.015227 -0.336680 0.941496
vn -0.015196 -0.336682 0.941496
vn -0.015227 -0.336680 0.941496
vn 0.391603 -0.332068 0.858125
vn -0.015196 -0.336682 0.941496
vn -0.015227 -0.336680 0.941496
vn 0.391522 -0.332076 0.858159
vn 0.391603 -0.332068 0.858125
vn 0.391522 -0.332076 0.858159
vn 0.731296 -0.261767 0.629828
vn 0.391603 -0.332068 0.858125
vn 0.391522 -0.332076 0.858159
vn 0.731208 -0.261798 0.629917
vn 0.731296 -0.261767 0.629828
vn 0.731208 -0.261798 0.629917
vn 0.945148 -0.137942 0.296088
vn 0.731296 -0.261767 0.629828
vn 0.731208 -0.261798 0.629917
vn 0.945099 -0.137993 0.296219
vn 0.945148 -0.137942 0.296088
vn 0.945099 -0.137993 0.296219
vn 0.996186 0.017996 -0.085382
vn 0.945148 -0.137942 0.296088
vn 0.945099 -0.137993 0.296219
vn 0.996198 0.017940 -0.085251
vn 0.996186 0.017996 -0.085382
vn 0.996198 0.017940 -0.085251
vn 0.875594 0.179083 -0.448624
vn 0.996186 0.017996 -0.085382
vn 0.996198 0.017940 -0.085251
vn 0.875648 0.179042 -0.448536
vn 0.875594 0.179083 -0.448624
vn -0.068405 -0.920021 -0.385852
vn -0.068405 -0.920021 -0.385852
vn -0.068405 -0.920021 -0.385852
vn -0.068405 -0.920021 -0.385852
vn -0.068405 -0.920021 -0.385852
vn -0.068405 -0.920021 -0.385852
vn -0.068405 -0.920021 -0.385852
vn -0.068405 -0.920021 -0.385852
vn -0.068405 -0.920021 -0.385852
vn -0.068405 -0.920021 -0.385852
vn -0.068405 -0.920021 -0.385852
vn -0.068405 -0.920021 -0.385852
vn -0.068405 -0.920021 -0.385852
vn -0.068405 -0.920021 -0.385852
vn -0.068405 -0.920021 -0.385852
vn -0.068405 -0.920021 -0.385852
vn -0.068405 -0.920021 -0.385852
vn -0.068405 -0.920021 -0.385852
vn -0.068405 -0.920021 -0.385852
vn -0.068405 -0.920021 -0.385852
vn -0.068405 -0.920021 -0.385852
vn -0.068405 -0.920021 -0.385852
vn -0.068405 -0.920021 -0.385852
vn -0.068405 -0.920021 -0.385852
vn -0.068405 -0.920021 -0.385852
vn -0.068405 -0.920021 -0.385852
vn -0.068405 -0.920021 -0.385852
vn -0.068405 -0.920021 -0.385852
vn -0.068405 -0.920021 -0.385852
vn -0.068405 -0.920021 -0.385852
vn -0.068405 -0.920021 -0.385852
vn -0.068405 -0.920021 -0.385852
vn -0.068405 -0.920021 -0.385852
vn -0.068405 -0.920021 -0.385852
vn -0.068405 -0.920021 -0.385852
vn -0.068405 -0.920021 -0.385852
vn -0.068405 -0.920021 -0.385852
vn -0.068405 -0.920021 -0.385852
vn -0.068405 -0.920021 -0.385852
vn 0.068405 0.920021 0.385852
vn 0.068405 0.920021 0.385852
vn 0.068405 0.920021 0.385852
vn 0.068405 0.920021 0.385852
vn 0.068405 0.920021 0.385852
vn 0.068405 0.920021 0.385852
vn 0.068405 0.920021 0.385852
vn 0.068405 0.920021 0.385852
vn 0.068405 0.920021 0.385852
vn 0.068405 0.920021 0.385852
vn 0.068405 0.920021 0.385852
vn 0.068405 0.920021 0.385852
vn 0.068405 0.920021 0.385852
vn 0.068405 0.920021 0.385852
vn 0.068405 0.920021 0.385852
vn 0.068405 0.920021 0.385852
vn 0.068405 0.920021 0.385852
vn 0.068405 0.920021 0.385852
vn 0.068405 0.920021 0.385852
vn 0.068405 0.920021 0.385852
vn 0.068405 0.920021 0.385852
vn 0.068405 0.920021 0.385852
vn 0.068405 0.920021 0.385852
vn 0.068405 0.920021 0.385852
vn 0.068405 0.920021 0.385852
vn 0.068405 0.920021 0.385852
vn 0.068405 0.920021 0.385852
vn 0.068405 0.920021 0.385852
vn 0.068405 0.920021 0.385852
vn 0.068405 0.920021 0.385852
vn 0.068405 0.920021 0.385852
vn 0.068405 0.920021 0.385852
vn 0.068405 0.920021 0.385852
vn 0.068405 0.920021 0.385852
vn 0.068405 0.920021 0.385852
vn 0.068405 0.920021 0.385852
vn 0.068405 0.920021 0.385852
vn 0.068405 0.920021 0.385852
vn 0.068405 0.920021 0.385852
vn -0.376739 0.494110 -0.783533
vn -0.376739 0.494110 -0.783533
vn -0.376739 0.494110 -0.783533
vn -0.376739 0.494110 -0.783533
vn -0.376739 0.494110 -0.783533
vn -0.376739 0.494110 -0.783533
vn -0.718849 0.396442 -0.571044
vn -0.718849 0.396442 -0.571044
vn -0.718849 0.396442 -0.571044
vn -0.718849 0.396442 -0.571044
vn -0.718849 0.396442 -0.571044
vn -0.718849 0.396442 -0.571044
vn -0.937677 0.236191 -0.254905
vn -0.937677 0.236191 -0.254905
vn -0.937677 0.236191 -0.254905
vn -0.937677 0.236191 -0.254905
vn -0.937677 0.236191 -0.254905
vn -0.937677 0.236191 -0.254905
vn -0.937677 0.236191 -0.254905
vn -0.937677 0.236191 -0.254905
vn -0.942048 0.195988 -0.272277
vn -0.937677 0.236191 -0.254905
vn -0.942048 0.195988 -0.272277
vn -0.942048 0.195988 -0.272277
vn -0.942048 0.195988 -0.272277
vn -0.942048 0.195988 -0.272277
vn -0.940655 0.210790 -0.265961
vn -0.942048 0.195988 -0.272277
vn -0.940655 0.210790 -0.265961
vn -0.940655 0.210790 -0.265961
vn -0.993071 0.040955 0.110146
vn -0.993071 0.040955 0.110146
vn -0.993071 0.040955 0.110146
vn -0.993071 0.040955 0.110146
vn -0.993071 0.040955 0.110146
vn -0.993071 0.040955 0.110146
vn -0.993071 0.040955 0.110146
vn -0.993071 0.040955 0.110146
vn -0.989843 0.071514 0.122872
vn -0.993071 0.040955 0.110146
vn -0.989843 0.071514 0.122872
vn -0.989843 0.071514 0.122872
vn -0.989843 0.071514 0.122872
vn -0.989843 0.071514 0.122872
vn -0.991766 0.054600 0.115841
vn -0.989843 0.071514 0.122872
vn -0.991766 0.054600 0.115841
vn -0.991766 0.054600 0.115841
vn -0.874686 -0.154649 0.459355
vn -0.874686 -0.154649 0.459355
vn -0.874686 -0.154649 0.459355
vn -0.874686 -0.154649 0.459355
vn -0.874686 -0.154649 0.459355
vn -0.874686 -0.154649 0.459355
vn -0.604202 -0.316189 0.731413
vn -0.604202 -0.316189 0.731413
vn -0.604202 -0.316189 0.731413
vn -0.604202 -0.316189 0.731413
vn -0.604202 -0.316189 0.731413
vn -0.604202 -0.316189 0.731413
vn -0.229439 -0.415993 0.879947
vn -0.229439 -0.415993 0.879947
vn -0.229439 -0.415993 0.879947
vn -0.229439 -0.415993 0.879947
vn -0.229439 -0.415993 0.879947
vn -0.229439 -0.415993 0.879947
vn 0.185312 -0.437229 0.880051
vn 0.185312 -0.437229 0.880051
vn 0.185312 -0.437229 0.880051
vn 0.185312 -0.437229 0.880051
vn 0.185312 -0.437229 0.880051
vn 0.185312 -0.437229 0.880051
vn 0.569196 -0.376008 0.731187
vn 0.569196 -0.376008 0.731187
vn 0.569196 -0.376008 0.731187
vn 0.569196 -0.376008 0.731187
vn 0.569196 -0.376008 0.731187
vn 0.569196 -0.376008 0.731187
vn 0.855204 -0.242402 0.458113
vn 0.855204 -0.242402 0.458113
vn 0.855204 -0.242402 0.458113
vn 0.855204 -0.242402 0.458113
vn 0.855204 -0.242402 0.458113
vn 0.855204 -0.242402 0.458113
vn 0.855204 -0.242402 0.458113
vn 0.855204 -0.242402 0.458113
vn 0.856658 -0.211572 0.470505
vn 0.855204 -0.242402 0.458113
vn 0.856658 -0.211572 0.470505
vn 0.856658 -0.211572 0.470505
vn 0.856658 -0.211572 0.470505
vn 0.856658 -0.211572 0.470505
vn 0.855968 -0.228675 0.463710
vn 0.856658 -0.211572 0.470505
vn 0.855968 -0.228675 0.463710
vn 0.855968 -0.228675 0.463710
vn 0.992309 -0.059694 0.108445
vn 0.992309 -0.059694 0.108445
vn 0.992309 -0.059694 0.108445
vn 0.992309 -0.059694 0.108445
vn 0.992309 -0.059694 0.108445
vn 0.992309 -0.059694 0.108445
vn 0.992309 -0.059694 0.108445
vn 0.992309 -0.059694 0.108445
vn 0.990730 -0.100324 0.091597
vn 0.992309 -0.059694 0.108445
vn 0.990730 -0.100324 0.091597
vn 0.990730 -0.100324 0.091597
vn 0.990730 -0.100324 0.091597
vn 0.990730 -0.100324 0.091597
vn 0.991532 -0.085431 0.097802
vn 0.990730 -0.100324 0.091597
vn 0.991532 -0.085431 0.097802
vn 0.991532 -0.085431 0.097802
vn 0.956654 0.139572 -0.255604
vn 0.956654 0.139572 -0.255604
vn 0.956654 0.139572 -0.255604
vn 0.956654 0.139572 -0.255604
vn 0.956654 0.139572 -0.255604
vn 0.956654 0.139572 -0.255604
vn 0.756468 0.320379 -0.570188
vn 0.756468 0.320379 -0.570188
vn 0.756468 0.320379 -0.570188
vn 0.756468 0.320379 -0.570188
vn 0.756468 0.320379 -0.570188
vn 0.756468 0.320379 -0.570188
vn 0.428349 0.452185 -0.782334
vn 0.428349 0.452185 -0.782334
vn 0.428349 0.452185 -0.782334
vn 0.428349 0.452185 -0.782334
vn 0.428349 0.452185 -0.782334
vn 0.428349 0.452185 -0.782334
vn 0.028443 0.513493 -0.857622
vn 0.028443 0.513493 -0.857622
vn 0.028443 0.513493 -0.857622
vn 0.028443 0.513493 -0.857622
vn 0.028443 0.513493 -0.857622
vn 0.028443 0.513493 -0.857622
vn -0.391361 0.335922 -0.856734
vn -0.391361 0.335922 -0.856734
vn -0.391361 0.335922 -0.856734
vn -0.391361 0.335922 -0.856734
vn -0.391361 0.335922 -0.856734
vn -0.391361 0.335922 -0.856734
vn -0.730024 0.289566 -0.619044
vn -0.730024 0.289566 -0.619045
vn -0.730024 0.289566 -0.619044
vn -0.730024 0.289566 -0.619044
vn -0.730024 0.289566 -0.619044
vn -0.730024 0.289566 -0.619045
vn -0.865590 -0.061910 0.496911
vn -0.865590 -0.061910 0.496911
vn -0.865590 -0.061910 0.496911
vn -0.865590 -0.061910 0.496911
vn -0.865590 -0.061910 0.496911
vn -0.865590 -0.061910 0.496911
vn -0.592207 -0.181072 0.785178
vn -0.592207 -0.181072 0.785178
vn -0.592207 -0.181072 0.785178
vn -0.592207 -0.181072 0.785178
vn -0.592207 -0.181072 0.785178
vn -0.592207 -0.181072 0.785178
vn -0.217555 -0.265740 0.939176
vn -0.217555 -0.265740 0.939176
vn -0.217555 -0.265740 0.939176
vn -0.217555 -0.265740 0.939176
vn -0.217555 -0.265740 0.939176
vn -0.217555 -0.265740 0.939176
vn 0.194661 -0.301705 0.933317
vn 0.194661 -0.301705 0.933317
vn 0.194661 -0.301705 0.933317
vn 0.194661 -0.301705 0.933317
vn 0.194661 -0.301705 0.933317
vn 0.194661 -0.301705 0.933317
vn 0.574609 -0.282705 0.768051
vn 0.574609 -0.282705 0.768051
vn 0.574609 -0.282705 0.768051
vn 0.574609 -0.282705 0.768051
vn 0.574609 -0.282705 0.768051
vn 0.574609 -0.282705 0.768051
vn 0.952707 0.031589 -0.302244
vn 0.952707 0.031589 -0.302244
vn 0.952707 0.031589 -0.302244
vn 0.952707 0.031589 -0.302244
vn 0.952707 0.031589 -0.302244
vn 0.952707 0.031589 -0.302244
vn 0.749686 0.160989 -0.641914
vn 0.749686 0.160989 -0.641914
vn 0.749686 0.160989 -0.641914
vn 0.749686 0.160989 -0.641914
vn 0.749686 0.160989 -0.641914
vn 0.749686 0.160989 -0.641914
vn 0.417814 0.265486 -0.868878
vn 0.417814 0.265486 -0.868878
vn 0.417814 0.265486 -0.868878
vn 0.417814 0.265486 -0.868878
vn 0.417814 0.265486 -0.868878
vn 0.417814 0.265486 -0.868878
vn 0.014521 0.327314 -0.944804
vn 0.014521 0.327314 -0.944804
vn 0.014521 0.327314 -0.944804
vn 0.014521 0.327314 -0.944804
vn 0.014521 0.327314 -0.944804
vn 0.014521 0.327314 -0.944804
vn -0.386541 0.405269 -0.828458
vn -0.386541 0.405269 -0.828458
vn -0.386541 0.405269 -0.828458
vn -0.386541 0.405269 -0.828458
vn -0.386541 0.405269 -0.828458
vn -0.386541 0.405269 -0.828458
vn -0.386541 0.405269 -0.828458
vn -0.386541 0.405269 -0.828458
vn -0.382359 0.448034 -0.808126
vn -0.386541 0.405269 -0.828458
vn -0.382359 0.448034 -0.808126
vn -0.382359 0.448034 -0.808126
vn -0.726577 0.334829 -0.599980
vn -0.726577 0.334829 -0.599980
vn -0.726577 0.334829 -0.599980
vn -0.726577 0.334829 -0.599980
vn -0.726577 0.334829 -0.599979
vn -0.726577 0.334829 -0.599980
vn -0.871072 -0.106737 0.479416
vn -0.871072 -0.106737 0.479416
vn -0.871072 -0.106737 0.479416
vn -0.871072 -0.106737 0.479416
vn -0.871072 -0.106737 0.479416
vn -0.871072 -0.106737 0.479416
vn -0.599444 -0.245323 0.761895
vn -0.599444 -0.245323 0.761895
vn -0.599444 -0.245323 0.761895
vn -0.599444 -0.245323 0.761895
vn -0.599444 -0.245323 0.761895
vn -0.599444 -0.245323 0.761895
vn -0.223851 -0.337195 0.914434
vn -0.223851 -0.337195 0.914434
vn -0.223851 -0.337195 0.914434
vn -0.223851 -0.337195 0.914434
vn -0.223851 -0.337195 0.914434
vn -0.223851 -0.337195 0.914434
vn 0.190772 -0.366469 0.910663
vn 0.190772 -0.366469 0.910663
vn 0.190772 -0.366469 0.910663
vn 0.190772 -0.366469 0.910663
vn 0.190772 -0.366469 0.910663
vn 0.190772 -0.366469 0.910663
vn 0.572722 -0.328084 0.751233
vn 0.572722 -0.328084 0.751233
vn 0.572722 -0.328084 0.751233
vn 0.572722 -0.328084 0.751233
vn 0.572722 -0.328084 0.751233
vn 0.572722 -0.328084 0.751233
vn 0.955970 0.076880 -0.283215
vn 0.955970 0.076881 -0.283215
vn 0.955970 0.076880 -0.283215
vn 0.955970 0.076880 -0.283215
vn 0.955970 0.076880 -0.283215
vn 0.955970 0.076881 -0.283215
vn 0.755428 0.230195 -0.613464
vn 0.755428 0.230195 -0.613464
vn 0.755428 0.230195 -0.613464
vn 0.755428 0.230195 -0.613464
vn 0.755428 0.230195 -0.613464
vn 0.755428 0.230195 -0.613464
vn 0.424585 0.348000 -0.835837
vn 0.424585 0.348000 -0.835837
vn 0.424585 0.348000 -0.835837
vn 0.424585 0.348000 -0.835837
vn 0.424585 0.348000 -0.835837
vn 0.424585 0.348000 -0.835837
vn 0.020645 0.409927 -0.911885
vn 0.020645 0.409927 -0.911885
vn 0.020645 0.409927 -0.911885
vn 0.020645 0.409927 -0.911885
vn 0.020645 0.409927 -0.911885
vn 0.020645 0.409927 -0.911885
vn -0.675484 0.569485 -0.468410
vn -0.675484 0.569485 -0.468410
vn -0.675484 0.569485 -0.468410
vn -0.675484 0.569485 -0.468410
vn -0.675484 0.569485 -0.468410
vn -0.675484 0.569485 -0.468410
vn -0.811300 0.580011 -0.073346
vn -0.811300 0.580011 -0.073346
vn -0.811300 0.580011 -0.073346
vn -0.811300 0.580011 -0.073346
vn -0.811300 0.580011 -0.073346
vn -0.811300 0.580011 -0.073346
vn -0.809163 0.509482 0.292717
vn -0.809163 0.509482 0.292717
vn -0.809163 0.509482 0.292717
vn -0.809163 0.509482 0.292717
vn -0.809163 0.509482 0.292717
vn -0.809163 0.509482 0.292717
vn -0.699709 0.383202 0.602963
vn -0.699709 0.383202 0.602963
vn -0.699709 0.383202 0.602963
vn -0.699709 0.383202 0.602963
vn -0.699709 0.383201 0.602963
vn -0.699709 0.383202 0.602963
vn -0.492782 0.209880 0.844462
vn -0.492782 0.209880 0.844462
vn -0.492782 0.209880 0.844462
vn -0.492782 0.209880 0.844462
vn -0.492782 0.209880 0.844462
vn -0.492782 0.209880 0.844462
vn -0.185948 -0.006329 0.982539
vn -0.185948 -0.006329 0.982539
vn -0.185948 -0.006329 0.982539
vn -0.185948 -0.006329 0.982539
vn -0.185948 -0.006329 0.982539
vn -0.185948 -0.006329 0.982539
vn 0.197453 -0.240306 0.950403
vn 0.197453 -0.240306 0.950403
vn 0.197453 -0.240306 0.950403
vn 0.197453 -0.240306 0.950403
vn 0.197453 -0.240306 0.950403
vn 0.197453 -0.240306 0.950403
vn 0.563548 -0.427465 0.706885
vn 0.563548 -0.427465 0.706885
vn 0.563548 -0.427465 0.706885
vn 0.563548 -0.427465 0.706885
vn 0.563548 -0.427465 0.706885
vn 0.563548 -0.427465 0.706885
vn 0.798263 -0.508581 0.322677
vn 0.798263 -0.508581 0.322677
vn 0.798263 -0.508581 0.322677
vn 0.798263 -0.508581 0.322677
vn 0.798263 -0.508582 0.322677
vn 0.798263 -0.508581 0.322677
vn 0.871223 -0.484070 -0.081531
vn 0.871223 -0.484070 -0.081531
vn 0.871223 -0.484070 -0.081531
vn 0.871223 -0.484070 -0.081531
vn 0.871223 -0.484070 -0.081531
vn 0.871223 -0.484070 -0.081531
vn 0.812381 -0.382965 -0.439743
vn 0.812381 -0.382965 -0.439743
vn 0.812381 -0.382965 -0.439743
vn 0.812381 -0.382965 -0.439743
vn 0.812381 -0.382965 -0.439743
vn 0.812381 -0.382965 -0.439743
vn 0.645416 -0.223510 -0.730398
vn 0.645416 -0.223510 -0.730398
vn 0.645416 -0.223510 -0.730398
vn 0.645416 -0.223510 -0.730398
vn 0.645416 -0.223510 -0.730398
vn 0.645416 -0.223510 -0.730398
vn 0.373543 -0.012786 -0.927525
vn 0.373543 -0.012786 -0.927525
vn 0.373543 -0.012786 -0.927525
vn 0.373543 -0.012786 -0.927525
vn 0.373543 -0.012786 -0.927525
vn 0.373543 -0.012786 -0.927525
vn 0.007420 0.230380 -0.973073
vn 0.007420 0.230380 -0.973073
vn 0.007420 0.230380 -0.973073
vn 0.007420 0.230380 -0.973073
vn 0.007420 0.230380 -0.973073
vn 0.007420 0.230380 -0.973073
s off
g cherry_tree group1 pCylinder4
usemtl pCylinder2SG
f 196/591/1147 198/593/1148 197/592/1149
f 196/591/1150 197/592/1151 199/594/1152
f 200/595/1153 196/591/1154 199/594/1155
f 200/595/1156 199/594/1157 201/596/1158
f 202/597/1159 200/595/1160 201/596/1161
f 202/597/1162 201/596/1163 203/598/1164
f 204/599/1165 202/597/1166 203/598/1167
f 204/599/1168 203/598/1169 205/600/1170
f 198/601/1171 206/603/1172 197/602/1173
f 198/601/1174 207/604/1175 206/603/1176
f 207/604/1177 208/605/1178 206/603/1179
f 207/604/1180 209/606/1181 208/605/1182
f 209/606/1183 210/607/1184 208/605/1185
f 209/606/1186 211/608/1187 210/607/1188
f 211/609/1189 212/611/1190 210/610/1191
f 211/609/1192 213/612/1193 212/611/1194
f 213/612/1195 214/613/1196 212/611/1197
f 213/612/1198 215/614/1199 214/613/1200
f 215/614/1201 216/615/1202 214/613/1203
f 215/614/1204 217/616/1205 216/615/1206
f 217/616/1207 218/617/1208 216/615/1209
f 217/616/1210 219/618/1211 218/617/1212
f 219/618/1213 220/619/1214 218/617/1215
f 219/618/1216 221/620/1217 220/619/1218
f 221/621/1219 222/623/1220 220/622/1221
f 221/621/1222 223/624/1223 222/623/1224
f 223/624/1225 224/625/1226 222/623/1227
f 223/624/1228 225/626/1229 224/625/1230
f 225/626/1231 205/627/1232 224/625/1233
f 225/626/1234 204/628/1235 205/627/1236
f 207/629/1237 211/631/1238 209/630/1239
f 211/631/1240 207/629/1241 198/632/1242
f 211/631/1243 198/632/1244 213/633/1245
f 213/633/1246 198/632/1247 196/634/1248
f 213/633/1249 196/634/1250 215/635/1251
f 215/635/1252 196/634/1253 200/636/1254
f 215/635/1255 200/636/1256 217/637/1257
f 217/637/1258 200/636/1259 202/638/1260
f 217/637/1261 202/638/1262 219/639/1263
f 219/639/1264 202/638/1265 204/640/1266
f 219/639/1267 204/640/1268 221/641/1269
f 221/641/1270 204/640/1271 225/642/1272
f 221/641/1273 225/642/1274 223/643/1275
f 226/644/1276 228/646/1277 227/645/1278
f 228/646/1279 226/644/1280 229/647/1281
f 229/647/1282 226/644/1283 230/648/1284
f 229/647/1285 230/648/1286 231/649/1287
f 231/649/1288 230/648/1289 232/650/1290
f 231/649/1291 232/650/1292 233/651/1293
f 233/651/1294 232/650/1295 234/652/1296
f 233/651/1297 234/652/1298 235/653/1299
f 235/653/1300 234/652/1301 236/654/1302
f 235/653/1303 236/654/1304 237/655/1305
f 237/655/1306 236/654/1307 238/656/1308
f 237/655/1309 238/656/1310 239/657/1311
f 239/657/1312 238/656/1313 240/658/1314
f 199/659/1315 242/661/1316 241/660/1317
f 199/659/1318 197/662/1319 242/661/1320
f 197/663/1321 243/665/1322 242/664/1323
f 197/663/1324 206/666/1325 243/665/1326
f 206/667/1327 208/669/1328 244/668/1329
f 206/667/1330 244/668/1331 243/670/1332
f 243/670/1333 244/668/1334 245/671/1335
f 243/670/1336 245/671/1337 246/672/1338
f 246/672/1339 245/671/1340 247/673/1341
f 246/672/1342 247/673/1343 248/674/1344
f 208/675/1345 210/677/1346 249/676/1347
f 208/675/1348 249/676/1349 244/678/1350
f 244/678/1351 249/676/1352 250/679/1353
f 244/678/1354 250/679/1355 245/680/1356
f 245/680/1357 250/679/1358 251/681/1359
f 245/680/1360 251/681/1361 247/682/1362
f 210/683/1363 252/685/1364 249/684/1365
f 210/683/1366 212/686/1367 252/685/1368
f 212/687/1369 253/689/1370 252/688/1371
f 212/687/1372 214/690/1373 253/689/1374
f 214/691/1375 254/693/1376 253/692/1377
f 214/691/1378 216/694/1379 254/693/1380
f 216/695/1381 255/697/1382 254/696/1383
f 216/695/1384 218/698/1385 255/697/1386
f 218/699/1387 256/701/1388 255/700/1389
f 218/699/1390 220/702/1391 256/701/1392
f 220/703/1393 222/705/1394 257/704/1395
f 220/703/1396 257/704/1397 256/706/1398
f 256/706/1399 257/704/1400 258/707/1401
f 256/706/1402 258/707/1403 259/708/1404
f 259/708/1405 258/707/1406 260/709/1407
f 259/708/1408 260/709/1409 261/710/1410
f 222/711/1411 224/713/1412 262/712/1413
f 222/711/1414 262/712/1415 257/714/1416
f 257/714/1417 262/712/1418 263/715/1419
f 257/714/1420 263/715/1421 258/716/1422
f 258/716/1423 263/715/1424 264/717/1425
f 258/716/1426 264/717/1427 260/718/1428
f 224/719/1429 265/721/1430 262/720/1431
f 224/719/1432 205/722/1433 265/721/1434
f 205/723/1435 266/725/1436 265/724/1437
f 205/723/1438 203/726/1439 266/725/1440
f 203/727/1441 267/729/1442 266/728/1443
f 203/727/1444 201/730/1445 267/729/1446
f 201/731/1447 241/733/1448 267/732/1449
f 201/731/1450 199/734/1451 241/733/1452
f 241/735/1453 269/737/1454 268/736/1455
f 241/735/1456 242/738/1457 269/737/1458
f 242/739/1459 246/741/1460 269/740/1461
f 242/739/1462 243/742/1463 246/741/1464
f 249/743/1465 270/745/1466 250/744/1467
f 249/743/1468 252/746/1469 270/745/1470
f 252/747/1471 271/749/1472 270/748/1473
f 252/747/1474 253/750/1475 271/749/1476
f 253/751/1477 272/753/1478 271/752/1479
f 253/751/1480 254/754/1481 272/753/1482
f 254/755/1483 273/757/1484 272/756/1485
f 254/755/1486 255/758/1487 273/757/1488
f 255/759/1489 259/761/1490 273/760/1491
f 255/759/1492 256/762/1493 259/761/1494
f 262/763/1495 274/765/1496 263/764/1497
f 262/763/1498 265/766/1499 274/765/1500
f 265/767/1501 275/769/1502 274/768/1503
f 265/767/1504 266/770/1505 275/769/1506
f 266/771/1507 276/773/1508 275/772/1509
f 266/771/1510 267/774/1511 276/773/1512
f 267/775/1513 268/777/1514 276/776/1515
f 267/775/1516 241/778/1517 268/777/1518
f 268/779/1519 269/781/1520 277/780/1521
f 268/779/1522 277/780/1523 278/782/1524
f 278/782/1525 277/780/1526 229/783/1527
f 278/782/1528 229/783/1529 231/784/1530
f 269/785/1531 248/787/1532 277/786/1533
f 269/785/1534 246/788/1535 248/787/1536
f 250/789/1537 279/791/1538 251/790/1539
f 250/789/1540 270/792/1541 279/791/1542
f 270/793/1543 280/795/1544 279/794/1545
f 270/793/1546 271/796/1547 280/795/1548
f 271/797/1549 281/799/1550 280/798/1551
f 271/797/1552 272/800/1553 281/799/1554
f 272/801/1555 282/803/1556 281/802/1557
f 272/801/1558 273/804/1559 282/803/1560
f 273/805/1561 261/807/1562 282/806/1563
f 273/805/1564 259/808/1565 261/807/1566
f 263/809/1567 283/811/1568 264/810/1569
f 263/809/1570 274/812/1571 283/811/1572
f 274/813/1573 284/815/1574 283/814/1575
f 274/813/1576 275/816/1577 284/815/1578
f 275/817/1579 285/819/1580 284/818/1581
f 275/817/1582 276/820/1583 285/819/1584
f 276/821/1585 278/823/1586 285/822/1587
f 276/821/1588 268/824/1589 278/823/1590
f 277/825/1591 228/827/1592 229/826/1593
f 277/825/1594 248/828/1595 228/827/1596
f 248/829/1597 227/831/1598 228/830/1599
f 248/829/1600 247/832/1601 227/831/1602
f 247/833/1603 226/835/1604 227/834/1605
f 247/833/1606 251/836/1607 226/835/1608
f 251/837/1609 230/839/1610 226/838/1611
f 251/837/1612 279/840/1613 230/839/1614
f 279/841/1615 232/843/1616 230/842/1617
f 279/841/1618 280/844/1619 232/843/1620
f 280/845/1621 234/847/1622 232/846/1623
f 280/845/1624 281/848/1625 234/847/1626
f 281/849/1627 236/851/1628 234/850/1629
f 281/849/1630 282/852/1631 236/851/1632
f 282/853/1633 238/855/1634 236/854/1635
f 282/853/1636 261/856/1637 238/855/1638
f 261/857/1639 240/859/1640 238/858/1641
f 261/857/1642 260/860/1643 240/859/1644
f 260/861/1645 239/863/1646 240/862/1647
f 260/861/1648 264/864/1649 239/863/1650
f 264/865/1651 237/867/1652 239/866/1653
f 264/865/1654 283/868/1655 237/867/1656
f 283/869/1657 235/871/1658 237/870/1659
f 283/869/1660 284/872/1661 235/871/1662
f 284/873/1663 233/875/1664 235/874/1665
f 284/873/1666 285/876/1667 233/875/1668
f 285/877/1669 231/879/1670 233/878/1671
f 285/877/1672 278/880/1673 231/879/1674
g default
v -137.523672 393.998659 945.641720
v -142.071018 406.831131 946.349111
v -136.172736 394.730709 947.106175
v -143.294690 406.168044 945.022614
v -138.219740 393.586360 943.679313
v -143.925187 405.794584 943.245073
v -138.140585 393.565102 941.558267
v -143.853488 405.775329 941.323838
v -137.299892 393.938561 939.645333
v -143.091992 406.113606 939.591109
v -140.465753 407.669194 946.995200
v -134.400522 395.655931 947.819457
v -138.756461 408.537323 946.849165
v -132.513461 396.614347 947.658235
v -137.238694 409.285411 945.936257
v -130.837845 397.440237 946.650384
v -136.174886 409.784107 944.414328
v -129.663400 397.990798 944.970172
v -135.748981 409.947182 942.546530
v -129.193201 398.170832 942.908121
v -136.034622 409.746438 940.655825
v -129.508548 397.949211 940.820781
v -136.982418 409.216586 939.069132
v -130.554916 397.364253 939.069070
v -138.428487 408.449242 938.060805
v -132.151377 396.517106 937.955875
v -140.122790 407.577088 937.805192
v -134.021890 395.554246 937.673679
v -141.772367 406.750925 938.346492
v -135.843025 394.642162 938.271275
v -186.999066 503.633284 941.520655
v -187.802710 503.237178 942.004031
v -188.707764 502.777512 942.081355
v -189.557737 502.333765 941.739257
v -186.435790 503.897339 940.714807
v -190.205660 501.982666 941.036889
v -186.210277 503.983685 939.725825
v -190.539502 501.784923 940.095697
v -186.361521 503.877393 938.724714
v -190.501539 501.774728 939.078421
v -186.863370 503.596841 937.884575
v -190.098333 501.953842 938.160957
v -187.629050 503.190540 937.350675
v -189.399604 502.291297 937.501944
v -188.526168 502.728742 937.215331
v -155.131863 436.625047 943.080680
v -154.133401 437.166097 944.163043
v -152.823576 437.849919 944.690222
v -151.428870 438.558274 944.571065
v -150.190439 439.168680 943.826173
v -149.322420 439.575594 942.584346
v -148.974901 439.708655 941.060307
v -149.207971 439.544857 939.517575
v -149.981330 439.112522 938.222905
v -151.161257 438.486404 937.400155
v -152.543733 437.774764 937.191586
v -153.889715 437.100653 937.633263
v -169.190886 461.820004 937.917014
v -168.011691 462.410584 937.530068
v -154.966469 436.580629 938.648815
v -155.587817 436.304609 940.062644
v -155.646320 436.320321 941.630286
v -170.279114 461.403333 942.689421
v -169.404376 461.877339 943.637664
v -168.256857 462.476426 944.099518
v -167.034975 463.097006 943.995126
v -165.950003 463.631774 943.342536
v -165.189543 463.988266 942.254589
v -164.885087 464.104839 940.919400
v -165.089276 463.961338 939.567834
v -165.766805 463.582575 938.433592
v -166.800523 463.034041 937.712792
v -170.134216 461.364419 938.806725
v -170.678570 461.122602 940.045361
v -170.729823 461.136367 941.418751
vt 0.072074 0.001992
vt 0.088491 0.113636
vt 0.092806 0.001992
vt 0.069713 0.113636
vt 0.047008 0.001992
vt 0.047008 0.113636
vt 0.021942 0.001992
vt 0.024303 0.113636
vt 0.001210 0.001992
vt 0.005524 0.113636
vt 0.195369 0.998008
vt 0.191548 0.886365
vt 0.171446 0.886365
vt 0.173176 0.998008
vt 0.148361 0.886365
vt 0.147690 0.998008
vt 0.126285 0.886365
vt 0.123319 0.998008
vt 0.202552 0.001992
vt 0.207579 0.113636
vt 0.223111 0.113636
vt 0.219699 0.001992
vt 0.244317 0.113636
vt 0.243109 0.001992
vt 0.267529 0.113636
vt 0.268736 0.001992
vt 0.288734 0.113636
vt 0.292146 0.001992
vt 0.304266 0.113636
vt 0.309293 0.001992
vt 0.339240 0.001992
vt 0.342206 0.113636
vt 0.364282 0.113636
vt 0.363612 0.001992
vt 0.387367 0.113636
vt 0.389097 0.001992
vt 0.407469 0.113636
vt 0.411290 0.001992
vt 0.497797 0.004671
vt 0.472312 0.001992
vt 0.447940 0.009911
vt 0.519990 0.017484
vt 0.428896 0.027058
vt 0.535053 0.038216
vt 0.418473 0.050469
vt 0.540381 0.063282
vt 0.418473 0.076095
vt 0.535053 0.088348
vt 0.428896 0.099505
vt 0.519990 0.109080
vt 0.447940 0.116652
vt 0.497797 0.121893
vt 0.472312 0.124571
vt 0.561789 0.056984
vt 0.573478 0.060782
vt 0.585701 0.059498
vt 0.596345 0.053352
vt 0.552656 0.048760
vt 0.603570 0.043409
vt 0.547657 0.037532
vt 0.606125 0.031387
vt 0.547657 0.025242
vt 0.603570 0.019365
vt 0.552656 0.014014
vt 0.596345 0.009422
vt 0.561789 0.005790
vt 0.585701 0.003277
vt 0.573478 0.001992
vt 0.069713 0.113636
vt 0.063818 0.383323
vt 0.079141 0.383323
vt 0.088491 0.113636
vt 0.191548 0.886365
vt 0.152456 0.616677
vt 0.136054 0.616677
vt 0.171446 0.886365
vt 0.171446 0.886365
vt 0.136054 0.616677
vt 0.117218 0.616677
vt 0.148361 0.886365
vt 0.148361 0.886365
vt 0.117218 0.616677
vt 0.099205 0.616677
vt 0.126285 0.886365
vt 0.207579 0.113636
vt 0.218193 0.383323
vt 0.230866 0.383323
vt 0.223111 0.113636
vt 0.223111 0.113636
vt 0.230866 0.383323
vt 0.248168 0.383323
vt 0.244317 0.113636
vt 0.244317 0.113636
vt 0.248168 0.383323
vt 0.267108 0.383323
vt 0.267529 0.113636
vt 0.267529 0.113636
vt 0.267108 0.383323
vt 0.284411 0.383323
vt 0.288734 0.113636
vt 0.288734 0.113636
vt 0.284411 0.383323
vt 0.297084 0.383323
vt 0.304266 0.113636
vt 0.342206 0.113636
vt 0.315126 0.383323
vt 0.333139 0.383323
vt 0.364282 0.113636
vt 0.364282 0.113636
vt 0.351975 0.383323
vt 0.387367 0.113636
vt 0.333139 0.383323
vt 0.382622 0.623245
vt 0.366120 0.623245
vt 0.379538 0.998008
vt 0.367314 0.998008
vt 0.387367 0.113636
vt 0.351975 0.383323
vt 0.368378 0.383323
vt 0.407469 0.113636
vt 0.005524 0.113636
vt 0.011443 0.383323
vt 0.026766 0.383323
vt 0.024303 0.113636
vt 0.024303 0.113636
vt 0.026766 0.383323
vt 0.045292 0.383323
vt 0.047008 0.113636
vt 0.047008 0.113636
vt 0.045292 0.383323
vt 0.063818 0.383323
vt 0.069713 0.113636
vt 0.063818 0.383323
vt 0.063238 0.623245
vt 0.076662 0.623245
vt 0.079141 0.383323
vt 0.152456 0.616677
vt 0.181071 0.376755
vt 0.166701 0.376755
vt 0.136054 0.616677
vt 0.136054 0.616677
vt 0.150199 0.376755
vt 0.117218 0.616677
vt 0.166701 0.376755
vt 0.151393 0.001992
vt 0.163616 0.001992
vt 0.117218 0.616677
vt 0.134418 0.376755
vt 0.099205 0.616677
vt 0.150199 0.376755
vt 0.139704 0.001992
vt 0.151393 0.001992
vt 0.218193 0.383323
vt 0.221365 0.623245
vt 0.232468 0.623245
vt 0.230866 0.383323
vt 0.230866 0.383323
vt 0.232468 0.623245
vt 0.247626 0.623245
vt 0.248168 0.383323
vt 0.248168 0.383323
vt 0.247626 0.623245
vt 0.264219 0.623245
vt 0.267108 0.383323
vt 0.267108 0.383323
vt 0.264219 0.623245
vt 0.279377 0.623245
vt 0.284411 0.383323
vt 0.284411 0.383323
vt 0.279377 0.623245
vt 0.290480 0.623245
vt 0.297084 0.383323
vt 0.315126 0.383323
vt 0.366120 0.623245
vt 0.333139 0.383323
vt 0.350339 0.623245
vt 0.367314 0.998008
vt 0.355625 0.998008
vt 0.351975 0.383323
vt 0.382622 0.623245
vt 0.396992 0.623245
vt 0.368378 0.383323
vt 0.011443 0.383323
vt 0.017353 0.623245
vt 0.030777 0.623245
vt 0.026766 0.383323
vt 0.026766 0.383323
vt 0.030777 0.623245
vt 0.047008 0.623245
vt 0.045292 0.383323
vt 0.045292 0.383323
vt 0.047008 0.623245
vt 0.063238 0.623245
vt 0.063818 0.383323
vt 0.063238 0.623245
vt 0.059030 0.998008
vt 0.068973 0.998008
vt 0.076662 0.623245
vt 0.181071 0.376755
vt 0.174260 0.001992
vt 0.163616 0.001992
vt 0.166701 0.376755
vt 0.221365 0.623245
vt 0.230325 0.998008
vt 0.238549 0.998008
vt 0.232468 0.623245
vt 0.232468 0.623245
vt 0.238549 0.998008
vt 0.249777 0.998008
vt 0.247626 0.623245
vt 0.247626 0.623245
vt 0.249777 0.998008
vt 0.262068 0.998008
vt 0.264219 0.623245
vt 0.264219 0.623245
vt 0.262068 0.998008
vt 0.273296 0.998008
vt 0.279377 0.623245
vt 0.279377 0.623245
vt 0.273296 0.998008
vt 0.281520 0.998008
vt 0.290480 0.623245
vt 0.382622 0.623245
vt 0.379538 0.998008
vt 0.390181 0.998008
vt 0.396992 0.623245
vt 0.017353 0.623245
vt 0.025043 0.998008
vt 0.034986 0.998008
vt 0.030777 0.623245
vt 0.030777 0.623245
vt 0.034986 0.998008
vt 0.047008 0.998008
vt 0.047008 0.623245
vt 0.047008 0.623245
vt 0.047008 0.998008
vt 0.059030 0.998008
vt 0.063238 0.623245
vn -0.757511 -0.330592 0.562926
vn -0.493042 -0.187173 0.849632
vn -0.493126 -0.187218 0.849574
vn -0.757511 -0.330592 0.562926
vn -0.493126 -0.187218 0.849574
vn -0.757541 -0.330609 0.562875
vn -0.893787 -0.411350 0.178705
vn -0.757511 -0.330592 0.562926
vn -0.757541 -0.330609 0.562875
vn -0.893787 -0.411350 0.178705
vn -0.757541 -0.330609 0.562875
vn -0.893787 -0.411350 0.178705
vn -0.878298 -0.415479 -0.236580
vn -0.893787 -0.411350 0.178705
vn -0.893787 -0.411350 0.178705
vn -0.878298 -0.415479 -0.236580
vn -0.893787 -0.411350 0.178705
vn -0.878311 -0.415484 -0.236521
vn -0.713725 -0.342266 -0.611106
vn -0.878298 -0.415479 -0.236580
vn -0.878311 -0.415484 -0.236521
vn -0.713725 -0.342266 -0.611106
vn -0.878311 -0.415484 -0.236521
vn -0.713787 -0.342295 -0.611018
vn -0.493042 -0.187173 0.849632
vn -0.146251 -0.005965 0.989230
vn -0.493126 -0.187218 0.849574
vn -0.493042 -0.187173 0.849632
vn -0.146125 -0.005901 0.989249
vn -0.146251 -0.005965 0.989230
vn -0.146125 -0.005901 0.989249
vn 0.223116 0.181812 0.957687
vn -0.146251 -0.005965 0.989230
vn -0.146125 -0.005901 0.989249
vn 0.223244 0.181877 0.957645
vn 0.223116 0.181812 0.957687
vn 0.223244 0.181877 0.957645
vn 0.551106 0.343647 0.760387
vn 0.223116 0.181812 0.957687
vn 0.223244 0.181877 0.957645
vn 0.551195 0.343690 0.760303
vn 0.551106 0.343647 0.760387
vn 0.551195 0.343690 0.760303
vn 0.781001 0.451552 0.431437
vn 0.551106 0.343647 0.760387
vn 0.551195 0.343690 0.760303
vn 0.781036 0.451567 0.431358
vn 0.781001 0.451552 0.431437
vn 0.781036 0.451567 0.431358
vn 0.873038 0.486863 0.027717
vn 0.781001 0.451552 0.431437
vn 0.781036 0.451567 0.431358
vn 0.873039 0.486863 0.027686
vn 0.873038 0.486863 0.027717
vn 0.873039 0.486863 0.027686
vn 0.811297 0.443472 -0.380958
vn 0.873038 0.486863 0.027717
vn 0.873039 0.486863 0.027686
vn 0.811308 0.443479 -0.380929
vn 0.811297 0.443472 -0.380958
vn 0.811308 0.443479 -0.380929
vn 0.606456 0.328884 -0.723911
vn 0.811297 0.443472 -0.380958
vn 0.811308 0.443479 -0.380929
vn 0.606512 0.328914 -0.723850
vn 0.606456 0.328884 -0.723911
vn 0.606512 0.328914 -0.723850
vn 0.293941 0.162915 -0.941837
vn 0.606456 0.328884 -0.723911
vn 0.606512 0.328914 -0.723850
vn 0.294049 0.162972 -0.941794
vn 0.293941 0.162915 -0.941837
vn 0.294049 0.162972 -0.941794
vn -0.072200 -0.025731 -0.997058
vn 0.293941 0.162915 -0.941837
vn 0.294049 0.162972 -0.941794
vn -0.072067 -0.025663 -0.997070
vn -0.072200 -0.025731 -0.997058
vn -0.072067 -0.025663 -0.997070
vn -0.428652 -0.204433 -0.880037
vn -0.072200 -0.025731 -0.997058
vn -0.072067 -0.025663 -0.997070
vn -0.428540 -0.204377 -0.880104
vn -0.428652 -0.204433 -0.880037
vn -0.428540 -0.204377 -0.880104
vn -0.713787 -0.342295 -0.611018
vn -0.428652 -0.204433 -0.880037
vn -0.428540 -0.204377 -0.880104
vn -0.713725 -0.342266 -0.611106
vn -0.713787 -0.342295 -0.611018
vn 0.454436 -0.890403 0.025883
vn 0.454436 -0.890403 0.025883
vn 0.454436 -0.890403 0.025883
vn 0.454436 -0.890403 0.025883
vn 0.454436 -0.890403 0.025883
vn 0.454436 -0.890403 0.025883
vn 0.454436 -0.890403 0.025883
vn 0.454436 -0.890403 0.025883
vn 0.454436 -0.890403 0.025883
vn 0.454436 -0.890403 0.025883
vn 0.454436 -0.890403 0.025883
vn 0.454436 -0.890403 0.025883
vn 0.454436 -0.890403 0.025883
vn 0.454436 -0.890403 0.025883
vn 0.454436 -0.890403 0.025883
vn 0.454436 -0.890403 0.025883
vn 0.454436 -0.890403 0.025883
vn 0.454436 -0.890403 0.025883
vn 0.454436 -0.890403 0.025883
vn 0.454436 -0.890403 0.025883
vn 0.454436 -0.890403 0.025883
vn 0.454436 -0.890403 0.025883
vn 0.454436 -0.890403 0.025883
vn 0.454436 -0.890403 0.025883
vn 0.454436 -0.890403 0.025883
vn 0.454436 -0.890403 0.025883
vn 0.454436 -0.890403 0.025883
vn 0.454436 -0.890403 0.025883
vn 0.454436 -0.890403 0.025883
vn 0.454436 -0.890403 0.025883
vn 0.454436 -0.890403 0.025883
vn 0.454436 -0.890403 0.025883
vn 0.454436 -0.890403 0.025883
vn 0.454436 -0.890403 0.025883
vn 0.454436 -0.890403 0.025883
vn 0.454436 -0.890403 0.025883
vn 0.454436 -0.890403 0.025883
vn 0.454436 -0.890403 0.025883
vn 0.454436 -0.890403 0.025883
vn -0.454436 0.890403 -0.025883
vn -0.454436 0.890403 -0.025883
vn -0.454436 0.890403 -0.025883
vn -0.454436 0.890403 -0.025883
vn -0.454436 0.890403 -0.025883
vn -0.454436 0.890403 -0.025883
vn -0.454436 0.890403 -0.025883
vn -0.454436 0.890403 -0.025883
vn -0.454436 0.890403 -0.025883
vn -0.454436 0.890403 -0.025883
vn -0.454436 0.890403 -0.025883
vn -0.454436 0.890403 -0.025883
vn -0.454436 0.890403 -0.025883
vn -0.454436 0.890403 -0.025883
vn -0.454436 0.890403 -0.025883
vn -0.454436 0.890403 -0.025883
vn -0.454436 0.890403 -0.025883
vn -0.454436 0.890403 -0.025883
vn -0.454436 0.890403 -0.025883
vn -0.454436 0.890403 -0.025883
vn -0.454436 0.890403 -0.025883
vn -0.454436 0.890403 -0.025883
vn -0.454436 0.890403 -0.025883
vn -0.454436 0.890403 -0.025883
vn -0.454436 0.890403 -0.025883
vn -0.454436 0.890403 -0.025883
vn -0.454436 0.890403 -0.025883
vn -0.454436 0.890403 -0.025883
vn -0.454436 0.890403 -0.025883
vn -0.454436 0.890403 -0.025883
vn -0.454436 0.890403 -0.025883
vn -0.454436 0.890403 -0.025883
vn -0.454436 0.890403 -0.025883
vn -0.454436 0.890403 -0.025883
vn -0.454436 0.890403 -0.025883
vn -0.454436 0.890403 -0.025883
vn -0.454436 0.890403 -0.025883
vn -0.454436 0.890403 -0.025883
vn -0.454436 0.890403 -0.025883
vn -0.663215 -0.211995 0.717777
vn -0.663215 -0.211995 0.717777
vn -0.663215 -0.211995 0.717777
vn -0.663215 -0.211995 0.717777
vn -0.663215 -0.211995 0.717777
vn -0.663215 -0.211995 0.717777
vn -0.341615 -0.068290 0.937356
vn -0.341616 -0.068290 0.937355
vn -0.341616 -0.068290 0.937355
vn -0.341615 -0.068290 0.937356
vn -0.341616 -0.068290 0.937355
vn -0.341616 -0.068290 0.937355
vn 0.038425 0.091727 0.995043
vn 0.038425 0.091727 0.995043
vn 0.038425 0.091727 0.995043
vn 0.038425 0.091727 0.995043
vn 0.038425 0.091727 0.995043
vn 0.038425 0.091727 0.995043
vn 0.410704 0.240112 0.879584
vn 0.410704 0.240112 0.879584
vn 0.410704 0.240112 0.879584
vn 0.410704 0.240112 0.879584
vn 0.410704 0.240112 0.879584
vn 0.410704 0.240112 0.879584
vn 0.709698 0.350734 0.610995
vn 0.709698 0.350734 0.610995
vn 0.709698 0.350734 0.610995
vn 0.709698 0.350734 0.610995
vn 0.709698 0.350734 0.610995
vn 0.709698 0.350734 0.610995
vn 0.883406 0.404406 0.236747
vn 0.883406 0.404406 0.236747
vn 0.883406 0.404406 0.236747
vn 0.883406 0.404406 0.236747
vn 0.883406 0.404406 0.236747
vn 0.883406 0.404406 0.236747
vn 0.902504 0.392182 -0.177987
vn 0.902504 0.392182 -0.177987
vn 0.902504 0.392182 -0.177987
vn 0.902504 0.392182 -0.177987
vn 0.902504 0.392182 -0.177987
vn 0.902504 0.392182 -0.177987
vn 0.764168 0.316353 -0.562110
vn 0.764168 0.316353 -0.562110
vn 0.764168 0.316353 -0.562110
vn 0.764168 0.316353 -0.562110
vn 0.764168 0.316353 -0.562110
vn 0.764168 0.316353 -0.562110
vn 0.491818 0.189792 -0.849761
vn 0.491818 0.189792 -0.849761
vn 0.491818 0.189792 -0.849761
vn 0.491818 0.189792 -0.849761
vn 0.491818 0.189792 -0.849761
vn 0.491818 0.189792 -0.849761
vn 0.131895 0.034121 -0.990676
vn 0.131895 0.034121 -0.990676
vn 0.131895 0.034121 -0.990676
vn 0.131895 0.034121 -0.990676
vn 0.131895 0.034121 -0.990676
vn 0.131895 0.034121 -0.990676
vn -0.252989 -0.123557 -0.959547
vn -0.252989 -0.123557 -0.959547
vn -0.252989 -0.123557 -0.959547
vn -0.252989 -0.123557 -0.959547
vn -0.252989 -0.123557 -0.959547
vn -0.252989 -0.123557 -0.959547
vn -0.252989 -0.123557 -0.959547
vn -0.252989 -0.123557 -0.959547
vn -0.244537 -0.140354 -0.959428
vn -0.252989 -0.123557 -0.959547
vn -0.244537 -0.140354 -0.959428
vn -0.244537 -0.140354 -0.959428
vn -0.244537 -0.140354 -0.959428
vn -0.244537 -0.140354 -0.959428
vn -0.247929 -0.133640 -0.959516
vn -0.244537 -0.140354 -0.959428
vn -0.247929 -0.133640 -0.959516
vn -0.247929 -0.133640 -0.959516
vn -0.595172 -0.255532 -0.761888
vn -0.595172 -0.255532 -0.761888
vn -0.595172 -0.255532 -0.761888
vn -0.595172 -0.255532 -0.761888
vn -0.595173 -0.255532 -0.761888
vn -0.595172 -0.255532 -0.761888
vn -0.835158 -0.338900 -0.433196
vn -0.835157 -0.338899 -0.433196
vn -0.835158 -0.338900 -0.433196
vn -0.835158 -0.338900 -0.433196
vn -0.835158 -0.338899 -0.433196
vn -0.835157 -0.338899 -0.433196
vn -0.932538 -0.359722 -0.031196
vn -0.932538 -0.359722 -0.031196
vn -0.932538 -0.359722 -0.031196
vn -0.932538 -0.359722 -0.031196
vn -0.932538 -0.359722 -0.031196
vn -0.932538 -0.359722 -0.031196
vn -0.871753 -0.314875 0.375367
vn -0.871753 -0.314875 0.375367
vn -0.871753 -0.314875 0.375367
vn -0.871753 -0.314875 0.375367
vn -0.871753 -0.314875 0.375367
vn -0.871753 -0.314875 0.375367
vn -0.593897 -0.351630 0.723632
vn -0.593897 -0.351629 0.723632
vn -0.593897 -0.351630 0.723632
vn -0.593897 -0.351630 0.723632
vn -0.593897 -0.351629 0.723632
vn -0.593897 -0.351629 0.723632
vn -0.294505 -0.161973 0.941824
vn -0.294505 -0.161973 0.941824
vn -0.294505 -0.161973 0.941824
vn -0.294505 -0.161973 0.941824
vn -0.294505 -0.161973 0.941824
vn -0.294505 -0.161973 0.941824
vn 0.055386 0.058618 0.996743
vn 0.055386 0.058618 0.996743
vn 0.055386 0.058618 0.996743
vn 0.055386 0.058618 0.996743
vn 0.055386 0.058618 0.996743
vn 0.055386 0.058618 0.996743
vn 0.055386 0.058618 0.996743
vn 0.055386 0.058618 0.996743
vn 0.047522 0.073998 0.996125
vn 0.055386 0.058618 0.996743
vn 0.047522 0.073998 0.996125
vn 0.047522 0.073998 0.996125
vn 0.394326 0.271389 0.877984
vn 0.394326 0.271389 0.877984
vn 0.394326 0.271389 0.877984
vn 0.394326 0.271389 0.877984
vn 0.394326 0.271389 0.877984
vn 0.394326 0.271389 0.877984
vn 0.394326 0.271389 0.877984
vn 0.394326 0.271389 0.877984
vn 0.404182 0.252721 0.879073
vn 0.394326 0.271389 0.877984
vn 0.404182 0.252721 0.879073
vn 0.404182 0.252721 0.879073
vn 0.662592 0.438853 0.606943
vn 0.662592 0.438853 0.606943
vn 0.662592 0.438853 0.606943
vn 0.662592 0.438853 0.606943
vn 0.662592 0.438853 0.606943
vn 0.662592 0.438853 0.606943
vn 0.814126 0.532280 0.232114
vn 0.814126 0.532280 0.232114
vn 0.814126 0.532280 0.232114
vn 0.814126 0.532280 0.232114
vn 0.814126 0.532280 0.232114
vn 0.814126 0.532280 0.232114
vn 0.824188 0.536453 -0.181473
vn 0.824188 0.536453 -0.181473
vn 0.824188 0.536453 -0.181473
vn 0.824188 0.536453 -0.181473
vn 0.824188 0.536453 -0.181473
vn 0.824188 0.536453 -0.181473
vn 0.691774 0.451114 -0.563867
vn 0.691774 0.451114 -0.563867
vn 0.691774 0.451114 -0.563867
vn 0.691774 0.451114 -0.563867
vn 0.691774 0.451114 -0.563867
vn 0.691774 0.451114 -0.563867
vn 0.438833 0.290410 -0.850346
vn 0.438833 0.290410 -0.850346
vn 0.438833 0.290410 -0.850346
vn 0.438833 0.290410 -0.850346
vn 0.438833 0.290410 -0.850346
vn 0.438833 0.290410 -0.850346
vn 0.107678 0.081221 -0.990863
vn 0.107678 0.081221 -0.990863
vn 0.107678 0.081221 -0.990863
vn 0.107678 0.081221 -0.990863
vn 0.107678 0.081221 -0.990863
vn 0.107678 0.081221 -0.990863
vn 0.107678 0.081221 -0.990863
vn 0.107678 0.081221 -0.990863
vn 0.121644 0.054158 -0.991095
vn 0.107678 0.081221 -0.990863
vn 0.121644 0.054158 -0.991095
vn 0.121644 0.054158 -0.991095
vn -0.555676 -0.335227 -0.760820
vn -0.555676 -0.335227 -0.760820
vn -0.555676 -0.335227 -0.760820
vn -0.555676 -0.335227 -0.760820
vn -0.555676 -0.335227 -0.760820
vn -0.555676 -0.335227 -0.760820
vn -0.771089 -0.469166 -0.430471
vn -0.771089 -0.469166 -0.430471
vn -0.771089 -0.469166 -0.430471
vn -0.771089 -0.469166 -0.430471
vn -0.771089 -0.469166 -0.430471
vn -0.771089 -0.469166 -0.430471
vn -0.854129 -0.519377 -0.026670
vn -0.854129 -0.519377 -0.026670
vn -0.854129 -0.519377 -0.026670
vn -0.854129 -0.519377 -0.026670
vn -0.854129 -0.519377 -0.026670
vn -0.854129 -0.519377 -0.026670
vn -0.791474 -0.477819 0.381126
vn -0.791474 -0.477819 0.381126
vn -0.791474 -0.477819 0.381126
vn -0.791474 -0.477819 0.381126
vn -0.791474 -0.477819 0.381126
vn -0.791474 -0.477819 0.381126
vn -0.631478 -0.280653 0.722820
vn -0.631478 -0.280653 0.722821
vn -0.631478 -0.280653 0.722821
vn -0.631478 -0.280653 0.722820
vn -0.631478 -0.280653 0.722820
vn -0.631478 -0.280653 0.722821
vn -0.318812 -0.114667 0.940856
vn -0.318812 -0.114667 0.940856
vn -0.318812 -0.114667 0.940856
vn -0.318812 -0.114667 0.940856
vn -0.318812 -0.114667 0.940856
vn -0.318812 -0.114667 0.940856
vn 0.689498 0.390598 0.609938
vn 0.689498 0.390598 0.609938
vn 0.689498 0.390598 0.609938
vn 0.689498 0.390598 0.609938
vn 0.689498 0.390598 0.609938
vn 0.689498 0.390598 0.609938
vn 0.854138 0.463791 0.235258
vn 0.854138 0.463791 0.235258
vn 0.854138 0.463791 0.235258
vn 0.854138 0.463791 0.235258
vn 0.854138 0.463791 0.235258
vn 0.854138 0.463791 0.235258
vn 0.869633 0.459643 -0.180183
vn 0.869633 0.459643 -0.180183
vn 0.869633 0.459643 -0.180183
vn 0.869633 0.459643 -0.180183
vn 0.869633 0.459643 -0.180183
vn 0.869633 0.459643 -0.180183
vn 0.733306 0.378872 -0.564552
vn 0.733306 0.378872 -0.564552
vn 0.733306 0.378872 -0.564552
vn 0.733306 0.378872 -0.564552
vn 0.733306 0.378872 -0.564552
vn 0.733306 0.378872 -0.564552
vn 0.468727 0.235444 -0.851388
vn 0.468727 0.235444 -0.851388
vn 0.468727 0.235444 -0.851388
vn 0.468727 0.235444 -0.851388
vn 0.468727 0.235444 -0.851388
vn 0.468727 0.235444 -0.851388
vn -0.576090 -0.295478 -0.762111
vn -0.576090 -0.295478 -0.762111
vn -0.576090 -0.295478 -0.762111
vn -0.576090 -0.295478 -0.762111
vn -0.576090 -0.295478 -0.762111
vn -0.576090 -0.295478 -0.762111
vn -0.806097 -0.403372 -0.433012
vn -0.806097 -0.403372 -0.433012
vn -0.806097 -0.403372 -0.433012
vn -0.806097 -0.403372 -0.433012
vn -0.806097 -0.403372 -0.433012
vn -0.806097 -0.403372 -0.433012
vn -0.898178 -0.438666 -0.029122
vn -0.898178 -0.438666 -0.029122
vn -0.898178 -0.438666 -0.029122
vn -0.898178 -0.438666 -0.029122
vn -0.898178 -0.438666 -0.029122
vn -0.898178 -0.438666 -0.029122
vn -0.836412 -0.395258 0.379720
vn -0.836412 -0.395258 0.379720
vn -0.836412 -0.395258 0.379720
vn -0.836412 -0.395258 0.379720
vn -0.836412 -0.395258 0.379720
vn -0.836412 -0.395258 0.379720
s off
g cherry_tree group1 pCylinder5
usemtl pCylinder2SG
f 286/881/1675 288/883/1676 287/882/1677
f 286/881/1678 287/882/1679 289/884/1680
f 290/885/1681 286/881/1682 289/884/1683
f 290/885/1684 289/884/1685 291/886/1686
f 292/887/1687 290/885/1688 291/886/1689
f 292/887/1690 291/886/1691 293/888/1692
f 294/889/1693 292/887/1694 293/888/1695
f 294/889/1696 293/888/1697 295/890/1698
f 288/891/1699 296/893/1700 287/892/1701
f 288/891/1702 297/894/1703 296/893/1704
f 297/894/1705 298/895/1706 296/893/1707
f 297/894/1708 299/896/1709 298/895/1710
f 299/896/1711 300/897/1712 298/895/1713
f 299/896/1714 301/898/1715 300/897/1716
f 301/899/1717 302/901/1718 300/900/1719
f 301/899/1720 303/902/1721 302/901/1722
f 303/902/1723 304/903/1724 302/901/1725
f 303/902/1726 305/904/1727 304/903/1728
f 305/904/1729 306/905/1730 304/903/1731
f 305/904/1732 307/906/1733 306/905/1734
f 307/906/1735 308/907/1736 306/905/1737
f 307/906/1738 309/908/1739 308/907/1740
f 309/908/1741 310/909/1742 308/907/1743
f 309/908/1744 311/910/1745 310/909/1746
f 311/911/1747 312/913/1748 310/912/1749
f 311/911/1750 313/914/1751 312/913/1752
f 313/914/1753 314/915/1754 312/913/1755
f 313/914/1756 315/916/1757 314/915/1758
f 315/916/1759 295/917/1760 314/915/1761
f 315/916/1762 294/918/1763 295/917/1764
f 297/919/1765 301/921/1766 299/920/1767
f 301/921/1768 297/919/1769 288/922/1770
f 301/921/1771 288/922/1772 303/923/1773
f 303/923/1774 288/922/1775 286/924/1776
f 303/923/1777 286/924/1778 305/925/1779
f 305/925/1780 286/924/1781 290/926/1782
f 305/925/1783 290/926/1784 307/927/1785
f 307/927/1786 290/926/1787 292/928/1788
f 307/927/1789 292/928/1790 309/929/1791
f 309/929/1792 292/928/1793 294/930/1794
f 309/929/1795 294/930/1796 311/931/1797
f 311/931/1798 294/930/1799 315/932/1800
f 311/931/1801 315/932/1802 313/933/1803
f 316/934/1804 318/936/1805 317/935/1806
f 318/936/1807 316/934/1808 319/937/1809
f 319/937/1810 316/934/1811 320/938/1812
f 319/937/1813 320/938/1814 321/939/1815
f 321/939/1816 320/938/1817 322/940/1818
f 321/939/1819 322/940/1820 323/941/1821
f 323/941/1822 322/940/1823 324/942/1824
f 323/941/1825 324/942/1826 325/943/1827
f 325/943/1828 324/942/1829 326/944/1830
f 325/943/1831 326/944/1832 327/945/1833
f 327/945/1834 326/944/1835 328/946/1836
f 327/945/1837 328/946/1838 329/947/1839
f 329/947/1840 328/946/1841 330/948/1842
f 289/949/1843 332/951/1844 331/950/1845
f 289/949/1846 287/952/1847 332/951/1848
f 287/953/1849 333/955/1850 332/954/1851
f 287/953/1852 296/956/1853 333/955/1854
f 296/957/1855 334/959/1856 333/958/1857
f 296/957/1858 298/960/1859 334/959/1860
f 298/961/1861 335/963/1862 334/962/1863
f 298/961/1864 300/964/1865 335/963/1866
f 300/965/1867 336/967/1868 335/966/1869
f 300/965/1870 302/968/1871 336/967/1872
f 302/969/1873 337/971/1874 336/970/1875
f 302/969/1876 304/972/1877 337/971/1878
f 304/973/1879 338/975/1880 337/974/1881
f 304/973/1882 306/976/1883 338/975/1884
f 306/977/1885 339/979/1886 338/978/1887
f 306/977/1888 308/980/1889 339/979/1890
f 308/981/1891 340/983/1892 339/982/1893
f 308/981/1894 310/984/1895 340/983/1896
f 310/985/1897 341/987/1898 340/986/1899
f 310/985/1900 312/988/1901 341/987/1902
f 312/989/1903 314/991/1904 342/990/1905
f 312/989/1906 342/990/1907 341/992/1908
f 341/992/1909 342/990/1910 343/993/1911
f 341/992/1912 343/993/1913 344/994/1914
f 344/994/1915 343/993/1916 329/995/1917
f 344/994/1918 329/995/1919 330/996/1920
f 314/997/1921 345/999/1922 342/998/1923
f 314/997/1924 295/1000/1925 345/999/1926
f 295/1001/1927 346/1003/1928 345/1002/1929
f 295/1001/1930 293/1004/1931 346/1003/1932
f 293/1005/1933 347/1007/1934 346/1006/1935
f 293/1005/1936 291/1008/1937 347/1007/1938
f 291/1009/1939 331/1011/1940 347/1010/1941
f 291/1009/1942 289/1012/1943 331/1011/1944
f 331/1013/1945 349/1015/1946 348/1014/1947
f 331/1013/1948 332/1016/1949 349/1015/1950
f 332/1017/1951 350/1019/1952 349/1018/1953
f 332/1017/1954 333/1020/1955 350/1019/1956
f 333/1021/1957 334/1023/1958 351/1022/1959
f 333/1021/1960 351/1022/1961 350/1024/1962
f 350/1024/1963 351/1022/1964 317/1025/1965
f 350/1024/1966 317/1025/1967 318/1026/1968
f 334/1027/1969 335/1029/1970 352/1028/1971
f 334/1027/1972 352/1028/1973 351/1030/1974
f 351/1030/1975 352/1028/1976 316/1031/1977
f 351/1030/1978 316/1031/1979 317/1032/1980
f 335/1033/1981 353/1035/1982 352/1034/1983
f 335/1033/1984 336/1036/1985 353/1035/1986
f 336/1037/1987 354/1039/1988 353/1038/1989
f 336/1037/1990 337/1040/1991 354/1039/1992
f 337/1041/1993 355/1043/1994 354/1042/1995
f 337/1041/1996 338/1044/1997 355/1043/1998
f 338/1045/1999 356/1047/2000 355/1046/2001
f 338/1045/2002 339/1048/2003 356/1047/2004
f 339/1049/2005 357/1051/2006 356/1050/2007
f 339/1049/2008 340/1052/2009 357/1051/2010
f 340/1053/2011 341/1055/2012 344/1054/2013
f 340/1053/2014 344/1054/2015 357/1056/2016
f 357/1056/2017 344/1054/2018 330/1057/2019
f 357/1056/2020 330/1057/2021 328/1058/2022
f 342/1059/2023 358/1061/2024 343/1060/2025
f 342/1059/2026 345/1062/2027 358/1061/2028
f 345/1063/2029 359/1065/2030 358/1064/2031
f 345/1063/2032 346/1066/2033 359/1065/2034
f 346/1067/2035 360/1069/2036 359/1068/2037
f 346/1067/2038 347/1070/2039 360/1069/2040
f 347/1071/2041 348/1073/2042 360/1072/2043
f 347/1071/2044 331/1074/2045 348/1073/2046
f 348/1075/2047 319/1077/2048 321/1076/2049
f 348/1075/2050 349/1078/2051 319/1077/2052
f 349/1079/2053 318/1081/2054 319/1080/2055
f 349/1079/2056 350/1082/2057 318/1081/2058
f 352/1083/2059 320/1085/2060 316/1084/2061
f 352/1083/2062 353/1086/2063 320/1085/2064
f 353/1087/2065 322/1089/2066 320/1088/2067
f 353/1087/2068 354/1090/2069 322/1089/2070
f 354/1091/2071 324/1093/2072 322/1092/2073
f 354/1091/2074 355/1094/2075 324/1093/2076
f 355/1095/2077 326/1097/2078 324/1096/2079
f 355/1095/2080 356/1098/2081 326/1097/2082
f 356/1099/2083 328/1101/2084 326/1100/2085
f 356/1099/2086 357/1102/2087 328/1101/2088
f 343/1103/2089 327/1105/2090 329/1104/2091
f 343/1103/2092 358/1106/2093 327/1105/2094
f 358/1107/2095 325/1109/2096 327/1108/2097
f 358/1107/2098 359/1110/2099 325/1109/2100
f 359/1111/2101 323/1113/2102 325/1112/2103
f 359/1111/2104 360/1114/2105 323/1113/2106
f 360/1115/2107 321/1117/2108 323/1116/2109
f 360/1115/2110 348/1118/2111 321/1117/2112
g default
v -125.873580 454.711074 972.215342
v -116.794105 456.784802 972.391677
v -125.405028 453.704005 971.282724
v -117.218518 457.697001 973.236440
v -126.360013 456.015077 972.623342
v -117.659127 458.878162 973.606005
v -126.780218 457.390542 972.436176
v -118.039747 460.124053 973.436470
v -127.061537 458.599638 971.686206
v -118.294565 461.219247 972.757150
v -116.459274 456.299293 971.217784
v -125.035374 453.168003 969.986744
v -116.271918 456.324422 969.917736
v -124.828533 453.195746 968.551490
v -116.264435 456.855846 968.716325
v -124.820272 453.782438 967.225130
v -116.438118 457.801675 967.821284
v -125.012017 454.826635 966.237004
v -116.762935 458.998369 967.387374
v -125.370616 456.147786 965.757968
v -117.182723 460.239006 967.489624
v -125.834062 457.517450 965.870851
v -117.624896 461.309070 968.110352
v -126.322222 458.698802 966.556136
v -118.012999 462.023537 969.142229
v -126.750688 459.487575 967.695329
v -118.279926 462.258869 970.406834
v -127.045375 459.747381 969.091454
v -118.379521 461.974376 971.685506
v -127.155329 459.433300 970.503110
v -48.118703 480.356178 979.890593
v -48.122666 480.074794 980.526729
v -48.221868 480.061488 981.215093
v -48.399159 480.318561 981.836658
v -48.210666 480.856986 979.416677
v -48.623881 480.801562 982.283952
v -48.382654 481.490624 979.186926
v -48.857180 481.426976 982.479633
v -48.604928 482.147530 979.241066
v -49.058714 482.086663 982.389867
v -48.839055 482.714119 979.569736
v -49.193638 482.666559 982.030173
v -49.044552 483.092422 980.116105
v -49.238622 483.066392 981.462747
v -49.185887 483.217029 980.785702
v -96.134816 465.114124 974.087232
v -95.788515 464.369810 973.397944
v -95.515307 463.973656 972.440099
v -95.362433 463.994161 971.379318
v -95.356327 464.427779 970.399020
v -95.498044 465.199533 969.668706
v -95.763081 466.175982 969.314656
v -96.105609 467.188286 969.398087
v -96.466403 468.061411 969.904573
v -96.783078 468.644384 970.746539
v -97.000878 468.836405 971.778400
v -97.082143 468.604271 972.821740
v -78.522931 474.090177 977.303215
v -78.451735 474.293547 976.389160
v -97.012823 467.988120 973.696154
v -96.804902 467.094490 974.250449
v -96.494334 466.077898 974.388781
v -77.692991 471.032508 978.411895
v -77.389601 470.380425 977.808020
v -77.150247 470.033361 976.968865
v -77.016317 470.051325 976.039530
v -77.010968 470.431211 975.180704
v -77.135124 471.107335 974.540887
v -77.367319 471.962787 974.230708
v -77.667403 472.849653 974.303801
v -77.983489 473.614585 974.747526
v -78.260924 474.125320 975.485161
v -78.462200 473.550376 978.069277
v -78.280044 472.767480 978.554887
v -78.007959 471.876858 978.676078
vt 0.072074 0.001992
vt 0.088491 0.113636
vt 0.092806 0.001992
vt 0.069713 0.113636
vt 0.047008 0.001992
vt 0.047008 0.113636
vt 0.021942 0.001992
vt 0.024303 0.113636
vt 0.001210 0.001992
vt 0.005524 0.113636
vt 0.195369 0.998008
vt 0.191548 0.886365
vt 0.171446 0.886365
vt 0.173176 0.998008
vt 0.148361 0.886365
vt 0.147690 0.998008
vt 0.126285 0.886365
vt 0.123319 0.998008
vt 0.202552 0.001992
vt 0.207579 0.113636
vt 0.223111 0.113636
vt 0.219699 0.001992
vt 0.244317 0.113636
vt 0.243109 0.001992
vt 0.267528 0.113636
vt 0.268735 0.001992
vt 0.288734 0.113636
vt 0.292146 0.001992
vt 0.304265 0.113636
vt 0.309293 0.001992
vt 0.339240 0.001992
vt 0.342206 0.113636
vt 0.364282 0.113636
vt 0.363612 0.001992
vt 0.387367 0.113636
vt 0.389097 0.001992
vt 0.407469 0.113636
vt 0.411290 0.001992
vt 0.497797 0.004671
vt 0.472312 0.001992
vt 0.447940 0.009911
vt 0.519990 0.017484
vt 0.428896 0.027058
vt 0.535053 0.038216
vt 0.418473 0.050469
vt 0.540381 0.063282
vt 0.418473 0.076095
vt 0.535053 0.088348
vt 0.428896 0.099505
vt 0.519990 0.109080
vt 0.447940 0.116652
vt 0.497797 0.121893
vt 0.472312 0.124571
vt 0.561789 0.056984
vt 0.573478 0.060782
vt 0.585701 0.059498
vt 0.596345 0.053352
vt 0.552656 0.048760
vt 0.603570 0.043409
vt 0.547657 0.037533
vt 0.606125 0.031387
vt 0.547657 0.025242
vt 0.603570 0.019365
vt 0.552656 0.014014
vt 0.596345 0.009422
vt 0.561789 0.005790
vt 0.585701 0.003277
vt 0.573478 0.001992
vt 0.069713 0.113636
vt 0.063818 0.383323
vt 0.079141 0.383323
vt 0.088491 0.113636
vt 0.191548 0.886365
vt 0.152456 0.616677
vt 0.136054 0.616677
vt 0.171446 0.886365
vt 0.171446 0.886365
vt 0.136054 0.616677
vt 0.117218 0.616677
vt 0.148361 0.886365
vt 0.148361 0.886365
vt 0.117218 0.616677
vt 0.099205 0.616677
vt 0.126285 0.886365
vt 0.207579 0.113636
vt 0.218193 0.383323
vt 0.230866 0.383323
vt 0.223111 0.113636
vt 0.223111 0.113636
vt 0.230866 0.383323
vt 0.248168 0.383323
vt 0.244317 0.113636
vt 0.244317 0.113636
vt 0.248168 0.383323
vt 0.267108 0.383323
vt 0.267528 0.113636
vt 0.267528 0.113636
vt 0.267108 0.383323
vt 0.284411 0.383323
vt 0.288734 0.113636
vt 0.288734 0.113636
vt 0.284411 0.383323
vt 0.297084 0.383323
vt 0.304265 0.113636
vt 0.342206 0.113636
vt 0.315126 0.383323
vt 0.333139 0.383323
vt 0.364282 0.113636
vt 0.364282 0.113636
vt 0.351975 0.383323
vt 0.387367 0.113636
vt 0.333139 0.383323
vt 0.382622 0.623245
vt 0.366120 0.623245
vt 0.379538 0.998008
vt 0.367314 0.998008
vt 0.387367 0.113636
vt 0.351975 0.383323
vt 0.368378 0.383323
vt 0.407469 0.113636
vt 0.005524 0.113636
vt 0.011443 0.383323
vt 0.026766 0.383323
vt 0.024303 0.113636
vt 0.024303 0.113636
vt 0.026766 0.383323
vt 0.045292 0.383323
vt 0.047008 0.113636
vt 0.047008 0.113636
vt 0.045292 0.383323
vt 0.063818 0.383323
vt 0.069713 0.113636
vt 0.063818 0.383323
vt 0.063238 0.623245
vt 0.076662 0.623245
vt 0.079141 0.383323
vt 0.152456 0.616677
vt 0.181071 0.376755
vt 0.166701 0.376755
vt 0.136054 0.616677
vt 0.136054 0.616677
vt 0.150199 0.376755
vt 0.117218 0.616677
vt 0.166701 0.376755
vt 0.151393 0.001992
vt 0.163616 0.001992
vt 0.117218 0.616677
vt 0.134418 0.376755
vt 0.099205 0.616677
vt 0.150199 0.376755
vt 0.139704 0.001992
vt 0.151393 0.001992
vt 0.218193 0.383323
vt 0.221365 0.623245
vt 0.232467 0.623245
vt 0.230866 0.383323
vt 0.230866 0.383323
vt 0.232467 0.623245
vt 0.247626 0.623245
vt 0.248168 0.383323
vt 0.248168 0.383323
vt 0.247626 0.623245
vt 0.264219 0.623245
vt 0.267108 0.383323
vt 0.267108 0.383323
vt 0.264219 0.623245
vt 0.279377 0.623245
vt 0.284411 0.383323
vt 0.284411 0.383323
vt 0.279377 0.623245
vt 0.290480 0.623245
vt 0.297084 0.383323
vt 0.315126 0.383323
vt 0.366120 0.623245
vt 0.333139 0.383323
vt 0.350339 0.623245
vt 0.367314 0.998008
vt 0.355625 0.998008
vt 0.351975 0.383323
vt 0.382622 0.623245
vt 0.396992 0.623245
vt 0.368378 0.383323
vt 0.011443 0.383323
vt 0.017353 0.623245
vt 0.030777 0.623245
vt 0.026766 0.383323
vt 0.026766 0.383323
vt 0.030777 0.623245
vt 0.047008 0.623245
vt 0.045292 0.383323
vt 0.045292 0.383323
vt 0.047008 0.623245
vt 0.063238 0.623245
vt 0.063818 0.383323
vt 0.063238 0.623245
vt 0.059030 0.998008
vt 0.068973 0.998008
vt 0.076662 0.623245
vt 0.181071 0.376755
vt 0.174260 0.001992
vt 0.163616 0.001992
vt 0.166701 0.376755
vt 0.221365 0.623245
vt 0.230325 0.998008
vt 0.238549 0.998008
vt 0.232467 0.623245
vt 0.232467 0.623245
vt 0.238549 0.998008
vt 0.249777 0.998008
vt 0.247626 0.623245
vt 0.247626 0.623245
vt 0.249777 0.998008
vt 0.262068 0.998008
vt 0.264219 0.623245
vt 0.264219 0.623245
vt 0.262068 0.998008
vt 0.273296 0.998008
vt 0.279377 0.623245
vt 0.279377 0.623245
vt 0.273296 0.998008
vt 0.281520 0.998008
vt 0.290480 0.623245
vt 0.382622 0.623245
vt 0.379538 0.998008
vt 0.390181 0.998008
vt 0.396992 0.623245
vt 0.017353 0.623245
vt 0.025043 0.998008
vt 0.034986 0.998008
vt 0.030777 0.623245
vt 0.030777 0.623245
vt 0.034986 0.998008
vt 0.047008 0.998008
vt 0.047008 0.623245
vt 0.047008 0.623245
vt 0.047008 0.998008
vt 0.059030 0.998008
vt 0.063238 0.623245
vn 0.062874 -0.481243 0.874330
vn 0.197222 -0.769769 0.607091
vn 0.197189 -0.769708 0.607179
vn 0.062874 -0.481243 0.874330
vn 0.197189 -0.769708 0.607179
vn 0.062854 -0.481193 0.874359
vn -0.076544 -0.107595 0.991244
vn 0.062874 -0.481243 0.874330
vn 0.062854 -0.481193 0.874359
vn -0.076544 -0.107595 0.991244
vn 0.062854 -0.481193 0.874359
vn -0.076544 -0.107595 0.991244
vn -0.196920 0.286552 0.937609
vn -0.076544 -0.107595 0.991244
vn -0.076544 -0.107595 0.991244
vn -0.196920 0.286552 0.937609
vn -0.076544 -0.107595 0.991244
vn -0.196905 0.286496 0.937629
vn -0.277435 0.633030 0.722705
vn -0.196920 0.286552 0.937609
vn -0.196905 0.286496 0.937629
vn -0.277435 0.633030 0.722705
vn -0.196905 0.286496 0.937629
vn -0.277421 0.632950 0.722781
vn 0.197222 -0.769769 0.607091
vn 0.303237 -0.923257 0.235890
vn 0.197189 -0.769708 0.607179
vn 0.197222 -0.769769 0.607091
vn 0.303267 -0.923282 0.235752
vn 0.303237 -0.923257 0.235890
vn 0.303267 -0.923282 0.235752
vn 0.362661 -0.915282 -0.175319
vn 0.303237 -0.923257 0.235890
vn 0.303267 -0.923282 0.235752
vn 0.362672 -0.915249 -0.175464
vn 0.362661 -0.915282 -0.175319
vn 0.362672 -0.915249 -0.175464
vn 0.365181 -0.747150 -0.555346
vn 0.362661 -0.915282 -0.175319
vn 0.362672 -0.915249 -0.175464
vn 0.365172 -0.747076 -0.555452
vn 0.365181 -0.747150 -0.555346
vn 0.365172 -0.747076 -0.555452
vn 0.310358 -0.447926 -0.838475
vn 0.365181 -0.747150 -0.555346
vn 0.365172 -0.747076 -0.555452
vn 0.310341 -0.447852 -0.838521
vn 0.310358 -0.447926 -0.838475
vn 0.310341 -0.447852 -0.838521
vn 0.207670 -0.069347 -0.975738
vn 0.310358 -0.447926 -0.838475
vn 0.310341 -0.447852 -0.838521
vn 0.207660 -0.069317 -0.975742
vn 0.207670 -0.069347 -0.975738
vn 0.207660 -0.069317 -0.975742
vn 0.074873 0.323118 -0.943392
vn 0.207670 -0.069347 -0.975738
vn 0.207660 -0.069317 -0.975742
vn 0.074884 0.323090 -0.943401
vn 0.074873 0.323118 -0.943392
vn 0.074884 0.323090 -0.943401
vn -0.065065 0.661596 -0.747032
vn 0.074873 0.323118 -0.943392
vn 0.074884 0.323090 -0.943401
vn -0.065037 0.661535 -0.747089
vn -0.065065 0.661596 -0.747032
vn -0.065037 0.661535 -0.747089
vn -0.187946 0.887556 -0.420619
vn -0.065065 0.661596 -0.747032
vn -0.065037 0.661535 -0.747089
vn -0.187913 0.887508 -0.420735
vn -0.187946 0.887556 -0.420619
vn -0.187913 0.887508 -0.420735
vn -0.272521 0.961929 -0.020605
vn -0.187946 0.887556 -0.420619
vn -0.187913 0.887508 -0.420735
vn -0.272500 0.961932 -0.020753
vn -0.272521 0.961929 -0.020605
vn -0.272500 0.961932 -0.020753
vn -0.304169 0.871866 0.383838
vn -0.272521 0.961929 -0.020605
vn -0.272500 0.961932 -0.020753
vn -0.304168 0.871924 0.383707
vn -0.304169 0.871866 0.383838
vn -0.304168 0.871924 0.383707
vn -0.277421 0.632950 0.722781
vn -0.304169 0.871866 0.383838
vn -0.304168 0.871924 0.383707
vn -0.277435 0.633030 0.722705
vn -0.277421 0.632950 0.722781
vn -0.941188 -0.306797 -0.141569
vn -0.941188 -0.306797 -0.141569
vn -0.941188 -0.306797 -0.141569
vn -0.941188 -0.306797 -0.141569
vn -0.941188 -0.306797 -0.141569
vn -0.941188 -0.306797 -0.141569
vn -0.941188 -0.306797 -0.141569
vn -0.941188 -0.306797 -0.141569
vn -0.941188 -0.306797 -0.141569
vn -0.941188 -0.306797 -0.141569
vn -0.941188 -0.306797 -0.141569
vn -0.941188 -0.306797 -0.141569
vn -0.941188 -0.306797 -0.141569
vn -0.941188 -0.306797 -0.141569
vn -0.941188 -0.306797 -0.141569
vn -0.941188 -0.306797 -0.141569
vn -0.941188 -0.306797 -0.141569
vn -0.941188 -0.306797 -0.141569
vn -0.941188 -0.306797 -0.141569
vn -0.941188 -0.306797 -0.141569
vn -0.941188 -0.306797 -0.141569
vn -0.941188 -0.306797 -0.141569
vn -0.941188 -0.306797 -0.141569
vn -0.941188 -0.306797 -0.141569
vn -0.941188 -0.306797 -0.141569
vn -0.941188 -0.306797 -0.141569
vn -0.941188 -0.306797 -0.141569
vn -0.941188 -0.306797 -0.141569
vn -0.941188 -0.306797 -0.141569
vn -0.941188 -0.306797 -0.141569
vn -0.941188 -0.306797 -0.141569
vn -0.941188 -0.306797 -0.141569
vn -0.941188 -0.306797 -0.141569
vn -0.941188 -0.306797 -0.141569
vn -0.941188 -0.306797 -0.141569
vn -0.941188 -0.306797 -0.141569
vn -0.941188 -0.306797 -0.141569
vn -0.941188 -0.306797 -0.141569
vn -0.941188 -0.306797 -0.141569
vn 0.941188 0.306797 0.141569
vn 0.941188 0.306797 0.141569
vn 0.941188 0.306797 0.141569
vn 0.941188 0.306797 0.141569
vn 0.941188 0.306797 0.141569
vn 0.941188 0.306797 0.141569
vn 0.941188 0.306797 0.141569
vn 0.941188 0.306797 0.141569
vn 0.941188 0.306797 0.141569
vn 0.941188 0.306797 0.141569
vn 0.941188 0.306797 0.141569
vn 0.941188 0.306797 0.141569
vn 0.941188 0.306797 0.141569
vn 0.941188 0.306797 0.141569
vn 0.941188 0.306797 0.141569
vn 0.941188 0.306797 0.141569
vn 0.941188 0.306797 0.141569
vn 0.941188 0.306797 0.141569
vn 0.941188 0.306797 0.141569
vn 0.941188 0.306797 0.141569
vn 0.941188 0.306797 0.141569
vn 0.941188 0.306797 0.141569
vn 0.941188 0.306797 0.141569
vn 0.941188 0.306797 0.141569
vn 0.941188 0.306797 0.141569
vn 0.941188 0.306797 0.141569
vn 0.941188 0.306797 0.141569
vn 0.941188 0.306797 0.141569
vn 0.941188 0.306797 0.141569
vn 0.941188 0.306797 0.141569
vn 0.941188 0.306797 0.141569
vn 0.941188 0.306797 0.141569
vn 0.941188 0.306797 0.141569
vn 0.941188 0.306797 0.141569
vn 0.941188 0.306797 0.141569
vn 0.941188 0.306797 0.141569
vn 0.941188 0.306797 0.141569
vn 0.941188 0.306797 0.141569
vn 0.941188 0.306797 0.141569
vn 0.187060 -0.619209 0.762620
vn 0.187060 -0.619209 0.762620
vn 0.187060 -0.619209 0.762620
vn 0.187060 -0.619209 0.762620
vn 0.187060 -0.619209 0.762620
vn 0.187060 -0.619209 0.762620
vn 0.287325 -0.853403 0.434912
vn 0.287325 -0.853403 0.434912
vn 0.287325 -0.853403 0.434912
vn 0.287325 -0.853403 0.434912
vn 0.287325 -0.853403 0.434912
vn 0.287325 -0.853403 0.434912
vn 0.342282 -0.939080 0.031175
vn 0.342282 -0.939080 0.031175
vn 0.342282 -0.939080 0.031175
vn 0.342282 -0.939080 0.031175
vn 0.342282 -0.939080 0.031175
vn 0.342282 -0.939080 0.031175
vn 0.341966 -0.860178 -0.378355
vn 0.341966 -0.860178 -0.378355
vn 0.341966 -0.860178 -0.378355
vn 0.341966 -0.860178 -0.378355
vn 0.341966 -0.860178 -0.378355
vn 0.341966 -0.860178 -0.378355
vn 0.286339 -0.630294 -0.721623
vn 0.286339 -0.630293 -0.721623
vn 0.286339 -0.630293 -0.721623
vn 0.286339 -0.630294 -0.721623
vn 0.286339 -0.630293 -0.721623
vn 0.286339 -0.630293 -0.721623
vn 0.185328 -0.290123 -0.938873
vn 0.185328 -0.290123 -0.938873
vn 0.185328 -0.290123 -0.938873
vn 0.185328 -0.290123 -0.938873
vn 0.185328 -0.290123 -0.938873
vn 0.185328 -0.290123 -0.938873
vn 0.056629 0.101024 -0.993271
vn 0.056629 0.101024 -0.993271
vn 0.056629 0.101024 -0.993271
vn 0.056629 0.101024 -0.993271
vn 0.056629 0.101024 -0.993271
vn 0.056629 0.101024 -0.993271
vn -0.077643 0.476059 -0.875979
vn -0.077643 0.476059 -0.875979
vn -0.077643 0.476059 -0.875979
vn -0.077643 0.476059 -0.875979
vn -0.077643 0.476059 -0.875979
vn -0.077643 0.476059 -0.875979
vn -0.194500 0.770702 -0.606785
vn -0.194500 0.770702 -0.606785
vn -0.194500 0.770702 -0.606785
vn -0.194500 0.770702 -0.606785
vn -0.194500 0.770702 -0.606785
vn -0.194500 0.770702 -0.606785
vn -0.273650 0.933557 -0.231488
vn -0.273650 0.933557 -0.231488
vn -0.273650 0.933557 -0.231488
vn -0.273650 0.933557 -0.231488
vn -0.273650 0.933557 -0.231488
vn -0.273650 0.933557 -0.231488
vn -0.301088 0.935539 0.184698
vn -0.301088 0.935539 0.184698
vn -0.301088 0.935539 0.184698
vn -0.301088 0.935539 0.184698
vn -0.301088 0.935539 0.184698
vn -0.301088 0.935539 0.184698
vn -0.301088 0.935539 0.184698
vn -0.301088 0.935539 0.184698
vn -0.318908 0.930126 0.182105
vn -0.301088 0.935539 0.184698
vn -0.318908 0.930126 0.182105
vn -0.318908 0.930126 0.182105
vn -0.318908 0.930126 0.182105
vn -0.318908 0.930126 0.182105
vn -0.311792 0.932331 0.183150
vn -0.318908 0.930126 0.182105
vn -0.311792 0.932331 0.183150
vn -0.311792 0.932331 0.183150
vn -0.272010 0.776337 0.568605
vn -0.272010 0.776337 0.568605
vn -0.272010 0.776336 0.568605
vn -0.272010 0.776337 0.568605
vn -0.272010 0.776337 0.568605
vn -0.272010 0.776337 0.568605
vn -0.191818 0.484703 0.853387
vn -0.191818 0.484703 0.853387
vn -0.191818 0.484703 0.853387
vn -0.191818 0.484703 0.853387
vn -0.191818 0.484703 0.853387
vn -0.191818 0.484703 0.853387
vn -0.074748 0.112000 0.990893
vn -0.074748 0.112000 0.990893
vn -0.074748 0.112000 0.990893
vn -0.074748 0.112000 0.990893
vn -0.074748 0.112000 0.990893
vn -0.074748 0.112000 0.990893
vn 0.059089 -0.277943 0.958778
vn 0.059089 -0.277943 0.958778
vn 0.059089 -0.277943 0.958778
vn 0.059089 -0.277943 0.958778
vn 0.059089 -0.277943 0.958778
vn 0.059089 -0.277943 0.958778
vn 0.040499 -0.668700 0.742429
vn 0.040499 -0.668700 0.742429
vn 0.040499 -0.668700 0.742429
vn 0.040499 -0.668700 0.742429
vn 0.040499 -0.668700 0.742429
vn 0.040499 -0.668700 0.742429
vn 0.188969 -0.887230 0.420849
vn 0.188969 -0.887230 0.420849
vn 0.188969 -0.887230 0.420849
vn 0.188969 -0.887230 0.420849
vn 0.188969 -0.887230 0.420849
vn 0.188969 -0.887230 0.420849
vn 0.307466 -0.951206 0.025924
vn 0.307466 -0.951206 0.025924
vn 0.307466 -0.951206 0.025924
vn 0.307466 -0.951206 0.025924
vn 0.307466 -0.951206 0.025924
vn 0.307466 -0.951206 0.025924
vn 0.307466 -0.951206 0.025924
vn 0.307466 -0.951206 0.025924
vn 0.323681 -0.945741 0.028366
vn 0.307466 -0.951206 0.025924
vn 0.323681 -0.945741 0.028366
vn 0.323681 -0.945741 0.028366
vn 0.374959 -0.848666 -0.373057
vn 0.374959 -0.848666 -0.373057
vn 0.374959 -0.848666 -0.373057
vn 0.374959 -0.848666 -0.373057
vn 0.374959 -0.848666 -0.373057
vn 0.374959 -0.848666 -0.373057
vn 0.374959 -0.848666 -0.373057
vn 0.374959 -0.848666 -0.373057
vn 0.355280 -0.855680 -0.376282
vn 0.374959 -0.848666 -0.373057
vn 0.355280 -0.855680 -0.376282
vn 0.355280 -0.855680 -0.376282
vn 0.379687 -0.598129 -0.705748
vn 0.379687 -0.598129 -0.705748
vn 0.379687 -0.598129 -0.705748
vn 0.379687 -0.598129 -0.705748
vn 0.379687 -0.598129 -0.705748
vn 0.379687 -0.598129 -0.705748
vn 0.321388 -0.244479 -0.914844
vn 0.321388 -0.244479 -0.914844
vn 0.321388 -0.244479 -0.914844
vn 0.321388 -0.244479 -0.914844
vn 0.321388 -0.244479 -0.914844
vn 0.321388 -0.244479 -0.914844
vn 0.210649 0.150878 -0.965848
vn 0.210649 0.150878 -0.965848
vn 0.210649 0.150878 -0.965848
vn 0.210649 0.150878 -0.965848
vn 0.210649 0.150878 -0.965848
vn 0.210649 0.150878 -0.965848
vn 0.066413 0.521057 -0.850934
vn 0.066413 0.521057 -0.850934
vn 0.066413 0.521057 -0.850934
vn 0.066413 0.521057 -0.850934
vn 0.066413 0.521057 -0.850934
vn 0.066413 0.521057 -0.850934
vn -0.087048 0.803416 -0.589021
vn -0.087048 0.803416 -0.589021
vn -0.087048 0.803416 -0.589021
vn -0.087048 0.803416 -0.589021
vn -0.087048 0.803416 -0.589021
vn -0.087048 0.803416 -0.589021
vn -0.223493 0.948685 -0.223716
vn -0.223493 0.948685 -0.223716
vn -0.223493 0.948685 -0.223716
vn -0.223493 0.948685 -0.223716
vn -0.223493 0.948685 -0.223716
vn -0.223493 0.948685 -0.223716
vn -0.223493 0.948685 -0.223716
vn -0.223493 0.948685 -0.223716
vn -0.252419 0.940309 -0.228263
vn -0.223493 0.948685 -0.223716
vn -0.252419 0.940309 -0.228263
vn -0.252419 0.940309 -0.228263
vn -0.356254 0.750280 0.556923
vn -0.356254 0.750280 0.556923
vn -0.356254 0.750280 0.556923
vn -0.356254 0.750280 0.556923
vn -0.356254 0.750280 0.556923
vn -0.356254 0.750280 0.556923
vn -0.329115 0.441260 0.834849
vn -0.329115 0.441259 0.834849
vn -0.329115 0.441259 0.834849
vn -0.329115 0.441260 0.834849
vn -0.329115 0.441260 0.834849
vn -0.329115 0.441259 0.834849
vn -0.242668 0.057639 0.968396
vn -0.242668 0.057639 0.968396
vn -0.242668 0.057639 0.968396
vn -0.242668 0.057639 0.968396
vn -0.242668 0.057639 0.968396
vn -0.242668 0.057639 0.968396
vn -0.112054 -0.334561 0.935689
vn -0.112054 -0.334561 0.935689
vn -0.112054 -0.334561 0.935689
vn -0.112054 -0.334561 0.935689
vn -0.112054 -0.334561 0.935689
vn -0.112054 -0.334561 0.935689
vn 0.116247 -0.645205 0.755114
vn 0.116247 -0.645205 0.755114
vn 0.116247 -0.645205 0.755114
vn 0.116247 -0.645205 0.755114
vn 0.116247 -0.645205 0.755114
vn 0.116247 -0.645205 0.755114
vn 0.239130 -0.871292 0.428564
vn 0.239130 -0.871292 0.428564
vn 0.239130 -0.871292 0.428564
vn 0.239130 -0.871292 0.428564
vn 0.239130 -0.871292 0.428564
vn 0.239130 -0.871292 0.428564
vn 0.328464 -0.616681 -0.715413
vn 0.328464 -0.616681 -0.715413
vn 0.328464 -0.616681 -0.715413
vn 0.328464 -0.616681 -0.715413
vn 0.328464 -0.616681 -0.715413
vn 0.328464 -0.616681 -0.715413
vn 0.247869 -0.270071 -0.930388
vn 0.247869 -0.270071 -0.930388
vn 0.247869 -0.270071 -0.930388
vn 0.247869 -0.270071 -0.930388
vn 0.247869 -0.270071 -0.930388
vn 0.247869 -0.270071 -0.930388
vn 0.127432 0.124220 -0.984038
vn 0.127432 0.124220 -0.984038
vn 0.127432 0.124220 -0.984038
vn 0.127432 0.124220 -0.984038
vn 0.127432 0.124220 -0.984038
vn 0.127432 0.124220 -0.984038
vn -0.012024 0.498015 -0.867085
vn -0.012024 0.498015 -0.867085
vn -0.012024 0.498015 -0.867085
vn -0.012024 0.498015 -0.867085
vn -0.012024 0.498015 -0.867085
vn -0.012024 0.498015 -0.867085
vn -0.146385 0.786682 -0.599752
vn -0.146385 0.786682 -0.599752
vn -0.146385 0.786682 -0.599752
vn -0.146385 0.786682 -0.599752
vn -0.146385 0.786682 -0.599752
vn -0.146385 0.786682 -0.599752
vn -0.314238 0.764128 0.563350
vn -0.314238 0.764128 0.563350
vn -0.314238 0.764128 0.563350
vn -0.314238 0.764128 0.563350
vn -0.314238 0.764128 0.563350
vn -0.314238 0.764128 0.563350
vn -0.259333 0.464782 0.846596
vn -0.259333 0.464782 0.846596
vn -0.259333 0.464782 0.846596
vn -0.259333 0.464782 0.846596
vn -0.259333 0.464782 0.846596
vn -0.259333 0.464782 0.846596
vn -0.156571 0.086053 0.983911
vn -0.156571 0.086053 0.983911
vn -0.156571 0.086053 0.983911
vn -0.156571 0.086053 0.983911
vn -0.156571 0.086053 0.983911
vn -0.156571 0.086053 0.983911
vn -0.023721 -0.306573 0.951552
vn -0.023721 -0.306573 0.951552
vn -0.023721 -0.306573 0.951552
vn -0.023721 -0.306573 0.951552
vn -0.023721 -0.306573 0.951552
vn -0.023721 -0.306573 0.951552
s off
g cherry_tree group1 pCylinder6
usemtl pCylinder2SG
f 361/1119/2113 363/1121/2114 362/1120/2115
f 361/1119/2116 362/1120/2117 364/1122/2118
f 365/1123/2119 361/1119/2120 364/1122/2121
f 365/1123/2122 364/1122/2123 366/1124/2124
f 367/1125/2125 365/1123/2126 366/1124/2127
f 367/1125/2128 366/1124/2129 368/1126/2130
f 369/1127/2131 367/1125/2132 368/1126/2133
f 369/1127/2134 368/1126/2135 370/1128/2136
f 363/1129/2137 371/1131/2138 362/1130/2139
f 363/1129/2140 372/1132/2141 371/1131/2142
f 372/1132/2143 373/1133/2144 371/1131/2145
f 372/1132/2146 374/1134/2147 373/1133/2148
f 374/1134/2149 375/1135/2150 373/1133/2151
f 374/1134/2152 376/1136/2153 375/1135/2154
f 376/1137/2155 377/1139/2156 375/1138/2157
f 376/1137/2158 378/1140/2159 377/1139/2160
f 378/1140/2161 379/1141/2162 377/1139/2163
f 378/1140/2164 380/1142/2165 379/1141/2166
f 380/1142/2167 381/1143/2168 379/1141/2169
f 380/1142/2170 382/1144/2171 381/1143/2172
f 382/1144/2173 383/1145/2174 381/1143/2175
f 382/1144/2176 384/1146/2177 383/1145/2178
f 384/1146/2179 385/1147/2180 383/1145/2181
f 384/1146/2182 386/1148/2183 385/1147/2184
f 386/1149/2185 387/1151/2186 385/1150/2187
f 386/1149/2188 388/1152/2189 387/1151/2190
f 388/1152/2191 389/1153/2192 387/1151/2193
f 388/1152/2194 390/1154/2195 389/1153/2196
f 390/1154/2197 370/1155/2198 389/1153/2199
f 390/1154/2200 369/1156/2201 370/1155/2202
f 372/1157/2203 376/1159/2204 374/1158/2205
f 376/1159/2206 372/1157/2207 363/1160/2208
f 376/1159/2209 363/1160/2210 378/1161/2211
f 378/1161/2212 363/1160/2213 361/1162/2214
f 378/1161/2215 361/1162/2216 380/1163/2217
f 380/1163/2218 361/1162/2219 365/1164/2220
f 380/1163/2221 365/1164/2222 382/1165/2223
f 382/1165/2224 365/1164/2225 367/1166/2226
f 382/1165/2227 367/1166/2228 384/1167/2229
f 384/1167/2230 367/1166/2231 369/1168/2232
f 384/1167/2233 369/1168/2234 386/1169/2235
f 386/1169/2236 369/1168/2237 390/1170/2238
f 386/1169/2239 390/1170/2240 388/1171/2241
f 391/1172/2242 393/1174/2243 392/1173/2244
f 393/1174/2245 391/1172/2246 394/1175/2247
f 394/1175/2248 391/1172/2249 395/1176/2250
f 394/1175/2251 395/1176/2252 396/1177/2253
f 396/1177/2254 395/1176/2255 397/1178/2256
f 396/1177/2257 397/1178/2258 398/1179/2259
f 398/1179/2260 397/1178/2261 399/1180/2262
f 398/1179/2263 399/1180/2264 400/1181/2265
f 400/1181/2266 399/1180/2267 401/1182/2268
f 400/1181/2269 401/1182/2270 402/1183/2271
f 402/1183/2272 401/1182/2273 403/1184/2274
f 402/1183/2275 403/1184/2276 404/1185/2277
f 404/1185/2278 403/1184/2279 405/1186/2280
f 364/1187/2281 407/1189/2282 406/1188/2283
f 364/1187/2284 362/1190/2285 407/1189/2286
f 362/1191/2287 408/1193/2288 407/1192/2289
f 362/1191/2290 371/1194/2291 408/1193/2292
f 371/1195/2293 409/1197/2294 408/1196/2295
f 371/1195/2296 373/1198/2297 409/1197/2298
f 373/1199/2299 410/1201/2300 409/1200/2301
f 373/1199/2302 375/1202/2303 410/1201/2304
f 375/1203/2305 411/1205/2306 410/1204/2307
f 375/1203/2308 377/1206/2309 411/1205/2310
f 377/1207/2311 412/1209/2312 411/1208/2313
f 377/1207/2314 379/1210/2315 412/1209/2316
f 379/1211/2317 413/1213/2318 412/1212/2319
f 379/1211/2320 381/1214/2321 413/1213/2322
f 381/1215/2323 414/1217/2324 413/1216/2325
f 381/1215/2326 383/1218/2327 414/1217/2328
f 383/1219/2329 415/1221/2330 414/1220/2331
f 383/1219/2332 385/1222/2333 415/1221/2334
f 385/1223/2335 416/1225/2336 415/1224/2337
f 385/1223/2338 387/1226/2339 416/1225/2340
f 387/1227/2341 389/1229/2342 417/1228/2343
f 387/1227/2344 417/1228/2345 416/1230/2346
f 416/1230/2347 417/1228/2348 418/1231/2349
f 416/1230/2350 418/1231/2351 419/1232/2352
f 419/1232/2353 418/1231/2354 404/1233/2355
f 419/1232/2356 404/1233/2357 405/1234/2358
f 389/1235/2359 420/1237/2360 417/1236/2361
f 389/1235/2362 370/1238/2363 420/1237/2364
f 370/1239/2365 421/1241/2366 420/1240/2367
f 370/1239/2368 368/1242/2369 421/1241/2370
f 368/1243/2371 422/1245/2372 421/1244/2373
f 368/1243/2374 366/1246/2375 422/1245/2376
f 366/1247/2377 406/1249/2378 422/1248/2379
f 366/1247/2380 364/1250/2381 406/1249/2382
f 406/1251/2383 424/1253/2384 423/1252/2385
f 406/1251/2386 407/1254/2387 424/1253/2388
f 407/1255/2389 425/1257/2390 424/1256/2391
f 407/1255/2392 408/1258/2393 425/1257/2394
f 408/1259/2395 409/1261/2396 426/1260/2397
f 408/1259/2398 426/1260/2399 425/1262/2400
f 425/1262/2401 426/1260/2402 392/1263/2403
f 425/1262/2404 392/1263/2405 393/1264/2406
f 409/1265/2407 410/1267/2408 427/1266/2409
f 409/1265/2410 427/1266/2411 426/1268/2412
f 426/1268/2413 427/1266/2414 391/1269/2415
f 426/1268/2416 391/1269/2417 392/1270/2418
f 410/1271/2419 428/1273/2420 427/1272/2421
f 410/1271/2422 411/1274/2423 428/1273/2424
f 411/1275/2425 429/1277/2426 428/1276/2427
f 411/1275/2428 412/1278/2429 429/1277/2430
f 412/1279/2431 430/1281/2432 429/1280/2433
f 412/1279/2434 413/1282/2435 430/1281/2436
f 413/1283/2437 431/1285/2438 430/1284/2439
f 413/1283/2440 414/1286/2441 431/1285/2442
f 414/1287/2443 432/1289/2444 431/1288/2445
f 414/1287/2446 415/1290/2447 432/1289/2448
f 415/1291/2449 416/1293/2450 419/1292/2451
f 415/1291/2452 419/1292/2453 432/1294/2454
f 432/1294/2455 419/1292/2456 405/1295/2457
f 432/1294/2458 405/1295/2459 403/1296/2460
f 417/1297/2461 433/1299/2462 418/1298/2463
f 417/1297/2464 420/1300/2465 433/1299/2466
f 420/1301/2467 434/1303/2468 433/1302/2469
f 420/1301/2470 421/1304/2471 434/1303/2472
f 421/1305/2473 435/1307/2474 434/1306/2475
f 421/1305/2476 422/1308/2477 435/1307/2478
f 422/1309/2479 423/1311/2480 435/1310/2481
f 422/1309/2482 406/1312/2483 423/1311/2484
f 423/1313/2485 394/1315/2486 396/1314/2487
f 423/1313/2488 424/1316/2489 394/1315/2490
f 424/1317/2491 393/1319/2492 394/1318/2493
f 424/1317/2494 425/1320/2495 393/1319/2496
f 427/1321/2497 395/1323/2498 391/1322/2499
f 427/1321/2500 428/1324/2501 395/1323/2502
f 428/1325/2503 397/1327/2504 395/1326/2505
f 428/1325/2506 429/1328/2507 397/1327/2508
f 429/1329/2509 399/1331/2510 397/1330/2511
f 429/1329/2512 430/1332/2513 399/1331/2514
f 430/1333/2515 401/1335/2516 399/1334/2517
f 430/1333/2518 431/1336/2519 401/1335/2520
f 431/1337/2521 403/1339/2522 401/1338/2523
f 431/1337/2524 432/1340/2525 403/1339/2526
f 418/1341/2527 402/1343/2528 404/1342/2529
f 418/1341/2530 433/1344/2531 402/1343/2532
f 433/1345/2533 400/1347/2534 402/1346/2535
f 433/1345/2536 434/1348/2537 400/1347/2538
f 434/1349/2539 398/1351/2540 400/1350/2541
f 434/1349/2542 435/1352/2543 398/1351/2544
f 435/1353/2545 396/1355/2546 398/1354/2547
f 435/1353/2548 423/1356/2549 396/1355/2550
g default
v -152.705791 425.626669 821.087457
v -158.382959 434.980062 815.668246
v -152.760374 426.131947 823.213253
v -158.333540 434.522360 813.742687
v -152.094878 425.510365 819.031007
v -157.780188 434.417074 811.879945
v -151.033291 425.803334 817.399462
v -156.818577 434.682394 810.402140
v -149.704551 426.454765 816.474962
v -155.615032 435.272450 809.564708
v -157.919973 435.711080 817.323610
v -152.249194 426.938954 825.040821
v -157.024553 436.588949 818.422640
v -151.260662 427.908163 826.254147
v -155.851541 437.461874 818.775294
v -149.965672 428.871937 826.643443
v -154.603799 438.179008 818.320529
v -148.588169 429.663563 826.141388
v -153.497039 438.616232 817.137042
v -147.366289 430.146322 824.834835
v -152.722656 438.698019 815.429430
v -146.511367 430.236625 822.949625
v -152.414500 438.410267 813.493007
v -146.171172 429.918905 820.811800
v -152.625913 437.802633 811.662538
v -146.404590 429.248100 818.790948
v -153.320313 436.980245 810.254535
v -147.171194 428.340141 817.236530
v -154.377610 436.085258 809.512506
v -148.338465 427.352103 816.417316
v -205.261496 523.265002 736.260081
v -204.863615 523.526296 736.243299
v -204.523649 523.814074 736.481883
v -205.648505 523.075182 736.529354
v -204.300351 524.078478 736.934642
v -205.957692 522.989919 737.004544
v -204.232374 524.273913 737.523221
v -206.135619 523.023732 737.603499
v -204.331464 524.366384 738.145872
v -206.151532 523.170949 738.222606
v -204.580473 524.340075 738.694930
v -206.002631 523.405993 738.754925
v -204.936322 524.199513 739.075496
v -205.714711 523.688219 739.108318
v -205.337553 523.968923 739.221692
v -170.697398 457.122978 797.140804
v -170.737738 457.496483 798.711955
v -170.359938 458.092918 800.062679
v -169.629332 458.809257 800.959430
v -183.633837 476.223196 783.497906
v -184.273940 475.595633 782.712246
v -203.240529 505.371145 757.920208
v -203.714657 504.906362 757.338269
v -168.672215 459.521507 801.247157
v -182.795325 476.847220 783.749973
v -202.619459 505.833364 758.106914
v -167.654110 460.106621 800.876110
v -166.751039 460.463463 799.910434
v -166.119193 460.530205 798.517085
v -165.867732 460.295341 796.937076
v -166.040254 459.799553 795.443462
v -166.606825 459.128471 794.294643
v -167.469552 458.398247 793.689152
v -181.741705 475.863150 777.128506
v -180.985877 476.502890 777.658962
v -201.839018 505.104453 753.202373
v -201.279203 505.578330 753.595227
v -168.479219 457.735039 793.731746
v -169.461264 457.253624 794.415051
v -170.245901 457.037041 795.620876
v -184.569586 474.745932 780.152416
v -184.604915 475.073080 781.528896
v -181.903376 477.359823 783.424908
v -181.112212 477.672385 782.578884
v -180.558630 477.730887 781.358227
v -180.338385 477.525168 779.973934
v -180.489504 477.090811 778.665424
v -200.911498 506.013755 754.340786
v -182.626250 475.282095 777.165829
v -202.494223 504.674123 753.229993
v -183.486617 474.860312 777.764439
v -184.174029 474.670615 778.820850
v -203.933651 504.276906 755.442195
v -203.959838 504.519277 756.461712
v -201.958754 506.213095 757.866162
v -201.372770 506.444570 757.239468
v -200.962729 506.487876 756.335322
v -200.799560 506.335532 755.310010
v -203.131505 504.361623 753.673413
v -203.640646 504.221181 754.455913
vt 0.131394 0.001992
vt 0.145177 0.095723
vt 0.148799 0.001992
vt 0.129411 0.095723
vt 0.110349 0.001992
vt 0.110349 0.095724
vt 0.089305 0.001992
vt 0.091287 0.095723
vt 0.071899 0.001992
vt 0.075521 0.095723
vt 0.380988 0.998008
vt 0.377780 0.904277
vt 0.360903 0.904276
vt 0.362356 0.998008
vt 0.341522 0.904276
vt 0.340959 0.998008
vt 0.322988 0.904276
vt 0.320497 0.998007
vt 0.387046 0.001992
vt 0.391267 0.095723
vt 0.404307 0.095723
vt 0.401442 0.001992
vt 0.422110 0.095723
vt 0.421097 0.001992
vt 0.441598 0.095723
vt 0.442611 0.001992
vt 0.459401 0.095723
vt 0.462266 0.001992
vt 0.472441 0.095723
vt 0.476662 0.001992
vt 0.204711 0.001992
vt 0.207201 0.095723
vt 0.225735 0.095724
vt 0.225172 0.001992
vt 0.245116 0.095723
vt 0.246569 0.001992
vt 0.261993 0.095723
vt 0.265201 0.001992
vt 0.700004 0.104904
vt 0.721401 0.102656
vt 0.740033 0.091898
vt 0.752679 0.074493
vt 0.679543 0.098256
vt 0.757152 0.053448
vt 0.663554 0.083860
vt 0.752679 0.032404
vt 0.654804 0.064206
vt 0.740033 0.014998
vt 0.654803 0.042691
vt 0.721401 0.004241
vt 0.663555 0.023036
vt 0.700004 0.001992
vt 0.679542 0.008640
vt 0.574695 0.005780
vt 0.569268 0.002647
vt 0.563036 0.001992
vt 0.578378 0.010850
vt 0.557077 0.003928
vt 0.579681 0.016979
vt 0.552420 0.008121
vt 0.578378 0.023108
vt 0.549872 0.013846
vt 0.574695 0.028178
vt 0.549872 0.020112
vt 0.569268 0.031311
vt 0.552420 0.025836
vt 0.563036 0.031966
vt 0.557077 0.030029
vt 0.129411 0.095723
vt 0.124462 0.322141
vt 0.137327 0.322141
vt 0.145177 0.095723
vt 0.377780 0.904277
vt 0.344960 0.677859
vt 0.331190 0.677859
vt 0.360903 0.904276
vt 0.360903 0.904276
vt 0.315376 0.677858
vt 0.341522 0.904276
vt 0.331190 0.677859
vt 0.343065 0.476430
vt 0.356919 0.476430
vt 0.344068 0.161795
vt 0.354330 0.161795
vt 0.341522 0.904276
vt 0.300253 0.677859
vt 0.322988 0.904276
vt 0.315376 0.677858
vt 0.329816 0.476430
vt 0.343065 0.476430
vt 0.334254 0.161795
vt 0.344068 0.161795
vt 0.391267 0.095723
vt 0.400177 0.322141
vt 0.410817 0.322141
vt 0.404307 0.095723
vt 0.404307 0.095723
vt 0.410817 0.322141
vt 0.425344 0.322141
vt 0.422110 0.095723
vt 0.422110 0.095723
vt 0.425344 0.322141
vt 0.441245 0.322141
vt 0.441598 0.095723
vt 0.441598 0.095723
vt 0.441245 0.322141
vt 0.455771 0.322141
vt 0.459401 0.095723
vt 0.459401 0.095723
vt 0.455771 0.322141
vt 0.466411 0.322141
vt 0.472441 0.095723
vt 0.207201 0.095723
vt 0.184466 0.322141
vt 0.199589 0.322141
vt 0.225735 0.095724
vt 0.225735 0.095724
vt 0.215403 0.322141
vt 0.245116 0.095723
vt 0.199589 0.322141
vt 0.241132 0.523570
vt 0.227278 0.523570
vt 0.238543 0.838205
vt 0.228281 0.838205
vt 0.245116 0.095723
vt 0.215403 0.322141
vt 0.229173 0.322141
vt 0.261993 0.095723
vt 0.075521 0.095723
vt 0.080490 0.322141
vt 0.093355 0.322141
vt 0.091287 0.095723
vt 0.091287 0.095723
vt 0.093355 0.322141
vt 0.108908 0.322141
vt 0.110349 0.095724
vt 0.110349 0.095724
vt 0.108908 0.322141
vt 0.124462 0.322141
vt 0.129411 0.095723
vt 0.124462 0.322141
vt 0.123975 0.523570
vt 0.135246 0.523570
vt 0.137327 0.322141
vt 0.344960 0.677859
vt 0.368984 0.476430
vt 0.356919 0.476430
vt 0.331190 0.677859
vt 0.400177 0.322141
vt 0.402841 0.523570
vt 0.412162 0.523570
vt 0.410817 0.322141
vt 0.410817 0.322141
vt 0.412162 0.523570
vt 0.424888 0.523570
vt 0.425344 0.322141
vt 0.425344 0.322141
vt 0.424888 0.523570
vt 0.438819 0.523570
vt 0.441245 0.322141
vt 0.441245 0.322141
vt 0.438819 0.523570
vt 0.451546 0.523570
vt 0.455771 0.322141
vt 0.455771 0.322141
vt 0.451546 0.523570
vt 0.460867 0.523570
vt 0.466411 0.322141
vt 0.184466 0.322141
vt 0.227278 0.523570
vt 0.199589 0.322141
vt 0.214029 0.523570
vt 0.228281 0.838205
vt 0.218467 0.838205
vt 0.215403 0.322141
vt 0.253197 0.523570
vt 0.229173 0.322141
vt 0.241132 0.523570
vt 0.247479 0.838205
vt 0.238543 0.838205
vt 0.080490 0.322141
vt 0.085452 0.523570
vt 0.096723 0.523570
vt 0.093355 0.322141
vt 0.093355 0.322141
vt 0.096723 0.523570
vt 0.110349 0.523570
vt 0.108908 0.322141
vt 0.108908 0.322141
vt 0.110349 0.523570
vt 0.123975 0.523570
vt 0.124462 0.322141
vt 0.123975 0.523570
vt 0.120442 0.838205
vt 0.128790 0.838205
vt 0.135246 0.523570
vt 0.368984 0.476430
vt 0.363266 0.161795
vt 0.354330 0.161795
vt 0.356919 0.476430
vt 0.402841 0.523570
vt 0.410364 0.838205
vt 0.417268 0.838205
vt 0.412162 0.523570
vt 0.412162 0.523570
vt 0.417268 0.838205
vt 0.426695 0.838205
vt 0.424888 0.523570
vt 0.424888 0.523570
vt 0.426695 0.838205
vt 0.437013 0.838204
vt 0.438819 0.523570
vt 0.438819 0.523570
vt 0.437013 0.838204
vt 0.446440 0.838205
vt 0.451546 0.523570
vt 0.451546 0.523570
vt 0.446440 0.838205
vt 0.453344 0.838204
vt 0.460867 0.523570
vt 0.085452 0.523570
vt 0.100256 0.838205
vt 0.096723 0.523570
vt 0.091908 0.838205
vt 0.006581 0.998008
vt 0.001511 0.998008
vt 0.096723 0.523570
vt 0.100256 0.838205
vt 0.110349 0.838205
vt 0.110349 0.523570
vt 0.110349 0.523570
vt 0.110349 0.838205
vt 0.120442 0.838205
vt 0.123975 0.523570
vt 0.120442 0.838205
vt 0.018839 0.998008
vt 0.023909 0.998008
vt 0.128790 0.838205
vt 0.649084 0.133059
vt 0.574695 0.028178
vt 0.569268 0.031311
vt 0.640148 0.138218
vt 0.640148 0.138218
vt 0.569268 0.031311
vt 0.563036 0.031966
vt 0.629886 0.139297
vt 0.344068 0.161795
vt 0.277218 0.001992
vt 0.271259 0.001992
vt 0.334254 0.161795
vt 0.410364 0.838205
vt 0.516442 0.998008
vt 0.520635 0.998008
vt 0.417268 0.838205
vt 0.417268 0.838205
vt 0.520635 0.998008
vt 0.526360 0.998008
vt 0.426695 0.838205
vt 0.426695 0.838205
vt 0.526360 0.998008
vt 0.532626 0.998007
vt 0.437013 0.838204
vt 0.437013 0.838204
vt 0.532626 0.998007
vt 0.538350 0.998008
vt 0.446440 0.838205
vt 0.446440 0.838205
vt 0.538350 0.998008
vt 0.542543 0.998007
vt 0.453344 0.838204
vt 0.218467 0.838205
vt 0.155472 0.998008
vt 0.161431 0.998008
vt 0.228281 0.838205
vt 0.228281 0.838205
vt 0.161431 0.998008
vt 0.167663 0.998008
vt 0.238543 0.838205
vt 0.238543 0.838205
vt 0.167663 0.998008
vt 0.173090 0.998008
vt 0.247479 0.838205
vt 0.100256 0.838205
vt 0.006581 0.998008
vt 0.012710 0.998008
vt 0.110349 0.838205
vt 0.110349 0.838205
vt 0.012710 0.998008
vt 0.018839 0.998008
vt 0.120442 0.838205
vn -0.840406 -0.541818 -0.012284
vn -0.899996 -0.347487 0.263175
vn -0.894515 -0.402425 0.194670
vn -0.840406 -0.541818 -0.012284
vn -0.894515 -0.402425 0.194670
vn -0.809526 -0.581110 -0.083535
vn -0.678724 -0.671673 -0.296966
vn -0.840406 -0.541818 -0.012284
vn -0.809526 -0.581110 -0.083535
vn -0.678724 -0.671673 -0.296966
vn -0.809526 -0.581110 -0.083535
vn -0.626209 -0.690458 -0.362118
vn -0.391903 -0.713277 -0.581075
vn -0.678724 -0.671673 -0.296966
vn -0.626209 -0.690458 -0.362118
vn -0.391903 -0.713277 -0.581075
vn -0.626209 -0.690458 -0.362118
vn -0.330896 -0.707616 -0.624329
vn 0.035577 -0.601558 -0.798036
vn -0.391903 -0.713277 -0.581075
vn -0.330896 -0.707616 -0.624329
vn 0.035577 -0.601558 -0.798036
vn -0.330896 -0.707616 -0.624329
vn 0.065733 -0.587829 -0.806310
vn -0.899996 -0.347487 0.263175
vn -0.870415 -0.150220 0.468840
vn -0.894515 -0.402425 0.194670
vn -0.899996 -0.347487 0.263175
vn -0.848069 -0.088644 0.522418
vn -0.870415 -0.150220 0.468840
vn -0.848069 -0.088644 0.522418
vn -0.686650 0.179603 0.704453
vn -0.870415 -0.150220 0.468840
vn -0.848069 -0.088644 0.522418
vn -0.651405 0.222014 0.725522
vn -0.686650 0.179603 0.704453
vn -0.651405 0.222014 0.725522
vn -0.306906 0.519910 0.797184
vn -0.686650 0.179603 0.704453
vn -0.651405 0.222014 0.725522
vn -0.308365 0.518961 0.797239
vn -0.306906 0.519910 0.797184
vn -0.308365 0.518961 0.797239
vn 0.150051 0.724191 0.673076
vn -0.306906 0.519910 0.797184
vn -0.308365 0.518961 0.797239
vn 0.096340 0.709355 0.698236
vn 0.150051 0.724191 0.673076
vn 0.096340 0.709355 0.698236
vn 0.509762 0.750775 0.420094
vn 0.150051 0.724191 0.673076
vn 0.096340 0.709355 0.698236
vn 0.446816 0.756886 0.476948
vn 0.509762 0.750775 0.420094
vn 0.446816 0.756886 0.476948
vn 0.735150 0.663443 0.139279
vn 0.509762 0.750775 0.420094
vn 0.446816 0.756886 0.476948
vn 0.690359 0.692596 0.209080
vn 0.735150 0.663443 0.139279
vn 0.690359 0.692596 0.209080
vn 0.851381 0.505617 -0.139648
vn 0.735150 0.663443 0.139279
vn 0.690359 0.692596 0.209080
vn 0.831122 0.551822 -0.068765
vn 0.851381 0.505617 -0.139648
vn 0.831122 0.551822 -0.068765
vn 0.864892 0.284248 -0.413721
vn 0.851381 0.505617 -0.139648
vn 0.831122 0.551822 -0.068765
vn 0.871871 0.341832 -0.350703
vn 0.864892 0.284248 -0.413721
vn 0.871871 0.341832 -0.350703
vn 0.748290 -0.003506 -0.663363
vn 0.864892 0.284248 -0.413721
vn 0.871871 0.341832 -0.350703
vn 0.779733 0.050634 -0.624062
vn 0.748290 -0.003506 -0.663363
vn 0.779733 0.050634 -0.624062
vn 0.468213 -0.325668 -0.821412
vn 0.748290 -0.003506 -0.663363
vn 0.779733 0.050634 -0.624062
vn 0.491175 -0.305345 -0.815789
vn 0.468213 -0.325668 -0.821412
vn 0.491175 -0.305345 -0.815789
vn 0.065733 -0.587829 -0.806310
vn 0.468213 -0.325668 -0.821412
vn 0.491175 -0.305345 -0.815789
vn 0.035577 -0.601558 -0.798036
vn 0.065733 -0.587829 -0.806310
vn 0.543171 -0.813614 0.207356
vn 0.543171 -0.813614 0.207356
vn 0.543171 -0.813614 0.207356
vn 0.543171 -0.813614 0.207356
vn 0.543171 -0.813614 0.207356
vn 0.543171 -0.813614 0.207356
vn 0.543171 -0.813614 0.207356
vn 0.543171 -0.813614 0.207356
vn 0.543171 -0.813614 0.207356
vn 0.543171 -0.813614 0.207356
vn 0.543171 -0.813614 0.207356
vn 0.543171 -0.813614 0.207356
vn 0.543171 -0.813614 0.207356
vn 0.543171 -0.813614 0.207356
vn 0.543171 -0.813614 0.207356
vn 0.543171 -0.813614 0.207356
vn 0.543171 -0.813614 0.207356
vn 0.543171 -0.813614 0.207356
vn 0.543171 -0.813614 0.207356
vn 0.543171 -0.813614 0.207356
vn 0.543171 -0.813614 0.207356
vn 0.543171 -0.813614 0.207356
vn 0.543171 -0.813614 0.207356
vn 0.543171 -0.813614 0.207356
vn 0.543171 -0.813614 0.207356
vn 0.543171 -0.813614 0.207356
vn 0.543171 -0.813614 0.207356
vn 0.543171 -0.813614 0.207356
vn 0.543171 -0.813614 0.207356
vn 0.543171 -0.813614 0.207356
vn 0.543171 -0.813614 0.207356
vn 0.543171 -0.813614 0.207356
vn 0.543171 -0.813614 0.207356
vn 0.543171 -0.813614 0.207356
vn 0.543171 -0.813614 0.207356
vn 0.543171 -0.813614 0.207356
vn 0.543171 -0.813614 0.207356
vn 0.543171 -0.813614 0.207356
vn 0.543171 -0.813614 0.207356
vn -0.543163 0.813623 -0.207342
vn -0.543163 0.813623 -0.207342
vn -0.543163 0.813623 -0.207342
vn -0.543163 0.813623 -0.207342
vn -0.543163 0.813623 -0.207342
vn -0.543163 0.813623 -0.207342
vn -0.543163 0.813623 -0.207342
vn -0.543163 0.813623 -0.207342
vn -0.543163 0.813623 -0.207342
vn -0.543163 0.813623 -0.207342
vn -0.543163 0.813623 -0.207342
vn -0.543163 0.813623 -0.207342
vn -0.543163 0.813623 -0.207342
vn -0.543163 0.813623 -0.207342
vn -0.543163 0.813623 -0.207342
vn -0.543163 0.813623 -0.207342
vn -0.543163 0.813623 -0.207342
vn -0.543163 0.813624 -0.207342
vn -0.543163 0.813623 -0.207342
vn -0.543163 0.813624 -0.207342
vn -0.543163 0.813624 -0.207342
vn -0.543163 0.813624 -0.207342
vn -0.543163 0.813624 -0.207342
vn -0.543163 0.813623 -0.207342
vn -0.543163 0.813624 -0.207342
vn -0.543163 0.813623 -0.207342
vn -0.543163 0.813623 -0.207342
vn -0.543163 0.813623 -0.207342
vn -0.543163 0.813623 -0.207342
vn -0.543163 0.813623 -0.207342
vn -0.543163 0.813623 -0.207342
vn -0.543163 0.813623 -0.207342
vn -0.543163 0.813623 -0.207342
vn -0.543163 0.813623 -0.207342
vn -0.543163 0.813623 -0.207342
vn -0.543163 0.813623 -0.207342
vn -0.543163 0.813623 -0.207342
vn -0.543163 0.813623 -0.207342
vn -0.543163 0.813623 -0.207342
vn -0.898022 -0.432655 0.079783
vn -0.898022 -0.432655 0.079783
vn -0.898022 -0.432655 0.079783
vn -0.898022 -0.432655 0.079783
vn -0.898022 -0.432655 0.079783
vn -0.898022 -0.432655 0.079783
vn -0.906167 -0.229900 0.354974
vn -0.906167 -0.229900 0.354974
vn -0.906167 -0.229900 0.354974
vn -0.906167 -0.229900 0.354974
vn -0.906167 -0.229900 0.354974
vn -0.906167 -0.229900 0.354974
vn -0.788435 0.035380 0.614100
vn -0.788435 0.035380 0.614100
vn -0.788435 0.035380 0.614100
vn -0.788435 0.035380 0.614100
vn -0.788435 0.035380 0.614100
vn -0.788435 0.035380 0.614100
vn -0.788435 0.035380 0.614100
vn -0.788435 0.035380 0.614100
vn -0.777407 0.005502 0.628973
vn -0.788435 0.035380 0.614100
vn -0.777407 0.005502 0.628973
vn -0.777407 0.005502 0.628973
vn -0.777407 0.005502 0.628973
vn -0.777407 0.005502 0.628973
vn -0.782666 0.019454 0.622138
vn -0.777407 0.005502 0.628973
vn -0.782666 0.019454 0.622138
vn -0.782666 0.019454 0.622138
vn -0.496140 0.344801 0.796842
vn -0.496140 0.344801 0.796842
vn -0.496140 0.344801 0.796842
vn -0.496140 0.344801 0.796842
vn -0.496140 0.344801 0.796842
vn -0.496140 0.344801 0.796842
vn -0.496140 0.344801 0.796842
vn -0.496140 0.344801 0.796842
vn -0.508980 0.369991 0.777204
vn -0.496140 0.344801 0.796842
vn -0.508980 0.369991 0.777204
vn -0.508980 0.369991 0.777204
vn -0.508980 0.369991 0.777204
vn -0.508980 0.369991 0.777204
vn -0.501434 0.355069 0.788980
vn -0.508980 0.369991 0.777204
vn -0.501434 0.355069 0.788980
vn -0.501434 0.355069 0.788980
vn -0.055098 0.601334 0.797096
vn -0.055098 0.601334 0.797096
vn -0.055098 0.601334 0.797096
vn -0.055098 0.601334 0.797096
vn -0.055098 0.601334 0.797096
vn -0.055098 0.601334 0.797096
vn 0.370796 0.703250 0.606589
vn 0.370796 0.703250 0.606589
vn 0.370796 0.703250 0.606589
vn 0.370796 0.703250 0.606589
vn 0.370796 0.703250 0.606589
vn 0.370796 0.703250 0.606589
vn 0.665829 0.667218 0.333906
vn 0.665829 0.667218 0.333906
vn 0.665829 0.667218 0.333906
vn 0.665829 0.667218 0.333906
vn 0.665829 0.667218 0.333906
vn 0.665829 0.667218 0.333906
vn 0.833220 0.550606 0.050764
vn 0.833220 0.550606 0.050764
vn 0.833220 0.550606 0.050764
vn 0.833220 0.550606 0.050764
vn 0.833220 0.550606 0.050764
vn 0.833220 0.550606 0.050764
vn 0.896975 0.378077 -0.229114
vn 0.896975 0.378077 -0.229114
vn 0.896975 0.378077 -0.229114
vn 0.896975 0.378077 -0.229114
vn 0.896975 0.378077 -0.229114
vn 0.896975 0.378077 -0.229114
vn 0.850622 0.146376 -0.504991
vn 0.850622 0.146376 -0.504991
vn 0.850622 0.146376 -0.504991
vn 0.850622 0.146376 -0.504991
vn 0.850622 0.146376 -0.504991
vn 0.850622 0.146376 -0.504991
vn 0.649114 -0.148241 -0.746107
vn 0.649114 -0.148241 -0.746107
vn 0.649114 -0.148241 -0.746107
vn 0.649114 -0.148241 -0.746107
vn 0.649114 -0.148241 -0.746107
vn 0.649114 -0.148241 -0.746107
vn 0.649114 -0.148241 -0.746107
vn 0.649114 -0.148241 -0.746107
vn 0.655618 -0.163291 -0.737225
vn 0.649114 -0.148241 -0.746107
vn 0.655618 -0.163291 -0.737225
vn 0.655618 -0.163291 -0.737225
vn 0.655618 -0.163291 -0.737225
vn 0.655618 -0.163291 -0.737225
vn 0.653053 -0.157316 -0.740793
vn 0.655618 -0.163291 -0.737225
vn 0.653053 -0.157316 -0.740793
vn 0.653053 -0.157316 -0.740792
vn 0.260848 -0.451906 -0.853076
vn 0.260848 -0.451906 -0.853076
vn 0.260848 -0.451906 -0.853076
vn 0.260848 -0.451906 -0.853076
vn 0.260848 -0.451906 -0.853076
vn 0.260848 -0.451906 -0.853076
vn -0.202882 -0.639105 -0.741878
vn -0.202882 -0.639105 -0.741878
vn -0.202882 -0.639105 -0.741878
vn -0.202882 -0.639105 -0.741878
vn -0.202882 -0.639105 -0.741878
vn -0.202882 -0.639105 -0.741878
vn -0.567103 -0.663404 -0.488150
vn -0.567103 -0.663404 -0.488150
vn -0.567102 -0.663403 -0.488150
vn -0.567103 -0.663404 -0.488150
vn -0.567103 -0.663403 -0.488150
vn -0.567103 -0.663404 -0.488150
vn -0.789301 -0.579946 -0.201662
vn -0.789301 -0.579946 -0.201662
vn -0.789301 -0.579946 -0.201662
vn -0.789301 -0.579946 -0.201662
vn -0.789301 -0.579946 -0.201662
vn -0.789301 -0.579946 -0.201662
vn -0.829431 -0.547883 0.108948
vn -0.829431 -0.547882 0.108948
vn -0.829431 -0.547882 0.108948
vn -0.829431 -0.547883 0.108948
vn -0.829431 -0.547882 0.108948
vn -0.829431 -0.547882 0.108948
vn -0.869685 -0.313157 0.381551
vn -0.869685 -0.313157 0.381551
vn -0.869685 -0.313157 0.381551
vn -0.869685 -0.313157 0.381551
vn -0.869685 -0.313157 0.381551
vn -0.869685 -0.313157 0.381551
vn -0.109196 0.660874 0.742510
vn -0.109196 0.660874 0.742510
vn -0.109196 0.660874 0.742510
vn -0.109196 0.660874 0.742510
vn -0.109196 0.660874 0.742510
vn -0.109196 0.660874 0.742510
vn 0.278138 0.786884 0.550865
vn 0.278138 0.786884 0.550865
vn 0.278138 0.786884 0.550865
vn 0.278138 0.786884 0.550865
vn 0.278138 0.786884 0.550865
vn 0.278138 0.786884 0.550865
vn 0.567094 0.769383 0.294031
vn 0.567095 0.769382 0.294031
vn 0.567095 0.769382 0.294031
vn 0.567094 0.769383 0.294031
vn 0.567095 0.769382 0.294031
vn 0.567095 0.769382 0.294031
vn 0.754505 0.655906 0.022577
vn 0.754505 0.655906 0.022577
vn 0.754505 0.655906 0.022577
vn 0.754505 0.655906 0.022577
vn 0.754505 0.655906 0.022577
vn 0.754505 0.655906 0.022577
vn 0.848849 0.464568 -0.252252
vn 0.848849 0.464568 -0.252252
vn 0.848849 0.464568 -0.252252
vn 0.848849 0.464568 -0.252252
vn 0.848849 0.464568 -0.252252
vn 0.848849 0.464568 -0.252252
vn 0.832109 0.189651 -0.521179
vn 0.832109 0.189651 -0.521179
vn 0.832109 0.189651 -0.521179
vn 0.832109 0.189651 -0.521179
vn 0.832109 0.189651 -0.521179
vn 0.832109 0.189651 -0.521179
vn 0.832109 0.189651 -0.521179
vn 0.832109 0.189651 -0.521179
vn 0.843063 0.164684 -0.511980
vn 0.832109 0.189651 -0.521179
vn 0.843063 0.164684 -0.511980
vn 0.843063 0.164684 -0.511980
vn 0.303331 -0.513340 -0.802790
vn 0.303331 -0.513340 -0.802790
vn 0.303331 -0.513340 -0.802791
vn 0.303331 -0.513340 -0.802790
vn 0.303331 -0.513340 -0.802791
vn 0.303331 -0.513340 -0.802791
vn 0.303331 -0.513340 -0.802791
vn 0.303331 -0.513340 -0.802791
vn 0.282680 -0.483545 -0.828418
vn 0.303331 -0.513340 -0.802791
vn 0.282680 -0.483545 -0.828418
vn 0.282680 -0.483545 -0.828418
vn -0.112791 -0.728675 -0.675508
vn -0.112791 -0.728675 -0.675508
vn -0.112791 -0.728675 -0.675508
vn -0.112791 -0.728675 -0.675508
vn -0.112791 -0.728675 -0.675508
vn -0.112791 -0.728675 -0.675508
vn -0.456098 -0.775744 -0.436115
vn -0.456098 -0.775744 -0.436115
vn -0.456098 -0.775744 -0.436115
vn -0.456098 -0.775744 -0.436115
vn -0.456098 -0.775744 -0.436115
vn -0.456098 -0.775744 -0.436115
vn -0.691097 -0.703557 -0.165506
vn -0.691097 -0.703557 -0.165506
vn -0.691097 -0.703557 -0.165506
vn -0.691097 -0.703557 -0.165506
vn -0.691097 -0.703557 -0.165506
vn -0.691097 -0.703557 -0.165506
vn -0.866830 -0.489635 0.094142
vn -0.866830 -0.489635 0.094142
vn -0.866830 -0.489635 0.094142
vn -0.866830 -0.489635 0.094142
vn -0.866830 -0.489635 0.094142
vn -0.866830 -0.489635 0.094142
vn -0.889316 -0.270947 0.368381
vn -0.889316 -0.270947 0.368380
vn -0.889316 -0.270947 0.368381
vn -0.889316 -0.270947 0.368381
vn -0.889316 -0.270947 0.368381
vn -0.889316 -0.270947 0.368380
vn -0.079915 0.629254 0.773080
vn -0.079915 0.629254 0.773080
vn -0.079915 0.629254 0.773080
vn -0.079915 0.629254 0.773080
vn -0.079915 0.629254 0.773080
vn -0.079915 0.629254 0.773080
vn 0.328517 0.743893 0.581980
vn 0.328517 0.743893 0.581980
vn 0.328517 0.743893 0.581980
vn 0.328517 0.743893 0.581980
vn 0.328517 0.743893 0.581980
vn 0.328517 0.743893 0.581980
vn 0.621809 0.716448 0.316315
vn 0.621809 0.716448 0.316315
vn 0.621809 0.716448 0.316315
vn 0.621809 0.716448 0.316315
vn 0.621809 0.716448 0.316315
vn 0.621809 0.716448 0.316315
vn 0.799076 0.600029 0.037994
vn 0.799076 0.600029 0.037994
vn 0.799076 0.600029 0.037994
vn 0.799076 0.600029 0.037994
vn 0.799076 0.600029 0.037994
vn 0.799076 0.600029 0.037994
vn 0.876578 0.417290 -0.239749
vn 0.876578 0.417290 -0.239749
vn 0.876578 0.417290 -0.239749
vn 0.876578 0.417290 -0.239749
vn 0.876578 0.417290 -0.239749
vn 0.876578 0.417290 -0.239749
vn -0.158239 -0.685618 -0.710555
vn -0.158239 -0.685618 -0.710555
vn -0.158239 -0.685618 -0.710555
vn -0.158239 -0.685618 -0.710555
vn -0.158239 -0.685618 -0.710555
vn -0.158239 -0.685618 -0.710555
vn -0.158239 -0.685618 -0.710555
vn -0.158239 -0.685618 -0.710555
vn -0.165590 -0.678195 -0.715983
vn -0.158239 -0.685618 -0.710555
vn -0.165590 -0.678195 -0.715983
vn -0.165590 -0.678195 -0.715983
vn -0.514149 -0.721324 -0.464049
vn -0.514149 -0.721324 -0.464049
vn -0.514149 -0.721324 -0.464049
vn -0.514149 -0.721324 -0.464049
vn -0.514149 -0.721324 -0.464049
vn -0.514149 -0.721324 -0.464049
vn -0.743880 -0.642292 -0.184673
vn -0.743880 -0.642292 -0.184673
vn -0.743880 -0.642292 -0.184673
vn -0.743880 -0.642292 -0.184673
vn -0.743880 -0.642292 -0.184673
vn -0.743880 -0.642292 -0.184673
vn -0.993368 -0.114961 0.001803
vn -0.993368 -0.114961 0.001803
vn -0.993368 -0.114961 0.001803
vn -0.993368 -0.114961 0.001803
vn -0.993368 -0.114961 0.001803
vn -0.993368 -0.114961 0.001803
vn -0.968769 0.105568 0.224368
vn -0.968769 0.105568 0.224368
vn -0.968769 0.105568 0.224368
vn -0.968769 0.105568 0.224368
vn -0.968769 0.105568 0.224368
vn -0.968769 0.105568 0.224368
vn -0.843504 0.325143 0.427530
vn -0.843504 0.325143 0.427530
vn -0.843504 0.325143 0.427530
vn -0.843504 0.325143 0.427530
vn -0.843504 0.325143 0.427530
vn -0.843504 0.325143 0.427530
vn -0.584617 0.541502 0.604151
vn -0.584617 0.541502 0.604151
vn -0.584617 0.541502 0.604151
vn -0.584617 0.541502 0.604151
vn -0.584617 0.541502 0.604151
vn -0.584617 0.541502 0.604151
vn -0.150012 0.702242 0.695955
vn -0.150012 0.702242 0.695955
vn -0.150012 0.702242 0.695955
vn -0.150012 0.702242 0.695955
vn -0.150012 0.702242 0.695955
vn -0.150012 0.702242 0.695955
vn 0.375522 0.698531 0.609129
vn 0.375522 0.698531 0.609129
vn 0.375522 0.698531 0.609129
vn 0.375522 0.698531 0.609129
vn 0.375522 0.698531 0.609129
vn 0.375522 0.698531 0.609129
vn 0.766278 0.523452 0.372580
vn 0.766278 0.523452 0.372580
vn 0.766278 0.523452 0.372580
vn 0.766278 0.523452 0.372580
vn 0.766278 0.523452 0.372580
vn 0.766278 0.523452 0.372580
vn 0.951044 0.289435 0.108365
vn 0.951044 0.289434 0.108365
vn 0.951044 0.289434 0.108365
vn 0.951044 0.289435 0.108365
vn 0.951044 0.289435 0.108365
vn 0.951044 0.289434 0.108365
vn 0.989427 0.057203 -0.133272
vn 0.989427 0.057203 -0.133272
vn 0.989427 0.057203 -0.133272
vn 0.989427 0.057203 -0.133272
vn 0.989427 0.057203 -0.133272
vn 0.989427 0.057203 -0.133272
vn 0.919546 -0.169240 -0.354673
vn 0.919546 -0.169240 -0.354673
vn 0.919546 -0.169240 -0.354673
vn 0.919546 -0.169240 -0.354673
vn 0.919546 -0.169240 -0.354673
vn 0.919546 -0.169240 -0.354673
vn 0.727946 -0.395848 -0.559820
vn 0.727946 -0.395848 -0.559820
vn 0.727947 -0.395848 -0.559820
vn 0.727946 -0.395848 -0.559820
vn 0.727946 -0.395848 -0.559820
vn 0.727946 -0.395848 -0.559820
vn 0.362759 -0.598230 -0.714512
vn 0.362759 -0.598230 -0.714512
vn 0.362759 -0.598230 -0.714512
vn 0.362759 -0.598230 -0.714512
vn 0.362759 -0.598230 -0.714512
vn 0.362759 -0.598230 -0.714512
vn -0.643266 -0.562443 -0.519487
vn -0.643266 -0.562443 -0.519487
vn -0.643266 -0.562443 -0.519487
vn -0.643266 -0.562443 -0.519487
vn -0.643266 -0.562443 -0.519487
vn -0.643266 -0.562443 -0.519487
vn -0.905290 -0.343777 -0.249533
vn -0.905290 -0.343777 -0.249533
vn -0.905290 -0.343777 -0.249533
vn -0.905290 -0.343777 -0.249533
vn -0.905291 -0.343777 -0.249533
vn -0.905290 -0.343777 -0.249533
s off
g cherry_tree group1 pCylinder7
usemtl pCylinder2SG
f 436/1357/2551 438/1359/2552 437/1358/2553
f 436/1357/2554 437/1358/2555 439/1360/2556
f 440/1361/2557 436/1357/2558 439/1360/2559
f 440/1361/2560 439/1360/2561 441/1362/2562
f 442/1363/2563 440/1361/2564 441/1362/2565
f 442/1363/2566 441/1362/2567 443/1364/2568
f 444/1365/2569 442/1363/2570 443/1364/2571
f 444/1365/2572 443/1364/2573 445/1366/2574
f 438/1367/2575 446/1369/2576 437/1368/2577
f 438/1367/2578 447/1370/2579 446/1369/2580
f 447/1370/2581 448/1371/2582 446/1369/2583
f 447/1370/2584 449/1372/2585 448/1371/2586
f 449/1372/2587 450/1373/2588 448/1371/2589
f 449/1372/2590 451/1374/2591 450/1373/2592
f 451/1375/2593 452/1377/2594 450/1376/2595
f 451/1375/2596 453/1378/2597 452/1377/2598
f 453/1378/2599 454/1379/2600 452/1377/2601
f 453/1378/2602 455/1380/2603 454/1379/2604
f 455/1380/2605 456/1381/2606 454/1379/2607
f 455/1380/2608 457/1382/2609 456/1381/2610
f 457/1382/2611 458/1383/2612 456/1381/2613
f 457/1382/2614 459/1384/2615 458/1383/2616
f 459/1384/2617 460/1385/2618 458/1383/2619
f 459/1384/2620 461/1386/2621 460/1385/2622
f 461/1387/2623 462/1389/2624 460/1388/2625
f 461/1387/2626 463/1390/2627 462/1389/2628
f 463/1390/2629 464/1391/2630 462/1389/2631
f 463/1390/2632 465/1392/2633 464/1391/2634
f 465/1392/2635 445/1393/2636 464/1391/2637
f 465/1392/2638 444/1394/2639 445/1393/2640
f 463/1395/2641 444/1397/2642 465/1396/2643
f 444/1397/2644 463/1395/2645 442/1398/2646
f 442/1398/2647 463/1395/2648 461/1399/2649
f 442/1398/2650 461/1399/2651 440/1400/2652
f 440/1400/2653 461/1399/2654 459/1401/2655
f 440/1400/2656 459/1401/2657 436/1402/2658
f 436/1402/2659 459/1401/2660 457/1403/2661
f 436/1402/2662 457/1403/2663 438/1404/2664
f 438/1404/2665 457/1403/2666 455/1405/2667
f 438/1404/2668 455/1405/2669 447/1406/2670
f 447/1406/2671 455/1405/2672 453/1407/2673
f 447/1406/2674 453/1407/2675 449/1408/2676
f 449/1408/2677 453/1407/2678 451/1409/2679
f 466/1410/2680 468/1412/2681 467/1411/2682
f 468/1412/2683 466/1410/2684 469/1413/2685
f 468/1412/2686 469/1413/2687 470/1414/2688
f 470/1414/2689 469/1413/2690 471/1415/2691
f 470/1414/2692 471/1415/2693 472/1416/2694
f 472/1416/2695 471/1415/2696 473/1417/2697
f 472/1416/2698 473/1417/2699 474/1418/2700
f 474/1418/2701 473/1417/2702 475/1419/2703
f 474/1418/2704 475/1419/2705 476/1420/2706
f 476/1420/2707 475/1419/2708 477/1421/2709
f 476/1420/2710 477/1421/2711 478/1422/2712
f 478/1422/2713 477/1421/2714 479/1423/2715
f 478/1422/2716 479/1423/2717 480/1424/2718
f 439/1425/2719 482/1427/2720 481/1426/2721
f 439/1425/2722 437/1428/2723 482/1427/2724
f 437/1429/2725 483/1431/2726 482/1430/2727
f 437/1429/2728 446/1432/2729 483/1431/2730
f 446/1433/2731 448/1435/2732 484/1434/2733
f 446/1433/2734 484/1434/2735 483/1436/2736
f 483/1436/2737 484/1434/2738 485/1437/2739
f 483/1436/2740 485/1437/2741 486/1438/2742
f 486/1438/2743 485/1437/2744 487/1439/2745
f 486/1438/2746 487/1439/2747 488/1440/2748
f 448/1441/2749 450/1443/2750 489/1442/2751
f 448/1441/2752 489/1442/2753 484/1444/2754
f 484/1444/2755 489/1442/2756 490/1445/2757
f 484/1444/2758 490/1445/2759 485/1446/2760
f 485/1446/2761 490/1445/2762 491/1447/2763
f 485/1446/2764 491/1447/2765 487/1448/2766
f 450/1449/2767 492/1451/2768 489/1450/2769
f 450/1449/2770 452/1452/2771 492/1451/2772
f 452/1453/2773 493/1455/2774 492/1454/2775
f 452/1453/2776 454/1456/2777 493/1455/2778
f 454/1457/2779 494/1459/2780 493/1458/2781
f 454/1457/2782 456/1460/2783 494/1459/2784
f 456/1461/2785 495/1463/2786 494/1462/2787
f 456/1461/2788 458/1464/2789 495/1463/2790
f 458/1465/2791 496/1467/2792 495/1466/2793
f 458/1465/2794 460/1468/2795 496/1467/2796
f 460/1469/2797 497/1471/2798 496/1470/2799
f 460/1469/2800 462/1472/2801 497/1471/2802
f 462/1473/2803 464/1475/2804 498/1474/2805
f 462/1473/2806 498/1474/2807 497/1476/2808
f 497/1476/2809 498/1474/2810 499/1477/2811
f 497/1476/2812 499/1477/2813 500/1478/2814
f 500/1478/2815 499/1477/2816 501/1479/2817
f 500/1478/2818 501/1479/2819 502/1480/2820
f 464/1481/2821 503/1483/2822 498/1482/2823
f 464/1481/2824 445/1484/2825 503/1483/2826
f 445/1485/2827 504/1487/2828 503/1486/2829
f 445/1485/2830 443/1488/2831 504/1487/2832
f 443/1489/2833 505/1491/2834 504/1490/2835
f 443/1489/2836 441/1492/2837 505/1491/2838
f 441/1493/2839 481/1495/2840 505/1494/2841
f 441/1493/2842 439/1496/2843 481/1495/2844
f 481/1497/2845 507/1499/2846 506/1498/2847
f 481/1497/2848 482/1500/2849 507/1499/2850
f 482/1501/2851 486/1503/2852 507/1502/2853
f 482/1501/2854 483/1504/2855 486/1503/2856
f 489/1505/2857 508/1507/2858 490/1506/2859
f 489/1505/2860 492/1508/2861 508/1507/2862
f 492/1509/2863 509/1511/2864 508/1510/2865
f 492/1509/2866 493/1512/2867 509/1511/2868
f 493/1513/2869 510/1515/2870 509/1514/2871
f 493/1513/2872 494/1516/2873 510/1515/2874
f 494/1517/2875 511/1519/2876 510/1518/2877
f 494/1517/2878 495/1520/2879 511/1519/2880
f 495/1521/2881 512/1523/2882 511/1522/2883
f 495/1521/2884 496/1524/2885 512/1523/2886
f 496/1525/2887 497/1527/2888 500/1526/2889
f 496/1525/2890 500/1526/2891 512/1528/2892
f 512/1528/2893 500/1526/2894 502/1529/2895
f 512/1528/2896 502/1529/2897 513/1530/2898
f 498/1531/2899 503/1533/2900 514/1532/2901
f 498/1531/2902 514/1532/2903 499/1534/2904
f 499/1534/2905 514/1532/2906 515/1535/2907
f 499/1534/2908 515/1535/2909 501/1536/2910
f 503/1537/2911 516/1539/2912 514/1538/2913
f 503/1537/2914 504/1540/2915 516/1539/2916
f 504/1541/2917 517/1543/2918 516/1542/2919
f 504/1541/2920 505/1544/2921 517/1543/2922
f 505/1545/2923 506/1547/2924 517/1546/2925
f 505/1545/2926 481/1548/2927 506/1547/2928
f 506/1549/2929 519/1551/2930 518/1550/2931
f 506/1549/2932 507/1552/2933 519/1551/2934
f 507/1553/2935 488/1555/2936 519/1554/2937
f 507/1553/2938 486/1556/2939 488/1555/2940
f 490/1557/2941 520/1559/2942 491/1558/2943
f 490/1557/2944 508/1560/2945 520/1559/2946
f 508/1561/2947 521/1563/2948 520/1562/2949
f 508/1561/2950 509/1564/2951 521/1563/2952
f 509/1565/2953 522/1567/2954 521/1566/2955
f 509/1565/2956 510/1568/2957 522/1567/2958
f 510/1569/2959 523/1571/2960 522/1570/2961
f 510/1569/2962 511/1572/2963 523/1571/2964
f 511/1573/2965 513/1575/2966 523/1574/2967
f 511/1573/2968 512/1576/2969 513/1575/2970
f 514/1577/2971 516/1579/2972 524/1578/2973
f 514/1577/2974 524/1578/2975 515/1580/2976
f 515/1580/2977 524/1578/2978 469/1581/2979
f 515/1580/2980 469/1581/2981 466/1582/2982
f 516/1583/2983 525/1585/2984 524/1584/2985
f 516/1583/2986 517/1586/2987 525/1585/2988
f 517/1587/2989 518/1589/2990 525/1588/2991
f 517/1587/2992 506/1590/2993 518/1589/2994
f 518/1591/2995 475/1593/2996 473/1592/2997
f 518/1591/2998 519/1594/2999 475/1593/3000
f 519/1595/3001 477/1597/3002 475/1596/3003
f 519/1595/3004 488/1598/3005 477/1597/3006
f 488/1599/3007 479/1601/3008 477/1600/3009
f 488/1599/3010 487/1602/3011 479/1601/3012
f 487/1603/3013 480/1605/3014 479/1604/3015
f 487/1603/3016 491/1606/3017 480/1605/3018
f 491/1607/3019 478/1609/3020 480/1608/3021
f 491/1607/3022 520/1610/3023 478/1609/3024
f 520/1611/3025 476/1613/3026 478/1612/3027
f 520/1611/3028 521/1614/3029 476/1613/3030
f 521/1615/3031 474/1617/3032 476/1616/3033
f 521/1615/3034 522/1618/3035 474/1617/3036
f 522/1619/3037 472/1621/3038 474/1620/3039
f 522/1619/3040 523/1622/3041 472/1621/3042
f 523/1623/3043 470/1625/3044 472/1624/3045
f 523/1623/3046 513/1626/3047 470/1625/3048
f 513/1627/3049 468/1629/3050 470/1628/3051
f 513/1627/3052 502/1630/3053 468/1629/3054
f 502/1631/3055 467/1633/3056 468/1632/3057
f 502/1631/3058 501/1634/3059 467/1633/3060
f 501/1635/3061 466/1637/3062 467/1636/3063
f 501/1635/3064 515/1638/3065 466/1637/3066
f 524/1639/3067 471/1641/3068 469/1640/3069
f 524/1639/3070 525/1642/3071 471/1641/3072
f 525/1643/3073 473/1645/3074 471/1644/3075
f 525/1643/3076 518/1646/3077 473/1645/3078
g default
v -293.938369 460.682784 906.178601
v -298.269942 464.412186 901.700245
v -295.189162 460.661910 906.651294
v -297.136992 464.431076 901.272082
v -292.678847 461.064864 905.953794
v -295.996108 464.777176 901.068452
v -291.628356 461.742110 906.015742
v -295.044584 465.390610 901.124564
v -290.968536 462.597396 906.353733
v -294.446913 466.165329 901.430716
v -299.199080 464.723770 902.278906
v -296.214919 461.005873 907.290134
v -299.763732 465.311905 902.908011
v -296.838285 461.655196 907.984670
v -299.866271 466.074936 903.478782
v -296.951491 462.497603 908.614799
v -299.488967 466.880936 903.892527
v -296.534957 463.387436 909.071574
v -298.697066 467.590530 904.077706
v -295.660689 464.170822 909.276010
v -297.627486 468.081009 904.002298
v -294.479872 464.712296 909.192763
v -296.465163 468.267593 903.679344
v -293.196684 464.918289 908.836223
v -295.411100 468.117996 903.164686
v -292.032989 464.753128 908.268039
v -294.647520 467.658066 902.547312
v -291.189987 464.245377 907.586457
v -294.306472 466.967392 901.933972
v -290.813476 463.482864 906.909326
v -321.070570 494.378585 862.036573
v -320.996199 494.803268 862.303045
v -321.176786 495.168989 862.627806
v -321.387022 493.968368 861.874471
v -321.581099 495.412489 862.954698
v -321.890852 493.643569 861.844761
v -322.139219 495.491713 863.227205
v -322.494948 493.460311 861.952581
v -322.754652 495.392927 863.398206
v -323.094832 493.450301 862.179288
v -323.320981 495.133223 863.438131
v -323.586790 493.615279 862.485684
v -323.740293 494.757491 863.340081
v -323.885770 493.926711 862.818792
v -323.940061 494.330734 863.121011
v -305.422621 474.291274 890.198126
v -306.347060 474.275863 890.547487
v -307.105177 474.530075 891.019650
v -307.565917 475.009994 891.532971
v -313.626128 481.814804 879.802079
v -313.222486 481.394394 879.352366
v -307.649580 475.632614 891.998695
v -313.699431 482.360275 880.210093
v -307.341719 476.290268 892.336292
v -306.695570 476.869247 892.487390
v -305.822844 477.269455 892.425861
v -304.874434 477.421707 892.162346
v -304.014357 477.299636 891.742407
v -303.391325 476.924362 891.238657
v -303.113036 476.360794 890.738198
v -309.725020 482.998214 879.105791
v -309.968825 483.491958 879.544236
v -303.227644 475.706344 890.327564
v -303.715300 475.074203 890.077759
v -304.491713 474.573684 890.031973
v -311.748411 481.185165 878.632641
v -312.558302 481.171646 878.938712
v -313.429716 482.936446 880.505860
v -312.863630 483.443679 880.638234
v -312.099043 483.794296 880.584328
v -311.268172 483.927657 880.353466
v -310.514662 483.820724 879.985566
v -309.825423 482.424881 878.746041
v -310.252669 481.871078 878.527188
v -310.932860 481.432571 878.487076
vt 0.072074 0.001992
vt 0.088491 0.113636
vt 0.092806 0.001992
vt 0.069713 0.113636
vt 0.047008 0.001992
vt 0.047008 0.113636
vt 0.021942 0.001992
vt 0.024303 0.113636
vt 0.001210 0.001992
vt 0.005524 0.113636
vt 0.195369 0.998008
vt 0.191548 0.886365
vt 0.171446 0.886365
vt 0.173176 0.998008
vt 0.148361 0.886365
vt 0.147690 0.998008
vt 0.126285 0.886365
vt 0.123319 0.998008
vt 0.202552 0.001992
vt 0.207579 0.113636
vt 0.223111 0.113636
vt 0.219699 0.001992
vt 0.244317 0.113636
vt 0.243109 0.001992
vt 0.267528 0.113636
vt 0.268735 0.001992
vt 0.288734 0.113636
vt 0.292146 0.001992
vt 0.304266 0.113636
vt 0.309293 0.001992
vt 0.339240 0.001992
vt 0.342206 0.113636
vt 0.364282 0.113636
vt 0.363612 0.001992
vt 0.387367 0.113636
vt 0.389097 0.001992
vt 0.407469 0.113636
vt 0.411290 0.001992
vt 0.472312 0.124571
vt 0.497797 0.121893
vt 0.519990 0.109080
vt 0.535053 0.088348
vt 0.447940 0.116652
vt 0.540381 0.063282
vt 0.428896 0.099505
vt 0.535053 0.038216
vt 0.418473 0.076095
vt 0.519990 0.017484
vt 0.418473 0.050469
vt 0.497797 0.004671
vt 0.428896 0.027058
vt 0.472312 0.001992
vt 0.447940 0.009911
vt 0.596345 0.009422
vt 0.585701 0.003277
vt 0.573478 0.001992
vt 0.603570 0.019365
vt 0.561789 0.005790
vt 0.606125 0.031387
vt 0.552656 0.014014
vt 0.603570 0.043409
vt 0.547657 0.025242
vt 0.596345 0.053352
vt 0.547657 0.037532
vt 0.585701 0.059498
vt 0.552656 0.048760
vt 0.573478 0.060782
vt 0.561789 0.056984
vt 0.069713 0.113636
vt 0.063818 0.383323
vt 0.079141 0.383323
vt 0.088491 0.113636
vt 0.191548 0.886365
vt 0.152456 0.616677
vt 0.136054 0.616677
vt 0.171446 0.886365
vt 0.171446 0.886365
vt 0.117218 0.616677
vt 0.148361 0.886365
vt 0.136054 0.616677
vt 0.150199 0.376755
vt 0.166701 0.376755
vt 0.151393 0.001992
vt 0.163616 0.001992
vt 0.148361 0.886365
vt 0.099205 0.616677
vt 0.126285 0.886365
vt 0.117218 0.616677
vt 0.134418 0.376755
vt 0.150199 0.376755
vt 0.139704 0.001992
vt 0.151393 0.001992
vt 0.207579 0.113636
vt 0.218193 0.383323
vt 0.230866 0.383323
vt 0.223111 0.113636
vt 0.223111 0.113636
vt 0.230866 0.383323
vt 0.248168 0.383323
vt 0.244317 0.113636
vt 0.244317 0.113636
vt 0.248168 0.383323
vt 0.267108 0.383323
vt 0.267528 0.113636
vt 0.267528 0.113636
vt 0.267108 0.383323
vt 0.284411 0.383323
vt 0.288734 0.113636
vt 0.288734 0.113636
vt 0.284411 0.383323
vt 0.297084 0.383323
vt 0.304266 0.113636
vt 0.342206 0.113636
vt 0.315126 0.383323
vt 0.333139 0.383323
vt 0.364282 0.113636
vt 0.364282 0.113636
vt 0.351975 0.383323
vt 0.387367 0.113636
vt 0.333139 0.383323
vt 0.382622 0.623245
vt 0.366120 0.623245
vt 0.379538 0.998008
vt 0.367314 0.998008
vt 0.387367 0.113636
vt 0.351975 0.383323
vt 0.368378 0.383323
vt 0.407469 0.113636
vt 0.005524 0.113636
vt 0.011443 0.383323
vt 0.026766 0.383323
vt 0.024303 0.113636
vt 0.024303 0.113636
vt 0.026766 0.383323
vt 0.045292 0.383323
vt 0.047008 0.113636
vt 0.047008 0.113636
vt 0.045292 0.383323
vt 0.063818 0.383323
vt 0.069713 0.113636
vt 0.063818 0.383323
vt 0.063238 0.623245
vt 0.076662 0.623245
vt 0.079141 0.383323
vt 0.152456 0.616677
vt 0.181071 0.376755
vt 0.166701 0.376755
vt 0.136054 0.616677
vt 0.218193 0.383323
vt 0.221365 0.623245
vt 0.232468 0.623245
vt 0.230866 0.383323
vt 0.230866 0.383323
vt 0.232468 0.623245
vt 0.247626 0.623245
vt 0.248168 0.383323
vt 0.248168 0.383323
vt 0.247626 0.623245
vt 0.264219 0.623245
vt 0.267108 0.383323
vt 0.267108 0.383323
vt 0.264219 0.623245
vt 0.279377 0.623245
vt 0.284411 0.383323
vt 0.284411 0.383323
vt 0.279377 0.623245
vt 0.290480 0.623245
vt 0.297084 0.383323
vt 0.315126 0.383323
vt 0.366120 0.623245
vt 0.333139 0.383323
vt 0.350339 0.623245
vt 0.367314 0.998008
vt 0.355625 0.998008
vt 0.351975 0.383323
vt 0.382622 0.623245
vt 0.396992 0.623245
vt 0.368378 0.383323
vt 0.011443 0.383323
vt 0.017353 0.623245
vt 0.030777 0.623245
vt 0.026766 0.383323
vt 0.026766 0.383323
vt 0.030777 0.623245
vt 0.047008 0.623245
vt 0.045292 0.383323
vt 0.045292 0.383323
vt 0.047008 0.623245
vt 0.063238 0.623245
vt 0.063818 0.383323
vt 0.063238 0.623245
vt 0.059030 0.998008
vt 0.068973 0.998008
vt 0.076662 0.623245
vt 0.181071 0.376755
vt 0.174260 0.001992
vt 0.163616 0.001992
vt 0.166701 0.376755
vt 0.221365 0.623245
vt 0.230325 0.998008
vt 0.238549 0.998008
vt 0.232468 0.623245
vt 0.232468 0.623245
vt 0.238549 0.998008
vt 0.249777 0.998008
vt 0.247626 0.623245
vt 0.247626 0.623245
vt 0.249777 0.998008
vt 0.262068 0.998008
vt 0.264219 0.623245
vt 0.264219 0.623245
vt 0.262068 0.998008
vt 0.273296 0.998008
vt 0.279377 0.623245
vt 0.279377 0.623245
vt 0.273296 0.998008
vt 0.281520 0.998008
vt 0.290480 0.623245
vt 0.382622 0.623245
vt 0.379538 0.998008
vt 0.390181 0.998008
vt 0.396992 0.623245
vt 0.017353 0.623245
vt 0.025043 0.998008
vt 0.034986 0.998008
vt 0.030777 0.623245
vt 0.030777 0.623245
vt 0.034986 0.998008
vt 0.047008 0.998008
vt 0.047008 0.623245
vt 0.047008 0.623245
vt 0.047008 0.998008
vt 0.059030 0.998008
vt 0.063238 0.623245
vn -0.019274 -0.800528 -0.598986
vn -0.315289 -0.840567 -0.440499
vn -0.344145 -0.839045 -0.421387
vn -0.019274 -0.800528 -0.598986
vn -0.344145 -0.839045 -0.421387
vn -0.051141 -0.809417 -0.585003
vn 0.276735 -0.665259 -0.693432
vn -0.019274 -0.800528 -0.598986
vn -0.051141 -0.809417 -0.585003
vn 0.276735 -0.665259 -0.693432
vn -0.051141 -0.809417 -0.585003
vn 0.245408 -0.684321 -0.686644
vn 0.566592 -0.419925 -0.708969
vn 0.276735 -0.665259 -0.693432
vn 0.245408 -0.684321 -0.686644
vn 0.566592 -0.419925 -0.708969
vn 0.245408 -0.684321 -0.686644
vn 0.542694 -0.446004 -0.711733
vn 0.797579 -0.051689 -0.600995
vn 0.566592 -0.419925 -0.708969
vn 0.542694 -0.446004 -0.711733
vn 0.797579 -0.051689 -0.600995
vn 0.542694 -0.446004 -0.711733
vn 0.790222 -0.069693 -0.608844
vn -0.315289 -0.840567 -0.440499
vn -0.628125 -0.755453 -0.186414
vn -0.344145 -0.839045 -0.421387
vn -0.315289 -0.840567 -0.440499
vn -0.607536 -0.766817 -0.207103
vn -0.628125 -0.755453 -0.186414
vn -0.607536 -0.766817 -0.207103
vn -0.849924 -0.512997 0.120265
vn -0.628125 -0.755453 -0.186414
vn -0.607536 -0.766817 -0.207103
vn -0.843952 -0.525466 0.107842
vn -0.849924 -0.512997 0.120265
vn -0.843952 -0.525466 0.107842
vn -0.896267 -0.115464 0.428221
vn -0.849924 -0.512997 0.120265
vn -0.843952 -0.525466 0.107842
vn -0.895420 -0.110287 0.431345
vn -0.896267 -0.115464 0.428221
vn -0.895420 -0.110287 0.431345
vn -0.727514 0.299755 0.617147
vn -0.896267 -0.115464 0.428221
vn -0.895420 -0.110287 0.431345
vn -0.713163 0.320908 0.623230
vn -0.727514 0.299755 0.617147
vn -0.713163 0.320908 0.623230
vn -0.448188 0.603928 0.659089
vn -0.727514 0.299755 0.617147
vn -0.713163 0.320908 0.623230
vn -0.421811 0.624566 0.657261
vn -0.448188 0.603928 0.659089
vn -0.421811 0.624566 0.657261
vn -0.149563 0.785503 0.600513
vn -0.448188 0.603928 0.659089
vn -0.421811 0.624566 0.657261
vn -0.118503 0.798553 0.590144
vn -0.149563 0.785503 0.600513
vn -0.118503 0.798553 0.590144
vn 0.145014 0.869238 0.472648
vn -0.149563 0.785503 0.600513
vn -0.118503 0.798553 0.590144
vn 0.176758 0.872841 0.454868
vn 0.145014 0.869238 0.472648
vn 0.176758 0.872841 0.454868
vn 0.436694 0.856362 0.275576
vn 0.145014 0.869238 0.472648
vn 0.176758 0.872841 0.454868
vn 0.464623 0.848854 0.252136
vn 0.436694 0.856362 0.275576
vn 0.464623 0.848854 0.252136
vn 0.705744 0.708453 -0.004450
vn 0.436694 0.856362 0.275576
vn 0.464623 0.848854 0.252136
vn 0.721115 0.692330 -0.025916
vn 0.705744 0.708453 -0.004450
vn 0.721115 0.692330 -0.025916
vn 0.861403 0.376128 -0.341340
vn 0.705744 0.708453 -0.004450
vn 0.721115 0.692330 -0.025916
vn 0.862183 0.369610 -0.346453
vn 0.861403 0.376128 -0.341340
vn 0.862183 0.369610 -0.346453
vn 0.790222 -0.069693 -0.608844
vn 0.861403 0.376128 -0.341340
vn 0.862183 0.369610 -0.346453
vn 0.797579 -0.051689 -0.600995
vn 0.790222 -0.069693 -0.608844
vn 0.304566 -0.543944 0.781898
vn 0.304566 -0.543944 0.781898
vn 0.304566 -0.543944 0.781898
vn 0.304566 -0.543944 0.781898
vn 0.304566 -0.543944 0.781898
vn 0.304566 -0.543944 0.781898
vn 0.304566 -0.543944 0.781898
vn 0.304566 -0.543944 0.781898
vn 0.304566 -0.543944 0.781898
vn 0.304566 -0.543944 0.781898
vn 0.304566 -0.543944 0.781898
vn 0.304566 -0.543944 0.781898
vn 0.304566 -0.543944 0.781898
vn 0.304566 -0.543944 0.781898
vn 0.304566 -0.543944 0.781898
vn 0.304566 -0.543944 0.781898
vn 0.304566 -0.543944 0.781898
vn 0.304566 -0.543944 0.781898
vn 0.304566 -0.543944 0.781898
vn 0.304566 -0.543944 0.781898
vn 0.304566 -0.543944 0.781898
vn 0.304566 -0.543944 0.781898
vn 0.304566 -0.543944 0.781898
vn 0.304566 -0.543944 0.781898
vn 0.304566 -0.543944 0.781898
vn 0.304566 -0.543944 0.781898
vn 0.304566 -0.543944 0.781898
vn 0.304566 -0.543944 0.781898
vn 0.304566 -0.543944 0.781898
vn 0.304566 -0.543944 0.781898
vn 0.304566 -0.543944 0.781898
vn 0.304566 -0.543944 0.781898
vn 0.304566 -0.543944 0.781898
vn 0.304566 -0.543944 0.781898
vn 0.304566 -0.543944 0.781898
vn 0.304566 -0.543944 0.781898
vn 0.304566 -0.543944 0.781898
vn 0.304566 -0.543944 0.781898
vn 0.304566 -0.543944 0.781898
vn -0.304561 0.543934 -0.781907
vn -0.304561 0.543934 -0.781907
vn -0.304561 0.543934 -0.781907
vn -0.304561 0.543934 -0.781907
vn -0.304561 0.543934 -0.781907
vn -0.304561 0.543934 -0.781907
vn -0.304561 0.543934 -0.781907
vn -0.304561 0.543934 -0.781907
vn -0.304561 0.543934 -0.781907
vn -0.304561 0.543934 -0.781907
vn -0.304561 0.543934 -0.781907
vn -0.304561 0.543934 -0.781907
vn -0.304561 0.543934 -0.781907
vn -0.304561 0.543934 -0.781907
vn -0.304561 0.543934 -0.781907
vn -0.304561 0.543934 -0.781907
vn -0.304561 0.543934 -0.781907
vn -0.304561 0.543934 -0.781907
vn -0.304561 0.543934 -0.781907
vn -0.304561 0.543934 -0.781907
vn -0.304561 0.543934 -0.781907
vn -0.304561 0.543934 -0.781907
vn -0.304561 0.543934 -0.781907
vn -0.304561 0.543934 -0.781907
vn -0.304561 0.543934 -0.781907
vn -0.304561 0.543934 -0.781907
vn -0.304561 0.543934 -0.781907
vn -0.304561 0.543934 -0.781907
vn -0.304561 0.543934 -0.781907
vn -0.304561 0.543934 -0.781907
vn -0.304561 0.543934 -0.781907
vn -0.304561 0.543934 -0.781907
vn -0.304561 0.543934 -0.781907
vn -0.304561 0.543934 -0.781907
vn -0.304561 0.543934 -0.781907
vn -0.304561 0.543934 -0.781907
vn -0.304561 0.543934 -0.781907
vn -0.304561 0.543934 -0.781907
vn -0.304561 0.543934 -0.781907
vn -0.199774 -0.801272 -0.563963
vn -0.199774 -0.801272 -0.563963
vn -0.199774 -0.801272 -0.563963
vn -0.199774 -0.801272 -0.563963
vn -0.199774 -0.801272 -0.563963
vn -0.199774 -0.801272 -0.563963
vn -0.487633 -0.798488 -0.353030
vn -0.487633 -0.798488 -0.353031
vn -0.487633 -0.798488 -0.353031
vn -0.487633 -0.798488 -0.353030
vn -0.487633 -0.798488 -0.353031
vn -0.487633 -0.798488 -0.353031
vn -0.747527 -0.662203 -0.051871
vn -0.747527 -0.662203 -0.051871
vn -0.747527 -0.662203 -0.051871
vn -0.747527 -0.662203 -0.051871
vn -0.747527 -0.662203 -0.051871
vn -0.747527 -0.662203 -0.051871
vn -0.747527 -0.662203 -0.051871
vn -0.747527 -0.662203 -0.051871
vn -0.730889 -0.682254 -0.018183
vn -0.747527 -0.662203 -0.051871
vn -0.730889 -0.682254 -0.018183
vn -0.730889 -0.682254 -0.018183
vn -0.730889 -0.682254 -0.018183
vn -0.730889 -0.682254 -0.018183
vn -0.738758 -0.673124 -0.033783
vn -0.730889 -0.682254 -0.018183
vn -0.738758 -0.673124 -0.033783
vn -0.738758 -0.673124 -0.033783
vn -0.884581 -0.349696 0.308593
vn -0.884581 -0.349696 0.308593
vn -0.884581 -0.349696 0.308593
vn -0.884581 -0.349696 0.308593
vn -0.884581 -0.349696 0.308593
vn -0.884581 -0.349696 0.308593
vn -0.884581 -0.349696 0.308593
vn -0.884581 -0.349696 0.308593
vn -0.903315 -0.328115 0.276338
vn -0.884581 -0.349696 0.308593
vn -0.903315 -0.328115 0.276338
vn -0.903315 -0.328115 0.276338
vn -0.903315 -0.328115 0.276338
vn -0.903315 -0.328115 0.276338
vn -0.892283 -0.341145 0.295722
vn -0.903315 -0.328115 0.276338
vn -0.892283 -0.341145 0.295722
vn -0.892283 -0.341145 0.295722
vn -0.798950 0.067226 0.597629
vn -0.798950 0.067226 0.597629
vn -0.798950 0.067226 0.597629
vn -0.798950 0.067226 0.597629
vn -0.798950 0.067226 0.597629
vn -0.798950 0.067226 0.597629
vn -0.549228 0.425195 0.719415
vn -0.549228 0.425195 0.719415
vn -0.549228 0.425195 0.719415
vn -0.549228 0.425195 0.719415
vn -0.549228 0.425195 0.719415
vn -0.549228 0.425195 0.719415
vn -0.253874 0.662022 0.705177
vn -0.253874 0.662022 0.705177
vn -0.253874 0.662022 0.705177
vn -0.253874 0.662022 0.705177
vn -0.253874 0.662022 0.705177
vn -0.253874 0.662022 0.705177
vn 0.039924 0.796208 0.603704
vn 0.039924 0.796208 0.603704
vn 0.039924 0.796208 0.603704
vn 0.039924 0.796208 0.603704
vn 0.039924 0.796208 0.603704
vn 0.039924 0.796208 0.603704
vn 0.328775 0.841466 0.428767
vn 0.328775 0.841466 0.428767
vn 0.328775 0.841466 0.428767
vn 0.328775 0.841466 0.428767
vn 0.328775 0.841466 0.428767
vn 0.328775 0.841466 0.428767
vn 0.605330 0.777767 0.169277
vn 0.605330 0.777767 0.169277
vn 0.605330 0.777767 0.169277
vn 0.605330 0.777767 0.169277
vn 0.605330 0.777767 0.169277
vn 0.605330 0.777767 0.169277
vn 0.813159 0.555580 -0.173503
vn 0.813159 0.555580 -0.173503
vn 0.813159 0.555580 -0.173503
vn 0.813159 0.555580 -0.173503
vn 0.813159 0.555580 -0.173503
vn 0.813159 0.555580 -0.173503
vn 0.813159 0.555580 -0.173503
vn 0.813159 0.555580 -0.173503
vn 0.823263 0.545621 -0.156642
vn 0.813159 0.555580 -0.173503
vn 0.823263 0.545621 -0.156642
vn 0.823263 0.545621 -0.156642
vn 0.823263 0.545621 -0.156642
vn 0.823263 0.545621 -0.156642
vn 0.819265 0.549646 -0.163383
vn 0.823263 0.545621 -0.156642
vn 0.819265 0.549646 -0.163383
vn 0.819265 0.549646 -0.163383
vn 0.839909 0.175232 -0.513659
vn 0.839909 0.175232 -0.513659
vn 0.839909 0.175232 -0.513659
vn 0.839909 0.175232 -0.513659
vn 0.839909 0.175232 -0.513659
vn 0.839909 0.175232 -0.513659
vn 0.660090 -0.226148 -0.716337
vn 0.660090 -0.226148 -0.716337
vn 0.660090 -0.226148 -0.716336
vn 0.660090 -0.226148 -0.716337
vn 0.660090 -0.226148 -0.716337
vn 0.660090 -0.226148 -0.716337
vn 0.382988 -0.524515 -0.760397
vn 0.382988 -0.524515 -0.760397
vn 0.382988 -0.524515 -0.760397
vn 0.382988 -0.524515 -0.760397
vn 0.382988 -0.524515 -0.760397
vn 0.382988 -0.524515 -0.760397
vn 0.090378 -0.709262 -0.699128
vn 0.090378 -0.709262 -0.699128
vn 0.090378 -0.709262 -0.699128
vn 0.090378 -0.709262 -0.699128
vn 0.090378 -0.709262 -0.699128
vn 0.090378 -0.709262 -0.699128
vn -0.152701 -0.883397 -0.443049
vn -0.152701 -0.883397 -0.443048
vn -0.152701 -0.883397 -0.443048
vn -0.152701 -0.883397 -0.443049
vn -0.152701 -0.883397 -0.443049
vn -0.152701 -0.883397 -0.443048
vn -0.450892 -0.852321 -0.265038
vn -0.450892 -0.852321 -0.265038
vn -0.450892 -0.852321 -0.265038
vn -0.450892 -0.852321 -0.265038
vn -0.450892 -0.852321 -0.265038
vn -0.450892 -0.852321 -0.265038
vn -0.848392 0.134280 0.512054
vn -0.848392 0.134280 0.512054
vn -0.848393 0.134280 0.512054
vn -0.848392 0.134280 0.512054
vn -0.848392 0.134280 0.512054
vn -0.848392 0.134280 0.512054
vn -0.605846 0.518752 0.603197
vn -0.605846 0.518752 0.603197
vn -0.605846 0.518752 0.603197
vn -0.605846 0.518752 0.603197
vn -0.605846 0.518752 0.603197
vn -0.605846 0.518752 0.603197
vn -0.305891 0.756009 0.578689
vn -0.305891 0.756009 0.578689
vn -0.305891 0.756009 0.578689
vn -0.305891 0.756009 0.578689
vn -0.305891 0.756009 0.578689
vn -0.305891 0.756009 0.578689
vn -0.005658 0.874554 0.484895
vn -0.005658 0.874554 0.484895
vn -0.005658 0.874554 0.484895
vn -0.005658 0.874554 0.484895
vn -0.005658 0.874554 0.484895
vn -0.005658 0.874554 0.484895
vn 0.291132 0.895779 0.335890
vn 0.291132 0.895779 0.335890
vn 0.291132 0.895779 0.335890
vn 0.291132 0.895779 0.335890
vn 0.291132 0.895779 0.335890
vn 0.291132 0.895779 0.335890
vn 0.583115 0.803021 0.123017
vn 0.583115 0.803021 0.123017
vn 0.583115 0.803021 0.123017
vn 0.583115 0.803021 0.123017
vn 0.583115 0.803021 0.123017
vn 0.583115 0.803021 0.123017
vn 0.583115 0.803021 0.123017
vn 0.583115 0.803021 0.123017
vn 0.596076 0.788864 0.149621
vn 0.583115 0.803021 0.123017
vn 0.596076 0.788864 0.149621
vn 0.596076 0.788864 0.149621
vn 0.890853 0.119078 -0.438408
vn 0.890853 0.119078 -0.438408
vn 0.890853 0.119078 -0.438408
vn 0.890853 0.119078 -0.438408
vn 0.890853 0.119078 -0.438408
vn 0.890853 0.119078 -0.438408
vn 0.728872 -0.323954 -0.603158
vn 0.728872 -0.323954 -0.603158
vn 0.728872 -0.323954 -0.603158
vn 0.728872 -0.323954 -0.603158
vn 0.728872 -0.323954 -0.603158
vn 0.728872 -0.323954 -0.603158
vn 0.447504 -0.636725 -0.627950
vn 0.447504 -0.636725 -0.627950
vn 0.447504 -0.636725 -0.627950
vn 0.447504 -0.636725 -0.627950
vn 0.447504 -0.636725 -0.627950
vn 0.447504 -0.636725 -0.627950
vn 0.145838 -0.812666 -0.564186
vn 0.145838 -0.812666 -0.564186
vn 0.145838 -0.812666 -0.564186
vn 0.145838 -0.812666 -0.564186
vn 0.145838 -0.812666 -0.564186
vn 0.145838 -0.812666 -0.564186
vn -0.177377 -0.843719 -0.506632
vn -0.177377 -0.843719 -0.506631
vn -0.177377 -0.843719 -0.506631
vn -0.177377 -0.843719 -0.506632
vn -0.177377 -0.843719 -0.506632
vn -0.177377 -0.843719 -0.506631
vn -0.470139 -0.826406 -0.309874
vn -0.470139 -0.826406 -0.309874
vn -0.470139 -0.826406 -0.309874
vn -0.470139 -0.826406 -0.309874
vn -0.470139 -0.826406 -0.309874
vn -0.470139 -0.826406 -0.309874
vn -0.822293 0.097078 0.560722
vn -0.822293 0.097078 0.560722
vn -0.822293 0.097078 0.560722
vn -0.822293 0.097078 0.560722
vn -0.822293 0.097078 0.560722
vn -0.822293 0.097078 0.560722
vn -0.576550 0.468835 0.669166
vn -0.576550 0.468835 0.669166
vn -0.576550 0.468835 0.669166
vn -0.576550 0.468835 0.669166
vn -0.576550 0.468835 0.669166
vn -0.576550 0.468835 0.669166
vn -0.278470 0.707151 0.649917
vn -0.278470 0.707151 0.649917
vn -0.278470 0.707151 0.649917
vn -0.278470 0.707151 0.649917
vn -0.278470 0.707151 0.649917
vn -0.278470 0.707151 0.649917
vn 0.019221 0.834225 0.551089
vn 0.019221 0.834225 0.551089
vn 0.019221 0.834225 0.551089
vn 0.019221 0.834225 0.551089
vn 0.019221 0.834225 0.551089
vn 0.019221 0.834225 0.551089
vn 0.312287 0.867388 0.387447
vn 0.312287 0.867388 0.387447
vn 0.312287 0.867388 0.387447
vn 0.312287 0.867388 0.387447
vn 0.312287 0.867388 0.387447
vn 0.312287 0.867388 0.387447
vn 0.866243 0.147765 -0.477273
vn 0.866243 0.147765 -0.477273
vn 0.866243 0.147765 -0.477273
vn 0.866243 0.147765 -0.477273
vn 0.866243 0.147765 -0.477273
vn 0.866243 0.147765 -0.477273
vn 0.695538 -0.274116 -0.664144
vn 0.695538 -0.274116 -0.664144
vn 0.695538 -0.274116 -0.664144
vn 0.695538 -0.274116 -0.664144
vn 0.695538 -0.274116 -0.664144
vn 0.695538 -0.274116 -0.664144
vn 0.415702 -0.580801 -0.699902
vn 0.415702 -0.580801 -0.699902
vn 0.415702 -0.580801 -0.699902
vn 0.415702 -0.580801 -0.699902
vn 0.415702 -0.580801 -0.699902
vn 0.415702 -0.580801 -0.699902
vn 0.117578 -0.762163 -0.636618
vn 0.117578 -0.762163 -0.636618
vn 0.117578 -0.762163 -0.636618
vn 0.117578 -0.762163 -0.636618
vn 0.117578 -0.762163 -0.636618
vn 0.117578 -0.762163 -0.636618
s off
g cherry_tree group1 pCylinder8
usemtl pCylinder2SG
f 526/1647/3079 528/1649/3080 527/1648/3081
f 526/1647/3082 527/1648/3083 529/1650/3084
f 530/1651/3085 526/1647/3086 529/1650/3087
f 530/1651/3088 529/1650/3089 531/1652/3090
f 532/1653/3091 530/1651/3092 531/1652/3093
f 532/1653/3094 531/1652/3095 533/1654/3096
f 534/1655/3097 532/1653/3098 533/1654/3099
f 534/1655/3100 533/1654/3101 535/1656/3102
f 528/1657/3103 536/1659/3104 527/1658/3105
f 528/1657/3106 537/1660/3107 536/1659/3108
f 537/1660/3109 538/1661/3110 536/1659/3111
f 537/1660/3112 539/1662/3113 538/1661/3114
f 539/1662/3115 540/1663/3116 538/1661/3117
f 539/1662/3118 541/1664/3119 540/1663/3120
f 541/1665/3121 542/1667/3122 540/1666/3123
f 541/1665/3124 543/1668/3125 542/1667/3126
f 543/1668/3127 544/1669/3128 542/1667/3129
f 543/1668/3130 545/1670/3131 544/1669/3132
f 545/1670/3133 546/1671/3134 544/1669/3135
f 545/1670/3136 547/1672/3137 546/1671/3138
f 547/1672/3139 548/1673/3140 546/1671/3141
f 547/1672/3142 549/1674/3143 548/1673/3144
f 549/1674/3145 550/1675/3146 548/1673/3147
f 549/1674/3148 551/1676/3149 550/1675/3150
f 551/1677/3151 552/1679/3152 550/1678/3153
f 551/1677/3154 553/1680/3155 552/1679/3156
f 553/1680/3157 554/1681/3158 552/1679/3159
f 553/1680/3160 555/1682/3161 554/1681/3162
f 555/1682/3163 535/1683/3164 554/1681/3165
f 555/1682/3166 534/1684/3167 535/1683/3168
f 553/1685/3169 534/1687/3170 555/1686/3171
f 534/1687/3172 553/1685/3173 532/1688/3174
f 532/1688/3175 553/1685/3176 551/1689/3177
f 532/1688/3178 551/1689/3179 530/1690/3180
f 530/1690/3181 551/1689/3182 549/1691/3183
f 530/1690/3184 549/1691/3185 526/1692/3186
f 526/1692/3187 549/1691/3188 547/1693/3189
f 526/1692/3190 547/1693/3191 528/1694/3192
f 528/1694/3193 547/1693/3194 545/1695/3195
f 528/1694/3196 545/1695/3197 537/1696/3198
f 537/1696/3199 545/1695/3200 543/1697/3201
f 537/1696/3202 543/1697/3203 539/1698/3204
f 539/1698/3205 543/1697/3206 541/1699/3207
f 556/1700/3208 558/1702/3209 557/1701/3210
f 558/1702/3211 556/1700/3212 559/1703/3213
f 558/1702/3214 559/1703/3215 560/1704/3216
f 560/1704/3217 559/1703/3218 561/1705/3219
f 560/1704/3220 561/1705/3221 562/1706/3222
f 562/1706/3223 561/1705/3224 563/1707/3225
f 562/1706/3226 563/1707/3227 564/1708/3228
f 564/1708/3229 563/1707/3230 565/1709/3231
f 564/1708/3232 565/1709/3233 566/1710/3234
f 566/1710/3235 565/1709/3236 567/1711/3237
f 566/1710/3238 567/1711/3239 568/1712/3240
f 568/1712/3241 567/1711/3242 569/1713/3243
f 568/1712/3244 569/1713/3245 570/1714/3246
f 529/1715/3247 572/1717/3248 571/1716/3249
f 529/1715/3250 527/1718/3251 572/1717/3252
f 527/1719/3253 573/1721/3254 572/1720/3255
f 527/1719/3256 536/1722/3257 573/1721/3258
f 536/1723/3259 538/1725/3260 574/1724/3261
f 536/1723/3262 574/1724/3263 573/1726/3264
f 573/1726/3265 574/1724/3266 575/1727/3267
f 573/1726/3268 575/1727/3269 576/1728/3270
f 576/1728/3271 575/1727/3272 569/1729/3273
f 576/1728/3274 569/1729/3275 567/1730/3276
f 538/1731/3277 540/1733/3278 577/1732/3279
f 538/1731/3280 577/1732/3281 574/1734/3282
f 574/1734/3283 577/1732/3284 578/1735/3285
f 574/1734/3286 578/1735/3287 575/1736/3288
f 575/1736/3289 578/1735/3290 570/1737/3291
f 575/1736/3292 570/1737/3293 569/1738/3294
f 540/1739/3295 579/1741/3296 577/1740/3297
f 540/1739/3298 542/1742/3299 579/1741/3300
f 542/1743/3301 580/1745/3302 579/1744/3303
f 542/1743/3304 544/1746/3305 580/1745/3306
f 544/1747/3307 581/1749/3308 580/1748/3309
f 544/1747/3310 546/1750/3311 581/1749/3312
f 546/1751/3313 582/1753/3314 581/1752/3315
f 546/1751/3316 548/1754/3317 582/1753/3318
f 548/1755/3319 583/1757/3320 582/1756/3321
f 548/1755/3322 550/1758/3323 583/1757/3324
f 550/1759/3325 584/1761/3326 583/1760/3327
f 550/1759/3328 552/1762/3329 584/1761/3330
f 552/1763/3331 554/1765/3332 585/1764/3333
f 552/1763/3334 585/1764/3335 584/1766/3336
f 584/1766/3337 585/1764/3338 586/1767/3339
f 584/1766/3340 586/1767/3341 587/1768/3342
f 587/1768/3343 586/1767/3344 557/1769/3345
f 587/1768/3346 557/1769/3347 558/1770/3348
f 554/1771/3349 588/1773/3350 585/1772/3351
f 554/1771/3352 535/1774/3353 588/1773/3354
f 535/1775/3355 589/1777/3356 588/1776/3357
f 535/1775/3358 533/1778/3359 589/1777/3360
f 533/1779/3361 590/1781/3362 589/1780/3363
f 533/1779/3364 531/1782/3365 590/1781/3366
f 531/1783/3367 571/1785/3368 590/1784/3369
f 531/1783/3370 529/1786/3371 571/1785/3372
f 571/1787/3373 592/1789/3374 591/1788/3375
f 571/1787/3376 572/1790/3377 592/1789/3378
f 572/1791/3379 576/1793/3380 592/1792/3381
f 572/1791/3382 573/1794/3383 576/1793/3384
f 577/1795/3385 593/1797/3386 578/1796/3387
f 577/1795/3388 579/1798/3389 593/1797/3390
f 579/1799/3391 594/1801/3392 593/1800/3393
f 579/1799/3394 580/1802/3395 594/1801/3396
f 580/1803/3397 595/1805/3398 594/1804/3399
f 580/1803/3400 581/1806/3401 595/1805/3402
f 581/1807/3403 596/1809/3404 595/1808/3405
f 581/1807/3406 582/1810/3407 596/1809/3408
f 582/1811/3409 597/1813/3410 596/1812/3411
f 582/1811/3412 583/1814/3413 597/1813/3414
f 583/1815/3415 584/1817/3416 587/1816/3417
f 583/1815/3418 587/1816/3419 597/1818/3420
f 597/1818/3421 587/1816/3422 558/1819/3423
f 597/1818/3424 558/1819/3425 560/1820/3426
f 585/1821/3427 598/1823/3428 586/1822/3429
f 585/1821/3430 588/1824/3431 598/1823/3432
f 588/1825/3433 599/1827/3434 598/1826/3435
f 588/1825/3436 589/1828/3437 599/1827/3438
f 589/1829/3439 600/1831/3440 599/1830/3441
f 589/1829/3442 590/1832/3443 600/1831/3444
f 590/1833/3445 591/1835/3446 600/1834/3447
f 590/1833/3448 571/1836/3449 591/1835/3450
f 591/1837/3451 565/1839/3452 563/1838/3453
f 591/1837/3454 592/1840/3455 565/1839/3456
f 592/1841/3457 567/1843/3458 565/1842/3459
f 592/1841/3460 576/1844/3461 567/1843/3462
f 578/1845/3463 568/1847/3464 570/1846/3465
f 578/1845/3466 593/1848/3467 568/1847/3468
f 593/1849/3469 566/1851/3470 568/1850/3471
f 593/1849/3472 594/1852/3473 566/1851/3474
f 594/1853/3475 564/1855/3476 566/1854/3477
f 594/1853/3478 595/1856/3479 564/1855/3480
f 595/1857/3481 562/1859/3482 564/1858/3483
f 595/1857/3484 596/1860/3485 562/1859/3486
f 596/1861/3487 560/1863/3488 562/1862/3489
f 596/1861/3490 597/1864/3491 560/1863/3492
f 586/1865/3493 556/1867/3494 557/1866/3495
f 586/1865/3496 598/1868/3497 556/1867/3498
f 598/1869/3499 559/1871/3500 556/1870/3501
f 598/1869/3502 599/1872/3503 559/1871/3504
f 599/1873/3505 561/1875/3506 559/1874/3507
f 599/1873/3508 600/1876/3509 561/1875/3510
f 600/1877/3511 563/1879/3512 561/1878/3513
f 600/1877/3514 591/1880/3515 563/1879/3516
g default
v -128.777860 318.344983 899.822222
v -143.064743 331.650348 882.171427
v -127.302263 315.703148 894.763253
v -144.401322 334.043309 886.753835
v -131.999504 319.279457 904.669664
v -147.319471 334.889780 891.144632
v -136.410155 318.344983 908.467415
v -151.314626 334.043330 894.584615
v -141.247169 315.703136 910.558801
v -155.695972 331.650338 896.478989
v -143.540833 328.124618 878.189766
v -127.827882 311.810711 890.367479
v -145.747293 324.075736 875.497296
v -130.263807 307.340734 887.394998
v -149.302597 320.203808 874.559578
v -134.188873 303.066157 886.359749
v -153.591986 317.178343 875.538761
v -138.924367 299.726034 887.440764
v -157.873791 315.522446 878.265537
v -143.651498 297.897904 890.451118
v -161.407684 315.522443 882.268386
v -147.552892 297.897893 894.870291
v -163.582584 317.178331 886.855216
v -149.953991 299.726034 899.934151
v -164.022428 320.203799 891.232924
v -150.439592 303.066157 904.767133
v -162.651189 324.075736 894.644540
v -148.925726 307.340734 908.533577
v -159.705956 328.124628 896.500178
v -145.674179 311.810723 910.582208
v -319.249184 517.559406 780.559725
v -318.472520 518.405154 780.764584
v -317.990553 519.289606 781.352720
v -317.886535 520.059775 782.222462
v -320.186130 516.898502 780.773638
v -318.178538 520.582516 783.223432
v -321.121465 516.536787 781.369288
v -318.815960 520.767390 784.182584
v -321.893399 516.536782 782.243659
v -319.688665 520.582490 784.934017
v -322.368467 516.898489 783.245620
v -320.645717 520.059762 785.347844
v -322.464554 517.559387 784.201868
v -321.521701 519.289632 785.352447
v -322.165033 518.405167 784.947114
v -178.661146 362.188144 857.790245
v -177.570560 360.235574 854.051205
v -177.959028 357.358736 850.802349
v -179.759388 354.054994 848.605422
v -214.957532 400.250246 819.253630
v -213.380266 403.144587 821.178306
v -265.665914 456.240811 777.643978
v -264.497629 458.384703 779.069613
v -182.660368 350.895706 847.840271
v -217.499033 397.482437 818.583285
v -267.548436 454.190720 777.147445
v -186.160312 348.427072 848.639246
v -189.654089 347.075935 850.864169
v -192.537571 347.075935 854.130323
v -194.312197 348.427060 857.872968
v -194.671096 350.895719 861.444982
v -193.552222 354.055029 864.228705
v -227.041247 400.250265 832.940963
v -228.021475 397.482437 830.502180
v -274.616389 456.240849 787.782256
v -275.342429 454.190719 785.975833
v -191.149049 357.358725 865.742828
v -224.935844 403.144556 834.267467
v -273.056916 458.384716 788.764797
v -187.877086 360.235574 865.725530
v -184.302094 362.188144 864.179815
v -181.042234 362.878795 861.372932
v -213.995385 407.375561 827.300304
v -213.039916 405.664972 824.024598
v -220.565283 395.319657 819.283256
v -223.626144 394.135967 821.232462
v -226.152335 394.135955 824.093893
v -227.707040 395.319688 827.372790
v -222.069320 405.664972 834.252312
v -218.937340 407.375561 832.898116
v -216.081401 407.980621 830.439068
v -264.245545 460.251533 781.177853
v -264.953259 461.518605 783.604176
v -269.819618 452.588756 777.665932
v -272.086795 451.711985 779.109734
v -273.957952 451.711973 781.229201
v -275.109515 452.588730 783.657908
v -270.933649 460.251508 788.753595
v -268.613780 461.518604 787.750530
v -266.498383 461.966784 785.929082
vt 0.430526 0.001992
vt 0.443151 0.087844
vt 0.446468 0.001992
vt 0.428710 0.087844
vt 0.411250 0.001992
vt 0.411250 0.087844
vt 0.391975 0.001992
vt 0.393791 0.087844
vt 0.376032 0.001992
vt 0.379350 0.087844
vt 0.520299 0.998008
vt 0.517360 0.912156
vt 0.501902 0.912156
vt 0.503233 0.998008
vt 0.484150 0.912156
vt 0.483635 0.998008
vt 0.467174 0.912156
vt 0.464893 0.998008
vt 0.001545 0.001992
vt 0.005412 0.087844
vt 0.017355 0.087844
vt 0.014731 0.001992
vt 0.033662 0.087844
vt 0.032734 0.001992
vt 0.051512 0.087844
vt 0.052440 0.001992
vt 0.067818 0.087844
vt 0.070442 0.001992
vt 0.079762 0.087844
vt 0.083628 0.001992
vt 0.180989 0.001992
vt 0.183270 0.087844
vt 0.200246 0.087844
vt 0.199731 0.001992
vt 0.217998 0.087844
vt 0.219329 0.001992
vt 0.233456 0.087844
vt 0.236395 0.001992
vt 0.741548 0.004052
vt 0.721950 0.001992
vt 0.703209 0.008082
vt 0.758614 0.013905
vt 0.688564 0.021267
vt 0.770197 0.029847
vt 0.680549 0.039270
vt 0.774294 0.049123
vt 0.680549 0.058976
vt 0.770197 0.068398
vt 0.688564 0.076978
vt 0.758614 0.084341
vt 0.703209 0.090164
vt 0.741548 0.094194
vt 0.721950 0.096253
vt 0.659380 0.019438
vt 0.663088 0.020643
vt 0.666966 0.020235
vt 0.670343 0.018286
vt 0.656482 0.016829
vt 0.672634 0.015131
vt 0.654896 0.013267
vt 0.673445 0.011317
vt 0.654896 0.009368
vt 0.672634 0.007504
vt 0.656482 0.005806
vt 0.670343 0.004349
vt 0.659380 0.003197
vt 0.666966 0.002400
vt 0.663088 0.001992
vt 0.428710 0.087844
vt 0.425497 0.263039
vt 0.437280 0.263039
vt 0.443151 0.087844
vt 0.517360 0.912156
vt 0.494012 0.736960
vt 0.481398 0.736960
vt 0.501902 0.912156
vt 0.501902 0.912156
vt 0.466914 0.736961
vt 0.484150 0.912156
vt 0.481398 0.736960
vt 0.485563 0.520274
vt 0.498253 0.520274
vt 0.486482 0.232088
vt 0.495882 0.232088
vt 0.484150 0.912156
vt 0.453062 0.736960
vt 0.467174 0.912156
vt 0.466914 0.736961
vt 0.473428 0.520274
vt 0.485563 0.520274
vt 0.477493 0.232088
vt 0.486482 0.232088
vt 0.005412 0.087844
vt 0.012254 0.263039
vt 0.021999 0.263039
vt 0.017355 0.087844
vt 0.017355 0.087844
vt 0.021999 0.263039
vt 0.035305 0.263039
vt 0.033662 0.087844
vt 0.033662 0.087844
vt 0.035305 0.263039
vt 0.049869 0.263039
vt 0.051512 0.087844
vt 0.051512 0.087844
vt 0.049869 0.263039
vt 0.063174 0.263039
vt 0.067818 0.087844
vt 0.067818 0.087844
vt 0.063174 0.263039
vt 0.072920 0.263039
vt 0.079762 0.087844
vt 0.183270 0.087844
vt 0.183010 0.263039
vt 0.200246 0.087844
vt 0.169158 0.263039
vt 0.201659 0.479726
vt 0.189524 0.479726
vt 0.202578 0.767912
vt 0.193590 0.767912
vt 0.200246 0.087844
vt 0.197494 0.263039
vt 0.217998 0.087844
vt 0.183010 0.263039
vt 0.214349 0.479726
vt 0.201659 0.479726
vt 0.211978 0.767912
vt 0.202578 0.767912
vt 0.217998 0.087844
vt 0.197494 0.263039
vt 0.210108 0.263039
vt 0.233456 0.087844
vt 0.379350 0.087844
vt 0.385221 0.263039
vt 0.397004 0.263039
vt 0.393791 0.087844
vt 0.393791 0.087844
vt 0.397004 0.263039
vt 0.411250 0.263039
vt 0.411250 0.087844
vt 0.411250 0.087844
vt 0.411250 0.263039
vt 0.425497 0.263039
vt 0.428710 0.087844
vt 0.425497 0.263039
vt 0.423731 0.479726
vt 0.434054 0.479726
vt 0.437280 0.263039
vt 0.494012 0.736960
vt 0.509304 0.520274
vt 0.498253 0.520274
vt 0.481398 0.736960
vt 0.012254 0.263039
vt 0.016012 0.479726
vt 0.024550 0.479726
vt 0.021999 0.263039
vt 0.021999 0.263039
vt 0.024550 0.479726
vt 0.036207 0.479726
vt 0.035305 0.263039
vt 0.035305 0.263039
vt 0.036207 0.479726
vt 0.048967 0.479726
vt 0.049869 0.263039
vt 0.049869 0.263039
vt 0.048967 0.479726
vt 0.060623 0.479726
vt 0.063174 0.263039
vt 0.063174 0.263039
vt 0.060623 0.479726
vt 0.069161 0.479726
vt 0.072920 0.263039
vt 0.197494 0.263039
vt 0.214349 0.479726
vt 0.225400 0.479726
vt 0.210108 0.263039
vt 0.385221 0.263039
vt 0.388447 0.479726
vt 0.398769 0.479726
vt 0.397004 0.263039
vt 0.397004 0.263039
vt 0.398769 0.479726
vt 0.411250 0.479725
vt 0.411250 0.263039
vt 0.411250 0.263039
vt 0.411250 0.479725
vt 0.423731 0.479726
vt 0.425497 0.263039
vt 0.423731 0.479726
vt 0.428141 0.767912
vt 0.434054 0.479726
vt 0.420495 0.767912
vt 0.306848 0.998008
vt 0.303693 0.998008
vt 0.509304 0.520274
vt 0.504067 0.232088
vt 0.495882 0.232088
vt 0.498253 0.520274
vt 0.016012 0.479726
vt 0.022903 0.767912
vt 0.029227 0.767912
vt 0.024550 0.479726
vt 0.024550 0.479726
vt 0.029227 0.767912
vt 0.037861 0.767912
vt 0.036207 0.479726
vt 0.036207 0.479726
vt 0.037861 0.767912
vt 0.047312 0.767912
vt 0.048967 0.479726
vt 0.048967 0.479726
vt 0.047312 0.767912
vt 0.055946 0.767912
vt 0.060623 0.479726
vt 0.060623 0.479726
vt 0.055946 0.767912
vt 0.062271 0.767912
vt 0.069161 0.479726
vt 0.214349 0.479726
vt 0.211978 0.767912
vt 0.220162 0.767912
vt 0.225400 0.479726
vt 0.388447 0.479726
vt 0.394359 0.767912
vt 0.402006 0.767912
vt 0.398769 0.479726
vt 0.398769 0.479726
vt 0.402006 0.767912
vt 0.411250 0.767912
vt 0.411250 0.479725
vt 0.411250 0.479725
vt 0.411250 0.767912
vt 0.420495 0.767912
vt 0.423731 0.479726
vt 0.504067 0.232088
vt 0.571021 0.001992
vt 0.567644 0.001992
vt 0.495882 0.232088
vt 0.495882 0.232088
vt 0.567644 0.001992
vt 0.563767 0.001992
vt 0.486482 0.232088
vt 0.585804 0.145293
vt 0.663088 0.020643
vt 0.659380 0.019438
vt 0.576815 0.142372
vt 0.022903 0.767912
vt 0.145837 0.998008
vt 0.148446 0.998008
vt 0.029227 0.767912
vt 0.029227 0.767912
vt 0.148446 0.998008
vt 0.152008 0.998008
vt 0.037861 0.767912
vt 0.037861 0.767912
vt 0.152008 0.998008
vt 0.155907 0.998008
vt 0.047312 0.767912
vt 0.047312 0.767912
vt 0.155907 0.998008
vt 0.159469 0.998008
vt 0.055946 0.767912
vt 0.055946 0.767912
vt 0.159469 0.998008
vt 0.162078 0.998008
vt 0.062271 0.767912
vt 0.193590 0.767912
vt 0.276154 0.998008
vt 0.279863 0.998008
vt 0.202578 0.767912
vt 0.202578 0.767912
vt 0.279863 0.998008
vt 0.283740 0.998008
vt 0.211978 0.767912
vt 0.211978 0.767912
vt 0.283740 0.998008
vt 0.287117 0.998008
vt 0.220162 0.767912
vt 0.394359 0.767912
vt 0.292911 0.998008
vt 0.296065 0.998008
vt 0.402006 0.767912
vt 0.402006 0.767912
vt 0.296065 0.998008
vt 0.299879 0.998008
vt 0.411250 0.767912
vt 0.411250 0.767912
vt 0.299879 0.998008
vt 0.303693 0.998008
vt 0.420495 0.767912
vn 0.681999 0.728870 0.060211
vn 0.785856 0.542827 -0.296261
vn 0.785846 0.542890 -0.296170
vn 0.681999 0.728870 0.060211
vn 0.785846 0.542890 -0.296170
vn 0.681974 0.728889 0.060264
vn 0.455064 0.794680 0.401747
vn 0.681999 0.728870 0.060211
vn 0.681974 0.728889 0.060264
vn 0.455064 0.794680 0.401747
vn 0.681974 0.728889 0.060264
vn 0.455064 0.794680 0.401747
vn 0.144297 0.728870 0.669274
vn 0.455064 0.794680 0.401747
vn 0.455064 0.794680 0.401747
vn 0.144297 0.728870 0.669274
vn 0.455064 0.794680 0.401747
vn 0.144346 0.728889 0.669242
vn -0.196550 0.542826 0.816522
vn 0.144297 0.728870 0.669274
vn 0.144346 0.728889 0.669242
vn -0.196550 0.542826 0.816522
vn 0.144346 0.728889 0.669242
vn -0.196460 0.542889 0.816501
vn 0.785856 0.542827 -0.296261
vn 0.748718 0.268834 -0.605929
vn 0.785846 0.542890 -0.296170
vn 0.785856 0.542827 -0.296261
vn 0.748681 0.268730 -0.606021
vn 0.748718 0.268834 -0.605929
vn 0.748681 0.268730 -0.606021
vn 0.577001 -0.045894 -0.815453
vn 0.748718 0.268834 -0.605929
vn 0.748681 0.268730 -0.606021
vn 0.576918 -0.046007 -0.815505
vn 0.577001 -0.045894 -0.815453
vn 0.576918 -0.046007 -0.815505
vn 0.300380 -0.346879 -0.888508
vn 0.577001 -0.045894 -0.815453
vn 0.576918 -0.046007 -0.815505
vn 0.300283 -0.346964 -0.888508
vn 0.300380 -0.346879 -0.888508
vn 0.300283 -0.346964 -0.888508
vn -0.033316 -0.582072 -0.812454
vn 0.300380 -0.346879 -0.888508
vn 0.300283 -0.346964 -0.888508
vn -0.033389 -0.582112 -0.812423
vn -0.033316 -0.582072 -0.812454
vn -0.033389 -0.582112 -0.812423
vn -0.366384 -0.710800 -0.600438
vn -0.033316 -0.582072 -0.812454
vn -0.033389 -0.582112 -0.812423
vn -0.366408 -0.710805 -0.600418
vn -0.366384 -0.710800 -0.600438
vn -0.366408 -0.710805 -0.600418
vn -0.641227 -0.710800 -0.289120
vn -0.366384 -0.710800 -0.600438
vn -0.366408 -0.710805 -0.600418
vn -0.641210 -0.710805 -0.289146
vn -0.641227 -0.710800 -0.289120
vn -0.641210 -0.710805 -0.289146
vn -0.810317 -0.582072 0.067664
vn -0.641227 -0.710800 -0.289120
vn -0.641210 -0.710805 -0.289146
vn -0.810295 -0.582112 0.067588
vn -0.810317 -0.582072 0.067664
vn -0.810295 -0.582112 0.067588
vn -0.844415 -0.346879 0.408215
vn -0.810317 -0.582072 0.067664
vn -0.810295 -0.582112 0.067588
vn -0.844426 -0.346964 0.408118
vn -0.844415 -0.346879 0.408215
vn -0.844426 -0.346964 0.408118
vn -0.737629 -0.045894 0.673644
vn -0.844415 -0.346879 0.408215
vn -0.844426 -0.346964 0.408118
vn -0.737691 -0.046007 0.673569
vn -0.737629 -0.045894 0.673644
vn -0.737691 -0.046007 0.673569
vn -0.508434 0.268834 0.818061
vn -0.737629 -0.045894 0.673644
vn -0.737691 -0.046007 0.673569
vn -0.508529 0.268730 0.818036
vn -0.508434 0.268834 0.818061
vn -0.508529 0.268730 0.818036
vn -0.196460 0.542889 0.816501
vn -0.508434 0.268834 0.818061
vn -0.508529 0.268730 0.818036
vn -0.196550 0.542826 0.816522
vn -0.196460 0.542889 0.816501
vn 0.571578 -0.647046 0.504610
vn 0.571578 -0.647046 0.504610
vn 0.571578 -0.647046 0.504610
vn 0.571578 -0.647046 0.504610
vn 0.571578 -0.647046 0.504610
vn 0.571578 -0.647046 0.504610
vn 0.571578 -0.647046 0.504610
vn 0.571578 -0.647046 0.504610
vn 0.571578 -0.647046 0.504610
vn 0.571578 -0.647046 0.504610
vn 0.571578 -0.647046 0.504610
vn 0.571578 -0.647046 0.504610
vn 0.571578 -0.647046 0.504610
vn 0.571578 -0.647046 0.504610
vn 0.571578 -0.647046 0.504610
vn 0.571578 -0.647046 0.504610
vn 0.571578 -0.647046 0.504610
vn 0.571578 -0.647046 0.504610
vn 0.571578 -0.647046 0.504610
vn 0.571578 -0.647046 0.504610
vn 0.571578 -0.647046 0.504610
vn 0.571578 -0.647046 0.504610
vn 0.571578 -0.647046 0.504610
vn 0.571578 -0.647046 0.504610
vn 0.571578 -0.647046 0.504610
vn 0.571578 -0.647046 0.504610
vn 0.571578 -0.647046 0.504610
vn 0.571578 -0.647046 0.504610
vn 0.571578 -0.647046 0.504610
vn 0.571578 -0.647046 0.504610
vn 0.571578 -0.647046 0.504610
vn 0.571578 -0.647046 0.504610
vn 0.571578 -0.647046 0.504610
vn 0.571578 -0.647046 0.504610
vn 0.571578 -0.647046 0.504610
vn 0.571578 -0.647046 0.504610
vn 0.571578 -0.647046 0.504610
vn 0.571578 -0.647046 0.504610
vn 0.571578 -0.647046 0.504610
vn -0.571578 0.647046 -0.504610
vn -0.571578 0.647046 -0.504610
vn -0.571578 0.647046 -0.504610
vn -0.571578 0.647046 -0.504610
vn -0.571578 0.647046 -0.504610
vn -0.571578 0.647046 -0.504610
vn -0.571578 0.647046 -0.504610
vn -0.571578 0.647046 -0.504610
vn -0.571578 0.647046 -0.504610
vn -0.571578 0.647046 -0.504610
vn -0.571578 0.647046 -0.504610
vn -0.571578 0.647046 -0.504610
vn -0.571578 0.647046 -0.504610
vn -0.571578 0.647046 -0.504610
vn -0.571578 0.647046 -0.504610
vn -0.571578 0.647046 -0.504610
vn -0.571578 0.647046 -0.504610
vn -0.571578 0.647046 -0.504610
vn -0.571578 0.647046 -0.504610
vn -0.571578 0.647046 -0.504610
vn -0.571578 0.647046 -0.504610
vn -0.571578 0.647046 -0.504610
vn -0.571578 0.647046 -0.504610
vn -0.571578 0.647046 -0.504610
vn -0.571578 0.647046 -0.504610
vn -0.571578 0.647046 -0.504610
vn -0.571578 0.647046 -0.504610
vn -0.571578 0.647046 -0.504610
vn -0.571578 0.647046 -0.504610
vn -0.571578 0.647046 -0.504610
vn -0.571578 0.647046 -0.504610
vn -0.571578 0.647046 -0.504610
vn -0.571578 0.647046 -0.504610
vn -0.571578 0.647046 -0.504610
vn -0.571578 0.647046 -0.504610
vn -0.571578 0.647046 -0.504610
vn -0.571578 0.647046 -0.504610
vn -0.571578 0.647046 -0.504610
vn -0.571578 0.647046 -0.504610
vn 0.702858 0.693728 -0.157264
vn 0.702858 0.693728 -0.157264
vn 0.702858 0.693728 -0.157264
vn 0.702858 0.693728 -0.157264
vn 0.702858 0.693728 -0.157264
vn 0.702858 0.693728 -0.157264
vn 0.757555 0.441109 -0.481179
vn 0.757555 0.441109 -0.481179
vn 0.757555 0.441109 -0.481179
vn 0.757555 0.441109 -0.481179
vn 0.757555 0.441109 -0.481179
vn 0.757555 0.441109 -0.481179
vn 0.676513 0.115038 -0.727390
vn 0.676513 0.115038 -0.727390
vn 0.676513 0.115038 -0.727390
vn 0.676513 0.115038 -0.727390
vn 0.676513 0.115038 -0.727390
vn 0.676513 0.115038 -0.727390
vn 0.676513 0.115038 -0.727390
vn 0.676513 0.115038 -0.727390
vn 0.702680 0.086689 -0.706205
vn 0.676513 0.115038 -0.727390
vn 0.702680 0.086689 -0.706205
vn 0.702680 0.086689 -0.706205
vn 0.702680 0.086689 -0.706205
vn 0.702680 0.086689 -0.706205
vn 0.693232 0.097115 -0.714141
vn 0.702680 0.086689 -0.706205
vn 0.693232 0.097115 -0.714141
vn 0.693232 0.097115 -0.714141
vn 0.472504 -0.227667 -0.851415
vn 0.472504 -0.227667 -0.851415
vn 0.472504 -0.227667 -0.851415
vn 0.472504 -0.227667 -0.851415
vn 0.472504 -0.227667 -0.851415
vn 0.472504 -0.227667 -0.851415
vn 0.472504 -0.227667 -0.851415
vn 0.472504 -0.227667 -0.851415
vn 0.453042 -0.205928 -0.867379
vn 0.472504 -0.227667 -0.851415
vn 0.453042 -0.205928 -0.867379
vn 0.453042 -0.205928 -0.867379
vn 0.453042 -0.205928 -0.867379
vn 0.453042 -0.205928 -0.867379
vn 0.463882 -0.217995 -0.858657
vn 0.453042 -0.205928 -0.867379
vn 0.463882 -0.217995 -0.858657
vn 0.463882 -0.217995 -0.858657
vn 0.181424 -0.526115 -0.830836
vn 0.181424 -0.526115 -0.830836
vn 0.181424 -0.526115 -0.830836
vn 0.181424 -0.526115 -0.830836
vn 0.181424 -0.526115 -0.830836
vn 0.181424 -0.526115 -0.830836
vn -0.145135 -0.728024 -0.670013
vn -0.145135 -0.728024 -0.670013
vn -0.145135 -0.728024 -0.670013
vn -0.145135 -0.728024 -0.670013
vn -0.145135 -0.728024 -0.670013
vn -0.145135 -0.728024 -0.670013
vn -0.450562 -0.799231 -0.397773
vn -0.450562 -0.799231 -0.397773
vn -0.450562 -0.799231 -0.397773
vn -0.450562 -0.799231 -0.397773
vn -0.450562 -0.799231 -0.397773
vn -0.450562 -0.799231 -0.397773
vn -0.682836 -0.728024 -0.060953
vn -0.682836 -0.728024 -0.060952
vn -0.682836 -0.728024 -0.060953
vn -0.682836 -0.728024 -0.060953
vn -0.682836 -0.728024 -0.060953
vn -0.682836 -0.728024 -0.060952
vn -0.801935 -0.526113 0.283028
vn -0.801935 -0.526113 0.283028
vn -0.801935 -0.526113 0.283028
vn -0.801935 -0.526113 0.283028
vn -0.801935 -0.526113 0.283028
vn -0.801935 -0.526113 0.283028
vn -0.786269 -0.227667 0.574412
vn -0.786269 -0.227667 0.574412
vn -0.786269 -0.227667 0.574412
vn -0.786269 -0.227667 0.574412
vn -0.786269 -0.227667 0.574412
vn -0.786269 -0.227667 0.574412
vn -0.786269 -0.227667 0.574412
vn -0.786269 -0.227667 0.574412
vn -0.804523 -0.205929 0.557079
vn -0.786269 -0.227667 0.574412
vn -0.804523 -0.205929 0.557079
vn -0.804523 -0.205929 0.557079
vn -0.804523 -0.205929 0.557079
vn -0.804523 -0.205929 0.557079
vn -0.794525 -0.217998 0.566752
vn -0.804523 -0.205929 0.557079
vn -0.794525 -0.217998 0.566752
vn -0.794525 -0.217998 0.566752
vn -0.637909 0.115037 0.761471
vn -0.637909 0.115037 0.761471
vn -0.637909 0.115037 0.761471
vn -0.637909 0.115037 0.761471
vn -0.637909 0.115037 0.761471
vn -0.637909 0.115037 0.761471
vn -0.637909 0.115037 0.761471
vn -0.637909 0.115037 0.761471
vn -0.613643 0.086690 0.784810
vn -0.637909 0.115037 0.761471
vn -0.613643 0.086690 0.784810
vn -0.613643 0.086690 0.784810
vn -0.613643 0.086690 0.784810
vn -0.613643 0.086690 0.784810
vn -0.622689 0.097116 0.776419
vn -0.613643 0.086690 0.784810
vn -0.622689 0.097116 0.776419
vn -0.622689 0.097116 0.776419
vn -0.383550 0.441108 0.811365
vn -0.383550 0.441108 0.811365
vn -0.383550 0.441108 0.811365
vn -0.383550 0.441108 0.811365
vn -0.383550 0.441108 0.811365
vn -0.383550 0.441108 0.811365
vn -0.068916 0.693727 0.716933
vn -0.068916 0.693727 0.716933
vn -0.068916 0.693727 0.716933
vn -0.068916 0.693727 0.716933
vn -0.068916 0.693727 0.716933
vn -0.068916 0.693727 0.716933
vn 0.251382 0.830898 0.496402
vn 0.251382 0.830898 0.496402
vn 0.251382 0.830898 0.496402
vn 0.251382 0.830898 0.496402
vn 0.251382 0.830898 0.496402
vn 0.251382 0.830898 0.496402
vn 0.523739 0.830898 0.187900
vn 0.523739 0.830898 0.187900
vn 0.523739 0.830898 0.187900
vn 0.523739 0.830898 0.187900
vn 0.523739 0.830898 0.187900
vn 0.523739 0.830898 0.187900
vn 0.808124 0.584873 -0.069713
vn 0.808124 0.584873 -0.069713
vn 0.808124 0.584873 -0.069713
vn 0.808124 0.584873 -0.069713
vn 0.808124 0.584873 -0.069713
vn 0.808124 0.584873 -0.069713
vn 0.828282 0.366643 -0.423701
vn 0.828282 0.366643 -0.423700
vn 0.828282 0.366643 -0.423701
vn 0.828282 0.366643 -0.423701
vn 0.828282 0.366643 -0.423701
vn 0.828282 0.366643 -0.423700
vn 0.123592 -0.459827 -0.879366
vn 0.123592 -0.459827 -0.879366
vn 0.123592 -0.459827 -0.879366
vn 0.123592 -0.459827 -0.879366
vn 0.123592 -0.459827 -0.879366
vn 0.123592 -0.459827 -0.879366
vn -0.227931 -0.631299 -0.741289
vn -0.227931 -0.631299 -0.741289
vn -0.227931 -0.631299 -0.741289
vn -0.227931 -0.631299 -0.741289
vn -0.227931 -0.631299 -0.741289
vn -0.227931 -0.631299 -0.741289
vn -0.541363 -0.691739 -0.477936
vn -0.541363 -0.691739 -0.477936
vn -0.541363 -0.691739 -0.477936
vn -0.541363 -0.691739 -0.477936
vn -0.541363 -0.691739 -0.477936
vn -0.541363 -0.691739 -0.477936
vn -0.763829 -0.631298 -0.134270
vn -0.763829 -0.631298 -0.134270
vn -0.763829 -0.631298 -0.134270
vn -0.763829 -0.631298 -0.134270
vn -0.763829 -0.631298 -0.134270
vn -0.763829 -0.631298 -0.134270
vn -0.857260 -0.459827 0.231656
vn -0.857260 -0.459827 0.231656
vn -0.857260 -0.459827 0.231656
vn -0.857260 -0.459827 0.231656
vn -0.857260 -0.459827 0.231656
vn -0.857260 -0.459827 0.231656
vn -0.317747 0.366642 0.874420
vn -0.317747 0.366642 0.874420
vn -0.317747 0.366642 0.874420
vn -0.317747 0.366642 0.874420
vn -0.317747 0.366642 0.874420
vn -0.317747 0.366642 0.874420
vn 0.031011 0.584873 0.810532
vn 0.031011 0.584873 0.810532
vn 0.031011 0.584873 0.810532
vn 0.031011 0.584873 0.810532
vn 0.031011 0.584873 0.810532
vn 0.031011 0.584873 0.810532
vn 0.371887 0.703944 0.605115
vn 0.371887 0.703944 0.605115
vn 0.371887 0.703944 0.605115
vn 0.371887 0.703944 0.605115
vn 0.371887 0.703944 0.605115
vn 0.371887 0.703944 0.605115
vn 0.646551 0.703944 0.293999
vn 0.646551 0.703944 0.293999
vn 0.646551 0.703944 0.293999
vn 0.646551 0.703944 0.293999
vn 0.646551 0.703944 0.293999
vn 0.646551 0.703944 0.293999
vn 0.765864 0.633927 -0.107654
vn 0.765864 0.633927 -0.107654
vn 0.765864 0.633927 -0.107654
vn 0.765864 0.633927 -0.107654
vn 0.765864 0.633927 -0.107654
vn 0.765864 0.633927 -0.107654
vn 0.765864 0.633927 -0.107654
vn 0.765864 0.633927 -0.107654
vn 0.736851 0.663166 -0.131384
vn 0.765864 0.633927 -0.107654
vn 0.736851 0.663166 -0.131384
vn 0.736851 0.663166 -0.131384
vn 0.800051 0.398458 -0.448498
vn 0.800051 0.398458 -0.448498
vn 0.800051 0.398458 -0.448498
vn 0.800051 0.398458 -0.448498
vn 0.800051 0.398457 -0.448498
vn 0.800051 0.398458 -0.448498
vn 0.151654 -0.492393 -0.857059
vn 0.151654 -0.492393 -0.857059
vn 0.151654 -0.492393 -0.857059
vn 0.151654 -0.492393 -0.857059
vn 0.151654 -0.492393 -0.857059
vn 0.151654 -0.492393 -0.857059
vn -0.189463 -0.678630 -0.709623
vn -0.189463 -0.678630 -0.709623
vn -0.189463 -0.678630 -0.709623
vn -0.189463 -0.678630 -0.709623
vn -0.189463 -0.678630 -0.709623
vn -0.189463 -0.678630 -0.709623
vn -0.500485 -0.744504 -0.441846
vn -0.500485 -0.744504 -0.441846
vn -0.500485 -0.744504 -0.441846
vn -0.500485 -0.744504 -0.441846
vn -0.500485 -0.744504 -0.441846
vn -0.500485 -0.744504 -0.441846
vn -0.727640 -0.678628 -0.100021
vn -0.727640 -0.678628 -0.100021
vn -0.727640 -0.678628 -0.100021
vn -0.727640 -0.678628 -0.100021
vn -0.727640 -0.678628 -0.100021
vn -0.727640 -0.678628 -0.100021
vn -0.831646 -0.492393 0.256737
vn -0.831646 -0.492393 0.256737
vn -0.831646 -0.492393 0.256737
vn -0.831646 -0.492393 0.256737
vn -0.831646 -0.492393 0.256737
vn -0.831646 -0.492393 0.256737
vn -0.345852 0.398458 0.849481
vn -0.345852 0.398458 0.849481
vn -0.345852 0.398458 0.849481
vn -0.345852 0.398458 0.849481
vn -0.345852 0.398458 0.849481
vn -0.345852 0.398458 0.849481
vn -0.011878 0.633926 0.773302
vn -0.011878 0.633926 0.773302
vn -0.011878 0.633926 0.773302
vn -0.011878 0.633926 0.773302
vn -0.011878 0.633926 0.773302
vn -0.011878 0.633926 0.773302
vn 0.321481 0.762801 0.561057
vn 0.321481 0.762801 0.561057
vn 0.321481 0.762801 0.561057
vn 0.321481 0.762801 0.561057
vn 0.321481 0.762801 0.561057
vn 0.321481 0.762801 0.561057
vn 0.596585 0.762801 0.249443
vn 0.596585 0.762801 0.249443
vn 0.596585 0.762801 0.249443
vn 0.596585 0.762801 0.249443
vn 0.596585 0.762801 0.249443
vn 0.596585 0.762801 0.249443
vn 0.609128 0.556190 -0.565345
vn 0.609128 0.556190 -0.565345
vn 0.609128 0.556190 -0.565345
vn 0.609128 0.556190 -0.565345
vn 0.609128 0.556190 -0.565345
vn 0.609128 0.556190 -0.565345
vn 0.376021 0.362232 -0.852875
vn 0.376021 0.362232 -0.852875
vn 0.376021 0.362232 -0.852875
vn 0.376021 0.362232 -0.852875
vn 0.376021 0.362232 -0.852875
vn 0.376021 0.362232 -0.852875
vn 0.106915 0.140234 -0.984329
vn 0.106915 0.140234 -0.984329
vn 0.106915 0.140234 -0.984329
vn 0.106915 0.140234 -0.984329
vn 0.106915 0.140234 -0.984329
vn 0.106915 0.140234 -0.984329
vn -0.166081 -0.082587 -0.982648
vn -0.166081 -0.082587 -0.982648
vn -0.166081 -0.082587 -0.982648
vn -0.166081 -0.082587 -0.982648
vn -0.166082 -0.082587 -0.982648
vn -0.166081 -0.082587 -0.982648
vn -0.429435 -0.295083 -0.853529
vn -0.429435 -0.295083 -0.853529
vn -0.429435 -0.295083 -0.853529
vn -0.429435 -0.295083 -0.853529
vn -0.429435 -0.295083 -0.853529
vn -0.429435 -0.295083 -0.853529
vn -0.658528 -0.477855 -0.581373
vn -0.658528 -0.477855 -0.581373
vn -0.658528 -0.477856 -0.581373
vn -0.658528 -0.477855 -0.581373
vn -0.658528 -0.477855 -0.581373
vn -0.658528 -0.477855 -0.581373
vn -0.794198 -0.584689 -0.165495
vn -0.794198 -0.584689 -0.165495
vn -0.794198 -0.584689 -0.165495
vn -0.794198 -0.584689 -0.165495
vn -0.794198 -0.584689 -0.165495
vn -0.794198 -0.584689 -0.165495
vn -0.766801 -0.561500 0.311021
vn -0.766801 -0.561500 0.311021
vn -0.766801 -0.561500 0.311021
vn -0.766801 -0.561500 0.311021
vn -0.766801 -0.561500 0.311021
vn -0.766801 -0.561500 0.311021
vn -0.581053 -0.412442 0.701618
vn -0.581053 -0.412442 0.701618
vn -0.581053 -0.412442 0.701618
vn -0.581053 -0.412442 0.701618
vn -0.581053 -0.412442 0.701618
vn -0.581053 -0.412442 0.701618
vn -0.313623 -0.197526 0.928775
vn -0.313623 -0.197526 0.928775
vn -0.313623 -0.197526 0.928775
vn -0.313623 -0.197526 0.928775
vn -0.313623 -0.197526 0.928775
vn -0.313623 -0.197526 0.928775
vn -0.025857 0.035398 0.999039
vn -0.025857 0.035398 0.999039
vn -0.025857 0.035398 0.999039
vn -0.025857 0.035398 0.999039
vn -0.025857 0.035398 0.999039
vn -0.025857 0.035398 0.999039
vn 0.256450 0.266073 0.929214
vn 0.256450 0.266073 0.929214
vn 0.256450 0.266073 0.929214
vn 0.256450 0.266073 0.929214
vn 0.256450 0.266073 0.929214
vn 0.256450 0.266073 0.929214
vn 0.512974 0.477600 0.713272
vn 0.512973 0.477600 0.713272
vn 0.512974 0.477600 0.713272
vn 0.512974 0.477600 0.713272
vn 0.512973 0.477600 0.713272
vn 0.512973 0.477600 0.713272
vn 0.697048 0.630346 0.341741
vn 0.697048 0.630346 0.341741
vn 0.697048 0.630346 0.341741
vn 0.697048 0.630346 0.341741
vn 0.697048 0.630346 0.341741
vn 0.697048 0.630346 0.341741
s off
g cherry_tree group1 pCylinder9
usemtl pCylinder2SG
f 601/1881/3517 603/1883/3518 602/1882/3519
f 601/1881/3520 602/1882/3521 604/1884/3522
f 605/1885/3523 601/1881/3524 604/1884/3525
f 605/1885/3526 604/1884/3527 606/1886/3528
f 607/1887/3529 605/1885/3530 606/1886/3531
f 607/1887/3532 606/1886/3533 608/1888/3534
f 609/1889/3535 607/1887/3536 608/1888/3537
f 609/1889/3538 608/1888/3539 610/1890/3540
f 603/1891/3541 611/1893/3542 602/1892/3543
f 603/1891/3544 612/1894/3545 611/1893/3546
f 612/1894/3547 613/1895/3548 611/1893/3549
f 612/1894/3550 614/1896/3551 613/1895/3552
f 614/1896/3553 615/1897/3554 613/1895/3555
f 614/1896/3556 616/1898/3557 615/1897/3558
f 616/1899/3559 617/1901/3560 615/1900/3561
f 616/1899/3562 618/1902/3563 617/1901/3564
f 618/1902/3565 619/1903/3566 617/1901/3567
f 618/1902/3568 620/1904/3569 619/1903/3570
f 620/1904/3571 621/1905/3572 619/1903/3573
f 620/1904/3574 622/1906/3575 621/1905/3576
f 622/1906/3577 623/1907/3578 621/1905/3579
f 622/1906/3580 624/1908/3581 623/1907/3582
f 624/1908/3583 625/1909/3584 623/1907/3585
f 624/1908/3586 626/1910/3587 625/1909/3588
f 626/1911/3589 627/1913/3590 625/1912/3591
f 626/1911/3592 628/1914/3593 627/1913/3594
f 628/1914/3595 629/1915/3596 627/1913/3597
f 628/1914/3598 630/1916/3599 629/1915/3600
f 630/1916/3601 610/1917/3602 629/1915/3603
f 630/1916/3604 609/1918/3605 610/1917/3606
f 612/1919/3607 616/1921/3608 614/1920/3609
f 616/1921/3610 612/1919/3611 603/1922/3612
f 616/1921/3613 603/1922/3614 618/1923/3615
f 618/1923/3616 603/1922/3617 601/1924/3618
f 618/1923/3619 601/1924/3620 620/1925/3621
f 620/1925/3622 601/1924/3623 605/1926/3624
f 620/1925/3625 605/1926/3626 622/1927/3627
f 622/1927/3628 605/1926/3629 607/1928/3630
f 622/1927/3631 607/1928/3632 624/1929/3633
f 624/1929/3634 607/1928/3635 609/1930/3636
f 624/1929/3637 609/1930/3638 626/1931/3639
f 626/1931/3640 609/1930/3641 630/1932/3642
f 626/1931/3643 630/1932/3644 628/1933/3645
f 631/1934/3646 633/1936/3647 632/1935/3648
f 633/1936/3649 631/1934/3650 634/1937/3651
f 634/1937/3652 631/1934/3653 635/1938/3654
f 634/1937/3655 635/1938/3656 636/1939/3657
f 636/1939/3658 635/1938/3659 637/1940/3660
f 636/1939/3661 637/1940/3662 638/1941/3663
f 638/1941/3664 637/1940/3665 639/1942/3666
f 638/1941/3667 639/1942/3668 640/1943/3669
f 640/1943/3670 639/1942/3671 641/1944/3672
f 640/1943/3673 641/1944/3674 642/1945/3675
f 642/1945/3676 641/1944/3677 643/1946/3678
f 642/1945/3679 643/1946/3680 644/1947/3681
f 644/1947/3682 643/1946/3683 645/1948/3684
f 604/1949/3685 647/1951/3686 646/1950/3687
f 604/1949/3688 602/1952/3689 647/1951/3690
f 602/1953/3691 648/1955/3692 647/1954/3693
f 602/1953/3694 611/1956/3695 648/1955/3696
f 611/1957/3697 613/1959/3698 649/1958/3699
f 611/1957/3700 649/1958/3701 648/1960/3702
f 648/1960/3703 649/1958/3704 650/1961/3705
f 648/1960/3706 650/1961/3707 651/1962/3708
f 651/1962/3709 650/1961/3710 652/1963/3711
f 651/1962/3712 652/1963/3713 653/1964/3714
f 613/1965/3715 615/1967/3716 654/1966/3717
f 613/1965/3718 654/1966/3719 649/1968/3720
f 649/1968/3721 654/1966/3722 655/1969/3723
f 649/1968/3724 655/1969/3725 650/1970/3726
f 650/1970/3727 655/1969/3728 656/1971/3729
f 650/1970/3730 656/1971/3731 652/1972/3732
f 615/1973/3733 657/1975/3734 654/1974/3735
f 615/1973/3736 617/1976/3737 657/1975/3738
f 617/1977/3739 658/1979/3740 657/1978/3741
f 617/1977/3742 619/1980/3743 658/1979/3744
f 619/1981/3745 659/1983/3746 658/1982/3747
f 619/1981/3748 621/1984/3749 659/1983/3750
f 621/1985/3751 660/1987/3752 659/1986/3753
f 621/1985/3754 623/1988/3755 660/1987/3756
f 623/1989/3757 661/1991/3758 660/1990/3759
f 623/1989/3760 625/1992/3761 661/1991/3762
f 625/1993/3763 627/1995/3764 662/1994/3765
f 625/1993/3766 662/1994/3767 661/1996/3768
f 661/1996/3769 662/1994/3770 663/1997/3771
f 661/1996/3772 663/1997/3773 664/1998/3774
f 664/1998/3775 663/1997/3776 665/1999/3777
f 664/1998/3778 665/1999/3779 666/2000/3780
f 627/2001/3781 629/2003/3782 667/2002/3783
f 627/2001/3784 667/2002/3785 662/2004/3786
f 662/2004/3787 667/2002/3788 668/2005/3789
f 662/2004/3790 668/2005/3791 663/2006/3792
f 663/2006/3793 668/2005/3794 669/2007/3795
f 663/2006/3796 669/2007/3797 665/2008/3798
f 629/2009/3799 670/2011/3800 667/2010/3801
f 629/2009/3802 610/2012/3803 670/2011/3804
f 610/2013/3805 671/2015/3806 670/2014/3807
f 610/2013/3808 608/2016/3809 671/2015/3810
f 608/2017/3811 672/2019/3812 671/2018/3813
f 608/2017/3814 606/2020/3815 672/2019/3816
f 606/2021/3817 646/2023/3818 672/2022/3819
f 606/2021/3820 604/2024/3821 646/2023/3822
f 646/2025/3823 674/2027/3824 673/2026/3825
f 646/2025/3826 647/2028/3827 674/2027/3828
f 647/2029/3829 651/2031/3830 674/2030/3831
f 647/2029/3832 648/2032/3833 651/2031/3834
f 654/2033/3835 675/2035/3836 655/2034/3837
f 654/2033/3838 657/2036/3839 675/2035/3840
f 657/2037/3841 676/2039/3842 675/2038/3843
f 657/2037/3844 658/2040/3845 676/2039/3846
f 658/2041/3847 677/2043/3848 676/2042/3849
f 658/2041/3850 659/2044/3851 677/2043/3852
f 659/2045/3853 678/2047/3854 677/2046/3855
f 659/2045/3856 660/2048/3857 678/2047/3858
f 660/2049/3859 664/2051/3860 678/2050/3861
f 660/2049/3862 661/2052/3863 664/2051/3864
f 667/2053/3865 679/2055/3866 668/2054/3867
f 667/2053/3868 670/2056/3869 679/2055/3870
f 670/2057/3871 680/2059/3872 679/2058/3873
f 670/2057/3874 671/2060/3875 680/2059/3876
f 671/2061/3877 681/2063/3878 680/2062/3879
f 671/2061/3880 672/2064/3881 681/2063/3882
f 672/2065/3883 673/2067/3884 681/2066/3885
f 672/2065/3886 646/2068/3887 673/2067/3888
f 673/2069/3889 674/2071/3890 682/2070/3891
f 673/2069/3892 682/2070/3893 683/2072/3894
f 683/2072/3895 682/2070/3896 634/2073/3897
f 683/2072/3898 634/2073/3899 636/2074/3900
f 674/2075/3901 653/2077/3902 682/2076/3903
f 674/2075/3904 651/2078/3905 653/2077/3906
f 655/2079/3907 684/2081/3908 656/2080/3909
f 655/2079/3910 675/2082/3911 684/2081/3912
f 675/2083/3913 685/2085/3914 684/2084/3915
f 675/2083/3916 676/2086/3917 685/2085/3918
f 676/2087/3919 686/2089/3920 685/2088/3921
f 676/2087/3922 677/2090/3923 686/2089/3924
f 677/2091/3925 687/2093/3926 686/2092/3927
f 677/2091/3928 678/2094/3929 687/2093/3930
f 678/2095/3931 666/2097/3932 687/2096/3933
f 678/2095/3934 664/2098/3935 666/2097/3936
f 668/2099/3937 688/2101/3938 669/2100/3939
f 668/2099/3940 679/2102/3941 688/2101/3942
f 679/2103/3943 689/2105/3944 688/2104/3945
f 679/2103/3946 680/2106/3947 689/2105/3948
f 680/2107/3949 690/2109/3950 689/2108/3951
f 680/2107/3952 681/2110/3953 690/2109/3954
f 681/2111/3955 683/2113/3956 690/2112/3957
f 681/2111/3958 673/2114/3959 683/2113/3960
f 682/2115/3961 633/2117/3962 634/2116/3963
f 682/2115/3964 653/2118/3965 633/2117/3966
f 653/2119/3967 632/2121/3968 633/2120/3969
f 653/2119/3970 652/2122/3971 632/2121/3972
f 652/2123/3973 631/2125/3974 632/2124/3975
f 652/2123/3976 656/2126/3977 631/2125/3978
f 656/2127/3979 635/2129/3980 631/2128/3981
f 656/2127/3982 684/2130/3983 635/2129/3984
f 684/2131/3985 637/2133/3986 635/2132/3987
f 684/2131/3988 685/2134/3989 637/2133/3990
f 685/2135/3991 639/2137/3992 637/2136/3993
f 685/2135/3994 686/2138/3995 639/2137/3996
f 686/2139/3997 641/2141/3998 639/2140/3999
f 686/2139/4000 687/2142/4001 641/2141/4002
f 687/2143/4003 643/2145/4004 641/2144/4005
f 687/2143/4006 666/2146/4007 643/2145/4008
f 666/2147/4009 645/2149/4010 643/2148/4011
f 666/2147/4012 665/2150/4013 645/2149/4014
f 665/2151/4015 644/2153/4016 645/2152/4017
f 665/2151/4018 669/2154/4019 644/2153/4020
f 669/2155/4021 642/2157/4022 644/2156/4023
f 669/2155/4024 688/2158/4025 642/2157/4026
f 688/2159/4027 640/2161/4028 642/2160/4029
f 688/2159/4030 689/2162/4031 640/2161/4032
f 689/2163/4033 638/2165/4034 640/2164/4035
f 689/2163/4036 690/2166/4037 638/2165/4038
f 690/2167/4039 636/2169/4040 638/2168/4041
f 690/2167/4042 683/2170/4043 636/2169/4044
g default
v -138.132434 349.146473 903.641621
v -143.215458 365.396873 888.052217
v -141.271807 350.721668 906.498584
v -140.371824 363.970086 885.464395
v -134.049775 348.585106 902.361191
v -136.673772 363.461629 884.304571
v -129.729748 349.134637 902.878711
v -132.760713 363.959373 884.773321
v -125.919332 350.699910 905.104707
v -129.309250 365.377220 886.789619
v -144.712976 367.495232 891.620586
v -142.925065 353.038201 910.438095
v -144.605436 369.902303 895.552559
v -142.806340 355.695643 914.778994
v -142.911436 372.201926 899.168223
v -140.936164 358.234432 918.770673
v -139.923889 373.996511 901.842383
v -137.637912 360.215633 921.722919
v -136.159367 374.975672 903.112637
v -133.481872 361.296653 923.125312
v -132.268784 374.970174 902.759424
v -129.186671 361.290579 922.735322
v -128.924872 373.980950 900.843701
v -125.494979 360.198445 920.620429
v -126.705804 372.179007 897.696846
v -123.045126 358.209100 917.146298
v -125.995289 369.875970 893.862891
v -122.260719 355.666590 912.913593
v -126.916185 367.470056 890.004766
v -123.277384 353.010399 908.654228
v -169.577472 522.794667 673.801665
v -168.808807 522.688954 673.560620
v -167.995457 522.792407 673.658032
v -167.278049 523.087084 674.077134
v -170.168538 523.091176 674.339585
v -166.780631 523.522084 674.745435
v -170.479807 523.527333 675.081284
v -166.589221 524.022206 675.547368
v -170.457454 524.027699 675.898579
v -166.736908 524.500903 676.344282
v -170.105342 524.505668 676.650122
v -167.198158 524.875414 676.998364
v -169.484367 524.878647 677.205933
v -167.893207 525.081039 677.396548
v -168.701889 525.082201 677.469976
v -145.104680 402.795498 846.435924
v -147.424952 403.959682 848.547516
v -148.646853 405.671809 851.459191
v -148.559108 407.635891 854.667482
v -154.554389 434.880182 808.157555
v -154.631267 433.159479 805.346772
v -162.093783 482.681055 743.934984
v -162.150725 481.406426 741.853075
v -147.176883 409.512294 857.617672
v -153.343444 436.524042 810.742142
v -161.196822 483.898643 745.849471
v -144.739176 410.976557 859.799659
v -141.667498 411.775539 860.836129
v -138.492950 411.771052 860.547950
v -135.764461 410.963862 858.984840
v -133.953806 409.493557 856.417110
v -133.374054 407.614406 853.288815
v -134.125464 405.651240 850.140748
v -141.909281 433.141473 804.191712
v -141.250986 434.861353 806.949654
v -152.727485 481.393120 740.997499
v -152.239884 482.667078 743.040345
v -136.078105 403.943598 847.517281
v -138.894332 402.786709 845.872135
v -142.087225 402.380581 845.489611
v -151.528012 430.639551 800.946007
v -153.560771 431.659479 802.795929
v -151.207804 437.806909 812.653772
v -148.516746 438.506861 813.561822
v -145.735577 438.502924 813.309304
v -143.345187 437.795770 811.939881
v -141.758895 436.507684 809.690354
v -152.616093 483.886528 745.070375
v -143.619957 431.645380 801.893349
v -146.087227 430.631860 800.451996
v -148.884465 430.276087 800.116929
v -159.852133 479.539971 738.593383
v -161.357802 480.295403 739.963636
v -159.614950 484.848809 747.265379
v -157.621668 485.367305 747.937987
v -155.561641 485.364375 747.750946
v -153.791065 484.840601 746.736634
v -153.994598 480.284998 739.295077
v -155.822112 479.534234 738.227494
v -157.894041 479.270716 737.979296
vt 0.134743 0.001992
vt 0.146827 0.084161
vt 0.150002 0.001992
vt 0.133005 0.084161
vt 0.116295 0.001992
vt 0.116295 0.084161
vt 0.097846 0.001992
vt 0.099584 0.084161
vt 0.082588 0.001992
vt 0.085763 0.084161
vt 0.071648 0.998008
vt 0.068835 0.915839
vt 0.054040 0.915839
vt 0.055314 0.998008
vt 0.037050 0.915839
vt 0.036557 0.998008
vt 0.020802 0.915839
vt 0.018619 0.998008
vt 0.156875 0.001992
vt 0.160575 0.084161
vt 0.172007 0.084161
vt 0.169495 0.001992
vt 0.187614 0.084161
vt 0.186725 0.001992
vt 0.204698 0.084161
vt 0.205586 0.001992
vt 0.220305 0.084161
vt 0.222816 0.001992
vt 0.231736 0.084161
vt 0.235437 0.001992
vt 0.259782 0.001992
vt 0.261965 0.084161
vt 0.278213 0.084161
vt 0.277719 0.001992
vt 0.295203 0.084161
vt 0.296477 0.001992
vt 0.309998 0.084161
vt 0.312810 0.001992
vt 0.409371 0.065550
vt 0.413293 0.047101
vt 0.409372 0.028652
vt 0.398285 0.080808
vt 0.398285 0.013394
vt 0.381952 0.090239
vt 0.381952 0.003964
vt 0.363194 0.092210
vt 0.363194 0.001992
vt 0.345257 0.086382
vt 0.345257 0.007820
vt 0.331240 0.073761
vt 0.331240 0.020441
vt 0.323569 0.056531
vt 0.323569 0.037671
vt 0.435754 0.013958
vt 0.436492 0.010485
vt 0.435754 0.007012
vt 0.433667 0.004139
vt 0.433667 0.016831
vt 0.430591 0.002363
vt 0.430591 0.018607
vt 0.427060 0.001992
vt 0.427060 0.018978
vt 0.423683 0.003089
vt 0.423683 0.017881
vt 0.421044 0.005465
vt 0.421044 0.015504
vt 0.419599 0.008709
vt 0.419599 0.012260
vt 0.133005 0.084161
vt 0.128667 0.282650
vt 0.139944 0.282650
vt 0.146827 0.084161
vt 0.068835 0.915839
vt 0.040064 0.717350
vt 0.027992 0.717350
vt 0.054040 0.915839
vt 0.054040 0.915839
vt 0.014129 0.717350
vt 0.037050 0.915839
vt 0.027992 0.717350
vt 0.038402 0.540767
vt 0.050548 0.540767
vt 0.039282 0.264943
vt 0.048278 0.264943
vt 0.069939 0.001992
vt 0.073471 0.001992
vt 0.037050 0.915839
vt 0.000871 0.717350
vt 0.020802 0.915839
vt 0.014129 0.717350
vt 0.026788 0.540767
vt 0.038402 0.540767
vt 0.030679 0.264943
vt 0.039282 0.264943
vt 0.066562 0.001992
vt 0.069939 0.001992
vt 0.160575 0.084161
vt 0.168387 0.282650
vt 0.177714 0.282650
vt 0.172007 0.084161
vt 0.172007 0.084161
vt 0.177714 0.282650
vt 0.190449 0.282650
vt 0.187614 0.084161
vt 0.187614 0.084161
vt 0.190449 0.282650
vt 0.204389 0.282650
vt 0.204698 0.084161
vt 0.204698 0.084161
vt 0.204389 0.282650
vt 0.217123 0.282650
vt 0.220305 0.084161
vt 0.220305 0.084161
vt 0.217123 0.282650
vt 0.226451 0.282650
vt 0.231736 0.084161
vt 0.261965 0.084161
vt 0.242034 0.282650
vt 0.255291 0.282650
vt 0.278213 0.084161
vt 0.278213 0.084161
vt 0.269155 0.282650
vt 0.295203 0.084161
vt 0.255291 0.282650
vt 0.291711 0.459233
vt 0.279565 0.459233
vt 0.289441 0.735057
vt 0.280444 0.735057
vt 0.314633 0.998008
vt 0.311102 0.998008
vt 0.295203 0.084161
vt 0.269155 0.282650
vt 0.281227 0.282650
vt 0.309998 0.084161
vt 0.085763 0.084161
vt 0.090119 0.282650
vt 0.101397 0.282650
vt 0.099584 0.084161
vt 0.099584 0.084161
vt 0.101397 0.282650
vt 0.115032 0.282650
vt 0.116295 0.084161
vt 0.116295 0.084161
vt 0.115032 0.282650
vt 0.128667 0.282650
vt 0.133005 0.084161
vt 0.128667 0.282650
vt 0.128240 0.459233
vt 0.138120 0.459233
vt 0.139944 0.282650
vt 0.040064 0.717350
vt 0.061124 0.540767
vt 0.050548 0.540767
vt 0.027992 0.717350
vt 0.168387 0.282650
vt 0.170721 0.459233
vt 0.178893 0.459233
vt 0.177714 0.282650
vt 0.177714 0.282650
vt 0.178893 0.459233
vt 0.190050 0.459233
vt 0.190449 0.282650
vt 0.190449 0.282650
vt 0.190050 0.459233
vt 0.202262 0.459233
vt 0.204389 0.282650
vt 0.204389 0.282650
vt 0.202262 0.459233
vt 0.213419 0.459233
vt 0.217123 0.282650
vt 0.217123 0.282650
vt 0.213419 0.459233
vt 0.221590 0.459233
vt 0.226451 0.282650
vt 0.242034 0.282650
vt 0.279565 0.459233
vt 0.255291 0.282650
vt 0.267950 0.459233
vt 0.280444 0.735057
vt 0.271841 0.735057
vt 0.269155 0.282650
vt 0.291711 0.459233
vt 0.302287 0.459233
vt 0.281227 0.282650
vt 0.090119 0.282650
vt 0.094469 0.459233
vt 0.104349 0.459233
vt 0.101397 0.282650
vt 0.101397 0.282650
vt 0.104349 0.459233
vt 0.116295 0.459233
vt 0.115032 0.282650
vt 0.115032 0.282650
vt 0.116295 0.459233
vt 0.128240 0.459233
vt 0.128667 0.282650
vt 0.128240 0.459233
vt 0.125143 0.735057
vt 0.132461 0.735057
vt 0.138120 0.459233
vt 0.061124 0.540767
vt 0.056112 0.264943
vt 0.048278 0.264943
vt 0.050548 0.540767
vt 0.170721 0.459233
vt 0.177316 0.735057
vt 0.183369 0.735057
vt 0.178893 0.459233
vt 0.178893 0.459233
vt 0.183369 0.735057
vt 0.191633 0.735057
vt 0.190050 0.459233
vt 0.190050 0.459233
vt 0.191633 0.735057
vt 0.200679 0.735057
vt 0.202262 0.459233
vt 0.202262 0.459233
vt 0.200679 0.735057
vt 0.208942 0.735057
vt 0.213419 0.459233
vt 0.213419 0.459233
vt 0.208942 0.735057
vt 0.214995 0.735057
vt 0.221590 0.459233
vt 0.291711 0.459233
vt 0.297275 0.735057
vt 0.302287 0.459233
vt 0.289441 0.735057
vt 0.317709 0.998008
vt 0.314633 0.998008
vt 0.094469 0.459233
vt 0.107447 0.735057
vt 0.104349 0.459233
vt 0.100128 0.735057
vt 0.119945 0.998008
vt 0.117072 0.998008
vt 0.104349 0.459233
vt 0.107447 0.735057
vt 0.116295 0.735057
vt 0.116295 0.459233
vt 0.116295 0.459233
vt 0.116295 0.735057
vt 0.125143 0.735057
vt 0.128240 0.459233
vt 0.125143 0.735057
vt 0.126892 0.998008
vt 0.129764 0.998008
vt 0.132461 0.735057
vt 0.056112 0.264943
vt 0.076546 0.001992
vt 0.073471 0.001992
vt 0.048278 0.264943
vt 0.177316 0.735057
vt 0.181637 0.998008
vt 0.184013 0.998008
vt 0.183369 0.735057
vt 0.183369 0.735057
vt 0.184013 0.998008
vt 0.187257 0.998008
vt 0.191633 0.735057
vt 0.191633 0.735057
vt 0.187257 0.998008
vt 0.190808 0.998008
vt 0.200679 0.735057
vt 0.200679 0.735057
vt 0.190808 0.998008
vt 0.194052 0.998008
vt 0.208942 0.735057
vt 0.208942 0.735057
vt 0.194052 0.998008
vt 0.196428 0.998008
vt 0.214995 0.735057
vt 0.271841 0.735057
vt 0.307725 0.998008
vt 0.311102 0.998008
vt 0.280444 0.735057
vt 0.107447 0.735057
vt 0.119945 0.998008
vt 0.123418 0.998008
vt 0.116295 0.735057
vt 0.116295 0.735057
vt 0.123418 0.998008
vt 0.126892 0.998008
vt 0.125143 0.735057
vn -0.515117 -0.694232 -0.502689
vn -0.840192 -0.464028 -0.280634
vn -0.798603 -0.509159 -0.320921
vn -0.515117 -0.694232 -0.502689
vn -0.798603 -0.509159 -0.320921
vn -0.481719 -0.707259 -0.517427
vn -0.052442 -0.774461 -0.630444
vn -0.515117 -0.694232 -0.502689
vn -0.481719 -0.707259 -0.517427
vn -0.052442 -0.774461 -0.630444
vn -0.481719 -0.707259 -0.517427
vn -0.064723 -0.774774 -0.628917
vn 0.412044 -0.669966 -0.617548
vn -0.052442 -0.774461 -0.630444
vn -0.064723 -0.774774 -0.628917
vn 0.412044 -0.669966 -0.617548
vn -0.064723 -0.774774 -0.628917
vn 0.359336 -0.691658 -0.626487
vn 0.755592 -0.435769 -0.489066
vn 0.412044 -0.669966 -0.617548
vn 0.359336 -0.691658 -0.626487
vn 0.755592 -0.435769 -0.489066
vn 0.359336 -0.691658 -0.626487
vn 0.700387 -0.488099 -0.520784
vn -0.840192 -0.464028 -0.280634
vn -0.968083 -0.234582 -0.088243
vn -0.798603 -0.509159 -0.320921
vn -0.840192 -0.464028 -0.280634
vn -0.985439 -0.166533 -0.034314
vn -0.968083 -0.234582 -0.088243
vn -0.985439 -0.166533 -0.034314
vn -0.987517 0.067525 0.142301
vn -0.968083 -0.234582 -0.088243
vn -0.985439 -0.166533 -0.034314
vn -0.970511 0.141352 0.195262
vn -0.987517 0.067525 0.142301
vn -0.970511 0.141352 0.195262
vn -0.863396 0.365701 0.347578
vn -0.987517 0.067525 0.142301
vn -0.970511 0.141352 0.195262
vn -0.815809 0.428971 0.387865
vn -0.863396 0.365701 0.347578
vn -0.815809 0.428971 0.387865
vn -0.593404 0.627960 0.503525
vn -0.863396 0.365701 0.347578
vn -0.815809 0.428971 0.387865
vn -0.533357 0.665250 0.522468
vn -0.593404 0.627960 0.503525
vn -0.533357 0.665250 0.522468
vn -0.187746 0.799011 0.571256
vn -0.593404 0.627960 0.503525
vn -0.533357 0.665250 0.522468
vn -0.151089 0.806563 0.571514
vn -0.187746 0.799011 0.571256
vn -0.151089 0.806563 0.571514
vn 0.279438 0.811766 0.512787
vn -0.187746 0.799011 0.571256
vn -0.151089 0.806563 0.571514
vn 0.265925 0.814008 0.516406
vn 0.279438 0.811766 0.512787
vn 0.265925 0.814008 0.516406
vn 0.676081 0.654337 0.338758
vn 0.279438 0.811766 0.512787
vn 0.265925 0.814008 0.516406
vn 0.632062 0.682884 0.366288
vn 0.676081 0.654337 0.338758
vn 0.632062 0.682884 0.366288
vn 0.914675 0.389585 0.107670
vn 0.676081 0.654337 0.338758
vn 0.632062 0.682884 0.366288
vn 0.880183 0.448180 0.156249
vn 0.914675 0.389585 0.107670
vn 0.880183 0.448180 0.156249
vn 0.987846 0.086395 -0.129211
vn 0.914675 0.389585 0.107670
vn 0.880183 0.448180 0.156249
vn 0.984410 0.159592 -0.073942
vn 0.987846 0.086395 -0.129211
vn 0.984410 0.159592 -0.073942
vn 0.913396 -0.215534 -0.345329
vn 0.987846 0.086395 -0.129211
vn 0.984410 0.159592 -0.073942
vn 0.944027 -0.144741 -0.296418
vn 0.913396 -0.215534 -0.345329
vn 0.944027 -0.144741 -0.296418
vn 0.700387 -0.488099 -0.520784
vn 0.913396 -0.215534 -0.345329
vn 0.944027 -0.144741 -0.296418
vn 0.755592 -0.435769 -0.489066
vn 0.700387 -0.488099 -0.520784
vn 0.046065 -0.852529 0.520647
vn 0.046065 -0.852529 0.520647
vn 0.046065 -0.852529 0.520647
vn 0.046065 -0.852529 0.520647
vn 0.046065 -0.852529 0.520647
vn 0.046065 -0.852529 0.520647
vn 0.046065 -0.852529 0.520647
vn 0.046065 -0.852529 0.520647
vn 0.046065 -0.852529 0.520647
vn 0.046065 -0.852529 0.520647
vn 0.046065 -0.852529 0.520647
vn 0.046065 -0.852529 0.520647
vn 0.046065 -0.852529 0.520647
vn 0.046065 -0.852529 0.520647
vn 0.046065 -0.852529 0.520647
vn 0.046065 -0.852529 0.520647
vn 0.046065 -0.852529 0.520647
vn 0.046065 -0.852529 0.520647
vn 0.046065 -0.852529 0.520647
vn 0.046065 -0.852529 0.520647
vn 0.046065 -0.852529 0.520647
vn 0.046065 -0.852529 0.520647
vn 0.046065 -0.852529 0.520647
vn 0.046065 -0.852529 0.520647
vn 0.046065 -0.852529 0.520647
vn 0.046065 -0.852529 0.520647
vn 0.046065 -0.852529 0.520647
vn 0.046065 -0.852529 0.520647
vn 0.046065 -0.852529 0.520647
vn 0.046065 -0.852529 0.520647
vn 0.046065 -0.852529 0.520647
vn 0.046065 -0.852529 0.520647
vn 0.046065 -0.852529 0.520647
vn 0.046065 -0.852529 0.520647
vn 0.046065 -0.852529 0.520647
vn 0.046065 -0.852529 0.520647
vn 0.046065 -0.852529 0.520647
vn 0.046065 -0.852529 0.520647
vn 0.046065 -0.852529 0.520647
vn -0.046060 0.852525 -0.520652
vn -0.046060 0.852525 -0.520652
vn -0.046060 0.852525 -0.520652
vn -0.046060 0.852525 -0.520652
vn -0.046060 0.852525 -0.520652
vn -0.046060 0.852525 -0.520652
vn -0.046060 0.852525 -0.520652
vn -0.046060 0.852525 -0.520652
vn -0.046060 0.852525 -0.520652
vn -0.046060 0.852525 -0.520652
vn -0.046060 0.852525 -0.520652
vn -0.046060 0.852525 -0.520652
vn -0.046060 0.852525 -0.520652
vn -0.046060 0.852525 -0.520652
vn -0.046060 0.852525 -0.520652
vn -0.046060 0.852525 -0.520652
vn -0.046060 0.852525 -0.520652
vn -0.046060 0.852525 -0.520652
vn -0.046060 0.852525 -0.520652
vn -0.046060 0.852525 -0.520652
vn -0.046060 0.852525 -0.520652
vn -0.046060 0.852525 -0.520652
vn -0.046060 0.852525 -0.520652
vn -0.046060 0.852525 -0.520652
vn -0.046060 0.852525 -0.520652
vn -0.046060 0.852525 -0.520652
vn -0.046060 0.852525 -0.520652
vn -0.046060 0.852525 -0.520652
vn -0.046060 0.852525 -0.520652
vn -0.046060 0.852525 -0.520652
vn -0.046060 0.852525 -0.520652
vn -0.046060 0.852525 -0.520652
vn -0.046060 0.852525 -0.520652
vn -0.046060 0.852525 -0.520652
vn -0.046060 0.852525 -0.520652
vn -0.046060 0.852525 -0.520652
vn -0.046060 0.852525 -0.520652
vn -0.046060 0.852525 -0.520652
vn -0.046060 0.852525 -0.520652
vn -0.696174 -0.549374 -0.462093
vn -0.696174 -0.549374 -0.462093
vn -0.696174 -0.549374 -0.462093
vn -0.696174 -0.549374 -0.462093
vn -0.696174 -0.549374 -0.462093
vn -0.696174 -0.549374 -0.462093
vn -0.927523 -0.312033 -0.205759
vn -0.927523 -0.312033 -0.205759
vn -0.927523 -0.312033 -0.205759
vn -0.927523 -0.312033 -0.205759
vn -0.927523 -0.312033 -0.205759
vn -0.927523 -0.312033 -0.205759
vn -0.997476 -0.045064 0.054868
vn -0.997476 -0.045064 0.054868
vn -0.997476 -0.045064 0.054868
vn -0.997476 -0.045064 0.054868
vn -0.997476 -0.045064 0.054868
vn -0.997476 -0.045064 0.054868
vn -0.997476 -0.045064 0.054868
vn -0.997476 -0.045064 0.054868
vn -0.993334 -0.084207 0.078719
vn -0.997476 -0.045064 0.054868
vn -0.993334 -0.084207 0.078719
vn -0.993334 -0.084207 0.078719
vn -0.993334 -0.084207 0.078719
vn -0.993334 -0.084207 0.078719
vn -0.995516 -0.066081 0.067685
vn -0.993334 -0.084207 0.078719
vn -0.995516 -0.066081 0.067685
vn -0.995516 -0.066081 0.067685
vn -0.995516 -0.066081 0.067685
vn -0.995516 -0.066081 0.067685
vn -0.994147 -0.077888 0.074872
vn -0.995516 -0.066081 0.067685
vn -0.994147 -0.077888 0.074872
vn -0.994147 -0.077888 0.074872
vn -0.929574 0.221709 0.294511
vn -0.929574 0.221709 0.294511
vn -0.929574 0.221709 0.294511
vn -0.929574 0.221709 0.294511
vn -0.929574 0.221709 0.294511
vn -0.929574 0.221709 0.294511
vn -0.929574 0.221709 0.294511
vn -0.929574 0.221709 0.294511
vn -0.927529 0.257822 0.270587
vn -0.929574 0.221709 0.294511
vn -0.927529 0.257822 0.270587
vn -0.927529 0.257822 0.270587
vn -0.927529 0.257822 0.270587
vn -0.927529 0.257822 0.270587
vn -0.928960 0.236310 0.284940
vn -0.927529 0.257822 0.270587
vn -0.928960 0.236310 0.284940
vn -0.928960 0.236310 0.284940
vn -0.928960 0.236310 0.284940
vn -0.928960 0.236310 0.284940
vn -0.927536 0.257732 0.270649
vn -0.928960 0.236310 0.284940
vn -0.927536 0.257732 0.270649
vn -0.927536 0.257732 0.270649
vn -0.728365 0.470963 0.497673
vn -0.728365 0.470963 0.497673
vn -0.728365 0.470963 0.497673
vn -0.728365 0.470963 0.497673
vn -0.728365 0.470963 0.497673
vn -0.728365 0.470963 0.497673
vn -0.387889 0.669595 0.633391
vn -0.387889 0.669595 0.633391
vn -0.387889 0.669595 0.633391
vn -0.387889 0.669595 0.633391
vn -0.387889 0.669595 0.633391
vn -0.387889 0.669595 0.633391
vn 0.060159 0.756775 0.650901
vn 0.060159 0.756775 0.650901
vn 0.060159 0.756775 0.650901
vn 0.060159 0.756775 0.650901
vn 0.060159 0.756775 0.650901
vn 0.060159 0.756775 0.650901
vn 0.503543 0.686639 0.524377
vn 0.503543 0.686639 0.524377
vn 0.503543 0.686639 0.524377
vn 0.503543 0.686639 0.524377
vn 0.503543 0.686639 0.524377
vn 0.503543 0.686639 0.524377
vn 0.819780 0.488988 0.298079
vn 0.819780 0.488988 0.298079
vn 0.819780 0.488988 0.298079
vn 0.819780 0.488988 0.298079
vn 0.819780 0.488988 0.298079
vn 0.819780 0.488988 0.298079
vn 0.971637 0.233059 0.040068
vn 0.971637 0.233059 0.040068
vn 0.971637 0.233059 0.040068
vn 0.971637 0.233059 0.040068
vn 0.971637 0.233059 0.040068
vn 0.971637 0.233059 0.040068
vn 0.976858 -0.035731 -0.210882
vn 0.976858 -0.035731 -0.210882
vn 0.976858 -0.035731 -0.210882
vn 0.976858 -0.035731 -0.210882
vn 0.976858 -0.035731 -0.210882
vn 0.976858 -0.035731 -0.210882
vn 0.976858 -0.035731 -0.210882
vn 0.976858 -0.035731 -0.210882
vn 0.978439 -0.055484 -0.198943
vn 0.976858 -0.035731 -0.210882
vn 0.978439 -0.055484 -0.198943
vn 0.978439 -0.055484 -0.198943
vn 0.978439 -0.055484 -0.198943
vn 0.978439 -0.055484 -0.198943
vn 0.977870 -0.047583 -0.203732
vn 0.978439 -0.055484 -0.198943
vn 0.977870 -0.047583 -0.203732
vn 0.977870 -0.047583 -0.203732
vn 0.977870 -0.047583 -0.203732
vn 0.977870 -0.047583 -0.203732
vn 0.975292 -0.020576 -0.219961
vn 0.977870 -0.047583 -0.203732
vn 0.975292 -0.020576 -0.219961
vn 0.975292 -0.020576 -0.219961
vn 0.848414 -0.297161 -0.438052
vn 0.848414 -0.297161 -0.438052
vn 0.848414 -0.297161 -0.438052
vn 0.848414 -0.297161 -0.438052
vn 0.848414 -0.297161 -0.438052
vn 0.848414 -0.297161 -0.438052
vn 0.579463 -0.529338 -0.619696
vn 0.579463 -0.529338 -0.619696
vn 0.579463 -0.529338 -0.619696
vn 0.579463 -0.529338 -0.619696
vn 0.579463 -0.529338 -0.619696
vn 0.579463 -0.529338 -0.619696
vn 0.171928 -0.683554 -0.709363
vn 0.171928 -0.683554 -0.709363
vn 0.171928 -0.683554 -0.709363
vn 0.171928 -0.683554 -0.709363
vn 0.171928 -0.683554 -0.709363
vn 0.171928 -0.683554 -0.709363
vn -0.300579 -0.694142 -0.654079
vn -0.300579 -0.694142 -0.654079
vn -0.300579 -0.694142 -0.654079
vn -0.300579 -0.694142 -0.654079
vn -0.300579 -0.694142 -0.654079
vn -0.300579 -0.694142 -0.654079
vn -0.645853 -0.688381 -0.330158
vn -0.645853 -0.688381 -0.330158
vn -0.645853 -0.688381 -0.330158
vn -0.645853 -0.688381 -0.330158
vn -0.645853 -0.688381 -0.330158
vn -0.645853 -0.688381 -0.330158
vn -0.899169 -0.417215 -0.132007
vn -0.899169 -0.417215 -0.132007
vn -0.899169 -0.417215 -0.132007
vn -0.899169 -0.417215 -0.132007
vn -0.899169 -0.417215 -0.132007
vn -0.899169 -0.417215 -0.132007
vn -0.712674 0.563158 0.418269
vn -0.712674 0.563158 0.418269
vn -0.712674 0.563158 0.418269
vn -0.712674 0.563158 0.418269
vn -0.712674 0.563158 0.418269
vn -0.712674 0.563158 0.418269
vn -0.371687 0.784009 0.497171
vn -0.371687 0.784009 0.497171
vn -0.371687 0.784009 0.497171
vn -0.371687 0.784009 0.497171
vn -0.371687 0.784009 0.497171
vn -0.371687 0.784009 0.497171
vn 0.045420 0.872383 0.486709
vn 0.045420 0.872383 0.486709
vn 0.045420 0.872383 0.486709
vn 0.045420 0.872383 0.486709
vn 0.045420 0.872383 0.486709
vn 0.045420 0.872383 0.486709
vn 0.457241 0.802231 0.383871
vn 0.457241 0.802231 0.383871
vn 0.457241 0.802231 0.383871
vn 0.457241 0.802231 0.383871
vn 0.457241 0.802231 0.383871
vn 0.457241 0.802231 0.383871
vn 0.778969 0.590418 0.211221
vn 0.778969 0.590418 0.211221
vn 0.778969 0.590418 0.211221
vn 0.778969 0.590418 0.211221
vn 0.778969 0.590418 0.211221
vn 0.778969 0.590418 0.211221
vn 0.958099 0.286383 0.005531
vn 0.958099 0.286383 0.005531
vn 0.958099 0.286383 0.005531
vn 0.958099 0.286383 0.005531
vn 0.958099 0.286383 0.005531
vn 0.958099 0.286383 0.005531
vn 0.958099 0.286383 0.005531
vn 0.958099 0.286383 0.005531
vn 0.966351 0.255978 0.025317
vn 0.958099 0.286383 0.005531
vn 0.966351 0.255978 0.025317
vn 0.966351 0.255978 0.025317
vn 0.842276 -0.387627 -0.374589
vn 0.842276 -0.387627 -0.374589
vn 0.842276 -0.387627 -0.374589
vn 0.842276 -0.387627 -0.374589
vn 0.842276 -0.387627 -0.374589
vn 0.842276 -0.387627 -0.374589
vn 0.561600 -0.662803 -0.495274
vn 0.561600 -0.662803 -0.495274
vn 0.561600 -0.662803 -0.495274
vn 0.561600 -0.662803 -0.495274
vn 0.561600 -0.662803 -0.495275
vn 0.561600 -0.662803 -0.495274
vn 0.169348 -0.828051 -0.534465
vn 0.169348 -0.828051 -0.534465
vn 0.169348 -0.828051 -0.534465
vn 0.169348 -0.828051 -0.534465
vn 0.169348 -0.828051 -0.534465
vn 0.169348 -0.828051 -0.534465
vn -0.264602 -0.838697 -0.475998
vn -0.264602 -0.838697 -0.475998
vn -0.264602 -0.838697 -0.475998
vn -0.264602 -0.838697 -0.475998
vn -0.264602 -0.838697 -0.475998
vn -0.264602 -0.838697 -0.475998
vn -0.674258 -0.622134 -0.397900
vn -0.674258 -0.622134 -0.397900
vn -0.674258 -0.622134 -0.397900
vn -0.674258 -0.622134 -0.397900
vn -0.674258 -0.622134 -0.397900
vn -0.674258 -0.622134 -0.397900
vn -0.915330 -0.365406 -0.169261
vn -0.915330 -0.365406 -0.169261
vn -0.915330 -0.365406 -0.169261
vn -0.915330 -0.365406 -0.169261
vn -0.915330 -0.365406 -0.169261
vn -0.915330 -0.365406 -0.169261
vn -0.722594 0.513752 0.462511
vn -0.722594 0.513752 0.462511
vn -0.722594 0.513752 0.462511
vn -0.722594 0.513752 0.462511
vn -0.722594 0.513752 0.462511
vn -0.722594 0.513752 0.462511
vn -0.381793 0.726297 0.571600
vn -0.381793 0.726297 0.571600
vn -0.381793 0.726297 0.571600
vn -0.381793 0.726297 0.571600
vn -0.381793 0.726297 0.571600
vn -0.381793 0.726297 0.571600
vn 0.053403 0.816141 0.575380
vn 0.053403 0.816141 0.575380
vn 0.053403 0.816141 0.575380
vn 0.053403 0.816141 0.575380
vn 0.053403 0.816141 0.575380
vn 0.053403 0.816141 0.575380
vn 0.483720 0.744704 0.459816
vn 0.483720 0.744704 0.459816
vn 0.483720 0.744704 0.459816
vn 0.483720 0.744704 0.459816
vn 0.483720 0.744704 0.459816
vn 0.483720 0.744704 0.459816
vn 0.802957 0.536936 0.258766
vn 0.802957 0.536936 0.258766
vn 0.802957 0.536936 0.258766
vn 0.802957 0.536936 0.258766
vn 0.802957 0.536936 0.258766
vn 0.802957 0.536936 0.258766
vn 0.846636 -0.343036 -0.406859
vn 0.846636 -0.343036 -0.406859
vn 0.846636 -0.343036 -0.406859
vn 0.846636 -0.343036 -0.406859
vn 0.846636 -0.343036 -0.406859
vn 0.846636 -0.343036 -0.406859
vn 0.846636 -0.343036 -0.406859
vn 0.846636 -0.343036 -0.406859
vn 0.846132 -0.349937 -0.402001
vn 0.846636 -0.343036 -0.406859
vn 0.846132 -0.349937 -0.402001
vn 0.846132 -0.349937 -0.402001
vn 0.572966 -0.598455 -0.559966
vn 0.572966 -0.598455 -0.559966
vn 0.572965 -0.598455 -0.559966
vn 0.572966 -0.598455 -0.559966
vn 0.572965 -0.598455 -0.559966
vn 0.572966 -0.598455 -0.559966
vn 0.572966 -0.598455 -0.559966
vn 0.572965 -0.598455 -0.559966
vn 0.568078 -0.630190 -0.529290
vn 0.572966 -0.598455 -0.559966
vn 0.568078 -0.630190 -0.529290
vn 0.568078 -0.630190 -0.529290
vn 0.171719 -0.761338 -0.625202
vn 0.171719 -0.761338 -0.625202
vn 0.171719 -0.761338 -0.625202
vn 0.171719 -0.761338 -0.625202
vn 0.171719 -0.761338 -0.625202
vn 0.171719 -0.761338 -0.625202
vn -0.284306 -0.772468 -0.567858
vn -0.284306 -0.772468 -0.567858
vn -0.284306 -0.772468 -0.567858
vn -0.284306 -0.772468 -0.567858
vn -0.284306 -0.772468 -0.567858
vn -0.284306 -0.772468 -0.567858
vn -0.654418 -0.670552 -0.349423
vn -0.654418 -0.670552 -0.349423
vn -0.654418 -0.670552 -0.349423
vn -0.654418 -0.670552 -0.349423
vn -0.654418 -0.670552 -0.349423
vn -0.654418 -0.670552 -0.349423
vn -0.903820 -0.403696 -0.141913
vn -0.903820 -0.403696 -0.141913
vn -0.903820 -0.403696 -0.141913
vn -0.903820 -0.403696 -0.141913
vn -0.903820 -0.403696 -0.141913
vn -0.903820 -0.403696 -0.141913
vn -0.713288 0.560526 0.420750
vn -0.713288 0.560526 0.420750
vn -0.713288 0.560526 0.420750
vn -0.713288 0.560526 0.420750
vn -0.713288 0.560526 0.420750
vn -0.713288 0.560526 0.420750
vn -0.372052 0.782391 0.499441
vn -0.372052 0.782391 0.499441
vn -0.372052 0.782391 0.499441
vn -0.372052 0.782391 0.499441
vn -0.372052 0.782391 0.499441
vn -0.372052 0.782391 0.499441
vn 0.045288 0.873304 0.485065
vn 0.045288 0.873304 0.485065
vn 0.045288 0.873304 0.485065
vn 0.045288 0.873304 0.485065
vn 0.045288 0.873304 0.485065
vn 0.045288 0.873304 0.485065
vn 0.454380 0.807474 0.376197
vn 0.454380 0.807474 0.376197
vn 0.454380 0.807474 0.376197
vn 0.454380 0.807474 0.376197
vn 0.454380 0.807474 0.376197
vn 0.454380 0.807474 0.376197
vn 0.771843 0.604068 0.198394
vn 0.771843 0.604068 0.198394
vn 0.771843 0.604068 0.198394
vn 0.771843 0.604068 0.198394
vn 0.771843 0.604068 0.198394
vn 0.771843 0.604068 0.198394
vn 0.950152 0.311590 -0.011082
vn 0.950152 0.311590 -0.011082
vn 0.950152 0.311590 -0.011082
vn 0.950152 0.311590 -0.011082
vn 0.950152 0.311590 -0.011082
vn 0.950152 0.311590 -0.011082
vn 0.170521 -0.803456 -0.570422
vn 0.170521 -0.803456 -0.570422
vn 0.170521 -0.803456 -0.570422
vn 0.170521 -0.803456 -0.570422
vn 0.170521 -0.803456 -0.570422
vn 0.170521 -0.803456 -0.570422
vn -0.271260 -0.818816 -0.505924
vn -0.271260 -0.818816 -0.505924
vn -0.271260 -0.818816 -0.505924
vn -0.271260 -0.818816 -0.505924
vn -0.271260 -0.818816 -0.505924
vn -0.271260 -0.818816 -0.505924
s off
g cherry_tree group1 pCylinder10
usemtl pCylinder2SG
f 691/2171/4045 693/2173/4046 692/2172/4047
f 691/2171/4048 692/2172/4049 694/2174/4050
f 695/2175/4051 691/2171/4052 694/2174/4053
f 695/2175/4054 694/2174/4055 696/2176/4056
f 697/2177/4057 695/2175/4058 696/2176/4059
f 697/2177/4060 696/2176/4061 698/2178/4062
f 699/2179/4063 697/2177/4064 698/2178/4065
f 699/2179/4066 698/2178/4067 700/2180/4068
f 693/2181/4069 701/2183/4070 692/2182/4071
f 693/2181/4072 702/2184/4073 701/2183/4074
f 702/2184/4075 703/2185/4076 701/2183/4077
f 702/2184/4078 704/2186/4079 703/2185/4080
f 704/2186/4081 705/2187/4082 703/2185/4083
f 704/2186/4084 706/2188/4085 705/2187/4086
f 706/2189/4087 707/2191/4088 705/2190/4089
f 706/2189/4090 708/2192/4091 707/2191/4092
f 708/2192/4093 709/2193/4094 707/2191/4095
f 708/2192/4096 710/2194/4097 709/2193/4098
f 710/2194/4099 711/2195/4100 709/2193/4101
f 710/2194/4102 712/2196/4103 711/2195/4104
f 712/2196/4105 713/2197/4106 711/2195/4107
f 712/2196/4108 714/2198/4109 713/2197/4110
f 714/2198/4111 715/2199/4112 713/2197/4113
f 714/2198/4114 716/2200/4115 715/2199/4116
f 716/2201/4117 717/2203/4118 715/2202/4119
f 716/2201/4120 718/2204/4121 717/2203/4122
f 718/2204/4123 719/2205/4124 717/2203/4125
f 718/2204/4126 720/2206/4127 719/2205/4128
f 720/2206/4129 700/2207/4130 719/2205/4131
f 720/2206/4132 699/2208/4133 700/2207/4134
f 697/2209/4135 691/2211/4136 695/2210/4137
f 691/2211/4138 697/2209/4139 699/2212/4140
f 691/2211/4141 699/2212/4142 693/2213/4143
f 693/2213/4144 699/2212/4145 720/2214/4146
f 693/2213/4147 720/2214/4148 702/2215/4149
f 702/2215/4150 720/2214/4151 718/2216/4152
f 702/2215/4153 718/2216/4154 704/2217/4155
f 704/2217/4156 718/2216/4157 716/2218/4158
f 704/2217/4159 716/2218/4160 706/2219/4161
f 706/2219/4162 716/2218/4163 714/2220/4164
f 706/2219/4165 714/2220/4166 708/2221/4167
f 708/2221/4168 714/2220/4169 712/2222/4170
f 708/2221/4171 712/2222/4172 710/2223/4173
f 721/2224/4174 723/2226/4175 722/2225/4176
f 723/2226/4177 721/2224/4178 724/2227/4179
f 724/2227/4180 721/2224/4181 725/2228/4182
f 724/2227/4183 725/2228/4184 726/2229/4185
f 726/2229/4186 725/2228/4187 727/2230/4188
f 726/2229/4189 727/2230/4190 728/2231/4191
f 728/2231/4192 727/2230/4193 729/2232/4194
f 728/2231/4195 729/2232/4196 730/2233/4197
f 730/2233/4198 729/2232/4199 731/2234/4200
f 730/2233/4201 731/2234/4202 732/2235/4203
f 732/2235/4204 731/2234/4205 733/2236/4206
f 732/2235/4207 733/2236/4208 734/2237/4209
f 734/2237/4210 733/2236/4211 735/2238/4212
f 694/2239/4213 737/2241/4214 736/2240/4215
f 694/2239/4216 692/2242/4217 737/2241/4218
f 692/2243/4219 738/2245/4220 737/2244/4221
f 692/2243/4222 701/2246/4223 738/2245/4224
f 701/2247/4225 703/2249/4226 739/2248/4227
f 701/2247/4228 739/2248/4229 738/2250/4230
f 738/2250/4231 739/2248/4232 740/2251/4233
f 738/2250/4234 740/2251/4235 741/2252/4236
f 741/2252/4237 740/2251/4238 742/2253/4239
f 741/2252/4240 742/2253/4241 743/2254/4242
f 743/2254/4243 742/2253/4244 729/2255/4245
f 743/2254/4246 729/2255/4247 727/2256/4248
f 703/2257/4249 705/2259/4250 744/2258/4251
f 703/2257/4252 744/2258/4253 739/2260/4254
f 739/2260/4255 744/2258/4256 745/2261/4257
f 739/2260/4258 745/2261/4259 740/2262/4260
f 740/2262/4261 745/2261/4262 746/2263/4263
f 740/2262/4264 746/2263/4265 742/2264/4266
f 742/2264/4267 746/2263/4268 731/2265/4269
f 742/2264/4270 731/2265/4271 729/2266/4272
f 705/2267/4273 747/2269/4274 744/2268/4275
f 705/2267/4276 707/2270/4277 747/2269/4278
f 707/2271/4279 748/2273/4280 747/2272/4281
f 707/2271/4282 709/2274/4283 748/2273/4284
f 709/2275/4285 749/2277/4286 748/2276/4287
f 709/2275/4288 711/2278/4289 749/2277/4290
f 711/2279/4291 750/2281/4292 749/2280/4293
f 711/2279/4294 713/2282/4295 750/2281/4296
f 713/2283/4297 751/2285/4298 750/2284/4299
f 713/2283/4300 715/2286/4301 751/2285/4302
f 715/2287/4303 752/2289/4304 751/2288/4305
f 715/2287/4306 717/2290/4307 752/2289/4308
f 717/2291/4309 719/2293/4310 753/2292/4311
f 717/2291/4312 753/2292/4313 752/2294/4314
f 752/2294/4315 753/2292/4316 754/2295/4317
f 752/2294/4318 754/2295/4319 755/2296/4320
f 755/2296/4321 754/2295/4322 756/2297/4323
f 755/2296/4324 756/2297/4325 757/2298/4326
f 757/2298/4327 756/2297/4328 726/2299/4329
f 757/2298/4330 726/2299/4331 728/2300/4332
f 719/2301/4333 758/2303/4334 753/2302/4335
f 719/2301/4336 700/2304/4337 758/2303/4338
f 700/2305/4339 759/2307/4340 758/2306/4341
f 700/2305/4342 698/2308/4343 759/2307/4344
f 698/2309/4345 760/2311/4346 759/2310/4347
f 698/2309/4348 696/2312/4349 760/2311/4350
f 696/2313/4351 736/2315/4352 760/2314/4353
f 696/2313/4354 694/2316/4355 736/2315/4356
f 736/2317/4357 762/2319/4358 761/2318/4359
f 736/2317/4360 737/2320/4361 762/2319/4362
f 737/2321/4363 741/2323/4364 762/2322/4365
f 737/2321/4366 738/2324/4367 741/2323/4368
f 744/2325/4369 763/2327/4370 745/2326/4371
f 744/2325/4372 747/2328/4373 763/2327/4374
f 747/2329/4375 764/2331/4376 763/2330/4377
f 747/2329/4378 748/2332/4379 764/2331/4380
f 748/2333/4381 765/2335/4382 764/2334/4383
f 748/2333/4384 749/2336/4385 765/2335/4386
f 749/2337/4387 766/2339/4388 765/2338/4389
f 749/2337/4390 750/2340/4391 766/2339/4392
f 750/2341/4393 767/2343/4394 766/2342/4395
f 750/2341/4396 751/2344/4397 767/2343/4398
f 751/2345/4399 752/2347/4400 755/2346/4401
f 751/2345/4402 755/2346/4403 767/2348/4404
f 767/2348/4405 755/2346/4406 757/2349/4407
f 767/2348/4408 757/2349/4409 768/2350/4410
f 753/2351/4411 769/2353/4412 754/2352/4413
f 753/2351/4414 758/2354/4415 769/2353/4416
f 758/2355/4417 770/2357/4418 769/2356/4419
f 758/2355/4420 759/2358/4421 770/2357/4422
f 759/2359/4423 771/2361/4424 770/2360/4425
f 759/2359/4426 760/2362/4427 771/2361/4428
f 760/2363/4429 761/2365/4430 771/2364/4431
f 760/2363/4432 736/2366/4433 761/2365/4434
f 761/2367/4435 773/2369/4436 772/2368/4437
f 761/2367/4438 762/2370/4439 773/2369/4440
f 762/2371/4441 743/2373/4442 773/2372/4443
f 762/2371/4444 741/2374/4445 743/2373/4446
f 745/2375/4447 774/2377/4448 746/2376/4449
f 745/2375/4450 763/2378/4451 774/2377/4452
f 763/2379/4453 775/2381/4454 774/2380/4455
f 763/2379/4456 764/2382/4457 775/2381/4458
f 764/2383/4459 776/2385/4460 775/2384/4461
f 764/2383/4462 765/2386/4463 776/2385/4464
f 765/2387/4465 777/2389/4466 776/2388/4467
f 765/2387/4468 766/2390/4469 777/2389/4470
f 766/2391/4471 768/2393/4472 777/2392/4473
f 766/2391/4474 767/2394/4475 768/2393/4476
f 754/2395/4477 769/2397/4478 778/2396/4479
f 754/2395/4480 778/2396/4481 756/2398/4482
f 756/2398/4483 778/2396/4484 724/2399/4485
f 756/2398/4486 724/2399/4487 726/2400/4488
f 769/2401/4489 770/2403/4490 779/2402/4491
f 769/2401/4492 779/2402/4493 778/2404/4494
f 778/2404/4495 779/2402/4496 723/2405/4497
f 778/2404/4498 723/2405/4499 724/2406/4500
f 770/2407/4501 780/2409/4502 779/2408/4503
f 770/2407/4504 771/2410/4505 780/2409/4506
f 771/2411/4507 772/2413/4508 780/2412/4509
f 771/2411/4510 761/2414/4511 772/2413/4512
f 772/2415/4513 725/2417/4514 721/2416/4515
f 772/2415/4516 773/2418/4517 725/2417/4518
f 773/2419/4519 727/2421/4520 725/2420/4521
f 773/2419/4522 743/2422/4523 727/2421/4524
f 746/2423/4525 733/2425/4526 731/2424/4527
f 746/2423/4528 774/2426/4529 733/2425/4530
f 774/2427/4531 735/2429/4532 733/2428/4533
f 774/2427/4534 775/2430/4535 735/2429/4536
f 775/2431/4537 734/2433/4538 735/2432/4539
f 775/2431/4540 776/2434/4541 734/2433/4542
f 776/2435/4543 732/2437/4544 734/2436/4545
f 776/2435/4546 777/2438/4547 732/2437/4548
f 777/2439/4549 730/2441/4550 732/2440/4551
f 777/2439/4552 768/2442/4553 730/2441/4554
f 768/2443/4555 728/2445/4556 730/2444/4557
f 768/2443/4558 757/2446/4559 728/2445/4560
f 779/2447/4561 722/2449/4562 723/2448/4563
f 779/2447/4564 780/2450/4565 722/2449/4566
f 780/2451/4567 721/2453/4568 722/2452/4569
f 780/2451/4570 772/2454/4571 721/2453/4572
g default
v -40.195145 371.536267 801.387971
v -46.131493 375.231287 795.233711
v -41.437276 371.170011 802.041020
v -45.006375 375.563041 794.642182
v -39.063912 372.388187 801.074843
v -43.981708 376.334707 794.358552
v -38.239178 373.578469 801.155780
v -43.234667 377.412859 794.431865
v -37.863546 374.901300 801.616786
v -42.894421 378.611074 794.849442
v -47.162519 375.396810 796.030859
v -42.575530 371.352748 802.921072
v -47.921179 376.030989 796.895792
v -43.413092 372.052883 803.875959
v -48.276294 377.024169 797.678955
v -43.805140 373.149354 804.740571
v -48.166462 378.204620 798.244932
v -43.683886 374.452573 805.365410
v -47.610674 379.368231 798.495860
v -43.070294 375.737202 805.642435
v -46.705029 380.313804 798.388352
v -42.070461 376.781115 805.523747
v -45.606123 380.877839 797.940997
v -40.857268 377.403811 805.029866
v -44.503967 380.962811 797.231146
v -39.640486 377.497620 804.246190
v -43.589132 380.554027 796.381540
v -38.630507 377.046322 803.308224
v -43.019803 379.722170 795.539082
v -38.001967 376.127950 802.378150
v -84.650373 407.342290 742.192843
v -84.462343 406.816410 741.778165
v -84.060639 406.480618 741.320191
v -83.514720 406.392975 740.898109
v -84.592218 407.967328 742.492522
v -82.918981 406.568636 740.584900
v -84.297933 408.583449 742.625387
v -82.376429 406.977226 740.434721
v -83.818403 409.084121 742.568462
v -81.980878 407.548097 740.473538
v -83.236542 409.382773 742.331592
v -81.800721 408.182542 740.694642
v -82.652960 409.427765 741.955732
v -81.867109 408.770857 741.059800
v -82.168564 409.211317 741.505874
v -57.453524 386.216986 779.416482
v -58.371570 385.946289 779.899143
v -59.212841 386.081349 780.549580
v -59.831874 386.598810 781.255327
v -60.121633 387.409201 781.894353
v -60.032015 388.372396 782.356164
v -59.578516 389.321851 782.560911
v -58.839550 390.093397 782.473189
v -57.942892 390.553625 782.108167
v -57.043581 390.622958 781.528961
v -56.297117 390.289408 780.835720
v -55.832570 389.610650 780.148312
v -65.440898 396.438227 764.158085
v -65.847882 397.032878 764.760313
v -55.730264 388.704045 779.585597
v -56.007889 387.726355 779.244872
v -56.617442 386.846631 779.185052
v -66.860994 393.465085 763.516938
v -67.665281 393.227932 763.939791
v -68.402307 393.346255 764.509630
v -68.944633 393.799597 765.127925
v -69.198487 394.509568 765.687766
v -69.119974 395.353410 766.092353
v -68.722669 396.185214 766.271728
v -68.075272 396.861154 766.194877
v -67.289722 397.264354 765.875086
v -66.501849 397.325096 765.367652
v -65.351270 395.643963 763.665097
v -65.594494 394.787422 763.366593
v -66.128514 394.016708 763.314186
vt 0.072074 0.001992
vt 0.088491 0.113635
vt 0.092806 0.001992
vt 0.069713 0.113635
vt 0.047008 0.001992
vt 0.047008 0.113635
vt 0.021942 0.001992
vt 0.024303 0.113635
vt 0.001210 0.001992
vt 0.005524 0.113635
vt 0.195369 0.998008
vt 0.191548 0.886364
vt 0.171446 0.886364
vt 0.173176 0.998008
vt 0.148361 0.886364
vt 0.147691 0.998008
vt 0.126285 0.886364
vt 0.123319 0.998008
vt 0.202552 0.001992
vt 0.207579 0.113635
vt 0.223111 0.113635
vt 0.219699 0.001992
vt 0.244317 0.113635
vt 0.243109 0.001992
vt 0.267529 0.113635
vt 0.268736 0.001992
vt 0.288734 0.113635
vt 0.292146 0.001992
vt 0.304266 0.113635
vt 0.309293 0.001992
vt 0.339240 0.001992
vt 0.342206 0.113635
vt 0.364282 0.113635
vt 0.363612 0.001992
vt 0.387367 0.113635
vt 0.389097 0.001992
vt 0.407469 0.113635
vt 0.411290 0.001992
vt 0.497797 0.004671
vt 0.472312 0.001992
vt 0.447940 0.009911
vt 0.519990 0.017484
vt 0.428896 0.027058
vt 0.535053 0.038216
vt 0.418473 0.050469
vt 0.540381 0.063282
vt 0.418473 0.076095
vt 0.535053 0.088348
vt 0.428896 0.099505
vt 0.519990 0.109080
vt 0.447940 0.116652
vt 0.497797 0.121893
vt 0.472312 0.124571
vt 0.561789 0.056984
vt 0.573478 0.060782
vt 0.585701 0.059498
vt 0.596345 0.053352
vt 0.552656 0.048760
vt 0.603570 0.043409
vt 0.547657 0.037532
vt 0.606125 0.031387
vt 0.547657 0.025242
vt 0.603570 0.019365
vt 0.552656 0.014014
vt 0.596345 0.009422
vt 0.561789 0.005790
vt 0.585701 0.003277
vt 0.573478 0.001992
vt 0.069713 0.113635
vt 0.063818 0.383323
vt 0.079141 0.383323
vt 0.088491 0.113635
vt 0.191548 0.886364
vt 0.152456 0.616677
vt 0.136054 0.616677
vt 0.171446 0.886364
vt 0.171446 0.886364
vt 0.136054 0.616677
vt 0.117218 0.616677
vt 0.148361 0.886364
vt 0.148361 0.886364
vt 0.117218 0.616677
vt 0.099205 0.616677
vt 0.126285 0.886364
vt 0.207579 0.113635
vt 0.218193 0.383323
vt 0.230866 0.383323
vt 0.223111 0.113635
vt 0.223111 0.113635
vt 0.230866 0.383323
vt 0.248168 0.383323
vt 0.244317 0.113635
vt 0.244317 0.113635
vt 0.248168 0.383323
vt 0.267108 0.383323
vt 0.267529 0.113635
vt 0.267529 0.113635
vt 0.267108 0.383323
vt 0.284411 0.383323
vt 0.288734 0.113635
vt 0.288734 0.113635
vt 0.284411 0.383323
vt 0.297084 0.383323
vt 0.304266 0.113635
vt 0.342206 0.113635
vt 0.315126 0.383323
vt 0.333139 0.383323
vt 0.364282 0.113635
vt 0.364282 0.113635
vt 0.351975 0.383323
vt 0.387367 0.113635
vt 0.333139 0.383323
vt 0.382622 0.623245
vt 0.366120 0.623245
vt 0.379538 0.998008
vt 0.367314 0.998008
vt 0.387367 0.113635
vt 0.351975 0.383323
vt 0.368378 0.383323
vt 0.407469 0.113635
vt 0.005524 0.113635
vt 0.011443 0.383323
vt 0.026766 0.383323
vt 0.024303 0.113635
vt 0.024303 0.113635
vt 0.026766 0.383323
vt 0.045292 0.383323
vt 0.047008 0.113635
vt 0.047008 0.113635
vt 0.045292 0.383323
vt 0.063818 0.383323
vt 0.069713 0.113635
vt 0.063818 0.383323
vt 0.063238 0.623245
vt 0.076662 0.623245
vt 0.079141 0.383323
vt 0.152456 0.616677
vt 0.181071 0.376755
vt 0.166701 0.376755
vt 0.136054 0.616677
vt 0.136054 0.616677
vt 0.150199 0.376755
vt 0.117218 0.616677
vt 0.166701 0.376755
vt 0.151393 0.001992
vt 0.163616 0.001992
vt 0.117218 0.616677
vt 0.134418 0.376755
vt 0.099205 0.616677
vt 0.150199 0.376755
vt 0.139704 0.001992
vt 0.151393 0.001992
vt 0.218193 0.383323
vt 0.221365 0.623245
vt 0.232468 0.623245
vt 0.230866 0.383323
vt 0.230866 0.383323
vt 0.232468 0.623245
vt 0.247626 0.623245
vt 0.248168 0.383323
vt 0.248168 0.383323
vt 0.247626 0.623245
vt 0.264219 0.623245
vt 0.267108 0.383323
vt 0.267108 0.383323
vt 0.264219 0.623245
vt 0.279377 0.623245
vt 0.284411 0.383323
vt 0.284411 0.383323
vt 0.279377 0.623245
vt 0.290480 0.623245
vt 0.297084 0.383323
vt 0.315126 0.383323
vt 0.366120 0.623245
vt 0.333139 0.383323
vt 0.350339 0.623245
vt 0.367314 0.998008
vt 0.355625 0.998008
vt 0.351975 0.383323
vt 0.382622 0.623245
vt 0.396992 0.623245
vt 0.368378 0.383323
vt 0.011443 0.383323
vt 0.017353 0.623245
vt 0.030777 0.623245
vt 0.026766 0.383323
vt 0.026766 0.383323
vt 0.030777 0.623245
vt 0.047008 0.623245
vt 0.045292 0.383323
vt 0.045292 0.383323
vt 0.047008 0.623245
vt 0.063238 0.623245
vt 0.063818 0.383323
vt 0.063238 0.623245
vt 0.059030 0.998008
vt 0.068973 0.998008
vt 0.076662 0.623245
vt 0.181071 0.376755
vt 0.174260 0.001992
vt 0.163616 0.001992
vt 0.166701 0.376755
vt 0.221365 0.623245
vt 0.230325 0.998008
vt 0.238549 0.998008
vt 0.232468 0.623245
vt 0.232468 0.623245
vt 0.238549 0.998008
vt 0.249777 0.998008
vt 0.247626 0.623245
vt 0.247626 0.623245
vt 0.249777 0.998008
vt 0.262068 0.998008
vt 0.264219 0.623245
vt 0.264219 0.623245
vt 0.262068 0.998008
vt 0.273296 0.998008
vt 0.279377 0.623245
vt 0.279377 0.623245
vt 0.273296 0.998008
vt 0.281520 0.998008
vt 0.290480 0.623245
vt 0.382622 0.623245
vt 0.379538 0.998008
vt 0.390181 0.998008
vt 0.396992 0.623245
vt 0.017353 0.623245
vt 0.025043 0.998008
vt 0.034986 0.998008
vt 0.030777 0.623245
vt 0.030777 0.623245
vt 0.034986 0.998008
vt 0.047008 0.998008
vt 0.047008 0.623245
vt 0.047008 0.623245
vt 0.047008 0.998008
vt 0.059030 0.998008
vt 0.063238 0.623245
vn 0.165516 -0.790371 -0.589846
vn -0.190459 -0.895262 -0.402780
vn -0.190365 -0.895254 -0.402841
vn 0.165516 -0.790371 -0.589846
vn -0.190365 -0.895254 -0.402841
vn 0.165567 -0.790345 -0.589867
vn 0.489689 -0.546273 -0.679552
vn 0.165516 -0.790371 -0.589846
vn 0.165567 -0.790345 -0.589867
vn 0.489689 -0.546273 -0.679552
vn 0.165567 -0.790345 -0.589867
vn 0.489689 -0.546273 -0.679552
vn 0.725993 -0.205184 -0.656380
vn 0.489689 -0.546273 -0.679552
vn 0.489689 -0.546273 -0.679552
vn 0.725993 -0.205184 -0.656380
vn 0.489689 -0.546273 -0.679552
vn 0.725967 -0.205238 -0.656391
vn 0.833561 0.173905 -0.524341
vn 0.725993 -0.205184 -0.656380
vn 0.725967 -0.205238 -0.656391
vn 0.833561 0.173905 -0.524341
vn 0.725967 -0.205238 -0.656391
vn 0.833552 0.173805 -0.524389
vn -0.190459 -0.895262 -0.402780
vn -0.516572 -0.842859 -0.150803
vn -0.190365 -0.895254 -0.402841
vn -0.190459 -0.895262 -0.402780
vn -0.516671 -0.842815 -0.150711
vn -0.516572 -0.842859 -0.150803
vn -0.516671 -0.842815 -0.150711
vn -0.756650 -0.642209 0.122672
vn -0.516572 -0.842859 -0.150803
vn -0.516671 -0.842815 -0.150711
vn -0.756715 -0.642114 0.122768
vn -0.756650 -0.642209 0.122672
vn -0.756715 -0.642114 0.122768
vn -0.869082 -0.327987 0.370299
vn -0.756650 -0.642209 0.122672
vn -0.756715 -0.642114 0.122768
vn -0.869094 -0.327877 0.370367
vn -0.869082 -0.327987 0.370299
vn -0.869094 -0.327877 0.370367
vn -0.834416 0.045477 0.549256
vn -0.869082 -0.327987 0.370299
vn -0.869094 -0.327877 0.370367
vn -0.834393 0.045558 0.549284
vn -0.834416 0.045477 0.549256
vn -0.834393 0.045558 0.549284
vn -0.658639 0.413603 0.628591
vn -0.834416 0.045477 0.549256
vn -0.834393 0.045558 0.549284
vn -0.658621 0.413628 0.628593
vn -0.658639 0.413603 0.628591
vn -0.658621 0.413628 0.628593
vn -0.372147 0.712727 0.594582
vn -0.658639 0.413603 0.628591
vn -0.658621 0.413628 0.628593
vn -0.372171 0.712708 0.594589
vn -0.372147 0.712727 0.594582
vn -0.372171 0.712708 0.594589
vn -0.024483 0.891118 0.453110
vn -0.372147 0.712727 0.594582
vn -0.372171 0.712708 0.594589
vn -0.024559 0.891096 0.453150
vn -0.024483 0.891118 0.453110
vn -0.024559 0.891096 0.453150
vn 0.324226 0.917932 0.228643
vn -0.024483 0.891118 0.453110
vn -0.024559 0.891096 0.453150
vn 0.324124 0.917949 0.228722
vn 0.324226 0.917932 0.228643
vn 0.324124 0.917949 0.228722
vn 0.613682 0.788539 -0.039999
vn 0.324226 0.917932 0.228643
vn 0.324124 0.917949 0.228722
vn 0.613596 0.788611 -0.039900
vn 0.613682 0.788539 -0.039999
vn 0.613596 0.788611 -0.039900
vn 0.793838 0.525324 -0.306360
vn 0.613682 0.788539 -0.039999
vn 0.613596 0.788611 -0.039900
vn 0.793799 0.525432 -0.306275
vn 0.793838 0.525324 -0.306360
vn 0.793799 0.525432 -0.306275
vn 0.833552 0.173805 -0.524389
vn 0.793838 0.525324 -0.306360
vn 0.793799 0.525432 -0.306275
vn 0.833561 0.173905 -0.524341
vn 0.833552 0.173805 -0.524389
vn 0.516217 -0.408855 0.752568
vn 0.516217 -0.408855 0.752568
vn 0.516217 -0.408855 0.752568
vn 0.516217 -0.408855 0.752568
vn 0.516217 -0.408855 0.752568
vn 0.516217 -0.408855 0.752568
vn 0.516217 -0.408855 0.752568
vn 0.516217 -0.408855 0.752568
vn 0.516217 -0.408855 0.752568
vn 0.516217 -0.408855 0.752568
vn 0.516217 -0.408855 0.752568
vn 0.516217 -0.408855 0.752568
vn 0.516217 -0.408855 0.752568
vn 0.516217 -0.408855 0.752568
vn 0.516217 -0.408855 0.752568
vn 0.516217 -0.408855 0.752568
vn 0.516217 -0.408855 0.752568
vn 0.516217 -0.408855 0.752568
vn 0.516217 -0.408855 0.752568
vn 0.516217 -0.408855 0.752568
vn 0.516217 -0.408855 0.752568
vn 0.516217 -0.408855 0.752568
vn 0.516217 -0.408855 0.752568
vn 0.516217 -0.408855 0.752568
vn 0.516217 -0.408855 0.752568
vn 0.516217 -0.408855 0.752568
vn 0.516217 -0.408855 0.752568
vn 0.516217 -0.408855 0.752568
vn 0.516217 -0.408855 0.752568
vn 0.516217 -0.408855 0.752568
vn 0.516217 -0.408855 0.752568
vn 0.516217 -0.408855 0.752568
vn 0.516217 -0.408855 0.752568
vn 0.516217 -0.408855 0.752568
vn 0.516217 -0.408855 0.752568
vn 0.516217 -0.408855 0.752568
vn 0.516217 -0.408855 0.752568
vn 0.516217 -0.408855 0.752568
vn 0.516217 -0.408855 0.752568
vn -0.516217 0.408855 -0.752568
vn -0.516217 0.408855 -0.752568
vn -0.516217 0.408855 -0.752568
vn -0.516217 0.408855 -0.752568
vn -0.516217 0.408855 -0.752568
vn -0.516217 0.408855 -0.752568
vn -0.516217 0.408855 -0.752568
vn -0.516217 0.408855 -0.752568
vn -0.516217 0.408855 -0.752568
vn -0.516217 0.408855 -0.752568
vn -0.516217 0.408855 -0.752568
vn -0.516217 0.408855 -0.752568
vn -0.516217 0.408855 -0.752568
vn -0.516217 0.408855 -0.752568
vn -0.516217 0.408855 -0.752568
vn -0.516217 0.408855 -0.752568
vn -0.516217 0.408855 -0.752568
vn -0.516217 0.408855 -0.752568
vn -0.516217 0.408855 -0.752568
vn -0.516217 0.408855 -0.752568
vn -0.516217 0.408855 -0.752568
vn -0.516217 0.408855 -0.752568
vn -0.516217 0.408855 -0.752568
vn -0.516217 0.408855 -0.752568
vn -0.516217 0.408855 -0.752568
vn -0.516217 0.408855 -0.752568
vn -0.516217 0.408855 -0.752568
vn -0.516217 0.408855 -0.752568
vn -0.516217 0.408855 -0.752568
vn -0.516217 0.408855 -0.752568
vn -0.516217 0.408855 -0.752568
vn -0.516217 0.408855 -0.752568
vn -0.516217 0.408855 -0.752568
vn -0.516217 0.408855 -0.752568
vn -0.516217 0.408855 -0.752568
vn -0.516217 0.408855 -0.752568
vn -0.516217 0.408855 -0.752568
vn -0.516217 0.408855 -0.752568
vn -0.516217 0.408855 -0.752568
vn -0.042626 -0.834624 -0.549168
vn -0.042626 -0.834624 -0.549168
vn -0.042626 -0.834624 -0.549168
vn -0.042626 -0.834624 -0.549168
vn -0.042626 -0.834624 -0.549168
vn -0.042626 -0.834624 -0.549168
vn -0.378288 -0.872940 -0.308015
vn -0.378288 -0.872940 -0.308015
vn -0.378288 -0.872940 -0.308015
vn -0.378288 -0.872940 -0.308015
vn -0.378288 -0.872940 -0.308015
vn -0.378288 -0.872940 -0.308015
vn -0.651860 -0.758174 -0.015865
vn -0.651860 -0.758174 -0.015865
vn -0.651860 -0.758174 -0.015865
vn -0.651860 -0.758174 -0.015865
vn -0.651860 -0.758174 -0.015865
vn -0.651860 -0.758174 -0.015865
vn -0.814940 -0.509367 0.276437
vn -0.814940 -0.509367 0.276437
vn -0.814940 -0.509367 0.276437
vn -0.814940 -0.509367 0.276437
vn -0.814940 -0.509367 0.276437
vn -0.814940 -0.509367 0.276437
vn -0.838640 -0.170069 0.517454
vn -0.838640 -0.170069 0.517454
vn -0.838640 -0.170069 0.517454
vn -0.838640 -0.170069 0.517454
vn -0.838640 -0.170069 0.517454
vn -0.838640 -0.170069 0.517454
vn -0.719313 0.200118 0.665238
vn -0.719313 0.200118 0.665238
vn -0.719313 0.200118 0.665238
vn -0.719313 0.200118 0.665238
vn -0.719313 0.200118 0.665238
vn -0.719313 0.200118 0.665238
vn -0.478333 0.537127 0.694761
vn -0.478333 0.537127 0.694761
vn -0.478333 0.537127 0.694760
vn -0.478333 0.537127 0.694761
vn -0.478333 0.537127 0.694761
vn -0.478333 0.537127 0.694761
vn -0.157299 0.783381 0.601307
vn -0.157299 0.783381 0.601307
vn -0.157299 0.783381 0.601307
vn -0.157299 0.783381 0.601307
vn -0.157299 0.783381 0.601307
vn -0.157299 0.783381 0.601307
vn 0.188936 0.896530 0.400672
vn 0.188936 0.896530 0.400672
vn 0.188936 0.896530 0.400672
vn 0.188936 0.896530 0.400672
vn 0.188936 0.896530 0.400672
vn 0.188936 0.896530 0.400672
vn 0.500604 0.856305 0.127030
vn 0.500604 0.856305 0.127030
vn 0.500604 0.856305 0.127030
vn 0.500604 0.856305 0.127030
vn 0.500604 0.856305 0.127030
vn 0.500604 0.856305 0.127030
vn 0.723016 0.669067 -0.172037
vn 0.723016 0.669067 -0.172037
vn 0.723016 0.669067 -0.172037
vn 0.723016 0.669067 -0.172037
vn 0.723016 0.669067 -0.172037
vn 0.723016 0.669067 -0.172037
vn 0.723016 0.669067 -0.172037
vn 0.723016 0.669067 -0.172037
vn 0.733004 0.661633 -0.157946
vn 0.723016 0.669067 -0.172037
vn 0.733004 0.661633 -0.157946
vn 0.733004 0.661633 -0.157946
vn 0.733004 0.661633 -0.157946
vn 0.733004 0.661633 -0.157946
vn 0.729039 0.664635 -0.163590
vn 0.733004 0.661633 -0.157946
vn 0.729039 0.664635 -0.163590
vn 0.729039 0.664635 -0.163590
vn 0.817104 0.367760 -0.443952
vn 0.817104 0.367760 -0.443952
vn 0.817104 0.367760 -0.443952
vn 0.817104 0.367760 -0.443952
vn 0.817104 0.367760 -0.443953
vn 0.817104 0.367760 -0.443952
vn 0.767187 0.005676 -0.641398
vn 0.767187 0.005676 -0.641398
vn 0.767187 0.005676 -0.641398
vn 0.767187 0.005676 -0.641398
vn 0.767187 0.005676 -0.641398
vn 0.767187 0.005676 -0.641398
vn 0.583110 -0.354322 -0.731053
vn 0.583110 -0.354322 -0.731053
vn 0.583110 -0.354322 -0.731053
vn 0.583110 -0.354322 -0.731053
vn 0.583110 -0.354322 -0.731053
vn 0.583110 -0.354322 -0.731053
vn 0.297027 -0.651124 -0.698436
vn 0.297027 -0.651124 -0.698436
vn 0.297027 -0.651124 -0.698436
vn 0.297027 -0.651124 -0.698436
vn 0.297027 -0.651124 -0.698436
vn 0.297027 -0.651124 -0.698436
vn 0.037911 -0.900603 -0.432987
vn 0.037911 -0.900603 -0.432987
vn 0.037911 -0.900603 -0.432987
vn 0.037911 -0.900603 -0.432987
vn 0.037911 -0.900603 -0.432987
vn 0.037911 -0.900603 -0.432987
vn -0.324754 -0.917528 -0.229517
vn -0.324754 -0.917528 -0.229516
vn -0.324754 -0.917528 -0.229517
vn -0.324754 -0.917528 -0.229517
vn -0.324754 -0.917528 -0.229516
vn -0.324754 -0.917528 -0.229516
vn -0.633107 -0.773969 0.012164
vn -0.633107 -0.773969 0.012164
vn -0.633107 -0.773969 0.012164
vn -0.633107 -0.773969 0.012164
vn -0.633107 -0.773969 0.012164
vn -0.633107 -0.773969 0.012164
vn -0.633107 -0.773969 0.012164
vn -0.633107 -0.773969 0.012164
vn -0.641922 -0.766770 -0.000846
vn -0.633107 -0.773969 0.012164
vn -0.641922 -0.766770 -0.000846
vn -0.641922 -0.766770 -0.000846
vn -0.832547 -0.494522 0.249628
vn -0.832547 -0.494522 0.249628
vn -0.832547 -0.494522 0.249628
vn -0.832547 -0.494522 0.249628
vn -0.832547 -0.494522 0.249628
vn -0.832547 -0.494522 0.249628
vn -0.832547 -0.494522 0.249628
vn -0.832547 -0.494522 0.249628
vn -0.822140 -0.503476 0.265702
vn -0.832547 -0.494522 0.249628
vn -0.822140 -0.503476 0.265702
vn -0.822140 -0.503476 0.265702
vn -0.888204 -0.128812 0.441023
vn -0.888204 -0.128812 0.441023
vn -0.888204 -0.128812 0.441023
vn -0.888204 -0.128812 0.441023
vn -0.888204 -0.128812 0.441023
vn -0.888204 -0.128812 0.441023
vn -0.791662 0.258782 0.553447
vn -0.791662 0.258782 0.553447
vn -0.791662 0.258782 0.553447
vn -0.791662 0.258782 0.553447
vn -0.791662 0.258782 0.553447
vn -0.791662 0.258782 0.553447
vn -0.560909 0.601856 0.568463
vn -0.560909 0.601856 0.568463
vn -0.560909 0.601856 0.568463
vn -0.560909 0.601856 0.568463
vn -0.560909 0.601856 0.568463
vn -0.560909 0.601856 0.568463
vn -0.235529 0.842767 0.484014
vn -0.235529 0.842767 0.484014
vn -0.235529 0.842767 0.484014
vn -0.235529 0.842767 0.484014
vn -0.235529 0.842767 0.484014
vn -0.235529 0.842767 0.484014
vn 0.129773 0.940487 0.314074
vn 0.129773 0.940487 0.314074
vn 0.129773 0.940487 0.314074
vn 0.129773 0.940487 0.314074
vn 0.129773 0.940487 0.314074
vn 0.129773 0.940487 0.314074
vn 0.472676 0.876928 0.087035
vn 0.472676 0.876928 0.087035
vn 0.472676 0.876928 0.087035
vn 0.472676 0.876928 0.087035
vn 0.472676 0.876928 0.087035
vn 0.472676 0.876928 0.087035
vn 0.472676 0.876928 0.087035
vn 0.472676 0.876928 0.087035
vn 0.488902 0.865367 0.110070
vn 0.472676 0.876928 0.087035
vn 0.488902 0.865367 0.110070
vn 0.488902 0.865367 0.110070
vn 0.864394 0.331953 -0.377665
vn 0.864394 0.331953 -0.377665
vn 0.864394 0.331953 -0.377665
vn 0.864394 0.331953 -0.377665
vn 0.864394 0.331953 -0.377665
vn 0.864394 0.331953 -0.377665
vn 0.844077 -0.053753 -0.533521
vn 0.844077 -0.053753 -0.533521
vn 0.844077 -0.053753 -0.533521
vn 0.844077 -0.053753 -0.533521
vn 0.844077 -0.053753 -0.533521
vn 0.844077 -0.053753 -0.533521
vn 0.676704 -0.428153 -0.598963
vn 0.676704 -0.428153 -0.598963
vn 0.676704 -0.428153 -0.598963
vn 0.676704 -0.428153 -0.598963
vn 0.676704 -0.428153 -0.598963
vn 0.676704 -0.428153 -0.598963
vn 0.391814 -0.727359 -0.563409
vn 0.391814 -0.727359 -0.563409
vn 0.391814 -0.727359 -0.563409
vn 0.391814 -0.727359 -0.563409
vn 0.391814 -0.727359 -0.563409
vn 0.391814 -0.727359 -0.563409
vn -0.003530 -0.869308 -0.494258
vn -0.003530 -0.869308 -0.494258
vn -0.003530 -0.869308 -0.494258
vn -0.003530 -0.869308 -0.494258
vn -0.003530 -0.869308 -0.494258
vn -0.003530 -0.869308 -0.494258
vn -0.352363 -0.896172 -0.269659
vn -0.352363 -0.896172 -0.269659
vn -0.352363 -0.896172 -0.269659
vn -0.352363 -0.896172 -0.269659
vn -0.352363 -0.896172 -0.269659
vn -0.352363 -0.896172 -0.269659
vn -0.861857 -0.151818 0.483895
vn -0.861857 -0.151818 0.483895
vn -0.861857 -0.151818 0.483895
vn -0.861857 -0.151818 0.483895
vn -0.861857 -0.151818 0.483895
vn -0.861857 -0.151818 0.483895
vn -0.754205 0.227400 0.616007
vn -0.754205 0.227400 0.616006
vn -0.754205 0.227400 0.616006
vn -0.754205 0.227400 0.616007
vn -0.754205 0.227400 0.616006
vn -0.754205 0.227400 0.616006
vn -0.517799 0.568608 0.639194
vn -0.517799 0.568608 0.639194
vn -0.517799 0.568608 0.639194
vn -0.517799 0.568608 0.639194
vn -0.517799 0.568608 0.639194
vn -0.517799 0.568608 0.639194
vn -0.193515 0.812809 0.549448
vn -0.193515 0.812809 0.549448
vn -0.193515 0.812809 0.549448
vn -0.193515 0.812809 0.549448
vn -0.193515 0.812809 0.549448
vn -0.193515 0.812809 0.549448
vn 0.162575 0.917779 0.362286
vn 0.162575 0.917779 0.362286
vn 0.162575 0.917779 0.362286
vn 0.162575 0.917779 0.362286
vn 0.162575 0.917779 0.362286
vn 0.162575 0.917779 0.362286
vn 0.841466 0.350290 -0.411377
vn 0.841466 0.350290 -0.411377
vn 0.841466 0.350290 -0.411377
vn 0.841466 0.350290 -0.411377
vn 0.841466 0.350290 -0.411377
vn 0.841466 0.350290 -0.411377
vn 0.806742 -0.023313 -0.590444
vn 0.806742 -0.023313 -0.590444
vn 0.806742 -0.023313 -0.590444
vn 0.806742 -0.023313 -0.590444
vn 0.806742 -0.023313 -0.590444
vn 0.806742 -0.023313 -0.590444
vn 0.630869 -0.391577 -0.669830
vn 0.630869 -0.391577 -0.669830
vn 0.630869 -0.391577 -0.669830
vn 0.630869 -0.391577 -0.669830
vn 0.630869 -0.391577 -0.669830
vn 0.630869 -0.391577 -0.669830
vn 0.344259 -0.690823 -0.635806
vn 0.344259 -0.690823 -0.635806
vn 0.344259 -0.690823 -0.635806
vn 0.344259 -0.690823 -0.635806
vn 0.344259 -0.690823 -0.635806
vn 0.344259 -0.690823 -0.635806
s off
g cherry_tree group1 pCylinder11
usemtl pCylinder2SG
f 781/2455/4573 783/2457/4574 782/2456/4575
f 781/2455/4576 782/2456/4577 784/2458/4578
f 785/2459/4579 781/2455/4580 784/2458/4581
f 785/2459/4582 784/2458/4583 786/2460/4584
f 787/2461/4585 785/2459/4586 786/2460/4587
f 787/2461/4588 786/2460/4589 788/2462/4590
f 789/2463/4591 787/2461/4592 788/2462/4593
f 789/2463/4594 788/2462/4595 790/2464/4596
f 783/2465/4597 791/2467/4598 782/2466/4599
f 783/2465/4600 792/2468/4601 791/2467/4602
f 792/2468/4603 793/2469/4604 791/2467/4605
f 792/2468/4606 794/2470/4607 793/2469/4608
f 794/2470/4609 795/2471/4610 793/2469/4611
f 794/2470/4612 796/2472/4613 795/2471/4614
f 796/2473/4615 797/2475/4616 795/2474/4617
f 796/2473/4618 798/2476/4619 797/2475/4620
f 798/2476/4621 799/2477/4622 797/2475/4623
f 798/2476/4624 800/2478/4625 799/2477/4626
f 800/2478/4627 801/2479/4628 799/2477/4629
f 800/2478/4630 802/2480/4631 801/2479/4632
f 802/2480/4633 803/2481/4634 801/2479/4635
f 802/2480/4636 804/2482/4637 803/2481/4638
f 804/2482/4639 805/2483/4640 803/2481/4641
f 804/2482/4642 806/2484/4643 805/2483/4644
f 806/2485/4645 807/2487/4646 805/2486/4647
f 806/2485/4648 808/2488/4649 807/2487/4650
f 808/2488/4651 809/2489/4652 807/2487/4653
f 808/2488/4654 810/2490/4655 809/2489/4656
f 810/2490/4657 790/2491/4658 809/2489/4659
f 810/2490/4660 789/2492/4661 790/2491/4662
f 792/2493/4663 796/2495/4664 794/2494/4665
f 796/2495/4666 792/2493/4667 783/2496/4668
f 796/2495/4669 783/2496/4670 798/2497/4671
f 798/2497/4672 783/2496/4673 781/2498/4674
f 798/2497/4675 781/2498/4676 800/2499/4677
f 800/2499/4678 781/2498/4679 785/2500/4680
f 800/2499/4681 785/2500/4682 802/2501/4683
f 802/2501/4684 785/2500/4685 787/2502/4686
f 802/2501/4687 787/2502/4688 804/2503/4689
f 804/2503/4690 787/2502/4691 789/2504/4692
f 804/2503/4693 789/2504/4694 806/2505/4695
f 806/2505/4696 789/2504/4697 810/2506/4698
f 806/2505/4699 810/2506/4700 808/2507/4701
f 811/2508/4702 813/2510/4703 812/2509/4704
f 813/2510/4705 811/2508/4706 814/2511/4707
f 814/2511/4708 811/2508/4709 815/2512/4710
f 814/2511/4711 815/2512/4712 816/2513/4713
f 816/2513/4714 815/2512/4715 817/2514/4716
f 816/2513/4717 817/2514/4718 818/2515/4719
f 818/2515/4720 817/2514/4721 819/2516/4722
f 818/2515/4723 819/2516/4724 820/2517/4725
f 820/2517/4726 819/2516/4727 821/2518/4728
f 820/2517/4729 821/2518/4730 822/2519/4731
f 822/2519/4732 821/2518/4733 823/2520/4734
f 822/2519/4735 823/2520/4736 824/2521/4737
f 824/2521/4738 823/2520/4739 825/2522/4740
f 784/2523/4741 827/2525/4742 826/2524/4743
f 784/2523/4744 782/2526/4745 827/2525/4746
f 782/2527/4747 828/2529/4748 827/2528/4749
f 782/2527/4750 791/2530/4751 828/2529/4752
f 791/2531/4753 829/2533/4754 828/2532/4755
f 791/2531/4756 793/2534/4757 829/2533/4758
f 793/2535/4759 830/2537/4760 829/2536/4761
f 793/2535/4762 795/2538/4763 830/2537/4764
f 795/2539/4765 831/2541/4766 830/2540/4767
f 795/2539/4768 797/2542/4769 831/2541/4770
f 797/2543/4771 832/2545/4772 831/2544/4773
f 797/2543/4774 799/2546/4775 832/2545/4776
f 799/2547/4777 833/2549/4778 832/2548/4779
f 799/2547/4780 801/2550/4781 833/2549/4782
f 801/2551/4783 834/2553/4784 833/2552/4785
f 801/2551/4786 803/2554/4787 834/2553/4788
f 803/2555/4789 835/2557/4790 834/2556/4791
f 803/2555/4792 805/2558/4793 835/2557/4794
f 805/2559/4795 836/2561/4796 835/2560/4797
f 805/2559/4798 807/2562/4799 836/2561/4800
f 807/2563/4801 809/2565/4802 837/2564/4803
f 807/2563/4804 837/2564/4805 836/2566/4806
f 836/2566/4807 837/2564/4808 838/2567/4809
f 836/2566/4810 838/2567/4811 839/2568/4812
f 839/2568/4813 838/2567/4814 824/2569/4815
f 839/2568/4816 824/2569/4817 825/2570/4818
f 809/2571/4819 840/2573/4820 837/2572/4821
f 809/2571/4822 790/2574/4823 840/2573/4824
f 790/2575/4825 841/2577/4826 840/2576/4827
f 790/2575/4828 788/2578/4829 841/2577/4830
f 788/2579/4831 842/2581/4832 841/2580/4833
f 788/2579/4834 786/2582/4835 842/2581/4836
f 786/2583/4837 826/2585/4838 842/2584/4839
f 786/2583/4840 784/2586/4841 826/2585/4842
f 826/2587/4843 844/2589/4844 843/2588/4845
f 826/2587/4846 827/2590/4847 844/2589/4848
f 827/2591/4849 845/2593/4850 844/2592/4851
f 827/2591/4852 828/2594/4853 845/2593/4854
f 828/2595/4855 829/2597/4856 846/2596/4857
f 828/2595/4858 846/2596/4859 845/2598/4860
f 845/2598/4861 846/2596/4862 812/2599/4863
f 845/2598/4864 812/2599/4865 813/2600/4866
f 829/2601/4867 830/2603/4868 847/2602/4869
f 829/2601/4870 847/2602/4871 846/2604/4872
f 846/2604/4873 847/2602/4874 811/2605/4875
f 846/2604/4876 811/2605/4877 812/2606/4878
f 830/2607/4879 848/2609/4880 847/2608/4881
f 830/2607/4882 831/2610/4883 848/2609/4884
f 831/2611/4885 849/2613/4886 848/2612/4887
f 831/2611/4888 832/2614/4889 849/2613/4890
f 832/2615/4891 850/2617/4892 849/2616/4893
f 832/2615/4894 833/2618/4895 850/2617/4896
f 833/2619/4897 851/2621/4898 850/2620/4899
f 833/2619/4900 834/2622/4901 851/2621/4902
f 834/2623/4903 852/2625/4904 851/2624/4905
f 834/2623/4906 835/2626/4907 852/2625/4908
f 835/2627/4909 836/2629/4910 839/2628/4911
f 835/2627/4912 839/2628/4913 852/2630/4914
f 852/2630/4915 839/2628/4916 825/2631/4917
f 852/2630/4918 825/2631/4919 823/2632/4920
f 837/2633/4921 853/2635/4922 838/2634/4923
f 837/2633/4924 840/2636/4925 853/2635/4926
f 840/2637/4927 854/2639/4928 853/2638/4929
f 840/2637/4930 841/2640/4931 854/2639/4932
f 841/2641/4933 855/2643/4934 854/2642/4935
f 841/2641/4936 842/2644/4937 855/2643/4938
f 842/2645/4939 843/2647/4940 855/2646/4941
f 842/2645/4942 826/2648/4943 843/2647/4944
f 843/2649/4945 814/2651/4946 816/2650/4947
f 843/2649/4948 844/2652/4949 814/2651/4950
f 844/2653/4951 813/2655/4952 814/2654/4953
f 844/2653/4954 845/2656/4955 813/2655/4956
f 847/2657/4957 815/2659/4958 811/2658/4959
f 847/2657/4960 848/2660/4961 815/2659/4962
f 848/2661/4963 817/2663/4964 815/2662/4965
f 848/2661/4966 849/2664/4967 817/2663/4968
f 849/2665/4969 819/2667/4970 817/2666/4971
f 849/2665/4972 850/2668/4973 819/2667/4974
f 850/2669/4975 821/2671/4976 819/2670/4977
f 850/2669/4978 851/2672/4979 821/2671/4980
f 851/2673/4981 823/2675/4982 821/2674/4983
f 851/2673/4984 852/2676/4985 823/2675/4986
f 838/2677/4987 822/2679/4988 824/2678/4989
f 838/2677/4990 853/2680/4991 822/2679/4992
f 853/2681/4993 820/2683/4994 822/2682/4995
f 853/2681/4996 854/2684/4997 820/2683/4998
f 854/2685/4999 818/2687/5000 820/2686/5001
f 854/2685/5002 855/2688/5003 818/2687/5004
f 855/2689/5005 816/2691/5006 818/2690/5007
f 855/2689/5008 843/2692/5009 816/2691/5010
g default
v -129.359018 277.685713 903.979373
v -111.035758 290.991077 890.565806
v -124.377610 275.043878 905.698714
v -115.547912 293.384038 889.008445
v -134.044422 278.620186 900.526307
v -119.791937 294.230510 885.880675
v -137.623677 277.685713 895.936569
v -123.034006 293.384059 881.723304
v -139.477888 275.043866 891.003771
v -124.713548 290.991068 877.255197
v -107.035686 287.465347 890.283483
v -119.961508 271.151441 905.387013
v -104.239321 283.416466 888.210272
v -116.874328 266.681464 903.098195
v -103.130190 279.544538 884.704658
v -115.649839 262.406887 899.227987
v -103.900081 276.519072 880.372808
v -116.499795 259.066763 894.445616
v -106.415875 274.863175 875.963732
v -119.277224 257.238633 889.577980
v -110.242530 274.863173 872.239769
v -123.501881 257.238623 885.466745
v -114.718422 276.519060 869.844859
v -128.443264 259.066763 882.822756
v -119.069631 279.544528 869.193110
v -133.246990 262.406887 882.103212
v -122.543766 283.416466 870.397188
v -137.082456 266.681464 883.432531
v -124.540132 287.465357 873.248908
v -139.286452 271.151453 886.580840
v -0.994583 476.900135 719.519511
v -1.236889 477.745883 720.285319
v -1.847718 478.630335 720.738180
v -2.721483 479.400505 720.799872
v -1.162781 476.239231 718.573289
v -3.707105 479.923246 720.459642
v -1.712343 475.877517 717.610152
v -4.634197 480.108120 719.776429
v -2.548227 475.877511 716.796700
v -5.342397 479.923220 718.868290
v -3.525955 476.239218 716.273573
v -5.709297 479.400492 717.892284
v -4.476414 476.900117 716.131198
v -5.671389 478.630361 717.017109
v -5.235316 477.745896 716.394204
v -84.956018 321.528874 856.194407
v -81.274302 319.576303 857.465142
v -78.010423 316.699466 857.234779
v -75.728723 313.395724 855.543143
v -44.703553 359.590975 821.810727
v -46.702497 362.485317 823.292742
v -0.682344 415.581541 773.181145
v -2.162990 417.725432 774.278876
v -74.823707 310.236436 852.682708
v -43.910674 356.823167 819.304748
v -0.095050 413.531449 771.324934
v -75.451910 307.767802 849.148118
v -77.504679 306.416665 845.550495
v -80.627068 306.416665 842.511922
v -84.279192 307.767789 840.557779
v -87.829583 310.236449 840.025975
v -90.664319 313.395759 841.008453
v -57.788413 359.590995 809.077083
v -55.304939 356.823167 808.216349
v -10.374368 415.581579 763.749264
v -8.534842 413.531448 763.111734
v -92.293270 316.699454 843.335324
v -59.215517 362.485286 811.115638
v -11.431423 417.725445 765.259222
v -92.434761 319.576303 846.604272
v -91.064340 321.528874 850.250057
v -88.418945 322.219525 853.642278
v -52.787436 366.716291 822.381285
v -49.561952 365.005702 823.494578
v -44.461034 354.660387 816.208145
v -46.259419 353.476697 813.056306
v -48.994899 353.476685 810.394243
v -52.194492 354.660418 808.682265
v -59.339475 365.005702 813.979521
v -58.138850 366.716291 817.173523
v -55.821281 367.321350 820.145420
v -4.280979 419.592263 774.428363
v -6.670103 420.859335 773.603747
v -0.502719 411.929486 769.031268
v -1.834807 411.052714 766.696703
v -3.860981 411.052702 764.724905
v -6.230949 411.929460 763.456848
v -11.523263 419.592237 767.380533
v -10.633949 420.859334 769.746341
v -8.917294 421.307514 771.947630
vt 0.430526 0.001992
vt 0.443151 0.087844
vt 0.446468 0.001992
vt 0.428710 0.087844
vt 0.411250 0.001992
vt 0.411250 0.087844
vt 0.391975 0.001992
vt 0.393791 0.087844
vt 0.376032 0.001992
vt 0.379350 0.087844
vt 0.520299 0.998008
vt 0.517360 0.912156
vt 0.501902 0.912156
vt 0.503233 0.998008
vt 0.484150 0.912156
vt 0.483635 0.998008
vt 0.467174 0.912156
vt 0.464893 0.998008
vt 0.001545 0.001992
vt 0.005412 0.087844
vt 0.017355 0.087844
vt 0.014731 0.001992
vt 0.033662 0.087844
vt 0.032734 0.001992
vt 0.051512 0.087844
vt 0.052440 0.001992
vt 0.067818 0.087844
vt 0.070442 0.001992
vt 0.079762 0.087844
vt 0.083628 0.001992
vt 0.180989 0.001992
vt 0.183270 0.087844
vt 0.200246 0.087844
vt 0.199731 0.001992
vt 0.217998 0.087844
vt 0.219329 0.001992
vt 0.233456 0.087844
vt 0.236395 0.001992
vt 0.741548 0.004052
vt 0.721950 0.001992
vt 0.703209 0.008082
vt 0.758614 0.013905
vt 0.688564 0.021267
vt 0.770197 0.029847
vt 0.680549 0.039270
vt 0.774294 0.049123
vt 0.680549 0.058976
vt 0.770197 0.068398
vt 0.688564 0.076978
vt 0.758614 0.084341
vt 0.703209 0.090164
vt 0.741548 0.094194
vt 0.721950 0.096253
vt 0.659380 0.019438
vt 0.663088 0.020643
vt 0.666966 0.020235
vt 0.670343 0.018286
vt 0.656482 0.016829
vt 0.672634 0.015131
vt 0.654896 0.013267
vt 0.673445 0.011317
vt 0.654896 0.009368
vt 0.672634 0.007504
vt 0.656482 0.005806
vt 0.670343 0.004349
vt 0.659380 0.003197
vt 0.666966 0.002400
vt 0.663088 0.001992
vt 0.428710 0.087844
vt 0.425497 0.263039
vt 0.437280 0.263039
vt 0.443151 0.087844
vt 0.517360 0.912156
vt 0.494012 0.736960
vt 0.481398 0.736960
vt 0.501902 0.912156
vt 0.501902 0.912156
vt 0.466914 0.736961
vt 0.484150 0.912156
vt 0.481398 0.736960
vt 0.485563 0.520274
vt 0.498253 0.520274
vt 0.486482 0.232088
vt 0.495882 0.232088
vt 0.484150 0.912156
vt 0.453062 0.736960
vt 0.467174 0.912156
vt 0.466914 0.736961
vt 0.473428 0.520274
vt 0.485563 0.520274
vt 0.477493 0.232088
vt 0.486482 0.232088
vt 0.005412 0.087844
vt 0.012254 0.263039
vt 0.021999 0.263039
vt 0.017355 0.087844
vt 0.017355 0.087844
vt 0.021999 0.263039
vt 0.035305 0.263039
vt 0.033662 0.087844
vt 0.033662 0.087844
vt 0.035305 0.263039
vt 0.049869 0.263039
vt 0.051512 0.087844
vt 0.051512 0.087844
vt 0.049869 0.263039
vt 0.063174 0.263039
vt 0.067818 0.087844
vt 0.067818 0.087844
vt 0.063174 0.263039
vt 0.072920 0.263039
vt 0.079762 0.087844
vt 0.183270 0.087844
vt 0.183010 0.263039
vt 0.200246 0.087844
vt 0.169158 0.263039
vt 0.201659 0.479726
vt 0.189524 0.479726
vt 0.202578 0.767912
vt 0.193590 0.767912
vt 0.200246 0.087844
vt 0.197494 0.263039
vt 0.217998 0.087844
vt 0.183010 0.263039
vt 0.214349 0.479726
vt 0.201659 0.479726
vt 0.211978 0.767912
vt 0.202578 0.767912
vt 0.217998 0.087844
vt 0.197494 0.263039
vt 0.210108 0.263039
vt 0.233456 0.087844
vt 0.379350 0.087844
vt 0.385221 0.263039
vt 0.397004 0.263039
vt 0.393791 0.087844
vt 0.393791 0.087844
vt 0.397004 0.263039
vt 0.411250 0.263039
vt 0.411250 0.087844
vt 0.411250 0.087844
vt 0.411250 0.263039
vt 0.425497 0.263039
vt 0.428710 0.087844
vt 0.425497 0.263039
vt 0.423731 0.479726
vt 0.434054 0.479726
vt 0.437280 0.263039
vt 0.494012 0.736960
vt 0.509304 0.520274
vt 0.498253 0.520274
vt 0.481398 0.736960
vt 0.012254 0.263039
vt 0.016012 0.479726
vt 0.024550 0.479726
vt 0.021999 0.263039
vt 0.021999 0.263039
vt 0.024550 0.479726
vt 0.036207 0.479726
vt 0.035305 0.263039
vt 0.035305 0.263039
vt 0.036207 0.479726
vt 0.048967 0.479726
vt 0.049869 0.263039
vt 0.049869 0.263039
vt 0.048967 0.479726
vt 0.060623 0.479726
vt 0.063174 0.263039
vt 0.063174 0.263039
vt 0.060623 0.479726
vt 0.069161 0.479726
vt 0.072920 0.263039
vt 0.197494 0.263039
vt 0.214349 0.479726
vt 0.225400 0.479726
vt 0.210108 0.263039
vt 0.385221 0.263039
vt 0.388447 0.479726
vt 0.398769 0.479726
vt 0.397004 0.263039
vt 0.397004 0.263039
vt 0.398769 0.479726
vt 0.411250 0.479725
vt 0.411250 0.263039
vt 0.411250 0.263039
vt 0.411250 0.479725
vt 0.423731 0.479726
vt 0.425497 0.263039
vt 0.423731 0.479726
vt 0.428141 0.767912
vt 0.434054 0.479726
vt 0.420495 0.767912
vt 0.306848 0.998008
vt 0.303693 0.998008
vt 0.509304 0.520274
vt 0.504067 0.232088
vt 0.495882 0.232088
vt 0.498253 0.520274
vt 0.016012 0.479726
vt 0.022903 0.767912
vt 0.029227 0.767912
vt 0.024550 0.479726
vt 0.024550 0.479726
vt 0.029227 0.767912
vt 0.037861 0.767912
vt 0.036207 0.479726
vt 0.036207 0.479726
vt 0.037861 0.767912
vt 0.047312 0.767912
vt 0.048967 0.479726
vt 0.048967 0.479726
vt 0.047312 0.767912
vt 0.055946 0.767912
vt 0.060623 0.479726
vt 0.060623 0.479726
vt 0.055946 0.767912
vt 0.062271 0.767912
vt 0.069161 0.479726
vt 0.214349 0.479726
vt 0.211978 0.767912
vt 0.220162 0.767912
vt 0.225400 0.479726
vt 0.388447 0.479726
vt 0.394359 0.767912
vt 0.402006 0.767912
vt 0.398769 0.479726
vt 0.398769 0.479726
vt 0.402006 0.767912
vt 0.411250 0.767912
vt 0.411250 0.479725
vt 0.411250 0.479725
vt 0.411250 0.767912
vt 0.420495 0.767912
vt 0.423731 0.479726
vt 0.504067 0.232088
vt 0.571021 0.001992
vt 0.567644 0.001992
vt 0.495882 0.232088
vt 0.495882 0.232088
vt 0.567644 0.001992
vt 0.563767 0.001992
vt 0.486482 0.232088
vt 0.585804 0.145293
vt 0.663088 0.020643
vt 0.659380 0.019438
vt 0.576815 0.142372
vt 0.022903 0.767912
vt 0.145837 0.998008
vt 0.148446 0.998008
vt 0.029227 0.767912
vt 0.029227 0.767912
vt 0.148446 0.998008
vt 0.152008 0.998008
vt 0.037861 0.767912
vt 0.037861 0.767912
vt 0.152008 0.998008
vt 0.155907 0.998008
vt 0.047312 0.767912
vt 0.047312 0.767912
vt 0.155907 0.998008
vt 0.159469 0.998008
vt 0.055946 0.767912
vt 0.055946 0.767912
vt 0.159469 0.998008
vt 0.162078 0.998008
vt 0.062271 0.767912
vt 0.193590 0.767912
vt 0.276154 0.998008
vt 0.279863 0.998008
vt 0.202578 0.767912
vt 0.202578 0.767912
vt 0.279863 0.998008
vt 0.283740 0.998008
vt 0.211978 0.767912
vt 0.211978 0.767912
vt 0.283740 0.998008
vt 0.287117 0.998008
vt 0.220162 0.767912
vt 0.394359 0.767912
vt 0.292911 0.998008
vt 0.296065 0.998008
vt 0.402006 0.767912
vt 0.402006 0.767912
vt 0.296065 0.998008
vt 0.299879 0.998008
vt 0.411250 0.767912
vt 0.411250 0.767912
vt 0.299879 0.998008
vt 0.303693 0.998008
vt 0.420495 0.767912
vn -0.093234 0.728870 0.678274
vn 0.257779 0.542827 0.799306
vn 0.257688 0.542890 0.799292
vn -0.093234 0.728870 0.678274
vn 0.257688 0.542890 0.799292
vn -0.093285 0.728889 0.678246
vn -0.423355 0.794680 0.435033
vn -0.093234 0.728870 0.678274
vn -0.093285 0.728889 0.678246
vn -0.423355 0.794680 0.435033
vn -0.093285 0.728889 0.678246
vn -0.423355 0.794680 0.435033
vn -0.675487 0.728870 0.111651
vn -0.423355 0.794680 0.435033
vn -0.423355 0.794680 0.435033
vn -0.675487 0.728870 0.111651
vn -0.423355 0.794680 0.435033
vn -0.675458 0.728889 0.111701
vn -0.806023 0.542826 -0.235939
vn -0.675487 0.728870 0.111651
vn -0.675458 0.728889 0.111701
vn -0.806023 0.542826 -0.235939
vn -0.675458 0.728889 0.111701
vn -0.806007 0.542889 -0.235849
vn 0.257779 0.542827 0.799306
vn 0.568885 0.268834 0.777238
vn 0.257688 0.542890 0.799292
vn 0.257779 0.542827 0.799306
vn 0.568978 0.268730 0.777205
vn 0.568885 0.268834 0.777238
vn 0.568978 0.268730 0.777205
vn 0.786494 -0.045894 0.615890
vn 0.568885 0.268834 0.777238
vn 0.568978 0.268730 0.777205
vn 0.786550 -0.046007 0.615810
vn 0.786494 -0.045894 0.615890
vn 0.786550 -0.046007 0.615810
vn 0.872886 -0.346879 0.343140
vn 0.786494 -0.045894 0.615890
vn 0.786550 -0.046007 0.615810
vn 0.872890 -0.346964 0.343043
vn 0.872886 -0.346879 0.343140
vn 0.872890 -0.346964 0.343043
vn 0.813114 -0.582072 0.006146
vn 0.872886 -0.346879 0.343140
vn 0.872890 -0.346964 0.343043
vn 0.813086 -0.582112 0.006072
vn 0.813114 -0.582072 0.006146
vn 0.813086 -0.582112 0.006072
vn 0.617509 -0.710800 -0.336817
vn 0.813114 -0.582072 0.006146
vn 0.813086 -0.582112 0.006072
vn 0.617490 -0.710805 -0.336842
vn 0.617509 -0.710800 -0.336817
vn 0.617490 -0.710805 -0.336842
vn 0.319894 -0.710800 -0.626443
vn 0.617509 -0.710800 -0.336817
vn 0.617490 -0.710805 -0.336842
vn 0.319919 -0.710805 -0.626424
vn 0.319894 -0.710800 -0.626443
vn 0.319919 -0.710805 -0.626424
vn -0.028264 -0.582072 -0.812646
vn 0.319894 -0.710800 -0.626443
vn 0.319919 -0.710805 -0.626424
vn -0.028190 -0.582112 -0.812620
vn -0.028264 -0.582072 -0.812646
vn -0.028190 -0.582112 -0.812620
vn -0.366759 -0.346879 -0.863228
vn -0.028264 -0.582072 -0.812646
vn -0.028190 -0.582112 -0.812620
vn -0.366662 -0.346964 -0.863235
vn -0.366759 -0.346879 -0.863228
vn -0.366662 -0.346964 -0.863235
vn -0.637058 -0.045894 -0.769448
vn -0.366759 -0.346879 -0.863228
vn -0.366662 -0.346964 -0.863235
vn -0.636980 -0.046007 -0.769507
vn -0.637058 -0.045894 -0.769448
vn -0.636980 -0.046007 -0.769507
vn -0.792426 0.268834 -0.547530
vn -0.637058 -0.045894 -0.769448
vn -0.636980 -0.046007 -0.769507
vn -0.792396 0.268730 -0.547624
vn -0.792426 0.268834 -0.547530
vn -0.792396 0.268730 -0.547624
vn -0.806007 0.542889 -0.235849
vn -0.792426 0.268834 -0.547530
vn -0.792396 0.268730 -0.547624
vn -0.806023 0.542826 -0.235939
vn -0.806007 0.542889 -0.235849
vn -0.531751 -0.647045 0.546419
vn -0.531751 -0.647045 0.546419
vn -0.531751 -0.647045 0.546419
vn -0.531751 -0.647045 0.546419
vn -0.531751 -0.647045 0.546419
vn -0.531751 -0.647045 0.546419
vn -0.531751 -0.647045 0.546419
vn -0.531751 -0.647045 0.546419
vn -0.531751 -0.647045 0.546419
vn -0.531751 -0.647045 0.546419
vn -0.531751 -0.647045 0.546419
vn -0.531751 -0.647045 0.546419
vn -0.531751 -0.647045 0.546419
vn -0.531751 -0.647045 0.546419
vn -0.531751 -0.647045 0.546419
vn -0.531751 -0.647045 0.546419
vn -0.531751 -0.647045 0.546419
vn -0.531751 -0.647045 0.546419
vn -0.531751 -0.647045 0.546419
vn -0.531751 -0.647045 0.546419
vn -0.531751 -0.647045 0.546419
vn -0.531751 -0.647045 0.546419
vn -0.531751 -0.647045 0.546419
vn -0.531751 -0.647045 0.546419
vn -0.531751 -0.647045 0.546419
vn -0.531751 -0.647045 0.546419
vn -0.531751 -0.647045 0.546419
vn -0.531751 -0.647045 0.546419
vn -0.531751 -0.647045 0.546419
vn -0.531751 -0.647045 0.546419
vn -0.531751 -0.647045 0.546419
vn -0.531751 -0.647045 0.546419
vn -0.531751 -0.647045 0.546419
vn -0.531751 -0.647045 0.546419
vn -0.531751 -0.647045 0.546419
vn -0.531751 -0.647045 0.546419
vn -0.531751 -0.647045 0.546419
vn -0.531751 -0.647045 0.546419
vn -0.531751 -0.647045 0.546419
vn 0.531751 0.647045 -0.546419
vn 0.531751 0.647045 -0.546419
vn 0.531751 0.647045 -0.546419
vn 0.531751 0.647045 -0.546419
vn 0.531751 0.647045 -0.546419
vn 0.531751 0.647045 -0.546419
vn 0.531751 0.647045 -0.546419
vn 0.531751 0.647045 -0.546419
vn 0.531751 0.647045 -0.546419
vn 0.531751 0.647045 -0.546419
vn 0.531751 0.647045 -0.546419
vn 0.531751 0.647045 -0.546419
vn 0.531751 0.647045 -0.546419
vn 0.531751 0.647045 -0.546419
vn 0.531751 0.647045 -0.546419
vn 0.531751 0.647045 -0.546419
vn 0.531751 0.647045 -0.546419
vn 0.531751 0.647045 -0.546419
vn 0.531751 0.647045 -0.546419
vn 0.531751 0.647045 -0.546419
vn 0.531751 0.647045 -0.546419
vn 0.531751 0.647045 -0.546419
vn 0.531751 0.647045 -0.546419
vn 0.531751 0.647045 -0.546419
vn 0.531751 0.647045 -0.546419
vn 0.531751 0.647045 -0.546419
vn 0.531751 0.647045 -0.546419
vn 0.531751 0.647045 -0.546419
vn 0.531751 0.647045 -0.546419
vn 0.531751 0.647045 -0.546419
vn 0.531751 0.647045 -0.546419
vn 0.531751 0.647045 -0.546419
vn 0.531751 0.647045 -0.546419
vn 0.531751 0.647045 -0.546419
vn 0.531751 0.647045 -0.546419
vn 0.531751 0.647045 -0.546419
vn 0.531751 0.647045 -0.546419
vn 0.531751 0.647045 -0.546419
vn 0.531751 0.647045 -0.546419
vn 0.122973 0.693728 0.709661
vn 0.122973 0.693728 0.709661
vn 0.122973 0.693728 0.709661
vn 0.122973 0.693728 0.709661
vn 0.122973 0.693728 0.709661
vn 0.122973 0.693728 0.709661
vn 0.443853 0.441109 0.780011
vn 0.443853 0.441108 0.780011
vn 0.443853 0.441109 0.780011
vn 0.443853 0.441109 0.780011
vn 0.443853 0.441108 0.780011
vn 0.443853 0.441108 0.780011
vn 0.693706 0.115038 0.711012
vn 0.693706 0.115038 0.711012
vn 0.693706 0.115038 0.711012
vn 0.693706 0.115038 0.711012
vn 0.693706 0.115038 0.711012
vn 0.693706 0.115038 0.711012
vn 0.693706 0.115038 0.711012
vn 0.693706 0.115038 0.711012
vn 0.671277 0.086689 0.736120
vn 0.693706 0.115038 0.711012
vn 0.671277 0.086689 0.736120
vn 0.671277 0.086689 0.736120
vn 0.671277 0.086689 0.736120
vn 0.671277 0.086689 0.736120
vn 0.679661 0.097115 0.727069
vn 0.671277 0.086689 0.736120
vn 0.679661 0.097115 0.727069
vn 0.679661 0.097115 0.727069
vn 0.827484 -0.227667 0.513262
vn 0.827484 -0.227667 0.513262
vn 0.827484 -0.227667 0.513262
vn 0.827484 -0.227667 0.513262
vn 0.827484 -0.227667 0.513262
vn 0.827484 -0.227667 0.513262
vn 0.827484 -0.227667 0.513262
vn 0.827484 -0.227667 0.513262
vn 0.844374 -0.205928 0.494597
vn 0.827484 -0.227667 0.513262
vn 0.844374 -0.205928 0.494597
vn 0.844374 -0.205928 0.494597
vn 0.844374 -0.205928 0.494597
vn 0.844374 -0.205928 0.494597
vn 0.835136 -0.217995 0.505001
vn 0.844374 -0.205928 0.494597
vn 0.835136 -0.217995 0.505001
vn 0.835136 -0.217995 0.505001
vn 0.821054 -0.526115 0.221526
vn 0.821054 -0.526115 0.221526
vn 0.821054 -0.526115 0.221526
vn 0.821054 -0.526115 0.221526
vn 0.821054 -0.526115 0.221525
vn 0.821054 -0.526115 0.221526
vn 0.676266 -0.728024 -0.112452
vn 0.676266 -0.728024 -0.112452
vn 0.676266 -0.728024 -0.112452
vn 0.676266 -0.728024 -0.112452
vn 0.676266 -0.728024 -0.112452
vn 0.676266 -0.728024 -0.112452
vn 0.419168 -0.799231 -0.430730
vn 0.419168 -0.799231 -0.430730
vn 0.419168 -0.799231 -0.430730
vn 0.419168 -0.799231 -0.430730
vn 0.419168 -0.799231 -0.430730
vn 0.419168 -0.799231 -0.430730
vn 0.094015 -0.728024 -0.679074
vn 0.094015 -0.728024 -0.679074
vn 0.094015 -0.728024 -0.679074
vn 0.094015 -0.728024 -0.679074
vn 0.094015 -0.728024 -0.679074
vn 0.094015 -0.728024 -0.679074
vn -0.243782 -0.526113 -0.814724
vn -0.243781 -0.526113 -0.814724
vn -0.243781 -0.526113 -0.814724
vn -0.243782 -0.526113 -0.814724
vn -0.243782 -0.526113 -0.814724
vn -0.243781 -0.526113 -0.814724
vn -0.535583 -0.227667 -0.813215
vn -0.535583 -0.227667 -0.813215
vn -0.535583 -0.227667 -0.813215
vn -0.535583 -0.227667 -0.813215
vn -0.535583 -0.227667 -0.813215
vn -0.535583 -0.227667 -0.813215
vn -0.535583 -0.227667 -0.813215
vn -0.535583 -0.227667 -0.813215
vn -0.517384 -0.205929 -0.830607
vn -0.535583 -0.227667 -0.813215
vn -0.517384 -0.205929 -0.830607
vn -0.517384 -0.205929 -0.830607
vn -0.517384 -0.205929 -0.830607
vn -0.517384 -0.205929 -0.830607
vn -0.527531 -0.217998 -0.821090
vn -0.517384 -0.205929 -0.830607
vn -0.527531 -0.217998 -0.821090
vn -0.527531 -0.217998 -0.821090
vn -0.729620 0.115037 -0.674107
vn -0.729620 0.115037 -0.674107
vn -0.729620 0.115037 -0.674107
vn -0.729620 0.115037 -0.674107
vn -0.729620 0.115037 -0.674107
vn -0.729620 0.115037 -0.674107
vn -0.729620 0.115037 -0.674107
vn -0.729620 0.115037 -0.674107
vn -0.754110 0.086690 -0.651002
vn -0.729620 0.115037 -0.674107
vn -0.754110 0.086690 -0.651002
vn -0.754110 0.086690 -0.651002
vn -0.754110 0.086690 -0.651002
vn -0.754110 0.086690 -0.651002
vn -0.745290 0.097116 -0.659630
vn -0.754110 0.086690 -0.651002
vn -0.745290 0.097116 -0.659630
vn -0.745290 0.097116 -0.659630
vn -0.791797 0.441108 -0.422469
vn -0.791797 0.441108 -0.422469
vn -0.791797 0.441108 -0.422469
vn -0.791797 0.441108 -0.422469
vn -0.791797 0.441108 -0.422469
vn -0.791797 0.441108 -0.422469
vn -0.712744 0.693727 -0.103624
vn -0.712744 0.693727 -0.103624
vn -0.712744 0.693727 -0.103624
vn -0.712744 0.693727 -0.103624
vn -0.712744 0.693727 -0.103624
vn -0.712744 0.693727 -0.103624
vn -0.508016 0.830898 0.226999
vn -0.508015 0.830898 0.226999
vn -0.508015 0.830898 0.226999
vn -0.508016 0.830898 0.226999
vn -0.508016 0.830898 0.226999
vn -0.508015 0.830898 0.226999
vn -0.213093 0.830898 0.514004
vn -0.213093 0.830898 0.514004
vn -0.213093 0.830898 0.514004
vn -0.213093 0.830898 0.514004
vn -0.213093 0.830898 0.514004
vn -0.213093 0.830898 0.514004
vn 0.030417 0.584873 0.810555
vn 0.030417 0.584873 0.810555
vn 0.030417 0.584873 0.810555
vn 0.030417 0.584873 0.810555
vn 0.030417 0.584873 0.810555
vn 0.030417 0.584873 0.810555
vn 0.383010 0.366643 0.847866
vn 0.383010 0.366643 0.847866
vn 0.383010 0.366643 0.847866
vn 0.383010 0.366643 0.847866
vn 0.383010 0.366643 0.847866
vn 0.383010 0.366643 0.847866
vn 0.872333 -0.459827 0.166116
vn 0.872333 -0.459827 0.166116
vn 0.872333 -0.459827 0.166116
vn 0.872333 -0.459827 0.166116
vn 0.872333 -0.459827 0.166116
vn 0.872333 -0.459827 0.166116
vn 0.751476 -0.631299 -0.191692
vn 0.751476 -0.631299 -0.191692
vn 0.751476 -0.631299 -0.191692
vn 0.751476 -0.631299 -0.191692
vn 0.751476 -0.631299 -0.191692
vn 0.751476 -0.631299 -0.191692
vn 0.503642 -0.691739 -0.517534
vn 0.503642 -0.691739 -0.517534
vn 0.503642 -0.691739 -0.517534
vn 0.503642 -0.691739 -0.517534
vn 0.503642 -0.691739 -0.517534
vn 0.503642 -0.691739 -0.517534
vn 0.171176 -0.631298 -0.756414
vn 0.171176 -0.631298 -0.756414
vn 0.171176 -0.631298 -0.756414
vn 0.171176 -0.631298 -0.756414
vn 0.171176 -0.631298 -0.756414
vn 0.171176 -0.631298 -0.756414
vn -0.189786 -0.459827 -0.867491
vn -0.189786 -0.459827 -0.867491
vn -0.189786 -0.459827 -0.867491
vn -0.189786 -0.459827 -0.867491
vn -0.189786 -0.459827 -0.867491
vn -0.189786 -0.459827 -0.867491
vn -0.857972 0.366642 -0.359803
vn -0.857972 0.366642 -0.359803
vn -0.857972 0.366642 -0.359803
vn -0.857972 0.366642 -0.359803
vn -0.857972 0.366642 -0.359803
vn -0.857972 0.366642 -0.359803
vn -0.811082 0.584873 -0.008356
vn -0.811082 0.584873 -0.008356
vn -0.811082 0.584873 -0.008356
vn -0.811082 0.584873 -0.008356
vn -0.811082 0.584873 -0.008356
vn -0.811082 0.584873 -0.008356
vn -0.622447 0.703944 0.342086
vn -0.622447 0.703944 0.342086
vn -0.622447 0.703944 0.342086
vn -0.622447 0.703944 0.342086
vn -0.622447 0.703944 0.342086
vn -0.622447 0.703944 0.342086
vn -0.325026 0.703944 0.631523
vn -0.325026 0.703944 0.631523
vn -0.325026 0.703944 0.631523
vn -0.325026 0.703944 0.631523
vn -0.325026 0.703944 0.631523
vn -0.325026 0.703944 0.631523
vn 0.070365 0.633927 0.770185
vn 0.070365 0.633927 0.770185
vn 0.070365 0.633927 0.770185
vn 0.070365 0.633927 0.770185
vn 0.070365 0.633927 0.770185
vn 0.070365 0.633927 0.770185
vn 0.070365 0.633927 0.770185
vn 0.070365 0.633927 0.770185
vn 0.095474 0.663166 0.742358
vn 0.070365 0.633927 0.770185
vn 0.095474 0.663166 0.742358
vn 0.095474 0.663166 0.742358
vn 0.409148 0.398458 0.820871
vn 0.409148 0.398458 0.820871
vn 0.409148 0.398457 0.820871
vn 0.409148 0.398458 0.820871
vn 0.409148 0.398457 0.820871
vn 0.409148 0.398458 0.820871
vn 0.848691 -0.492393 0.193063
vn 0.848691 -0.492393 0.193063
vn 0.848691 -0.492393 0.193063
vn 0.848691 -0.492393 0.193063
vn 0.848691 -0.492393 0.193063
vn 0.848691 -0.492393 0.193063
vn 0.717981 -0.678630 -0.154806
vn 0.717981 -0.678630 -0.154806
vn 0.717981 -0.678630 -0.154806
vn 0.717981 -0.678630 -0.154806
vn 0.717981 -0.678630 -0.154806
vn 0.717981 -0.678630 -0.154806
vn 0.465611 -0.744504 -0.478455
vn 0.465611 -0.744504 -0.478455
vn 0.465611 -0.744504 -0.478455
vn 0.465611 -0.744504 -0.478455
vn 0.465611 -0.744504 -0.478455
vn 0.465611 -0.744504 -0.478455
vn 0.135212 -0.678628 -0.721930
vn 0.135212 -0.678628 -0.721930
vn 0.135212 -0.678628 -0.721930
vn 0.135212 -0.678628 -0.721930
vn 0.135212 -0.678628 -0.721930
vn 0.135212 -0.678628 -0.721930
vn -0.216080 -0.492393 -0.843125
vn -0.216080 -0.492393 -0.843125
vn -0.216080 -0.492393 -0.843125
vn -0.216080 -0.492393 -0.843125
vn -0.216080 -0.492393 -0.843125
vn -0.216080 -0.492393 -0.843125
vn -0.831698 0.398458 -0.386665
vn -0.831698 0.398458 -0.386665
vn -0.831698 0.398458 -0.386665
vn -0.831698 0.398458 -0.386665
vn -0.831698 0.398458 -0.386665
vn -0.831698 0.398458 -0.386665
vn -0.771815 0.633926 -0.049388
vn -0.771815 0.633926 -0.049388
vn -0.771815 0.633926 -0.049388
vn -0.771815 0.633926 -0.049388
vn -0.771815 0.633926 -0.049388
vn -0.771815 0.633926 -0.049388
vn -0.575995 0.762801 0.293877
vn -0.575995 0.762801 0.293877
vn -0.575995 0.762801 0.293877
vn -0.575995 0.762801 0.293877
vn -0.575995 0.762801 0.293877
vn -0.575995 0.762801 0.293877
vn -0.278097 0.762801 0.583778
vn -0.278097 0.762801 0.583778
vn -0.278097 0.762801 0.583778
vn -0.278097 0.762801 0.583778
vn -0.278097 0.762801 0.583778
vn -0.278097 0.762801 0.583778
vn 0.535122 0.556190 0.635844
vn 0.535122 0.556190 0.635843
vn 0.535122 0.556190 0.635843
vn 0.535122 0.556190 0.635844
vn 0.535122 0.556190 0.635843
vn 0.535122 0.556190 0.635843
vn 0.833624 0.362232 0.416963
vn 0.833624 0.362232 0.416963
vn 0.833624 0.362232 0.416963
vn 0.833624 0.362232 0.416963
vn 0.833624 0.362232 0.416963
vn 0.833624 0.362232 0.416963
vn 0.977982 0.140234 0.154553
vn 0.977982 0.140234 0.154553
vn 0.977982 0.140234 0.154553
vn 0.977982 0.140234 0.154553
vn 0.977982 0.140234 0.154553
vn 0.977982 0.140234 0.154553
vn 0.989549 -0.082587 -0.118204
vn 0.989549 -0.082587 -0.118204
vn 0.989549 -0.082587 -0.118204
vn 0.989549 -0.082587 -0.118204
vn 0.989549 -0.082587 -0.118204
vn 0.989549 -0.082587 -0.118204
vn 0.873361 -0.295083 -0.387513
vn 0.873361 -0.295083 -0.387513
vn 0.873361 -0.295083 -0.387513
vn 0.873361 -0.295083 -0.387513
vn 0.873361 -0.295083 -0.387513
vn 0.873361 -0.295083 -0.387513
vn 0.612643 -0.477856 -0.629542
vn 0.612643 -0.477856 -0.629542
vn 0.612643 -0.477856 -0.629542
vn 0.612643 -0.477856 -0.629542
vn 0.612643 -0.477856 -0.629542
vn 0.612643 -0.477856 -0.629542
vn 0.203837 -0.584689 -0.785232
vn 0.203837 -0.584689 -0.785232
vn 0.203837 -0.584689 -0.785232
vn 0.203837 -0.584689 -0.785232
vn 0.203837 -0.584689 -0.785232
vn 0.203837 -0.584689 -0.785232
vn -0.273446 -0.561500 -0.780990
vn -0.273446 -0.561500 -0.780990
vn -0.273446 -0.561500 -0.780990
vn -0.273446 -0.561500 -0.780990
vn -0.273446 -0.561500 -0.780990
vn -0.273446 -0.561500 -0.780990
vn -0.672597 -0.412442 -0.614414
vn -0.672597 -0.412442 -0.614414
vn -0.672597 -0.412442 -0.614414
vn -0.672597 -0.412442 -0.614414
vn -0.672597 -0.412442 -0.614414
vn -0.672597 -0.412442 -0.614414
vn -0.912463 -0.197526 -0.358322
vn -0.912463 -0.197526 -0.358322
vn -0.912463 -0.197526 -0.358322
vn -0.912463 -0.197526 -0.358322
vn -0.912463 -0.197526 -0.358322
vn -0.912463 -0.197526 -0.358322
vn -0.996607 0.035398 -0.074304
vn -0.996607 0.035398 -0.074304
vn -0.996607 0.035398 -0.074304
vn -0.996607 0.035398 -0.074304
vn -0.996607 0.035398 -0.074304
vn -0.996607 0.035398 -0.074304
vn -0.940563 0.266073 0.211059
vn -0.940563 0.266073 0.211059
vn -0.940563 0.266073 0.211059
vn -0.940563 0.266073 0.211059
vn -0.940563 0.266073 0.211059
vn -0.940563 0.266073 0.211059
vn -0.737323 0.477600 0.477758
vn -0.737323 0.477600 0.477758
vn -0.737323 0.477600 0.477758
vn -0.737323 0.477600 0.477758
vn -0.737323 0.477600 0.477758
vn -0.737323 0.477600 0.477758
vn -0.375162 0.630346 0.679645
vn -0.375162 0.630346 0.679645
vn -0.375162 0.630346 0.679645
vn -0.375162 0.630346 0.679645
vn -0.375162 0.630346 0.679645
vn -0.375162 0.630346 0.679645
s off
g cherry_tree group1 pCylinder12
usemtl pCylinder2SG
f 856/2693/5011 858/2695/5012 857/2694/5013
f 856/2693/5014 857/2694/5015 859/2696/5016
f 860/2697/5017 856/2693/5018 859/2696/5019
f 860/2697/5020 859/2696/5021 861/2698/5022
f 862/2699/5023 860/2697/5024 861/2698/5025
f 862/2699/5026 861/2698/5027 863/2700/5028
f 864/2701/5029 862/2699/5030 863/2700/5031
f 864/2701/5032 863/2700/5033 865/2702/5034
f 858/2703/5035 866/2705/5036 857/2704/5037
f 858/2703/5038 867/2706/5039 866/2705/5040
f 867/2706/5041 868/2707/5042 866/2705/5043
f 867/2706/5044 869/2708/5045 868/2707/5046
f 869/2708/5047 870/2709/5048 868/2707/5049
f 869/2708/5050 871/2710/5051 870/2709/5052
f 871/2711/5053 872/2713/5054 870/2712/5055
f 871/2711/5056 873/2714/5057 872/2713/5058
f 873/2714/5059 874/2715/5060 872/2713/5061
f 873/2714/5062 875/2716/5063 874/2715/5064
f 875/2716/5065 876/2717/5066 874/2715/5067
f 875/2716/5068 877/2718/5069 876/2717/5070
f 877/2718/5071 878/2719/5072 876/2717/5073
f 877/2718/5074 879/2720/5075 878/2719/5076
f 879/2720/5077 880/2721/5078 878/2719/5079
f 879/2720/5080 881/2722/5081 880/2721/5082
f 881/2723/5083 882/2725/5084 880/2724/5085
f 881/2723/5086 883/2726/5087 882/2725/5088
f 883/2726/5089 884/2727/5090 882/2725/5091
f 883/2726/5092 885/2728/5093 884/2727/5094
f 885/2728/5095 865/2729/5096 884/2727/5097
f 885/2728/5098 864/2730/5099 865/2729/5100
f 867/2731/5101 871/2733/5102 869/2732/5103
f 871/2733/5104 867/2731/5105 858/2734/5106
f 871/2733/5107 858/2734/5108 873/2735/5109
f 873/2735/5110 858/2734/5111 856/2736/5112
f 873/2735/5113 856/2736/5114 875/2737/5115
f 875/2737/5116 856/2736/5117 860/2738/5118
f 875/2737/5119 860/2738/5120 877/2739/5121
f 877/2739/5122 860/2738/5123 862/2740/5124
f 877/2739/5125 862/2740/5126 879/2741/5127
f 879/2741/5128 862/2740/5129 864/2742/5130
f 879/2741/5131 864/2742/5132 881/2743/5133
f 881/2743/5134 864/2742/5135 885/2744/5136
f 881/2743/5137 885/2744/5138 883/2745/5139
f 886/2746/5140 888/2748/5141 887/2747/5142
f 888/2748/5143 886/2746/5144 889/2749/5145
f 889/2749/5146 886/2746/5147 890/2750/5148
f 889/2749/5149 890/2750/5150 891/2751/5151
f 891/2751/5152 890/2750/5153 892/2752/5154
f 891/2751/5155 892/2752/5156 893/2753/5157
f 893/2753/5158 892/2752/5159 894/2754/5160
f 893/2753/5161 894/2754/5162 895/2755/5163
f 895/2755/5164 894/2754/5165 896/2756/5166
f 895/2755/5167 896/2756/5168 897/2757/5169
f 897/2757/5170 896/2756/5171 898/2758/5172
f 897/2757/5173 898/2758/5174 899/2759/5175
f 899/2759/5176 898/2758/5177 900/2760/5178
f 859/2761/5179 902/2763/5180 901/2762/5181
f 859/2761/5182 857/2764/5183 902/2763/5184
f 857/2765/5185 903/2767/5186 902/2766/5187
f 857/2765/5188 866/2768/5189 903/2767/5190
f 866/2769/5191 868/2771/5192 904/2770/5193
f 866/2769/5194 904/2770/5195 903/2772/5196
f 903/2772/5197 904/2770/5198 905/2773/5199
f 903/2772/5200 905/2773/5201 906/2774/5202
f 906/2774/5203 905/2773/5204 907/2775/5205
f 906/2774/5206 907/2775/5207 908/2776/5208
f 868/2777/5209 870/2779/5210 909/2778/5211
f 868/2777/5212 909/2778/5213 904/2780/5214
f 904/2780/5215 909/2778/5216 910/2781/5217
f 904/2780/5218 910/2781/5219 905/2782/5220
f 905/2782/5221 910/2781/5222 911/2783/5223
f 905/2782/5224 911/2783/5225 907/2784/5226
f 870/2785/5227 912/2787/5228 909/2786/5229
f 870/2785/5230 872/2788/5231 912/2787/5232
f 872/2789/5233 913/2791/5234 912/2790/5235
f 872/2789/5236 874/2792/5237 913/2791/5238
f 874/2793/5239 914/2795/5240 913/2794/5241
f 874/2793/5242 876/2796/5243 914/2795/5244
f 876/2797/5245 915/2799/5246 914/2798/5247
f 876/2797/5248 878/2800/5249 915/2799/5250
f 878/2801/5251 916/2803/5252 915/2802/5253
f 878/2801/5254 880/2804/5255 916/2803/5256
f 880/2805/5257 882/2807/5258 917/2806/5259
f 880/2805/5260 917/2806/5261 916/2808/5262
f 916/2808/5263 917/2806/5264 918/2809/5265
f 916/2808/5266 918/2809/5267 919/2810/5268
f 919/2810/5269 918/2809/5270 920/2811/5271
f 919/2810/5272 920/2811/5273 921/2812/5274
f 882/2813/5275 884/2815/5276 922/2814/5277
f 882/2813/5278 922/2814/5279 917/2816/5280
f 917/2816/5281 922/2814/5282 923/2817/5283
f 917/2816/5284 923/2817/5285 918/2818/5286
f 918/2818/5287 923/2817/5288 924/2819/5289
f 918/2818/5290 924/2819/5291 920/2820/5292
f 884/2821/5293 925/2823/5294 922/2822/5295
f 884/2821/5296 865/2824/5297 925/2823/5298
f 865/2825/5299 926/2827/5300 925/2826/5301
f 865/2825/5302 863/2828/5303 926/2827/5304
f 863/2829/5305 927/2831/5306 926/2830/5307
f 863/2829/5308 861/2832/5309 927/2831/5310
f 861/2833/5311 901/2835/5312 927/2834/5313
f 861/2833/5314 859/2836/5315 901/2835/5316
f 901/2837/5317 929/2839/5318 928/2838/5319
f 901/2837/5320 902/2840/5321 929/2839/5322
f 902/2841/5323 906/2843/5324 929/2842/5325
f 902/2841/5326 903/2844/5327 906/2843/5328
f 909/2845/5329 930/2847/5330 910/2846/5331
f 909/2845/5332 912/2848/5333 930/2847/5334
f 912/2849/5335 931/2851/5336 930/2850/5337
f 912/2849/5338 913/2852/5339 931/2851/5340
f 913/2853/5341 932/2855/5342 931/2854/5343
f 913/2853/5344 914/2856/5345 932/2855/5346
f 914/2857/5347 933/2859/5348 932/2858/5349
f 914/2857/5350 915/2860/5351 933/2859/5352
f 915/2861/5353 919/2863/5354 933/2862/5355
f 915/2861/5356 916/2864/5357 919/2863/5358
f 922/2865/5359 934/2867/5360 923/2866/5361
f 922/2865/5362 925/2868/5363 934/2867/5364
f 925/2869/5365 935/2871/5366 934/2870/5367
f 925/2869/5368 926/2872/5369 935/2871/5370
f 926/2873/5371 936/2875/5372 935/2874/5373
f 926/2873/5374 927/2876/5375 936/2875/5376
f 927/2877/5377 928/2879/5378 936/2878/5379
f 927/2877/5380 901/2880/5381 928/2879/5382
f 928/2881/5383 929/2883/5384 937/2882/5385
f 928/2881/5386 937/2882/5387 938/2884/5388
f 938/2884/5389 937/2882/5390 889/2885/5391
f 938/2884/5392 889/2885/5393 891/2886/5394
f 929/2887/5395 908/2889/5396 937/2888/5397
f 929/2887/5398 906/2890/5399 908/2889/5400
f 910/2891/5401 939/2893/5402 911/2892/5403
f 910/2891/5404 930/2894/5405 939/2893/5406
f 930/2895/5407 940/2897/5408 939/2896/5409
f 930/2895/5410 931/2898/5411 940/2897/5412
f 931/2899/5413 941/2901/5414 940/2900/5415
f 931/2899/5416 932/2902/5417 941/2901/5418
f 932/2903/5419 942/2905/5420 941/2904/5421
f 932/2903/5422 933/2906/5423 942/2905/5424
f 933/2907/5425 921/2909/5426 942/2908/5427
f 933/2907/5428 919/2910/5429 921/2909/5430
f 923/2911/5431 943/2913/5432 924/2912/5433
f 923/2911/5434 934/2914/5435 943/2913/5436
f 934/2915/5437 944/2917/5438 943/2916/5439
f 934/2915/5440 935/2918/5441 944/2917/5442
f 935/2919/5443 945/2921/5444 944/2920/5445
f 935/2919/5446 936/2922/5447 945/2921/5448
f 936/2923/5449 938/2925/5450 945/2924/5451
f 936/2923/5452 928/2926/5453 938/2925/5454
f 937/2927/5455 888/2929/5456 889/2928/5457
f 937/2927/5458 908/2930/5459 888/2929/5460
f 908/2931/5461 887/2933/5462 888/2932/5463
f 908/2931/5464 907/2934/5465 887/2933/5466
f 907/2935/5467 886/2937/5468 887/2936/5469
f 907/2935/5470 911/2938/5471 886/2937/5472
f 911/2939/5473 890/2941/5474 886/2940/5475
f 911/2939/5476 939/2942/5477 890/2941/5478
f 939/2943/5479 892/2945/5480 890/2944/5481
f 939/2943/5482 940/2946/5483 892/2945/5484
f 940/2947/5485 894/2949/5486 892/2948/5487
f 940/2947/5488 941/2950/5489 894/2949/5490
f 941/2951/5491 896/2953/5492 894/2952/5493
f 941/2951/5494 942/2954/5495 896/2953/5496
f 942/2955/5497 898/2957/5498 896/2956/5499
f 942/2955/5500 921/2958/5501 898/2957/5502
f 921/2959/5503 900/2961/5504 898/2960/5505
f 921/2959/5506 920/2962/5507 900/2961/5508
f 920/2963/5509 899/2965/5510 900/2964/5511
f 920/2963/5512 924/2966/5513 899/2965/5514
f 924/2967/5515 897/2969/5516 899/2968/5517
f 924/2967/5518 943/2970/5519 897/2969/5520
f 943/2971/5521 895/2973/5522 897/2972/5523
f 943/2971/5524 944/2974/5525 895/2973/5526
f 944/2975/5527 893/2977/5528 895/2976/5529
f 944/2975/5530 945/2978/5531 893/2977/5532
f 945/2979/5533 891/2981/5534 893/2980/5535
f 945/2979/5536 938/2982/5537 891/2981/5538
g default
v -192.902615 368.441047 843.892789
v -194.077030 378.331119 834.583744
v -195.003013 368.727479 844.001586
v -192.174498 378.071670 834.485196
v -190.869149 368.794038 844.388728
v -190.332591 378.391408 834.934415
v -189.254216 369.725419 845.403652
v -188.869791 379.235049 835.853730
v -188.337054 371.074146 846.762072
v -188.039030 380.456721 837.084181
v -195.711222 379.124895 835.213021
v -196.807163 369.603809 844.696308
v -196.794507 380.315748 836.264219
v -198.003111 370.918512 845.856832
v -197.139576 381.697767 837.555576
v -198.384067 372.444263 847.282492
v -196.686763 383.031990 838.863805
v -197.884161 373.917246 848.726779
v -195.514363 384.087717 839.962702
v -196.589829 375.082769 849.939962
v -193.825094 384.682402 840.662257
v -194.724876 375.739303 850.712271
v -191.911048 384.713221 840.841510
v -192.611766 375.773326 850.910166
v -190.103180 384.174843 840.469467
v -190.615878 375.178957 850.499431
v -188.714086 383.160359 839.610458
v -189.082317 374.058966 849.551084
v -187.983954 381.845183 838.413013
v -188.276250 372.607010 848.229104
v -188.920334 455.107835 760.480812
v -188.737624 454.376068 759.797050
v -188.164034 453.745523 759.240450
v -187.298745 453.325226 758.907254
v -188.680574 455.814293 761.173507
v -186.291371 453.187850 758.855074
v -188.059799 456.373291 761.755363
v -185.316099 453.357148 759.092931
v -187.165347 456.688172 762.125771
v -184.541560 453.803848 759.579700
v -186.151877 456.704490 762.220683
v -184.101679 454.450712 760.231213
v -185.194628 456.419423 762.023690
v -184.072517 455.185890 760.934817
v -184.459115 455.882264 761.568853
v -191.538632 402.911429 813.175553
v -193.091013 403.123128 813.255964
v -194.424441 403.770814 813.769426
v -195.308354 404.742497 814.627157
v -195.589914 405.870163 815.680847
v -195.220439 406.958829 816.748304
v -194.263812 407.820255 817.644954
v -192.885445 408.305492 818.215760
v -191.323668 408.330639 818.362022
v -189.848528 407.891346 818.058452
v -188.715090 407.063573 817.357539
v -188.119334 405.990448 816.380477
v -185.793395 424.100538 793.755991
v -186.315329 425.040687 794.611981
v -188.164274 404.857524 815.296210
v -188.842138 403.860695 814.292216
v -190.035718 403.172321 813.542097
v -188.788994 421.403052 790.948202
v -190.149014 421.588519 791.018649
v -191.317211 422.155948 791.468486
v -192.091595 423.007225 792.219932
v -192.338266 423.995158 793.143055
v -192.014574 424.948923 794.078239
v -191.176486 425.703606 794.863782
v -189.968918 426.128716 795.363857
v -188.600668 426.150746 795.491995
v -187.308318 425.765888 795.226042
v -185.832767 423.107999 792.806080
v -186.426634 422.234691 791.926495
v -187.472313 421.631616 791.269326
vt 0.072074 0.001992
vt 0.088491 0.113636
vt 0.092806 0.001992
vt 0.069713 0.113636
vt 0.047008 0.001992
vt 0.047008 0.113636
vt 0.021942 0.001992
vt 0.024303 0.113636
vt 0.001210 0.001992
vt 0.005524 0.113636
vt 0.195369 0.998008
vt 0.191548 0.886365
vt 0.171446 0.886365
vt 0.173176 0.998008
vt 0.148361 0.886365
vt 0.147691 0.998008
vt 0.126285 0.886365
vt 0.123319 0.998008
vt 0.202552 0.001992
vt 0.207579 0.113636
vt 0.223111 0.113636
vt 0.219699 0.001992
vt 0.244317 0.113636
vt 0.243109 0.001992
vt 0.267529 0.113636
vt 0.268736 0.001992
vt 0.288734 0.113636
vt 0.292146 0.001992
vt 0.304266 0.113636
vt 0.309293 0.001992
vt 0.339240 0.001992
vt 0.342206 0.113636
vt 0.364282 0.113636
vt 0.363612 0.001992
vt 0.387367 0.113636
vt 0.389097 0.001992
vt 0.407469 0.113636
vt 0.411290 0.001992
vt 0.497797 0.004671
vt 0.472312 0.001992
vt 0.447940 0.009911
vt 0.519990 0.017484
vt 0.428896 0.027058
vt 0.535053 0.038216
vt 0.418473 0.050469
vt 0.540381 0.063282
vt 0.418473 0.076095
vt 0.535053 0.088348
vt 0.428896 0.099505
vt 0.519990 0.109080
vt 0.447940 0.116652
vt 0.497797 0.121893
vt 0.472312 0.124571
vt 0.561789 0.056984
vt 0.573478 0.060782
vt 0.585701 0.059498
vt 0.596345 0.053352
vt 0.552656 0.048760
vt 0.603570 0.043409
vt 0.547657 0.037532
vt 0.606125 0.031387
vt 0.547657 0.025242
vt 0.603570 0.019365
vt 0.552656 0.014014
vt 0.596345 0.009422
vt 0.561789 0.005790
vt 0.585701 0.003277
vt 0.573478 0.001992
vt 0.069713 0.113636
vt 0.063818 0.383323
vt 0.079141 0.383323
vt 0.088491 0.113636
vt 0.191548 0.886365
vt 0.152456 0.616677
vt 0.136054 0.616677
vt 0.171446 0.886365
vt 0.171446 0.886365
vt 0.136054 0.616677
vt 0.117218 0.616677
vt 0.148361 0.886365
vt 0.148361 0.886365
vt 0.117218 0.616677
vt 0.099205 0.616677
vt 0.126285 0.886365
vt 0.207579 0.113636
vt 0.218193 0.383323
vt 0.230866 0.383323
vt 0.223111 0.113636
vt 0.223111 0.113636
vt 0.230866 0.383323
vt 0.248168 0.383323
vt 0.244317 0.113636
vt 0.244317 0.113636
vt 0.248168 0.383323
vt 0.267108 0.383323
vt 0.267529 0.113636
vt 0.267529 0.113636
vt 0.267108 0.383323
vt 0.284411 0.383323
vt 0.288734 0.113636
vt 0.288734 0.113636
vt 0.284411 0.383323
vt 0.297084 0.383323
vt 0.304266 0.113636
vt 0.342206 0.113636
vt 0.315126 0.383323
vt 0.333139 0.383323
vt 0.364282 0.113636
vt 0.364282 0.113636
vt 0.351975 0.383323
vt 0.387367 0.113636
vt 0.333139 0.383323
vt 0.382622 0.623245
vt 0.366120 0.623245
vt 0.379538 0.998008
vt 0.367314 0.998008
vt 0.387367 0.113636
vt 0.351975 0.383323
vt 0.368378 0.383323
vt 0.407469 0.113636
vt 0.005524 0.113636
vt 0.011443 0.383323
vt 0.026766 0.383323
vt 0.024303 0.113636
vt 0.024303 0.113636
vt 0.026766 0.383323
vt 0.045292 0.383323
vt 0.047008 0.113636
vt 0.047008 0.113636
vt 0.045292 0.383323
vt 0.063818 0.383323
vt 0.069713 0.113636
vt 0.063818 0.383323
vt 0.063238 0.623245
vt 0.076662 0.623245
vt 0.079141 0.383323
vt 0.152456 0.616677
vt 0.181071 0.376755
vt 0.166701 0.376755
vt 0.136054 0.616677
vt 0.136054 0.616677
vt 0.150199 0.376755
vt 0.117218 0.616677
vt 0.166701 0.376755
vt 0.151393 0.001992
vt 0.163616 0.001992
vt 0.117218 0.616677
vt 0.134418 0.376755
vt 0.099205 0.616677
vt 0.150199 0.376755
vt 0.139704 0.001992
vt 0.151393 0.001992
vt 0.218193 0.383323
vt 0.221365 0.623245
vt 0.232468 0.623245
vt 0.230866 0.383323
vt 0.230866 0.383323
vt 0.232468 0.623245
vt 0.247626 0.623245
vt 0.248168 0.383323
vt 0.248168 0.383323
vt 0.247626 0.623245
vt 0.264219 0.623245
vt 0.267108 0.383323
vt 0.267108 0.383323
vt 0.264219 0.623245
vt 0.279377 0.623245
vt 0.284411 0.383323
vt 0.284411 0.383323
vt 0.279377 0.623245
vt 0.290480 0.623245
vt 0.297084 0.383323
vt 0.315126 0.383323
vt 0.366120 0.623245
vt 0.333139 0.383323
vt 0.350339 0.623245
vt 0.367314 0.998008
vt 0.355625 0.998008
vt 0.351975 0.383323
vt 0.382622 0.623245
vt 0.396992 0.623245
vt 0.368378 0.383323
vt 0.011443 0.383323
vt 0.017353 0.623245
vt 0.030777 0.623245
vt 0.026766 0.383323
vt 0.026766 0.383323
vt 0.030777 0.623245
vt 0.047008 0.623245
vt 0.045292 0.383323
vt 0.045292 0.383323
vt 0.047008 0.623245
vt 0.063238 0.623245
vt 0.063818 0.383323
vt 0.063238 0.623245
vt 0.059030 0.998008
vt 0.068973 0.998008
vt 0.076662 0.623245
vt 0.181071 0.376755
vt 0.174260 0.001992
vt 0.163616 0.001992
vt 0.166701 0.376755
vt 0.221365 0.623245
vt 0.230325 0.998008
vt 0.238549 0.998008
vt 0.232468 0.623245
vt 0.232468 0.623245
vt 0.238549 0.998008
vt 0.249777 0.998008
vt 0.247626 0.623245
vt 0.247626 0.623245
vt 0.249777 0.998008
vt 0.262068 0.998008
vt 0.264219 0.623245
vt 0.264219 0.623245
vt 0.262068 0.998008
vt 0.273296 0.998008
vt 0.279377 0.623245
vt 0.279377 0.623245
vt 0.273296 0.998008
vt 0.281520 0.998008
vt 0.290480 0.623245
vt 0.382622 0.623245
vt 0.379538 0.998008
vt 0.390182 0.998008
vt 0.396992 0.623245
vt 0.017353 0.623245
vt 0.025043 0.998008
vt 0.034986 0.998008
vt 0.030777 0.623245
vt 0.030777 0.623245
vt 0.034986 0.998008
vt 0.047008 0.998008
vt 0.047008 0.623245
vt 0.047008 0.623245
vt 0.047008 0.998008
vt 0.059030 0.998008
vt 0.063238 0.623245
vn 0.077748 -0.699662 -0.710231
vn -0.333479 -0.643501 -0.688984
vn -0.333374 -0.643532 -0.689006
vn 0.077748 -0.699662 -0.710231
vn -0.333374 -0.643532 -0.689006
vn 0.077809 -0.699661 -0.710226
vn 0.475886 -0.630577 -0.613111
vn 0.077748 -0.699662 -0.710231
vn 0.077809 -0.699661 -0.710226
vn 0.475886 -0.630577 -0.613111
vn 0.077809 -0.699661 -0.710226
vn 0.475886 -0.630577 -0.613111
vn 0.792075 -0.448192 -0.414417
vn 0.475886 -0.630577 -0.613111
vn 0.475886 -0.630577 -0.613111
vn 0.792075 -0.448192 -0.414417
vn 0.475886 -0.630577 -0.613111
vn 0.792038 -0.448226 -0.414452
vn 0.971631 -0.184053 -0.148516
vn 0.792075 -0.448192 -0.414417
vn 0.792038 -0.448226 -0.414452
vn 0.971631 -0.184053 -0.148516
vn 0.792038 -0.448226 -0.414452
vn 0.971605 -0.184130 -0.148592
vn -0.333479 -0.643501 -0.688984
vn -0.686575 -0.471889 -0.553114
vn -0.333374 -0.643532 -0.689006
vn -0.333479 -0.643501 -0.688984
vn -0.686678 -0.471814 -0.553050
vn -0.686575 -0.471889 -0.553114
vn -0.686678 -0.471814 -0.553050
vn -0.920722 -0.214402 -0.326040
vn -0.686575 -0.471889 -0.553114
vn -0.686678 -0.471814 -0.553050
vn -0.920779 -0.214300 -0.325947
vn -0.920722 -0.214402 -0.326040
vn -0.920779 -0.214300 -0.325947
vn -0.995320 0.084412 -0.047041
vn -0.920722 -0.214402 -0.326040
vn -0.920779 -0.214300 -0.325947
vn -0.995316 0.084506 -0.046951
vn -0.995320 0.084412 -0.047041
vn -0.995316 0.084506 -0.046951
vn -0.897457 0.372884 0.235642
vn -0.995320 0.084412 -0.047041
vn -0.995316 0.084506 -0.046951
vn -0.897419 0.372941 0.235699
vn -0.897457 0.372884 0.235642
vn -0.897419 0.372941 0.235699
vn -0.644049 0.601128 0.473123
vn -0.897457 0.372884 0.235642
vn -0.897419 0.372941 0.235699
vn -0.644026 0.601142 0.473138
vn -0.644049 0.601128 0.473123
vn -0.644026 0.601142 0.473138
vn -0.278915 0.729669 0.624331
vn -0.644049 0.601128 0.473123
vn -0.644026 0.601142 0.473138
vn -0.278945 0.729664 0.624324
vn -0.278915 0.729669 0.624331
vn -0.278945 0.729664 0.624324
vn 0.134799 0.736278 0.663117
vn -0.278915 0.729669 0.624331
vn -0.278945 0.729664 0.624324
vn 0.134712 0.736289 0.663122
vn 0.134799 0.736278 0.663117
vn 0.134712 0.736289 0.663122
vn 0.525548 0.619815 0.582777
vn 0.134799 0.736278 0.663117
vn 0.134712 0.736289 0.663122
vn 0.525438 0.619868 0.582819
vn 0.525548 0.619815 0.582777
vn 0.525438 0.619868 0.582819
vn 0.825763 0.400426 0.397209
vn 0.525548 0.619815 0.582777
vn 0.525438 0.619868 0.582819
vn 0.825679 0.400519 0.397291
vn 0.825763 0.400426 0.397209
vn 0.825679 0.400519 0.397291
vn 0.983538 0.116054 0.138508
vn 0.825763 0.400426 0.397209
vn 0.825679 0.400519 0.397291
vn 0.983512 0.116156 0.138604
vn 0.983538 0.116054 0.138508
vn 0.983512 0.116156 0.138604
vn 0.971605 -0.184130 -0.148592
vn 0.983538 0.116054 0.138508
vn 0.983512 0.116156 0.138604
vn 0.971631 -0.184053 -0.148516
vn 0.971605 -0.184130 -0.148592
vn -0.056559 -0.689144 0.722413
vn -0.056559 -0.689144 0.722413
vn -0.056559 -0.689144 0.722413
vn -0.056559 -0.689144 0.722413
vn -0.056559 -0.689144 0.722413
vn -0.056559 -0.689144 0.722413
vn -0.056559 -0.689144 0.722413
vn -0.056559 -0.689144 0.722413
vn -0.056559 -0.689144 0.722413
vn -0.056559 -0.689144 0.722413
vn -0.056559 -0.689144 0.722413
vn -0.056559 -0.689144 0.722413
vn -0.056559 -0.689144 0.722413
vn -0.056559 -0.689144 0.722413
vn -0.056559 -0.689144 0.722413
vn -0.056559 -0.689144 0.722413
vn -0.056559 -0.689144 0.722413
vn -0.056559 -0.689144 0.722413
vn -0.056559 -0.689144 0.722413
vn -0.056559 -0.689144 0.722413
vn -0.056559 -0.689144 0.722413
vn -0.056559 -0.689144 0.722413
vn -0.056559 -0.689144 0.722413
vn -0.056559 -0.689144 0.722413
vn -0.056559 -0.689144 0.722413
vn -0.056559 -0.689144 0.722413
vn -0.056559 -0.689144 0.722413
vn -0.056559 -0.689144 0.722413
vn -0.056559 -0.689144 0.722413
vn -0.056559 -0.689144 0.722413
vn -0.056559 -0.689144 0.722413
vn -0.056559 -0.689144 0.722413
vn -0.056559 -0.689144 0.722413
vn -0.056559 -0.689144 0.722413
vn -0.056559 -0.689144 0.722413
vn -0.056559 -0.689144 0.722413
vn -0.056559 -0.689144 0.722413
vn -0.056559 -0.689144 0.722413
vn -0.056559 -0.689144 0.722413
vn 0.056559 0.689144 -0.722413
vn 0.056559 0.689144 -0.722413
vn 0.056559 0.689144 -0.722413
vn 0.056559 0.689144 -0.722413
vn 0.056559 0.689144 -0.722413
vn 0.056559 0.689144 -0.722413
vn 0.056559 0.689144 -0.722413
vn 0.056559 0.689144 -0.722413
vn 0.056559 0.689144 -0.722413
vn 0.056559 0.689144 -0.722413
vn 0.056559 0.689144 -0.722413
vn 0.056559 0.689144 -0.722413
vn 0.056559 0.689144 -0.722413
vn 0.056559 0.689144 -0.722413
vn 0.056559 0.689144 -0.722413
vn 0.056559 0.689144 -0.722413
vn 0.056559 0.689144 -0.722413
vn 0.056559 0.689144 -0.722413
vn 0.056559 0.689144 -0.722413
vn 0.056559 0.689144 -0.722413
vn 0.056559 0.689144 -0.722413
vn 0.056559 0.689144 -0.722413
vn 0.056559 0.689144 -0.722413
vn 0.056559 0.689144 -0.722413
vn 0.056559 0.689144 -0.722413
vn 0.056559 0.689144 -0.722413
vn 0.056559 0.689144 -0.722413
vn 0.056559 0.689144 -0.722413
vn 0.056559 0.689144 -0.722413
vn 0.056559 0.689144 -0.722413
vn 0.056559 0.689144 -0.722413
vn 0.056559 0.689144 -0.722413
vn 0.056559 0.689144 -0.722413
vn 0.056559 0.689144 -0.722413
vn 0.056559 0.689144 -0.722413
vn 0.056559 0.689144 -0.722413
vn 0.056559 0.689144 -0.722413
vn 0.056559 0.689144 -0.722413
vn 0.056559 0.689144 -0.722413
vn -0.126899 -0.643979 -0.754446
vn -0.126899 -0.643979 -0.754446
vn -0.126899 -0.643979 -0.754446
vn -0.126899 -0.643979 -0.754446
vn -0.126899 -0.643979 -0.754446
vn -0.126899 -0.643979 -0.754446
vn -0.518542 -0.545683 -0.658290
vn -0.518541 -0.545683 -0.658290
vn -0.518541 -0.545683 -0.658290
vn -0.518542 -0.545683 -0.658290
vn -0.518541 -0.545683 -0.658290
vn -0.518541 -0.545683 -0.658290
vn -0.821442 -0.349324 -0.450784
vn -0.821442 -0.349324 -0.450784
vn -0.821442 -0.349324 -0.450784
vn -0.821442 -0.349324 -0.450784
vn -0.821442 -0.349324 -0.450784
vn -0.821442 -0.349324 -0.450784
vn -0.981878 -0.088640 -0.167509
vn -0.981878 -0.088639 -0.167509
vn -0.981878 -0.088640 -0.167509
vn -0.981878 -0.088640 -0.167509
vn -0.981878 -0.088640 -0.167509
vn -0.981878 -0.088639 -0.167509
vn -0.971368 0.190611 0.141818
vn -0.971368 0.190611 0.141818
vn -0.971368 0.190611 0.141818
vn -0.971368 0.190611 0.141818
vn -0.971368 0.190611 0.141818
vn -0.971368 0.190611 0.141818
vn -0.792346 0.439573 0.423041
vn -0.792346 0.439573 0.423041
vn -0.792346 0.439573 0.423041
vn -0.792346 0.439573 0.423041
vn -0.792346 0.439573 0.423041
vn -0.792346 0.439573 0.423041
vn -0.476619 0.615440 0.627748
vn -0.476619 0.615440 0.627748
vn -0.476619 0.615440 0.627748
vn -0.476619 0.615440 0.627748
vn -0.476619 0.615440 0.627748
vn -0.476619 0.615440 0.627748
vn -0.078617 0.688333 0.721122
vn -0.078617 0.688333 0.721122
vn -0.078617 0.688333 0.721122
vn -0.078617 0.688333 0.721122
vn -0.078617 0.688333 0.721122
vn -0.078617 0.688333 0.721122
vn 0.333622 0.645575 0.686971
vn 0.333622 0.645574 0.686971
vn 0.333622 0.645574 0.686971
vn 0.333622 0.645575 0.686971
vn 0.333623 0.645574 0.686971
vn 0.333622 0.645574 0.686971
vn 0.688846 0.493960 0.530561
vn 0.688846 0.493960 0.530561
vn 0.688846 0.493960 0.530561
vn 0.688846 0.493960 0.530561
vn 0.688846 0.493960 0.530561
vn 0.688846 0.493960 0.530561
vn 0.924634 0.259533 0.278738
vn 0.924634 0.259533 0.278738
vn 0.924634 0.259533 0.278738
vn 0.924634 0.259533 0.278738
vn 0.924634 0.259533 0.278738
vn 0.924634 0.259533 0.278738
vn 0.924634 0.259533 0.278738
vn 0.924634 0.259533 0.278738
vn 0.923924 0.246669 0.292435
vn 0.924634 0.259533 0.278738
vn 0.923924 0.246669 0.292435
vn 0.923924 0.246669 0.292435
vn 0.923924 0.246669 0.292435
vn 0.923924 0.246669 0.292435
vn 0.924247 0.251826 0.286968
vn 0.923924 0.246669 0.292435
vn 0.924247 0.251826 0.286968
vn 0.924247 0.251826 0.286968
vn 0.999571 -0.016484 -0.024206
vn 0.999571 -0.016484 -0.024206
vn 0.999571 -0.016484 -0.024206
vn 0.999571 -0.016484 -0.024206
vn 0.999571 -0.016484 -0.024206
vn 0.999571 -0.016484 -0.024206
vn 0.901519 -0.285639 -0.325075
vn 0.901519 -0.285639 -0.325075
vn 0.901519 -0.285639 -0.325075
vn 0.901519 -0.285639 -0.325075
vn 0.901519 -0.285639 -0.325075
vn 0.901519 -0.285639 -0.325075
vn 0.648870 -0.501653 -0.572112
vn 0.648870 -0.501653 -0.572112
vn 0.648870 -0.501653 -0.572112
vn 0.648870 -0.501653 -0.572112
vn 0.648870 -0.501653 -0.572112
vn 0.648870 -0.501653 -0.572112
vn 0.285564 -0.628203 -0.723749
vn 0.285564 -0.628204 -0.723749
vn 0.285564 -0.628203 -0.723749
vn 0.285564 -0.628203 -0.723749
vn 0.285564 -0.628203 -0.723749
vn 0.285564 -0.628204 -0.723749
vn -0.136055 -0.753263 -0.643493
vn -0.136055 -0.753263 -0.643493
vn -0.136055 -0.753263 -0.643493
vn -0.136055 -0.753263 -0.643493
vn -0.136055 -0.753263 -0.643493
vn -0.136055 -0.753263 -0.643493
vn -0.525451 -0.619110 -0.583613
vn -0.525451 -0.619110 -0.583613
vn -0.525451 -0.619110 -0.583613
vn -0.525451 -0.619110 -0.583613
vn -0.525451 -0.619110 -0.583613
vn -0.525451 -0.619110 -0.583613
vn -0.824157 -0.375260 -0.424200
vn -0.824157 -0.375260 -0.424200
vn -0.824157 -0.375260 -0.424200
vn -0.824157 -0.375260 -0.424200
vn -0.824157 -0.375260 -0.424200
vn -0.824157 -0.375260 -0.424200
vn -0.824157 -0.375260 -0.424200
vn -0.824157 -0.375260 -0.424200
vn -0.823039 -0.363285 -0.436614
vn -0.824157 -0.375260 -0.424200
vn -0.823039 -0.363285 -0.436614
vn -0.823039 -0.363285 -0.436614
vn -0.979114 -0.064218 -0.192906
vn -0.979114 -0.064218 -0.192906
vn -0.979114 -0.064218 -0.192906
vn -0.979114 -0.064218 -0.192906
vn -0.979114 -0.064218 -0.192906
vn -0.979114 -0.064218 -0.192906
vn -0.979114 -0.064218 -0.192906
vn -0.979114 -0.064218 -0.192906
vn -0.980914 -0.078836 -0.177743
vn -0.979114 -0.064218 -0.192906
vn -0.980914 -0.078836 -0.177743
vn -0.980914 -0.078836 -0.177743
vn -0.963386 0.259007 0.069301
vn -0.963386 0.259007 0.069301
vn -0.963386 0.259007 0.069301
vn -0.963386 0.259007 0.069301
vn -0.963386 0.259006 0.069301
vn -0.963386 0.259007 0.069301
vn -0.781208 0.538077 0.316523
vn -0.781208 0.538077 0.316523
vn -0.781208 0.538077 0.316523
vn -0.781208 0.538077 0.316523
vn -0.781208 0.538077 0.316524
vn -0.781208 0.538077 0.316523
vn -0.465324 0.725776 0.506677
vn -0.465324 0.725776 0.506677
vn -0.465324 0.725776 0.506677
vn -0.465324 0.725776 0.506677
vn -0.465324 0.725776 0.506677
vn -0.465324 0.725776 0.506677
vn -0.069671 0.790900 0.607966
vn -0.069671 0.790900 0.607966
vn -0.069671 0.790900 0.607966
vn -0.069671 0.790900 0.607966
vn -0.069671 0.790900 0.607966
vn -0.069671 0.790900 0.607966
vn 0.339122 0.722067 0.603005
vn 0.339122 0.722067 0.603005
vn 0.339122 0.722067 0.603005
vn 0.339122 0.722067 0.603005
vn 0.339122 0.722067 0.603005
vn 0.339122 0.722067 0.603005
vn 0.691017 0.529855 0.491680
vn 0.691017 0.529855 0.491680
vn 0.691017 0.529855 0.491680
vn 0.691017 0.529855 0.491680
vn 0.691017 0.529855 0.491680
vn 0.691017 0.529855 0.491680
vn 0.691017 0.529855 0.491680
vn 0.691017 0.529855 0.491680
vn 0.690005 0.509390 0.514213
vn 0.691017 0.529855 0.491680
vn 0.690005 0.509390 0.514213
vn 0.690005 0.509390 0.514213
vn 0.996157 -0.077871 0.040078
vn 0.996157 -0.077871 0.040078
vn 0.996157 -0.077872 0.040078
vn 0.996157 -0.077871 0.040078
vn 0.996157 -0.077871 0.040078
vn 0.996157 -0.077871 0.040078
vn 0.895456 -0.386517 -0.220824
vn 0.895456 -0.386517 -0.220824
vn 0.895456 -0.386517 -0.220824
vn 0.895456 -0.386517 -0.220824
vn 0.895456 -0.386517 -0.220824
vn 0.895456 -0.386517 -0.220824
vn 0.640579 -0.625837 -0.444958
vn 0.640579 -0.625837 -0.444958
vn 0.640579 -0.625837 -0.444958
vn 0.640579 -0.625837 -0.444958
vn 0.640579 -0.625837 -0.444958
vn 0.640579 -0.625837 -0.444958
vn 0.276067 -0.755391 -0.594282
vn 0.276067 -0.755391 -0.594282
vn 0.276067 -0.755391 -0.594282
vn 0.276067 -0.755391 -0.594282
vn 0.276067 -0.755391 -0.594282
vn 0.276067 -0.755391 -0.594282
vn -0.131745 -0.699173 -0.702709
vn -0.131746 -0.699173 -0.702709
vn -0.131746 -0.699173 -0.702709
vn -0.131745 -0.699173 -0.702709
vn -0.131746 -0.699173 -0.702709
vn -0.131746 -0.699173 -0.702709
vn -0.522671 -0.582711 -0.622305
vn -0.522671 -0.582711 -0.622305
vn -0.522671 -0.582711 -0.622305
vn -0.522671 -0.582711 -0.622305
vn -0.522671 -0.582711 -0.622305
vn -0.522671 -0.582711 -0.622305
vn -0.968999 0.221452 0.109545
vn -0.968999 0.221452 0.109545
vn -0.968999 0.221452 0.109545
vn -0.968999 0.221452 0.109545
vn -0.968999 0.221452 0.109545
vn -0.968999 0.221452 0.109545
vn -0.789355 0.485656 0.375576
vn -0.789355 0.485656 0.375576
vn -0.789355 0.485656 0.375576
vn -0.789355 0.485656 0.375576
vn -0.789355 0.485656 0.375576
vn -0.789355 0.485656 0.375576
vn -0.473043 0.668094 0.574352
vn -0.473043 0.668094 0.574352
vn -0.473043 0.668094 0.574352
vn -0.473043 0.668094 0.574352
vn -0.473043 0.668094 0.574352
vn -0.473043 0.668094 0.574352
vn -0.074757 0.737221 0.671503
vn -0.074757 0.737221 0.671503
vn -0.074757 0.737221 0.671503
vn -0.074757 0.737221 0.671503
vn -0.074757 0.737221 0.671503
vn -0.074757 0.737221 0.671503
vn 0.336636 0.681084 0.650231
vn 0.336636 0.681084 0.650231
vn 0.336636 0.681084 0.650231
vn 0.336636 0.681084 0.650231
vn 0.336636 0.681084 0.650231
vn 0.336636 0.681084 0.650231
vn 0.998861 -0.047075 0.007787
vn 0.998861 -0.047075 0.007787
vn 0.998861 -0.047075 0.007787
vn 0.998861 -0.047075 0.007787
vn 0.998861 -0.047075 0.007787
vn 0.998861 -0.047075 0.007787
vn 0.900943 -0.335628 -0.275055
vn 0.900943 -0.335628 -0.275055
vn 0.900943 -0.335628 -0.275055
vn 0.900943 -0.335628 -0.275055
vn 0.900943 -0.335628 -0.275055
vn 0.900943 -0.335628 -0.275055
vn 0.647424 -0.563940 -0.512653
vn 0.647424 -0.563940 -0.512653
vn 0.647424 -0.563940 -0.512653
vn 0.647424 -0.563940 -0.512653
vn 0.647424 -0.563940 -0.512653
vn 0.647424 -0.563940 -0.512653
vn 0.282140 -0.692534 -0.663923
vn 0.282140 -0.692534 -0.663923
vn 0.282140 -0.692534 -0.663923
vn 0.282140 -0.692534 -0.663923
vn 0.282140 -0.692534 -0.663923
vn 0.282140 -0.692534 -0.663923
s off
g cherry_tree group1 pCylinder13
usemtl pCylinder2SG
f 946/2983/5539 948/2985/5540 947/2984/5541
f 946/2983/5542 947/2984/5543 949/2986/5544
f 950/2987/5545 946/2983/5546 949/2986/5547
f 950/2987/5548 949/2986/5549 951/2988/5550
f 952/2989/5551 950/2987/5552 951/2988/5553
f 952/2989/5554 951/2988/5555 953/2990/5556
f 954/2991/5557 952/2989/5558 953/2990/5559
f 954/2991/5560 953/2990/5561 955/2992/5562
f 948/2993/5563 956/2995/5564 947/2994/5565
f 948/2993/5566 957/2996/5567 956/2995/5568
f 957/2996/5569 958/2997/5570 956/2995/5571
f 957/2996/5572 959/2998/5573 958/2997/5574
f 959/2998/5575 960/2999/5576 958/2997/5577
f 959/2998/5578 961/3000/5579 960/2999/5580
f 961/3001/5581 962/3003/5582 960/3002/5583
f 961/3001/5584 963/3004/5585 962/3003/5586
f 963/3004/5587 964/3005/5588 962/3003/5589
f 963/3004/5590 965/3006/5591 964/3005/5592
f 965/3006/5593 966/3007/5594 964/3005/5595
f 965/3006/5596 967/3008/5597 966/3007/5598
f 967/3008/5599 968/3009/5600 966/3007/5601
f 967/3008/5602 969/3010/5603 968/3009/5604
f 969/3010/5605 970/3011/5606 968/3009/5607
f 969/3010/5608 971/3012/5609 970/3011/5610
f 971/3013/5611 972/3015/5612 970/3014/5613
f 971/3013/5614 973/3016/5615 972/3015/5616
f 973/3016/5617 974/3017/5618 972/3015/5619
f 973/3016/5620 975/3018/5621 974/3017/5622
f 975/3018/5623 955/3019/5624 974/3017/5625
f 975/3018/5626 954/3020/5627 955/3019/5628
f 957/3021/5629 961/3023/5630 959/3022/5631
f 961/3023/5632 957/3021/5633 948/3024/5634
f 961/3023/5635 948/3024/5636 963/3025/5637
f 963/3025/5638 948/3024/5639 946/3026/5640
f 963/3025/5641 946/3026/5642 965/3027/5643
f 965/3027/5644 946/3026/5645 950/3028/5646
f 965/3027/5647 950/3028/5648 967/3029/5649
f 967/3029/5650 950/3028/5651 952/3030/5652
f 967/3029/5653 952/3030/5654 969/3031/5655
f 969/3031/5656 952/3030/5657 954/3032/5658
f 969/3031/5659 954/3032/5660 971/3033/5661
f 971/3033/5662 954/3032/5663 975/3034/5664
f 971/3033/5665 975/3034/5666 973/3035/5667
f 976/3036/5668 978/3038/5669 977/3037/5670
f 978/3038/5671 976/3036/5672 979/3039/5673
f 979/3039/5674 976/3036/5675 980/3040/5676
f 979/3039/5677 980/3040/5678 981/3041/5679
f 981/3041/5680 980/3040/5681 982/3042/5682
f 981/3041/5683 982/3042/5684 983/3043/5685
f 983/3043/5686 982/3042/5687 984/3044/5688
f 983/3043/5689 984/3044/5690 985/3045/5691
f 985/3045/5692 984/3044/5693 986/3046/5694
f 985/3045/5695 986/3046/5696 987/3047/5697
f 987/3047/5698 986/3046/5699 988/3048/5700
f 987/3047/5701 988/3048/5702 989/3049/5703
f 989/3049/5704 988/3048/5705 990/3050/5706
f 949/3051/5707 992/3053/5708 991/3052/5709
f 949/3051/5710 947/3054/5711 992/3053/5712
f 947/3055/5713 993/3057/5714 992/3056/5715
f 947/3055/5716 956/3058/5717 993/3057/5718
f 956/3059/5719 994/3061/5720 993/3060/5721
f 956/3059/5722 958/3062/5723 994/3061/5724
f 958/3063/5725 995/3065/5726 994/3064/5727
f 958/3063/5728 960/3066/5729 995/3065/5730
f 960/3067/5731 996/3069/5732 995/3068/5733
f 960/3067/5734 962/3070/5735 996/3069/5736
f 962/3071/5737 997/3073/5738 996/3072/5739
f 962/3071/5740 964/3074/5741 997/3073/5742
f 964/3075/5743 998/3077/5744 997/3076/5745
f 964/3075/5746 966/3078/5747 998/3077/5748
f 966/3079/5749 999/3081/5750 998/3080/5751
f 966/3079/5752 968/3082/5753 999/3081/5754
f 968/3083/5755 1000/3085/5756 999/3084/5757
f 968/3083/5758 970/3086/5759 1000/3085/5760
f 970/3087/5761 1001/3089/5762 1000/3088/5763
f 970/3087/5764 972/3090/5765 1001/3089/5766
f 972/3091/5767 974/3093/5768 1002/3092/5769
f 972/3091/5770 1002/3092/5771 1001/3094/5772
f 1001/3094/5773 1002/3092/5774 1003/3095/5775
f 1001/3094/5776 1003/3095/5777 1004/3096/5778
f 1004/3096/5779 1003/3095/5780 989/3097/5781
f 1004/3096/5782 989/3097/5783 990/3098/5784
f 974/3099/5785 1005/3101/5786 1002/3100/5787
f 974/3099/5788 955/3102/5789 1005/3101/5790
f 955/3103/5791 1006/3105/5792 1005/3104/5793
f 955/3103/5794 953/3106/5795 1006/3105/5796
f 953/3107/5797 1007/3109/5798 1006/3108/5799
f 953/3107/5800 951/3110/5801 1007/3109/5802
f 951/3111/5803 991/3113/5804 1007/3112/5805
f 951/3111/5806 949/3114/5807 991/3113/5808
f 991/3115/5809 1009/3117/5810 1008/3116/5811
f 991/3115/5812 992/3118/5813 1009/3117/5814
f 992/3119/5815 1010/3121/5816 1009/3120/5817
f 992/3119/5818 993/3122/5819 1010/3121/5820
f 993/3123/5821 994/3125/5822 1011/3124/5823
f 993/3123/5824 1011/3124/5825 1010/3126/5826
f 1010/3126/5827 1011/3124/5828 977/3127/5829
f 1010/3126/5830 977/3127/5831 978/3128/5832
f 994/3129/5833 995/3131/5834 1012/3130/5835
f 994/3129/5836 1012/3130/5837 1011/3132/5838
f 1011/3132/5839 1012/3130/5840 976/3133/5841
f 1011/3132/5842 976/3133/5843 977/3134/5844
f 995/3135/5845 1013/3137/5846 1012/3136/5847
f 995/3135/5848 996/3138/5849 1013/3137/5850
f 996/3139/5851 1014/3141/5852 1013/3140/5853
f 996/3139/5854 997/3142/5855 1014/3141/5856
f 997/3143/5857 1015/3145/5858 1014/3144/5859
f 997/3143/5860 998/3146/5861 1015/3145/5862
f 998/3147/5863 1016/3149/5864 1015/3148/5865
f 998/3147/5866 999/3150/5867 1016/3149/5868
f 999/3151/5869 1017/3153/5870 1016/3152/5871
f 999/3151/5872 1000/3154/5873 1017/3153/5874
f 1000/3155/5875 1001/3157/5876 1004/3156/5877
f 1000/3155/5878 1004/3156/5879 1017/3158/5880
f 1017/3158/5881 1004/3156/5882 990/3159/5883
f 1017/3158/5884 990/3159/5885 988/3160/5886
f 1002/3161/5887 1018/3163/5888 1003/3162/5889
f 1002/3161/5890 1005/3164/5891 1018/3163/5892
f 1005/3165/5893 1019/3167/5894 1018/3166/5895
f 1005/3165/5896 1006/3168/5897 1019/3167/5898
f 1006/3169/5899 1020/3171/5900 1019/3170/5901
f 1006/3169/5902 1007/3172/5903 1020/3171/5904
f 1007/3173/5905 1008/3175/5906 1020/3174/5907
f 1007/3173/5908 991/3176/5909 1008/3175/5910
f 1008/3177/5911 979/3179/5912 981/3178/5913
f 1008/3177/5914 1009/3180/5915 979/3179/5916
f 1009/3181/5917 978/3183/5918 979/3182/5919
f 1009/3181/5920 1010/3184/5921 978/3183/5922
f 1012/3185/5923 980/3187/5924 976/3186/5925
f 1012/3185/5926 1013/3188/5927 980/3187/5928
f 1013/3189/5929 982/3191/5930 980/3190/5931
f 1013/3189/5932 1014/3192/5933 982/3191/5934
f 1014/3193/5935 984/3195/5936 982/3194/5937
f 1014/3193/5938 1015/3196/5939 984/3195/5940
f 1015/3197/5941 986/3199/5942 984/3198/5943
f 1015/3197/5944 1016/3200/5945 986/3199/5946
f 1016/3201/5947 988/3203/5948 986/3202/5949
f 1016/3201/5950 1017/3204/5951 988/3203/5952
f 1003/3205/5953 987/3207/5954 989/3206/5955
f 1003/3205/5956 1018/3208/5957 987/3207/5958
f 1018/3209/5959 985/3211/5960 987/3210/5961
f 1018/3209/5962 1019/3212/5963 985/3211/5964
f 1019/3213/5965 983/3215/5966 985/3214/5967
f 1019/3213/5968 1020/3216/5969 983/3215/5970
f 1020/3217/5971 981/3219/5972 983/3218/5973
f 1020/3217/5974 1008/3220/5975 981/3219/5976
g default
v -46.710666 427.171471 990.183444
v -35.879826 437.027638 992.742665
v -47.717429 428.394918 988.208112
v -34.967868 435.919425 994.531926
v -46.263791 426.506188 992.554868
v -34.563069 435.316886 996.679958
v -46.454020 426.514274 994.912343
v -34.735442 435.324179 998.815326
v -47.248532 427.194176 996.848217
v -35.455061 435.940023 1000.568852
v -37.141120 438.449972 991.621586
v -49.109977 429.965109 986.970424
v -38.533820 439.940358 991.362492
v -50.647497 431.610553 986.684377
v -39.817092 441.241139 992.010175
v -52.064172 433.046681 987.399448
v -40.768947 442.127462 993.452702
v -53.115046 434.025075 988.991977
v -41.224904 442.445973 995.440585
v -53.618434 434.376793 991.186611
v -41.106052 442.141683 997.630131
v -53.487223 434.040822 993.603879
v -40.433024 441.267203 999.642750
v -52.744186 433.075397 995.825810
v -39.322111 439.973683 1001.130429
v -51.517707 431.647360 997.468212
v -37.965422 438.484823 1001.835956
v -50.019948 430.003620 998.247105
v -36.597595 437.058033 1001.637310
v -48.509841 428.428458 998.027798
v 74.760664 522.790029 1046.586070
v 74.890825 522.596303 1047.276744
v 74.835406 522.598622 1047.963360
v 74.604019 522.796679 1048.527217
v 74.467451 523.146410 1046.010753
v 74.236617 523.156176 1048.870753
v 74.061846 523.603749 1045.650264
v 73.796831 523.614916 1048.934642
v 73.614029 524.082934 1045.566937
v 73.360552 524.093676 1048.707774
v 73.201431 524.501210 1045.775203
v 73.003340 524.509633 1048.229427
v 72.895308 524.786244 1046.239039
v 72.786944 524.790761 1047.582271
v 72.748736 524.888598 1046.878245
v -8.331570 458.877459 1005.016209
v -9.075664 459.781726 1003.556271
v -10.104854 460.942248 1002.641507
v -11.241216 462.158373 1002.430096
v 16.633333 478.177905 1011.721874
v 17.628924 477.112475 1011.907100
v 57.186509 506.325061 1026.566326
v 57.923951 505.535966 1026.703533
v -12.288281 463.219714 1002.958592
v 15.716021 479.107776 1012.184887
v 56.507081 507.013811 1026.909267
v -13.064976 463.942889 1004.135601
v -13.437007 464.202868 1005.757641
v -13.340000 463.954577 1007.544231
v -12.790889 463.241015 1009.186413
v -11.884395 462.185565 1010.400310
v -10.777454 460.970660 1010.975956
v -9.661328 459.806506 1010.813885
v 18.017489 476.117480 1019.066799
v 17.039660 477.137378 1019.208790
v 58.211749 504.798906 1032.006741
v 57.487520 505.554399 1032.111949
v -8.729092 458.894274 1009.942082
v -8.141888 458.391802 1008.511288
v -8.001248 458.385760 1006.768909
v 19.182482 475.303576 1013.987560
v 18.530581 476.095752 1012.708507
v 15.035570 479.741320 1013.216053
v 14.709643 479.969012 1014.637096
v 14.794573 479.751513 1016.202282
v 15.275744 479.126361 1017.641010
v 16.069872 478.201709 1018.704479
v 56.769122 506.342700 1031.738353
v 18.834185 475.318255 1018.303020
v 58.816729 504.206987 1031.441020
v 19.348650 474.878039 1017.049534
v 19.471850 474.872790 1015.523052
v 59.074678 504.196032 1028.244518
v 58.591856 504.782824 1027.297161
v 56.003009 507.483142 1027.673076
v 55.761641 507.651782 1028.725658
v 55.824542 507.490617 1029.884975
v 56.180909 507.027636 1030.950649
v 59.197769 503.880847 1030.512523
v 59.289000 503.877031 1029.381877
vt 0.131394 0.001992
vt 0.145177 0.095723
vt 0.148799 0.001992
vt 0.129411 0.095723
vt 0.110349 0.001992
vt 0.110349 0.095724
vt 0.089305 0.001992
vt 0.091287 0.095723
vt 0.071899 0.001992
vt 0.075521 0.095723
vt 0.380988 0.998008
vt 0.377780 0.904277
vt 0.360903 0.904276
vt 0.362356 0.998008
vt 0.341522 0.904276
vt 0.340959 0.998008
vt 0.322988 0.904277
vt 0.320497 0.998007
vt 0.387046 0.001992
vt 0.391267 0.095723
vt 0.404307 0.095723
vt 0.401442 0.001992
vt 0.422110 0.095723
vt 0.421097 0.001992
vt 0.441598 0.095723
vt 0.442611 0.001992
vt 0.459401 0.095723
vt 0.462266 0.001992
vt 0.472441 0.095723
vt 0.476662 0.001992
vt 0.204711 0.001992
vt 0.207201 0.095723
vt 0.225735 0.095724
vt 0.225172 0.001992
vt 0.245116 0.095723
vt 0.246569 0.001992
vt 0.261993 0.095723
vt 0.265201 0.001992
vt 0.752679 0.074493
vt 0.757152 0.053448
vt 0.752679 0.032404
vt 0.740033 0.091898
vt 0.740033 0.014998
vt 0.721401 0.102656
vt 0.721401 0.004241
vt 0.700004 0.104904
vt 0.700004 0.001992
vt 0.679543 0.098256
vt 0.679542 0.008640
vt 0.663554 0.083860
vt 0.663555 0.023036
vt 0.654804 0.064206
vt 0.654804 0.042691
vt 0.578378 0.023108
vt 0.579681 0.016979
vt 0.578378 0.010850
vt 0.574695 0.005780
vt 0.574695 0.028178
vt 0.569268 0.002647
vt 0.569268 0.031311
vt 0.563036 0.001992
vt 0.563036 0.031966
vt 0.557077 0.003928
vt 0.557077 0.030029
vt 0.552420 0.008121
vt 0.552420 0.025836
vt 0.549871 0.013846
vt 0.549871 0.020112
vt 0.129411 0.095723
vt 0.124462 0.322141
vt 0.137327 0.322141
vt 0.145177 0.095723
vt 0.377780 0.904277
vt 0.344960 0.677859
vt 0.331190 0.677859
vt 0.360903 0.904276
vt 0.360903 0.904276
vt 0.315376 0.677858
vt 0.341522 0.904276
vt 0.331190 0.677859
vt 0.343065 0.476430
vt 0.356920 0.476430
vt 0.344068 0.161795
vt 0.354330 0.161795
vt 0.341522 0.904276
vt 0.300253 0.677859
vt 0.322988 0.904277
vt 0.315376 0.677858
vt 0.329816 0.476430
vt 0.343065 0.476430
vt 0.334255 0.161795
vt 0.344068 0.161795
vt 0.391267 0.095723
vt 0.400177 0.322141
vt 0.410817 0.322141
vt 0.404307 0.095723
vt 0.404307 0.095723
vt 0.410817 0.322141
vt 0.425344 0.322141
vt 0.422110 0.095723
vt 0.422110 0.095723
vt 0.425344 0.322141
vt 0.441245 0.322141
vt 0.441598 0.095723
vt 0.441598 0.095723
vt 0.441245 0.322141
vt 0.455771 0.322141
vt 0.459401 0.095723
vt 0.459401 0.095723
vt 0.455771 0.322141
vt 0.466411 0.322141
vt 0.472441 0.095723
vt 0.207201 0.095723
vt 0.184466 0.322141
vt 0.199589 0.322141
vt 0.225735 0.095724
vt 0.225735 0.095724
vt 0.215403 0.322141
vt 0.245116 0.095723
vt 0.199589 0.322141
vt 0.241132 0.523570
vt 0.227278 0.523570
vt 0.238543 0.838205
vt 0.228281 0.838205
vt 0.245116 0.095723
vt 0.215403 0.322141
vt 0.229173 0.322141
vt 0.261993 0.095723
vt 0.075521 0.095723
vt 0.080491 0.322141
vt 0.093355 0.322141
vt 0.091287 0.095723
vt 0.091287 0.095723
vt 0.093355 0.322141
vt 0.108908 0.322141
vt 0.110349 0.095724
vt 0.110349 0.095724
vt 0.108908 0.322141
vt 0.124462 0.322141
vt 0.129411 0.095723
vt 0.124462 0.322141
vt 0.123975 0.523570
vt 0.135246 0.523570
vt 0.137327 0.322141
vt 0.344960 0.677859
vt 0.368984 0.476430
vt 0.356920 0.476430
vt 0.331190 0.677859
vt 0.400177 0.322141
vt 0.402841 0.523570
vt 0.412162 0.523570
vt 0.410817 0.322141
vt 0.410817 0.322141
vt 0.412162 0.523570
vt 0.424888 0.523570
vt 0.425344 0.322141
vt 0.425344 0.322141
vt 0.424888 0.523570
vt 0.438819 0.523570
vt 0.441245 0.322141
vt 0.441245 0.322141
vt 0.438819 0.523570
vt 0.451546 0.523570
vt 0.455771 0.322141
vt 0.455771 0.322141
vt 0.451546 0.523570
vt 0.460867 0.523570
vt 0.466411 0.322141
vt 0.184466 0.322141
vt 0.227278 0.523570
vt 0.199589 0.322141
vt 0.214029 0.523570
vt 0.228281 0.838205
vt 0.218467 0.838205
vt 0.215403 0.322141
vt 0.253197 0.523570
vt 0.229173 0.322141
vt 0.241132 0.523570
vt 0.247479 0.838205
vt 0.238543 0.838205
vt 0.080491 0.322141
vt 0.085452 0.523570
vt 0.096723 0.523570
vt 0.093355 0.322141
vt 0.093355 0.322141
vt 0.096723 0.523570
vt 0.110349 0.523570
vt 0.108908 0.322141
vt 0.108908 0.322141
vt 0.110349 0.523570
vt 0.123975 0.523570
vt 0.124462 0.322141
vt 0.123975 0.523570
vt 0.120442 0.838205
vt 0.128790 0.838205
vt 0.135246 0.523570
vt 0.368984 0.476430
vt 0.363266 0.161795
vt 0.354330 0.161795
vt 0.356920 0.476430
vt 0.402841 0.523570
vt 0.410363 0.838205
vt 0.417268 0.838205
vt 0.412162 0.523570
vt 0.412162 0.523570
vt 0.417268 0.838205
vt 0.426695 0.838205
vt 0.424888 0.523570
vt 0.424888 0.523570
vt 0.426695 0.838205
vt 0.437013 0.838205
vt 0.438819 0.523570
vt 0.438819 0.523570
vt 0.437013 0.838205
vt 0.446440 0.838205
vt 0.451546 0.523570
vt 0.451546 0.523570
vt 0.446440 0.838205
vt 0.453344 0.838205
vt 0.460867 0.523570
vt 0.085452 0.523570
vt 0.100256 0.838205
vt 0.096723 0.523570
vt 0.091908 0.838205
vt 0.006581 0.998008
vt 0.001511 0.998008
vt 0.096723 0.523570
vt 0.100256 0.838205
vt 0.110349 0.838205
vt 0.110349 0.523570
vt 0.110349 0.523570
vt 0.110349 0.838205
vt 0.120442 0.838205
vt 0.123975 0.523570
vt 0.120442 0.838205
vt 0.018839 0.998008
vt 0.023909 0.998008
vt 0.128790 0.838205
vt 0.649084 0.133059
vt 0.574695 0.028178
vt 0.569268 0.031311
vt 0.640148 0.138218
vt 0.640148 0.138218
vt 0.569268 0.031311
vt 0.563036 0.031966
vt 0.629886 0.139297
vt 0.344068 0.161795
vt 0.277218 0.001992
vt 0.271259 0.001992
vt 0.334255 0.161795
vt 0.410363 0.838205
vt 0.516442 0.998008
vt 0.520635 0.998008
vt 0.417268 0.838205
vt 0.417268 0.838205
vt 0.520635 0.998008
vt 0.526360 0.998008
vt 0.426695 0.838205
vt 0.426695 0.838205
vt 0.526360 0.998008
vt 0.532626 0.998008
vt 0.437013 0.838205
vt 0.437013 0.838205
vt 0.532626 0.998008
vt 0.538350 0.998008
vt 0.446440 0.838205
vt 0.446440 0.838205
vt 0.538350 0.998008
vt 0.542543 0.998008
vt 0.453344 0.838205
vt 0.218467 0.838205
vt 0.155472 0.998008
vt 0.161431 0.998008
vt 0.228281 0.838205
vt 0.228281 0.838205
vt 0.161431 0.998008
vt 0.167663 0.998008
vt 0.238543 0.838205
vt 0.238543 0.838205
vt 0.167663 0.998008
vt 0.173090 0.998008
vt 0.247479 0.838205
vt 0.100256 0.838205
vt 0.006581 0.998008
vt 0.012710 0.998008
vt 0.110349 0.838205
vt 0.110349 0.838205
vt 0.012710 0.998008
vt 0.018839 0.998008
vt 0.120442 0.838205
vn 0.628560 -0.594424 -0.501570
vn 0.547407 -0.351760 -0.759349
vn 0.565790 -0.395916 -0.723279
vn 0.628560 -0.594424 -0.501570
vn 0.565790 -0.395916 -0.723279
vn 0.634508 -0.627218 -0.451661
vn 0.630000 -0.758394 -0.167148
vn 0.628560 -0.594424 -0.501570
vn 0.634508 -0.627218 -0.451661
vn 0.630000 -0.758394 -0.167148
vn 0.634508 -0.627218 -0.451661
vn 0.622809 -0.774161 -0.113070
vn 0.534644 -0.813131 0.230160
vn 0.630000 -0.758394 -0.167148
vn 0.622809 -0.774161 -0.113070
vn 0.534644 -0.813131 0.230160
vn 0.622809 -0.774161 -0.113070
vn 0.518449 -0.810450 0.272730
vn 0.322402 -0.703972 0.632835
vn 0.534644 -0.813131 0.230160
vn 0.518449 -0.810450 0.272730
vn 0.322402 -0.703972 0.632835
vn 0.518449 -0.810450 0.272730
vn 0.312040 -0.695929 0.646771
vn 0.547407 -0.351760 -0.759349
vn 0.414568 -0.088295 -0.905725
vn 0.565790 -0.395916 -0.723279
vn 0.547407 -0.351760 -0.759349
vn 0.388369 -0.043246 -0.920489
vn 0.414568 -0.088295 -0.905725
vn 0.388369 -0.043246 -0.920489
vn 0.174972 0.276278 -0.945016
vn 0.414568 -0.088295 -0.905725
vn 0.388369 -0.043246 -0.920489
vn 0.154219 0.303748 -0.940188
vn 0.174972 0.276278 -0.945016
vn 0.154219 0.303748 -0.940188
vn -0.121559 0.618491 -0.776333
vn 0.174972 0.276278 -0.945016
vn 0.154219 0.303748 -0.940188
vn -0.120997 0.617944 -0.776856
vn -0.121559 0.618491 -0.776333
vn -0.120997 0.617944 -0.776856
vn -0.383869 0.819355 -0.425796
vn -0.121559 0.618491 -0.776333
vn -0.120997 0.617944 -0.776856
vn -0.367005 0.810532 -0.456449
vn -0.383869 0.819355 -0.425796
vn -0.367005 0.810532 -0.456449
vn -0.540567 0.841052 -0.020464
vn -0.383869 0.819355 -0.425796
vn -0.367005 0.810532 -0.456449
vn -0.526479 0.847057 -0.072896
vn -0.540567 0.841052 -0.020464
vn -0.526479 0.847057 -0.072896
vn -0.589890 0.729593 0.346011
vn -0.540567 0.841052 -0.020464
vn -0.526479 0.847057 -0.072896
vn -0.588303 0.754306 0.291414
vn -0.589890 0.729593 0.346011
vn -0.588303 0.754306 0.291414
vn -0.551628 0.528254 0.645488
vn -0.589890 0.729593 0.346011
vn -0.588303 0.754306 0.291414
vn -0.563475 0.566752 0.601072
vn -0.551628 0.528254 0.645488
vn -0.563475 0.566752 0.601072
vn -0.433178 0.254136 0.864738
vn -0.551628 0.528254 0.645488
vn -0.563475 0.566752 0.601072
vn -0.455773 0.298796 0.838446
vn -0.433178 0.254136 0.864738
vn -0.455773 0.298796 0.838446
vn -0.232366 -0.079913 0.969340
vn -0.433178 0.254136 0.864738
vn -0.455773 0.298796 0.838446
vn -0.257255 -0.042867 0.965392
vn -0.232366 -0.079913 0.969340
vn -0.257255 -0.042867 0.965392
vn 0.036082 -0.427613 0.903242
vn -0.232366 -0.079913 0.969340
vn -0.257255 -0.042867 0.965392
vn 0.025288 -0.415268 0.909348
vn 0.036082 -0.427613 0.903242
vn 0.025288 -0.415268 0.909348
vn 0.312040 -0.695929 0.646771
vn 0.036082 -0.427613 0.903242
vn 0.025288 -0.415268 0.909348
vn 0.322402 -0.703972 0.632835
vn 0.312040 -0.695929 0.646771
vn -0.724611 -0.686868 -0.056127
vn -0.724611 -0.686869 -0.056127
vn -0.724611 -0.686869 -0.056127
vn -0.724611 -0.686869 -0.056127
vn -0.724611 -0.686868 -0.056127
vn -0.724611 -0.686868 -0.056127
vn -0.724611 -0.686869 -0.056127
vn -0.724611 -0.686868 -0.056127
vn -0.724611 -0.686869 -0.056127
vn -0.724611 -0.686869 -0.056127
vn -0.724611 -0.686868 -0.056127
vn -0.724611 -0.686868 -0.056127
vn -0.724611 -0.686869 -0.056127
vn -0.724611 -0.686868 -0.056127
vn -0.724611 -0.686868 -0.056127
vn -0.724611 -0.686868 -0.056127
vn -0.724611 -0.686868 -0.056127
vn -0.724611 -0.686869 -0.056127
vn -0.724611 -0.686868 -0.056127
vn -0.724611 -0.686869 -0.056127
vn -0.724611 -0.686869 -0.056127
vn -0.724611 -0.686869 -0.056127
vn -0.724611 -0.686869 -0.056127
vn -0.724611 -0.686869 -0.056127
vn -0.724611 -0.686869 -0.056127
vn -0.724611 -0.686869 -0.056127
vn -0.724611 -0.686868 -0.056127
vn -0.724611 -0.686868 -0.056127
vn -0.724611 -0.686869 -0.056127
vn -0.724611 -0.686869 -0.056127
vn -0.724611 -0.686868 -0.056127
vn -0.724611 -0.686869 -0.056127
vn -0.724611 -0.686868 -0.056127
vn -0.724611 -0.686868 -0.056127
vn -0.724611 -0.686869 -0.056127
vn -0.724611 -0.686869 -0.056127
vn -0.724611 -0.686868 -0.056127
vn -0.724611 -0.686869 -0.056127
vn -0.724611 -0.686868 -0.056127
vn 0.724605 0.686872 0.056157
vn 0.724605 0.686872 0.056157
vn 0.724605 0.686872 0.056157
vn 0.724605 0.686872 0.056157
vn 0.724605 0.686872 0.056157
vn 0.724605 0.686872 0.056157
vn 0.724605 0.686872 0.056157
vn 0.724605 0.686872 0.056157
vn 0.724605 0.686872 0.056157
vn 0.724605 0.686872 0.056157
vn 0.724605 0.686872 0.056157
vn 0.724605 0.686872 0.056157
vn 0.724605 0.686872 0.056157
vn 0.724605 0.686872 0.056157
vn 0.724605 0.686872 0.056157
vn 0.724605 0.686872 0.056157
vn 0.724605 0.686872 0.056157
vn 0.724605 0.686872 0.056157
vn 0.724605 0.686872 0.056157
vn 0.724605 0.686872 0.056157
vn 0.724605 0.686872 0.056157
vn 0.724605 0.686872 0.056157
vn 0.724605 0.686872 0.056157
vn 0.724605 0.686872 0.056157
vn 0.724605 0.686872 0.056157
vn 0.724605 0.686872 0.056157
vn 0.724605 0.686872 0.056157
vn 0.724605 0.686872 0.056157
vn 0.724605 0.686872 0.056157
vn 0.724605 0.686872 0.056157
vn 0.724605 0.686872 0.056157
vn 0.724605 0.686872 0.056157
vn 0.724605 0.686872 0.056157
vn 0.724605 0.686872 0.056157
vn 0.724605 0.686872 0.056157
vn 0.724605 0.686872 0.056157
vn 0.724605 0.686872 0.056157
vn 0.724605 0.686872 0.056157
vn 0.724605 0.686872 0.056157
vn 0.640257 -0.462886 -0.613031
vn 0.640257 -0.462886 -0.613031
vn 0.640257 -0.462886 -0.613031
vn 0.640257 -0.462886 -0.613031
vn 0.640257 -0.462886 -0.613031
vn 0.640257 -0.462886 -0.613031
vn 0.510856 -0.205026 -0.834860
vn 0.510856 -0.205026 -0.834860
vn 0.510856 -0.205026 -0.834860
vn 0.510856 -0.205026 -0.834860
vn 0.510856 -0.205026 -0.834860
vn 0.510856 -0.205026 -0.834860
vn 0.294876 0.110551 -0.949119
vn 0.294876 0.110551 -0.949119
vn 0.294876 0.110551 -0.949119
vn 0.294876 0.110551 -0.949119
vn 0.294876 0.110551 -0.949119
vn 0.294876 0.110551 -0.949119
vn 0.294876 0.110551 -0.949119
vn 0.294876 0.110551 -0.949119
vn 0.270305 0.085874 -0.958937
vn 0.294876 0.110551 -0.949119
vn 0.270305 0.085874 -0.958937
vn 0.270305 0.085874 -0.958937
vn 0.270305 0.085874 -0.958937
vn 0.270305 0.085874 -0.958937
vn 0.281810 0.097387 -0.954515
vn 0.270305 0.085874 -0.958937
vn 0.281810 0.097387 -0.954515
vn 0.281810 0.097387 -0.954515
vn 0.000083 0.445798 -0.895134
vn 0.000083 0.445798 -0.895134
vn 0.000083 0.445798 -0.895134
vn 0.000083 0.445798 -0.895134
vn 0.000083 0.445798 -0.895134
vn 0.000083 0.445798 -0.895134
vn 0.000083 0.445798 -0.895134
vn 0.000083 0.445798 -0.895134
vn 0.026615 0.466501 -0.884120
vn 0.000083 0.445798 -0.895134
vn 0.026615 0.466501 -0.884120
vn 0.026615 0.466501 -0.884120
vn 0.026615 0.466501 -0.884120
vn 0.026615 0.466501 -0.884120
vn 0.010813 0.454225 -0.890821
vn 0.026615 0.466501 -0.884120
vn 0.010813 0.454225 -0.890821
vn 0.010813 0.454225 -0.890821
vn -0.309557 0.705376 -0.637667
vn -0.309557 0.705376 -0.637667
vn -0.309557 0.705376 -0.637667
vn -0.309557 0.705376 -0.637667
vn -0.309557 0.705376 -0.637667
vn -0.309557 0.705376 -0.637667
vn -0.536789 0.805157 -0.252150
vn -0.536789 0.805157 -0.252150
vn -0.536789 0.805157 -0.252150
vn -0.536789 0.805157 -0.252150
vn -0.536789 0.805157 -0.252150
vn -0.536789 0.805157 -0.252150
vn -0.642060 0.753835 0.139615
vn -0.642060 0.753835 0.139615
vn -0.642060 0.753835 0.139615
vn -0.642060 0.753835 0.139615
vn -0.642060 0.753835 0.139615
vn -0.642060 0.753835 0.139615
vn -0.642093 0.601050 0.475873
vn -0.642093 0.601050 0.475873
vn -0.642093 0.601050 0.475873
vn -0.642093 0.601050 0.475873
vn -0.642093 0.601050 0.475873
vn -0.642093 0.601050 0.475873
vn -0.555199 0.376261 0.741742
vn -0.555199 0.376261 0.741742
vn -0.555199 0.376261 0.741742
vn -0.555199 0.376261 0.741742
vn -0.555199 0.376261 0.741742
vn -0.555199 0.376261 0.741742
vn -0.381964 0.087890 0.919989
vn -0.381964 0.087890 0.919989
vn -0.381964 0.087890 0.919989
vn -0.381964 0.087890 0.919989
vn -0.381964 0.087890 0.919989
vn -0.381964 0.087890 0.919989
vn -0.118549 -0.247529 0.961600
vn -0.118549 -0.247529 0.961600
vn -0.118549 -0.247529 0.961600
vn -0.118549 -0.247529 0.961600
vn -0.118549 -0.247529 0.961600
vn -0.118549 -0.247529 0.961600
vn -0.118549 -0.247529 0.961600
vn -0.118549 -0.247529 0.961600
vn -0.132107 -0.259833 0.956574
vn -0.118549 -0.247529 0.961600
vn -0.132107 -0.259833 0.956574
vn -0.132107 -0.259833 0.956574
vn -0.132107 -0.259833 0.956574
vn -0.132107 -0.259833 0.956574
vn -0.126698 -0.254935 0.958622
vn -0.132107 -0.259833 0.956574
vn -0.126698 -0.254935 0.958622
vn -0.126698 -0.254935 0.958622
vn 0.200931 -0.561679 0.802585
vn 0.200931 -0.561679 0.802585
vn 0.200931 -0.561679 0.802585
vn 0.200931 -0.561679 0.802585
vn 0.200931 -0.561679 0.802585
vn 0.200931 -0.561679 0.802585
vn 0.480426 -0.747006 0.459535
vn 0.480426 -0.747006 0.459535
vn 0.480426 -0.747006 0.459535
vn 0.480426 -0.747006 0.459535
vn 0.480426 -0.747006 0.459535
vn 0.480426 -0.747006 0.459535
vn 0.642862 -0.764039 0.054527
vn 0.642862 -0.764039 0.054527
vn 0.642862 -0.764039 0.054527
vn 0.642862 -0.764039 0.054527
vn 0.642862 -0.764039 0.054527
vn 0.642862 -0.764039 0.054527
vn 0.687747 -0.654858 -0.313312
vn 0.687748 -0.654858 -0.313312
vn 0.687748 -0.654858 -0.313312
vn 0.687747 -0.654858 -0.313312
vn 0.687748 -0.654858 -0.313312
vn 0.687748 -0.654858 -0.313312
vn 0.540292 -0.563860 -0.624617
vn 0.540292 -0.563860 -0.624617
vn 0.540292 -0.563860 -0.624617
vn 0.540292 -0.563860 -0.624617
vn 0.540292 -0.563860 -0.624617
vn 0.540292 -0.563860 -0.624617
vn 0.445529 -0.276158 -0.851611
vn 0.445529 -0.276158 -0.851611
vn 0.445529 -0.276158 -0.851611
vn 0.445529 -0.276158 -0.851611
vn 0.445529 -0.276158 -0.851611
vn 0.445529 -0.276158 -0.851611
vn -0.226621 0.756032 -0.614051
vn -0.226621 0.756032 -0.614051
vn -0.226621 0.756032 -0.614051
vn -0.226621 0.756032 -0.614051
vn -0.226621 0.756032 -0.614051
vn -0.226621 0.756032 -0.614051
vn -0.417053 0.877627 -0.236299
vn -0.417053 0.877627 -0.236299
vn -0.417053 0.877627 -0.236299
vn -0.417053 0.877627 -0.236299
vn -0.417053 0.877627 -0.236299
vn -0.417053 0.877627 -0.236299
vn -0.518002 0.842956 0.145259
vn -0.518002 0.842956 0.145259
vn -0.518002 0.842956 0.145259
vn -0.518002 0.842956 0.145259
vn -0.518002 0.842956 0.145259
vn -0.518002 0.842956 0.145259
vn -0.537105 0.693091 0.480773
vn -0.537105 0.693091 0.480773
vn -0.537105 0.693091 0.480773
vn -0.537105 0.693091 0.480773
vn -0.537105 0.693091 0.480773
vn -0.537105 0.693091 0.480773
vn -0.481556 0.450819 0.751575
vn -0.481556 0.450819 0.751575
vn -0.481556 0.450819 0.751575
vn -0.481556 0.450819 0.751575
vn -0.481556 0.450819 0.751575
vn -0.481556 0.450819 0.751575
vn -0.347208 0.124065 0.929545
vn -0.347208 0.124065 0.929545
vn -0.347208 0.124065 0.929545
vn -0.347208 0.124065 0.929545
vn -0.347208 0.124065 0.929545
vn -0.347208 0.124065 0.929545
vn -0.347208 0.124065 0.929545
vn -0.347208 0.124065 0.929545
vn -0.367390 0.103227 0.924321
vn -0.347208 0.124065 0.929545
vn -0.367390 0.103227 0.924321
vn -0.367390 0.103227 0.924321
vn 0.128913 -0.613111 0.779408
vn 0.128913 -0.613111 0.779407
vn 0.128913 -0.613111 0.779407
vn 0.128913 -0.613111 0.779408
vn 0.128913 -0.613111 0.779407
vn 0.128913 -0.613111 0.779407
vn 0.128913 -0.613111 0.779407
vn 0.128913 -0.613111 0.779407
vn 0.164833 -0.588204 0.791736
vn 0.128913 -0.613111 0.779407
vn 0.164833 -0.588204 0.791736
vn 0.164833 -0.588204 0.791736
vn 0.358915 -0.824787 0.436928
vn 0.358915 -0.824787 0.436928
vn 0.358915 -0.824787 0.436928
vn 0.358915 -0.824787 0.436928
vn 0.358915 -0.824787 0.436928
vn 0.358915 -0.824787 0.436928
vn 0.503815 -0.862707 0.043681
vn 0.503815 -0.862707 0.043681
vn 0.503815 -0.862707 0.043681
vn 0.503815 -0.862707 0.043681
vn 0.503815 -0.862707 0.043681
vn 0.503815 -0.862707 0.043681
vn 0.560392 -0.763933 -0.319948
vn 0.560392 -0.763933 -0.319948
vn 0.560392 -0.763933 -0.319948
vn 0.560392 -0.763933 -0.319948
vn 0.560392 -0.763933 -0.319948
vn 0.560392 -0.763933 -0.319948
vn 0.593314 -0.513150 -0.620206
vn 0.593314 -0.513150 -0.620206
vn 0.593314 -0.513150 -0.620206
vn 0.593314 -0.513150 -0.620206
vn 0.593314 -0.513150 -0.620206
vn 0.593314 -0.513150 -0.620206
vn 0.479383 -0.240198 -0.844095
vn 0.479383 -0.240198 -0.844095
vn 0.479383 -0.240198 -0.844095
vn 0.479383 -0.240198 -0.844095
vn 0.479383 -0.240198 -0.844095
vn 0.479383 -0.240198 -0.844095
vn -0.272280 0.729226 -0.627768
vn -0.272280 0.729226 -0.627768
vn -0.272280 0.729226 -0.627768
vn -0.272280 0.729226 -0.627768
vn -0.272280 0.729226 -0.627768
vn -0.272280 0.729226 -0.627768
vn -0.482699 0.840706 -0.245387
vn -0.482699 0.840706 -0.245387
vn -0.482699 0.840706 -0.245387
vn -0.482699 0.840706 -0.245387
vn -0.482699 0.840706 -0.245387
vn -0.482699 0.840706 -0.245387
vn -0.586561 0.797247 0.142628
vn -0.586561 0.797247 0.142628
vn -0.586561 0.797247 0.142628
vn -0.586561 0.797247 0.142628
vn -0.586561 0.797247 0.142628
vn -0.586561 0.797247 0.142628
vn -0.595633 0.644610 0.479270
vn -0.595633 0.644609 0.479270
vn -0.595633 0.644610 0.479270
vn -0.595633 0.644610 0.479270
vn -0.595633 0.644610 0.479270
vn -0.595633 0.644609 0.479270
vn -0.522921 0.410219 0.747177
vn -0.522921 0.410219 0.747177
vn -0.522921 0.410219 0.747177
vn -0.522921 0.410219 0.747177
vn -0.522921 0.410219 0.747177
vn -0.522921 0.410219 0.747177
vn 0.421363 -0.787633 0.449541
vn 0.421363 -0.787633 0.449541
vn 0.421363 -0.787633 0.449541
vn 0.421363 -0.787633 0.449541
vn 0.421363 -0.787633 0.449541
vn 0.421363 -0.787633 0.449541
vn 0.421363 -0.787633 0.449541
vn 0.421363 -0.787633 0.449541
vn 0.431308 -0.781181 0.451364
vn 0.421363 -0.787633 0.449541
vn 0.431308 -0.781181 0.451364
vn 0.431308 -0.781181 0.451364
vn 0.576795 -0.815397 0.049342
vn 0.576795 -0.815397 0.049342
vn 0.576795 -0.815397 0.049342
vn 0.576795 -0.815397 0.049342
vn 0.576795 -0.815397 0.049342
vn 0.576795 -0.815397 0.049342
vn 0.628043 -0.710409 -0.317618
vn 0.628043 -0.710409 -0.317618
vn 0.628043 -0.710409 -0.317618
vn 0.628043 -0.710409 -0.317618
vn 0.628043 -0.710409 -0.317618
vn 0.628043 -0.710409 -0.317618
vn 0.828960 -0.175380 -0.531100
vn 0.828960 -0.175380 -0.531100
vn 0.828960 -0.175380 -0.531100
vn 0.828960 -0.175380 -0.531100
vn 0.828960 -0.175380 -0.531100
vn 0.828960 -0.175380 -0.531100
vn 0.715324 0.087986 -0.693232
vn 0.715324 0.087986 -0.693232
vn 0.715324 0.087986 -0.693232
vn 0.715324 0.087986 -0.693232
vn 0.715324 0.087986 -0.693232
vn 0.715324 0.087986 -0.693232
vn 0.520573 0.351180 -0.778252
vn 0.520573 0.351180 -0.778252
vn 0.520573 0.351180 -0.778252
vn 0.520573 0.351180 -0.778252
vn 0.520573 0.351180 -0.778252
vn 0.520573 0.351180 -0.778252
vn 0.228286 0.604991 -0.762805
vn 0.228286 0.604991 -0.762805
vn 0.228286 0.604991 -0.762805
vn 0.228286 0.604991 -0.762805
vn 0.228286 0.604991 -0.762805
vn 0.228286 0.604991 -0.762805
vn -0.159883 0.790483 -0.591247
vn -0.159883 0.790484 -0.591247
vn -0.159883 0.790483 -0.591247
vn -0.159883 0.790483 -0.591247
vn -0.159883 0.790484 -0.591247
vn -0.159883 0.790484 -0.591247
vn -0.542684 0.801002 -0.252765
vn -0.542684 0.801002 -0.252765
vn -0.542684 0.801002 -0.252765
vn -0.542684 0.801002 -0.252765
vn -0.542684 0.801002 -0.252765
vn -0.542684 0.801002 -0.252765
vn -0.770683 0.624122 0.128532
vn -0.770683 0.624122 0.128532
vn -0.770683 0.624122 0.128532
vn -0.770683 0.624122 0.128532
vn -0.770683 0.624122 0.128532
vn -0.770683 0.624122 0.128532
vn -0.824107 0.364251 0.433785
vn -0.824107 0.364251 0.433785
vn -0.824107 0.364251 0.433785
vn -0.824107 0.364251 0.433785
vn -0.824107 0.364251 0.433785
vn -0.824107 0.364251 0.433785
vn -0.758138 0.091406 0.645656
vn -0.758138 0.091406 0.645656
vn -0.758138 0.091406 0.645656
vn -0.758138 0.091406 0.645656
vn -0.758138 0.091406 0.645656
vn -0.758138 0.091406 0.645656
vn -0.602313 -0.180384 0.777612
vn -0.602313 -0.180384 0.777612
vn -0.602313 -0.180384 0.777612
vn -0.602313 -0.180384 0.777612
vn -0.602313 -0.180384 0.777612
vn -0.602313 -0.180384 0.777612
vn -0.349720 -0.449724 0.821854
vn -0.349720 -0.449724 0.821854
vn -0.349720 -0.449724 0.821854
vn -0.349720 -0.449724 0.821854
vn -0.349720 -0.449724 0.821854
vn -0.349720 -0.449724 0.821854
vn 0.014262 -0.683185 0.730106
vn 0.014262 -0.683185 0.730106
vn 0.014262 -0.683185 0.730106
vn 0.014262 -0.683185 0.730106
vn 0.014262 -0.683185 0.730106
vn 0.014262 -0.683185 0.730106
vn 0.736895 -0.673184 0.061716
vn 0.736895 -0.673184 0.061716
vn 0.736895 -0.673184 0.061716
vn 0.736895 -0.673184 0.061716
vn 0.736895 -0.673184 0.061716
vn 0.736895 -0.673184 0.061716
vn 0.852419 -0.439153 -0.283772
vn 0.852419 -0.439153 -0.283772
vn 0.852419 -0.439153 -0.283772
vn 0.852419 -0.439153 -0.283772
vn 0.852419 -0.439153 -0.283772
vn 0.852419 -0.439153 -0.283772
s off
g cherry_tree group1 pCylinder14
usemtl pCylinder2SG
f 1021/3221/5977 1023/3223/5978 1022/3222/5979
f 1021/3221/5980 1022/3222/5981 1024/3224/5982
f 1025/3225/5983 1021/3221/5984 1024/3224/5985
f 1025/3225/5986 1024/3224/5987 1026/3226/5988
f 1027/3227/5989 1025/3225/5990 1026/3226/5991
f 1027/3227/5992 1026/3226/5993 1028/3228/5994
f 1029/3229/5995 1027/3227/5996 1028/3228/5997
f 1029/3229/5998 1028/3228/5999 1030/3230/6000
f 1023/3231/6001 1031/3233/6002 1022/3232/6003
f 1023/3231/6004 1032/3234/6005 1031/3233/6006
f 1032/3234/6007 1033/3235/6008 1031/3233/6009
f 1032/3234/6010 1034/3236/6011 1033/3235/6012
f 1034/3236/6013 1035/3237/6014 1033/3235/6015
f 1034/3236/6016 1036/3238/6017 1035/3237/6018
f 1036/3239/6019 1037/3241/6020 1035/3240/6021
f 1036/3239/6022 1038/3242/6023 1037/3241/6024
f 1038/3242/6025 1039/3243/6026 1037/3241/6027
f 1038/3242/6028 1040/3244/6029 1039/3243/6030
f 1040/3244/6031 1041/3245/6032 1039/3243/6033
f 1040/3244/6034 1042/3246/6035 1041/3245/6036
f 1042/3246/6037 1043/3247/6038 1041/3245/6039
f 1042/3246/6040 1044/3248/6041 1043/3247/6042
f 1044/3248/6043 1045/3249/6044 1043/3247/6045
f 1044/3248/6046 1046/3250/6047 1045/3249/6048
f 1046/3251/6049 1047/3253/6050 1045/3252/6051
f 1046/3251/6052 1048/3254/6053 1047/3253/6054
f 1048/3254/6055 1049/3255/6056 1047/3253/6057
f 1048/3254/6058 1050/3256/6059 1049/3255/6060
f 1050/3256/6061 1030/3257/6062 1049/3255/6063
f 1050/3256/6064 1029/3258/6065 1030/3257/6066
f 1027/3259/6067 1021/3261/6068 1025/3260/6069
f 1021/3261/6070 1027/3259/6071 1029/3262/6072
f 1021/3261/6073 1029/3262/6074 1023/3263/6075
f 1023/3263/6076 1029/3262/6077 1050/3264/6078
f 1023/3263/6079 1050/3264/6080 1032/3265/6081
f 1032/3265/6082 1050/3264/6083 1048/3266/6084
f 1032/3265/6085 1048/3266/6086 1034/3267/6087
f 1034/3267/6088 1048/3266/6089 1046/3268/6090
f 1034/3267/6091 1046/3268/6092 1036/3269/6093
f 1036/3269/6094 1046/3268/6095 1044/3270/6096
f 1036/3269/6097 1044/3270/6098 1038/3271/6099
f 1038/3271/6100 1044/3270/6101 1042/3272/6102
f 1038/3271/6103 1042/3272/6104 1040/3273/6105
f 1051/3274/6106 1053/3276/6107 1052/3275/6108
f 1053/3276/6109 1051/3274/6110 1054/3277/6111
f 1054/3277/6112 1051/3274/6113 1055/3278/6114
f 1054/3277/6115 1055/3278/6116 1056/3279/6117
f 1056/3279/6118 1055/3278/6119 1057/3280/6120
f 1056/3279/6121 1057/3280/6122 1058/3281/6123
f 1058/3281/6124 1057/3280/6125 1059/3282/6126
f 1058/3281/6127 1059/3282/6128 1060/3283/6129
f 1060/3283/6130 1059/3282/6131 1061/3284/6132
f 1060/3283/6133 1061/3284/6134 1062/3285/6135
f 1062/3285/6136 1061/3284/6137 1063/3286/6138
f 1062/3285/6139 1063/3286/6140 1064/3287/6141
f 1064/3287/6142 1063/3286/6143 1065/3288/6144
f 1024/3289/6145 1067/3291/6146 1066/3290/6147
f 1024/3289/6148 1022/3292/6149 1067/3291/6150
f 1022/3293/6151 1068/3295/6152 1067/3294/6153
f 1022/3293/6154 1031/3296/6155 1068/3295/6156
f 1031/3297/6157 1033/3299/6158 1069/3298/6159
f 1031/3297/6160 1069/3298/6161 1068/3300/6162
f 1068/3300/6163 1069/3298/6164 1070/3301/6165
f 1068/3300/6166 1070/3301/6167 1071/3302/6168
f 1071/3302/6169 1070/3301/6170 1072/3303/6171
f 1071/3302/6172 1072/3303/6173 1073/3304/6174
f 1033/3305/6175 1035/3307/6176 1074/3306/6177
f 1033/3305/6178 1074/3306/6179 1069/3308/6180
f 1069/3308/6181 1074/3306/6182 1075/3309/6183
f 1069/3308/6184 1075/3309/6185 1070/3310/6186
f 1070/3310/6187 1075/3309/6188 1076/3311/6189
f 1070/3310/6190 1076/3311/6191 1072/3312/6192
f 1035/3313/6193 1077/3315/6194 1074/3314/6195
f 1035/3313/6196 1037/3316/6197 1077/3315/6198
f 1037/3317/6199 1078/3319/6200 1077/3318/6201
f 1037/3317/6202 1039/3320/6203 1078/3319/6204
f 1039/3321/6205 1079/3323/6206 1078/3322/6207
f 1039/3321/6208 1041/3324/6209 1079/3323/6210
f 1041/3325/6211 1080/3327/6212 1079/3326/6213
f 1041/3325/6214 1043/3328/6215 1080/3327/6216
f 1043/3329/6217 1081/3331/6218 1080/3330/6219
f 1043/3329/6220 1045/3332/6221 1081/3331/6222
f 1045/3333/6223 1082/3335/6224 1081/3334/6225
f 1045/3333/6226 1047/3336/6227 1082/3335/6228
f 1047/3337/6229 1049/3339/6230 1083/3338/6231
f 1047/3337/6232 1083/3338/6233 1082/3340/6234
f 1082/3340/6235 1083/3338/6236 1084/3341/6237
f 1082/3340/6238 1084/3341/6239 1085/3342/6240
f 1085/3342/6241 1084/3341/6242 1086/3343/6243
f 1085/3342/6244 1086/3343/6245 1087/3344/6246
f 1049/3345/6247 1088/3347/6248 1083/3346/6249
f 1049/3345/6250 1030/3348/6251 1088/3347/6252
f 1030/3349/6253 1089/3351/6254 1088/3350/6255
f 1030/3349/6256 1028/3352/6257 1089/3351/6258
f 1028/3353/6259 1090/3355/6260 1089/3354/6261
f 1028/3353/6262 1026/3356/6263 1090/3355/6264
f 1026/3357/6265 1066/3359/6266 1090/3358/6267
f 1026/3357/6268 1024/3360/6269 1066/3359/6270
f 1066/3361/6271 1092/3363/6272 1091/3362/6273
f 1066/3361/6274 1067/3364/6275 1092/3363/6276
f 1067/3365/6277 1071/3367/6278 1092/3366/6279
f 1067/3365/6280 1068/3368/6281 1071/3367/6282
f 1074/3369/6283 1093/3371/6284 1075/3370/6285
f 1074/3369/6286 1077/3372/6287 1093/3371/6288
f 1077/3373/6289 1094/3375/6290 1093/3374/6291
f 1077/3373/6292 1078/3376/6293 1094/3375/6294
f 1078/3377/6295 1095/3379/6296 1094/3378/6297
f 1078/3377/6298 1079/3380/6299 1095/3379/6300
f 1079/3381/6301 1096/3383/6302 1095/3382/6303
f 1079/3381/6304 1080/3384/6305 1096/3383/6306
f 1080/3385/6307 1097/3387/6308 1096/3386/6309
f 1080/3385/6310 1081/3388/6311 1097/3387/6312
f 1081/3389/6313 1082/3391/6314 1085/3390/6315
f 1081/3389/6316 1085/3390/6317 1097/3392/6318
f 1097/3392/6319 1085/3390/6320 1087/3393/6321
f 1097/3392/6322 1087/3393/6323 1098/3394/6324
f 1083/3395/6325 1088/3397/6326 1099/3396/6327
f 1083/3395/6328 1099/3396/6329 1084/3398/6330
f 1084/3398/6331 1099/3396/6332 1100/3399/6333
f 1084/3398/6334 1100/3399/6335 1086/3400/6336
f 1088/3401/6337 1101/3403/6338 1099/3402/6339
f 1088/3401/6340 1089/3404/6341 1101/3403/6342
f 1089/3405/6343 1102/3407/6344 1101/3406/6345
f 1089/3405/6346 1090/3408/6347 1102/3407/6348
f 1090/3409/6349 1091/3411/6350 1102/3410/6351
f 1090/3409/6352 1066/3412/6353 1091/3411/6354
f 1091/3413/6355 1104/3415/6356 1103/3414/6357
f 1091/3413/6358 1092/3416/6359 1104/3415/6360
f 1092/3417/6361 1073/3419/6362 1104/3418/6363
f 1092/3417/6364 1071/3420/6365 1073/3419/6366
f 1075/3421/6367 1105/3423/6368 1076/3422/6369
f 1075/3421/6370 1093/3424/6371 1105/3423/6372
f 1093/3425/6373 1106/3427/6374 1105/3426/6375
f 1093/3425/6376 1094/3428/6377 1106/3427/6378
f 1094/3429/6379 1107/3431/6380 1106/3430/6381
f 1094/3429/6382 1095/3432/6383 1107/3431/6384
f 1095/3433/6385 1108/3435/6386 1107/3434/6387
f 1095/3433/6388 1096/3436/6389 1108/3435/6390
f 1096/3437/6391 1098/3439/6392 1108/3438/6393
f 1096/3437/6394 1097/3440/6395 1098/3439/6396
f 1099/3441/6397 1101/3443/6398 1109/3442/6399
f 1099/3441/6400 1109/3442/6401 1100/3444/6402
f 1100/3444/6403 1109/3442/6404 1053/3445/6405
f 1100/3444/6406 1053/3445/6407 1054/3446/6408
f 1101/3447/6409 1110/3449/6410 1109/3448/6411
f 1101/3447/6412 1102/3450/6413 1110/3449/6414
f 1102/3451/6415 1103/3453/6416 1110/3452/6417
f 1102/3451/6418 1091/3454/6419 1103/3453/6420
f 1103/3455/6421 1055/3457/6422 1051/3456/6423
f 1103/3455/6424 1104/3458/6425 1055/3457/6426
f 1104/3459/6427 1057/3461/6428 1055/3460/6429
f 1104/3459/6430 1073/3462/6431 1057/3461/6432
f 1073/3463/6433 1059/3465/6434 1057/3464/6435
f 1073/3463/6436 1072/3466/6437 1059/3465/6438
f 1072/3467/6439 1061/3469/6440 1059/3468/6441
f 1072/3467/6442 1076/3470/6443 1061/3469/6444
f 1076/3471/6445 1063/3473/6446 1061/3472/6447
f 1076/3471/6448 1105/3474/6449 1063/3473/6450
f 1105/3475/6451 1065/3477/6452 1063/3476/6453
f 1105/3475/6454 1106/3478/6455 1065/3477/6456
f 1106/3479/6457 1064/3481/6458 1065/3480/6459
f 1106/3479/6460 1107/3482/6461 1064/3481/6462
f 1107/3483/6463 1062/3485/6464 1064/3484/6465
f 1107/3483/6466 1108/3486/6467 1062/3485/6468
f 1108/3487/6469 1060/3489/6470 1062/3488/6471
f 1108/3487/6472 1098/3490/6473 1060/3489/6474
f 1098/3491/6475 1058/3493/6476 1060/3492/6477
f 1098/3491/6478 1087/3494/6479 1058/3493/6480
f 1087/3495/6481 1056/3497/6482 1058/3496/6483
f 1087/3495/6484 1086/3498/6485 1056/3497/6486
f 1086/3499/6487 1054/3501/6488 1056/3500/6489
f 1086/3499/6490 1100/3502/6491 1054/3501/6492
f 1109/3503/6493 1052/3505/6494 1053/3504/6495
f 1109/3503/6496 1110/3506/6497 1052/3505/6498
f 1110/3507/6499 1051/3509/6500 1052/3508/6501
f 1110/3507/6502 1103/3510/6503 1051/3509/6504
g default
v 23.906082 529.576015 906.631753
v 28.189251 534.709100 913.118216
v 25.246272 529.547300 906.078062
v 26.975313 534.735110 913.619748
v 22.571225 530.101905 906.844121
v 25.766204 535.211459 913.812110
v 21.472508 531.034042 906.678445
v 24.770991 536.055786 913.662040
v 20.799911 532.211250 906.163371
v 24.161754 537.122096 913.195489
v 29.198119 535.137929 912.394234
v 26.360063 530.020728 905.278785
v 29.827472 535.947448 911.572985
v 27.054870 530.914438 904.372125
v 29.968491 536.997684 910.796470
v 27.210555 532.073899 903.514852
v 29.596792 538.107041 910.198955
v 26.800199 533.298630 902.855195
v 28.776645 539.083702 909.883757
v 25.894755 534.376865 902.507216
v 27.649861 539.758793 909.905376
v 24.650784 535.122166 902.531082
v 26.411271 540.015584 910.260073
v 23.283379 535.405664 902.922669
v 25.275039 539.809674 910.886519
v 22.028978 535.178340 903.614266
v 24.437629 539.176668 911.676396
v 21.104477 534.479499 904.486291
v 24.043837 538.226016 912.493126
v 20.669730 533.429979 905.387961
v 52.867676 575.888355 968.103657
v 52.793008 575.332265 968.514814
v 52.459771 574.903633 968.949658
v 51.925585 574.676572 969.333000
v 52.670865 576.475750 967.787278
v 51.282816 574.690343 969.598556
v 52.236605 576.992883 967.620384
v 50.642604 574.942566 969.700410
v 51.639983 577.350337 967.631830
v 50.115648 575.389629 969.620950
v 50.984161 577.486306 967.819640
v 49.793062 575.954231 969.373915
v 50.382536 577.377278 968.151337
v 49.730626 576.538746 969.002020
v 49.939136 577.042107 968.569569
v 35.021546 548.306478 929.473332
v 36.012066 548.285255 929.064104
v 36.835256 548.635161 928.473368
v 37.348781 549.295692 927.803265
v 37.463846 550.152638 927.169663
v 37.160556 551.057824 926.682118
v 36.491353 551.854735 926.424930
v 35.571947 552.405579 926.442570
v 34.561313 552.615109 926.731987
v 33.634198 552.447096 927.243139
v 32.950909 551.930591 927.887643
v 32.629592 551.154902 928.554058
v 38.886885 560.290539 945.046771
v 39.168386 560.970110 944.462934
v 32.725807 550.254152 929.127156
v 33.222917 549.384090 929.507841
v 34.034967 548.695158 929.630291
v 40.982443 557.795075 945.852134
v 41.850223 557.776482 945.493615
v 42.571409 558.083029 944.976079
v 43.021301 558.661712 944.389011
v 43.122108 559.412470 943.833922
v 42.856400 560.205490 943.406790
v 42.270120 560.903653 943.181472
v 41.464641 561.386240 943.196926
v 40.579239 561.569807 943.450480
v 39.767006 561.422613 943.898293
v 38.971178 559.501405 945.548854
v 39.406689 558.739156 945.882367
v 40.118115 558.135592 945.989643
vt 0.072074 0.001992
vt 0.088491 0.113636
vt 0.092806 0.001992
vt 0.069713 0.113636
vt 0.047008 0.001992
vt 0.047008 0.113636
vt 0.021942 0.001992
vt 0.024303 0.113636
vt 0.001210 0.001992
vt 0.005524 0.113636
vt 0.195369 0.998008
vt 0.191548 0.886365
vt 0.171446 0.886365
vt 0.173176 0.998008
vt 0.148361 0.886365
vt 0.147690 0.998008
vt 0.126285 0.886365
vt 0.123319 0.998008
vt 0.202552 0.001992
vt 0.207579 0.113636
vt 0.223111 0.113636
vt 0.219699 0.001992
vt 0.244317 0.113636
vt 0.243109 0.001992
vt 0.267529 0.113636
vt 0.268736 0.001992
vt 0.288734 0.113636
vt 0.292146 0.001992
vt 0.304266 0.113636
vt 0.309293 0.001992
vt 0.339240 0.001992
vt 0.342206 0.113636
vt 0.364282 0.113636
vt 0.363612 0.001992
vt 0.387367 0.113636
vt 0.389097 0.001992
vt 0.407469 0.113636
vt 0.411290 0.001992
vt 0.497797 0.004671
vt 0.472312 0.001992
vt 0.447940 0.009911
vt 0.519990 0.017484
vt 0.428896 0.027058
vt 0.535053 0.038216
vt 0.418473 0.050469
vt 0.540381 0.063282
vt 0.418473 0.076095
vt 0.535053 0.088348
vt 0.428896 0.099505
vt 0.519990 0.109080
vt 0.447940 0.116652
vt 0.497797 0.121893
vt 0.472312 0.124571
vt 0.561789 0.056984
vt 0.573478 0.060782
vt 0.585701 0.059498
vt 0.596345 0.053352
vt 0.552656 0.048760
vt 0.603570 0.043409
vt 0.547657 0.037532
vt 0.606125 0.031387
vt 0.547657 0.025242
vt 0.603570 0.019365
vt 0.552656 0.014014
vt 0.596345 0.009422
vt 0.561789 0.005790
vt 0.585701 0.003277
vt 0.573478 0.001992
vt 0.069713 0.113636
vt 0.063818 0.383323
vt 0.079141 0.383323
vt 0.088491 0.113636
vt 0.191548 0.886365
vt 0.152456 0.616677
vt 0.136054 0.616677
vt 0.171446 0.886365
vt 0.171446 0.886365
vt 0.136054 0.616677
vt 0.117218 0.616677
vt 0.148361 0.886365
vt 0.148361 0.886365
vt 0.117218 0.616677
vt 0.099205 0.616677
vt 0.126285 0.886365
vt 0.207579 0.113636
vt 0.218193 0.383323
vt 0.230866 0.383323
vt 0.223111 0.113636
vt 0.223111 0.113636
vt 0.230866 0.383323
vt 0.248168 0.383323
vt 0.244317 0.113636
vt 0.244317 0.113636
vt 0.248168 0.383323
vt 0.267108 0.383323
vt 0.267529 0.113636
vt 0.267529 0.113636
vt 0.267108 0.383323
vt 0.284411 0.383323
vt 0.288734 0.113636
vt 0.288734 0.113636
vt 0.284411 0.383323
vt 0.297084 0.383323
vt 0.304266 0.113636
vt 0.342206 0.113636
vt 0.315126 0.383323
vt 0.333139 0.383323
vt 0.364282 0.113636
vt 0.364282 0.113636
vt 0.351975 0.383323
vt 0.387367 0.113636
vt 0.333139 0.383323
vt 0.382622 0.623245
vt 0.366120 0.623245
vt 0.379538 0.998008
vt 0.367314 0.998008
vt 0.387367 0.113636
vt 0.351975 0.383323
vt 0.368378 0.383323
vt 0.407469 0.113636
vt 0.005524 0.113636
vt 0.011443 0.383323
vt 0.026766 0.383323
vt 0.024303 0.113636
vt 0.024303 0.113636
vt 0.026766 0.383323
vt 0.045292 0.383323
vt 0.047008 0.113636
vt 0.047008 0.113636
vt 0.045292 0.383323
vt 0.063818 0.383323
vt 0.069713 0.113636
vt 0.063818 0.383323
vt 0.063238 0.623245
vt 0.076662 0.623245
vt 0.079141 0.383323
vt 0.152456 0.616677
vt 0.181071 0.376755
vt 0.166701 0.376755
vt 0.136054 0.616677
vt 0.136054 0.616677
vt 0.150199 0.376755
vt 0.117218 0.616677
vt 0.166701 0.376755
vt 0.151393 0.001992
vt 0.163616 0.001992
vt 0.117218 0.616677
vt 0.134418 0.376755
vt 0.099205 0.616677
vt 0.150199 0.376755
vt 0.139704 0.001992
vt 0.151393 0.001992
vt 0.218193 0.383323
vt 0.221365 0.623245
vt 0.232468 0.623245
vt 0.230866 0.383323
vt 0.230866 0.383323
vt 0.232468 0.623245
vt 0.247626 0.623245
vt 0.248168 0.383323
vt 0.248168 0.383323
vt 0.247626 0.623245
vt 0.264219 0.623245
vt 0.267108 0.383323
vt 0.267108 0.383323
vt 0.264219 0.623245
vt 0.279377 0.623245
vt 0.284411 0.383323
vt 0.284411 0.383323
vt 0.279377 0.623245
vt 0.290480 0.623245
vt 0.297084 0.383323
vt 0.315126 0.383323
vt 0.366120 0.623245
vt 0.333139 0.383323
vt 0.350339 0.623245
vt 0.367314 0.998008
vt 0.355625 0.998008
vt 0.351975 0.383323
vt 0.382622 0.623245
vt 0.396992 0.623245
vt 0.368378 0.383323
vt 0.011443 0.383323
vt 0.017353 0.623245
vt 0.030777 0.623245
vt 0.026766 0.383323
vt 0.026766 0.383323
vt 0.030777 0.623245
vt 0.047008 0.623245
vt 0.045292 0.383323
vt 0.045292 0.383323
vt 0.047008 0.623245
vt 0.063238 0.623245
vt 0.063818 0.383323
vt 0.063238 0.623245
vt 0.059030 0.998008
vt 0.068973 0.998008
vt 0.076662 0.623245
vt 0.181071 0.376755
vt 0.174260 0.001992
vt 0.163616 0.001992
vt 0.166701 0.376755
vt 0.221365 0.623245
vt 0.230325 0.998008
vt 0.238549 0.998008
vt 0.232468 0.623245
vt 0.232468 0.623245
vt 0.238549 0.998008
vt 0.249777 0.998008
vt 0.247626 0.623245
vt 0.247626 0.623245
vt 0.249777 0.998008
vt 0.262068 0.998008
vt 0.264219 0.623245
vt 0.264219 0.623245
vt 0.262068 0.998008
vt 0.273296 0.998008
vt 0.279377 0.623245
vt 0.279377 0.623245
vt 0.273296 0.998008
vt 0.281520 0.998008
vt 0.290480 0.623245
vt 0.382622 0.623245
vt 0.379538 0.998008
vt 0.390181 0.998008
vt 0.396992 0.623245
vt 0.017353 0.623245
vt 0.025043 0.998008
vt 0.034986 0.998008
vt 0.030777 0.623245
vt 0.030777 0.623245
vt 0.034986 0.998008
vt 0.047008 0.998008
vt 0.047008 0.623245
vt 0.047008 0.623245
vt 0.047008 0.998008
vt 0.059030 0.998008
vt 0.063238 0.623245
vn 0.002959 -0.805120 0.593104
vn 0.387010 -0.813279 0.434511
vn 0.386914 -0.813297 0.434564
vn 0.002959 -0.805120 0.593104
vn 0.386914 -0.813297 0.434564
vn 0.002902 -0.805108 0.593121
vn -0.379555 -0.654451 0.653936
vn 0.002959 -0.805120 0.593104
vn 0.002902 -0.805108 0.593121
vn -0.379555 -0.654451 0.653936
vn 0.002902 -0.805108 0.593121
vn -0.379555 -0.654451 0.653936
vn -0.694375 -0.387326 0.606484
vn -0.379555 -0.654451 0.653936
vn -0.379555 -0.654451 0.653936
vn -0.694375 -0.387326 0.606484
vn -0.379555 -0.654451 0.653936
vn -0.694336 -0.387372 0.606498
vn -0.887054 -0.049949 0.458955
vn -0.694375 -0.387326 0.606484
vn -0.694336 -0.387372 0.606498
vn -0.887054 -0.049949 0.458955
vn -0.694336 -0.387372 0.606498
vn -0.887023 -0.050043 0.459006
vn 0.387010 -0.813279 0.434511
vn 0.706090 -0.677595 0.205675
vn 0.386914 -0.813297 0.434564
vn 0.387010 -0.813279 0.434511
vn 0.706181 -0.677526 0.205589
vn 0.706090 -0.677595 0.205675
vn 0.706181 -0.677526 0.205589
vn 0.905241 -0.421456 -0.053977
vn 0.706090 -0.677595 0.205675
vn 0.706181 -0.677526 0.205589
vn 0.905286 -0.421348 -0.054069
vn 0.905241 -0.421456 -0.053977
vn 0.905286 -0.421348 -0.054069
vn 0.949922 -0.089162 -0.299495
vn 0.905241 -0.421456 -0.053977
vn 0.905286 -0.421348 -0.054069
vn 0.949911 -0.089053 -0.299565
vn 0.949922 -0.089162 -0.299495
vn 0.949911 -0.089053 -0.299565
vn 0.832398 0.261832 -0.488424
vn 0.949922 -0.089162 -0.299495
vn 0.949911 -0.089053 -0.299565
vn 0.832357 0.261903 -0.488456
vn 0.832398 0.261832 -0.488424
vn 0.832357 0.261903 -0.488456
vn 0.572981 0.570827 -0.588089
vn 0.832398 0.261832 -0.488424
vn 0.832357 0.261903 -0.488456
vn 0.572958 0.570848 -0.588092
vn 0.572981 0.570827 -0.588089
vn 0.572958 0.570848 -0.588092
vn 0.216533 0.784386 -0.581250
vn 0.572981 0.570827 -0.588089
vn 0.572958 0.570848 -0.588092
vn 0.216562 0.784375 -0.581254
vn 0.216533 0.784386 -0.581250
vn 0.216562 0.784375 -0.581254
vn -0.175304 0.865576 -0.469091
vn 0.216533 0.784386 -0.581250
vn 0.216562 0.784375 -0.581254
vn -0.175222 0.865575 -0.469124
vn -0.175304 0.865576 -0.469091
vn -0.175222 0.865575 -0.469124
vn -0.534767 0.800361 -0.271010
vn -0.175304 0.865576 -0.469091
vn -0.175222 0.865575 -0.469124
vn -0.534667 0.800403 -0.271082
vn -0.534767 0.800361 -0.271010
vn -0.534667 0.800403 -0.271082
vn -0.799699 0.600025 -0.021265
vn -0.534767 0.800361 -0.271010
vn -0.534667 0.800403 -0.271082
vn -0.799627 0.600117 -0.021359
vn -0.799699 0.600025 -0.021265
vn -0.799627 0.600117 -0.021359
vn -0.924295 0.299218 0.236956
vn -0.799699 0.600025 -0.021265
vn -0.799627 0.600117 -0.021359
vn -0.924279 0.299332 0.236871
vn -0.924295 0.299218 0.236956
vn -0.924279 0.299332 0.236871
vn -0.887023 -0.050043 0.459006
vn -0.924295 0.299218 0.236956
vn -0.924279 0.299332 0.236871
vn -0.887054 -0.049949 0.458955
vn -0.887023 -0.050043 0.459006
vn -0.333208 -0.531207 -0.778969
vn -0.333208 -0.531207 -0.778969
vn -0.333208 -0.531207 -0.778969
vn -0.333208 -0.531207 -0.778969
vn -0.333208 -0.531207 -0.778969
vn -0.333208 -0.531207 -0.778969
vn -0.333208 -0.531207 -0.778969
vn -0.333208 -0.531207 -0.778969
vn -0.333208 -0.531207 -0.778969
vn -0.333208 -0.531207 -0.778969
vn -0.333208 -0.531207 -0.778969
vn -0.333208 -0.531207 -0.778969
vn -0.333208 -0.531207 -0.778969
vn -0.333208 -0.531207 -0.778969
vn -0.333208 -0.531207 -0.778969
vn -0.333208 -0.531207 -0.778969
vn -0.333208 -0.531207 -0.778969
vn -0.333208 -0.531207 -0.778969
vn -0.333208 -0.531207 -0.778969
vn -0.333208 -0.531207 -0.778969
vn -0.333208 -0.531207 -0.778969
vn -0.333208 -0.531207 -0.778969
vn -0.333208 -0.531207 -0.778969
vn -0.333208 -0.531207 -0.778969
vn -0.333208 -0.531207 -0.778969
vn -0.333208 -0.531207 -0.778969
vn -0.333208 -0.531207 -0.778969
vn -0.333208 -0.531207 -0.778969
vn -0.333208 -0.531207 -0.778969
vn -0.333208 -0.531207 -0.778969
vn -0.333208 -0.531207 -0.778969
vn -0.333208 -0.531207 -0.778969
vn -0.333208 -0.531207 -0.778969
vn -0.333208 -0.531207 -0.778969
vn -0.333208 -0.531207 -0.778969
vn -0.333208 -0.531207 -0.778969
vn -0.333208 -0.531207 -0.778969
vn -0.333208 -0.531207 -0.778969
vn -0.333208 -0.531207 -0.778969
vn 0.333208 0.531207 0.778969
vn 0.333208 0.531207 0.778969
vn 0.333208 0.531207 0.778969
vn 0.333208 0.531207 0.778969
vn 0.333208 0.531207 0.778969
vn 0.333208 0.531207 0.778969
vn 0.333208 0.531207 0.778969
vn 0.333208 0.531207 0.778969
vn 0.333208 0.531207 0.778969
vn 0.333208 0.531207 0.778969
vn 0.333208 0.531207 0.778969
vn 0.333208 0.531207 0.778969
vn 0.333208 0.531207 0.778969
vn 0.333208 0.531207 0.778969
vn 0.333208 0.531207 0.778969
vn 0.333208 0.531207 0.778969
vn 0.333208 0.531207 0.778969
vn 0.333208 0.531207 0.778969
vn 0.333208 0.531207 0.778969
vn 0.333208 0.531207 0.778969
vn 0.333208 0.531207 0.778969
vn 0.333208 0.531207 0.778969
vn 0.333208 0.531207 0.778969
vn 0.333208 0.531207 0.778969
vn 0.333208 0.531207 0.778969
vn 0.333208 0.531207 0.778969
vn 0.333208 0.531207 0.778969
vn 0.333208 0.531207 0.778969
vn 0.333208 0.531207 0.778969
vn 0.333208 0.531207 0.778969
vn 0.333208 0.531207 0.778969
vn 0.333208 0.531207 0.778969
vn 0.333208 0.531207 0.778969
vn 0.333208 0.531207 0.778969
vn 0.333208 0.531207 0.778969
vn 0.333208 0.531207 0.778969
vn 0.333208 0.531207 0.778969
vn 0.333208 0.531207 0.778969
vn 0.333208 0.531207 0.778969
vn 0.217881 -0.793296 0.568514
vn 0.217881 -0.793296 0.568514
vn 0.217881 -0.793296 0.568514
vn 0.217881 -0.793296 0.568514
vn 0.217881 -0.793296 0.568514
vn 0.217881 -0.793296 0.568514
vn 0.569053 -0.742631 0.353099
vn 0.569053 -0.742631 0.353099
vn 0.569053 -0.742631 0.353099
vn 0.569053 -0.742631 0.353099
vn 0.569053 -0.742631 0.353099
vn 0.569053 -0.742631 0.353099
vn 0.824292 -0.560615 0.079079
vn 0.824292 -0.560615 0.079079
vn 0.824292 -0.560615 0.079079
vn 0.824292 -0.560615 0.079079
vn 0.824292 -0.560615 0.079079
vn 0.824292 -0.560615 0.079079
vn 0.938177 -0.278235 -0.205935
vn 0.938177 -0.278235 -0.205935
vn 0.938177 -0.278235 -0.205935
vn 0.938177 -0.278235 -0.205935
vn 0.938177 -0.278235 -0.205935
vn 0.938177 -0.278235 -0.205935
vn 0.890421 0.054995 -0.451804
vn 0.890420 0.054995 -0.451804
vn 0.890420 0.054995 -0.451804
vn 0.890421 0.054995 -0.451804
vn 0.890420 0.054995 -0.451804
vn 0.890420 0.054995 -0.451804
vn 0.689938 0.380671 -0.615690
vn 0.689938 0.380671 -0.615690
vn 0.689938 0.380671 -0.615690
vn 0.689938 0.380671 -0.615690
vn 0.689938 0.380671 -0.615690
vn 0.689938 0.380671 -0.615690
vn 0.372164 0.642620 -0.669726
vn 0.372164 0.642620 -0.669726
vn 0.372164 0.642620 -0.669726
vn 0.372164 0.642620 -0.669726
vn 0.372164 0.642620 -0.669726
vn 0.372164 0.642620 -0.669726
vn -0.008176 0.796201 -0.604977
vn -0.008176 0.796201 -0.604977
vn -0.008176 0.796201 -0.604977
vn -0.008176 0.796201 -0.604977
vn -0.008176 0.796201 -0.604977
vn -0.008176 0.796201 -0.604977
vn -0.386035 0.814906 -0.432325
vn -0.386035 0.814906 -0.432325
vn -0.386035 0.814906 -0.432325
vn -0.386035 0.814906 -0.432325
vn -0.386035 0.814906 -0.432325
vn -0.386035 0.814906 -0.432325
vn -0.696029 0.694798 -0.181104
vn -0.696029 0.694798 -0.181104
vn -0.696029 0.694798 -0.181104
vn -0.696029 0.694798 -0.181104
vn -0.696029 0.694798 -0.181104
vn -0.696029 0.694798 -0.181104
vn -0.883613 0.456279 0.105057
vn -0.883613 0.456279 0.105057
vn -0.883613 0.456279 0.105057
vn -0.883613 0.456279 0.105057
vn -0.883613 0.456279 0.105057
vn -0.883613 0.456279 0.105057
vn -0.883613 0.456279 0.105057
vn -0.883613 0.456279 0.105057
vn -0.890220 0.446462 0.090443
vn -0.883613 0.456279 0.105057
vn -0.890220 0.446462 0.090443
vn -0.890220 0.446462 0.090443
vn -0.890220 0.446462 0.090443
vn -0.890220 0.446462 0.090443
vn -0.887615 0.450408 0.096294
vn -0.890220 0.446462 0.090443
vn -0.887615 0.450408 0.096294
vn -0.887615 0.450408 0.096294
vn -0.915847 0.141300 0.375843
vn -0.915847 0.141300 0.375843
vn -0.915847 0.141300 0.375843
vn -0.915847 0.141300 0.375843
vn -0.915847 0.141300 0.375843
vn -0.915847 0.141300 0.375843
vn -0.788014 -0.194680 0.584066
vn -0.788014 -0.194680 0.584066
vn -0.788014 -0.194680 0.584066
vn -0.788014 -0.194680 0.584066
vn -0.788014 -0.194680 0.584066
vn -0.788014 -0.194680 0.584066
vn -0.523513 -0.493639 0.694446
vn -0.523513 -0.493639 0.694446
vn -0.523513 -0.493639 0.694446
vn -0.523513 -0.493639 0.694446
vn -0.523513 -0.493639 0.694446
vn -0.523513 -0.493639 0.694446
vn -0.168169 -0.705063 0.688916
vn -0.168169 -0.705063 0.688916
vn -0.168169 -0.705063 0.688916
vn -0.168169 -0.705063 0.688916
vn -0.168169 -0.705063 0.688916
vn -0.168169 -0.705063 0.688916
vn 0.166377 -0.878284 0.448258
vn 0.166377 -0.878284 0.448258
vn 0.166377 -0.878284 0.448258
vn 0.166377 -0.878284 0.448258
vn 0.166377 -0.878284 0.448258
vn 0.166377 -0.878284 0.448258
vn 0.535103 -0.799830 0.271910
vn 0.535104 -0.799830 0.271910
vn 0.535104 -0.799830 0.271910
vn 0.535103 -0.799830 0.271910
vn 0.535104 -0.799830 0.271910
vn 0.535104 -0.799830 0.271910
vn 0.812486 -0.580822 0.050112
vn 0.812486 -0.580822 0.050112
vn 0.812486 -0.580822 0.050112
vn 0.812486 -0.580822 0.050112
vn 0.812486 -0.580822 0.050112
vn 0.812486 -0.580822 0.050112
vn 0.812486 -0.580822 0.050112
vn 0.812486 -0.580822 0.050112
vn 0.818107 -0.571542 0.063568
vn 0.812486 -0.580822 0.050112
vn 0.818107 -0.571542 0.063568
vn 0.818107 -0.571542 0.063568
vn 0.949220 -0.259246 -0.178247
vn 0.949220 -0.259246 -0.178247
vn 0.949220 -0.259246 -0.178247
vn 0.949220 -0.259246 -0.178247
vn 0.949220 -0.259246 -0.178247
vn 0.949220 -0.259246 -0.178247
vn 0.949220 -0.259246 -0.178247
vn 0.949220 -0.259246 -0.178247
vn 0.942757 -0.270644 -0.194836
vn 0.949220 -0.259246 -0.178247
vn 0.942757 -0.270644 -0.194836
vn 0.942757 -0.270644 -0.194836
vn 0.921575 0.107936 -0.372893
vn 0.921575 0.107936 -0.372893
vn 0.921575 0.107936 -0.372893
vn 0.921575 0.107936 -0.372893
vn 0.921575 0.107936 -0.372893
vn 0.921575 0.107936 -0.372893
vn 0.735806 0.456446 -0.500246
vn 0.735806 0.456446 -0.500246
vn 0.735806 0.456446 -0.500246
vn 0.735806 0.456446 -0.500246
vn 0.735806 0.456446 -0.500246
vn 0.735806 0.456446 -0.500246
vn 0.425195 0.726955 -0.539208
vn 0.425195 0.726955 -0.539208
vn 0.425195 0.726955 -0.539208
vn 0.425195 0.726955 -0.539208
vn 0.425195 0.726955 -0.539208
vn 0.425195 0.726955 -0.539208
vn 0.042749 0.874224 -0.483637
vn 0.042749 0.874224 -0.483637
vn 0.042749 0.874224 -0.483637
vn 0.042749 0.874224 -0.483637
vn 0.042749 0.874224 -0.483637
vn 0.042749 0.874224 -0.483637
vn -0.347114 0.872988 -0.342641
vn -0.347114 0.872988 -0.342641
vn -0.347114 0.872988 -0.342641
vn -0.347114 0.872988 -0.342641
vn -0.347114 0.872988 -0.342641
vn -0.347114 0.872988 -0.342641
vn -0.677556 0.722092 -0.139646
vn -0.677556 0.722092 -0.139646
vn -0.677556 0.722092 -0.139646
vn -0.677556 0.722092 -0.139646
vn -0.677556 0.722092 -0.139646
vn -0.677556 0.722092 -0.139646
vn -0.677556 0.722092 -0.139646
vn -0.677556 0.722092 -0.139646
vn -0.688414 0.706641 -0.163540
vn -0.677556 0.722092 -0.139646
vn -0.688414 0.706641 -0.163540
vn -0.688414 0.706641 -0.163540
vn -0.947003 0.094231 0.307094
vn -0.947003 0.094231 0.307094
vn -0.947003 0.094231 0.307094
vn -0.947003 0.094231 0.307094
vn -0.947003 0.094231 0.307094
vn -0.947003 0.094231 0.307094
vn -0.838347 -0.272378 0.472213
vn -0.838347 -0.272378 0.472213
vn -0.838347 -0.272378 0.472213
vn -0.838347 -0.272378 0.472213
vn -0.838347 -0.272378 0.472213
vn -0.838347 -0.272378 0.472213
vn -0.584330 -0.589656 0.557551
vn -0.584330 -0.589656 0.557551
vn -0.584330 -0.589656 0.557551
vn -0.584330 -0.589656 0.557551
vn -0.584330 -0.589656 0.557551
vn -0.584330 -0.589656 0.557551
vn -0.229287 -0.803718 0.549058
vn -0.229287 -0.803718 0.549058
vn -0.229287 -0.803718 0.549058
vn -0.229287 -0.803718 0.549058
vn -0.229287 -0.803718 0.549058
vn -0.229287 -0.803718 0.549058
vn 0.193461 -0.837113 0.511678
vn 0.193461 -0.837113 0.511678
vn 0.193461 -0.837113 0.511678
vn 0.193461 -0.837113 0.511678
vn 0.193461 -0.837113 0.511678
vn 0.193461 -0.837113 0.511678
vn 0.553066 -0.771914 0.313476
vn 0.553066 -0.771914 0.313476
vn 0.553066 -0.771914 0.313476
vn 0.553066 -0.771914 0.313476
vn 0.553066 -0.771914 0.313476
vn 0.553066 -0.771914 0.313476
vn 0.905464 0.078752 -0.417053
vn 0.905464 0.078752 -0.417053
vn 0.905464 0.078752 -0.417053
vn 0.905464 0.078752 -0.417053
vn 0.905464 0.078752 -0.417053
vn 0.905464 0.078752 -0.417053
vn 0.712676 0.416233 -0.564662
vn 0.712676 0.416233 -0.564663
vn 0.712676 0.416233 -0.564663
vn 0.712676 0.416233 -0.564662
vn 0.712676 0.416233 -0.564662
vn 0.712676 0.416233 -0.564663
vn 0.397728 0.683445 -0.612140
vn 0.397728 0.683445 -0.612140
vn 0.397728 0.683445 -0.612140
vn 0.397728 0.683445 -0.612140
vn 0.397728 0.683445 -0.612140
vn 0.397728 0.683445 -0.612140
vn 0.015077 0.834185 -0.551278
vn 0.015077 0.834185 -0.551278
vn 0.015077 0.834185 -0.551278
vn 0.015077 0.834185 -0.551278
vn 0.015077 0.834185 -0.551278
vn 0.015077 0.834185 -0.551278
vn -0.369113 0.842390 -0.392599
vn -0.369113 0.842390 -0.392599
vn -0.369113 0.842390 -0.392599
vn -0.369113 0.842390 -0.392599
vn -0.369113 0.842390 -0.392599
vn -0.369113 0.842390 -0.392599
vn -0.932272 0.117997 0.341974
vn -0.932272 0.117997 0.341974
vn -0.932272 0.117997 0.341974
vn -0.932272 0.117997 0.341974
vn -0.932272 0.117997 0.341974
vn -0.932272 0.117997 0.341974
vn -0.814662 -0.233115 0.531020
vn -0.814662 -0.233115 0.531020
vn -0.814662 -0.233115 0.531020
vn -0.814662 -0.233115 0.531020
vn -0.814662 -0.233115 0.531020
vn -0.814662 -0.233115 0.531020
vn -0.555122 -0.542219 0.630744
vn -0.555122 -0.542219 0.630744
vn -0.555122 -0.542219 0.630744
vn -0.555122 -0.542219 0.630744
vn -0.555122 -0.542219 0.630744
vn -0.555122 -0.542219 0.630744
vn -0.198527 -0.755866 0.623903
vn -0.198527 -0.755866 0.623903
vn -0.198527 -0.755866 0.623903
vn -0.198527 -0.755866 0.623903
vn -0.198527 -0.755866 0.623903
vn -0.198527 -0.755866 0.623903
s off
g cherry_tree group1 pCylinder15
usemtl pCylinder2SG
f 1111/3511/6505 1113/3513/6506 1112/3512/6507
f 1111/3511/6508 1112/3512/6509 1114/3514/6510
f 1115/3515/6511 1111/3511/6512 1114/3514/6513
f 1115/3515/6514 1114/3514/6515 1116/3516/6516
f 1117/3517/6517 1115/3515/6518 1116/3516/6519
f 1117/3517/6520 1116/3516/6521 1118/3518/6522
f 1119/3519/6523 1117/3517/6524 1118/3518/6525
f 1119/3519/6526 1118/3518/6527 1120/3520/6528
f 1113/3521/6529 1121/3523/6530 1112/3522/6531
f 1113/3521/6532 1122/3524/6533 1121/3523/6534
f 1122/3524/6535 1123/3525/6536 1121/3523/6537
f 1122/3524/6538 1124/3526/6539 1123/3525/6540
f 1124/3526/6541 1125/3527/6542 1123/3525/6543
f 1124/3526/6544 1126/3528/6545 1125/3527/6546
f 1126/3529/6547 1127/3531/6548 1125/3530/6549
f 1126/3529/6550 1128/3532/6551 1127/3531/6552
f 1128/3532/6553 1129/3533/6554 1127/3531/6555
f 1128/3532/6556 1130/3534/6557 1129/3533/6558
f 1130/3534/6559 1131/3535/6560 1129/3533/6561
f 1130/3534/6562 1132/3536/6563 1131/3535/6564
f 1132/3536/6565 1133/3537/6566 1131/3535/6567
f 1132/3536/6568 1134/3538/6569 1133/3537/6570
f 1134/3538/6571 1135/3539/6572 1133/3537/6573
f 1134/3538/6574 1136/3540/6575 1135/3539/6576
f 1136/3541/6577 1137/3543/6578 1135/3542/6579
f 1136/3541/6580 1138/3544/6581 1137/3543/6582
f 1138/3544/6583 1139/3545/6584 1137/3543/6585
f 1138/3544/6586 1140/3546/6587 1139/3545/6588
f 1140/3546/6589 1120/3547/6590 1139/3545/6591
f 1140/3546/6592 1119/3548/6593 1120/3547/6594
f 1122/3549/6595 1126/3551/6596 1124/3550/6597
f 1126/3551/6598 1122/3549/6599 1113/3552/6600
f 1126/3551/6601 1113/3552/6602 1128/3553/6603
f 1128/3553/6604 1113/3552/6605 1111/3554/6606
f 1128/3553/6607 1111/3554/6608 1130/3555/6609
f 1130/3555/6610 1111/3554/6611 1115/3556/6612
f 1130/3555/6613 1115/3556/6614 1132/3557/6615
f 1132/3557/6616 1115/3556/6617 1117/3558/6618
f 1132/3557/6619 1117/3558/6620 1134/3559/6621
f 1134/3559/6622 1117/3558/6623 1119/3560/6624
f 1134/3559/6625 1119/3560/6626 1136/3561/6627
f 1136/3561/6628 1119/3560/6629 1140/3562/6630
f 1136/3561/6631 1140/3562/6632 1138/3563/6633
f 1141/3564/6634 1143/3566/6635 1142/3565/6636
f 1143/3566/6637 1141/3564/6638 1144/3567/6639
f 1144/3567/6640 1141/3564/6641 1145/3568/6642
f 1144/3567/6643 1145/3568/6644 1146/3569/6645
f 1146/3569/6646 1145/3568/6647 1147/3570/6648
f 1146/3569/6649 1147/3570/6650 1148/3571/6651
f 1148/3571/6652 1147/3570/6653 1149/3572/6654
f 1148/3571/6655 1149/3572/6656 1150/3573/6657
f 1150/3573/6658 1149/3572/6659 1151/3574/6660
f 1150/3573/6661 1151/3574/6662 1152/3575/6663
f 1152/3575/6664 1151/3574/6665 1153/3576/6666
f 1152/3575/6667 1153/3576/6668 1154/3577/6669
f 1154/3577/6670 1153/3576/6671 1155/3578/6672
f 1114/3579/6673 1157/3581/6674 1156/3580/6675
f 1114/3579/6676 1112/3582/6677 1157/3581/6678
f 1112/3583/6679 1158/3585/6680 1157/3584/6681
f 1112/3583/6682 1121/3586/6683 1158/3585/6684
f 1121/3587/6685 1159/3589/6686 1158/3588/6687
f 1121/3587/6688 1123/3590/6689 1159/3589/6690
f 1123/3591/6691 1160/3593/6692 1159/3592/6693
f 1123/3591/6694 1125/3594/6695 1160/3593/6696
f 1125/3595/6697 1161/3597/6698 1160/3596/6699
f 1125/3595/6700 1127/3598/6701 1161/3597/6702
f 1127/3599/6703 1162/3601/6704 1161/3600/6705
f 1127/3599/6706 1129/3602/6707 1162/3601/6708
f 1129/3603/6709 1163/3605/6710 1162/3604/6711
f 1129/3603/6712 1131/3606/6713 1163/3605/6714
f 1131/3607/6715 1164/3609/6716 1163/3608/6717
f 1131/3607/6718 1133/3610/6719 1164/3609/6720
f 1133/3611/6721 1165/3613/6722 1164/3612/6723
f 1133/3611/6724 1135/3614/6725 1165/3613/6726
f 1135/3615/6727 1166/3617/6728 1165/3616/6729
f 1135/3615/6730 1137/3618/6731 1166/3617/6732
f 1137/3619/6733 1139/3621/6734 1167/3620/6735
f 1137/3619/6736 1167/3620/6737 1166/3622/6738
f 1166/3622/6739 1167/3620/6740 1168/3623/6741
f 1166/3622/6742 1168/3623/6743 1169/3624/6744
f 1169/3624/6745 1168/3623/6746 1154/3625/6747
f 1169/3624/6748 1154/3625/6749 1155/3626/6750
f 1139/3627/6751 1170/3629/6752 1167/3628/6753
f 1139/3627/6754 1120/3630/6755 1170/3629/6756
f 1120/3631/6757 1171/3633/6758 1170/3632/6759
f 1120/3631/6760 1118/3634/6761 1171/3633/6762
f 1118/3635/6763 1172/3637/6764 1171/3636/6765
f 1118/3635/6766 1116/3638/6767 1172/3637/6768
f 1116/3639/6769 1156/3641/6770 1172/3640/6771
f 1116/3639/6772 1114/3642/6773 1156/3641/6774
f 1156/3643/6775 1174/3645/6776 1173/3644/6777
f 1156/3643/6778 1157/3646/6779 1174/3645/6780
f 1157/3647/6781 1175/3649/6782 1174/3648/6783
f 1157/3647/6784 1158/3650/6785 1175/3649/6786
f 1158/3651/6787 1159/3653/6788 1176/3652/6789
f 1158/3651/6790 1176/3652/6791 1175/3654/6792
f 1175/3654/6793 1176/3652/6794 1142/3655/6795
f 1175/3654/6796 1142/3655/6797 1143/3656/6798
f 1159/3657/6799 1160/3659/6800 1177/3658/6801
f 1159/3657/6802 1177/3658/6803 1176/3660/6804
f 1176/3660/6805 1177/3658/6806 1141/3661/6807
f 1176/3660/6808 1141/3661/6809 1142/3662/6810
f 1160/3663/6811 1178/3665/6812 1177/3664/6813
f 1160/3663/6814 1161/3666/6815 1178/3665/6816
f 1161/3667/6817 1179/3669/6818 1178/3668/6819
f 1161/3667/6820 1162/3670/6821 1179/3669/6822
f 1162/3671/6823 1180/3673/6824 1179/3672/6825
f 1162/3671/6826 1163/3674/6827 1180/3673/6828
f 1163/3675/6829 1181/3677/6830 1180/3676/6831
f 1163/3675/6832 1164/3678/6833 1181/3677/6834
f 1164/3679/6835 1182/3681/6836 1181/3680/6837
f 1164/3679/6838 1165/3682/6839 1182/3681/6840
f 1165/3683/6841 1166/3685/6842 1169/3684/6843
f 1165/3683/6844 1169/3684/6845 1182/3686/6846
f 1182/3686/6847 1169/3684/6848 1155/3687/6849
f 1182/3686/6850 1155/3687/6851 1153/3688/6852
f 1167/3689/6853 1183/3691/6854 1168/3690/6855
f 1167/3689/6856 1170/3692/6857 1183/3691/6858
f 1170/3693/6859 1184/3695/6860 1183/3694/6861
f 1170/3693/6862 1171/3696/6863 1184/3695/6864
f 1171/3697/6865 1185/3699/6866 1184/3698/6867
f 1171/3697/6868 1172/3700/6869 1185/3699/6870
f 1172/3701/6871 1173/3703/6872 1185/3702/6873
f 1172/3701/6874 1156/3704/6875 1173/3703/6876
f 1173/3705/6877 1144/3707/6878 1146/3706/6879
f 1173/3705/6880 1174/3708/6881 1144/3707/6882
f 1174/3709/6883 1143/3711/6884 1144/3710/6885
f 1174/3709/6886 1175/3712/6887 1143/3711/6888
f 1177/3713/6889 1145/3715/6890 1141/3714/6891
f 1177/3713/6892 1178/3716/6893 1145/3715/6894
f 1178/3717/6895 1147/3719/6896 1145/3718/6897
f 1178/3717/6898 1179/3720/6899 1147/3719/6900
f 1179/3721/6901 1149/3723/6902 1147/3722/6903
f 1179/3721/6904 1180/3724/6905 1149/3723/6906
f 1180/3725/6907 1151/3727/6908 1149/3726/6909
f 1180/3725/6910 1181/3728/6911 1151/3727/6912
f 1181/3729/6913 1153/3731/6914 1151/3730/6915
f 1181/3729/6916 1182/3732/6917 1153/3731/6918
f 1168/3733/6919 1152/3735/6920 1154/3734/6921
f 1168/3733/6922 1183/3736/6923 1152/3735/6924
f 1183/3737/6925 1150/3739/6926 1152/3738/6927
f 1183/3737/6928 1184/3740/6929 1150/3739/6930
f 1184/3741/6931 1148/3743/6932 1150/3742/6933
f 1184/3741/6934 1185/3744/6935 1148/3743/6936
f 1185/3745/6937 1146/3747/6938 1148/3746/6939
f 1185/3745/6940 1173/3748/6941 1146/3747/6942
g default
v -151.886737 378.533964 906.971826
v -167.454021 390.024989 910.298872
v -150.193143 380.365018 910.318239
v -168.988064 388.366449 907.267704
v -152.441053 378.009706 902.979435
v -169.490183 387.891595 903.651413
v -151.760223 378.882929 899.031381
v -168.873514 388.682523 900.075281
v -149.961961 381.002528 895.810321
v -167.244646 390.602474 897.157657
v -165.153279 392.580438 912.220797
v -147.653084 383.186185 912.440044
v -162.483592 395.590907 912.701160
v -144.705770 386.509759 912.970362
v -159.906629 398.535853 911.656898
v -141.860819 389.761014 911.817499
v -157.867996 400.906156 909.268581
v -139.610165 392.377801 909.180795
v -156.720154 402.291834 905.949164
v -138.342928 393.907650 905.516156
v -156.661561 402.453426 902.272609
v -138.278270 394.085995 901.457235
v -157.702410 401.362879 898.874625
v -139.427323 392.882044 897.705856
v -159.662635 399.208827 896.342751
v -141.591424 390.503963 894.910665
v -162.203377 396.363705 895.114776
v -144.396405 387.362972 893.554979
v -164.885311 393.319452 895.403024
v -147.357235 384.002069 893.873201
v -365.943167 489.994254 913.161049
v -366.047523 489.895563 912.409380
v -365.919349 490.059962 911.666060
v -365.624310 490.339015 913.791094
v -365.580794 490.459039 911.059614
v -365.146078 490.870172 914.190579
v -365.090374 491.023795 910.694902
v -364.591185 491.495934 914.290426
v -364.532923 491.656549 910.634990
v -364.055540 492.108058 914.073369
v -364.004818 492.247916 910.890232
v -363.631800 492.600734 913.576942
v -363.597376 492.695670 911.416498
v -363.393216 492.888756 912.886981
v -363.381039 492.922325 912.122788
v -206.942927 415.914974 908.072697
v -205.691169 417.268274 910.545997
v -203.813830 419.353389 912.114199
v -201.635505 421.809810 912.506153
v -199.532844 424.212793 911.654085
v -241.675446 439.234949 912.397881
v -243.517540 437.129786 913.144369
v -301.729980 469.247614 913.132077
v -303.094482 467.688288 913.685005
v -197.869402 426.146784 909.705321
v -196.932824 427.277460 906.996828
v -196.884997 427.409326 903.996922
v -197.734245 426.519464 901.224318
v -199.333742 424.761835 899.158421
v -201.406848 422.440393 898.156448
v -203.595178 419.956416 898.391647
v -245.234405 435.506037 900.778848
v -243.317261 437.682215 900.572794
v -304.366133 466.485529 904.525797
v -302.946103 468.097468 904.373176
v -205.520334 417.739466 899.823348
v -206.849357 416.172876 902.203997
v -207.352580 415.527491 905.121964
v -248.167281 431.965387 909.260281
v -247.070647 433.150995 911.427101
v -245.425964 434.977747 912.800984
v -304.508012 466.094201 913.430656
v -240.218116 440.929377 910.690602
v -239.397583 441.919916 908.317726
v -239.355713 442.035425 905.689551
v -240.099739 441.255854 903.260511
v -241.501014 439.716028 901.450611
v -301.600801 469.603937 905.023379
v -246.920974 433.563776 902.033139
v -248.085380 432.191309 904.118797
v -248.526206 431.625940 906.675186
v -306.538559 463.862971 910.808042
v -305.726255 464.741144 912.413015
v -300.650557 470.502619 911.867485
v -300.042768 471.236322 910.109884
v -300.011763 471.321862 908.163182
v -300.562837 470.744469 906.363982
v -305.615434 465.046931 905.454862
v -306.477861 464.030329 906.999716
v -306.804380 463.611535 908.893248
vt 0.134743 0.001992
vt 0.146827 0.084161
vt 0.150002 0.001992
vt 0.133005 0.084161
vt 0.116295 0.001992
vt 0.116295 0.084161
vt 0.097846 0.001992
vt 0.099584 0.084161
vt 0.082588 0.001992
vt 0.085763 0.084161
vt 0.071648 0.998008
vt 0.068835 0.915839
vt 0.054040 0.915839
vt 0.055314 0.998008
vt 0.037050 0.915839
vt 0.036557 0.998008
vt 0.020802 0.915839
vt 0.018619 0.998008
vt 0.156875 0.001992
vt 0.160575 0.084161
vt 0.172007 0.084161
vt 0.169495 0.001992
vt 0.187614 0.084161
vt 0.186725 0.001992
vt 0.204698 0.084161
vt 0.205586 0.001992
vt 0.220305 0.084161
vt 0.222816 0.001992
vt 0.231736 0.084161
vt 0.235437 0.001992
vt 0.259782 0.001992
vt 0.261965 0.084161
vt 0.278213 0.084161
vt 0.277719 0.001992
vt 0.295203 0.084161
vt 0.296477 0.001992
vt 0.309998 0.084161
vt 0.312810 0.001992
vt 0.409371 0.065550
vt 0.413293 0.047101
vt 0.409372 0.028652
vt 0.398285 0.013394
vt 0.398285 0.080808
vt 0.381952 0.003964
vt 0.381952 0.090239
vt 0.363194 0.001992
vt 0.363194 0.092210
vt 0.345257 0.007820
vt 0.345257 0.086382
vt 0.331240 0.020441
vt 0.331240 0.073761
vt 0.323569 0.037671
vt 0.323569 0.056531
vt 0.435754 0.013958
vt 0.436492 0.010485
vt 0.435754 0.007012
vt 0.433667 0.016831
vt 0.433667 0.004139
vt 0.430591 0.018607
vt 0.430591 0.002363
vt 0.427060 0.018978
vt 0.427060 0.001992
vt 0.423683 0.017881
vt 0.423683 0.003089
vt 0.421044 0.015504
vt 0.421044 0.005465
vt 0.419599 0.012260
vt 0.419599 0.008709
vt 0.133005 0.084161
vt 0.128667 0.282650
vt 0.139944 0.282650
vt 0.146827 0.084161
vt 0.068835 0.915839
vt 0.040064 0.717350
vt 0.027992 0.717350
vt 0.054040 0.915839
vt 0.054040 0.915839
vt 0.027992 0.717350
vt 0.014129 0.717350
vt 0.037050 0.915839
vt 0.037050 0.915839
vt 0.000871 0.717350
vt 0.020802 0.915839
vt 0.014129 0.717350
vt 0.026788 0.540767
vt 0.038402 0.540767
vt 0.030679 0.264943
vt 0.039282 0.264943
vt 0.066562 0.001992
vt 0.069939 0.001992
vt 0.160575 0.084161
vt 0.168387 0.282650
vt 0.177714 0.282650
vt 0.172007 0.084161
vt 0.172007 0.084161
vt 0.177714 0.282650
vt 0.190449 0.282650
vt 0.187614 0.084161
vt 0.187614 0.084161
vt 0.190449 0.282650
vt 0.204389 0.282650
vt 0.204698 0.084161
vt 0.204698 0.084161
vt 0.204389 0.282650
vt 0.217123 0.282650
vt 0.220305 0.084161
vt 0.220305 0.084161
vt 0.217123 0.282650
vt 0.226451 0.282650
vt 0.231736 0.084161
vt 0.261965 0.084161
vt 0.242034 0.282650
vt 0.255291 0.282650
vt 0.278213 0.084161
vt 0.278213 0.084161
vt 0.269155 0.282650
vt 0.295203 0.084161
vt 0.255291 0.282650
vt 0.291711 0.459233
vt 0.279565 0.459233
vt 0.289441 0.735057
vt 0.280444 0.735057
vt 0.314633 0.998008
vt 0.311102 0.998008
vt 0.295203 0.084161
vt 0.269155 0.282650
vt 0.281227 0.282650
vt 0.309998 0.084161
vt 0.085763 0.084161
vt 0.090119 0.282650
vt 0.101397 0.282650
vt 0.099584 0.084161
vt 0.099584 0.084161
vt 0.101397 0.282650
vt 0.115032 0.282650
vt 0.116295 0.084161
vt 0.116295 0.084161
vt 0.115032 0.282650
vt 0.128667 0.282650
vt 0.133005 0.084161
vt 0.128667 0.282650
vt 0.128240 0.459233
vt 0.138120 0.459233
vt 0.139944 0.282650
vt 0.040064 0.717350
vt 0.061124 0.540767
vt 0.050548 0.540767
vt 0.027992 0.717350
vt 0.027992 0.717350
vt 0.038402 0.540767
vt 0.014129 0.717350
vt 0.050548 0.540767
vt 0.039282 0.264943
vt 0.048278 0.264943
vt 0.069939 0.001992
vt 0.073471 0.001992
vt 0.168387 0.282650
vt 0.170721 0.459233
vt 0.178893 0.459233
vt 0.177714 0.282650
vt 0.177714 0.282650
vt 0.178893 0.459233
vt 0.190050 0.459233
vt 0.190449 0.282650
vt 0.190449 0.282650
vt 0.190050 0.459233
vt 0.202262 0.459233
vt 0.204389 0.282650
vt 0.204389 0.282650
vt 0.202262 0.459233
vt 0.213419 0.459233
vt 0.217123 0.282650
vt 0.217123 0.282650
vt 0.213419 0.459233
vt 0.221590 0.459233
vt 0.226451 0.282650
vt 0.242034 0.282650
vt 0.279565 0.459233
vt 0.255291 0.282650
vt 0.267950 0.459233
vt 0.280444 0.735057
vt 0.271841 0.735057
vt 0.269155 0.282650
vt 0.291711 0.459233
vt 0.302287 0.459233
vt 0.281227 0.282650
vt 0.090119 0.282650
vt 0.094469 0.459233
vt 0.104349 0.459233
vt 0.101397 0.282650
vt 0.101397 0.282650
vt 0.104349 0.459233
vt 0.116295 0.459233
vt 0.115032 0.282650
vt 0.115032 0.282650
vt 0.116295 0.459233
vt 0.128240 0.459233
vt 0.128667 0.282650
vt 0.128240 0.459233
vt 0.125143 0.735057
vt 0.132461 0.735057
vt 0.138120 0.459233
vt 0.061124 0.540767
vt 0.056112 0.264943
vt 0.048278 0.264943
vt 0.050548 0.540767
vt 0.170721 0.459233
vt 0.177316 0.735057
vt 0.183369 0.735057
vt 0.178893 0.459233
vt 0.178893 0.459233
vt 0.183369 0.735057
vt 0.191633 0.735057
vt 0.190050 0.459233
vt 0.190050 0.459233
vt 0.191633 0.735057
vt 0.200679 0.735057
vt 0.202262 0.459233
vt 0.202262 0.459233
vt 0.200679 0.735057
vt 0.208942 0.735057
vt 0.213419 0.459233
vt 0.213419 0.459233
vt 0.208942 0.735057
vt 0.214995 0.735057
vt 0.221590 0.459233
vt 0.291711 0.459233
vt 0.297275 0.735057
vt 0.302287 0.459233
vt 0.289441 0.735057
vt 0.317709 0.998008
vt 0.314633 0.998008
vt 0.094469 0.459233
vt 0.100128 0.735057
vt 0.107447 0.735057
vt 0.104349 0.459233
vt 0.104349 0.459233
vt 0.107447 0.735057
vt 0.116295 0.735057
vt 0.116295 0.459233
vt 0.116295 0.459233
vt 0.116295 0.735057
vt 0.125143 0.735057
vt 0.128240 0.459233
vt 0.125143 0.735057
vt 0.126892 0.998008
vt 0.129764 0.998008
vt 0.132461 0.735057
vt 0.056112 0.264943
vt 0.076546 0.001992
vt 0.073471 0.001992
vt 0.048278 0.264943
vt 0.177316 0.735057
vt 0.181637 0.998008
vt 0.184013 0.998008
vt 0.183369 0.735057
vt 0.183369 0.735057
vt 0.184013 0.998008
vt 0.187257 0.998008
vt 0.191633 0.735057
vt 0.191633 0.735057
vt 0.187257 0.998008
vt 0.190808 0.998008
vt 0.200679 0.735057
vt 0.200679 0.735057
vt 0.190808 0.998008
vt 0.194052 0.998008
vt 0.208942 0.735057
vt 0.208942 0.735057
vt 0.194052 0.998008
vt 0.196428 0.998008
vt 0.214995 0.735057
vt 0.271841 0.735057
vt 0.307725 0.998008
vt 0.311102 0.998008
vt 0.280444 0.735057
vt 0.100128 0.735057
vt 0.117072 0.998008
vt 0.119945 0.998008
vt 0.107447 0.735057
vt 0.107447 0.735057
vt 0.119945 0.998008
vt 0.123418 0.998008
vt 0.116295 0.735057
vt 0.116295 0.735057
vt 0.123418 0.998008
vt 0.126892 0.998008
vt 0.125143 0.735057
vn -0.450330 -0.795447 0.405545
vn -0.317487 -0.565774 0.760987
vn -0.334188 -0.595677 0.730402
vn -0.450330 -0.795447 0.405545
vn -0.334188 -0.595677 0.730402
vn -0.455177 -0.803236 0.384222
vn -0.502312 -0.863269 -0.049495
vn -0.450330 -0.795447 0.405545
vn -0.455177 -0.803236 0.384222
vn -0.502312 -0.863269 -0.049495
vn -0.455177 -0.803236 0.384222
vn -0.502265 -0.863684 -0.042188
vn -0.456010 -0.744377 -0.487810
vn -0.502312 -0.863269 -0.049495
vn -0.502265 -0.863684 -0.042188
vn -0.456010 -0.744377 -0.487810
vn -0.502265 -0.863684 -0.042188
vn -0.462858 -0.759633 -0.456859
vn -0.332864 -0.485823 -0.808194
vn -0.456010 -0.744377 -0.487810
vn -0.462858 -0.759633 -0.456859
vn -0.332864 -0.485823 -0.808194
vn -0.462858 -0.759633 -0.456859
vn -0.351282 -0.523462 -0.776266
vn -0.317487 -0.565774 0.760987
vn -0.169753 -0.294277 0.940524
vn -0.334188 -0.595677 0.730402
vn -0.317487 -0.565774 0.760987
vn -0.143965 -0.245816 0.958566
vn -0.169753 -0.294277 0.940524
vn -0.143965 -0.245816 0.958566
vn 0.008954 0.047139 0.998848
vn -0.169753 -0.294277 0.940524
vn -0.143965 -0.245816 0.958566
vn 0.036867 0.101644 0.994137
vn 0.008954 0.047139 0.998848
vn 0.036867 0.101644 0.994137
vn 0.180020 0.386771 0.904434
vn 0.008954 0.047139 0.998848
vn 0.036867 0.101644 0.994137
vn 0.202931 0.433407 0.878053
vn 0.180020 0.386771 0.904434
vn 0.202931 0.433407 0.878053
vn 0.321561 0.681646 0.657234
vn 0.180020 0.386771 0.904434
vn 0.202931 0.433407 0.878053
vn 0.333954 0.708546 0.621641
vn 0.321561 0.681646 0.657234
vn 0.333954 0.708546 0.621641
vn 0.404517 0.872500 0.274060
vn 0.321561 0.681646 0.657234
vn 0.333954 0.708546 0.621641
vn 0.406580 0.878159 0.252049
vn 0.404517 0.872500 0.274060
vn 0.406580 0.878159 0.252049
vn 0.401118 0.898593 -0.177864
vn 0.404517 0.872500 0.274060
vn 0.406580 0.878159 0.252049
vn 0.402045 0.899807 -0.169431
vn 0.401118 0.898593 -0.177864
vn 0.402045 0.899807 -0.169431
vn 0.309392 0.747675 -0.587587
vn 0.401118 0.898593 -0.177864
vn 0.402045 0.899807 -0.169431
vn 0.319859 0.766083 -0.557500
vn 0.309392 0.747675 -0.587587
vn 0.319859 0.766083 -0.557500
vn 0.158015 0.470832 -0.867957
vn 0.309392 0.747675 -0.587587
vn 0.319859 0.766083 -0.557500
vn 0.179881 0.511649 -0.840154
vn 0.158015 0.470832 -0.867957
vn 0.179881 0.511649 -0.840154
vn -0.018449 0.135177 -0.990650
vn 0.158015 0.470832 -0.867957
vn 0.179881 0.511649 -0.840154
vn 0.009322 0.188622 -0.982005
vn -0.018449 0.135177 -0.990650
vn 0.009322 0.188622 -0.982005
vn -0.194983 -0.209483 -0.958175
vn -0.018449 0.135177 -0.990650
vn 0.009322 0.188622 -0.982005
vn -0.168556 -0.157326 -0.973056
vn -0.194983 -0.209483 -0.958175
vn -0.168556 -0.157326 -0.973056
vn -0.351282 -0.523462 -0.776266
vn -0.194983 -0.209483 -0.958175
vn -0.168556 -0.157326 -0.973056
vn -0.332864 -0.485823 -0.808194
vn -0.351282 -0.523462 -0.776266
vn 0.749435 -0.661856 -0.017143
vn 0.749435 -0.661856 -0.017143
vn 0.749435 -0.661856 -0.017143
vn 0.749435 -0.661856 -0.017143
vn 0.749435 -0.661856 -0.017143
vn 0.749435 -0.661856 -0.017143
vn 0.749435 -0.661856 -0.017143
vn 0.749435 -0.661856 -0.017143
vn 0.749435 -0.661856 -0.017143
vn 0.749435 -0.661856 -0.017143
vn 0.749435 -0.661856 -0.017143
vn 0.749435 -0.661856 -0.017143
vn 0.749435 -0.661856 -0.017143
vn 0.749435 -0.661856 -0.017143
vn 0.749435 -0.661856 -0.017143
vn 0.749435 -0.661856 -0.017143
vn 0.749435 -0.661856 -0.017143
vn 0.749435 -0.661856 -0.017143
vn 0.749435 -0.661856 -0.017143
vn 0.749435 -0.661856 -0.017143
vn 0.749435 -0.661856 -0.017143
vn 0.749435 -0.661856 -0.017143
vn 0.749435 -0.661856 -0.017143
vn 0.749435 -0.661856 -0.017143
vn 0.749435 -0.661856 -0.017143
vn 0.749435 -0.661856 -0.017143
vn 0.749435 -0.661856 -0.017143
vn 0.749435 -0.661856 -0.017143
vn 0.749435 -0.661856 -0.017143
vn 0.749435 -0.661856 -0.017143
vn 0.749435 -0.661856 -0.017143
vn 0.749435 -0.661856 -0.017143
vn 0.749435 -0.661856 -0.017143
vn 0.749435 -0.661856 -0.017143
vn 0.749435 -0.661856 -0.017143
vn 0.749435 -0.661856 -0.017143
vn 0.749435 -0.661856 -0.017143
vn 0.749435 -0.661856 -0.017143
vn 0.749435 -0.661856 -0.017143
vn -0.749438 0.661853 0.017147
vn -0.749438 0.661853 0.017147
vn -0.749438 0.661853 0.017147
vn -0.749438 0.661853 0.017147
vn -0.749438 0.661853 0.017147
vn -0.749438 0.661853 0.017147
vn -0.749438 0.661853 0.017147
vn -0.749438 0.661853 0.017147
vn -0.749438 0.661853 0.017147
vn -0.749438 0.661853 0.017147
vn -0.749438 0.661853 0.017147
vn -0.749438 0.661853 0.017147
vn -0.749438 0.661853 0.017147
vn -0.749438 0.661853 0.017147
vn -0.749438 0.661853 0.017147
vn -0.749438 0.661853 0.017147
vn -0.749438 0.661853 0.017147
vn -0.749438 0.661853 0.017147
vn -0.749438 0.661853 0.017147
vn -0.749438 0.661853 0.017147
vn -0.749438 0.661853 0.017147
vn -0.749438 0.661853 0.017147
vn -0.749438 0.661853 0.017147
vn -0.749438 0.661853 0.017147
vn -0.749438 0.661853 0.017147
vn -0.749438 0.661853 0.017147
vn -0.749438 0.661853 0.017147
vn -0.749438 0.661853 0.017147
vn -0.749438 0.661853 0.017147
vn -0.749438 0.661853 0.017147
vn -0.749438 0.661853 0.017147
vn -0.749438 0.661853 0.017147
vn -0.749438 0.661853 0.017147
vn -0.749438 0.661853 0.017147
vn -0.749438 0.661853 0.017147
vn -0.749438 0.661853 0.017147
vn -0.749438 0.661853 0.017147
vn -0.749438 0.661853 0.017147
vn -0.749438 0.661853 0.017147
vn -0.464129 -0.656817 0.594286
vn -0.464129 -0.656817 0.594286
vn -0.464129 -0.656817 0.594286
vn -0.464129 -0.656817 0.594286
vn -0.464129 -0.656817 0.594286
vn -0.464129 -0.656817 0.594286
vn -0.281006 -0.402307 0.871312
vn -0.281006 -0.402307 0.871312
vn -0.281006 -0.402307 0.871312
vn -0.281006 -0.402307 0.871312
vn -0.281006 -0.402307 0.871312
vn -0.281006 -0.402307 0.871312
vn -0.069667 -0.096647 0.992878
vn -0.069667 -0.096647 0.992878
vn -0.069667 -0.096647 0.992878
vn -0.069667 -0.096647 0.992878
vn -0.069667 -0.096647 0.992878
vn -0.069667 -0.096647 0.992878
vn 0.141528 0.218521 0.965514
vn 0.141528 0.218521 0.965514
vn 0.141528 0.218521 0.965514
vn 0.141528 0.218521 0.965514
vn 0.141528 0.218521 0.965514
vn 0.141528 0.218521 0.965514
vn 0.141528 0.218521 0.965514
vn 0.141528 0.218521 0.965514
vn 0.105709 0.248882 0.962748
vn 0.141528 0.218521 0.965514
vn 0.105709 0.248882 0.962748
vn 0.105709 0.248882 0.962748
vn 0.105709 0.248882 0.962748
vn 0.105709 0.248882 0.962748
vn 0.127144 0.230814 0.964655
vn 0.105709 0.248882 0.962748
vn 0.127144 0.230814 0.964655
vn 0.127144 0.230814 0.964655
vn 0.127144 0.230814 0.964655
vn 0.127144 0.230814 0.964655
vn 0.105797 0.248799 0.962760
vn 0.127144 0.230814 0.964655
vn 0.105797 0.248799 0.962760
vn 0.105797 0.248799 0.962760
vn 0.331990 0.512434 0.791956
vn 0.331990 0.512434 0.791956
vn 0.331990 0.512434 0.791956
vn 0.331990 0.512434 0.791956
vn 0.331990 0.512435 0.791955
vn 0.331990 0.512434 0.791956
vn 0.473655 0.742453 0.473724
vn 0.473655 0.742453 0.473724
vn 0.473655 0.742453 0.473724
vn 0.473655 0.742453 0.473724
vn 0.473655 0.742453 0.473724
vn 0.473655 0.742453 0.473724
vn 0.528068 0.847973 0.045681
vn 0.528068 0.847973 0.045681
vn 0.528068 0.847973 0.045681
vn 0.528068 0.847973 0.045681
vn 0.528068 0.847973 0.045681
vn 0.528068 0.847973 0.045681
vn 0.471494 0.787384 -0.397141
vn 0.471494 0.787384 -0.397140
vn 0.471494 0.787384 -0.397141
vn 0.471494 0.787384 -0.397141
vn 0.471494 0.787384 -0.397141
vn 0.471494 0.787384 -0.397140
vn 0.322574 0.582968 -0.745717
vn 0.322575 0.582968 -0.745717
vn 0.322574 0.582968 -0.745717
vn 0.322574 0.582968 -0.745717
vn 0.322574 0.582968 -0.745717
vn 0.322575 0.582968 -0.745717
vn 0.124412 0.297452 -0.946596
vn 0.124412 0.297452 -0.946596
vn 0.124412 0.297452 -0.946596
vn 0.124412 0.297452 -0.946596
vn 0.124412 0.297452 -0.946596
vn 0.124412 0.297452 -0.946596
vn -0.088274 -0.016537 -0.995959
vn -0.088274 -0.016537 -0.995959
vn -0.088274 -0.016537 -0.995959
vn -0.088274 -0.016537 -0.995959
vn -0.088274 -0.016537 -0.995959
vn -0.088274 -0.016537 -0.995959
vn -0.088274 -0.016537 -0.995959
vn -0.088274 -0.016537 -0.995959
vn -0.069538 -0.033144 -0.997029
vn -0.088274 -0.016537 -0.995959
vn -0.069538 -0.033144 -0.997029
vn -0.069538 -0.033144 -0.997029
vn -0.069538 -0.033144 -0.997029
vn -0.069538 -0.033144 -0.997029
vn -0.077040 -0.026501 -0.996676
vn -0.069538 -0.033144 -0.997029
vn -0.077040 -0.026501 -0.996676
vn -0.077040 -0.026501 -0.996676
vn -0.077040 -0.026501 -0.996676
vn -0.077040 -0.026501 -0.996676
vn -0.102594 -0.003804 -0.994716
vn -0.077040 -0.026501 -0.996676
vn -0.102594 -0.003804 -0.994716
vn -0.102594 -0.003804 -0.994716
vn -0.293456 -0.325618 -0.898808
vn -0.293456 -0.325618 -0.898808
vn -0.293456 -0.325618 -0.898808
vn -0.293456 -0.325618 -0.898808
vn -0.293456 -0.325618 -0.898808
vn -0.293456 -0.325618 -0.898808
vn -0.467748 -0.595590 -0.653058
vn -0.467748 -0.595590 -0.653058
vn -0.467748 -0.595590 -0.653058
vn -0.467748 -0.595590 -0.653058
vn -0.467748 -0.595590 -0.653058
vn -0.467748 -0.595590 -0.653058
vn -0.574488 -0.772708 -0.269972
vn -0.574488 -0.772708 -0.269972
vn -0.574489 -0.772708 -0.269972
vn -0.574488 -0.772708 -0.269972
vn -0.574488 -0.772708 -0.269972
vn -0.574488 -0.772708 -0.269972
vn -0.574755 -0.797257 0.184496
vn -0.574755 -0.797257 0.184496
vn -0.574755 -0.797257 0.184496
vn -0.574755 -0.797257 0.184496
vn -0.574755 -0.797257 0.184496
vn -0.574755 -0.797257 0.184496
vn -0.284623 -0.772987 0.566992
vn -0.284623 -0.772987 0.566992
vn -0.284623 -0.772987 0.566992
vn -0.284623 -0.772987 0.566992
vn -0.284623 -0.772987 0.566992
vn -0.284623 -0.772987 0.566992
vn -0.169892 -0.490053 0.854976
vn -0.169892 -0.490053 0.854976
vn -0.169892 -0.490053 0.854976
vn -0.169892 -0.490053 0.854976
vn -0.169892 -0.490053 0.854976
vn -0.169892 -0.490053 0.854976
vn -0.032274 -0.129517 0.991052
vn -0.032274 -0.129517 0.991052
vn -0.032274 -0.129517 0.991052
vn -0.032274 -0.129517 0.991052
vn -0.032274 -0.129517 0.991052
vn -0.032274 -0.129517 0.991052
vn -0.032274 -0.129517 0.991052
vn -0.032274 -0.129517 0.991052
vn -0.049627 -0.114307 0.992205
vn -0.032274 -0.129517 0.991052
vn -0.049627 -0.114307 0.992205
vn -0.049627 -0.114307 0.992205
vn -0.049627 -0.114307 0.992205
vn -0.049627 -0.114307 0.992205
vn -0.038327 -0.124216 0.991515
vn -0.049627 -0.114307 0.992205
vn -0.038327 -0.124216 0.991515
vn -0.038327 -0.124216 0.991515
vn 0.223839 0.589519 0.776121
vn 0.223839 0.589519 0.776121
vn 0.223839 0.589519 0.776121
vn 0.223839 0.589519 0.776121
vn 0.223839 0.589519 0.776121
vn 0.223839 0.589519 0.776121
vn 0.302975 0.837665 0.454448
vn 0.302975 0.837665 0.454448
vn 0.302975 0.837665 0.454448
vn 0.302975 0.837665 0.454448
vn 0.302975 0.837665 0.454448
vn 0.302975 0.837665 0.454448
vn 0.326921 0.943897 0.046707
vn 0.326921 0.943897 0.046707
vn 0.326921 0.943897 0.046707
vn 0.326921 0.943897 0.046707
vn 0.326921 0.943897 0.046707
vn 0.326921 0.943897 0.046707
vn 0.289011 0.882230 -0.371677
vn 0.289011 0.882230 -0.371677
vn 0.289011 0.882230 -0.371677
vn 0.289011 0.882230 -0.371677
vn 0.289011 0.882230 -0.371677
vn 0.289011 0.882230 -0.371677
vn 0.197126 0.666110 -0.719332
vn 0.197126 0.666110 -0.719332
vn 0.197126 0.666110 -0.719332
vn 0.197126 0.666110 -0.719332
vn 0.197126 0.666110 -0.719332
vn 0.197126 0.666110 -0.719332
vn 0.070256 0.341755 -0.937159
vn 0.070256 0.341755 -0.937159
vn 0.070256 0.341755 -0.937159
vn 0.070256 0.341755 -0.937159
vn 0.070256 0.341755 -0.937159
vn 0.070256 0.341755 -0.937159
vn 0.070256 0.341755 -0.937159
vn 0.070256 0.341755 -0.937159
vn 0.101356 0.316553 -0.943144
vn 0.070256 0.341755 -0.937159
vn 0.101356 0.316553 -0.943144
vn 0.101356 0.316553 -0.943144
vn -0.201334 -0.402008 -0.893227
vn -0.201334 -0.402008 -0.893227
vn -0.201334 -0.402008 -0.893227
vn -0.201334 -0.402008 -0.893227
vn -0.201334 -0.402008 -0.893227
vn -0.201334 -0.402008 -0.893227
vn -0.304797 -0.708557 -0.636431
vn -0.304797 -0.708557 -0.636431
vn -0.304797 -0.708557 -0.636431
vn -0.304797 -0.708557 -0.636431
vn -0.304797 -0.708557 -0.636431
vn -0.304797 -0.708557 -0.636431
vn -0.360098 -0.895884 -0.260232
vn -0.360098 -0.895884 -0.260232
vn -0.360098 -0.895884 -0.260232
vn -0.360098 -0.895884 -0.260232
vn -0.360098 -0.895884 -0.260232
vn -0.360098 -0.895884 -0.260232
vn -0.353289 -0.919964 0.169859
vn -0.353289 -0.919965 0.169859
vn -0.353289 -0.919964 0.169859
vn -0.353289 -0.919964 0.169859
vn -0.353289 -0.919964 0.169859
vn -0.353289 -0.919965 0.169859
vn -0.377231 -0.718661 0.584142
vn -0.377231 -0.718661 0.584142
vn -0.377231 -0.718662 0.584142
vn -0.377231 -0.718661 0.584142
vn -0.377231 -0.718661 0.584142
vn -0.377231 -0.718661 0.584142
vn -0.226263 -0.447127 0.865380
vn -0.226263 -0.447127 0.865380
vn -0.226263 -0.447127 0.865380
vn -0.226263 -0.447127 0.865380
vn -0.226263 -0.447127 0.865380
vn -0.226263 -0.447127 0.865380
vn 0.283727 0.548490 0.786548
vn 0.283727 0.548490 0.786548
vn 0.283727 0.548490 0.786548
vn 0.283727 0.548490 0.786548
vn 0.283727 0.548490 0.786548
vn 0.283727 0.548490 0.786548
vn 0.396001 0.790637 0.466987
vn 0.396001 0.790637 0.466987
vn 0.396001 0.790637 0.466987
vn 0.396001 0.790637 0.466987
vn 0.396001 0.790637 0.466987
vn 0.396001 0.790637 0.466987
vn 0.435866 0.898812 0.046452
vn 0.435866 0.898812 0.046452
vn 0.435866 0.898812 0.046452
vn 0.435866 0.898812 0.046452
vn 0.435866 0.898812 0.046452
vn 0.435866 0.898812 0.046452
vn 0.388020 0.836348 -0.387249
vn 0.388020 0.836348 -0.387250
vn 0.388020 0.836348 -0.387249
vn 0.388020 0.836348 -0.387249
vn 0.388020 0.836348 -0.387249
vn 0.388020 0.836348 -0.387250
vn 0.265976 0.622790 -0.735792
vn 0.265976 0.622790 -0.735792
vn 0.265976 0.622790 -0.735792
vn 0.265976 0.622790 -0.735792
vn 0.265976 0.622790 -0.735792
vn 0.265976 0.622790 -0.735792
vn -0.247831 -0.364478 -0.897628
vn -0.247831 -0.364478 -0.897628
vn -0.247831 -0.364478 -0.897628
vn -0.247831 -0.364478 -0.897628
vn -0.247831 -0.364478 -0.897628
vn -0.247831 -0.364478 -0.897628
vn -0.247831 -0.364478 -0.897628
vn -0.247831 -0.364478 -0.897628
vn -0.240778 -0.370297 -0.897166
vn -0.247831 -0.364478 -0.897628
vn -0.240778 -0.370297 -0.897166
vn -0.240778 -0.370297 -0.897166
vn -0.388994 -0.654774 -0.648039
vn -0.388994 -0.654774 -0.648039
vn -0.388994 -0.654774 -0.648039
vn -0.388994 -0.654774 -0.648039
vn -0.388994 -0.654774 -0.648039
vn -0.388994 -0.654774 -0.648039
vn -0.471445 -0.840452 -0.267171
vn -0.471445 -0.840452 -0.267171
vn -0.471445 -0.840452 -0.267171
vn -0.471445 -0.840452 -0.267171
vn -0.471445 -0.840452 -0.267171
vn -0.471445 -0.840452 -0.267171
vn -0.468169 -0.865397 0.178620
vn -0.468169 -0.865397 0.178620
vn -0.468169 -0.865397 0.178620
vn -0.468169 -0.865397 0.178620
vn -0.468169 -0.865397 0.178620
vn -0.468169 -0.865397 0.178620
vn -0.311024 -0.758606 0.572522
vn -0.311024 -0.758606 0.572522
vn -0.311024 -0.758606 0.572522
vn -0.311024 -0.758606 0.572522
vn -0.311024 -0.758606 0.572522
vn -0.311024 -0.758606 0.572522
vn -0.184936 -0.478945 0.858144
vn -0.184936 -0.478945 0.858144
vn -0.184936 -0.478945 0.858144
vn -0.184936 -0.478945 0.858144
vn -0.184936 -0.478945 0.858144
vn -0.184936 -0.478945 0.858144
vn 0.227164 0.587345 0.776803
vn 0.227164 0.587345 0.776803
vn 0.227164 0.587345 0.776803
vn 0.227164 0.587345 0.776803
vn 0.227164 0.587345 0.776803
vn 0.227164 0.587345 0.776803
vn 0.305811 0.836394 0.454889
vn 0.305811 0.836394 0.454889
vn 0.305811 0.836394 0.454889
vn 0.305811 0.836394 0.454889
vn 0.305811 0.836394 0.454889
vn 0.305811 0.836394 0.454889
vn 0.324899 0.944597 0.046656
vn 0.324898 0.944597 0.046656
vn 0.324899 0.944597 0.046656
vn 0.324899 0.944597 0.046656
vn 0.324898 0.944597 0.046656
vn 0.324898 0.944597 0.046656
vn 0.278976 0.886229 -0.369825
vn 0.278976 0.886229 -0.369825
vn 0.278976 0.886229 -0.369825
vn 0.278976 0.886229 -0.369825
vn 0.278976 0.886229 -0.369825
vn 0.278976 0.886229 -0.369825
vn 0.178489 0.676906 -0.714101
vn 0.178489 0.676906 -0.714101
vn 0.178489 0.676906 -0.714101
vn 0.178489 0.676906 -0.714101
vn 0.178489 0.676906 -0.714101
vn 0.178489 0.676906 -0.714101
vn 0.044014 0.362497 -0.930945
vn 0.044014 0.362497 -0.930945
vn 0.044014 0.362497 -0.930945
vn 0.044014 0.362497 -0.930945
vn 0.044014 0.362497 -0.930945
vn 0.044014 0.362497 -0.930945
vn -0.348939 -0.681520 -0.643251
vn -0.348939 -0.681520 -0.643251
vn -0.348939 -0.681520 -0.643251
vn -0.348939 -0.681520 -0.643251
vn -0.348939 -0.681520 -0.643251
vn -0.348939 -0.681520 -0.643251
vn -0.404234 -0.875889 -0.263462
vn -0.404235 -0.875889 -0.263462
vn -0.404235 -0.875889 -0.263462
vn -0.404234 -0.875889 -0.263462
vn -0.404235 -0.875889 -0.263462
vn -0.404235 -0.875889 -0.263462
vn -0.390832 -0.904060 0.172992
vn -0.390832 -0.904060 0.172992
vn -0.390832 -0.904060 0.172992
vn -0.390832 -0.904060 0.172992
vn -0.390832 -0.904060 0.172992
vn -0.390832 -0.904060 0.172992
s off
g cherry_tree group1 pCylinder16
usemtl pCylinder2SG
f 1186/3749/6943 1188/3751/6944 1187/3750/6945
f 1186/3749/6946 1187/3750/6947 1189/3752/6948
f 1190/3753/6949 1186/3749/6950 1189/3752/6951
f 1190/3753/6952 1189/3752/6953 1191/3754/6954
f 1192/3755/6955 1190/3753/6956 1191/3754/6957
f 1192/3755/6958 1191/3754/6959 1193/3756/6960
f 1194/3757/6961 1192/3755/6962 1193/3756/6963
f 1194/3757/6964 1193/3756/6965 1195/3758/6966
f 1188/3759/6967 1196/3761/6968 1187/3760/6969
f 1188/3759/6970 1197/3762/6971 1196/3761/6972
f 1197/3762/6973 1198/3763/6974 1196/3761/6975
f 1197/3762/6976 1199/3764/6977 1198/3763/6978
f 1199/3764/6979 1200/3765/6980 1198/3763/6981
f 1199/3764/6982 1201/3766/6983 1200/3765/6984
f 1201/3767/6985 1202/3769/6986 1200/3768/6987
f 1201/3767/6988 1203/3770/6989 1202/3769/6990
f 1203/3770/6991 1204/3771/6992 1202/3769/6993
f 1203/3770/6994 1205/3772/6995 1204/3771/6996
f 1205/3772/6997 1206/3773/6998 1204/3771/6999
f 1205/3772/7000 1207/3774/7001 1206/3773/7002
f 1207/3774/7003 1208/3775/7004 1206/3773/7005
f 1207/3774/7006 1209/3776/7007 1208/3775/7008
f 1209/3776/7009 1210/3777/7010 1208/3775/7011
f 1209/3776/7012 1211/3778/7013 1210/3777/7014
f 1211/3779/7015 1212/3781/7016 1210/3780/7017
f 1211/3779/7018 1213/3782/7019 1212/3781/7020
f 1213/3782/7021 1214/3783/7022 1212/3781/7023
f 1213/3782/7024 1215/3784/7025 1214/3783/7026
f 1215/3784/7027 1195/3785/7028 1214/3783/7029
f 1215/3784/7030 1194/3786/7031 1195/3785/7032
f 1192/3787/7033 1186/3789/7034 1190/3788/7035
f 1186/3789/7036 1192/3787/7037 1188/3790/7038
f 1188/3790/7039 1192/3787/7040 1194/3791/7041
f 1188/3790/7042 1194/3791/7043 1197/3792/7044
f 1197/3792/7045 1194/3791/7046 1215/3793/7047
f 1197/3792/7048 1215/3793/7049 1199/3794/7050
f 1199/3794/7051 1215/3793/7052 1213/3795/7053
f 1199/3794/7054 1213/3795/7055 1201/3796/7056
f 1201/3796/7057 1213/3795/7058 1211/3797/7059
f 1201/3796/7060 1211/3797/7061 1203/3798/7062
f 1203/3798/7063 1211/3797/7064 1209/3799/7065
f 1203/3798/7066 1209/3799/7067 1205/3800/7068
f 1205/3800/7069 1209/3799/7070 1207/3801/7071
f 1216/3802/7072 1218/3804/7073 1217/3803/7074
f 1218/3804/7075 1216/3802/7076 1219/3805/7077
f 1218/3804/7078 1219/3805/7079 1220/3806/7080
f 1220/3806/7081 1219/3805/7082 1221/3807/7083
f 1220/3806/7084 1221/3807/7085 1222/3808/7086
f 1222/3808/7087 1221/3807/7088 1223/3809/7089
f 1222/3808/7090 1223/3809/7091 1224/3810/7092
f 1224/3810/7093 1223/3809/7094 1225/3811/7095
f 1224/3810/7096 1225/3811/7097 1226/3812/7098
f 1226/3812/7099 1225/3811/7100 1227/3813/7101
f 1226/3812/7102 1227/3813/7103 1228/3814/7104
f 1228/3814/7105 1227/3813/7106 1229/3815/7107
f 1228/3814/7108 1229/3815/7109 1230/3816/7110
f 1189/3817/7111 1232/3819/7112 1231/3818/7113
f 1189/3817/7114 1187/3820/7115 1232/3819/7116
f 1187/3821/7117 1233/3823/7118 1232/3822/7119
f 1187/3821/7120 1196/3824/7121 1233/3823/7122
f 1196/3825/7123 1234/3827/7124 1233/3826/7125
f 1196/3825/7126 1198/3828/7127 1234/3827/7128
f 1198/3829/7129 1200/3831/7130 1235/3830/7131
f 1198/3829/7132 1235/3830/7133 1234/3832/7134
f 1234/3832/7135 1235/3830/7136 1236/3833/7137
f 1234/3832/7138 1236/3833/7139 1237/3834/7140
f 1237/3834/7141 1236/3833/7142 1238/3835/7143
f 1237/3834/7144 1238/3835/7145 1239/3836/7146
f 1239/3836/7147 1238/3835/7148 1225/3837/7149
f 1239/3836/7150 1225/3837/7151 1223/3838/7152
f 1200/3839/7153 1240/3841/7154 1235/3840/7155
f 1200/3839/7156 1202/3842/7157 1240/3841/7158
f 1202/3843/7159 1241/3845/7160 1240/3844/7161
f 1202/3843/7162 1204/3846/7163 1241/3845/7164
f 1204/3847/7165 1242/3849/7166 1241/3848/7167
f 1204/3847/7168 1206/3850/7169 1242/3849/7170
f 1206/3851/7171 1243/3853/7172 1242/3852/7173
f 1206/3851/7174 1208/3854/7175 1243/3853/7176
f 1208/3855/7177 1244/3857/7178 1243/3856/7179
f 1208/3855/7180 1210/3858/7181 1244/3857/7182
f 1210/3859/7183 1245/3861/7184 1244/3860/7185
f 1210/3859/7186 1212/3862/7187 1245/3861/7188
f 1212/3863/7189 1214/3865/7190 1246/3864/7191
f 1212/3863/7192 1246/3864/7193 1245/3866/7194
f 1245/3866/7195 1246/3864/7196 1247/3867/7197
f 1245/3866/7198 1247/3867/7199 1248/3868/7200
f 1248/3868/7201 1247/3867/7202 1249/3869/7203
f 1248/3868/7204 1249/3869/7205 1250/3870/7206
f 1250/3870/7207 1249/3869/7208 1222/3871/7209
f 1250/3870/7210 1222/3871/7211 1224/3872/7212
f 1214/3873/7213 1251/3875/7214 1246/3874/7215
f 1214/3873/7216 1195/3876/7217 1251/3875/7218
f 1195/3877/7219 1252/3879/7220 1251/3878/7221
f 1195/3877/7222 1193/3880/7223 1252/3879/7224
f 1193/3881/7225 1253/3883/7226 1252/3882/7227
f 1193/3881/7228 1191/3884/7229 1253/3883/7230
f 1191/3885/7231 1231/3887/7232 1253/3886/7233
f 1191/3885/7234 1189/3888/7235 1231/3887/7236
f 1231/3889/7237 1255/3891/7238 1254/3890/7239
f 1231/3889/7240 1232/3892/7241 1255/3891/7242
f 1232/3893/7243 1256/3895/7244 1255/3894/7245
f 1232/3893/7246 1233/3896/7247 1256/3895/7248
f 1233/3897/7249 1234/3899/7250 1237/3898/7251
f 1233/3897/7252 1237/3898/7253 1256/3900/7254
f 1256/3900/7255 1237/3898/7256 1239/3901/7257
f 1256/3900/7258 1239/3901/7259 1257/3902/7260
f 1257/3902/7261 1239/3901/7262 1223/3903/7263
f 1257/3902/7264 1223/3903/7265 1221/3904/7266
f 1235/3905/7267 1258/3907/7268 1236/3906/7269
f 1235/3905/7270 1240/3908/7271 1258/3907/7272
f 1240/3909/7273 1259/3911/7274 1258/3910/7275
f 1240/3909/7276 1241/3912/7277 1259/3911/7278
f 1241/3913/7279 1260/3915/7280 1259/3914/7281
f 1241/3913/7282 1242/3916/7283 1260/3915/7284
f 1242/3917/7285 1261/3919/7286 1260/3918/7287
f 1242/3917/7288 1243/3920/7289 1261/3919/7290
f 1243/3921/7291 1262/3923/7292 1261/3922/7293
f 1243/3921/7294 1244/3924/7295 1262/3923/7296
f 1244/3925/7297 1245/3927/7298 1248/3926/7299
f 1244/3925/7300 1248/3926/7301 1262/3928/7302
f 1262/3928/7303 1248/3926/7304 1250/3929/7305
f 1262/3928/7306 1250/3929/7307 1263/3930/7308
f 1246/3931/7309 1264/3933/7310 1247/3932/7311
f 1246/3931/7312 1251/3934/7313 1264/3933/7314
f 1251/3935/7315 1265/3937/7316 1264/3936/7317
f 1251/3935/7318 1252/3938/7319 1265/3937/7320
f 1252/3939/7321 1266/3941/7322 1265/3940/7323
f 1252/3939/7324 1253/3942/7325 1266/3941/7326
f 1253/3943/7327 1254/3945/7328 1266/3944/7329
f 1253/3943/7330 1231/3946/7331 1254/3945/7332
f 1254/3947/7333 1268/3949/7334 1267/3948/7335
f 1254/3947/7336 1255/3950/7337 1268/3949/7338
f 1255/3951/7339 1257/3953/7340 1268/3952/7341
f 1255/3951/7342 1256/3954/7343 1257/3953/7344
f 1236/3955/7345 1269/3957/7346 1238/3956/7347
f 1236/3955/7348 1258/3958/7349 1269/3957/7350
f 1258/3959/7351 1270/3961/7352 1269/3960/7353
f 1258/3959/7354 1259/3962/7355 1270/3961/7356
f 1259/3963/7357 1271/3965/7358 1270/3964/7359
f 1259/3963/7360 1260/3966/7361 1271/3965/7362
f 1260/3967/7363 1272/3969/7364 1271/3968/7365
f 1260/3967/7366 1261/3970/7367 1272/3969/7368
f 1261/3971/7369 1263/3973/7370 1272/3972/7371
f 1261/3971/7372 1262/3974/7373 1263/3973/7374
f 1247/3975/7375 1264/3977/7376 1273/3976/7377
f 1247/3975/7378 1273/3976/7379 1249/3978/7380
f 1249/3978/7381 1273/3976/7382 1220/3979/7383
f 1249/3978/7384 1220/3979/7385 1222/3980/7386
f 1264/3981/7387 1274/3983/7388 1273/3982/7389
f 1264/3981/7390 1265/3984/7391 1274/3983/7392
f 1265/3985/7393 1275/3987/7394 1274/3986/7395
f 1265/3985/7396 1266/3988/7397 1275/3987/7398
f 1266/3989/7399 1267/3991/7400 1275/3990/7401
f 1266/3989/7402 1254/3992/7403 1267/3991/7404
f 1267/3993/7405 1219/3995/7406 1216/3994/7407
f 1267/3993/7408 1268/3996/7409 1219/3995/7410
f 1268/3997/7411 1221/3999/7412 1219/3998/7413
f 1268/3997/7414 1257/4000/7415 1221/3999/7416
f 1238/4001/7417 1227/4003/7418 1225/4002/7419
f 1238/4001/7420 1269/4004/7421 1227/4003/7422
f 1269/4005/7423 1229/4007/7424 1227/4006/7425
f 1269/4005/7426 1270/4008/7427 1229/4007/7428
f 1270/4009/7429 1230/4011/7430 1229/4010/7431
f 1270/4009/7432 1271/4012/7433 1230/4011/7434
f 1271/4013/7435 1228/4015/7436 1230/4014/7437
f 1271/4013/7438 1272/4016/7439 1228/4015/7440
f 1272/4017/7441 1226/4019/7442 1228/4018/7443
f 1272/4017/7444 1263/4020/7445 1226/4019/7446
f 1263/4021/7447 1224/4023/7448 1226/4022/7449
f 1263/4021/7450 1250/4024/7451 1224/4023/7452
f 1273/4025/7453 1218/4027/7454 1220/4026/7455
f 1273/4025/7456 1274/4028/7457 1218/4027/7458
f 1274/4029/7459 1217/4031/7460 1218/4030/7461
f 1274/4029/7462 1275/4032/7463 1217/4031/7464
f 1275/4033/7465 1216/4035/7466 1217/4034/7467
f 1275/4033/7468 1267/4036/7469 1216/4035/7470
g default
v 0.434769 467.561014 1062.502950
v -0.587982 472.694101 1071.017169
v 2.025483 467.532295 1063.428502
v -2.028838 472.720102 1070.178805
v -0.898788 468.086893 1061.352865
v -3.236770 473.196451 1069.137056
v -1.744597 469.019051 1060.177084
v -4.002913 474.040780 1068.072054
v -1.956420 470.196236 1059.178929
v -4.194777 475.107095 1067.167926
v 0.836686 473.122934 1071.507174
v 3.598313 468.005716 1063.969471
v 1.998796 473.932443 1071.564105
v 4.881287 468.899422 1064.032320
v 2.697434 474.982675 1071.178118
v 5.652588 470.058907 1063.606190
v 2.811784 476.092050 1070.415941
v 5.778839 471.283638 1062.764745
v 2.322099 477.068704 1069.409381
v 5.238206 472.361856 1061.653507
v 1.313005 477.743783 1068.332476
v 4.124176 473.107156 1060.464588
v -0.040969 478.000589 1067.371417
v 2.629380 473.390664 1059.403585
v -1.505751 477.794656 1066.692401
v 1.012268 473.163339 1058.653951
v -2.828032 477.161660 1066.412813
v -0.447525 472.464487 1058.345296
v -3.779189 476.211007 1066.581026
v -1.497619 471.414986 1058.530995
v -19.706481 514.977883 1130.990053
v -19.447188 514.460732 1131.523012
v -19.507735 513.873330 1131.926577
v -19.877654 513.317238 1132.130954
v -20.240775 515.335366 1130.419833
v -20.492987 512.888649 1132.100817
v -20.957702 515.471291 1129.910983
v -21.247328 512.661599 1131.841357
v -21.733283 515.362282 1129.551425
v -22.010260 512.675332 1131.397463
v -22.433417 515.027077 1129.403415
v -22.649840 512.927590 1130.845859
v -22.937056 514.523781 1129.492465
v -23.055511 513.374611 1130.281955
v -23.157096 513.939248 1129.803225
v -6.663436 486.291481 1088.642108
v -5.487746 486.270241 1089.326159
v -4.325286 486.620156 1089.725985
v -3.377059 487.280678 1089.772448
v -10.645255 496.646706 1106.429171
v -11.475997 496.068032 1106.388477
v -2.806990 488.137642 1089.457492
v -10.145835 497.397469 1106.153246
v -2.713683 489.042824 1088.835605
v -3.113265 489.839730 1088.014285
v -3.936629 490.390572 1087.135577
v -5.041426 490.600105 1086.351398
v -6.236602 490.432106 1085.797351
v -7.315536 489.915596 1085.569217
v -8.091643 489.139901 1085.706470
v -14.775633 498.275551 1102.867022
v -14.095702 498.955116 1102.746798
v -8.430739 488.239144 1086.185367
v -8.274184 487.369088 1086.923083
v -7.649047 486.680153 1087.792087
v -13.524405 495.780068 1105.438891
v -12.494407 495.761482 1106.038195
v -10.064086 498.190499 1105.608416
v -10.414153 498.888649 1104.888873
v -11.135489 499.371254 1104.119052
v -12.103385 499.554817 1103.432040
v -13.150466 499.407601 1102.946643
v -15.072715 497.486397 1103.286578
v -14.935561 496.724160 1103.932879
v -14.387892 496.120583 1104.694201
vt 0.072074 0.001992
vt 0.088491 0.113636
vt 0.092806 0.001992
vt 0.069713 0.113636
vt 0.047008 0.001992
vt 0.047008 0.113636
vt 0.021942 0.001992
vt 0.024303 0.113636
vt 0.001210 0.001992
vt 0.005524 0.113636
vt 0.195369 0.998008
vt 0.191548 0.886365
vt 0.171446 0.886365
vt 0.173176 0.998008
vt 0.148361 0.886365
vt 0.147691 0.998008
vt 0.126285 0.886365
vt 0.123319 0.998008
vt 0.202552 0.001992
vt 0.207579 0.113636
vt 0.223111 0.113636
vt 0.219699 0.001992
vt 0.244317 0.113636
vt 0.243109 0.001992
vt 0.267529 0.113636
vt 0.268736 0.001992
vt 0.288734 0.113636
vt 0.292146 0.001992
vt 0.304266 0.113636
vt 0.309293 0.001992
vt 0.339240 0.001992
vt 0.342206 0.113636
vt 0.364282 0.113636
vt 0.363612 0.001992
vt 0.387367 0.113636
vt 0.389097 0.001992
vt 0.407469 0.113636
vt 0.411290 0.001992
vt 0.447940 0.009911
vt 0.428896 0.027058
vt 0.418473 0.050469
vt 0.472312 0.001992
vt 0.418473 0.076095
vt 0.497797 0.004671
vt 0.428896 0.099505
vt 0.519990 0.017484
vt 0.447940 0.116652
vt 0.535053 0.038216
vt 0.472312 0.124571
vt 0.540381 0.063282
vt 0.497797 0.121893
vt 0.535053 0.088348
vt 0.519990 0.109080
vt 0.547657 0.037532
vt 0.552656 0.048760
vt 0.561789 0.056984
vt 0.573478 0.060782
vt 0.547657 0.025242
vt 0.585701 0.059498
vt 0.552656 0.014014
vt 0.596345 0.053352
vt 0.561789 0.005790
vt 0.603570 0.043409
vt 0.573478 0.001992
vt 0.606125 0.031387
vt 0.585701 0.003277
vt 0.603570 0.019365
vt 0.596345 0.009422
vt 0.069713 0.113636
vt 0.063818 0.383323
vt 0.079141 0.383323
vt 0.088491 0.113636
vt 0.191548 0.886365
vt 0.152456 0.616677
vt 0.136054 0.616677
vt 0.171446 0.886365
vt 0.171446 0.886365
vt 0.117218 0.616677
vt 0.148361 0.886365
vt 0.136054 0.616677
vt 0.150199 0.376755
vt 0.166701 0.376755
vt 0.151393 0.001992
vt 0.163616 0.001992
vt 0.148361 0.886365
vt 0.099205 0.616677
vt 0.126285 0.886365
vt 0.117218 0.616677
vt 0.134418 0.376755
vt 0.150199 0.376755
vt 0.139704 0.001992
vt 0.151393 0.001992
vt 0.207579 0.113636
vt 0.218193 0.383323
vt 0.230866 0.383323
vt 0.223111 0.113636
vt 0.223111 0.113636
vt 0.230866 0.383323
vt 0.248168 0.383323
vt 0.244317 0.113636
vt 0.244317 0.113636
vt 0.248168 0.383323
vt 0.267108 0.383323
vt 0.267529 0.113636
vt 0.267529 0.113636
vt 0.267108 0.383323
vt 0.284411 0.383323
vt 0.288734 0.113636
vt 0.288734 0.113636
vt 0.284411 0.383323
vt 0.297084 0.383323
vt 0.304266 0.113636
vt 0.342206 0.113636
vt 0.315126 0.383323
vt 0.333139 0.383323
vt 0.364282 0.113636
vt 0.364282 0.113636
vt 0.351975 0.383323
vt 0.387367 0.113636
vt 0.333139 0.383323
vt 0.382622 0.623245
vt 0.366120 0.623245
vt 0.379538 0.998008
vt 0.367314 0.998008
vt 0.387367 0.113636
vt 0.351975 0.383323
vt 0.368378 0.383323
vt 0.407469 0.113636
vt 0.005524 0.113636
vt 0.011443 0.383323
vt 0.026766 0.383323
vt 0.024303 0.113636
vt 0.024303 0.113636
vt 0.026766 0.383323
vt 0.045292 0.383323
vt 0.047008 0.113636
vt 0.047008 0.113636
vt 0.045292 0.383323
vt 0.063818 0.383323
vt 0.069713 0.113636
vt 0.063818 0.383323
vt 0.063238 0.623245
vt 0.076662 0.623245
vt 0.079141 0.383323
vt 0.152456 0.616677
vt 0.181071 0.376755
vt 0.166701 0.376755
vt 0.136054 0.616677
vt 0.218193 0.383323
vt 0.221365 0.623245
vt 0.232468 0.623245
vt 0.230866 0.383323
vt 0.230866 0.383323
vt 0.232468 0.623245
vt 0.247626 0.623245
vt 0.248168 0.383323
vt 0.248168 0.383323
vt 0.247626 0.623245
vt 0.264219 0.623245
vt 0.267108 0.383323
vt 0.267108 0.383323
vt 0.264219 0.623245
vt 0.279378 0.623245
vt 0.284411 0.383323
vt 0.284411 0.383323
vt 0.279378 0.623245
vt 0.290480 0.623245
vt 0.297084 0.383323
vt 0.315126 0.383323
vt 0.366120 0.623245
vt 0.333139 0.383323
vt 0.350339 0.623245
vt 0.367314 0.998008
vt 0.355625 0.998008
vt 0.351975 0.383323
vt 0.382622 0.623245
vt 0.396992 0.623245
vt 0.368378 0.383323
vt 0.011443 0.383323
vt 0.017353 0.623245
vt 0.030777 0.623245
vt 0.026766 0.383323
vt 0.026766 0.383323
vt 0.030777 0.623245
vt 0.047008 0.623245
vt 0.045292 0.383323
vt 0.045292 0.383323
vt 0.047008 0.623245
vt 0.063238 0.623245
vt 0.063818 0.383323
vt 0.063238 0.623245
vt 0.059030 0.998008
vt 0.068973 0.998008
vt 0.076662 0.623245
vt 0.181071 0.376755
vt 0.174260 0.001992
vt 0.163616 0.001992
vt 0.166701 0.376755
vt 0.221365 0.623245
vt 0.230325 0.998008
vt 0.238549 0.998008
vt 0.232468 0.623245
vt 0.232468 0.623245
vt 0.238549 0.998008
vt 0.249777 0.998008
vt 0.247626 0.623245
vt 0.247626 0.623245
vt 0.249777 0.998008
vt 0.262068 0.998008
vt 0.264219 0.623245
vt 0.264219 0.623245
vt 0.262068 0.998008
vt 0.273296 0.998008
vt 0.279378 0.623245
vt 0.279378 0.623245
vt 0.273296 0.998008
vt 0.281520 0.998008
vt 0.290480 0.623245
vt 0.382622 0.623245
vt 0.379538 0.998008
vt 0.390182 0.998008
vt 0.396992 0.623245
vt 0.017353 0.623245
vt 0.025043 0.998008
vt 0.034986 0.998008
vt 0.030777 0.623245
vt 0.030777 0.623245
vt 0.034986 0.998008
vt 0.047008 0.998008
vt 0.047008 0.623245
vt 0.047008 0.623245
vt 0.047008 0.998008
vt 0.059030 0.998008
vt 0.063238 0.623245
vn -0.452653 -0.800525 0.392766
vn -0.142977 -0.840560 0.522510
vn -0.109947 -0.839037 0.532849
vn -0.452653 -0.800525 0.392766
vn -0.109947 -0.839037 0.532849
vn -0.421703 -0.809414 0.408675
vn -0.712647 -0.665259 0.222632
vn -0.452653 -0.800525 0.392766
vn -0.421703 -0.809414 0.408675
vn -0.712647 -0.665259 0.222632
vn -0.421703 -0.809414 0.408675
vn -0.687618 -0.684322 0.242661
vn -0.907531 -0.419919 0.007511
vn -0.712647 -0.665259 0.222632
vn -0.687618 -0.684322 0.242661
vn -0.907531 -0.419919 0.007511
vn -0.687618 -0.684322 0.242661
vn -0.894602 -0.445998 0.027797
vn -0.969436 -0.051687 -0.239838
vn -0.907531 -0.419919 0.007511
vn -0.894602 -0.445998 0.027797
vn -0.969436 -0.051687 -0.239838
vn -0.894602 -0.445998 0.027797
vn -0.970887 -0.069691 -0.229177
vn -0.142977 -0.840560 0.522510
vn 0.251513 -0.755449 0.605011
vn -0.109947 -0.839037 0.532849
vn -0.142977 -0.840560 0.522510
vn 0.222470 -0.766812 0.602085
vn 0.251513 -0.755449 0.605011
vn 0.222470 -0.766812 0.602085
vn 0.629410 -0.512988 0.583683
vn 0.251513 -0.755449 0.605011
vn 0.222470 -0.766812 0.602085
vn 0.616003 -0.525458 0.586885
vn 0.629410 -0.512988 0.583683
vn 0.616003 -0.525458 0.586885
vn 0.897612 -0.115454 0.425397
vn 0.629410 -0.512988 0.583683
vn 0.616003 -0.525458 0.586885
vn 0.899503 -0.110278 0.422769
vn 0.897612 -0.115454 0.425397
vn 0.899503 -0.110278 0.422769
vn 0.937778 0.299746 0.175283
vn 0.897612 -0.115454 0.425397
vn 0.899503 -0.110278 0.422769
vn 0.933447 0.320900 0.160309
vn 0.937778 0.299746 0.175283
vn 0.933447 0.320900 0.160309
vn 0.794139 0.603929 -0.067919
vn 0.937778 0.299746 0.175283
vn 0.933447 0.320900 0.160309
vn 0.776082 0.624569 -0.087233
vn 0.794139 0.603929 -0.067919
vn 0.776082 0.624569 -0.087233
vn 0.560325 0.785508 -0.262704
vn 0.794139 0.603929 -0.067919
vn 0.776082 0.624569 -0.087233
vn 0.532689 0.798556 -0.280269
vn 0.560325 0.785508 -0.262704
vn 0.532689 0.798556 -0.280269
vn 0.275301 0.869240 -0.410648
vn 0.560325 0.785508 -0.262704
vn 0.532689 0.798556 -0.280269
vn 0.241480 0.872843 -0.424066
vn 0.275301 0.869240 -0.410648
vn 0.241480 0.872843 -0.424066
vn -0.061593 0.856365 -0.512685
vn 0.275301 0.869240 -0.410648
vn 0.241480 0.872843 -0.424066
vn -0.097396 0.848855 -0.519575
vn -0.061593 0.856365 -0.512685
vn -0.097396 0.848855 -0.519575
vn -0.448592 0.708450 -0.544853
vn -0.061593 0.856365 -0.512685
vn -0.097396 0.848855 -0.519575
vn -0.474944 0.692327 -0.543241
vn -0.448592 0.708450 -0.544853
vn -0.474944 0.692327 -0.543241
vn -0.808196 0.376128 -0.453152
vn -0.448592 0.708450 -0.544853
vn -0.474944 0.692327 -0.543241
vn -0.812656 0.369610 -0.450533
vn -0.808196 0.376128 -0.453152
vn -0.812656 0.369610 -0.450533
vn -0.970887 -0.069691 -0.229177
vn -0.808196 0.376128 -0.453152
vn -0.812656 0.369610 -0.450533
vn -0.969436 -0.051687 -0.239838
vn -0.970887 -0.069691 -0.229177
vn 0.414645 -0.543948 -0.729514
vn 0.414645 -0.543948 -0.729514
vn 0.414645 -0.543948 -0.729514
vn 0.414645 -0.543948 -0.729514
vn 0.414645 -0.543948 -0.729514
vn 0.414645 -0.543948 -0.729514
vn 0.414645 -0.543948 -0.729514
vn 0.414645 -0.543948 -0.729514
vn 0.414645 -0.543948 -0.729514
vn 0.414645 -0.543948 -0.729514
vn 0.414645 -0.543948 -0.729514
vn 0.414645 -0.543948 -0.729514
vn 0.414645 -0.543948 -0.729514
vn 0.414645 -0.543948 -0.729514
vn 0.414645 -0.543948 -0.729514
vn 0.414645 -0.543948 -0.729514
vn 0.414645 -0.543948 -0.729514
vn 0.414645 -0.543948 -0.729514
vn 0.414645 -0.543948 -0.729514
vn 0.414645 -0.543948 -0.729514
vn 0.414645 -0.543948 -0.729514
vn 0.414645 -0.543948 -0.729514
vn 0.414645 -0.543948 -0.729514
vn 0.414645 -0.543948 -0.729514
vn 0.414645 -0.543948 -0.729514
vn 0.414645 -0.543948 -0.729514
vn 0.414645 -0.543948 -0.729514
vn 0.414645 -0.543948 -0.729514
vn 0.414645 -0.543948 -0.729514
vn 0.414645 -0.543948 -0.729514
vn 0.414645 -0.543948 -0.729514
vn 0.414645 -0.543948 -0.729514
vn 0.414645 -0.543948 -0.729514
vn 0.414645 -0.543948 -0.729514
vn 0.414645 -0.543948 -0.729514
vn 0.414645 -0.543948 -0.729514
vn 0.414645 -0.543948 -0.729514
vn 0.414645 -0.543948 -0.729514
vn 0.414645 -0.543948 -0.729514
vn -0.414640 0.543950 0.729515
vn -0.414640 0.543950 0.729515
vn -0.414640 0.543950 0.729515
vn -0.414640 0.543950 0.729515
vn -0.414640 0.543950 0.729515
vn -0.414640 0.543950 0.729515
vn -0.414640 0.543950 0.729515
vn -0.414640 0.543950 0.729515
vn -0.414640 0.543950 0.729515
vn -0.414640 0.543950 0.729515
vn -0.414640 0.543950 0.729515
vn -0.414640 0.543950 0.729515
vn -0.414640 0.543950 0.729515
vn -0.414640 0.543950 0.729515
vn -0.414640 0.543950 0.729515
vn -0.414640 0.543950 0.729515
vn -0.414640 0.543950 0.729515
vn -0.414640 0.543950 0.729515
vn -0.414640 0.543950 0.729515
vn -0.414640 0.543950 0.729515
vn -0.414640 0.543950 0.729515
vn -0.414640 0.543950 0.729515
vn -0.414640 0.543950 0.729515
vn -0.414640 0.543950 0.729515
vn -0.414640 0.543950 0.729515
vn -0.414640 0.543950 0.729515
vn -0.414640 0.543950 0.729515
vn -0.414640 0.543950 0.729515
vn -0.414640 0.543950 0.729515
vn -0.414640 0.543950 0.729515
vn -0.414640 0.543950 0.729515
vn -0.414640 0.543950 0.729515
vn -0.414640 0.543950 0.729515
vn -0.414640 0.543950 0.729515
vn -0.414640 0.543950 0.729515
vn -0.414640 0.543950 0.729515
vn -0.414640 0.543950 0.729515
vn -0.414640 0.543950 0.729515
vn -0.414640 0.543950 0.729515
vn -0.311630 -0.801264 0.510748
vn -0.311630 -0.801264 0.510748
vn -0.311630 -0.801264 0.510748
vn -0.311630 -0.801264 0.510748
vn -0.311630 -0.801264 0.510748
vn -0.311630 -0.801264 0.510748
vn 0.033609 -0.798481 0.601081
vn 0.033609 -0.798481 0.601081
vn 0.033609 -0.798481 0.601081
vn 0.033609 -0.798481 0.601081
vn 0.033609 -0.798481 0.601081
vn 0.033609 -0.798481 0.601081
vn 0.431262 -0.662214 0.612769
vn 0.431262 -0.662214 0.612769
vn 0.431262 -0.662214 0.612769
vn 0.431262 -0.662214 0.612769
vn 0.431262 -0.662214 0.612769
vn 0.431262 -0.662214 0.612769
vn 0.431262 -0.662214 0.612769
vn 0.431262 -0.662214 0.612769
vn 0.446897 -0.682252 0.578633
vn 0.431262 -0.662214 0.612769
vn 0.446897 -0.682252 0.578633
vn 0.446897 -0.682252 0.578633
vn 0.446897 -0.682252 0.578633
vn 0.446897 -0.682252 0.578633
vn 0.439749 -0.673128 0.594576
vn 0.446897 -0.682252 0.578633
vn 0.439749 -0.673128 0.594576
vn 0.439749 -0.673128 0.594576
vn 0.797405 -0.349696 0.491790
vn 0.797405 -0.349697 0.491790
vn 0.797405 -0.349697 0.491790
vn 0.797405 -0.349696 0.491790
vn 0.797405 -0.349697 0.491790
vn 0.797405 -0.349697 0.491790
vn 0.797405 -0.349697 0.491790
vn 0.797405 -0.349697 0.491790
vn 0.784193 -0.328108 0.526674
vn 0.797405 -0.349697 0.491790
vn 0.784193 -0.328108 0.526674
vn 0.784193 -0.328108 0.526674
vn 0.784193 -0.328108 0.526674
vn 0.784193 -0.328108 0.526674
vn 0.792285 -0.341129 0.505881
vn 0.784193 -0.328108 0.526674
vn 0.792285 -0.341129 0.505881
vn 0.792285 -0.341129 0.505881
vn 0.967691 0.067211 0.243017
vn 0.967691 0.067211 0.243017
vn 0.967691 0.067211 0.243017
vn 0.967691 0.067211 0.243017
vn 0.967691 0.067211 0.243017
vn 0.967691 0.067211 0.243017
vn 0.904681 0.425197 -0.027567
vn 0.904681 0.425197 -0.027567
vn 0.904681 0.425197 -0.027567
vn 0.904681 0.425197 -0.027567
vn 0.904681 0.425197 -0.027567
vn 0.904681 0.425197 -0.027567
vn 0.707341 0.662021 -0.247784
vn 0.707341 0.662021 -0.247784
vn 0.707341 0.662021 -0.247784
vn 0.707341 0.662021 -0.247784
vn 0.707341 0.662021 -0.247784
vn 0.707341 0.662021 -0.247784
vn 0.443281 0.796209 -0.411769
vn 0.443281 0.796209 -0.411769
vn 0.443281 0.796209 -0.411769
vn 0.443281 0.796209 -0.411769
vn 0.443281 0.796209 -0.411769
vn 0.443281 0.796209 -0.411769
vn 0.125340 0.841466 -0.525570
vn 0.125340 0.841466 -0.525570
vn 0.125340 0.841466 -0.525570
vn 0.125340 0.841466 -0.525570
vn 0.125340 0.841466 -0.525570
vn 0.125340 0.841466 -0.525570
vn -0.250437 0.777782 -0.576487
vn -0.250437 0.777782 -0.576487
vn -0.250437 0.777782 -0.576487
vn -0.250437 0.777782 -0.576487
vn -0.250437 0.777782 -0.576487
vn -0.250437 0.777782 -0.576487
vn -0.647532 0.555569 -0.521580
vn -0.647532 0.555569 -0.521580
vn -0.647531 0.555569 -0.521580
vn -0.647532 0.555569 -0.521580
vn -0.647531 0.555569 -0.521580
vn -0.647532 0.555569 -0.521580
vn -0.647532 0.555569 -0.521580
vn -0.647531 0.555569 -0.521580
vn -0.640818 0.545610 -0.540057
vn -0.647532 0.555569 -0.521580
vn -0.640818 0.545610 -0.540057
vn -0.640818 0.545610 -0.540057
vn -0.640818 0.545610 -0.540057
vn -0.640818 0.545610 -0.540057
vn -0.643521 0.549665 -0.532682
vn -0.640818 0.545610 -0.540057
vn -0.643521 0.549665 -0.532682
vn -0.643521 0.549665 -0.532682
vn -0.928361 0.175235 -0.327779
vn -0.928361 0.175235 -0.327779
vn -0.928361 0.175235 -0.327779
vn -0.928361 0.175235 -0.327779
vn -0.928361 0.175235 -0.327779
vn -0.928361 0.175235 -0.327779
vn -0.972219 -0.226145 -0.060398
vn -0.972219 -0.226145 -0.060398
vn -0.972219 -0.226145 -0.060398
vn -0.972219 -0.226145 -0.060398
vn -0.972219 -0.226145 -0.060398
vn -0.972219 -0.226145 -0.060398
vn -0.831630 -0.524512 0.182425
vn -0.831630 -0.524512 0.182424
vn -0.831630 -0.524512 0.182424
vn -0.831630 -0.524512 0.182425
vn -0.831630 -0.524512 0.182424
vn -0.831630 -0.524512 0.182424
vn -0.599527 -0.709254 0.370844
vn -0.599527 -0.709254 0.370844
vn -0.599527 -0.709254 0.370844
vn -0.599527 -0.709254 0.370844
vn -0.599527 -0.709255 0.370844
vn -0.599527 -0.709254 0.370844
vn -0.247484 -0.883402 0.397935
vn -0.247484 -0.883402 0.397935
vn -0.247484 -0.883402 0.397935
vn -0.247484 -0.883402 0.397935
vn -0.247484 -0.883402 0.397935
vn -0.247484 -0.883402 0.397935
vn 0.078720 -0.852321 0.517061
vn 0.078720 -0.852321 0.517061
vn 0.078720 -0.852321 0.517061
vn 0.078720 -0.852321 0.517061
vn 0.078720 -0.852321 0.517061
vn 0.078720 -0.852321 0.517061
vn 0.932455 0.134313 0.335392
vn 0.932455 0.134313 0.335392
vn 0.932455 0.134312 0.335392
vn 0.932455 0.134313 0.335392
vn 0.932455 0.134312 0.335392
vn 0.932455 0.134313 0.335392
vn 0.850216 0.518741 0.089670
vn 0.850216 0.518741 0.089670
vn 0.850216 0.518741 0.089670
vn 0.850216 0.518741 0.089670
vn 0.850216 0.518741 0.089670
vn 0.850216 0.518741 0.089670
vn 0.642004 0.756002 -0.127635
vn 0.642004 0.756002 -0.127635
vn 0.642004 0.756002 -0.127635
vn 0.642004 0.756002 -0.127635
vn 0.642004 0.756002 -0.127635
vn 0.642004 0.756002 -0.127635
vn 0.379832 0.874561 -0.301448
vn 0.379832 0.874561 -0.301448
vn 0.379832 0.874561 -0.301448
vn 0.379832 0.874561 -0.301448
vn 0.379832 0.874561 -0.301448
vn 0.379832 0.874561 -0.301448
vn 0.077013 0.895777 -0.437782
vn 0.077013 0.895777 -0.437782
vn 0.077013 0.895777 -0.437782
vn 0.077013 0.895777 -0.437782
vn 0.077013 0.895777 -0.437782
vn 0.077013 0.895777 -0.437782
vn -0.272340 0.803025 -0.530077
vn -0.272340 0.803025 -0.530077
vn -0.272340 0.803025 -0.530077
vn -0.272340 0.803025 -0.530077
vn -0.272340 0.803025 -0.530077
vn -0.272340 0.803025 -0.530077
vn -0.272340 0.803025 -0.530077
vn -0.272340 0.803025 -0.530077
vn -0.259909 0.788853 -0.556919
vn -0.272340 0.803025 -0.530077
vn -0.259909 0.788853 -0.556919
vn -0.259909 0.788853 -0.556919
vn -0.902101 0.119082 -0.414769
vn -0.902101 0.119082 -0.414769
vn -0.902101 0.119082 -0.414769
vn -0.902101 0.119082 -0.414769
vn -0.902101 0.119082 -0.414769
vn -0.902101 0.119082 -0.414769
vn -0.927777 -0.323943 -0.185177
vn -0.927777 -0.323943 -0.185177
vn -0.927777 -0.323943 -0.185177
vn -0.927777 -0.323943 -0.185177
vn -0.927777 -0.323943 -0.185177
vn -0.927777 -0.323943 -0.185177
vn -0.769555 -0.636712 0.048820
vn -0.769555 -0.636712 0.048820
vn -0.769555 -0.636712 0.048820
vn -0.769555 -0.636712 0.048820
vn -0.769555 -0.636712 0.048820
vn -0.769555 -0.636712 0.048820
vn -0.529778 -0.812674 0.242686
vn -0.529778 -0.812674 0.242686
vn -0.529778 -0.812674 0.242686
vn -0.529778 -0.812674 0.242686
vn -0.529778 -0.812674 0.242686
vn -0.529778 -0.812674 0.242686
vn -0.281221 -0.843729 0.457206
vn -0.281221 -0.843729 0.457206
vn -0.281221 -0.843729 0.457206
vn -0.281221 -0.843729 0.457206
vn -0.281221 -0.843729 0.457206
vn -0.281221 -0.843729 0.457206
vn 0.056041 -0.826401 0.560287
vn 0.056041 -0.826401 0.560287
vn 0.056041 -0.826401 0.560287
vn 0.056041 -0.826401 0.560287
vn 0.056041 -0.826401 0.560287
vn 0.056041 -0.826401 0.560287
vn 0.953782 0.097073 0.284387
vn 0.953782 0.097073 0.284387
vn 0.953782 0.097073 0.284388
vn 0.953782 0.097073 0.284387
vn 0.953782 0.097073 0.284387
vn 0.953782 0.097073 0.284387
vn 0.882926 0.468827 0.025349
vn 0.882926 0.468827 0.025349
vn 0.882926 0.468827 0.025349
vn 0.882926 0.468827 0.025349
vn 0.882926 0.468827 0.025349
vn 0.882926 0.468827 0.025349
vn 0.679974 0.707155 -0.193820
vn 0.679975 0.707155 -0.193820
vn 0.679975 0.707155 -0.193820
vn 0.679974 0.707155 -0.193820
vn 0.679975 0.707155 -0.193820
vn 0.679975 0.707155 -0.193820
vn 0.415507 0.834224 -0.362524
vn 0.415507 0.834224 -0.362525
vn 0.415507 0.834224 -0.362525
vn 0.415507 0.834224 -0.362524
vn 0.415507 0.834224 -0.362524
vn 0.415507 0.834224 -0.362525
vn 0.103702 0.867385 -0.486713
vn 0.103702 0.867385 -0.486713
vn 0.103702 0.867385 -0.486713
vn 0.103702 0.867385 -0.486713
vn 0.103702 0.867385 -0.486713
vn 0.103702 0.867385 -0.486713
vn -0.916722 0.147766 -0.371195
vn -0.916722 0.147766 -0.371195
vn -0.916722 0.147766 -0.371195
vn -0.916722 0.147766 -0.371195
vn -0.916722 0.147766 -0.371195
vn -0.916722 0.147766 -0.371195
vn -0.954085 -0.274095 -0.120806
vn -0.954085 -0.274095 -0.120806
vn -0.954085 -0.274095 -0.120806
vn -0.954085 -0.274095 -0.120806
vn -0.954085 -0.274095 -0.120806
vn -0.954085 -0.274095 -0.120806
vn -0.805305 -0.580826 0.118848
vn -0.805305 -0.580826 0.118848
vn -0.805305 -0.580826 0.118848
vn -0.805305 -0.580826 0.118848
vn -0.805305 -0.580826 0.118848
vn -0.805305 -0.580826 0.118848
vn -0.568195 -0.762147 0.310302
vn -0.568195 -0.762147 0.310302
vn -0.568195 -0.762147 0.310302
vn -0.568195 -0.762147 0.310302
vn -0.568195 -0.762147 0.310302
vn -0.568195 -0.762147 0.310302
s off
g cherry_tree group1 pCylinder17
usemtl pCylinder2SG
f 1276/4037/7471 1278/4039/7472 1277/4038/7473
f 1276/4037/7474 1277/4038/7475 1279/4040/7476
f 1280/4041/7477 1276/4037/7478 1279/4040/7479
f 1280/4041/7480 1279/4040/7481 1281/4042/7482
f 1282/4043/7483 1280/4041/7484 1281/4042/7485
f 1282/4043/7486 1281/4042/7487 1283/4044/7488
f 1284/4045/7489 1282/4043/7490 1283/4044/7491
f 1284/4045/7492 1283/4044/7493 1285/4046/7494
f 1278/4047/7495 1286/4049/7496 1277/4048/7497
f 1278/4047/7498 1287/4050/7499 1286/4049/7500
f 1287/4050/7501 1288/4051/7502 1286/4049/7503
f 1287/4050/7504 1289/4052/7505 1288/4051/7506
f 1289/4052/7507 1290/4053/7508 1288/4051/7509
f 1289/4052/7510 1291/4054/7511 1290/4053/7512
f 1291/4055/7513 1292/4057/7514 1290/4056/7515
f 1291/4055/7516 1293/4058/7517 1292/4057/7518
f 1293/4058/7519 1294/4059/7520 1292/4057/7521
f 1293/4058/7522 1295/4060/7523 1294/4059/7524
f 1295/4060/7525 1296/4061/7526 1294/4059/7527
f 1295/4060/7528 1297/4062/7529 1296/4061/7530
f 1297/4062/7531 1298/4063/7532 1296/4061/7533
f 1297/4062/7534 1299/4064/7535 1298/4063/7536
f 1299/4064/7537 1300/4065/7538 1298/4063/7539
f 1299/4064/7540 1301/4066/7541 1300/4065/7542
f 1301/4067/7543 1302/4069/7544 1300/4068/7545
f 1301/4067/7546 1303/4070/7547 1302/4069/7548
f 1303/4070/7549 1304/4071/7550 1302/4069/7551
f 1303/4070/7552 1305/4072/7553 1304/4071/7554
f 1305/4072/7555 1285/4073/7556 1304/4071/7557
f 1305/4072/7558 1284/4074/7559 1285/4073/7560
f 1291/4075/7561 1295/4077/7562 1293/4076/7563
f 1295/4077/7564 1291/4075/7565 1289/4078/7566
f 1295/4077/7567 1289/4078/7568 1297/4079/7569
f 1297/4079/7570 1289/4078/7571 1287/4080/7572
f 1297/4079/7573 1287/4080/7574 1299/4081/7575
f 1299/4081/7576 1287/4080/7577 1278/4082/7578
f 1299/4081/7579 1278/4082/7580 1301/4083/7581
f 1301/4083/7582 1278/4082/7583 1276/4084/7584
f 1301/4083/7585 1276/4084/7586 1303/4085/7587
f 1303/4085/7588 1276/4084/7589 1280/4086/7590
f 1303/4085/7591 1280/4086/7592 1305/4087/7593
f 1305/4087/7594 1280/4086/7595 1282/4088/7596
f 1305/4087/7597 1282/4088/7598 1284/4089/7599
f 1306/4090/7600 1308/4092/7601 1307/4091/7602
f 1308/4092/7603 1306/4090/7604 1309/4093/7605
f 1309/4093/7606 1306/4090/7607 1310/4094/7608
f 1309/4093/7609 1310/4094/7610 1311/4095/7611
f 1311/4095/7612 1310/4094/7613 1312/4096/7614
f 1311/4095/7615 1312/4096/7616 1313/4097/7617
f 1313/4097/7618 1312/4096/7619 1314/4098/7620
f 1313/4097/7621 1314/4098/7622 1315/4099/7623
f 1315/4099/7624 1314/4098/7625 1316/4100/7626
f 1315/4099/7627 1316/4100/7628 1317/4101/7629
f 1317/4101/7630 1316/4100/7631 1318/4102/7632
f 1317/4101/7633 1318/4102/7634 1319/4103/7635
f 1319/4103/7636 1318/4102/7637 1320/4104/7638
f 1279/4105/7639 1322/4107/7640 1321/4106/7641
f 1279/4105/7642 1277/4108/7643 1322/4107/7644
f 1277/4109/7645 1323/4111/7646 1322/4110/7647
f 1277/4109/7648 1286/4112/7649 1323/4111/7650
f 1286/4113/7651 1288/4115/7652 1324/4114/7653
f 1286/4113/7654 1324/4114/7655 1323/4116/7656
f 1323/4116/7657 1324/4114/7658 1325/4117/7659
f 1323/4116/7660 1325/4117/7661 1326/4118/7662
f 1326/4118/7663 1325/4117/7664 1309/4119/7665
f 1326/4118/7666 1309/4119/7667 1311/4120/7668
f 1288/4121/7669 1290/4123/7670 1327/4122/7671
f 1288/4121/7672 1327/4122/7673 1324/4124/7674
f 1324/4124/7675 1327/4122/7676 1328/4125/7677
f 1324/4124/7678 1328/4125/7679 1325/4126/7680
f 1325/4126/7681 1328/4125/7682 1308/4127/7683
f 1325/4126/7684 1308/4127/7685 1309/4128/7686
f 1290/4129/7687 1329/4131/7688 1327/4130/7689
f 1290/4129/7690 1292/4132/7691 1329/4131/7692
f 1292/4133/7693 1330/4135/7694 1329/4134/7695
f 1292/4133/7696 1294/4136/7697 1330/4135/7698
f 1294/4137/7699 1331/4139/7700 1330/4138/7701
f 1294/4137/7702 1296/4140/7703 1331/4139/7704
f 1296/4141/7705 1332/4143/7706 1331/4142/7707
f 1296/4141/7708 1298/4144/7709 1332/4143/7710
f 1298/4145/7711 1333/4147/7712 1332/4146/7713
f 1298/4145/7714 1300/4148/7715 1333/4147/7716
f 1300/4149/7717 1334/4151/7718 1333/4150/7719
f 1300/4149/7720 1302/4152/7721 1334/4151/7722
f 1302/4153/7723 1304/4155/7724 1335/4154/7725
f 1302/4153/7726 1335/4154/7727 1334/4156/7728
f 1334/4156/7729 1335/4154/7730 1336/4157/7731
f 1334/4156/7732 1336/4157/7733 1337/4158/7734
f 1337/4158/7735 1336/4157/7736 1318/4159/7737
f 1337/4158/7738 1318/4159/7739 1316/4160/7740
f 1304/4161/7741 1338/4163/7742 1335/4162/7743
f 1304/4161/7744 1285/4164/7745 1338/4163/7746
f 1285/4165/7747 1339/4167/7748 1338/4166/7749
f 1285/4165/7750 1283/4168/7751 1339/4167/7752
f 1283/4169/7753 1340/4171/7754 1339/4170/7755
f 1283/4169/7756 1281/4172/7757 1340/4171/7758
f 1281/4173/7759 1321/4175/7760 1340/4174/7761
f 1281/4173/7762 1279/4176/7763 1321/4175/7764
f 1321/4177/7765 1342/4179/7766 1341/4178/7767
f 1321/4177/7768 1322/4180/7769 1342/4179/7770
f 1322/4181/7771 1326/4183/7772 1342/4182/7773
f 1322/4181/7774 1323/4184/7775 1326/4183/7776
f 1327/4185/7777 1343/4187/7778 1328/4186/7779
f 1327/4185/7780 1329/4188/7781 1343/4187/7782
f 1329/4189/7783 1344/4191/7784 1343/4190/7785
f 1329/4189/7786 1330/4192/7787 1344/4191/7788
f 1330/4193/7789 1345/4195/7790 1344/4194/7791
f 1330/4193/7792 1331/4196/7793 1345/4195/7794
f 1331/4197/7795 1346/4199/7796 1345/4198/7797
f 1331/4197/7798 1332/4200/7799 1346/4199/7800
f 1332/4201/7801 1347/4203/7802 1346/4202/7803
f 1332/4201/7804 1333/4204/7805 1347/4203/7806
f 1333/4205/7807 1334/4207/7808 1337/4206/7809
f 1333/4205/7810 1337/4206/7811 1347/4208/7812
f 1347/4208/7813 1337/4206/7814 1316/4209/7815
f 1347/4208/7816 1316/4209/7817 1314/4210/7818
f 1335/4211/7819 1348/4213/7820 1336/4212/7821
f 1335/4211/7822 1338/4214/7823 1348/4213/7824
f 1338/4215/7825 1349/4217/7826 1348/4216/7827
f 1338/4215/7828 1339/4218/7829 1349/4217/7830
f 1339/4219/7831 1350/4221/7832 1349/4220/7833
f 1339/4219/7834 1340/4222/7835 1350/4221/7836
f 1340/4223/7837 1341/4225/7838 1350/4224/7839
f 1340/4223/7840 1321/4226/7841 1341/4225/7842
f 1341/4227/7843 1313/4229/7844 1315/4228/7845
f 1341/4227/7846 1342/4230/7847 1313/4229/7848
f 1342/4231/7849 1311/4233/7850 1313/4232/7851
f 1342/4231/7852 1326/4234/7853 1311/4233/7854
f 1328/4235/7855 1307/4237/7856 1308/4236/7857
f 1328/4235/7858 1343/4238/7859 1307/4237/7860
f 1343/4239/7861 1306/4241/7862 1307/4240/7863
f 1343/4239/7864 1344/4242/7865 1306/4241/7866
f 1344/4243/7867 1310/4245/7868 1306/4244/7869
f 1344/4243/7870 1345/4246/7871 1310/4245/7872
f 1345/4247/7873 1312/4249/7874 1310/4248/7875
f 1345/4247/7876 1346/4250/7877 1312/4249/7878
f 1346/4251/7879 1314/4253/7880 1312/4252/7881
f 1346/4251/7882 1347/4254/7883 1314/4253/7884
f 1336/4255/7885 1320/4257/7886 1318/4256/7887
f 1336/4255/7888 1348/4258/7889 1320/4257/7890
f 1348/4259/7891 1319/4261/7892 1320/4260/7893
f 1348/4259/7894 1349/4262/7895 1319/4261/7896
f 1349/4263/7897 1317/4265/7898 1319/4264/7899
f 1349/4263/7900 1350/4266/7901 1317/4265/7902
f 1350/4267/7903 1315/4269/7904 1317/4268/7905
f 1350/4267/7906 1341/4270/7907 1315/4269/7908
g default
v -231.560203 431.337987 912.739545
v -237.966431 438.498937 917.673107
v -229.985169 432.226874 913.077158
v -239.393113 437.693761 917.367314
v -233.101981 430.854650 911.904760
v -240.789666 437.255988 916.611180
v -234.343934 430.860509 910.717175
v -241.914583 437.261298 915.535445
v -235.071275 431.354498 909.382097
v -242.573433 437.708746 914.326155
v -236.756370 439.532294 917.475746
v -228.649217 433.367682 912.859235
v -235.972078 440.615148 916.809288
v -227.783358 434.563178 912.123476
v -235.749161 441.560216 915.788979
v -227.537308 435.606574 910.997070
v -236.126253 442.204169 914.591276
v -227.953582 436.317450 909.674809
v -237.038057 442.435582 913.423240
v -228.960223 436.572972 908.385285
v -238.326973 442.214484 912.486860
v -230.383187 436.328893 907.351518
v -239.770096 441.579137 911.944006
v -231.976405 435.627448 906.752214
v -241.117928 440.639349 911.888586
v -233.464427 434.589911 906.691047
v -242.137422 439.557653 912.330163
v -234.589920 433.395665 907.178535
v -242.652244 438.521002 913.192370
v -235.158311 432.251227 908.130422
v -319.907628 501.408391 953.757446
v -319.579782 501.756199 953.615443
v -319.146398 502.058384 953.633265
v -318.682365 502.262668 953.807822
v -320.073126 501.075046 954.034679
v -318.267921 502.333774 954.108921
v -320.047814 500.813877 954.399247
v -317.974723 502.259372 954.484474
v -319.835944 500.669988 954.788097
v -317.853493 502.052280 954.869613
v -319.474235 500.668308 955.133983
v -317.925148 501.748418 955.197672
v -319.025182 500.809055 955.377115
v -318.177345 501.400241 955.411971
v -318.566476 501.067966 955.475453
v -257.510460 454.373785 927.580136
v -256.346367 455.030767 927.829659
v -255.358986 455.873936 927.668607
v -254.719048 456.757482 927.124816
v -272.731514 468.396398 938.582234
v -273.292183 467.622320 939.058663
v -299.684653 488.846531 954.643194
v -300.099953 488.273228 954.996085
v -254.537178 457.528631 926.292298
v -272.572181 469.071996 937.852879
v -299.566642 489.346929 954.102981
v -254.844842 458.054052 925.315024
v -255.588853 458.242925 924.361957
v -256.640572 458.062536 923.597924
v -257.818054 457.544072 923.154965
v -258.917854 456.777257 923.109758
v -259.749672 455.894566 923.470044
v -260.169777 455.048772 924.173581
v -277.506828 466.899389 935.996712
v -277.138786 467.640416 935.380349
v -303.221747 487.737705 952.728092
v -302.949179 488.286594 952.271567
v -260.105462 454.385992 925.098685
v -259.567879 454.020909 926.085420
v -258.649994 454.016545 926.963174
v -275.177070 466.308080 938.981156
v -274.157204 466.883611 939.199750
v -272.841728 469.532262 936.996701
v -273.493538 469.697728 936.161732
v -274.414894 469.539708 935.492352
v -275.446556 469.085485 935.104325
v -276.410042 468.413701 935.064701
v -302.409340 488.859348 952.037734
v -277.450477 466.318731 936.807179
v -303.180031 487.307651 953.328418
v -276.979530 465.998907 937.671647
v -276.175377 465.995092 938.440640
v -301.496071 487.299688 954.938685
v -300.740700 487.726047 955.100616
v -299.766274 489.687932 953.468772
v -300.249106 489.810430 952.850342
v -300.931557 489.693364 952.354522
v -301.695671 489.357000 952.067081
v -302.831183 487.070684 953.968741
v -302.235541 487.067936 954.538311
vt 0.131394 0.001992
vt 0.145177 0.095723
vt 0.148799 0.001992
vt 0.129411 0.095723
vt 0.110349 0.001992
vt 0.110349 0.095724
vt 0.089305 0.001992
vt 0.091287 0.095723
vt 0.071899 0.001992
vt 0.075521 0.095723
vt 0.380988 0.998008
vt 0.377780 0.904277
vt 0.360903 0.904276
vt 0.362356 0.998008
vt 0.341522 0.904276
vt 0.340959 0.998008
vt 0.322988 0.904276
vt 0.320497 0.998007
vt 0.387046 0.001992
vt 0.391267 0.095723
vt 0.404307 0.095723
vt 0.401442 0.001992
vt 0.422110 0.095723
vt 0.421097 0.001992
vt 0.441598 0.095723
vt 0.442611 0.001992
vt 0.459401 0.095723
vt 0.462266 0.001992
vt 0.472441 0.095723
vt 0.476662 0.001992
vt 0.204711 0.001993
vt 0.207201 0.095723
vt 0.225735 0.095724
vt 0.225172 0.001992
vt 0.245116 0.095723
vt 0.246569 0.001992
vt 0.261993 0.095723
vt 0.265201 0.001992
vt 0.663554 0.083860
vt 0.679543 0.098256
vt 0.700005 0.104904
vt 0.654804 0.064206
vt 0.721401 0.102656
vt 0.654804 0.042691
vt 0.740033 0.091898
vt 0.663555 0.023037
vt 0.752679 0.074493
vt 0.679543 0.008640
vt 0.757152 0.053448
vt 0.700004 0.001992
vt 0.752679 0.032404
vt 0.721401 0.004241
vt 0.740033 0.014998
vt 0.563036 0.001992
vt 0.557077 0.003928
vt 0.552420 0.008121
vt 0.549872 0.013846
vt 0.569268 0.002647
vt 0.549872 0.020112
vt 0.574695 0.005780
vt 0.552420 0.025837
vt 0.578378 0.010850
vt 0.557077 0.030029
vt 0.579681 0.016979
vt 0.563036 0.031966
vt 0.578378 0.023108
vt 0.569268 0.031311
vt 0.574695 0.028178
vt 0.129411 0.095723
vt 0.124462 0.322141
vt 0.137327 0.322141
vt 0.145177 0.095723
vt 0.377780 0.904277
vt 0.344960 0.677859
vt 0.331190 0.677859
vt 0.360903 0.904276
vt 0.360903 0.904276
vt 0.315376 0.677858
vt 0.341522 0.904276
vt 0.331190 0.677859
vt 0.343065 0.476430
vt 0.356920 0.476430
vt 0.344068 0.161795
vt 0.354330 0.161795
vt 0.341522 0.904276
vt 0.300253 0.677859
vt 0.322988 0.904276
vt 0.315376 0.677858
vt 0.329816 0.476430
vt 0.343065 0.476430
vt 0.334255 0.161795
vt 0.344068 0.161795
vt 0.391267 0.095723
vt 0.400177 0.322141
vt 0.410817 0.322141
vt 0.404307 0.095723
vt 0.404307 0.095723
vt 0.410817 0.322141
vt 0.425344 0.322141
vt 0.422110 0.095723
vt 0.422110 0.095723
vt 0.425344 0.322141
vt 0.441245 0.322141
vt 0.441598 0.095723
vt 0.441598 0.095723
vt 0.441245 0.322141
vt 0.455771 0.322141
vt 0.459401 0.095723
vt 0.459401 0.095723
vt 0.455771 0.322141
vt 0.466411 0.322141
vt 0.472441 0.095723
vt 0.207201 0.095723
vt 0.184466 0.322141
vt 0.199589 0.322141
vt 0.225735 0.095724
vt 0.225735 0.095724
vt 0.215403 0.322141
vt 0.245116 0.095723
vt 0.199589 0.322141
vt 0.241132 0.523570
vt 0.227278 0.523570
vt 0.238543 0.838205
vt 0.228281 0.838205
vt 0.245116 0.095723
vt 0.215403 0.322141
vt 0.229173 0.322141
vt 0.261993 0.095723
vt 0.075521 0.095723
vt 0.080490 0.322141
vt 0.093355 0.322141
vt 0.091287 0.095723
vt 0.091287 0.095723
vt 0.093355 0.322141
vt 0.108908 0.322141
vt 0.110349 0.095724
vt 0.110349 0.095724
vt 0.108908 0.322141
vt 0.124462 0.322141
vt 0.129411 0.095723
vt 0.124462 0.322141
vt 0.123975 0.523570
vt 0.135246 0.523570
vt 0.137327 0.322141
vt 0.344960 0.677859
vt 0.368984 0.476430
vt 0.356920 0.476430
vt 0.331190 0.677859
vt 0.400177 0.322141
vt 0.402841 0.523570
vt 0.412162 0.523570
vt 0.410817 0.322141
vt 0.410817 0.322141
vt 0.412162 0.523570
vt 0.424888 0.523570
vt 0.425344 0.322141
vt 0.425344 0.322141
vt 0.424888 0.523570
vt 0.438819 0.523570
vt 0.441245 0.322141
vt 0.441245 0.322141
vt 0.438819 0.523570
vt 0.451546 0.523570
vt 0.455771 0.322141
vt 0.455771 0.322141
vt 0.451546 0.523570
vt 0.460867 0.523570
vt 0.466411 0.322141
vt 0.184466 0.322141
vt 0.227278 0.523570
vt 0.199589 0.322141
vt 0.214029 0.523570
vt 0.228281 0.838205
vt 0.218467 0.838205
vt 0.215403 0.322141
vt 0.253197 0.523570
vt 0.229173 0.322141
vt 0.241132 0.523570
vt 0.247479 0.838205
vt 0.238543 0.838205
vt 0.080490 0.322141
vt 0.085452 0.523570
vt 0.096723 0.523570
vt 0.093355 0.322141
vt 0.093355 0.322141
vt 0.096723 0.523570
vt 0.110349 0.523570
vt 0.108908 0.322141
vt 0.108908 0.322141
vt 0.110349 0.523570
vt 0.123975 0.523570
vt 0.124462 0.322141
vt 0.123975 0.523570
vt 0.120442 0.838205
vt 0.128790 0.838205
vt 0.135246 0.523570
vt 0.368984 0.476430
vt 0.363266 0.161795
vt 0.354330 0.161795
vt 0.356920 0.476430
vt 0.402841 0.523570
vt 0.410363 0.838205
vt 0.417268 0.838205
vt 0.412162 0.523570
vt 0.412162 0.523570
vt 0.417268 0.838205
vt 0.426695 0.838205
vt 0.424888 0.523570
vt 0.424888 0.523570
vt 0.426695 0.838205
vt 0.437013 0.838204
vt 0.438819 0.523570
vt 0.438819 0.523570
vt 0.437013 0.838204
vt 0.446440 0.838205
vt 0.451546 0.523570
vt 0.451546 0.523570
vt 0.446440 0.838205
vt 0.453344 0.838204
vt 0.460867 0.523570
vt 0.085452 0.523570
vt 0.100256 0.838205
vt 0.096723 0.523570
vt 0.091908 0.838205
vt 0.006581 0.998008
vt 0.001511 0.998008
vt 0.096723 0.523570
vt 0.100256 0.838205
vt 0.110349 0.838205
vt 0.110349 0.523570
vt 0.110349 0.523570
vt 0.110349 0.838205
vt 0.120442 0.838205
vt 0.123975 0.523570
vt 0.120442 0.838205
vt 0.018839 0.998008
vt 0.023909 0.998008
vt 0.128790 0.838205
vt 0.649084 0.133059
vt 0.574695 0.028178
vt 0.569268 0.031311
vt 0.640148 0.138218
vt 0.640148 0.138218
vt 0.569268 0.031311
vt 0.563036 0.031966
vt 0.629886 0.139297
vt 0.344068 0.161795
vt 0.277218 0.001992
vt 0.271259 0.001992
vt 0.334255 0.161795
vt 0.410363 0.838205
vt 0.516442 0.998008
vt 0.520635 0.998008
vt 0.417268 0.838205
vt 0.417268 0.838205
vt 0.520635 0.998008
vt 0.526360 0.998008
vt 0.426695 0.838205
vt 0.426695 0.838205
vt 0.526360 0.998008
vt 0.532626 0.998008
vt 0.437013 0.838204
vt 0.437013 0.838204
vt 0.532626 0.998008
vt 0.538350 0.998008
vt 0.446440 0.838205
vt 0.446440 0.838205
vt 0.538350 0.998008
vt 0.542543 0.998008
vt 0.453344 0.838204
vt 0.218467 0.838205
vt 0.155472 0.998008
vt 0.161431 0.998008
vt 0.228281 0.838205
vt 0.228281 0.838205
vt 0.161431 0.998008
vt 0.167663 0.998008
vt 0.238543 0.838205
vt 0.238543 0.838205
vt 0.167663 0.998008
vt 0.173090 0.998008
vt 0.247479 0.838205
vt 0.100256 0.838205
vt 0.006581 0.998008
vt 0.012710 0.998008
vt 0.110349 0.838205
vt 0.110349 0.838205
vt 0.012710 0.998008
vt 0.018839 0.998008
vt 0.120442 0.838205
vn -0.007247 -0.594430 0.804115
vn 0.243982 -0.351758 0.903736
vn 0.204396 -0.395916 0.895250
vn -0.007247 -0.594430 0.804115
vn 0.204396 -0.395916 0.895250
vn -0.049729 -0.627224 0.777250
vn -0.267663 -0.758393 0.594303
vn -0.007247 -0.594430 0.804115
vn -0.049729 -0.627224 0.777250
vn -0.267663 -0.758393 0.594303
vn -0.049729 -0.627224 0.777250
vn -0.305089 -0.774158 0.554617
vn -0.515827 -0.813128 0.269714
vn -0.267663 -0.758393 0.594303
vn -0.305089 -0.774158 0.554617
vn -0.515827 -0.813128 0.269714
vn -0.305089 -0.774158 0.554617
vn -0.538649 -0.810446 0.230293
vn -0.694432 -0.703966 -0.148980
vn -0.515827 -0.813128 0.269714
vn -0.538649 -0.810446 0.230293
vn -0.694432 -0.703966 -0.148980
vn -0.538649 -0.810446 0.230293
vn -0.698711 -0.695924 -0.165809
vn 0.243982 -0.351758 0.903736
vn 0.441357 -0.088295 0.892977
vn 0.204396 -0.395916 0.895250
vn 0.243982 -0.351758 0.903736
vn 0.469340 -0.043246 0.881958
vn 0.441357 -0.088295 0.892977
vn 0.469340 -0.043246 0.881958
vn 0.622964 0.276276 0.731838
vn 0.441357 -0.088295 0.892977
vn 0.469340 -0.043246 0.881958
vn 0.632306 0.303745 0.712691
vn 0.622964 0.276276 0.731838
vn 0.632306 0.303745 0.712691
vn 0.679101 0.618490 0.395337
vn 0.622964 0.276276 0.731838
vn 0.632306 0.303745 0.712691
vn 0.679152 0.617944 0.396104
vn 0.679101 0.618490 0.395337
vn 0.679152 0.617944 0.396104
vn 0.572541 0.819352 -0.029317
vn 0.679101 0.618490 0.395337
vn 0.679152 0.617944 0.396104
vn 0.585690 0.810529 0.003102
vn 0.572541 0.819352 -0.029317
vn 0.585690 0.810529 0.003102
vn 0.356843 0.841054 -0.406560
vn 0.572541 0.819352 -0.029317
vn 0.585690 0.810529 0.003102
vn 0.388645 0.847058 -0.362556
vn 0.356843 0.841054 -0.406560
vn 0.388645 0.847058 -0.362556
vn 0.103552 0.729589 -0.676000
vn 0.356843 0.841054 -0.406560
vn 0.388645 0.847058 -0.362556
vn 0.144922 0.754305 -0.640329
vn 0.103552 0.729589 -0.676000
vn 0.144922 0.754305 -0.640329
vn -0.152965 0.528249 -0.835197
vn 0.103552 0.729589 -0.676000
vn 0.144922 0.754305 -0.640329
vn -0.111031 0.566745 -0.816377
vn -0.152965 0.528249 -0.835197
vn -0.111031 0.566745 -0.816377
vn -0.397805 0.254135 -0.881571
vn -0.152965 0.528249 -0.835197
vn -0.111031 0.566745 -0.816377
vn -0.363149 0.298797 -0.882521
vn -0.397805 0.254135 -0.881571
vn -0.363149 0.298797 -0.882521
vn -0.605635 -0.079910 -0.791720
vn -0.397805 0.254135 -0.881571
vn -0.363149 0.298797 -0.882521
vn -0.586874 -0.042866 -0.808543
vn -0.605635 -0.079910 -0.791720
vn -0.586874 -0.042866 -0.808543
vn -0.723666 -0.427607 -0.541718
vn -0.605635 -0.079910 -0.791720
vn -0.586874 -0.042866 -0.808543
vn -0.721597 -0.415261 -0.553946
vn -0.723666 -0.427607 -0.541718
vn -0.721597 -0.415261 -0.553946
vn -0.698711 -0.695924 -0.165809
vn -0.723666 -0.427607 -0.541718
vn -0.721597 -0.415261 -0.553946
vn -0.694432 -0.703966 -0.148980
vn -0.698711 -0.695924 -0.165809
vn 0.500598 -0.686867 -0.526892
vn 0.500599 -0.686867 -0.526892
vn 0.500598 -0.686867 -0.526892
vn 0.500599 -0.686867 -0.526892
vn 0.500598 -0.686867 -0.526892
vn 0.500598 -0.686867 -0.526892
vn 0.500599 -0.686867 -0.526892
vn 0.500598 -0.686867 -0.526892
vn 0.500598 -0.686867 -0.526892
vn 0.500598 -0.686867 -0.526892
vn 0.500598 -0.686867 -0.526892
vn 0.500598 -0.686867 -0.526892
vn 0.500598 -0.686867 -0.526892
vn 0.500598 -0.686867 -0.526892
vn 0.500598 -0.686867 -0.526892
vn 0.500598 -0.686867 -0.526892
vn 0.500598 -0.686867 -0.526892
vn 0.500598 -0.686867 -0.526892
vn 0.500598 -0.686867 -0.526892
vn 0.500598 -0.686867 -0.526892
vn 0.500598 -0.686867 -0.526892
vn 0.500598 -0.686867 -0.526892
vn 0.500598 -0.686867 -0.526892
vn 0.500598 -0.686867 -0.526892
vn 0.500598 -0.686867 -0.526892
vn 0.500598 -0.686867 -0.526892
vn 0.500598 -0.686867 -0.526892
vn 0.500598 -0.686867 -0.526892
vn 0.500598 -0.686867 -0.526892
vn 0.500598 -0.686867 -0.526892
vn 0.500598 -0.686867 -0.526892
vn 0.500598 -0.686867 -0.526892
vn 0.500598 -0.686867 -0.526892
vn 0.500598 -0.686867 -0.526892
vn 0.500598 -0.686867 -0.526892
vn 0.500598 -0.686867 -0.526892
vn 0.500598 -0.686867 -0.526892
vn 0.500598 -0.686867 -0.526892
vn 0.500598 -0.686867 -0.526892
vn -0.500595 0.686874 0.526886
vn -0.500595 0.686874 0.526886
vn -0.500595 0.686874 0.526886
vn -0.500595 0.686874 0.526886
vn -0.500595 0.686874 0.526886
vn -0.500595 0.686874 0.526886
vn -0.500595 0.686874 0.526886
vn -0.500595 0.686874 0.526886
vn -0.500595 0.686874 0.526886
vn -0.500595 0.686874 0.526886
vn -0.500595 0.686874 0.526886
vn -0.500595 0.686874 0.526886
vn -0.500595 0.686874 0.526886
vn -0.500595 0.686874 0.526886
vn -0.500595 0.686874 0.526886
vn -0.500595 0.686874 0.526886
vn -0.500595 0.686874 0.526886
vn -0.500595 0.686874 0.526886
vn -0.500595 0.686874 0.526886
vn -0.500595 0.686874 0.526886
vn -0.500595 0.686874 0.526886
vn -0.500595 0.686874 0.526886
vn -0.500595 0.686874 0.526886
vn -0.500595 0.686874 0.526886
vn -0.500595 0.686874 0.526886
vn -0.500595 0.686874 0.526886
vn -0.500595 0.686874 0.526886
vn -0.500595 0.686874 0.526886
vn -0.500595 0.686874 0.526886
vn -0.500595 0.686874 0.526886
vn -0.500595 0.686874 0.526886
vn -0.500595 0.686874 0.526886
vn -0.500595 0.686874 0.526886
vn -0.500595 0.686874 0.526886
vn -0.500595 0.686874 0.526886
vn -0.500595 0.686874 0.526886
vn -0.500595 0.686874 0.526886
vn -0.500595 0.686874 0.526886
vn -0.500595 0.686874 0.526886
vn 0.071868 -0.462890 0.883497
vn 0.071868 -0.462890 0.883497
vn 0.071868 -0.462890 0.883497
vn 0.071868 -0.462890 0.883497
vn 0.071868 -0.462890 0.883497
vn 0.071868 -0.462890 0.883497
vn 0.325629 -0.205024 0.923001
vn 0.325629 -0.205024 0.923001
vn 0.325629 -0.205024 0.923001
vn 0.325629 -0.205024 0.923001
vn 0.325629 -0.205024 0.923001
vn 0.325629 -0.205024 0.923001
vn 0.550517 0.110556 0.827471
vn 0.550517 0.110556 0.827471
vn 0.550517 0.110556 0.827471
vn 0.550517 0.110556 0.827471
vn 0.550517 0.110556 0.827471
vn 0.550517 0.110556 0.827471
vn 0.550517 0.110556 0.827471
vn 0.550517 0.110556 0.827471
vn 0.573653 0.085874 0.814584
vn 0.550517 0.110556 0.827471
vn 0.573653 0.085874 0.814584
vn 0.573653 0.085874 0.814584
vn 0.573653 0.085874 0.814584
vn 0.573653 0.085874 0.814584
vn 0.562952 0.097389 0.820732
vn 0.573653 0.085874 0.814584
vn 0.562952 0.097389 0.820732
vn 0.562952 0.097389 0.820732
vn 0.694560 0.445790 0.564675
vn 0.694559 0.445790 0.564675
vn 0.694559 0.445790 0.564675
vn 0.694560 0.445790 0.564675
vn 0.694559 0.445790 0.564675
vn 0.694559 0.445790 0.564675
vn 0.694559 0.445790 0.564675
vn 0.694559 0.445790 0.564675
vn 0.669278 0.466487 0.578322
vn 0.694559 0.445790 0.564675
vn 0.669278 0.466487 0.578322
vn 0.669278 0.466487 0.578322
vn 0.669278 0.466487 0.578322
vn 0.669278 0.466487 0.578322
vn 0.684468 0.454237 0.570238
vn 0.669278 0.466487 0.578322
vn 0.684468 0.454237 0.570238
vn 0.684468 0.454237 0.570238
vn 0.690075 0.705372 0.162006
vn 0.690075 0.705372 0.162006
vn 0.690075 0.705372 0.162006
vn 0.690075 0.705372 0.162006
vn 0.690075 0.705372 0.162006
vn 0.690075 0.705372 0.162006
vn 0.534238 0.805159 -0.257503
vn 0.534238 0.805159 -0.257503
vn 0.534238 0.805159 -0.257503
vn 0.534238 0.805159 -0.257503
vn 0.534238 0.805159 -0.257503
vn 0.534238 0.805159 -0.257503
vn 0.296622 0.753821 -0.586318
vn 0.296622 0.753821 -0.586318
vn 0.296622 0.753821 -0.586318
vn 0.296622 0.753821 -0.586318
vn 0.296622 0.753821 -0.586318
vn 0.296622 0.753821 -0.586318
vn 0.035718 0.601044 -0.798418
vn 0.035718 0.601044 -0.798418
vn 0.035718 0.601044 -0.798418
vn 0.035718 0.601044 -0.798418
vn 0.035718 0.601044 -0.798418
vn 0.035718 0.601044 -0.798418
vn -0.225397 0.376253 -0.898682
vn -0.225397 0.376253 -0.898682
vn -0.225397 0.376253 -0.898682
vn -0.225397 0.376253 -0.898682
vn -0.225397 0.376253 -0.898682
vn -0.225397 0.376253 -0.898682
vn -0.472980 0.087895 -0.876678
vn -0.472980 0.087895 -0.876678
vn -0.472980 0.087895 -0.876678
vn -0.472980 0.087895 -0.876678
vn -0.472980 0.087895 -0.876678
vn -0.472980 0.087895 -0.876678
vn -0.671423 -0.247532 -0.698512
vn -0.671423 -0.247532 -0.698512
vn -0.671423 -0.247532 -0.698512
vn -0.671423 -0.247532 -0.698512
vn -0.671423 -0.247532 -0.698512
vn -0.671423 -0.247532 -0.698512
vn -0.671423 -0.247532 -0.698512
vn -0.671423 -0.247532 -0.698512
vn -0.658975 -0.259832 -0.705860
vn -0.671423 -0.247532 -0.698512
vn -0.658975 -0.259832 -0.705860
vn -0.658975 -0.259832 -0.705860
vn -0.658975 -0.259832 -0.705860
vn -0.658975 -0.259832 -0.705860
vn -0.663970 -0.254926 -0.702962
vn -0.658975 -0.259832 -0.705860
vn -0.663970 -0.254926 -0.702962
vn -0.663971 -0.254926 -0.702962
vn -0.749541 -0.561682 -0.350287
vn -0.749541 -0.561682 -0.350287
vn -0.749541 -0.561682 -0.350287
vn -0.749541 -0.561682 -0.350287
vn -0.749541 -0.561682 -0.350287
vn -0.749541 -0.561682 -0.350287
vn -0.659612 -0.747014 0.082959
vn -0.659612 -0.747014 0.082959
vn -0.659612 -0.747014 0.082959
vn -0.659612 -0.747014 0.082959
vn -0.659612 -0.747014 0.082959
vn -0.659612 -0.747014 0.082959
vn -0.447782 -0.764043 0.464466
vn -0.447782 -0.764043 0.464466
vn -0.447782 -0.764043 0.464466
vn -0.447782 -0.764043 0.464466
vn -0.447782 -0.764043 0.464466
vn -0.447782 -0.764043 0.464466
vn -0.190661 -0.654854 0.731310
vn -0.190661 -0.654854 0.731310
vn -0.190661 -0.654854 0.731310
vn -0.190661 -0.654854 0.731310
vn -0.190661 -0.654854 0.731310
vn -0.190661 -0.654854 0.731310
vn 0.143901 -0.563855 0.813240
vn 0.143901 -0.563855 0.813241
vn 0.143901 -0.563855 0.813241
vn 0.143901 -0.563855 0.813240
vn 0.143901 -0.563855 0.813241
vn 0.143901 -0.563855 0.813241
vn 0.379831 -0.276154 0.882875
vn 0.379831 -0.276154 0.882875
vn 0.379831 -0.276154 0.882875
vn 0.379831 -0.276154 0.882875
vn 0.379831 -0.276154 0.882875
vn 0.379831 -0.276154 0.882875
vn 0.619439 0.756037 0.211430
vn 0.619439 0.756037 0.211430
vn 0.619439 0.756037 0.211430
vn 0.619439 0.756037 0.211430
vn 0.619439 0.756037 0.211430
vn 0.619439 0.756037 0.211430
vn 0.446421 0.877622 -0.174611
vn 0.446421 0.877622 -0.174611
vn 0.446421 0.877622 -0.174611
vn 0.446421 0.877622 -0.174611
vn 0.446421 0.877622 -0.174611
vn 0.446421 0.877622 -0.174611
vn 0.214006 0.842956 -0.493585
vn 0.214006 0.842956 -0.493585
vn 0.214006 0.842956 -0.493585
vn 0.214006 0.842956 -0.493585
vn 0.214006 0.842956 -0.493585
vn 0.214006 0.842956 -0.493585
vn -0.034314 0.693088 -0.720036
vn -0.034314 0.693088 -0.720036
vn -0.034314 0.693088 -0.720036
vn -0.034314 0.693088 -0.720036
vn -0.034314 0.693088 -0.720036
vn -0.034314 0.693088 -0.720036
vn -0.279472 0.450814 -0.847739
vn -0.279472 0.450815 -0.847739
vn -0.279472 0.450814 -0.847739
vn -0.279472 0.450814 -0.847739
vn -0.279472 0.450814 -0.847739
vn -0.279472 0.450815 -0.847739
vn -0.502304 0.124067 -0.855744
vn -0.502304 0.124067 -0.855744
vn -0.502304 0.124067 -0.855744
vn -0.502304 0.124067 -0.855744
vn -0.502304 0.124067 -0.855744
vn -0.502304 0.124067 -0.855744
vn -0.502304 0.124067 -0.855744
vn -0.502304 0.124067 -0.855744
vn -0.485536 0.103226 -0.868101
vn -0.502304 0.124067 -0.855744
vn -0.485536 0.103226 -0.868101
vn -0.485536 0.103226 -0.868101
vn -0.686120 -0.613118 -0.391568
vn -0.686120 -0.613118 -0.391568
vn -0.686120 -0.613118 -0.391568
vn -0.686120 -0.613118 -0.391568
vn -0.686120 -0.613118 -0.391568
vn -0.686120 -0.613118 -0.391568
vn -0.686120 -0.613118 -0.391568
vn -0.686120 -0.613118 -0.391568
vn -0.718347 -0.588209 -0.371467
vn -0.686120 -0.613118 -0.391568
vn -0.718347 -0.588209 -0.371467
vn -0.718347 -0.588209 -0.371467
vn -0.565453 -0.824775 0.002916
vn -0.565453 -0.824775 0.002916
vn -0.565453 -0.824775 0.002916
vn -0.565453 -0.824775 0.002916
vn -0.565453 -0.824775 0.002916
vn -0.565453 -0.824775 0.002916
vn -0.351644 -0.862711 0.363423
vn -0.351644 -0.862711 0.363423
vn -0.351644 -0.862711 0.363423
vn -0.351644 -0.862711 0.363423
vn -0.351644 -0.862711 0.363423
vn -0.351644 -0.862711 0.363423
vn -0.105200 -0.763943 0.636651
vn -0.105200 -0.763943 0.636651
vn -0.105200 -0.763943 0.636651
vn -0.105200 -0.763943 0.636651
vn -0.105200 -0.763943 0.636651
vn -0.105200 -0.763943 0.636651
vn 0.107061 -0.513141 0.851601
vn 0.107061 -0.513141 0.851601
vn 0.107061 -0.513141 0.851601
vn 0.107061 -0.513141 0.851601
vn 0.107061 -0.513141 0.851601
vn 0.107061 -0.513141 0.851601
vn 0.352649 -0.240191 0.904404
vn 0.352649 -0.240191 0.904404
vn 0.352649 -0.240191 0.904404
vn 0.352649 -0.240191 0.904404
vn 0.352649 -0.240191 0.904404
vn 0.352649 -0.240191 0.904404
vn 0.658864 0.729243 0.184671
vn 0.658864 0.729243 0.184671
vn 0.658864 0.729243 0.184671
vn 0.658864 0.729243 0.184671
vn 0.658864 0.729243 0.184671
vn 0.658864 0.729243 0.184671
vn 0.494886 0.840701 -0.219795
vn 0.494886 0.840701 -0.219795
vn 0.494886 0.840701 -0.219795
vn 0.494886 0.840701 -0.219795
vn 0.494886 0.840701 -0.219795
vn 0.494886 0.840701 -0.219795
vn 0.259302 0.797274 -0.545084
vn 0.259302 0.797274 -0.545084
vn 0.259302 0.797274 -0.545084
vn 0.259302 0.797274 -0.545084
vn 0.259302 0.797274 -0.545084
vn 0.259302 0.797274 -0.545084
vn 0.003773 0.644590 -0.764519
vn 0.003773 0.644590 -0.764519
vn 0.003773 0.644590 -0.764519
vn 0.003773 0.644590 -0.764519
vn 0.003773 0.644590 -0.764519
vn 0.003773 0.644590 -0.764519
vn -0.249970 0.410219 -0.877061
vn -0.249970 0.410219 -0.877061
vn -0.249970 0.410219 -0.877061
vn -0.249970 0.410219 -0.877061
vn -0.249970 0.410219 -0.877061
vn -0.249970 0.410219 -0.877061
vn -0.614630 -0.787621 0.043388
vn -0.614630 -0.787621 0.043388
vn -0.614630 -0.787621 0.043388
vn -0.614630 -0.787621 0.043388
vn -0.614630 -0.787621 0.043388
vn -0.614630 -0.787621 0.043388
vn -0.614630 -0.787621 0.043388
vn -0.614630 -0.787621 0.043388
vn -0.622320 -0.781162 0.050035
vn -0.614630 -0.787621 0.043388
vn -0.622320 -0.781162 0.050035
vn -0.622320 -0.781162 0.050035
vn -0.402076 -0.815393 0.416496
vn -0.402076 -0.815393 0.416496
vn -0.402076 -0.815393 0.416496
vn -0.402076 -0.815393 0.416496
vn -0.402076 -0.815393 0.416496
vn -0.402076 -0.815393 0.416496
vn -0.149655 -0.710414 0.687689
vn -0.149655 -0.710414 0.687689
vn -0.149655 -0.710414 0.687689
vn -0.149655 -0.710414 0.687689
vn -0.149655 -0.710414 0.687689
vn -0.149655 -0.710414 0.687689
vn -0.110707 -0.175396 0.978254
vn -0.110707 -0.175396 0.978254
vn -0.110707 -0.175396 0.978254
vn -0.110707 -0.175396 0.978254
vn -0.110707 -0.175396 0.978254
vn -0.110707 -0.175396 0.978254
vn 0.086741 0.088010 0.992336
vn 0.086741 0.088010 0.992336
vn 0.086741 0.088010 0.992336
vn 0.086741 0.088010 0.992336
vn 0.086741 0.088010 0.992336
vn 0.086741 0.088010 0.992336
vn 0.275585 0.351166 0.894838
vn 0.275585 0.351166 0.894838
vn 0.275585 0.351166 0.894838
vn 0.275585 0.351166 0.894838
vn 0.275585 0.351166 0.894838
vn 0.275585 0.351166 0.894838
vn 0.447929 0.604981 0.658299
vn 0.447929 0.604981 0.658299
vn 0.447929 0.604981 0.658299
vn 0.447929 0.604981 0.658299
vn 0.447929 0.604981 0.658299
vn 0.447929 0.604981 0.658299
vn 0.559646 0.790491 0.248838
vn 0.559646 0.790491 0.248838
vn 0.559646 0.790491 0.248838
vn 0.559646 0.790491 0.248838
vn 0.559646 0.790491 0.248838
vn 0.559646 0.790491 0.248838
vn 0.538434 0.801011 -0.261669
vn 0.538434 0.801011 -0.261669
vn 0.538434 0.801011 -0.261669
vn 0.538434 0.801011 -0.261669
vn 0.538434 0.801011 -0.261669
vn 0.538434 0.801011 -0.261669
vn 0.386306 0.624059 -0.679204
vn 0.386306 0.624059 -0.679204
vn 0.386306 0.624059 -0.679204
vn 0.386306 0.624059 -0.679204
vn 0.386306 0.624059 -0.679204
vn 0.386306 0.624059 -0.679204
vn 0.183156 0.364239 -0.913118
vn 0.183156 0.364239 -0.913117
vn 0.183156 0.364239 -0.913118
vn 0.183156 0.364239 -0.913118
vn 0.183156 0.364239 -0.913117
vn 0.183156 0.364239 -0.913117
vn -0.022810 0.091428 -0.995550
vn -0.022810 0.091428 -0.995550
vn -0.022810 0.091428 -0.995550
vn -0.022810 0.091428 -0.995550
vn -0.022810 0.091428 -0.995550
vn -0.022810 0.091428 -0.995550
vn -0.223517 -0.180400 -0.957860
vn -0.223517 -0.180400 -0.957860
vn -0.223517 -0.180400 -0.957860
vn -0.223517 -0.180400 -0.957860
vn -0.223517 -0.180400 -0.957860
vn -0.223517 -0.180400 -0.957860
vn -0.417145 -0.449692 -0.789789
vn -0.417145 -0.449692 -0.789789
vn -0.417145 -0.449692 -0.789789
vn -0.417145 -0.449692 -0.789789
vn -0.417145 -0.449692 -0.789789
vn -0.417145 -0.449692 -0.789789
vn -0.575569 -0.683183 -0.449424
vn -0.575569 -0.683183 -0.449424
vn -0.575569 -0.683183 -0.449424
vn -0.575569 -0.683183 -0.449424
vn -0.575569 -0.683183 -0.449424
vn -0.575569 -0.683183 -0.449424
vn -0.512691 -0.673192 0.532879
vn -0.512691 -0.673192 0.532879
vn -0.512691 -0.673192 0.532879
vn -0.512691 -0.673192 0.532879
vn -0.512691 -0.673192 0.532879
vn -0.512691 -0.673192 0.532879
vn -0.317421 -0.439149 0.840471
vn -0.317421 -0.439149 0.840471
vn -0.317421 -0.439149 0.840471
vn -0.317421 -0.439149 0.840471
vn -0.317421 -0.439149 0.840471
vn -0.317421 -0.439149 0.840471
s off
g cherry_tree group1 pCylinder18
usemtl pCylinder2SG
f 1351/4271/7909 1353/4273/7910 1352/4272/7911
f 1351/4271/7912 1352/4272/7913 1354/4274/7914
f 1355/4275/7915 1351/4271/7916 1354/4274/7917
f 1355/4275/7918 1354/4274/7919 1356/4276/7920
f 1357/4277/7921 1355/4275/7922 1356/4276/7923
f 1357/4277/7924 1356/4276/7925 1358/4278/7926
f 1359/4279/7927 1357/4277/7928 1358/4278/7929
f 1359/4279/7930 1358/4278/7931 1360/4280/7932
f 1353/4281/7933 1361/4283/7934 1352/4282/7935
f 1353/4281/7936 1362/4284/7937 1361/4283/7938
f 1362/4284/7939 1363/4285/7940 1361/4283/7941
f 1362/4284/7942 1364/4286/7943 1363/4285/7944
f 1364/4286/7945 1365/4287/7946 1363/4285/7947
f 1364/4286/7948 1366/4288/7949 1365/4287/7950
f 1366/4289/7951 1367/4291/7952 1365/4290/7953
f 1366/4289/7954 1368/4292/7955 1367/4291/7956
f 1368/4292/7957 1369/4293/7958 1367/4291/7959
f 1368/4292/7960 1370/4294/7961 1369/4293/7962
f 1370/4294/7963 1371/4295/7964 1369/4293/7965
f 1370/4294/7966 1372/4296/7967 1371/4295/7968
f 1372/4296/7969 1373/4297/7970 1371/4295/7971
f 1372/4296/7972 1374/4298/7973 1373/4297/7974
f 1374/4298/7975 1375/4299/7976 1373/4297/7977
f 1374/4298/7978 1376/4300/7979 1375/4299/7980
f 1376/4301/7981 1377/4303/7982 1375/4302/7983
f 1376/4301/7984 1378/4304/7985 1377/4303/7986
f 1378/4304/7987 1379/4305/7988 1377/4303/7989
f 1378/4304/7990 1380/4306/7991 1379/4305/7992
f 1380/4306/7993 1360/4307/7994 1379/4305/7995
f 1380/4306/7996 1359/4308/7997 1360/4307/7998
f 1374/4309/7999 1378/4311/8000 1376/4310/8001
f 1378/4311/8002 1374/4309/8003 1372/4312/8004
f 1378/4311/8005 1372/4312/8006 1380/4313/8007
f 1380/4313/8008 1372/4312/8009 1370/4314/8010
f 1380/4313/8011 1370/4314/8012 1359/4315/8013
f 1359/4315/8014 1370/4314/8015 1368/4316/8016
f 1359/4315/8017 1368/4316/8018 1357/4317/8019
f 1357/4317/8020 1368/4316/8021 1366/4318/8022
f 1357/4317/8023 1366/4318/8024 1355/4319/8025
f 1355/4319/8026 1366/4318/8027 1364/4320/8028
f 1355/4319/8029 1364/4320/8030 1351/4321/8031
f 1351/4321/8032 1364/4320/8033 1362/4322/8034
f 1351/4321/8035 1362/4322/8036 1353/4323/8037
f 1381/4324/8038 1383/4326/8039 1382/4325/8040
f 1383/4326/8041 1381/4324/8042 1384/4327/8043
f 1384/4327/8044 1381/4324/8045 1385/4328/8046
f 1384/4327/8047 1385/4328/8048 1386/4329/8049
f 1386/4329/8050 1385/4328/8051 1387/4330/8052
f 1386/4329/8053 1387/4330/8054 1388/4331/8055
f 1388/4331/8056 1387/4330/8057 1389/4332/8058
f 1388/4331/8059 1389/4332/8060 1390/4333/8061
f 1390/4333/8062 1389/4332/8063 1391/4334/8064
f 1390/4333/8065 1391/4334/8066 1392/4335/8067
f 1392/4335/8068 1391/4334/8069 1393/4336/8070
f 1392/4335/8071 1393/4336/8072 1394/4337/8073
f 1394/4337/8074 1393/4336/8075 1395/4338/8076
f 1354/4339/8077 1397/4341/8078 1396/4340/8079
f 1354/4339/8080 1352/4342/8081 1397/4341/8082
f 1352/4343/8083 1398/4345/8084 1397/4344/8085
f 1352/4343/8086 1361/4346/8087 1398/4345/8088
f 1361/4347/8089 1363/4349/8090 1399/4348/8091
f 1361/4347/8092 1399/4348/8093 1398/4350/8094
f 1398/4350/8095 1399/4348/8096 1400/4351/8097
f 1398/4350/8098 1400/4351/8099 1401/4352/8100
f 1401/4352/8101 1400/4351/8102 1402/4353/8103
f 1401/4352/8104 1402/4353/8105 1403/4354/8106
f 1363/4355/8107 1365/4357/8108 1404/4356/8109
f 1363/4355/8110 1404/4356/8111 1399/4358/8112
f 1399/4358/8113 1404/4356/8114 1405/4359/8115
f 1399/4358/8116 1405/4359/8117 1400/4360/8118
f 1400/4360/8119 1405/4359/8120 1406/4361/8121
f 1400/4360/8122 1406/4361/8123 1402/4362/8124
f 1365/4363/8125 1407/4365/8126 1404/4364/8127
f 1365/4363/8128 1367/4366/8129 1407/4365/8130
f 1367/4367/8131 1408/4369/8132 1407/4368/8133
f 1367/4367/8134 1369/4370/8135 1408/4369/8136
f 1369/4371/8137 1409/4373/8138 1408/4372/8139
f 1369/4371/8140 1371/4374/8141 1409/4373/8142
f 1371/4375/8143 1410/4377/8144 1409/4376/8145
f 1371/4375/8146 1373/4378/8147 1410/4377/8148
f 1373/4379/8149 1411/4381/8150 1410/4380/8151
f 1373/4379/8152 1375/4382/8153 1411/4381/8154
f 1375/4383/8155 1412/4385/8156 1411/4384/8157
f 1375/4383/8158 1377/4386/8159 1412/4385/8160
f 1377/4387/8161 1379/4389/8162 1413/4388/8163
f 1377/4387/8164 1413/4388/8165 1412/4390/8166
f 1412/4390/8167 1413/4388/8168 1414/4391/8169
f 1412/4390/8170 1414/4391/8171 1415/4392/8172
f 1415/4392/8173 1414/4391/8174 1416/4393/8175
f 1415/4392/8176 1416/4393/8177 1417/4394/8178
f 1379/4395/8179 1418/4397/8180 1413/4396/8181
f 1379/4395/8182 1360/4398/8183 1418/4397/8184
f 1360/4399/8185 1419/4401/8186 1418/4400/8187
f 1360/4399/8188 1358/4402/8189 1419/4401/8190
f 1358/4403/8191 1420/4405/8192 1419/4404/8193
f 1358/4403/8194 1356/4406/8195 1420/4405/8196
f 1356/4407/8197 1396/4409/8198 1420/4408/8199
f 1356/4407/8200 1354/4410/8201 1396/4409/8202
f 1396/4411/8203 1422/4413/8204 1421/4412/8205
f 1396/4411/8206 1397/4414/8207 1422/4413/8208
f 1397/4415/8209 1401/4417/8210 1422/4416/8211
f 1397/4415/8212 1398/4418/8213 1401/4417/8214
f 1404/4419/8215 1423/4421/8216 1405/4420/8217
f 1404/4419/8218 1407/4422/8219 1423/4421/8220
f 1407/4423/8221 1424/4425/8222 1423/4424/8223
f 1407/4423/8224 1408/4426/8225 1424/4425/8226
f 1408/4427/8227 1425/4429/8228 1424/4428/8229
f 1408/4427/8230 1409/4430/8231 1425/4429/8232
f 1409/4431/8233 1426/4433/8234 1425/4432/8235
f 1409/4431/8236 1410/4434/8237 1426/4433/8238
f 1410/4435/8239 1427/4437/8240 1426/4436/8241
f 1410/4435/8242 1411/4438/8243 1427/4437/8244
f 1411/4439/8245 1412/4441/8246 1415/4440/8247
f 1411/4439/8248 1415/4440/8249 1427/4442/8250
f 1427/4442/8251 1415/4440/8252 1417/4443/8253
f 1427/4442/8254 1417/4443/8255 1428/4444/8256
f 1413/4445/8257 1418/4447/8258 1429/4446/8259
f 1413/4445/8260 1429/4446/8261 1414/4448/8262
f 1414/4448/8263 1429/4446/8264 1430/4449/8265
f 1414/4448/8266 1430/4449/8267 1416/4450/8268
f 1418/4451/8269 1431/4453/8270 1429/4452/8271
f 1418/4451/8272 1419/4454/8273 1431/4453/8274
f 1419/4455/8275 1432/4457/8276 1431/4456/8277
f 1419/4455/8278 1420/4458/8279 1432/4457/8280
f 1420/4459/8281 1421/4461/8282 1432/4460/8283
f 1420/4459/8284 1396/4462/8285 1421/4461/8286
f 1421/4463/8287 1434/4465/8288 1433/4464/8289
f 1421/4463/8290 1422/4466/8291 1434/4465/8292
f 1422/4467/8293 1403/4469/8294 1434/4468/8295
f 1422/4467/8296 1401/4470/8297 1403/4469/8298
f 1405/4471/8299 1435/4473/8300 1406/4472/8301
f 1405/4471/8302 1423/4474/8303 1435/4473/8304
f 1423/4475/8305 1436/4477/8306 1435/4476/8307
f 1423/4475/8308 1424/4478/8309 1436/4477/8310
f 1424/4479/8311 1437/4481/8312 1436/4480/8313
f 1424/4479/8314 1425/4482/8315 1437/4481/8316
f 1425/4483/8317 1438/4485/8318 1437/4484/8319
f 1425/4483/8320 1426/4486/8321 1438/4485/8322
f 1426/4487/8323 1428/4489/8324 1438/4488/8325
f 1426/4487/8326 1427/4490/8327 1428/4489/8328
f 1429/4491/8329 1431/4493/8330 1439/4492/8331
f 1429/4491/8332 1439/4492/8333 1430/4494/8334
f 1430/4494/8335 1439/4492/8336 1389/4495/8337
f 1430/4494/8338 1389/4495/8339 1387/4496/8340
f 1431/4497/8341 1440/4499/8342 1439/4498/8343
f 1431/4497/8344 1432/4500/8345 1440/4499/8346
f 1432/4501/8347 1433/4503/8348 1440/4502/8349
f 1432/4501/8350 1421/4504/8351 1433/4503/8352
f 1433/4505/8353 1395/4507/8354 1393/4506/8355
f 1433/4505/8356 1434/4508/8357 1395/4507/8358
f 1434/4509/8359 1394/4511/8360 1395/4510/8361
f 1434/4509/8362 1403/4512/8363 1394/4511/8364
f 1403/4513/8365 1392/4515/8366 1394/4514/8367
f 1403/4513/8368 1402/4516/8369 1392/4515/8370
f 1402/4517/8371 1390/4519/8372 1392/4518/8373
f 1402/4517/8374 1406/4520/8375 1390/4519/8376
f 1406/4521/8377 1388/4523/8378 1390/4522/8379
f 1406/4521/8380 1435/4524/8381 1388/4523/8382
f 1435/4525/8383 1386/4527/8384 1388/4526/8385
f 1435/4525/8386 1436/4528/8387 1386/4527/8388
f 1436/4529/8389 1384/4531/8390 1386/4530/8391
f 1436/4529/8392 1437/4532/8393 1384/4531/8394
f 1437/4533/8395 1383/4535/8396 1384/4534/8397
f 1437/4533/8398 1438/4536/8399 1383/4535/8400
f 1438/4537/8401 1382/4539/8402 1383/4538/8403
f 1438/4537/8404 1428/4540/8405 1382/4539/8406
f 1428/4541/8407 1381/4543/8408 1382/4542/8409
f 1428/4541/8410 1417/4544/8411 1381/4543/8412
f 1417/4545/8413 1385/4547/8414 1381/4546/8415
f 1417/4545/8416 1416/4548/8417 1385/4547/8418
f 1416/4549/8419 1387/4551/8420 1385/4550/8421
f 1416/4549/8422 1430/4552/8423 1387/4551/8424
f 1439/4553/8425 1391/4555/8426 1389/4554/8427
f 1439/4553/8428 1440/4556/8429 1391/4555/8430
f 1440/4557/8431 1393/4559/8432 1391/4558/8433
f 1440/4557/8434 1433/4560/8435 1393/4559/8436
g default
v -153.278699 472.631539 752.354169
v -148.967220 477.473001 747.460966
v -153.968179 472.969978 750.913679
v -148.342691 477.166452 748.765776
v -152.824034 472.674690 753.917859
v -147.930857 477.205545 750.182158
v -152.682799 473.091958 755.334363
v -147.802927 477.583505 751.465223
v -152.879415 473.811226 756.358763
v -147.981021 478.234994 752.393110
v -149.696458 478.072183 746.493376
v -154.773260 473.631477 749.845441
v -150.404312 478.860391 746.030272
v -155.554732 474.501657 749.334180
v -150.968387 479.701364 746.151762
v -156.177474 475.430093 749.468305
v -151.291151 480.449655 746.836821
v -156.533804 476.256204 750.224608
v -151.316795 480.975900 747.966993
v -156.562113 476.837167 751.472319
v -151.040883 481.189065 749.346876
v -156.257508 477.072519 752.995710
v -150.511125 481.052346 750.737852
v -155.672652 476.921579 754.531354
v -149.819118 480.589364 751.899443
v -154.908677 476.410440 755.813749
v -149.084520 479.880166 752.630766
v -154.097681 475.627481 756.621137
v -148.434347 479.047372 752.805402
v -153.379888 474.708078 756.813916
v -109.144994 512.552895 719.418731
v -108.814308 512.390603 720.109602
v -108.596244 512.411293 720.859572
v -108.528513 512.611428 721.538939
v -109.531117 512.870156 718.906386
v -108.622807 512.956398 722.030256
v -109.905920 513.287514 718.661177
v -108.862844 513.386513 722.248549
v -110.204594 513.732766 718.725508
v -109.207104 513.827492 722.156080
v -110.375492 514.129006 719.088240
v -109.596066 514.202980 721.768859
v -110.389074 514.407631 719.686659
v -109.962475 514.448098 721.153807
v -110.242978 514.520546 720.417296
v -137.268312 489.138986 739.709120
v -137.777899 489.389139 738.644468
v -138.372924 489.878030 737.854948
v -138.950502 490.521188 737.477079
v -127.055650 498.702615 730.306684
v -126.549642 498.139169 730.637724
v -139.410762 491.207376 737.576200
v -127.458877 499.303781 730.393522
v -139.674123 491.817941 738.135176
v -139.695047 492.247323 739.057356
v -139.469916 492.421273 740.183271
v -139.037656 492.309732 741.318250
v -138.473010 491.931955 742.266065
v -137.873611 491.353280 742.862791
v -137.343099 490.673745 743.005277
v -125.647424 498.836282 735.149855
v -126.112199 499.431589 735.025038
v -136.973205 490.010904 742.668867
v -136.827887 489.479288 741.911756
v -136.932272 489.170908 740.864835
v -125.581905 497.491708 732.262144
v -126.028349 497.710824 731.329420
v -127.689605 499.838693 730.883238
v -127.707935 500.214853 731.691145
v -127.510700 500.367257 732.677550
v -127.132003 500.269540 733.671889
v -126.637325 499.938577 734.502241
v -125.323366 498.255563 734.855146
v -125.196056 497.789834 734.191847
v -125.287506 497.519632 733.274641
vt 0.072074 0.001992
vt 0.088491 0.113636
vt 0.092806 0.001992
vt 0.069713 0.113636
vt 0.047008 0.001992
vt 0.047008 0.113636
vt 0.021942 0.001992
vt 0.024303 0.113636
vt 0.001210 0.001992
vt 0.005524 0.113636
vt 0.195369 0.998008
vt 0.191548 0.886364
vt 0.171446 0.886364
vt 0.173176 0.998008
vt 0.148361 0.886364
vt 0.147690 0.998008
vt 0.126285 0.886364
vt 0.123319 0.998008
vt 0.202552 0.001992
vt 0.207579 0.113636
vt 0.223111 0.113636
vt 0.219699 0.001992
vt 0.244316 0.113636
vt 0.243109 0.001992
vt 0.267528 0.113636
vt 0.268735 0.001992
vt 0.288734 0.113636
vt 0.292146 0.001992
vt 0.304266 0.113636
vt 0.309293 0.001992
vt 0.339240 0.001992
vt 0.342206 0.113636
vt 0.364282 0.113636
vt 0.363612 0.001992
vt 0.387367 0.113636
vt 0.389097 0.001992
vt 0.407469 0.113636
vt 0.411290 0.001992
vt 0.540381 0.063282
vt 0.535053 0.038216
vt 0.519990 0.017484
vt 0.535053 0.088348
vt 0.497797 0.004671
vt 0.519990 0.109080
vt 0.472312 0.001992
vt 0.497797 0.121893
vt 0.447940 0.009911
vt 0.472312 0.124571
vt 0.428896 0.027058
vt 0.447940 0.116652
vt 0.418473 0.050469
vt 0.428896 0.099505
vt 0.418473 0.076095
vt 0.596345 0.053352
vt 0.603570 0.043409
vt 0.606125 0.031387
vt 0.603570 0.019365
vt 0.585701 0.059498
vt 0.596345 0.009422
vt 0.573478 0.060782
vt 0.585701 0.003277
vt 0.561789 0.056984
vt 0.573478 0.001992
vt 0.552656 0.048760
vt 0.561789 0.005790
vt 0.547657 0.037532
vt 0.552656 0.014014
vt 0.547657 0.025242
vt 0.069713 0.113636
vt 0.063818 0.383323
vt 0.079141 0.383323
vt 0.088491 0.113636
vt 0.191548 0.886364
vt 0.152456 0.616677
vt 0.136054 0.616677
vt 0.171446 0.886364
vt 0.171446 0.886364
vt 0.117218 0.616677
vt 0.148361 0.886364
vt 0.136054 0.616677
vt 0.150199 0.376755
vt 0.166701 0.376755
vt 0.151393 0.001992
vt 0.163616 0.001992
vt 0.148361 0.886364
vt 0.099205 0.616677
vt 0.126285 0.886364
vt 0.117218 0.616677
vt 0.134418 0.376755
vt 0.150199 0.376755
vt 0.139704 0.001992
vt 0.151393 0.001992
vt 0.207579 0.113636
vt 0.218193 0.383323
vt 0.230866 0.383323
vt 0.223111 0.113636
vt 0.223111 0.113636
vt 0.230866 0.383323
vt 0.248168 0.383323
vt 0.244316 0.113636
vt 0.244316 0.113636
vt 0.248168 0.383323
vt 0.267108 0.383323
vt 0.267528 0.113636
vt 0.267528 0.113636
vt 0.267108 0.383323
vt 0.284411 0.383323
vt 0.288734 0.113636
vt 0.288734 0.113636
vt 0.284411 0.383323
vt 0.297084 0.383323
vt 0.304266 0.113636
vt 0.342206 0.113636
vt 0.315126 0.383323
vt 0.333139 0.383323
vt 0.364282 0.113636
vt 0.364282 0.113636
vt 0.351975 0.383323
vt 0.387367 0.113636
vt 0.333139 0.383323
vt 0.382622 0.623245
vt 0.366120 0.623245
vt 0.379538 0.998008
vt 0.367314 0.998008
vt 0.387367 0.113636
vt 0.351975 0.383323
vt 0.368378 0.383323
vt 0.407469 0.113636
vt 0.005524 0.113636
vt 0.011443 0.383323
vt 0.026766 0.383323
vt 0.024303 0.113636
vt 0.024303 0.113636
vt 0.026766 0.383323
vt 0.045292 0.383323
vt 0.047008 0.113636
vt 0.047008 0.113636
vt 0.045292 0.383323
vt 0.063818 0.383323
vt 0.069713 0.113636
vt 0.063818 0.383323
vt 0.063238 0.623245
vt 0.076662 0.623245
vt 0.079141 0.383323
vt 0.152456 0.616677
vt 0.181071 0.376755
vt 0.166701 0.376755
vt 0.136054 0.616677
vt 0.218193 0.383323
vt 0.221365 0.623245
vt 0.232467 0.623245
vt 0.230866 0.383323
vt 0.230866 0.383323
vt 0.232467 0.623245
vt 0.247626 0.623245
vt 0.248168 0.383323
vt 0.248168 0.383323
vt 0.247626 0.623245
vt 0.264219 0.623245
vt 0.267108 0.383323
vt 0.267108 0.383323
vt 0.264219 0.623245
vt 0.279377 0.623245
vt 0.284411 0.383323
vt 0.284411 0.383323
vt 0.279377 0.623245
vt 0.290480 0.623245
vt 0.297084 0.383323
vt 0.315126 0.383323
vt 0.366120 0.623245
vt 0.333139 0.383323
vt 0.350339 0.623245
vt 0.367314 0.998008
vt 0.355625 0.998008
vt 0.351975 0.383323
vt 0.382622 0.623245
vt 0.396992 0.623245
vt 0.368378 0.383323
vt 0.011443 0.383323
vt 0.017353 0.623245
vt 0.030777 0.623245
vt 0.026766 0.383323
vt 0.026766 0.383323
vt 0.030777 0.623245
vt 0.047008 0.623245
vt 0.045292 0.383323
vt 0.045292 0.383323
vt 0.047008 0.623245
vt 0.063238 0.623245
vt 0.063818 0.383323
vt 0.063238 0.623245
vt 0.059030 0.998008
vt 0.068973 0.998008
vt 0.076662 0.623245
vt 0.181071 0.376755
vt 0.174260 0.001992
vt 0.163616 0.001992
vt 0.166701 0.376755
vt 0.221365 0.623245
vt 0.230325 0.998008
vt 0.238549 0.998008
vt 0.232467 0.623245
vt 0.232467 0.623245
vt 0.238549 0.998008
vt 0.249777 0.998008
vt 0.247626 0.623245
vt 0.247626 0.623245
vt 0.249777 0.998008
vt 0.262068 0.998008
vt 0.264219 0.623245
vt 0.264219 0.623245
vt 0.262068 0.998008
vt 0.273296 0.998008
vt 0.279377 0.623245
vt 0.279377 0.623245
vt 0.273296 0.998008
vt 0.281520 0.998008
vt 0.290480 0.623245
vt 0.382622 0.623245
vt 0.379538 0.998008
vt 0.390181 0.998008
vt 0.396992 0.623245
vt 0.017353 0.623245
vt 0.025043 0.998008
vt 0.034986 0.998008
vt 0.030777 0.623245
vt 0.030777 0.623245
vt 0.034986 0.998008
vt 0.047008 0.998008
vt 0.047008 0.623245
vt 0.047008 0.623245
vt 0.047008 0.998008
vt 0.059030 0.998008
vt 0.063238 0.623245
vn 0.544206 -0.797772 -0.259614
vn 0.362844 -0.786346 -0.500004
vn 0.329469 -0.777087 -0.536270
vn 0.544206 -0.797772 -0.259614
vn 0.329469 -0.777087 -0.536270
vn 0.516899 -0.801194 -0.301501
vn 0.681181 -0.732103 0.004320
vn 0.544206 -0.797772 -0.259614
vn 0.516899 -0.801194 -0.301501
vn 0.681181 -0.732103 0.004320
vn 0.516899 -0.801194 -0.301501
vn 0.660997 -0.749166 -0.042815
vn 0.765372 -0.563131 0.311593
vn 0.681181 -0.732103 0.004320
vn 0.660997 -0.749166 -0.042815
vn 0.765372 -0.563131 0.311593
vn 0.660997 -0.749166 -0.042815
vn 0.758282 -0.595712 0.264832
vn 0.732183 -0.238988 0.637803
vn 0.765372 -0.563131 0.311593
vn 0.758282 -0.595712 0.264832
vn 0.732183 -0.238988 0.637803
vn 0.758282 -0.595712 0.264832
vn 0.741138 -0.269411 0.614925
vn 0.362844 -0.786346 -0.500004
vn 0.074752 -0.653825 -0.752944
vn 0.329469 -0.777087 -0.536270
vn 0.362844 -0.786346 -0.500004
vn 0.111972 -0.677060 -0.727359
vn 0.074752 -0.653825 -0.752944
vn 0.111972 -0.677060 -0.727359
vn -0.261257 -0.367774 -0.892461
vn 0.074752 -0.653825 -0.752944
vn 0.111972 -0.677060 -0.727359
vn -0.237198 -0.393106 -0.888372
vn -0.261257 -0.367774 -0.892461
vn -0.237198 -0.393106 -0.888372
vn -0.580784 0.079232 -0.810193
vn -0.261257 -0.367774 -0.892461
vn -0.237198 -0.393106 -0.888372
vn -0.585861 0.089067 -0.805502
vn -0.580784 0.079232 -0.810193
vn -0.585861 0.089067 -0.805502
vn -0.714011 0.483882 -0.506009
vn -0.580784 0.079232 -0.810193
vn -0.585861 0.089067 -0.805502
vn -0.716219 0.514582 -0.471419
vn -0.714011 0.483882 -0.506009
vn -0.716219 0.514582 -0.471419
vn -0.677852 0.715343 -0.169710
vn -0.714011 0.483882 -0.506009
vn -0.716219 0.514582 -0.471419
vn -0.664740 0.736531 -0.125072
vn -0.677852 0.715343 -0.169710
vn -0.664740 0.736531 -0.125072
vn -0.563889 0.817627 0.116254
vn -0.677852 0.715343 -0.169710
vn -0.664740 0.736531 -0.125072
vn -0.540505 0.826129 0.159268
vn -0.563889 0.817627 0.116254
vn -0.540505 0.826129 0.159268
vn -0.404778 0.839238 0.363089
vn -0.563889 0.817627 0.116254
vn -0.540505 0.826129 0.159268
vn -0.372647 0.835841 0.403117
vn -0.404778 0.839238 0.363089
vn -0.372647 0.835841 0.403117
vn -0.189216 0.784098 0.591090
vn -0.404778 0.839238 0.363089
vn -0.372647 0.835841 0.403117
vn -0.148222 0.766198 0.625277
vn -0.189216 0.784098 0.591090
vn -0.148222 0.766198 0.625277
vn 0.115420 0.603926 0.788639
vn -0.189216 0.784098 0.591090
vn -0.148222 0.766198 0.625277
vn 0.155465 0.572258 0.805203
vn 0.115420 0.603926 0.788639
vn 0.155465 0.572258 0.805203
vn 0.492172 0.217648 0.842850
vn 0.115420 0.603926 0.788639
vn 0.155465 0.572258 0.805203
vn 0.501669 0.204657 0.840502
vn 0.492172 0.217648 0.842850
vn 0.501669 0.204657 0.840502
vn 0.741138 -0.269411 0.614925
vn 0.492172 0.217648 0.842850
vn 0.501669 0.204657 0.840502
vn 0.732183 -0.238988 0.637803
vn 0.741138 -0.269411 0.614925
vn -0.788475 -0.564239 0.244830
vn -0.788475 -0.564239 0.244829
vn -0.788475 -0.564239 0.244829
vn -0.788475 -0.564239 0.244829
vn -0.788475 -0.564239 0.244830
vn -0.788475 -0.564239 0.244829
vn -0.788475 -0.564239 0.244829
vn -0.788475 -0.564239 0.244829
vn -0.788475 -0.564239 0.244830
vn -0.788475 -0.564239 0.244830
vn -0.788475 -0.564239 0.244829
vn -0.788475 -0.564239 0.244829
vn -0.788475 -0.564239 0.244830
vn -0.788475 -0.564239 0.244829
vn -0.788475 -0.564239 0.244829
vn -0.788475 -0.564239 0.244829
vn -0.788475 -0.564239 0.244829
vn -0.788475 -0.564239 0.244829
vn -0.788475 -0.564239 0.244829
vn -0.788475 -0.564239 0.244829
vn -0.788475 -0.564239 0.244830
vn -0.788475 -0.564239 0.244830
vn -0.788475 -0.564239 0.244829
vn -0.788475 -0.564239 0.244829
vn -0.788475 -0.564239 0.244830
vn -0.788475 -0.564239 0.244829
vn -0.788475 -0.564239 0.244830
vn -0.788475 -0.564239 0.244830
vn -0.788475 -0.564239 0.244829
vn -0.788475 -0.564239 0.244830
vn -0.788475 -0.564239 0.244830
vn -0.788475 -0.564239 0.244830
vn -0.788475 -0.564239 0.244829
vn -0.788475 -0.564239 0.244829
vn -0.788475 -0.564239 0.244830
vn -0.788475 -0.564239 0.244829
vn -0.788475 -0.564239 0.244829
vn -0.788475 -0.564239 0.244829
vn -0.788475 -0.564239 0.244830
vn 0.788471 0.564248 -0.244822
vn 0.788471 0.564248 -0.244822
vn 0.788471 0.564248 -0.244822
vn 0.788471 0.564248 -0.244822
vn 0.788471 0.564248 -0.244822
vn 0.788471 0.564248 -0.244822
vn 0.788471 0.564248 -0.244822
vn 0.788471 0.564248 -0.244822
vn 0.788471 0.564248 -0.244822
vn 0.788471 0.564248 -0.244822
vn 0.788471 0.564248 -0.244822
vn 0.788471 0.564248 -0.244822
vn 0.788471 0.564248 -0.244822
vn 0.788471 0.564248 -0.244822
vn 0.788471 0.564248 -0.244822
vn 0.788471 0.564248 -0.244822
vn 0.788471 0.564248 -0.244822
vn 0.788471 0.564248 -0.244822
vn 0.788471 0.564248 -0.244822
vn 0.788471 0.564248 -0.244822
vn 0.788471 0.564248 -0.244822
vn 0.788471 0.564248 -0.244822
vn 0.788471 0.564248 -0.244822
vn 0.788471 0.564248 -0.244822
vn 0.788471 0.564248 -0.244822
vn 0.788471 0.564248 -0.244822
vn 0.788471 0.564248 -0.244822
vn 0.788471 0.564248 -0.244822
vn 0.788471 0.564248 -0.244822
vn 0.788471 0.564248 -0.244822
vn 0.788471 0.564248 -0.244822
vn 0.788471 0.564248 -0.244822
vn 0.788471 0.564248 -0.244822
vn 0.788471 0.564248 -0.244822
vn 0.788471 0.564248 -0.244822
vn 0.788471 0.564248 -0.244822
vn 0.788471 0.564248 -0.244822
vn 0.788471 0.564248 -0.244822
vn 0.788471 0.564248 -0.244822
vn 0.489919 -0.766837 -0.414657
vn 0.489919 -0.766837 -0.414657
vn 0.489919 -0.766837 -0.414657
vn 0.489919 -0.766837 -0.414657
vn 0.489919 -0.766837 -0.414657
vn 0.489919 -0.766837 -0.414657
vn 0.260814 -0.720402 -0.642649
vn 0.260814 -0.720402 -0.642649
vn 0.260814 -0.720402 -0.642649
vn 0.260814 -0.720402 -0.642649
vn 0.260814 -0.720402 -0.642649
vn 0.260814 -0.720402 -0.642649
vn -0.064735 -0.548086 -0.833913
vn -0.064735 -0.548086 -0.833913
vn -0.064735 -0.548086 -0.833913
vn -0.064735 -0.548086 -0.833913
vn -0.064735 -0.548086 -0.833913
vn -0.064735 -0.548086 -0.833913
vn -0.064735 -0.548086 -0.833913
vn -0.064735 -0.548086 -0.833913
vn -0.100229 -0.569387 -0.815937
vn -0.064735 -0.548086 -0.833913
vn -0.100229 -0.569387 -0.815937
vn -0.100229 -0.569387 -0.815937
vn -0.100229 -0.569387 -0.815937
vn -0.100229 -0.569387 -0.815937
vn -0.083860 -0.559704 -0.824438
vn -0.100229 -0.569387 -0.815937
vn -0.083860 -0.559704 -0.824438
vn -0.083860 -0.559704 -0.824438
vn -0.461074 -0.183860 -0.868105
vn -0.461074 -0.183860 -0.868105
vn -0.461074 -0.183860 -0.868105
vn -0.461074 -0.183860 -0.868105
vn -0.461074 -0.183860 -0.868105
vn -0.461074 -0.183860 -0.868105
vn -0.461074 -0.183860 -0.868105
vn -0.461074 -0.183860 -0.868105
vn -0.427618 -0.158273 -0.889996
vn -0.461074 -0.183860 -0.868105
vn -0.427618 -0.158273 -0.889996
vn -0.427618 -0.158273 -0.889996
vn -0.427618 -0.158273 -0.889996
vn -0.427618 -0.158273 -0.889996
vn -0.447875 -0.173705 -0.877060
vn -0.427618 -0.158273 -0.889996
vn -0.447875 -0.173705 -0.877060
vn -0.447875 -0.173705 -0.877060
vn -0.729890 0.262859 -0.631004
vn -0.729890 0.262859 -0.631004
vn -0.729890 0.262859 -0.631004
vn -0.729890 0.262859 -0.631004
vn -0.729890 0.262859 -0.631004
vn -0.729890 0.262859 -0.631004
vn -0.770709 0.570769 -0.283250
vn -0.770709 0.570769 -0.283250
vn -0.770709 0.570769 -0.283250
vn -0.770709 0.570769 -0.283250
vn -0.770709 0.570769 -0.283250
vn -0.770709 0.570769 -0.283250
vn -0.686104 0.727079 0.024862
vn -0.686104 0.727079 0.024862
vn -0.686104 0.727079 0.024862
vn -0.686104 0.727079 0.024862
vn -0.686104 0.727079 0.024862
vn -0.686104 0.727079 0.024862
vn -0.542350 0.790607 0.284248
vn -0.542350 0.790607 0.284248
vn -0.542350 0.790607 0.284247
vn -0.542350 0.790607 0.284248
vn -0.542350 0.790607 0.284248
vn -0.542350 0.790607 0.284248
vn -0.344100 0.783572 0.517310
vn -0.344100 0.783572 0.517310
vn -0.344100 0.783572 0.517310
vn -0.344100 0.783572 0.517310
vn -0.344100 0.783572 0.517310
vn -0.344100 0.783572 0.517310
vn -0.064994 0.682949 0.727569
vn -0.064994 0.682949 0.727569
vn -0.064994 0.682949 0.727569
vn -0.064994 0.682949 0.727569
vn -0.064994 0.682949 0.727569
vn -0.064994 0.682949 0.727569
vn 0.310973 0.421420 0.851881
vn 0.310973 0.421420 0.851881
vn 0.310973 0.421420 0.851881
vn 0.310973 0.421420 0.851881
vn 0.310973 0.421420 0.851881
vn 0.310973 0.421420 0.851881
vn 0.310973 0.421420 0.851881
vn 0.310973 0.421420 0.851881
vn 0.293605 0.410253 0.863417
vn 0.310973 0.421420 0.851881
vn 0.293605 0.410253 0.863417
vn 0.293605 0.410253 0.863417
vn 0.293605 0.410253 0.863417
vn 0.293605 0.410253 0.863417
vn 0.300582 0.414752 0.858855
vn 0.293605 0.410253 0.863417
vn 0.300582 0.414752 0.858855
vn 0.300582 0.414752 0.858855
vn 0.666118 -0.006798 0.745815
vn 0.666118 -0.006798 0.745815
vn 0.666118 -0.006798 0.745815
vn 0.666118 -0.006798 0.745815
vn 0.666118 -0.006798 0.745815
vn 0.666118 -0.006798 0.745815
vn 0.808513 -0.397283 0.434135
vn 0.808513 -0.397283 0.434135
vn 0.808513 -0.397283 0.434135
vn 0.808513 -0.397283 0.434135
vn 0.808513 -0.397283 0.434135
vn 0.808513 -0.397283 0.434135
vn 0.772243 -0.626176 0.107443
vn 0.772243 -0.626176 0.107443
vn 0.772243 -0.626176 0.107443
vn 0.772243 -0.626176 0.107443
vn 0.772243 -0.626176 0.107443
vn 0.772243 -0.626176 0.107443
vn 0.655789 -0.735466 -0.170382
vn 0.655789 -0.735466 -0.170382
vn 0.655789 -0.735466 -0.170382
vn 0.655789 -0.735466 -0.170382
vn 0.655789 -0.735466 -0.170382
vn 0.655789 -0.735466 -0.170382
vn 0.368163 -0.850338 -0.376007
vn 0.368163 -0.850338 -0.376007
vn 0.368163 -0.850338 -0.376007
vn 0.368163 -0.850338 -0.376007
vn 0.368163 -0.850338 -0.376007
vn 0.368163 -0.850338 -0.376007
vn 0.170280 -0.775187 -0.608350
vn 0.170280 -0.775187 -0.608350
vn 0.170280 -0.775187 -0.608350
vn 0.170280 -0.775187 -0.608350
vn 0.170280 -0.775187 -0.608350
vn 0.170280 -0.775187 -0.608350
vn -0.644350 0.346300 -0.681828
vn -0.644350 0.346300 -0.681828
vn -0.644350 0.346300 -0.681828
vn -0.644350 0.346300 -0.681828
vn -0.644350 0.346300 -0.681828
vn -0.644350 0.346300 -0.681828
vn -0.654959 0.679242 -0.331149
vn -0.654959 0.679242 -0.331149
vn -0.654959 0.679242 -0.331149
vn -0.654959 0.679242 -0.331149
vn -0.654959 0.679242 -0.331149
vn -0.654959 0.679242 -0.331149
vn -0.560250 0.828171 -0.015930
vn -0.560250 0.828171 -0.015930
vn -0.560250 0.828171 -0.015930
vn -0.560250 0.828171 -0.015930
vn -0.560250 0.828171 -0.015930
vn -0.560250 0.828171 -0.015930
vn -0.423897 0.871367 0.247043
vn -0.423897 0.871367 0.247043
vn -0.423897 0.871367 0.247043
vn -0.423897 0.871367 0.247043
vn -0.423897 0.871367 0.247043
vn -0.423897 0.871367 0.247043
vn -0.250307 0.838817 0.483459
vn -0.250307 0.838817 0.483459
vn -0.250307 0.838817 0.483459
vn -0.250307 0.838817 0.483459
vn -0.250307 0.838817 0.483459
vn -0.250307 0.838817 0.483459
vn -0.017255 0.709053 0.704944
vn -0.017255 0.709053 0.704944
vn -0.017255 0.709053 0.704944
vn -0.017255 0.709053 0.704944
vn -0.017255 0.709053 0.704944
vn -0.017255 0.709053 0.704944
vn -0.017255 0.709053 0.704944
vn -0.017255 0.709053 0.704944
vn -0.044627 0.694422 0.718183
vn -0.017255 0.709053 0.704944
vn -0.044627 0.694422 0.718183
vn -0.044627 0.694422 0.718183
vn 0.592192 -0.076606 0.802147
vn 0.592192 -0.076606 0.802147
vn 0.592192 -0.076606 0.802147
vn 0.592192 -0.076606 0.802147
vn 0.592192 -0.076606 0.802147
vn 0.592192 -0.076606 0.802147
vn 0.698109 -0.516049 0.496323
vn 0.698109 -0.516050 0.496323
vn 0.698109 -0.516049 0.496323
vn 0.698109 -0.516049 0.496323
vn 0.698109 -0.516049 0.496323
vn 0.698109 -0.516050 0.496323
vn 0.641099 -0.751148 0.157380
vn 0.641099 -0.751148 0.157380
vn 0.641099 -0.751148 0.157380
vn 0.641099 -0.751148 0.157380
vn 0.641099 -0.751148 0.157380
vn 0.641099 -0.751148 0.157380
vn 0.521275 -0.843693 -0.128278
vn 0.521275 -0.843693 -0.128278
vn 0.521275 -0.843693 -0.128278
vn 0.521275 -0.843693 -0.128278
vn 0.521275 -0.843693 -0.128278
vn 0.521275 -0.843693 -0.128278
vn 0.431898 -0.809870 -0.396956
vn 0.431898 -0.809870 -0.396956
vn 0.431898 -0.809870 -0.396956
vn 0.431898 -0.809870 -0.396956
vn 0.431898 -0.809870 -0.396956
vn 0.431898 -0.809870 -0.396956
vn 0.216183 -0.748755 -0.626603
vn 0.216183 -0.748755 -0.626603
vn 0.216183 -0.748755 -0.626603
vn 0.216183 -0.748755 -0.626603
vn 0.216183 -0.748755 -0.626603
vn 0.216183 -0.748755 -0.626603
vn -0.693721 0.300153 -0.654721
vn -0.693721 0.300153 -0.654721
vn -0.693721 0.300152 -0.654721
vn -0.693721 0.300153 -0.654721
vn -0.693721 0.300153 -0.654721
vn -0.693721 0.300153 -0.654721
vn -0.721258 0.621513 -0.305790
vn -0.721258 0.621513 -0.305790
vn -0.721258 0.621513 -0.305790
vn -0.721258 0.621513 -0.305790
vn -0.721258 0.621513 -0.305790
vn -0.721258 0.621513 -0.305790
vn -0.631194 0.775599 0.006398
vn -0.631194 0.775599 0.006398
vn -0.631194 0.775599 0.006398
vn -0.631194 0.775599 0.006398
vn -0.631194 0.775599 0.006398
vn -0.631194 0.775599 0.006398
vn -0.489701 0.829650 0.268093
vn -0.489701 0.829650 0.268093
vn -0.489701 0.829650 0.268093
vn -0.489701 0.829650 0.268093
vn -0.489701 0.829650 0.268093
vn -0.489701 0.829650 0.268093
vn -0.302173 0.809847 0.502832
vn -0.302173 0.809847 0.502832
vn -0.302173 0.809847 0.502832
vn -0.302173 0.809847 0.502832
vn -0.302172 0.809847 0.502832
vn -0.302173 0.809847 0.502832
vn 0.630989 -0.041017 0.774707
vn 0.630989 -0.041017 0.774707
vn 0.630989 -0.041017 0.774707
vn 0.630989 -0.041017 0.774707
vn 0.630989 -0.041017 0.774707
vn 0.630989 -0.041017 0.774707
vn 0.758668 -0.455701 0.465574
vn 0.758668 -0.455701 0.465574
vn 0.758668 -0.455701 0.465574
vn 0.758668 -0.455701 0.465574
vn 0.758668 -0.455701 0.465574
vn 0.758668 -0.455701 0.465574
vn 0.712739 -0.688908 0.131943
vn 0.712739 -0.688908 0.131943
vn 0.712739 -0.688908 0.131943
vn 0.712739 -0.688908 0.131943
vn 0.712739 -0.688908 0.131943
vn 0.712739 -0.688908 0.131943
vn 0.593347 -0.790702 -0.150765
vn 0.593347 -0.790702 -0.150765
vn 0.593347 -0.790702 -0.150765
vn 0.593347 -0.790702 -0.150765
vn 0.593347 -0.790702 -0.150765
vn 0.593347 -0.790702 -0.150765
s off
g cherry_tree group1 pCylinder19
usemtl pCylinder2SG
f 1441/4561/8437 1443/4563/8438 1442/4562/8439
f 1441/4561/8440 1442/4562/8441 1444/4564/8442
f 1445/4565/8443 1441/4561/8444 1444/4564/8445
f 1445/4565/8446 1444/4564/8447 1446/4566/8448
f 1447/4567/8449 1445/4565/8450 1446/4566/8451
f 1447/4567/8452 1446/4566/8453 1448/4568/8454
f 1449/4569/8455 1447/4567/8456 1448/4568/8457
f 1449/4569/8458 1448/4568/8459 1450/4570/8460
f 1443/4571/8461 1451/4573/8462 1442/4572/8463
f 1443/4571/8464 1452/4574/8465 1451/4573/8466
f 1452/4574/8467 1453/4575/8468 1451/4573/8469
f 1452/4574/8470 1454/4576/8471 1453/4575/8472
f 1454/4576/8473 1455/4577/8474 1453/4575/8475
f 1454/4576/8476 1456/4578/8477 1455/4577/8478
f 1456/4579/8479 1457/4581/8480 1455/4580/8481
f 1456/4579/8482 1458/4582/8483 1457/4581/8484
f 1458/4582/8485 1459/4583/8486 1457/4581/8487
f 1458/4582/8488 1460/4584/8489 1459/4583/8490
f 1460/4584/8491 1461/4585/8492 1459/4583/8493
f 1460/4584/8494 1462/4586/8495 1461/4585/8496
f 1462/4586/8497 1463/4587/8498 1461/4585/8499
f 1462/4586/8500 1464/4588/8501 1463/4587/8502
f 1464/4588/8503 1465/4589/8504 1463/4587/8505
f 1464/4588/8506 1466/4590/8507 1465/4589/8508
f 1466/4591/8509 1467/4593/8510 1465/4592/8511
f 1466/4591/8512 1468/4594/8513 1467/4593/8514
f 1468/4594/8515 1469/4595/8516 1467/4593/8517
f 1468/4594/8518 1470/4596/8519 1469/4595/8520
f 1470/4596/8521 1450/4597/8522 1469/4595/8523
f 1470/4596/8524 1449/4598/8525 1450/4597/8526
f 1445/4599/8527 1443/4601/8528 1441/4600/8529
f 1443/4601/8530 1445/4599/8531 1447/4602/8532
f 1443/4601/8533 1447/4602/8534 1452/4603/8535
f 1452/4603/8536 1447/4602/8537 1449/4604/8538
f 1452/4603/8539 1449/4604/8540 1454/4605/8541
f 1454/4605/8542 1449/4604/8543 1470/4606/8544
f 1454/4605/8545 1470/4606/8546 1456/4607/8547
f 1456/4607/8548 1470/4606/8549 1468/4608/8550
f 1456/4607/8551 1468/4608/8552 1458/4609/8553
f 1458/4609/8554 1468/4608/8555 1466/4610/8556
f 1458/4609/8557 1466/4610/8558 1460/4611/8559
f 1460/4611/8560 1466/4610/8561 1464/4612/8562
f 1460/4611/8563 1464/4612/8564 1462/4613/8565
f 1471/4614/8566 1473/4616/8567 1472/4615/8568
f 1473/4616/8569 1471/4614/8570 1474/4617/8571
f 1474/4617/8572 1471/4614/8573 1475/4618/8574
f 1474/4617/8575 1475/4618/8576 1476/4619/8577
f 1476/4619/8578 1475/4618/8579 1477/4620/8580
f 1476/4619/8581 1477/4620/8582 1478/4621/8583
f 1478/4621/8584 1477/4620/8585 1479/4622/8586
f 1478/4621/8587 1479/4622/8588 1480/4623/8589
f 1480/4623/8590 1479/4622/8591 1481/4624/8592
f 1480/4623/8593 1481/4624/8594 1482/4625/8595
f 1482/4625/8596 1481/4624/8597 1483/4626/8598
f 1482/4625/8599 1483/4626/8600 1484/4627/8601
f 1484/4627/8602 1483/4626/8603 1485/4628/8604
f 1444/4629/8605 1487/4631/8606 1486/4630/8607
f 1444/4629/8608 1442/4632/8609 1487/4631/8610
f 1442/4633/8611 1488/4635/8612 1487/4634/8613
f 1442/4633/8614 1451/4636/8615 1488/4635/8616
f 1451/4637/8617 1453/4639/8618 1489/4638/8619
f 1451/4637/8620 1489/4638/8621 1488/4640/8622
f 1488/4640/8623 1489/4638/8624 1490/4641/8625
f 1488/4640/8626 1490/4641/8627 1491/4642/8628
f 1491/4642/8629 1490/4641/8630 1477/4643/8631
f 1491/4642/8632 1477/4643/8633 1475/4644/8634
f 1453/4645/8635 1455/4647/8636 1492/4646/8637
f 1453/4645/8638 1492/4646/8639 1489/4648/8640
f 1489/4648/8641 1492/4646/8642 1493/4649/8643
f 1489/4648/8644 1493/4649/8645 1490/4650/8646
f 1490/4650/8647 1493/4649/8648 1479/4651/8649
f 1490/4650/8650 1479/4651/8651 1477/4652/8652
f 1455/4653/8653 1494/4655/8654 1492/4654/8655
f 1455/4653/8656 1457/4656/8657 1494/4655/8658
f 1457/4657/8659 1495/4659/8660 1494/4658/8661
f 1457/4657/8662 1459/4660/8663 1495/4659/8664
f 1459/4661/8665 1496/4663/8666 1495/4662/8667
f 1459/4661/8668 1461/4664/8669 1496/4663/8670
f 1461/4665/8671 1497/4667/8672 1496/4666/8673
f 1461/4665/8674 1463/4668/8675 1497/4667/8676
f 1463/4669/8677 1498/4671/8678 1497/4670/8679
f 1463/4669/8680 1465/4672/8681 1498/4671/8682
f 1465/4673/8683 1499/4675/8684 1498/4674/8685
f 1465/4673/8686 1467/4676/8687 1499/4675/8688
f 1467/4677/8689 1469/4679/8690 1500/4678/8691
f 1467/4677/8692 1500/4678/8693 1499/4680/8694
f 1499/4680/8695 1500/4678/8696 1501/4681/8697
f 1499/4680/8698 1501/4681/8699 1502/4682/8700
f 1502/4682/8701 1501/4681/8702 1478/4683/8703
f 1502/4682/8704 1478/4683/8705 1480/4684/8706
f 1469/4685/8707 1503/4687/8708 1500/4686/8709
f 1469/4685/8710 1450/4688/8711 1503/4687/8712
f 1450/4689/8713 1504/4691/8714 1503/4690/8715
f 1450/4689/8716 1448/4692/8717 1504/4691/8718
f 1448/4693/8719 1505/4695/8720 1504/4694/8721
f 1448/4693/8722 1446/4696/8723 1505/4695/8724
f 1446/4697/8725 1486/4699/8726 1505/4698/8727
f 1446/4697/8728 1444/4700/8729 1486/4699/8730
f 1486/4701/8731 1507/4703/8732 1506/4702/8733
f 1486/4701/8734 1487/4704/8735 1507/4703/8736
f 1487/4705/8737 1491/4707/8738 1507/4706/8739
f 1487/4705/8740 1488/4708/8741 1491/4707/8742
f 1492/4709/8743 1508/4711/8744 1493/4710/8745
f 1492/4709/8746 1494/4712/8747 1508/4711/8748
f 1494/4713/8749 1509/4715/8750 1508/4714/8751
f 1494/4713/8752 1495/4716/8753 1509/4715/8754
f 1495/4717/8755 1510/4719/8756 1509/4718/8757
f 1495/4717/8758 1496/4720/8759 1510/4719/8760
f 1496/4721/8761 1511/4723/8762 1510/4722/8763
f 1496/4721/8764 1497/4724/8765 1511/4723/8766
f 1497/4725/8767 1512/4727/8768 1511/4726/8769
f 1497/4725/8770 1498/4728/8771 1512/4727/8772
f 1498/4729/8773 1499/4731/8774 1502/4730/8775
f 1498/4729/8776 1502/4730/8777 1512/4732/8778
f 1512/4732/8779 1502/4730/8780 1480/4733/8781
f 1512/4732/8782 1480/4733/8783 1482/4734/8784
f 1500/4735/8785 1513/4737/8786 1501/4736/8787
f 1500/4735/8788 1503/4738/8789 1513/4737/8790
f 1503/4739/8791 1514/4741/8792 1513/4740/8793
f 1503/4739/8794 1504/4742/8795 1514/4741/8796
f 1504/4743/8797 1515/4745/8798 1514/4744/8799
f 1504/4743/8800 1505/4746/8801 1515/4745/8802
f 1505/4747/8803 1506/4749/8804 1515/4748/8805
f 1505/4747/8806 1486/4750/8807 1506/4749/8808
f 1506/4751/8809 1471/4753/8810 1472/4752/8811
f 1506/4751/8812 1507/4754/8813 1471/4753/8814
f 1507/4755/8815 1475/4757/8816 1471/4756/8817
f 1507/4755/8818 1491/4758/8819 1475/4757/8820
f 1493/4759/8821 1481/4761/8822 1479/4760/8823
f 1493/4759/8824 1508/4762/8825 1481/4761/8826
f 1508/4763/8827 1483/4765/8828 1481/4764/8829
f 1508/4763/8830 1509/4766/8831 1483/4765/8832
f 1509/4767/8833 1485/4769/8834 1483/4768/8835
f 1509/4767/8836 1510/4770/8837 1485/4769/8838
f 1510/4771/8839 1484/4773/8840 1485/4772/8841
f 1510/4771/8842 1511/4774/8843 1484/4773/8844
f 1511/4775/8845 1482/4777/8846 1484/4776/8847
f 1511/4775/8848 1512/4778/8849 1482/4777/8850
f 1501/4779/8851 1476/4781/8852 1478/4780/8853
f 1501/4779/8854 1513/4782/8855 1476/4781/8856
f 1513/4783/8857 1474/4785/8858 1476/4784/8859
f 1513/4783/8860 1514/4786/8861 1474/4785/8862
f 1514/4787/8863 1473/4789/8864 1474/4788/8865
f 1514/4787/8866 1515/4790/8867 1473/4789/8868
f 1515/4791/8869 1472/4793/8870 1473/4792/8871
f 1515/4791/8872 1506/4794/8873 1472/4793/8874
g default
v -235.575003 412.195538 815.741531
v -241.433956 415.890557 821.969517
v -234.862450 411.829281 816.950510
v -242.079383 416.222311 820.874428
v -235.942654 413.047458 814.626825
v -242.412400 416.993977 819.864731
v -235.901832 414.237739 813.799135
v -242.375424 418.072130 819.115013
v -235.459596 415.560570 813.401575
v -241.974849 419.270345 818.754905
v -240.587717 416.056080 822.960647
v -233.928201 412.012019 818.044719
v -239.686990 416.690259 823.676443
v -232.933797 412.712153 818.834960
v -238.887518 417.683439 823.993138
v -232.051180 413.808625 819.184591
v -238.327537 418.863890 823.855972
v -231.432960 415.111843 819.033159
v -238.103873 420.027502 823.288662
v -231.186036 416.396472 818.406848
v -238.255201 420.973074 822.389301
v -231.353101 417.440385 817.413953
v -238.755352 421.537110 821.313397
v -231.905269 418.063081 816.226153
v -239.517848 421.622082 820.246984
v -232.747065 418.156891 815.048832
v -240.410845 421.213298 819.374453
v -233.732935 417.705593 814.085558
v -241.279937 420.381441 818.846674
v -234.692413 416.787221 813.502889
v -292.543239 448.001563 863.016792
v -292.966553 447.475684 862.849105
v -293.443479 447.139892 862.470097
v -293.891555 447.052249 861.945303
v -292.246735 448.626601 862.944164
v -294.233303 447.227909 861.365464
v -292.128307 449.242722 862.643778
v -294.409632 447.636499 860.830839
v -292.208433 449.743395 862.167575
v -294.390054 448.207371 860.433869
v -292.473259 450.042046 861.597894
v -294.177953 448.841815 860.243196
v -292.876994 450.087038 861.033238
v -293.810003 449.430130 860.291787
v -293.349827 449.870591 860.571241
v -256.683159 426.876257 834.045731
v -256.156518 426.605561 834.939274
v -255.466026 426.740620 835.747992
v -254.731072 427.258082 836.332051
v -254.078738 428.068473 836.590459
v -253.621819 429.031668 836.478538
v -253.439320 429.981123 836.015638
v -253.562796 430.752668 835.281800
v -253.970897 431.212896 834.403910
v -254.593060 431.282229 833.533764
v -255.321706 430.948680 832.821818
v -256.030846 430.269921 832.391174
v -271.535999 437.097499 842.764099
v -270.914732 437.692150 843.141380
v -256.597863 429.363317 832.316294
v -256.924715 428.385626 832.610126
v -256.954886 427.505902 833.221863
v -272.107481 434.124357 844.213632
v -271.646099 433.887204 844.996454
v -271.041168 434.005528 845.704960
v -270.397286 434.458869 846.216645
v -269.825785 435.168841 846.443034
v -269.425485 436.012682 846.344981
v -269.265600 436.844487 845.939440
v -269.373775 437.520427 845.296535
v -269.731307 437.923626 844.527428
v -270.276375 437.984368 843.765106
v -272.032755 436.303235 842.698498
v -272.319105 435.446695 842.955919
v -272.345538 434.675981 843.491854
vt 0.072074 0.001992
vt 0.088491 0.113636
vt 0.092806 0.001992
vt 0.069713 0.113636
vt 0.047008 0.001992
vt 0.047008 0.113636
vt 0.021942 0.001992
vt 0.024303 0.113636
vt 0.001210 0.001992
vt 0.005524 0.113636
vt 0.195369 0.998008
vt 0.191548 0.886364
vt 0.171446 0.886364
vt 0.173176 0.998008
vt 0.148361 0.886364
vt 0.147690 0.998008
vt 0.126285 0.886364
vt 0.123319 0.998008
vt 0.202552 0.001992
vt 0.207579 0.113636
vt 0.223111 0.113636
vt 0.219699 0.001992
vt 0.244317 0.113636
vt 0.243109 0.001992
vt 0.267529 0.113636
vt 0.268736 0.001992
vt 0.288734 0.113636
vt 0.292146 0.001992
vt 0.304266 0.113636
vt 0.309293 0.001992
vt 0.339240 0.001992
vt 0.342206 0.113636
vt 0.364282 0.113636
vt 0.363612 0.001992
vt 0.387367 0.113636
vt 0.389097 0.001992
vt 0.407469 0.113636
vt 0.411290 0.001992
vt 0.497797 0.004671
vt 0.472312 0.001992
vt 0.447940 0.009911
vt 0.519990 0.017484
vt 0.428896 0.027058
vt 0.535053 0.038216
vt 0.418473 0.050469
vt 0.540381 0.063282
vt 0.418473 0.076095
vt 0.535053 0.088348
vt 0.428896 0.099505
vt 0.519990 0.109080
vt 0.447940 0.116652
vt 0.497797 0.121893
vt 0.472312 0.124571
vt 0.561789 0.056984
vt 0.573478 0.060782
vt 0.585701 0.059498
vt 0.596345 0.053352
vt 0.552656 0.048760
vt 0.603570 0.043409
vt 0.547657 0.037533
vt 0.606125 0.031387
vt 0.547657 0.025242
vt 0.603570 0.019365
vt 0.552656 0.014014
vt 0.596345 0.009422
vt 0.561789 0.005790
vt 0.585701 0.003277
vt 0.573478 0.001992
vt 0.069713 0.113636
vt 0.063818 0.383323
vt 0.079141 0.383323
vt 0.088491 0.113636
vt 0.191548 0.886364
vt 0.152456 0.616677
vt 0.136054 0.616677
vt 0.171446 0.886364
vt 0.171446 0.886364
vt 0.136054 0.616677
vt 0.117218 0.616677
vt 0.148361 0.886364
vt 0.148361 0.886364
vt 0.117218 0.616677
vt 0.099205 0.616677
vt 0.126285 0.886364
vt 0.207579 0.113636
vt 0.218193 0.383323
vt 0.230866 0.383323
vt 0.223111 0.113636
vt 0.223111 0.113636
vt 0.230866 0.383323
vt 0.248168 0.383323
vt 0.244317 0.113636
vt 0.244317 0.113636
vt 0.248168 0.383323
vt 0.267108 0.383323
vt 0.267529 0.113636
vt 0.267529 0.113636
vt 0.267108 0.383323
vt 0.284411 0.383323
vt 0.288734 0.113636
vt 0.288734 0.113636
vt 0.284411 0.383323
vt 0.297084 0.383323
vt 0.304266 0.113636
vt 0.342206 0.113636
vt 0.315126 0.383323
vt 0.333139 0.383323
vt 0.364282 0.113636
vt 0.364282 0.113636
vt 0.351975 0.383323
vt 0.387367 0.113636
vt 0.333139 0.383323
vt 0.382622 0.623245
vt 0.366120 0.623245
vt 0.379538 0.998008
vt 0.367314 0.998008
vt 0.387367 0.113636
vt 0.351975 0.383323
vt 0.368378 0.383323
vt 0.407469 0.113636
vt 0.005524 0.113636
vt 0.011443 0.383323
vt 0.026766 0.383323
vt 0.024303 0.113636
vt 0.024303 0.113636
vt 0.026766 0.383323
vt 0.045292 0.383323
vt 0.047008 0.113636
vt 0.047008 0.113636
vt 0.045292 0.383323
vt 0.063818 0.383323
vt 0.069713 0.113636
vt 0.063818 0.383323
vt 0.063238 0.623245
vt 0.076662 0.623245
vt 0.079141 0.383323
vt 0.152456 0.616677
vt 0.181071 0.376755
vt 0.166701 0.376755
vt 0.136054 0.616677
vt 0.136054 0.616677
vt 0.150199 0.376755
vt 0.117218 0.616677
vt 0.166701 0.376755
vt 0.151393 0.001992
vt 0.163616 0.001992
vt 0.117218 0.616677
vt 0.134418 0.376755
vt 0.099205 0.616677
vt 0.150199 0.376755
vt 0.139704 0.001992
vt 0.151393 0.001992
vt 0.218193 0.383323
vt 0.221365 0.623245
vt 0.232468 0.623245
vt 0.230866 0.383323
vt 0.230866 0.383323
vt 0.232468 0.623245
vt 0.247626 0.623245
vt 0.248168 0.383323
vt 0.248168 0.383323
vt 0.247626 0.623245
vt 0.264219 0.623245
vt 0.267108 0.383323
vt 0.267108 0.383323
vt 0.264219 0.623245
vt 0.279377 0.623245
vt 0.284411 0.383323
vt 0.284411 0.383323
vt 0.279377 0.623245
vt 0.290480 0.623245
vt 0.297084 0.383323
vt 0.315126 0.383323
vt 0.366120 0.623245
vt 0.333139 0.383323
vt 0.350339 0.623245
vt 0.367314 0.998008
vt 0.355625 0.998008
vt 0.351975 0.383323
vt 0.382622 0.623245
vt 0.396992 0.623245
vt 0.368378 0.383323
vt 0.011443 0.383323
vt 0.017353 0.623245
vt 0.030777 0.623245
vt 0.026766 0.383323
vt 0.026766 0.383323
vt 0.030777 0.623245
vt 0.047008 0.623245
vt 0.045292 0.383323
vt 0.045292 0.383323
vt 0.047008 0.623245
vt 0.063238 0.623245
vt 0.063818 0.383323
vt 0.063238 0.623245
vt 0.059030 0.998008
vt 0.068973 0.998008
vt 0.076662 0.623245
vt 0.181071 0.376755
vt 0.174260 0.001992
vt 0.163616 0.001992
vt 0.166701 0.376755
vt 0.221365 0.623245
vt 0.230325 0.998008
vt 0.238549 0.998008
vt 0.232468 0.623245
vt 0.232468 0.623245
vt 0.238549 0.998008
vt 0.249777 0.998008
vt 0.247626 0.623245
vt 0.247626 0.623245
vt 0.249777 0.998008
vt 0.262068 0.998008
vt 0.264219 0.623245
vt 0.264219 0.623245
vt 0.262068 0.998008
vt 0.273296 0.998008
vt 0.279377 0.623245
vt 0.279377 0.623245
vt 0.273296 0.998008
vt 0.281520 0.998008
vt 0.290480 0.623245
vt 0.382622 0.623245
vt 0.379538 0.998008
vt 0.390181 0.998008
vt 0.396992 0.623245
vt 0.017353 0.623245
vt 0.025043 0.998008
vt 0.034986 0.998008
vt 0.030777 0.623245
vt 0.030777 0.623245
vt 0.034986 0.998008
vt 0.047008 0.998008
vt 0.047008 0.623245
vt 0.047008 0.623245
vt 0.047008 0.998008
vt 0.059030 0.998008
vt 0.063238 0.623245
vn -0.597183 -0.790371 -0.136699
vn -0.393064 -0.895262 0.209779
vn -0.393129 -0.895254 0.209688
vn -0.597183 -0.790371 -0.136699
vn -0.393129 -0.895254 0.209688
vn -0.597206 -0.790345 -0.136749
vn -0.702513 -0.546273 -0.456137
vn -0.597183 -0.790371 -0.136699
vn -0.597206 -0.790345 -0.136749
vn -0.702513 -0.546273 -0.456137
vn -0.597206 -0.790345 -0.136749
vn -0.702513 -0.546273 -0.456137
vn -0.690835 -0.205184 -0.693287
vn -0.702513 -0.546273 -0.456137
vn -0.702513 -0.546273 -0.456137
vn -0.690835 -0.205184 -0.693287
vn -0.702513 -0.546273 -0.456137
vn -0.690845 -0.205238 -0.693261
vn -0.564171 0.173905 -0.807136
vn -0.690835 -0.205184 -0.693287
vn -0.690845 -0.205238 -0.693261
vn -0.564171 0.173905 -0.807136
vn -0.690845 -0.205238 -0.693261
vn -0.564218 0.173805 -0.807124
vn -0.393064 -0.895262 0.209779
vn -0.125559 -0.842859 0.523281
vn -0.393129 -0.895254 0.209688
vn -0.393064 -0.895262 0.209779
vn -0.125462 -0.842815 0.523376
vn -0.125559 -0.842859 0.523281
vn -0.125462 -0.842815 0.523376
vn 0.159243 -0.642209 0.749806
vn -0.125559 -0.842859 0.523281
vn -0.125462 -0.842815 0.523376
vn 0.159342 -0.642114 0.749866
vn 0.159243 -0.642209 0.749806
vn 0.159342 -0.642114 0.749866
vn 0.412034 -0.327987 0.850089
vn 0.159243 -0.642209 0.749806
vn 0.159342 -0.642114 0.749866
vn 0.412103 -0.327877 0.850098
vn 0.412034 -0.327987 0.850089
vn 0.412103 -0.327877 0.850098
vn 0.589098 0.045477 0.806781
vn 0.412034 -0.327987 0.850089
vn 0.412103 -0.327877 0.850098
vn 0.589125 0.045558 0.806756
vn 0.589098 0.045477 0.806781
vn 0.589125 0.045558 0.806756
vn 0.659811 0.413603 0.627361
vn 0.589098 0.045477 0.806781
vn 0.589125 0.045558 0.806756
vn 0.659812 0.413628 0.627344
vn 0.659811 0.413603 0.627361
vn 0.659812 0.413628 0.627344
vn 0.611940 0.712727 0.342856
vn 0.659811 0.413603 0.627361
vn 0.659812 0.413628 0.627344
vn 0.611948 0.712708 0.342880
vn 0.611940 0.712727 0.342856
vn 0.611948 0.712708 0.342880
vn 0.453764 0.891118 0.002467
vn 0.611940 0.712727 0.342856
vn 0.611948 0.712708 0.342880
vn 0.453808 0.891096 0.002541
vn 0.453764 0.891118 0.002467
vn 0.453808 0.891096 0.002541
vn 0.212641 0.917932 -0.334939
vn 0.453764 0.891118 0.002467
vn 0.453808 0.891096 0.002541
vn 0.212725 0.917949 -0.334841
vn 0.212641 0.917932 -0.334939
vn 0.212725 0.917949 -0.334841
vn -0.069730 0.788539 -0.611019
vn 0.212641 0.917932 -0.334939
vn 0.212725 0.917949 -0.334841
vn -0.069628 0.788611 -0.610937
vn -0.069730 0.788539 -0.611019
vn -0.069628 0.788611 -0.610937
vn -0.344520 0.525324 -0.778037
vn -0.069730 0.788539 -0.611019
vn -0.069628 0.788611 -0.610937
vn -0.344433 0.525432 -0.778002
vn -0.344520 0.525324 -0.778037
vn -0.344433 0.525432 -0.778002
vn -0.564218 0.173805 -0.807124
vn -0.344520 0.525324 -0.778037
vn -0.344433 0.525432 -0.778002
vn -0.564171 0.173905 -0.807136
vn -0.564218 0.173805 -0.807124
vn 0.726632 -0.408855 -0.552126
vn 0.726632 -0.408855 -0.552126
vn 0.726632 -0.408855 -0.552126
vn 0.726632 -0.408855 -0.552126
vn 0.726632 -0.408855 -0.552126
vn 0.726632 -0.408855 -0.552126
vn 0.726632 -0.408855 -0.552126
vn 0.726632 -0.408855 -0.552126
vn 0.726632 -0.408855 -0.552126
vn 0.726632 -0.408855 -0.552126
vn 0.726632 -0.408855 -0.552126
vn 0.726632 -0.408855 -0.552126
vn 0.726632 -0.408855 -0.552126
vn 0.726632 -0.408855 -0.552126
vn 0.726632 -0.408855 -0.552126
vn 0.726632 -0.408855 -0.552126
vn 0.726632 -0.408855 -0.552126
vn 0.726632 -0.408855 -0.552126
vn 0.726632 -0.408855 -0.552126
vn 0.726632 -0.408855 -0.552126
vn 0.726632 -0.408855 -0.552126
vn 0.726632 -0.408855 -0.552126
vn 0.726632 -0.408855 -0.552126
vn 0.726632 -0.408855 -0.552126
vn 0.726632 -0.408855 -0.552126
vn 0.726632 -0.408855 -0.552126
vn 0.726632 -0.408855 -0.552126
vn 0.726632 -0.408855 -0.552126
vn 0.726632 -0.408855 -0.552126
vn 0.726632 -0.408855 -0.552126
vn 0.726632 -0.408855 -0.552126
vn 0.726632 -0.408855 -0.552126
vn 0.726632 -0.408855 -0.552126
vn 0.726632 -0.408855 -0.552126
vn 0.726632 -0.408855 -0.552126
vn 0.726632 -0.408855 -0.552126
vn 0.726632 -0.408855 -0.552126
vn 0.726632 -0.408855 -0.552126
vn 0.726632 -0.408855 -0.552126
vn -0.726632 0.408855 0.552126
vn -0.726632 0.408855 0.552126
vn -0.726632 0.408855 0.552126
vn -0.726632 0.408855 0.552126
vn -0.726632 0.408855 0.552126
vn -0.726632 0.408855 0.552126
vn -0.726632 0.408855 0.552126
vn -0.726632 0.408855 0.552126
vn -0.726632 0.408855 0.552126
vn -0.726632 0.408855 0.552126
vn -0.726632 0.408855 0.552126
vn -0.726632 0.408855 0.552126
vn -0.726632 0.408855 0.552126
vn -0.726632 0.408855 0.552126
vn -0.726632 0.408855 0.552126
vn -0.726632 0.408855 0.552126
vn -0.726632 0.408855 0.552126
vn -0.726632 0.408855 0.552126
vn -0.726632 0.408855 0.552126
vn -0.726632 0.408855 0.552126
vn -0.726632 0.408855 0.552126
vn -0.726632 0.408855 0.552126
vn -0.726632 0.408855 0.552126
vn -0.726632 0.408855 0.552126
vn -0.726632 0.408855 0.552126
vn -0.726632 0.408855 0.552126
vn -0.726632 0.408855 0.552126
vn -0.726632 0.408855 0.552126
vn -0.726632 0.408855 0.552126
vn -0.726632 0.408855 0.552126
vn -0.726632 0.408855 0.552126
vn -0.726632 0.408855 0.552126
vn -0.726632 0.408855 0.552126
vn -0.726632 0.408855 0.552126
vn -0.726632 0.408855 0.552126
vn -0.726632 0.408855 0.552126
vn -0.726632 0.408855 0.552126
vn -0.726632 0.408855 0.552126
vn -0.726632 0.408855 0.552126
vn -0.546453 -0.834624 0.069224
vn -0.546453 -0.834624 0.069224
vn -0.546453 -0.834624 0.069224
vn -0.546453 -0.834624 0.069224
vn -0.546453 -0.834624 0.069224
vn -0.546453 -0.834624 0.069224
vn -0.289296 -0.872940 0.392789
vn -0.289296 -0.872940 0.392789
vn -0.289296 -0.872940 0.392789
vn -0.289296 -0.872940 0.392789
vn -0.289296 -0.872940 0.392789
vn -0.289296 -0.872940 0.392789
vn 0.015784 -0.758174 0.651862
vn 0.015784 -0.758174 0.651862
vn 0.015784 -0.758174 0.651862
vn 0.015784 -0.758174 0.651862
vn 0.015784 -0.758174 0.651862
vn 0.015784 -0.758174 0.651862
vn 0.315656 -0.509367 0.800566
vn 0.315656 -0.509367 0.800566
vn 0.315656 -0.509367 0.800566
vn 0.315656 -0.509367 0.800566
vn 0.315656 -0.509367 0.800566
vn 0.315656 -0.509367 0.800566
vn 0.557539 -0.170069 0.812543
vn 0.557539 -0.170069 0.812543
vn 0.557539 -0.170069 0.812543
vn 0.557539 -0.170069 0.812543
vn 0.557539 -0.170069 0.812543
vn 0.557539 -0.170069 0.812543
vn 0.699358 0.200118 0.686186
vn 0.699358 0.200118 0.686186
vn 0.699358 0.200118 0.686186
vn 0.699358 0.200118 0.686186
vn 0.699358 0.200118 0.686186
vn 0.699358 0.200118 0.686186
vn 0.717153 0.537127 0.444057
vn 0.717153 0.537127 0.444057
vn 0.717153 0.537127 0.444057
vn 0.717153 0.537127 0.444057
vn 0.717153 0.537127 0.444057
vn 0.717153 0.537127 0.444057
vn 0.608232 0.783381 0.127936
vn 0.608232 0.783381 0.127936
vn 0.608232 0.783381 0.127936
vn 0.608232 0.783381 0.127936
vn 0.608232 0.783381 0.127936
vn 0.608232 0.783381 0.127936
vn 0.391032 0.896530 -0.208156
vn 0.391032 0.896530 -0.208156
vn 0.391032 0.896530 -0.208156
vn 0.391032 0.896530 -0.208156
vn 0.391032 0.896530 -0.208156
vn 0.391032 0.896530 -0.208156
vn 0.102589 0.856305 -0.506178
vn 0.102589 0.856305 -0.506178
vn 0.102589 0.856305 -0.506178
vn 0.102589 0.856305 -0.506178
vn 0.102589 0.856305 -0.506178
vn 0.102589 0.856305 -0.506178
vn -0.206918 0.669067 -0.713817
vn -0.206918 0.669067 -0.713817
vn -0.206918 0.669067 -0.713817
vn -0.206918 0.669067 -0.713817
vn -0.206918 0.669067 -0.713817
vn -0.206918 0.669067 -0.713817
vn -0.206918 0.669067 -0.713817
vn -0.206918 0.669067 -0.713817
vn -0.193329 0.661633 -0.724477
vn -0.206918 0.669067 -0.713817
vn -0.193329 0.661633 -0.724477
vn -0.193329 0.661633 -0.724477
vn -0.193329 0.661633 -0.724477
vn -0.193329 0.661633 -0.724477
vn -0.198774 0.664635 -0.720243
vn -0.193329 0.661633 -0.724477
vn -0.198774 0.664635 -0.720243
vn -0.198774 0.664635 -0.720243
vn -0.483079 0.367760 -0.794599
vn -0.483079 0.367760 -0.794599
vn -0.483079 0.367760 -0.794599
vn -0.483079 0.367760 -0.794599
vn -0.483079 0.367760 -0.794599
vn -0.483079 0.367760 -0.794599
vn -0.677870 0.005676 -0.735160
vn -0.677870 0.005676 -0.735160
vn -0.677870 0.005676 -0.735160
vn -0.677870 0.005676 -0.735160
vn -0.677870 0.005676 -0.735160
vn -0.677870 0.005676 -0.735160
vn -0.758487 -0.354322 -0.546950
vn -0.758487 -0.354322 -0.546950
vn -0.758487 -0.354322 -0.546950
vn -0.758487 -0.354322 -0.546950
vn -0.758487 -0.354322 -0.546950
vn -0.758487 -0.354322 -0.546950
vn -0.712026 -0.651124 -0.262786
vn -0.712026 -0.651124 -0.262786
vn -0.712026 -0.651124 -0.262786
vn -0.712026 -0.651124 -0.262786
vn -0.712026 -0.651124 -0.262786
vn -0.712026 -0.651124 -0.262786
vn -0.434317 -0.900603 -0.016856
vn -0.434317 -0.900603 -0.016855
vn -0.434317 -0.900603 -0.016856
vn -0.434317 -0.900603 -0.016856
vn -0.434317 -0.900603 -0.016855
vn -0.434317 -0.900603 -0.016855
vn -0.213488 -0.917528 0.335509
vn -0.213488 -0.917527 0.335509
vn -0.213488 -0.917527 0.335509
vn -0.213488 -0.917528 0.335509
vn -0.213488 -0.917527 0.335509
vn -0.213488 -0.917527 0.335509
vn 0.042871 -0.773968 0.631771
vn 0.042871 -0.773968 0.631771
vn 0.042871 -0.773968 0.631771
vn 0.042871 -0.773968 0.631771
vn 0.042871 -0.773968 0.631771
vn 0.042871 -0.773968 0.631771
vn 0.042871 -0.773968 0.631771
vn 0.042871 -0.773968 0.631771
vn 0.030304 -0.766770 0.641207
vn 0.042871 -0.773968 0.631771
vn 0.030304 -0.766770 0.641207
vn 0.030304 -0.766770 0.641207
vn 0.289733 -0.494522 0.819453
vn 0.289733 -0.494522 0.819453
vn 0.289733 -0.494522 0.819453
vn 0.289733 -0.494522 0.819453
vn 0.289733 -0.494522 0.819453
vn 0.289733 -0.494522 0.819453
vn 0.289733 -0.494522 0.819453
vn 0.289733 -0.494522 0.819453
vn 0.305283 -0.503476 0.808279
vn 0.289733 -0.494522 0.819453
vn 0.305283 -0.503476 0.808279
vn 0.305283 -0.503476 0.808279
vn 0.483603 -0.128812 0.865757
vn 0.483603 -0.128812 0.865757
vn 0.483603 -0.128812 0.865757
vn 0.483603 -0.128812 0.865757
vn 0.483603 -0.128812 0.865757
vn 0.483603 -0.128812 0.865757
vn 0.591210 0.258782 0.763874
vn 0.591210 0.258782 0.763874
vn 0.591210 0.258782 0.763874
vn 0.591210 0.258782 0.763874
vn 0.591210 0.258782 0.763874
vn 0.591210 0.258782 0.763874
vn 0.595011 0.601856 0.532664
vn 0.595011 0.601856 0.532664
vn 0.595011 0.601856 0.532664
vn 0.595011 0.601856 0.532664
vn 0.595011 0.601856 0.532664
vn 0.595011 0.601856 0.532664
vn 0.494873 0.842767 0.211766
vn 0.494873 0.842767 0.211766
vn 0.494873 0.842767 0.211766
vn 0.494873 0.842767 0.211766
vn 0.494873 0.842767 0.211766
vn 0.494873 0.842767 0.211766
vn 0.307407 0.940487 -0.144860
vn 0.307407 0.940487 -0.144860
vn 0.307407 0.940487 -0.144860
vn 0.307407 0.940487 -0.144860
vn 0.307407 0.940487 -0.144860
vn 0.307407 0.940487 -0.144860
vn 0.063996 0.876928 -0.476342
vn 0.063996 0.876928 -0.476342
vn 0.063996 0.876928 -0.476342
vn 0.063996 0.876928 -0.476342
vn 0.063996 0.876928 -0.476342
vn 0.063996 0.876928 -0.476342
vn 0.063996 0.876928 -0.476342
vn 0.063996 0.876928 -0.476342
vn 0.086217 0.865367 -0.493667
vn 0.063996 0.876928 -0.476342
vn 0.086217 0.865367 -0.493667
vn 0.086216 0.865367 -0.493667
vn -0.419164 0.331953 -0.845050
vn -0.419164 0.331953 -0.845050
vn -0.419164 0.331953 -0.845050
vn -0.419164 0.331953 -0.845050
vn -0.419164 0.331953 -0.845050
vn -0.419164 0.331953 -0.845050
vn -0.573850 -0.053753 -0.817194
vn -0.573850 -0.053753 -0.817194
vn -0.573850 -0.053753 -0.817194
vn -0.573850 -0.053753 -0.817194
vn -0.573850 -0.053753 -0.817194
vn -0.573850 -0.053753 -0.817194
vn -0.631094 -0.428153 -0.646842
vn -0.631094 -0.428153 -0.646842
vn -0.631094 -0.428153 -0.646842
vn -0.631094 -0.428153 -0.646842
vn -0.631094 -0.428153 -0.646842
vn -0.631094 -0.428153 -0.646842
vn -0.581758 -0.727359 -0.364013
vn -0.581758 -0.727359 -0.364013
vn -0.581758 -0.727359 -0.364013
vn -0.581758 -0.727359 -0.364013
vn -0.581758 -0.727359 -0.364013
vn -0.581758 -0.727359 -0.364013
vn -0.493504 -0.869308 0.027509
vn -0.493504 -0.869308 0.027509
vn -0.493504 -0.869308 0.027509
vn -0.493504 -0.869308 0.027509
vn -0.493504 -0.869308 0.027509
vn -0.493504 -0.869308 0.027509
vn -0.252243 -0.896172 0.365033
vn -0.252243 -0.896172 0.365033
vn -0.252243 -0.896172 0.365033
vn -0.252243 -0.896172 0.365033
vn -0.252243 -0.896172 0.365033
vn -0.252243 -0.896172 0.365033
vn 0.525146 -0.151818 0.837361
vn 0.525146 -0.151818 0.837361
vn 0.525146 -0.151818 0.837361
vn 0.525146 -0.151818 0.837361
vn 0.525146 -0.151818 0.837361
vn 0.525146 -0.151818 0.837361
vn 0.651878 0.227400 0.723425
vn 0.651878 0.227400 0.723425
vn 0.651878 0.227400 0.723425
vn 0.651878 0.227400 0.723425
vn 0.651878 0.227400 0.723425
vn 0.651878 0.227400 0.723425
vn 0.663567 0.568608 0.486173
vn 0.663567 0.568608 0.486173
vn 0.663567 0.568608 0.486173
vn 0.663567 0.568608 0.486173
vn 0.663567 0.568608 0.486173
vn 0.663567 0.568608 0.486173
vn 0.558191 0.812809 0.166626
vn 0.558191 0.812809 0.166626
vn 0.558191 0.812809 0.166626
vn 0.558191 0.812809 0.166626
vn 0.558191 0.812809 0.166626
vn 0.558191 0.812809 0.166626
vn 0.353970 0.917779 -0.179963
vn 0.353970 0.917779 -0.179963
vn 0.353970 0.917779 -0.179963
vn 0.353970 0.917779 -0.179963
vn 0.353970 0.917779 -0.179963
vn 0.353970 0.917779 -0.179963
vn -0.451724 0.350290 -0.820513
vn -0.451724 0.350290 -0.820513
vn -0.451724 0.350290 -0.820513
vn -0.451724 0.350290 -0.820513
vn -0.451724 0.350290 -0.820513
vn -0.451724 0.350290 -0.820513
vn -0.628895 -0.023313 -0.777140
vn -0.628895 -0.023313 -0.777140
vn -0.628895 -0.023313 -0.777140
vn -0.628895 -0.023313 -0.777140
vn -0.628895 -0.023313 -0.777140
vn -0.628895 -0.023313 -0.777140
vn -0.699653 -0.391577 -0.597623
vn -0.699653 -0.391577 -0.597623
vn -0.699653 -0.391577 -0.597623
vn -0.699653 -0.391577 -0.597623
vn -0.699653 -0.391577 -0.597623
vn -0.699653 -0.391577 -0.597623
vn -0.651762 -0.690823 -0.313001
vn -0.651762 -0.690823 -0.313001
vn -0.651762 -0.690823 -0.313001
vn -0.651762 -0.690823 -0.313001
vn -0.651762 -0.690823 -0.313001
vn -0.651762 -0.690823 -0.313001
s off
g cherry_tree group1 pCylinder20
usemtl pCylinder2SG
f 1516/4795/8875 1518/4797/8876 1517/4796/8877
f 1516/4795/8878 1517/4796/8879 1519/4798/8880
f 1520/4799/8881 1516/4795/8882 1519/4798/8883
f 1520/4799/8884 1519/4798/8885 1521/4800/8886
f 1522/4801/8887 1520/4799/8888 1521/4800/8889
f 1522/4801/8890 1521/4800/8891 1523/4802/8892
f 1524/4803/8893 1522/4801/8894 1523/4802/8895
f 1524/4803/8896 1523/4802/8897 1525/4804/8898
f 1518/4805/8899 1526/4807/8900 1517/4806/8901
f 1518/4805/8902 1527/4808/8903 1526/4807/8904
f 1527/4808/8905 1528/4809/8906 1526/4807/8907
f 1527/4808/8908 1529/4810/8909 1528/4809/8910
f 1529/4810/8911 1530/4811/8912 1528/4809/8913
f 1529/4810/8914 1531/4812/8915 1530/4811/8916
f 1531/4813/8917 1532/4815/8918 1530/4814/8919
f 1531/4813/8920 1533/4816/8921 1532/4815/8922
f 1533/4816/8923 1534/4817/8924 1532/4815/8925
f 1533/4816/8926 1535/4818/8927 1534/4817/8928
f 1535/4818/8929 1536/4819/8930 1534/4817/8931
f 1535/4818/8932 1537/4820/8933 1536/4819/8934
f 1537/4820/8935 1538/4821/8936 1536/4819/8937
f 1537/4820/8938 1539/4822/8939 1538/4821/8940
f 1539/4822/8941 1540/4823/8942 1538/4821/8943
f 1539/4822/8944 1541/4824/8945 1540/4823/8946
f 1541/4825/8947 1542/4827/8948 1540/4826/8949
f 1541/4825/8950 1543/4828/8951 1542/4827/8952
f 1543/4828/8953 1544/4829/8954 1542/4827/8955
f 1543/4828/8956 1545/4830/8957 1544/4829/8958
f 1545/4830/8959 1525/4831/8960 1544/4829/8961
f 1545/4830/8962 1524/4832/8963 1525/4831/8964
f 1527/4833/8965 1531/4835/8966 1529/4834/8967
f 1531/4835/8968 1527/4833/8969 1518/4836/8970
f 1531/4835/8971 1518/4836/8972 1533/4837/8973
f 1533/4837/8974 1518/4836/8975 1516/4838/8976
f 1533/4837/8977 1516/4838/8978 1535/4839/8979
f 1535/4839/8980 1516/4838/8981 1520/4840/8982
f 1535/4839/8983 1520/4840/8984 1537/4841/8985
f 1537/4841/8986 1520/4840/8987 1522/4842/8988
f 1537/4841/8989 1522/4842/8990 1539/4843/8991
f 1539/4843/8992 1522/4842/8993 1524/4844/8994
f 1539/4843/8995 1524/4844/8996 1541/4845/8997
f 1541/4845/8998 1524/4844/8999 1545/4846/9000
f 1541/4845/9001 1545/4846/9002 1543/4847/9003
f 1546/4848/9004 1548/4850/9005 1547/4849/9006
f 1548/4850/9007 1546/4848/9008 1549/4851/9009
f 1549/4851/9010 1546/4848/9011 1550/4852/9012
f 1549/4851/9013 1550/4852/9014 1551/4853/9015
f 1551/4853/9016 1550/4852/9017 1552/4854/9018
f 1551/4853/9019 1552/4854/9020 1553/4855/9021
f 1553/4855/9022 1552/4854/9023 1554/4856/9024
f 1553/4855/9025 1554/4856/9026 1555/4857/9027
f 1555/4857/9028 1554/4856/9029 1556/4858/9030
f 1555/4857/9031 1556/4858/9032 1557/4859/9033
f 1557/4859/9034 1556/4858/9035 1558/4860/9036
f 1557/4859/9037 1558/4860/9038 1559/4861/9039
f 1559/4861/9040 1558/4860/9041 1560/4862/9042
f 1519/4863/9043 1562/4865/9044 1561/4864/9045
f 1519/4863/9046 1517/4866/9047 1562/4865/9048
f 1517/4867/9049 1563/4869/9050 1562/4868/9051
f 1517/4867/9052 1526/4870/9053 1563/4869/9054
f 1526/4871/9055 1564/4873/9056 1563/4872/9057
f 1526/4871/9058 1528/4874/9059 1564/4873/9060
f 1528/4875/9061 1565/4877/9062 1564/4876/9063
f 1528/4875/9064 1530/4878/9065 1565/4877/9066
f 1530/4879/9067 1566/4881/9068 1565/4880/9069
f 1530/4879/9070 1532/4882/9071 1566/4881/9072
f 1532/4883/9073 1567/4885/9074 1566/4884/9075
f 1532/4883/9076 1534/4886/9077 1567/4885/9078
f 1534/4887/9079 1568/4889/9080 1567/4888/9081
f 1534/4887/9082 1536/4890/9083 1568/4889/9084
f 1536/4891/9085 1569/4893/9086 1568/4892/9087
f 1536/4891/9088 1538/4894/9089 1569/4893/9090
f 1538/4895/9091 1570/4897/9092 1569/4896/9093
f 1538/4895/9094 1540/4898/9095 1570/4897/9096
f 1540/4899/9097 1571/4901/9098 1570/4900/9099
f 1540/4899/9100 1542/4902/9101 1571/4901/9102
f 1542/4903/9103 1544/4905/9104 1572/4904/9105
f 1542/4903/9106 1572/4904/9107 1571/4906/9108
f 1571/4906/9109 1572/4904/9110 1573/4907/9111
f 1571/4906/9112 1573/4907/9113 1574/4908/9114
f 1574/4908/9115 1573/4907/9116 1559/4909/9117
f 1574/4908/9118 1559/4909/9119 1560/4910/9120
f 1544/4911/9121 1575/4913/9122 1572/4912/9123
f 1544/4911/9124 1525/4914/9125 1575/4913/9126
f 1525/4915/9127 1576/4917/9128 1575/4916/9129
f 1525/4915/9130 1523/4918/9131 1576/4917/9132
f 1523/4919/9133 1577/4921/9134 1576/4920/9135
f 1523/4919/9136 1521/4922/9137 1577/4921/9138
f 1521/4923/9139 1561/4925/9140 1577/4924/9141
f 1521/4923/9142 1519/4926/9143 1561/4925/9144
f 1561/4927/9145 1579/4929/9146 1578/4928/9147
f 1561/4927/9148 1562/4930/9149 1579/4929/9150
f 1562/4931/9151 1580/4933/9152 1579/4932/9153
f 1562/4931/9154 1563/4934/9155 1580/4933/9156
f 1563/4935/9157 1564/4937/9158 1581/4936/9159
f 1563/4935/9160 1581/4936/9161 1580/4938/9162
f 1580/4938/9163 1581/4936/9164 1547/4939/9165
f 1580/4938/9166 1547/4939/9167 1548/4940/9168
f 1564/4941/9169 1565/4943/9170 1582/4942/9171
f 1564/4941/9172 1582/4942/9173 1581/4944/9174
f 1581/4944/9175 1582/4942/9176 1546/4945/9177
f 1581/4944/9178 1546/4945/9179 1547/4946/9180
f 1565/4947/9181 1583/4949/9182 1582/4948/9183
f 1565/4947/9184 1566/4950/9185 1583/4949/9186
f 1566/4951/9187 1584/4953/9188 1583/4952/9189
f 1566/4951/9190 1567/4954/9191 1584/4953/9192
f 1567/4955/9193 1585/4957/9194 1584/4956/9195
f 1567/4955/9196 1568/4958/9197 1585/4957/9198
f 1568/4959/9199 1586/4961/9200 1585/4960/9201
f 1568/4959/9202 1569/4962/9203 1586/4961/9204
f 1569/4963/9205 1587/4965/9206 1586/4964/9207
f 1569/4963/9208 1570/4966/9209 1587/4965/9210
f 1570/4967/9211 1571/4969/9212 1574/4968/9213
f 1570/4967/9214 1574/4968/9215 1587/4970/9216
f 1587/4970/9217 1574/4968/9218 1560/4971/9219
f 1587/4970/9220 1560/4971/9221 1558/4972/9222
f 1572/4973/9223 1588/4975/9224 1573/4974/9225
f 1572/4973/9226 1575/4976/9227 1588/4975/9228
f 1575/4977/9229 1589/4979/9230 1588/4978/9231
f 1575/4977/9232 1576/4980/9233 1589/4979/9234
f 1576/4981/9235 1590/4983/9236 1589/4982/9237
f 1576/4981/9238 1577/4984/9239 1590/4983/9240
f 1577/4985/9241 1578/4987/9242 1590/4986/9243
f 1577/4985/9244 1561/4988/9245 1578/4987/9246
f 1578/4989/9247 1549/4991/9248 1551/4990/9249
f 1578/4989/9250 1579/4992/9251 1549/4991/9252
f 1579/4993/9253 1548/4995/9254 1549/4994/9255
f 1579/4993/9256 1580/4996/9257 1548/4995/9258
f 1582/4997/9259 1550/4999/9260 1546/4998/9261
f 1582/4997/9262 1583/5000/9263 1550/4999/9264
f 1583/5001/9265 1552/5003/9266 1550/5002/9267
f 1583/5001/9268 1584/5004/9269 1552/5003/9270
f 1584/5005/9271 1554/5007/9272 1552/5006/9273
f 1584/5005/9274 1585/5008/9275 1554/5007/9276
f 1585/5009/9277 1556/5011/9278 1554/5010/9279
f 1585/5009/9280 1586/5012/9281 1556/5011/9282
f 1586/5013/9283 1558/5015/9284 1556/5014/9285
f 1586/5013/9286 1587/5016/9287 1558/5015/9288
f 1573/5017/9289 1557/5019/9290 1559/5018/9291
f 1573/5017/9292 1588/5020/9293 1557/5019/9294
f 1588/5021/9295 1555/5023/9296 1557/5022/9297
f 1588/5021/9298 1589/5024/9299 1555/5023/9300
f 1589/5025/9301 1553/5027/9302 1555/5026/9303
f 1589/5025/9304 1590/5028/9305 1553/5027/9306
f 1590/5029/9307 1551/5031/9308 1553/5030/9309
f 1590/5029/9310 1578/5032/9311 1551/5031/9312
g default
v -264.071162 513.832651 863.658601
v -263.827259 520.512628 868.312484
v -262.848339 513.785242 863.991360
v -264.934887 520.555571 868.011073
v -265.066996 514.173939 862.951418
v -265.836909 520.864708 867.370509
v -265.663651 514.750095 861.992085
v -266.377358 521.386588 866.501549
v -265.757961 515.461497 860.946482
v -266.462783 522.030973 865.554446
v -262.705543 520.743306 868.222624
v -261.609963 514.039911 863.892154
v -261.763694 521.207718 867.757031
v -260.570161 514.552622 863.378139
v -261.164567 521.825563 866.996210
v -259.908725 515.234723 862.538192
v -261.011757 522.490010 866.071714
v -259.740021 515.968274 861.517547
v -261.331685 523.086170 865.143397
v -260.093223 516.626435 860.492684
v -262.069033 523.510962 864.371773
v -260.907255 517.095406 859.640810
v -263.096307 523.690935 863.890262
v -262.041367 517.294096 859.109222
v -264.235881 523.594970 863.782124
v -263.299459 517.188151 858.989837
v -265.290714 523.239661 864.066055
v -264.463996 516.795889 859.303297
v -266.078415 522.686443 864.692961
v -265.333618 516.185136 859.995403
v -270.192516 573.943756 902.639309
v -270.509748 573.616612 903.042157
v -271.008448 573.370711 903.288684
v -271.602386 573.248569 903.336264
v -270.111604 574.295574 902.149797
v -272.188865 573.271307 903.176670
v -270.281003 574.611235 901.658262
v -272.666478 573.434992 902.837497
v -270.671421 574.836159 901.249694
v -272.952640 573.711323 902.377391
v -271.215354 574.931453 900.994739
v -272.997872 574.052519 901.875908
v -271.818748 574.880640 900.937480
v -272.794353 574.399584 901.419760
v -272.377272 574.692507 901.087819
v -265.943094 537.436971 877.833717
v -265.039318 537.401932 878.079655
v -264.124048 537.590154 878.006333
v -263.355541 537.969094 877.626430
v -262.866680 538.473228 877.005634
v -262.741994 539.015387 876.251287
v -263.003041 539.501827 875.493821
v -263.604684 539.848438 874.864210
v -264.442894 539.995288 874.471319
v -265.372736 539.916985 874.383083
v -266.233432 539.627068 874.614758
v -266.876161 539.175668 875.126286
v -269.916000 552.477080 885.875602
v -269.352914 552.872546 885.427460
v -267.189788 538.640834 875.829218
v -267.120085 538.115044 876.602013
v -266.679103 537.689213 877.311045
v -269.098552 550.953832 888.247545
v -268.306767 550.923134 888.463007
v -267.504911 551.088034 888.398771
v -266.831634 551.420017 888.065943
v -266.403350 551.861682 887.522073
v -266.294113 552.336660 886.861200
v -266.522813 552.762823 886.197594
v -267.049904 553.066485 885.646001
v -267.784248 553.195138 885.301795
v -268.598870 553.126537 885.224492
v -270.190764 552.008519 886.491431
v -270.129698 551.547882 887.168466
v -269.743360 551.174818 887.789639
vt 0.072074 0.001992
vt 0.088491 0.113636
vt 0.092806 0.001992
vt 0.069713 0.113636
vt 0.047008 0.001992
vt 0.047008 0.113636
vt 0.021942 0.001992
vt 0.024303 0.113636
vt 0.001210 0.001992
vt 0.005524 0.113636
vt 0.195369 0.998008
vt 0.191548 0.886365
vt 0.171446 0.886365
vt 0.173176 0.998008
vt 0.148361 0.886365
vt 0.147691 0.998008
vt 0.126285 0.886365
vt 0.123319 0.998008
vt 0.202552 0.001992
vt 0.207579 0.113636
vt 0.223111 0.113636
vt 0.219699 0.001992
vt 0.244317 0.113636
vt 0.243109 0.001992
vt 0.267529 0.113636
vt 0.268736 0.001992
vt 0.288734 0.113636
vt 0.292146 0.001992
vt 0.304266 0.113636
vt 0.309293 0.001992
vt 0.339240 0.001992
vt 0.342206 0.113636
vt 0.364282 0.113636
vt 0.363612 0.001992
vt 0.387367 0.113636
vt 0.389097 0.001992
vt 0.407469 0.113636
vt 0.411290 0.001992
vt 0.497797 0.004671
vt 0.472312 0.001992
vt 0.447940 0.009911
vt 0.519990 0.017484
vt 0.428896 0.027058
vt 0.535053 0.038216
vt 0.418473 0.050469
vt 0.540381 0.063282
vt 0.418473 0.076095
vt 0.535053 0.088348
vt 0.428896 0.099505
vt 0.519990 0.109080
vt 0.447940 0.116652
vt 0.497797 0.121893
vt 0.472312 0.124571
vt 0.561789 0.056984
vt 0.573478 0.060782
vt 0.585701 0.059498
vt 0.596345 0.053352
vt 0.552656 0.048760
vt 0.603570 0.043409
vt 0.547657 0.037532
vt 0.606125 0.031387
vt 0.547657 0.025242
vt 0.603570 0.019365
vt 0.552656 0.014014
vt 0.596345 0.009422
vt 0.561789 0.005790
vt 0.585701 0.003277
vt 0.573478 0.001992
vt 0.069713 0.113636
vt 0.063818 0.383323
vt 0.079141 0.383323
vt 0.088491 0.113636
vt 0.191548 0.886365
vt 0.152456 0.616677
vt 0.136054 0.616677
vt 0.171446 0.886365
vt 0.171446 0.886365
vt 0.136054 0.616677
vt 0.117218 0.616677
vt 0.148361 0.886365
vt 0.148361 0.886365
vt 0.117218 0.616677
vt 0.099205 0.616677
vt 0.126285 0.886365
vt 0.207579 0.113636
vt 0.218193 0.383323
vt 0.230866 0.383323
vt 0.223111 0.113636
vt 0.223111 0.113636
vt 0.230866 0.383323
vt 0.248168 0.383323
vt 0.244317 0.113636
vt 0.244317 0.113636
vt 0.248168 0.383323
vt 0.267108 0.383323
vt 0.267529 0.113636
vt 0.267529 0.113636
vt 0.267108 0.383323
vt 0.284411 0.383323
vt 0.288734 0.113636
vt 0.288734 0.113636
vt 0.284411 0.383323
vt 0.297084 0.383323
vt 0.304266 0.113636
vt 0.342206 0.113636
vt 0.315126 0.383323
vt 0.333139 0.383323
vt 0.364282 0.113636
vt 0.364282 0.113636
vt 0.351975 0.383323
vt 0.387367 0.113636
vt 0.333139 0.383323
vt 0.382622 0.623245
vt 0.366120 0.623245
vt 0.379538 0.998008
vt 0.367314 0.998008
vt 0.387367 0.113636
vt 0.351975 0.383323
vt 0.368378 0.383323
vt 0.407469 0.113636
vt 0.005524 0.113636
vt 0.011443 0.383323
vt 0.026766 0.383323
vt 0.024303 0.113636
vt 0.024303 0.113636
vt 0.026766 0.383323
vt 0.045292 0.383323
vt 0.047008 0.113636
vt 0.047008 0.113636
vt 0.045292 0.383323
vt 0.063818 0.383323
vt 0.069713 0.113636
vt 0.063818 0.383323
vt 0.063238 0.623245
vt 0.076662 0.623245
vt 0.079141 0.383323
vt 0.152456 0.616677
vt 0.181071 0.376755
vt 0.166701 0.376755
vt 0.136054 0.616677
vt 0.136054 0.616677
vt 0.150199 0.376755
vt 0.117218 0.616677
vt 0.166701 0.376755
vt 0.151393 0.001992
vt 0.163616 0.001992
vt 0.117218 0.616677
vt 0.134418 0.376755
vt 0.099205 0.616677
vt 0.150199 0.376755
vt 0.139704 0.001992
vt 0.151393 0.001992
vt 0.218193 0.383323
vt 0.221365 0.623245
vt 0.232468 0.623245
vt 0.230866 0.383323
vt 0.230866 0.383323
vt 0.232468 0.623245
vt 0.247626 0.623245
vt 0.248168 0.383323
vt 0.248168 0.383323
vt 0.247626 0.623245
vt 0.264219 0.623245
vt 0.267108 0.383323
vt 0.267108 0.383323
vt 0.264219 0.623245
vt 0.279377 0.623245
vt 0.284411 0.383323
vt 0.284411 0.383323
vt 0.279377 0.623245
vt 0.290480 0.623245
vt 0.297084 0.383323
vt 0.315126 0.383323
vt 0.366120 0.623245
vt 0.333139 0.383323
vt 0.350339 0.623245
vt 0.367314 0.998008
vt 0.355625 0.998008
vt 0.351975 0.383323
vt 0.382622 0.623245
vt 0.396992 0.623245
vt 0.368378 0.383323
vt 0.011443 0.383323
vt 0.017353 0.623245
vt 0.030777 0.623245
vt 0.026766 0.383323
vt 0.026766 0.383323
vt 0.030777 0.623245
vt 0.047008 0.623245
vt 0.045292 0.383323
vt 0.045292 0.383323
vt 0.047008 0.623245
vt 0.063238 0.623245
vt 0.063818 0.383323
vt 0.063238 0.623245
vt 0.059030 0.998008
vt 0.068973 0.998008
vt 0.076662 0.623245
vt 0.181071 0.376755
vt 0.174260 0.001992
vt 0.163616 0.001992
vt 0.166701 0.376755
vt 0.221365 0.623245
vt 0.230325 0.998008
vt 0.238549 0.998008
vt 0.232468 0.623245
vt 0.232468 0.623245
vt 0.238549 0.998008
vt 0.249777 0.998008
vt 0.247626 0.623245
vt 0.247626 0.623245
vt 0.249777 0.998008
vt 0.262068 0.998008
vt 0.264219 0.623245
vt 0.264219 0.623245
vt 0.262068 0.998008
vt 0.273296 0.998008
vt 0.279377 0.623245
vt 0.279377 0.623245
vt 0.273296 0.998008
vt 0.281520 0.998008
vt 0.290480 0.623245
vt 0.382622 0.623245
vt 0.379538 0.998008
vt 0.390181 0.998008
vt 0.396992 0.623245
vt 0.017353 0.623245
vt 0.025043 0.998008
vt 0.034986 0.998008
vt 0.030777 0.623245
vt 0.030777 0.623245
vt 0.034986 0.998008
vt 0.047008 0.998008
vt 0.047008 0.623245
vt 0.047008 0.623245
vt 0.047008 0.998008
vt 0.059030 0.998008
vt 0.063238 0.623245
vn -0.434469 -0.528155 0.729581
vn -0.033750 -0.543601 0.838665
vn -0.033861 -0.543610 0.838654
vn -0.434469 -0.528155 0.729581
vn -0.033861 -0.543610 0.838654
vn -0.434524 -0.528145 0.729556
vn -0.760815 -0.416343 0.497815
vn -0.434469 -0.528155 0.729581
vn -0.434524 -0.528145 0.729556
vn -0.760815 -0.416343 0.497815
vn -0.434524 -0.528145 0.729556
vn -0.760815 -0.416343 0.497815
vn -0.956342 -0.227500 0.183449
vn -0.760815 -0.416343 0.497815
vn -0.760815 -0.416343 0.497815
vn -0.956342 -0.227500 0.183449
vn -0.760815 -0.416343 0.497815
vn -0.956325 -0.227532 0.183498
vn -0.987238 0.005711 -0.159147
vn -0.956342 -0.227500 0.183449
vn -0.956325 -0.227532 0.183498
vn -0.987238 0.005711 -0.159147
vn -0.956325 -0.227532 0.183498
vn -0.987253 0.005646 -0.159057
vn -0.033750 -0.543601 0.838665
vn 0.371907 -0.460060 0.806244
vn -0.033861 -0.543610 0.838654
vn -0.033750 -0.543601 0.838665
vn 0.372038 -0.460016 0.806209
vn 0.371907 -0.460060 0.806244
vn 0.372038 -0.460016 0.806209
vn 0.712623 -0.291934 0.637921
vn 0.371907 -0.460060 0.806244
vn 0.372038 -0.460016 0.806209
vn 0.712726 -0.291862 0.637839
vn 0.712623 -0.291934 0.637921
vn 0.712726 -0.291862 0.637839
vn 0.929369 -0.068297 0.362779
vn 0.712623 -0.291934 0.637921
vn 0.712726 -0.291862 0.637839
vn 0.929413 -0.068222 0.362681
vn 0.929369 -0.068297 0.362779
vn 0.929413 -0.068222 0.362681
vn 0.984656 0.172183 0.028389
vn 0.929369 -0.068297 0.362779
vn 0.929413 -0.068222 0.362681
vn 0.984649 0.172232 0.028317
vn 0.984656 0.172183 0.028389
vn 0.984649 0.172232 0.028317
vn 0.868913 0.387919 -0.307423
vn 0.984656 0.172183 0.028389
vn 0.984649 0.172232 0.028317
vn 0.868899 0.387933 -0.307446
vn 0.868913 0.387919 -0.307423
vn 0.868899 0.387933 -0.307446
vn 0.602154 0.541601 -0.586583
vn 0.868913 0.387919 -0.307423
vn 0.868899 0.387933 -0.307446
vn 0.602178 0.541592 -0.586566
vn 0.602154 0.541601 -0.586583
vn 0.602178 0.541592 -0.586566
vn 0.230509 0.606652 -0.760814
vn 0.602154 0.541601 -0.586583
vn 0.602178 0.541592 -0.586566
vn 0.230594 0.606649 -0.760791
vn 0.230509 0.606652 -0.760814
vn 0.230594 0.606649 -0.760791
vn -0.181747 0.571826 -0.799989
vn 0.230509 0.606652 -0.760814
vn 0.230594 0.606649 -0.760791
vn -0.181620 0.571852 -0.799999
vn -0.181747 0.571826 -0.799989
vn -0.181620 0.571852 -0.799999
vn -0.563324 0.443150 -0.697341
vn -0.181747 0.571826 -0.799989
vn -0.181620 0.571852 -0.799999
vn -0.563202 0.443210 -0.697401
vn -0.563324 0.443150 -0.697341
vn -0.563202 0.443210 -0.697401
vn -0.848245 0.242879 -0.470628
vn -0.563324 0.443150 -0.697341
vn -0.563202 0.443210 -0.697401
vn -0.848171 0.242956 -0.470722
vn -0.848245 0.242879 -0.470628
vn -0.848171 0.242956 -0.470722
vn -0.987253 0.005646 -0.159057
vn -0.848245 0.242879 -0.470628
vn -0.848171 0.242956 -0.470722
vn -0.987238 0.005711 -0.159147
vn -0.987253 0.005646 -0.159057
vn 0.122358 -0.815403 -0.565815
vn 0.122358 -0.815403 -0.565815
vn 0.122358 -0.815403 -0.565815
vn 0.122358 -0.815403 -0.565815
vn 0.122358 -0.815403 -0.565815
vn 0.122358 -0.815403 -0.565815
vn 0.122358 -0.815403 -0.565815
vn 0.122358 -0.815403 -0.565815
vn 0.122358 -0.815403 -0.565815
vn 0.122358 -0.815403 -0.565815
vn 0.122358 -0.815403 -0.565815
vn 0.122358 -0.815403 -0.565815
vn 0.122358 -0.815403 -0.565815
vn 0.122358 -0.815403 -0.565815
vn 0.122358 -0.815403 -0.565815
vn 0.122358 -0.815403 -0.565815
vn 0.122358 -0.815403 -0.565815
vn 0.122358 -0.815403 -0.565815
vn 0.122358 -0.815403 -0.565815
vn 0.122358 -0.815403 -0.565815
vn 0.122358 -0.815403 -0.565815
vn 0.122358 -0.815403 -0.565815
vn 0.122358 -0.815403 -0.565815
vn 0.122358 -0.815403 -0.565815
vn 0.122358 -0.815403 -0.565815
vn 0.122358 -0.815403 -0.565815
vn 0.122358 -0.815403 -0.565815
vn 0.122358 -0.815403 -0.565815
vn 0.122358 -0.815403 -0.565815
vn 0.122358 -0.815403 -0.565815
vn 0.122358 -0.815403 -0.565815
vn 0.122358 -0.815403 -0.565815
vn 0.122358 -0.815403 -0.565815
vn 0.122358 -0.815403 -0.565815
vn 0.122358 -0.815403 -0.565815
vn 0.122358 -0.815403 -0.565815
vn 0.122358 -0.815403 -0.565815
vn 0.122358 -0.815403 -0.565815
vn 0.122358 -0.815403 -0.565815
vn -0.122358 0.815403 0.565815
vn -0.122358 0.815403 0.565815
vn -0.122358 0.815403 0.565815
vn -0.122358 0.815403 0.565815
vn -0.122358 0.815403 0.565815
vn -0.122358 0.815403 0.565815
vn -0.122358 0.815403 0.565815
vn -0.122358 0.815403 0.565815
vn -0.122358 0.815403 0.565815
vn -0.122358 0.815403 0.565815
vn -0.122358 0.815403 0.565815
vn -0.122358 0.815403 0.565815
vn -0.122358 0.815403 0.565815
vn -0.122358 0.815403 0.565815
vn -0.122358 0.815403 0.565815
vn -0.122358 0.815403 0.565815
vn -0.122358 0.815403 0.565815
vn -0.122358 0.815403 0.565815
vn -0.122358 0.815403 0.565815
vn -0.122358 0.815403 0.565815
vn -0.122358 0.815403 0.565815
vn -0.122358 0.815403 0.565815
vn -0.122358 0.815403 0.565815
vn -0.122358 0.815403 0.565815
vn -0.122358 0.815403 0.565815
vn -0.122358 0.815403 0.565815
vn -0.122358 0.815403 0.565815
vn -0.122358 0.815403 0.565815
vn -0.122358 0.815403 0.565815
vn -0.122358 0.815403 0.565815
vn -0.122358 0.815403 0.565815
vn -0.122358 0.815403 0.565815
vn -0.122358 0.815403 0.565815
vn -0.122358 0.815403 0.565815
vn -0.122358 0.815403 0.565815
vn -0.122358 0.815403 0.565815
vn -0.122358 0.815403 0.565815
vn -0.122358 0.815403 0.565815
vn -0.122358 0.815403 0.565815
vn -0.245572 -0.498437 0.831418
vn -0.245572 -0.498437 0.831418
vn -0.245572 -0.498437 0.831418
vn -0.245572 -0.498437 0.831418
vn -0.245572 -0.498437 0.831418
vn -0.245572 -0.498437 0.831418
vn 0.168386 -0.484388 0.858495
vn 0.168386 -0.484388 0.858495
vn 0.168386 -0.484388 0.858495
vn 0.168386 -0.484388 0.858495
vn 0.168386 -0.484388 0.858495
vn 0.168386 -0.484388 0.858495
vn 0.554132 -0.382664 0.739261
vn 0.554132 -0.382664 0.739261
vn 0.554132 -0.382664 0.739261
vn 0.554132 -0.382664 0.739261
vn 0.554132 -0.382664 0.739261
vn 0.554132 -0.382664 0.739261
vn 0.843847 -0.210486 0.493577
vn 0.843847 -0.210486 0.493577
vn 0.843847 -0.210486 0.493577
vn 0.843847 -0.210486 0.493577
vn 0.843847 -0.210486 0.493577
vn 0.843847 -0.210486 0.493577
vn 0.986382 0.001971 0.164457
vn 0.986382 0.001971 0.164457
vn 0.986382 0.001971 0.164457
vn 0.986382 0.001971 0.164457
vn 0.986382 0.001971 0.164457
vn 0.986382 0.001971 0.164457
vn 0.957343 0.217451 -0.190286
vn 0.957343 0.217451 -0.190286
vn 0.957343 0.217451 -0.190286
vn 0.957343 0.217451 -0.190286
vn 0.957343 0.217451 -0.190286
vn 0.957343 0.217451 -0.190286
vn 0.762659 0.398751 -0.509263
vn 0.762659 0.398751 -0.509263
vn 0.762659 0.398751 -0.509263
vn 0.762659 0.398751 -0.509263
vn 0.762659 0.398751 -0.509263
vn 0.762659 0.398751 -0.509263
vn 0.436128 0.514950 -0.737983
vn 0.436128 0.514950 -0.737983
vn 0.436128 0.514950 -0.737983
vn 0.436128 0.514950 -0.737983
vn 0.436128 0.514950 -0.737983
vn 0.436128 0.514950 -0.737983
vn 0.033455 0.546020 -0.837104
vn 0.033455 0.546020 -0.837104
vn 0.033455 0.546020 -0.837104
vn 0.033455 0.546020 -0.837104
vn 0.033455 0.546020 -0.837104
vn 0.033455 0.546020 -0.837104
vn -0.376078 0.486135 -0.788821
vn -0.376078 0.486135 -0.788821
vn -0.376078 0.486135 -0.788821
vn -0.376078 0.486135 -0.788821
vn -0.376078 0.486135 -0.788821
vn -0.376078 0.486135 -0.788821
vn -0.720827 0.345364 -0.600942
vn -0.720827 0.345364 -0.600942
vn -0.720827 0.345364 -0.600942
vn -0.720827 0.345364 -0.600942
vn -0.720827 0.345364 -0.600942
vn -0.720827 0.345364 -0.600942
vn -0.720827 0.345364 -0.600942
vn -0.720827 0.345364 -0.600942
vn -0.718802 0.330158 -0.611817
vn -0.720827 0.345364 -0.600942
vn -0.718802 0.330158 -0.611817
vn -0.718802 0.330158 -0.611817
vn -0.718802 0.330158 -0.611817
vn -0.718802 0.330158 -0.611817
vn -0.719642 0.336256 -0.607492
vn -0.718802 0.330158 -0.611817
vn -0.719642 0.336256 -0.607492
vn -0.719643 0.336256 -0.607492
vn -0.940211 0.148466 -0.306531
vn -0.940211 0.148466 -0.306531
vn -0.940211 0.148466 -0.306531
vn -0.940211 0.148466 -0.306531
vn -0.940211 0.148466 -0.306531
vn -0.940211 0.148466 -0.306531
vn -0.996658 -0.069838 0.042379
vn -0.996658 -0.069838 0.042379
vn -0.996658 -0.069838 0.042379
vn -0.996658 -0.069838 0.042379
vn -0.996658 -0.069838 0.042379
vn -0.996658 -0.069838 0.042379
vn -0.881880 -0.271772 0.385263
vn -0.881880 -0.271772 0.385263
vn -0.881880 -0.271772 0.385263
vn -0.881880 -0.271772 0.385263
vn -0.881880 -0.271772 0.385263
vn -0.881880 -0.271772 0.385263
vn -0.616525 -0.423152 0.663957
vn -0.616525 -0.423152 0.663957
vn -0.616525 -0.423152 0.663957
vn -0.616525 -0.423152 0.663957
vn -0.616525 -0.423152 0.663957
vn -0.616525 -0.423152 0.663957
vn -0.227077 -0.627078 0.745124
vn -0.227077 -0.627078 0.745124
vn -0.227077 -0.627078 0.745124
vn -0.227077 -0.627078 0.745124
vn -0.227077 -0.627078 0.745124
vn -0.227077 -0.627078 0.745124
vn 0.181557 -0.570967 0.800646
vn 0.181557 -0.570967 0.800646
vn 0.181557 -0.570967 0.800646
vn 0.181557 -0.570967 0.800646
vn 0.181557 -0.570967 0.800646
vn 0.181557 -0.570967 0.800646
vn 0.559101 -0.413329 0.718725
vn 0.559101 -0.413329 0.718725
vn 0.559101 -0.413329 0.718725
vn 0.559101 -0.413329 0.718725
vn 0.559101 -0.413329 0.718725
vn 0.559101 -0.413329 0.718725
vn 0.559101 -0.413329 0.718725
vn 0.559101 -0.413329 0.718725
vn 0.556890 -0.399165 0.728382
vn 0.559101 -0.413329 0.718725
vn 0.556890 -0.399165 0.728382
vn 0.556890 -0.399165 0.728382
vn 0.838865 -0.181507 0.513186
vn 0.838865 -0.181507 0.513186
vn 0.838865 -0.181507 0.513186
vn 0.838865 -0.181507 0.513186
vn 0.838865 -0.181507 0.513186
vn 0.838865 -0.181508 0.513186
vn 0.838865 -0.181508 0.513186
vn 0.838865 -0.181507 0.513186
vn 0.841971 -0.198869 0.501534
vn 0.838865 -0.181508 0.513186
vn 0.841971 -0.198869 0.501534
vn 0.841971 -0.198869 0.501534
vn 0.971791 0.083434 0.220593
vn 0.971791 0.083434 0.220593
vn 0.971791 0.083434 0.220593
vn 0.971791 0.083434 0.220593
vn 0.971791 0.083434 0.220593
vn 0.971791 0.083434 0.220593
vn 0.936037 0.335117 -0.107378
vn 0.936037 0.335117 -0.107378
vn 0.936037 0.335117 -0.107378
vn 0.936037 0.335117 -0.107378
vn 0.936037 0.335117 -0.107378
vn 0.936037 0.335117 -0.107378
vn 0.739365 0.530702 -0.414362
vn 0.739365 0.530702 -0.414362
vn 0.739365 0.530701 -0.414362
vn 0.739365 0.530702 -0.414362
vn 0.739365 0.530702 -0.414362
vn 0.739365 0.530702 -0.414362
vn 0.415736 0.637479 -0.648679
vn 0.415736 0.637479 -0.648679
vn 0.415736 0.637479 -0.648679
vn 0.415736 0.637479 -0.648679
vn 0.415736 0.637479 -0.648679
vn 0.415736 0.637479 -0.648679
vn 0.019463 0.637130 -0.770510
vn 0.019463 0.637130 -0.770510
vn 0.019463 0.637130 -0.770510
vn 0.019463 0.637130 -0.770510
vn 0.019463 0.637130 -0.770510
vn 0.019463 0.637130 -0.770510
vn -0.382106 0.528724 -0.757922
vn -0.382106 0.528724 -0.757922
vn -0.382106 0.528724 -0.757922
vn -0.382106 0.528724 -0.757922
vn -0.382106 0.528724 -0.757922
vn -0.382106 0.528724 -0.757922
vn -0.382106 0.528724 -0.757922
vn -0.382106 0.528724 -0.757922
vn -0.378770 0.504409 -0.775954
vn -0.382106 0.528724 -0.757922
vn -0.378770 0.504409 -0.775954
vn -0.378770 0.504409 -0.775954
vn -0.930842 0.076104 -0.357409
vn -0.930842 0.076104 -0.357409
vn -0.930842 0.076104 -0.357409
vn -0.930842 0.076104 -0.357409
vn -0.930842 0.076104 -0.357409
vn -0.930842 0.076104 -0.357409
vn -0.981256 -0.188556 -0.039783
vn -0.981256 -0.188556 -0.039783
vn -0.981256 -0.188556 -0.039783
vn -0.981256 -0.188556 -0.039783
vn -0.981256 -0.188556 -0.039783
vn -0.981256 -0.188556 -0.039783
vn -0.862506 -0.417821 0.285499
vn -0.862506 -0.417821 0.285499
vn -0.862506 -0.417821 0.285499
vn -0.862506 -0.417821 0.285499
vn -0.862506 -0.417821 0.285499
vn -0.862506 -0.417821 0.285499
vn -0.595976 -0.572747 0.562826
vn -0.595976 -0.572748 0.562826
vn -0.595976 -0.572747 0.562826
vn -0.595976 -0.572747 0.562826
vn -0.595976 -0.572747 0.562826
vn -0.595976 -0.572748 0.562826
vn -0.237314 -0.562615 0.791926
vn -0.237314 -0.562615 0.791926
vn -0.237314 -0.562615 0.791926
vn -0.237314 -0.562615 0.791926
vn -0.237314 -0.562615 0.791926
vn -0.237314 -0.562615 0.791926
vn 0.175126 -0.527829 0.831100
vn 0.175126 -0.527829 0.831100
vn 0.175126 -0.527829 0.831100
vn 0.175126 -0.527829 0.831100
vn 0.175126 -0.527829 0.831100
vn 0.175126 -0.527829 0.831100
vn 0.981075 0.038425 0.189779
vn 0.981075 0.038425 0.189779
vn 0.981075 0.038425 0.189779
vn 0.981075 0.038425 0.189779
vn 0.981075 0.038425 0.189779
vn 0.981075 0.038425 0.189779
vn 0.950150 0.271688 -0.152976
vn 0.950150 0.271688 -0.152976
vn 0.950150 0.271688 -0.152976
vn 0.950150 0.271688 -0.152976
vn 0.950150 0.271688 -0.152976
vn 0.950150 0.271688 -0.152976
vn 0.754544 0.460586 -0.467467
vn 0.754544 0.460586 -0.467467
vn 0.754544 0.460586 -0.467467
vn 0.754544 0.460586 -0.467467
vn 0.754544 0.460586 -0.467467
vn 0.754544 0.460586 -0.467467
vn 0.428078 0.572457 -0.699315
vn 0.428079 0.572457 -0.699315
vn 0.428079 0.572457 -0.699315
vn 0.428078 0.572457 -0.699315
vn 0.428079 0.572457 -0.699315
vn 0.428079 0.572457 -0.699315
vn 0.027203 0.587958 -0.808434
vn 0.027203 0.587958 -0.808434
vn 0.027203 0.587958 -0.808434
vn 0.027203 0.587958 -0.808434
vn 0.027203 0.587958 -0.808434
vn 0.027203 0.587958 -0.808434
vn -0.936476 0.112572 -0.332175
vn -0.936476 0.112572 -0.332175
vn -0.936476 0.112573 -0.332175
vn -0.936476 0.112572 -0.332175
vn -0.936476 0.112572 -0.332175
vn -0.936476 0.112572 -0.332175
vn -0.991776 -0.127963 0.002392
vn -0.991776 -0.127963 0.002392
vn -0.991776 -0.127963 0.002392
vn -0.991776 -0.127963 0.002392
vn -0.991776 -0.127963 0.002392
vn -0.991776 -0.127963 0.002392
vn -0.875980 -0.343761 0.338359
vn -0.875980 -0.343761 0.338359
vn -0.875980 -0.343761 0.338359
vn -0.875980 -0.343761 0.338359
vn -0.875980 -0.343761 0.338359
vn -0.875980 -0.343761 0.338359
vn -0.609111 -0.497506 0.617634
vn -0.609111 -0.497506 0.617634
vn -0.609111 -0.497506 0.617634
vn -0.609111 -0.497506 0.617634
vn -0.609111 -0.497506 0.617634
vn -0.609111 -0.497506 0.617634
s off
g cherry_tree group1 pCylinder21
usemtl pCylinder2SG
f 1591/5033/9313 1593/5035/9314 1592/5034/9315
f 1591/5033/9316 1592/5034/9317 1594/5036/9318
f 1595/5037/9319 1591/5033/9320 1594/5036/9321
f 1595/5037/9322 1594/5036/9323 1596/5038/9324
f 1597/5039/9325 1595/5037/9326 1596/5038/9327
f 1597/5039/9328 1596/5038/9329 1598/5040/9330
f 1599/5041/9331 1597/5039/9332 1598/5040/9333
f 1599/5041/9334 1598/5040/9335 1600/5042/9336
f 1593/5043/9337 1601/5045/9338 1592/5044/9339
f 1593/5043/9340 1602/5046/9341 1601/5045/9342
f 1602/5046/9343 1603/5047/9344 1601/5045/9345
f 1602/5046/9346 1604/5048/9347 1603/5047/9348
f 1604/5048/9349 1605/5049/9350 1603/5047/9351
f 1604/5048/9352 1606/5050/9353 1605/5049/9354
f 1606/5051/9355 1607/5053/9356 1605/5052/9357
f 1606/5051/9358 1608/5054/9359 1607/5053/9360
f 1608/5054/9361 1609/5055/9362 1607/5053/9363
f 1608/5054/9364 1610/5056/9365 1609/5055/9366
f 1610/5056/9367 1611/5057/9368 1609/5055/9369
f 1610/5056/9370 1612/5058/9371 1611/5057/9372
f 1612/5058/9373 1613/5059/9374 1611/5057/9375
f 1612/5058/9376 1614/5060/9377 1613/5059/9378
f 1614/5060/9379 1615/5061/9380 1613/5059/9381
f 1614/5060/9382 1616/5062/9383 1615/5061/9384
f 1616/5063/9385 1617/5065/9386 1615/5064/9387
f 1616/5063/9388 1618/5066/9389 1617/5065/9390
f 1618/5066/9391 1619/5067/9392 1617/5065/9393
f 1618/5066/9394 1620/5068/9395 1619/5067/9396
f 1620/5068/9397 1600/5069/9398 1619/5067/9399
f 1620/5068/9400 1599/5070/9401 1600/5069/9402
f 1602/5071/9403 1606/5073/9404 1604/5072/9405
f 1606/5073/9406 1602/5071/9407 1593/5074/9408
f 1606/5073/9409 1593/5074/9410 1608/5075/9411
f 1608/5075/9412 1593/5074/9413 1591/5076/9414
f 1608/5075/9415 1591/5076/9416 1610/5077/9417
f 1610/5077/9418 1591/5076/9419 1595/5078/9420
f 1610/5077/9421 1595/5078/9422 1612/5079/9423
f 1612/5079/9424 1595/5078/9425 1597/5080/9426
f 1612/5079/9427 1597/5080/9428 1614/5081/9429
f 1614/5081/9430 1597/5080/9431 1599/5082/9432
f 1614/5081/9433 1599/5082/9434 1616/5083/9435
f 1616/5083/9436 1599/5082/9437 1620/5084/9438
f 1616/5083/9439 1620/5084/9440 1618/5085/9441
f 1621/5086/9442 1623/5088/9443 1622/5087/9444
f 1623/5088/9445 1621/5086/9446 1624/5089/9447
f 1624/5089/9448 1621/5086/9449 1625/5090/9450
f 1624/5089/9451 1625/5090/9452 1626/5091/9453
f 1626/5091/9454 1625/5090/9455 1627/5092/9456
f 1626/5091/9457 1627/5092/9458 1628/5093/9459
f 1628/5093/9460 1627/5092/9461 1629/5094/9462
f 1628/5093/9463 1629/5094/9464 1630/5095/9465
f 1630/5095/9466 1629/5094/9467 1631/5096/9468
f 1630/5095/9469 1631/5096/9470 1632/5097/9471
f 1632/5097/9472 1631/5096/9473 1633/5098/9474
f 1632/5097/9475 1633/5098/9476 1634/5099/9477
f 1634/5099/9478 1633/5098/9479 1635/5100/9480
f 1594/5101/9481 1637/5103/9482 1636/5102/9483
f 1594/5101/9484 1592/5104/9485 1637/5103/9486
f 1592/5105/9487 1638/5107/9488 1637/5106/9489
f 1592/5105/9490 1601/5108/9491 1638/5107/9492
f 1601/5109/9493 1639/5111/9494 1638/5110/9495
f 1601/5109/9496 1603/5112/9497 1639/5111/9498
f 1603/5113/9499 1640/5115/9500 1639/5114/9501
f 1603/5113/9502 1605/5116/9503 1640/5115/9504
f 1605/5117/9505 1641/5119/9506 1640/5118/9507
f 1605/5117/9508 1607/5120/9509 1641/5119/9510
f 1607/5121/9511 1642/5123/9512 1641/5122/9513
f 1607/5121/9514 1609/5124/9515 1642/5123/9516
f 1609/5125/9517 1643/5127/9518 1642/5126/9519
f 1609/5125/9520 1611/5128/9521 1643/5127/9522
f 1611/5129/9523 1644/5131/9524 1643/5130/9525
f 1611/5129/9526 1613/5132/9527 1644/5131/9528
f 1613/5133/9529 1645/5135/9530 1644/5134/9531
f 1613/5133/9532 1615/5136/9533 1645/5135/9534
f 1615/5137/9535 1646/5139/9536 1645/5138/9537
f 1615/5137/9538 1617/5140/9539 1646/5139/9540
f 1617/5141/9541 1619/5143/9542 1647/5142/9543
f 1617/5141/9544 1647/5142/9545 1646/5144/9546
f 1646/5144/9547 1647/5142/9548 1648/5145/9549
f 1646/5144/9550 1648/5145/9551 1649/5146/9552
f 1649/5146/9553 1648/5145/9554 1634/5147/9555
f 1649/5146/9556 1634/5147/9557 1635/5148/9558
f 1619/5149/9559 1650/5151/9560 1647/5150/9561
f 1619/5149/9562 1600/5152/9563 1650/5151/9564
f 1600/5153/9565 1651/5155/9566 1650/5154/9567
f 1600/5153/9568 1598/5156/9569 1651/5155/9570
f 1598/5157/9571 1652/5159/9572 1651/5158/9573
f 1598/5157/9574 1596/5160/9575 1652/5159/9576
f 1596/5161/9577 1636/5163/9578 1652/5162/9579
f 1596/5161/9580 1594/5164/9581 1636/5163/9582
f 1636/5165/9583 1654/5167/9584 1653/5166/9585
f 1636/5165/9586 1637/5168/9587 1654/5167/9588
f 1637/5169/9589 1655/5171/9590 1654/5170/9591
f 1637/5169/9592 1638/5172/9593 1655/5171/9594
f 1638/5173/9595 1639/5175/9596 1656/5174/9597
f 1638/5173/9598 1656/5174/9599 1655/5176/9600
f 1655/5176/9601 1656/5174/9602 1622/5177/9603
f 1655/5176/9604 1622/5177/9605 1623/5178/9606
f 1639/5179/9607 1640/5181/9608 1657/5180/9609
f 1639/5179/9610 1657/5180/9611 1656/5182/9612
f 1656/5182/9613 1657/5180/9614 1621/5183/9615
f 1656/5182/9616 1621/5183/9617 1622/5184/9618
f 1640/5185/9619 1658/5187/9620 1657/5186/9621
f 1640/5185/9622 1641/5188/9623 1658/5187/9624
f 1641/5189/9625 1659/5191/9626 1658/5190/9627
f 1641/5189/9628 1642/5192/9629 1659/5191/9630
f 1642/5193/9631 1660/5195/9632 1659/5194/9633
f 1642/5193/9634 1643/5196/9635 1660/5195/9636
f 1643/5197/9637 1661/5199/9638 1660/5198/9639
f 1643/5197/9640 1644/5200/9641 1661/5199/9642
f 1644/5201/9643 1662/5203/9644 1661/5202/9645
f 1644/5201/9646 1645/5204/9647 1662/5203/9648
f 1645/5205/9649 1646/5207/9650 1649/5206/9651
f 1645/5205/9652 1649/5206/9653 1662/5208/9654
f 1662/5208/9655 1649/5206/9656 1635/5209/9657
f 1662/5208/9658 1635/5209/9659 1633/5210/9660
f 1647/5211/9661 1663/5213/9662 1648/5212/9663
f 1647/5211/9664 1650/5214/9665 1663/5213/9666
f 1650/5215/9667 1664/5217/9668 1663/5216/9669
f 1650/5215/9670 1651/5218/9671 1664/5217/9672
f 1651/5219/9673 1665/5221/9674 1664/5220/9675
f 1651/5219/9676 1652/5222/9677 1665/5221/9678
f 1652/5223/9679 1653/5225/9680 1665/5224/9681
f 1652/5223/9682 1636/5226/9683 1653/5225/9684
f 1653/5227/9685 1624/5229/9686 1626/5228/9687
f 1653/5227/9688 1654/5230/9689 1624/5229/9690
f 1654/5231/9691 1623/5233/9692 1624/5232/9693
f 1654/5231/9694 1655/5234/9695 1623/5233/9696
f 1657/5235/9697 1625/5237/9698 1621/5236/9699
f 1657/5235/9700 1658/5238/9701 1625/5237/9702
f 1658/5239/9703 1627/5241/9704 1625/5240/9705
f 1658/5239/9706 1659/5242/9707 1627/5241/9708
f 1659/5243/9709 1629/5245/9710 1627/5244/9711
f 1659/5243/9712 1660/5246/9713 1629/5245/9714
f 1660/5247/9715 1631/5249/9716 1629/5248/9717
f 1660/5247/9718 1661/5250/9719 1631/5249/9720
f 1661/5251/9721 1633/5253/9722 1631/5252/9723
f 1661/5251/9724 1662/5254/9725 1633/5253/9726
f 1648/5255/9727 1632/5257/9728 1634/5256/9729
f 1648/5255/9730 1663/5258/9731 1632/5257/9732
f 1663/5259/9733 1630/5261/9734 1632/5260/9735
f 1663/5259/9736 1664/5262/9737 1630/5261/9738
f 1664/5263/9739 1628/5265/9740 1630/5264/9741
f 1664/5263/9742 1665/5266/9743 1628/5265/9744
f 1665/5267/9745 1626/5269/9746 1628/5268/9747
f 1665/5267/9748 1653/5270/9749 1626/5269/9750
g default
v -41.166735 489.186428 892.832675
v -34.155479 499.042615 886.543953
v -42.799747 490.409879 892.247951
v -32.676283 497.934388 887.073574
v -39.597739 488.521159 894.098086
v -31.255070 497.331856 888.219763
v -38.364016 488.529236 895.825341
v -30.137614 497.339142 889.784337
v -37.678939 489.209148 897.715829
v -29.517043 497.955003 891.496710
v -35.436818 500.464928 886.722394
v -44.214396 491.980081 892.444997
v -36.298842 501.955319 887.578137
v -45.166066 493.625510 893.389722
v -36.592491 503.256114 888.963195
v -45.490211 495.061642 894.918810
v -36.266916 504.142441 890.638042
v -45.130796 496.040055 896.767838
v -35.378491 504.460949 892.313117
v -44.149975 496.391758 898.617136
v -34.080779 504.156641 893.698756
v -42.717298 496.055803 900.146888
v -32.598213 503.282164 894.555419
v -41.080539 495.090366 901.092633
v -31.187101 501.988638 894.734921
v -39.522650 493.662331 901.290785
v -30.091436 500.499798 894.206254
v -38.313061 492.018576 900.707150
v -29.500724 499.073000 893.060849
v -37.660895 490.443418 899.442607
v 51.852273 586.516159 841.552135
v 51.946680 586.097907 841.106797
v 52.223885 585.618711 840.831623
v 52.635923 585.161359 840.774221
v 51.956939 586.801179 842.090704
v 53.111510 584.804989 840.944542
v 52.242630 586.903570 842.629291
v 53.568500 584.611285 841.313085
v 52.659891 586.805721 843.074842
v 53.927807 584.613580 841.816161
v 53.136604 586.524558 843.350305
v 54.127368 584.811657 842.366771
v 53.590345 586.108610 843.408025
v 54.132589 585.171109 842.869720
v 53.942679 585.629901 843.238009
v -13.066800 520.892428 874.427799
v -14.273738 521.796704 873.995638
v -15.319279 522.957204 874.141259
v -16.022637 524.173329 874.839491
v -16.262227 525.234683 875.969629
v -15.996593 525.957864 877.336230
v -15.271661 526.217840 878.703020
v -14.212765 525.969556 879.833623
v -13.003099 525.255969 880.532642
v -11.851660 524.200520 880.679090
v -10.957700 522.985615 880.247747
v -10.475673 521.821457 879.313128
v 8.409290 538.132442 864.394564
v 7.986990 539.152345 865.213377
v 36.372975 566.813878 843.373236
v 36.060226 567.569348 843.979716
v -10.488996 520.909243 878.036880
v -10.995338 520.406763 876.639649
v -11.907144 520.400728 875.363025
v 6.139265 537.318553 860.114589
v 5.081863 538.110704 859.735989
v 4.165888 539.127436 859.863556
v 3.549651 540.192869 860.475294
v 32.773428 568.340040 840.470221
v 33.229876 567.550923 840.017108
v 3.339764 541.122741 861.465388
v 32.617966 569.028776 841.203558
v 3.572476 541.756269 862.662652
v 4.207575 541.983982 863.860078
v 5.135221 541.766480 864.850613
v 6.195073 541.141337 865.462954
v 7.203803 540.216672 865.591282
v 35.480050 568.357654 844.259669
v 8.397607 537.333231 863.276469
v 7.954024 536.892997 862.052373
v 7.155203 536.887755 860.933932
v 34.691555 566.210987 840.203033
v 33.908381 566.797799 839.922583
v 32.790319 569.498120 842.090421
v 33.260773 569.666726 842.977318
v 33.947870 569.505588 843.711018
v 34.732883 569.042605 844.164616
v 36.364355 566.221944 842.545046
v 36.035761 565.895793 841.638339
v 35.444066 565.891989 840.809939
vt 0.131408 0.001992
vt 0.145192 0.095723
vt 0.148814 0.001992
vt 0.129426 0.095723
vt 0.110364 0.001992
vt 0.110364 0.095724
vt 0.089319 0.001992
vt 0.091302 0.095723
vt 0.071914 0.001992
vt 0.075536 0.095723
vt 0.381055 0.998008
vt 0.377847 0.904277
vt 0.360970 0.904276
vt 0.362423 0.998008
vt 0.341589 0.904276
vt 0.341026 0.998008
vt 0.323055 0.904276
vt 0.320564 0.998007
vt 0.387135 0.001992
vt 0.391356 0.095723
vt 0.404396 0.095723
vt 0.401531 0.001992
vt 0.422199 0.095723
vt 0.421185 0.001992
vt 0.441687 0.095723
vt 0.442700 0.001992
vt 0.459490 0.095723
vt 0.462354 0.001992
vt 0.472529 0.095723
vt 0.476750 0.001992
vt 0.204755 0.001992
vt 0.207245 0.095723
vt 0.225779 0.095724
vt 0.225217 0.001992
vt 0.245160 0.095723
vt 0.246613 0.001992
vt 0.262037 0.095723
vt 0.265245 0.001992
vt 0.728780 0.004241
vt 0.707383 0.001992
vt 0.686921 0.008640
vt 0.747412 0.014998
vt 0.670933 0.023036
vt 0.760058 0.032404
vt 0.662182 0.042691
vt 0.764531 0.053448
vt 0.662182 0.064206
vt 0.760058 0.074493
vt 0.670933 0.083860
vt 0.747412 0.091898
vt 0.686921 0.098256
vt 0.728780 0.102656
vt 0.707383 0.104904
vt 0.557197 0.030029
vt 0.563156 0.031966
vt 0.569388 0.031311
vt 0.574815 0.028178
vt 0.552540 0.025836
vt 0.578498 0.023108
vt 0.549992 0.020112
vt 0.579801 0.016979
vt 0.549992 0.013846
vt 0.578498 0.010850
vt 0.552540 0.008121
vt 0.574815 0.005780
vt 0.557197 0.003928
vt 0.569388 0.002647
vt 0.563157 0.001992
vt 0.129426 0.095723
vt 0.124477 0.322141
vt 0.137341 0.322141
vt 0.145192 0.095723
vt 0.377847 0.904277
vt 0.345027 0.677859
vt 0.331256 0.677859
vt 0.360970 0.904276
vt 0.360970 0.904276
vt 0.331256 0.677859
vt 0.315442 0.677858
vt 0.341589 0.904276
vt 0.341589 0.904276
vt 0.315442 0.677858
vt 0.300320 0.677859
vt 0.323055 0.904276
vt 0.391356 0.095723
vt 0.400266 0.322141
vt 0.410906 0.322141
vt 0.404396 0.095723
vt 0.404396 0.095723
vt 0.410906 0.322141
vt 0.425433 0.322141
vt 0.422199 0.095723
vt 0.422199 0.095723
vt 0.425433 0.322141
vt 0.441334 0.322141
vt 0.441687 0.095723
vt 0.441687 0.095723
vt 0.441334 0.322141
vt 0.455860 0.322141
vt 0.459490 0.095723
vt 0.459490 0.095723
vt 0.455860 0.322141
vt 0.466500 0.322141
vt 0.472529 0.095723
vt 0.207245 0.095723
vt 0.184510 0.322141
vt 0.199633 0.322141
vt 0.225779 0.095724
vt 0.225779 0.095724
vt 0.215447 0.322141
vt 0.245160 0.095723
vt 0.199633 0.322141
vt 0.241177 0.523570
vt 0.227322 0.523570
vt 0.238587 0.838205
vt 0.228325 0.838205
vt 0.245160 0.095723
vt 0.215447 0.322141
vt 0.229218 0.322141
vt 0.262037 0.095723
vt 0.075536 0.095723
vt 0.080505 0.322141
vt 0.093370 0.322141
vt 0.091302 0.095723
vt 0.091302 0.095723
vt 0.093370 0.322141
vt 0.108923 0.322141
vt 0.110364 0.095724
vt 0.110364 0.095724
vt 0.108923 0.322141
vt 0.124477 0.322141
vt 0.129426 0.095723
vt 0.124477 0.322141
vt 0.123990 0.523570
vt 0.135260 0.523570
vt 0.137341 0.322141
vt 0.345027 0.677859
vt 0.369051 0.476430
vt 0.356986 0.476430
vt 0.331256 0.677859
vt 0.331256 0.677859
vt 0.343131 0.476430
vt 0.315442 0.677858
vt 0.356986 0.476430
vt 0.344134 0.161795
vt 0.354396 0.161795
vt 0.315442 0.677858
vt 0.329882 0.476430
vt 0.300320 0.677859
vt 0.343131 0.476430
vt 0.334321 0.161795
vt 0.344134 0.161795
vt 0.400266 0.322141
vt 0.402929 0.523570
vt 0.412251 0.523570
vt 0.410906 0.322141
vt 0.410906 0.322141
vt 0.412251 0.523570
vt 0.424977 0.523570
vt 0.425433 0.322141
vt 0.425433 0.322141
vt 0.424977 0.523570
vt 0.438908 0.523570
vt 0.441334 0.322141
vt 0.441334 0.322141
vt 0.438908 0.523570
vt 0.451635 0.523570
vt 0.455860 0.322141
vt 0.455860 0.322141
vt 0.451635 0.523570
vt 0.460956 0.523570
vt 0.466500 0.322141
vt 0.184510 0.322141
vt 0.227322 0.523570
vt 0.199633 0.322141
vt 0.214073 0.523570
vt 0.228325 0.838205
vt 0.218512 0.838205
vt 0.215447 0.322141
vt 0.241177 0.523570
vt 0.253241 0.523570
vt 0.229218 0.322141
vt 0.080505 0.322141
vt 0.085467 0.523570
vt 0.096737 0.523570
vt 0.093370 0.322141
vt 0.093370 0.322141
vt 0.096737 0.523570
vt 0.110364 0.523570
vt 0.108923 0.322141
vt 0.108923 0.322141
vt 0.110364 0.523570
vt 0.123990 0.523570
vt 0.124477 0.322141
vt 0.123990 0.523570
vt 0.120457 0.838205
vt 0.128805 0.838205
vt 0.135260 0.523570
vt 0.369051 0.476430
vt 0.363333 0.161795
vt 0.354396 0.161795
vt 0.356986 0.476430
vt 0.402929 0.523570
vt 0.410452 0.838205
vt 0.417357 0.838205
vt 0.412251 0.523570
vt 0.412251 0.523570
vt 0.417357 0.838205
vt 0.426784 0.838205
vt 0.424977 0.523570
vt 0.424977 0.523570
vt 0.426784 0.838205
vt 0.437102 0.838204
vt 0.438908 0.523570
vt 0.438908 0.523570
vt 0.437102 0.838204
vt 0.446529 0.838205
vt 0.451635 0.523570
vt 0.451635 0.523570
vt 0.446529 0.838205
vt 0.453433 0.838204
vt 0.460956 0.523570
vt 0.241177 0.523570
vt 0.238587 0.838205
vt 0.247523 0.838205
vt 0.253241 0.523570
vt 0.085467 0.523570
vt 0.100271 0.838205
vt 0.096737 0.523570
vt 0.091923 0.838205
vt 0.006596 0.998008
vt 0.001526 0.998008
vt 0.096737 0.523570
vt 0.100271 0.838205
vt 0.110364 0.838205
vt 0.110364 0.523570
vt 0.110364 0.523570
vt 0.110364 0.838205
vt 0.120457 0.838205
vt 0.123990 0.523570
vt 0.655270 0.124711
vt 0.578498 0.023108
vt 0.574815 0.028178
vt 0.649204 0.133059
vt 0.649204 0.133059
vt 0.574815 0.028178
vt 0.569388 0.031311
vt 0.640268 0.138218
vt 0.640268 0.138218
vt 0.569388 0.031311
vt 0.563156 0.031966
vt 0.630006 0.139297
vt 0.344134 0.161795
vt 0.277285 0.001992
vt 0.271326 0.001992
vt 0.334321 0.161795
vt 0.410452 0.838205
vt 0.516531 0.998008
vt 0.520724 0.998008
vt 0.417357 0.838205
vt 0.417357 0.838205
vt 0.520724 0.998008
vt 0.526449 0.998008
vt 0.426784 0.838205
vt 0.426784 0.838205
vt 0.526449 0.998008
vt 0.532715 0.998007
vt 0.437102 0.838204
vt 0.437102 0.838204
vt 0.532715 0.998007
vt 0.538439 0.998008
vt 0.446529 0.838205
vt 0.446529 0.838205
vt 0.538439 0.998008
vt 0.542632 0.998007
vt 0.453433 0.838204
vt 0.218512 0.838205
vt 0.155516 0.998008
vt 0.161476 0.998008
vt 0.228325 0.838205
vt 0.228325 0.838205
vt 0.161476 0.998008
vt 0.167708 0.998008
vt 0.238587 0.838205
vt 0.238587 0.838205
vt 0.167708 0.998008
vt 0.173134 0.998008
vt 0.247523 0.838205
vt 0.100271 0.838205
vt 0.006596 0.998008
vt 0.012725 0.998008
vt 0.110364 0.838205
vt 0.110364 0.838205
vt 0.012725 0.998008
vt 0.018854 0.998008
vt 0.120457 0.838205
vn 0.094777 -0.609939 -0.786761
vn -0.224888 -0.370320 -0.901271
vn -0.224806 -0.370394 -0.901260
vn 0.094777 -0.609939 -0.786761
vn -0.224806 -0.370394 -0.901260
vn 0.094826 -0.609967 -0.786733
vn 0.401957 -0.740212 -0.538996
vn 0.094777 -0.609939 -0.786761
vn 0.094826 -0.609967 -0.786733
vn 0.401957 -0.740212 -0.538996
vn 0.094826 -0.609967 -0.786733
vn 0.401957 -0.740212 -0.538996
vn 0.643526 -0.738610 -0.200822
vn 0.401957 -0.740212 -0.538996
vn 0.401957 -0.740212 -0.538996
vn 0.643526 -0.738610 -0.200822
vn 0.401957 -0.740212 -0.538996
vn 0.643498 -0.738620 -0.200876
vn 0.777705 -0.605413 0.169266
vn 0.643526 -0.738610 -0.200822
vn 0.643498 -0.738620 -0.200876
vn 0.777705 -0.605413 0.169266
vn 0.643498 -0.738620 -0.200876
vn 0.777686 -0.605464 0.169169
vn -0.224888 -0.370320 -0.901271
vn -0.501669 -0.062916 -0.862769
vn -0.224806 -0.370394 -0.901260
vn -0.224888 -0.370320 -0.901271
vn -0.501749 -0.062807 -0.862730
vn -0.501669 -0.062916 -0.862769
vn -0.501749 -0.062807 -0.862730
vn -0.687895 0.259310 -0.677907
vn -0.501669 -0.062916 -0.862769
vn -0.501749 -0.062807 -0.862730
vn -0.687941 0.259421 -0.677818
vn -0.687895 0.259310 -0.677907
vn -0.687941 0.259421 -0.677818
vn -0.751280 0.540576 -0.378623
vn -0.687895 0.259310 -0.677907
vn -0.687941 0.259421 -0.677818
vn -0.751279 0.540652 -0.378517
vn -0.751280 0.540576 -0.378623
vn -0.751279 0.540652 -0.378517
vn -0.680850 0.732233 -0.016666
vn -0.751280 0.540576 -0.378623
vn -0.751279 0.540652 -0.378517
vn -0.680821 0.732262 -0.016587
vn -0.680850 0.732233 -0.016666
vn -0.680821 0.732262 -0.016587
vn -0.488779 0.801134 0.345367
vn -0.680850 0.732233 -0.016666
vn -0.680821 0.732262 -0.016587
vn -0.488761 0.801135 0.345393
vn -0.488779 0.801134 0.345367
vn -0.488761 0.801135 0.345393
vn -0.208286 0.735364 0.644870
vn -0.488779 0.801134 0.345367
vn -0.488761 0.801135 0.345393
vn -0.208309 0.735374 0.644851
vn -0.208286 0.735364 0.644870
vn -0.208309 0.735374 0.644851
vn 0.112130 0.546294 0.830054
vn -0.208286 0.735364 0.644870
vn -0.208309 0.735374 0.644851
vn 0.112061 0.546345 0.830030
vn 0.112130 0.546294 0.830054
vn 0.112061 0.546345 0.830030
vn 0.417058 0.266618 0.868894
vn 0.112130 0.546294 0.830054
vn 0.112061 0.546345 0.830030
vn 0.416971 0.266715 0.868906
vn 0.417058 0.266618 0.868894
vn 0.416971 0.266715 0.868906
vn 0.653759 -0.055282 0.754680
vn 0.417058 0.266618 0.868894
vn 0.416971 0.266715 0.868906
vn 0.653693 -0.055168 0.754746
vn 0.653759 -0.055282 0.754680
vn 0.653693 -0.055168 0.754746
vn 0.781319 -0.363756 0.507171
vn 0.653759 -0.055282 0.754680
vn 0.653693 -0.055168 0.754746
vn 0.781298 -0.363660 0.507272
vn 0.781319 -0.363756 0.507171
vn 0.781298 -0.363660 0.507272
vn 0.777686 -0.605464 0.169169
vn 0.781319 -0.363756 0.507171
vn 0.781298 -0.363660 0.507272
vn 0.777705 -0.605413 0.169266
vn 0.777686 -0.605464 0.169169
vn -0.632563 -0.626962 0.454733
vn -0.632563 -0.626962 0.454733
vn -0.632563 -0.626962 0.454733
vn -0.632563 -0.626962 0.454733
vn -0.632563 -0.626962 0.454733
vn -0.632563 -0.626962 0.454733
vn -0.632563 -0.626962 0.454733
vn -0.632563 -0.626962 0.454733
vn -0.632563 -0.626962 0.454733
vn -0.632563 -0.626962 0.454733
vn -0.632563 -0.626962 0.454733
vn -0.632563 -0.626962 0.454733
vn -0.632563 -0.626962 0.454733
vn -0.632563 -0.626962 0.454733
vn -0.632563 -0.626962 0.454733
vn -0.632563 -0.626962 0.454733
vn -0.632563 -0.626962 0.454733
vn -0.632563 -0.626962 0.454733
vn -0.632563 -0.626962 0.454733
vn -0.632563 -0.626962 0.454733
vn -0.632563 -0.626962 0.454733
vn -0.632563 -0.626962 0.454733
vn -0.632563 -0.626962 0.454733
vn -0.632563 -0.626962 0.454733
vn -0.632563 -0.626962 0.454733
vn -0.632563 -0.626962 0.454733
vn -0.632563 -0.626962 0.454733
vn -0.632563 -0.626962 0.454733
vn -0.632563 -0.626962 0.454733
vn -0.632563 -0.626962 0.454733
vn -0.632563 -0.626962 0.454733
vn -0.632563 -0.626962 0.454733
vn -0.632563 -0.626962 0.454733
vn -0.632563 -0.626962 0.454733
vn -0.632563 -0.626962 0.454733
vn -0.632563 -0.626962 0.454733
vn -0.632563 -0.626962 0.454733
vn -0.632563 -0.626962 0.454733
vn -0.632563 -0.626962 0.454733
vn 0.632563 0.626962 -0.454733
vn 0.632563 0.626962 -0.454733
vn 0.632563 0.626962 -0.454733
vn 0.632563 0.626962 -0.454733
vn 0.632563 0.626962 -0.454733
vn 0.632563 0.626962 -0.454733
vn 0.632563 0.626962 -0.454733
vn 0.632563 0.626962 -0.454733
vn 0.632563 0.626962 -0.454733
vn 0.632563 0.626962 -0.454733
vn 0.632563 0.626962 -0.454733
vn 0.632563 0.626962 -0.454733
vn 0.632563 0.626962 -0.454733
vn 0.632563 0.626962 -0.454733
vn 0.632563 0.626962 -0.454733
vn 0.632563 0.626962 -0.454733
vn 0.632563 0.626962 -0.454733
vn 0.632563 0.626962 -0.454733
vn 0.632563 0.626962 -0.454733
vn 0.632563 0.626962 -0.454733
vn 0.632563 0.626962 -0.454733
vn 0.632563 0.626962 -0.454733
vn 0.632563 0.626962 -0.454733
vn 0.632563 0.626962 -0.454733
vn 0.632563 0.626962 -0.454733
vn 0.632563 0.626962 -0.454733
vn 0.632563 0.626962 -0.454733
vn 0.632563 0.626962 -0.454733
vn 0.632563 0.626962 -0.454733
vn 0.632563 0.626962 -0.454733
vn 0.632563 0.626962 -0.454733
vn 0.632563 0.626962 -0.454733
vn 0.632563 0.626962 -0.454733
vn 0.632563 0.626962 -0.454733
vn 0.632563 0.626962 -0.454733
vn 0.632563 0.626962 -0.454733
vn 0.632563 0.626962 -0.454733
vn 0.632563 0.626962 -0.454733
vn 0.632563 0.626962 -0.454733
vn -0.029514 -0.462802 -0.885970
vn -0.029514 -0.462802 -0.885970
vn -0.029514 -0.462802 -0.885970
vn -0.029514 -0.462802 -0.885970
vn -0.029514 -0.462802 -0.885970
vn -0.029514 -0.462802 -0.885970
vn -0.349217 -0.199745 -0.915505
vn -0.349217 -0.199745 -0.915505
vn -0.349217 -0.199745 -0.915505
vn -0.349217 -0.199745 -0.915505
vn -0.349217 -0.199745 -0.915505
vn -0.349217 -0.199745 -0.915505
vn -0.606748 0.101716 -0.788359
vn -0.606748 0.101716 -0.788359
vn -0.606748 0.101716 -0.788359
vn -0.606748 0.101716 -0.788359
vn -0.606748 0.101716 -0.788359
vn -0.606748 0.101716 -0.788359
vn -0.756519 0.388989 -0.525706
vn -0.756519 0.388989 -0.525706
vn -0.756519 0.388989 -0.525706
vn -0.756519 0.388989 -0.525706
vn -0.756519 0.388989 -0.525706
vn -0.756519 0.388989 -0.525706
vn -0.771984 0.611495 -0.173536
vn -0.771984 0.611495 -0.173537
vn -0.771984 0.611495 -0.173536
vn -0.771984 0.611495 -0.173536
vn -0.771984 0.611495 -0.173536
vn -0.771984 0.611495 -0.173537
vn -0.650908 0.730591 0.206292
vn -0.650908 0.730591 0.206292
vn -0.650908 0.730591 0.206292
vn -0.650908 0.730591 0.206292
vn -0.650908 0.730591 0.206292
vn -0.650908 0.730591 0.206292
vn -0.414895 0.726278 0.548072
vn -0.414895 0.726278 0.548072
vn -0.414895 0.726278 0.548072
vn -0.414895 0.726278 0.548072
vn -0.414895 0.726278 0.548072
vn -0.414895 0.726278 0.548072
vn -0.104712 0.599671 0.793366
vn -0.104712 0.599671 0.793367
vn -0.104712 0.599671 0.793366
vn -0.104712 0.599671 0.793366
vn -0.104712 0.599671 0.793367
vn -0.104712 0.599671 0.793367
vn 0.226702 0.372206 0.900038
vn 0.226702 0.372206 0.900038
vn 0.226702 0.372206 0.900038
vn 0.226702 0.372206 0.900038
vn 0.226702 0.372206 0.900038
vn 0.226702 0.372206 0.900038
vn 0.522045 0.082747 0.848895
vn 0.522045 0.082747 0.848895
vn 0.522045 0.082747 0.848895
vn 0.522045 0.082747 0.848895
vn 0.522045 0.082747 0.848895
vn 0.522045 0.082747 0.848895
vn 0.729486 -0.218351 0.648207
vn 0.729486 -0.218351 0.648207
vn 0.729486 -0.218351 0.648207
vn 0.729486 -0.218351 0.648207
vn 0.729486 -0.218351 0.648207
vn 0.729486 -0.218351 0.648207
vn 0.729486 -0.218351 0.648207
vn 0.729486 -0.218351 0.648207
vn 0.717867 -0.230229 0.657009
vn 0.729486 -0.218351 0.648207
vn 0.717867 -0.230229 0.657009
vn 0.717867 -0.230229 0.657010
vn 0.717867 -0.230229 0.657010
vn 0.717867 -0.230229 0.657009
vn 0.722549 -0.225493 0.653511
vn 0.717867 -0.230229 0.657010
vn 0.722549 -0.225493 0.653511
vn 0.722549 -0.225493 0.653511
vn 0.812578 -0.478157 0.333291
vn 0.812578 -0.478157 0.333291
vn 0.812578 -0.478157 0.333291
vn 0.812578 -0.478157 0.333291
vn 0.812578 -0.478157 0.333291
vn 0.812578 -0.478157 0.333291
vn 0.757542 -0.651546 -0.040209
vn 0.757542 -0.651546 -0.040209
vn 0.757542 -0.651546 -0.040209
vn 0.757542 -0.651546 -0.040209
vn 0.757542 -0.651546 -0.040209
vn 0.757542 -0.651546 -0.040209
vn 0.575103 -0.709407 -0.407428
vn 0.575103 -0.709407 -0.407428
vn 0.575103 -0.709407 -0.407428
vn 0.575103 -0.709407 -0.407428
vn 0.575103 -0.709407 -0.407428
vn 0.575103 -0.709407 -0.407428
vn 0.297037 -0.642699 -0.706191
vn 0.297037 -0.642699 -0.706191
vn 0.297037 -0.642699 -0.706191
vn 0.297037 -0.642699 -0.706191
vn 0.297037 -0.642699 -0.706191
vn 0.297037 -0.642699 -0.706191
vn -0.128398 -0.561924 -0.817163
vn -0.128398 -0.561924 -0.817163
vn -0.128398 -0.561924 -0.817163
vn -0.128398 -0.561924 -0.817163
vn -0.128398 -0.561924 -0.817163
vn -0.128398 -0.561924 -0.817163
vn -0.416335 -0.265992 -0.869433
vn -0.416335 -0.265992 -0.869433
vn -0.416335 -0.265992 -0.869433
vn -0.416335 -0.265992 -0.869433
vn -0.416335 -0.265992 -0.869433
vn -0.416335 -0.265992 -0.869433
vn -0.630766 0.078428 -0.771999
vn -0.630766 0.078428 -0.771999
vn -0.630766 0.078428 -0.771999
vn -0.630766 0.078428 -0.771999
vn -0.630766 0.078428 -0.771999
vn -0.630766 0.078428 -0.771999
vn -0.630766 0.078428 -0.771999
vn -0.630766 0.078428 -0.771999
vn -0.619725 0.089253 -0.779727
vn -0.630766 0.078428 -0.771999
vn -0.619725 0.089253 -0.779727
vn -0.619725 0.089253 -0.779727
vn -0.733577 0.410845 -0.541361
vn -0.733576 0.410845 -0.541361
vn -0.733577 0.410845 -0.541361
vn -0.733577 0.410845 -0.541361
vn -0.733577 0.410845 -0.541361
vn -0.733576 0.410845 -0.541361
vn -0.733576 0.410845 -0.541361
vn -0.733577 0.410845 -0.541361
vn -0.747410 0.397833 -0.532079
vn -0.733576 0.410845 -0.541361
vn -0.747410 0.397833 -0.532079
vn -0.747410 0.397833 -0.532079
vn -0.706931 0.672671 -0.218546
vn -0.706931 0.672671 -0.218546
vn -0.706931 0.672671 -0.218546
vn -0.706931 0.672671 -0.218546
vn -0.706931 0.672671 -0.218546
vn -0.706931 0.672671 -0.218546
vn -0.556609 0.818986 0.139457
vn -0.556609 0.818986 0.139457
vn -0.556609 0.818986 0.139457
vn -0.556609 0.818986 0.139457
vn -0.556609 0.818986 0.139457
vn -0.556609 0.818986 0.139457
vn -0.309464 0.825955 0.471202
vn -0.309464 0.825955 0.471202
vn -0.309464 0.825955 0.471202
vn -0.309464 0.825955 0.471202
vn -0.309464 0.825955 0.471202
vn -0.309464 0.825955 0.471202
vn -0.007672 0.693079 0.720821
vn -0.007672 0.693079 0.720821
vn -0.007672 0.693079 0.720821
vn -0.007672 0.693079 0.720821
vn -0.007672 0.693079 0.720821
vn -0.007672 0.693079 0.720821
vn 0.297924 0.442398 0.845887
vn 0.297924 0.442398 0.845887
vn 0.297924 0.442398 0.845887
vn 0.297924 0.442398 0.845887
vn 0.297924 0.442398 0.845887
vn 0.297924 0.442398 0.845887
vn 0.554915 0.115834 0.823803
vn 0.554915 0.115834 0.823803
vn 0.554915 0.115834 0.823803
vn 0.554915 0.115834 0.823803
vn 0.554915 0.115834 0.823803
vn 0.554915 0.115834 0.823803
vn 0.554915 0.115834 0.823803
vn 0.554915 0.115834 0.823803
vn 0.536200 0.096841 0.838517
vn 0.554915 0.115834 0.823803
vn 0.536200 0.096841 0.838517
vn 0.536200 0.096841 0.838517
vn 0.757574 -0.534758 0.374321
vn 0.757574 -0.534758 0.374321
vn 0.757574 -0.534758 0.374321
vn 0.757574 -0.534758 0.374321
vn 0.757574 -0.534758 0.374321
vn 0.757574 -0.534758 0.374321
vn 0.667389 -0.744262 0.025810
vn 0.667389 -0.744262 0.025810
vn 0.667389 -0.744262 0.025810
vn 0.667389 -0.744262 0.025810
vn 0.667389 -0.744262 0.025810
vn 0.667389 -0.744262 0.025810
vn 0.463976 -0.823082 -0.327510
vn 0.463976 -0.823082 -0.327510
vn 0.463976 -0.823082 -0.327510
vn 0.463976 -0.823082 -0.327510
vn 0.463976 -0.823082 -0.327510
vn 0.463976 -0.823082 -0.327510
vn 0.182716 -0.758602 -0.625410
vn 0.182716 -0.758602 -0.625410
vn 0.182716 -0.758602 -0.625410
vn 0.182716 -0.758602 -0.625410
vn 0.182716 -0.758602 -0.625410
vn 0.182716 -0.758602 -0.625410
vn -0.077760 -0.512498 -0.855160
vn -0.077760 -0.512498 -0.855160
vn -0.077760 -0.512498 -0.855160
vn -0.077760 -0.512498 -0.855160
vn -0.077760 -0.512498 -0.855160
vn -0.077760 -0.512498 -0.855160
vn -0.382864 -0.232741 -0.894006
vn -0.382864 -0.232741 -0.894006
vn -0.382864 -0.232741 -0.894006
vn -0.382864 -0.232741 -0.894006
vn -0.382864 -0.232741 -0.894006
vn -0.382864 -0.232741 -0.894006
vn -0.743833 0.639620 -0.193903
vn -0.743834 0.639620 -0.193903
vn -0.743834 0.639620 -0.193903
vn -0.743833 0.639620 -0.193903
vn -0.743834 0.639620 -0.193903
vn -0.743834 0.639620 -0.193903
vn -0.609598 0.772837 0.176390
vn -0.609598 0.772837 0.176390
vn -0.609598 0.772837 0.176390
vn -0.609598 0.772837 0.176390
vn -0.609598 0.772837 0.176390
vn -0.609598 0.772837 0.176390
vn -0.367958 0.774419 0.514667
vn -0.367958 0.774419 0.514667
vn -0.367958 0.774419 0.514667
vn -0.367958 0.774419 0.514667
vn -0.367958 0.774419 0.514667
vn -0.367958 0.774419 0.514667
vn -0.060665 0.644116 0.762518
vn -0.060665 0.644116 0.762518
vn -0.060665 0.644116 0.762518
vn -0.060665 0.644116 0.762518
vn -0.060665 0.644116 0.762518
vn -0.060665 0.644116 0.762518
vn 0.259165 0.404437 0.877077
vn 0.259165 0.404437 0.877077
vn 0.259165 0.404437 0.877077
vn 0.259165 0.404437 0.877077
vn 0.259165 0.404437 0.877077
vn 0.259165 0.404437 0.877077
vn 0.785987 -0.506819 0.354059
vn 0.785987 -0.506819 0.354059
vn 0.785987 -0.506819 0.354059
vn 0.785987 -0.506819 0.354059
vn 0.785987 -0.506819 0.354059
vn 0.785987 -0.506819 0.354059
vn 0.715553 -0.698512 -0.008074
vn 0.715553 -0.698512 -0.008074
vn 0.715553 -0.698512 -0.008074
vn 0.715553 -0.698512 -0.008074
vn 0.715553 -0.698512 -0.008074
vn 0.715553 -0.698512 -0.008074
vn 0.715553 -0.698512 -0.008074
vn 0.715553 -0.698512 -0.008074
vn 0.722871 -0.690852 -0.013462
vn 0.715553 -0.698512 -0.008074
vn 0.722871 -0.690852 -0.013462
vn 0.722871 -0.690852 -0.013462
vn 0.523415 -0.767418 -0.370279
vn 0.523415 -0.767418 -0.370279
vn 0.523415 -0.767418 -0.370279
vn 0.523415 -0.767418 -0.370279
vn 0.523415 -0.767418 -0.370279
vn 0.523415 -0.767418 -0.370279
vn 0.242804 -0.701619 -0.669908
vn 0.242804 -0.701619 -0.669908
vn 0.242804 -0.701619 -0.669909
vn 0.242804 -0.701619 -0.669908
vn 0.242804 -0.701619 -0.669908
vn 0.242804 -0.701619 -0.669908
vn 0.214051 -0.173718 -0.961251
vn 0.214051 -0.173718 -0.961251
vn 0.214051 -0.173718 -0.961251
vn 0.214051 -0.173718 -0.961251
vn 0.214051 -0.173718 -0.961251
vn 0.214051 -0.173718 -0.961251
vn -0.041004 0.087975 -0.995278
vn -0.041004 0.087975 -0.995278
vn -0.041004 0.087975 -0.995278
vn -0.041004 0.087975 -0.995278
vn -0.041004 0.087975 -0.995278
vn -0.041004 0.087975 -0.995278
vn -0.289852 0.344958 -0.892743
vn -0.289852 0.344958 -0.892743
vn -0.289852 0.344958 -0.892743
vn -0.289852 0.344958 -0.892743
vn -0.289852 0.344958 -0.892743
vn -0.289852 0.344958 -0.892743
vn -0.507952 0.571539 -0.644460
vn -0.507952 0.571539 -0.644460
vn -0.507952 0.571539 -0.644460
vn -0.507952 0.571539 -0.644460
vn -0.507952 0.571539 -0.644460
vn -0.507952 0.571539 -0.644460
vn -0.648125 0.717931 -0.253988
vn -0.648125 0.717931 -0.253988
vn -0.648125 0.717931 -0.253988
vn -0.648125 0.717931 -0.253988
vn -0.648125 0.717931 -0.253988
vn -0.648125 0.717931 -0.253988
vn -0.655219 0.725784 0.209582
vn -0.655219 0.725784 0.209582
vn -0.655219 0.725784 0.209582
vn -0.655219 0.725784 0.209582
vn -0.655219 0.725784 0.209582
vn -0.655219 0.725784 0.209582
vn -0.522217 0.587570 0.618103
vn -0.522217 0.587570 0.618103
vn -0.522217 0.587570 0.618103
vn -0.522217 0.587570 0.618103
vn -0.522217 0.587570 0.618103
vn -0.522217 0.587570 0.618103
vn -0.300284 0.357315 0.884396
vn -0.300284 0.357315 0.884396
vn -0.300284 0.357315 0.884396
vn -0.300284 0.357315 0.884396
vn -0.300284 0.357315 0.884396
vn -0.300284 0.357315 0.884396
vn -0.042791 0.091389 0.994896
vn -0.042791 0.091389 0.994895
vn -0.042791 0.091389 0.994895
vn -0.042791 0.091389 0.994896
vn -0.042791 0.091389 0.994895
vn -0.042791 0.091389 0.994895
vn 0.220120 -0.178567 0.958990
vn 0.220120 -0.178567 0.958990
vn 0.220120 -0.178567 0.958990
vn 0.220120 -0.178567 0.958990
vn 0.220120 -0.178567 0.958990
vn 0.220120 -0.178567 0.958990
vn 0.465322 -0.428934 0.774268
vn 0.465322 -0.428934 0.774268
vn 0.465322 -0.428934 0.774268
vn 0.465322 -0.428934 0.774268
vn 0.465322 -0.428934 0.774268
vn 0.465322 -0.428934 0.774268
vn 0.652744 -0.619536 0.436005
vn 0.652744 -0.619536 0.436005
vn 0.652744 -0.619536 0.436005
vn 0.652744 -0.619536 0.436005
vn 0.652744 -0.619536 0.436005
vn 0.652744 -0.619536 0.436005
vn 0.644848 -0.612052 -0.457781
vn 0.644848 -0.612052 -0.457781
vn 0.644848 -0.612052 -0.457781
vn 0.644848 -0.612052 -0.457781
vn 0.644848 -0.612052 -0.457781
vn 0.644848 -0.612052 -0.457781
vn 0.455316 -0.419742 -0.785177
vn 0.455316 -0.419742 -0.785177
vn 0.455316 -0.419742 -0.785177
vn 0.455316 -0.419742 -0.785177
vn 0.455316 -0.419742 -0.785177
vn 0.455316 -0.419742 -0.785177
s off
g cherry_tree group1 pCylinder22
usemtl pCylinder2SG
f 1666/5271/9751 1668/5273/9752 1667/5272/9753
f 1666/5271/9754 1667/5272/9755 1669/5274/9756
f 1670/5275/9757 1666/5271/9758 1669/5274/9759
f 1670/5275/9760 1669/5274/9761 1671/5276/9762
f 1672/5277/9763 1670/5275/9764 1671/5276/9765
f 1672/5277/9766 1671/5276/9767 1673/5278/9768
f 1674/5279/9769 1672/5277/9770 1673/5278/9771
f 1674/5279/9772 1673/5278/9773 1675/5280/9774
f 1668/5281/9775 1676/5283/9776 1667/5282/9777
f 1668/5281/9778 1677/5284/9779 1676/5283/9780
f 1677/5284/9781 1678/5285/9782 1676/5283/9783
f 1677/5284/9784 1679/5286/9785 1678/5285/9786
f 1679/5286/9787 1680/5287/9788 1678/5285/9789
f 1679/5286/9790 1681/5288/9791 1680/5287/9792
f 1681/5289/9793 1682/5291/9794 1680/5290/9795
f 1681/5289/9796 1683/5292/9797 1682/5291/9798
f 1683/5292/9799 1684/5293/9800 1682/5291/9801
f 1683/5292/9802 1685/5294/9803 1684/5293/9804
f 1685/5294/9805 1686/5295/9806 1684/5293/9807
f 1685/5294/9808 1687/5296/9809 1686/5295/9810
f 1687/5296/9811 1688/5297/9812 1686/5295/9813
f 1687/5296/9814 1689/5298/9815 1688/5297/9816
f 1689/5298/9817 1690/5299/9818 1688/5297/9819
f 1689/5298/9820 1691/5300/9821 1690/5299/9822
f 1691/5301/9823 1692/5303/9824 1690/5302/9825
f 1691/5301/9826 1693/5304/9827 1692/5303/9828
f 1693/5304/9829 1694/5305/9830 1692/5303/9831
f 1693/5304/9832 1695/5306/9833 1694/5305/9834
f 1695/5306/9835 1675/5307/9836 1694/5305/9837
f 1695/5306/9838 1674/5308/9839 1675/5307/9840
f 1677/5309/9841 1681/5311/9842 1679/5310/9843
f 1681/5311/9844 1677/5309/9845 1668/5312/9846
f 1681/5311/9847 1668/5312/9848 1683/5313/9849
f 1683/5313/9850 1668/5312/9851 1666/5314/9852
f 1683/5313/9853 1666/5314/9854 1685/5315/9855
f 1685/5315/9856 1666/5314/9857 1670/5316/9858
f 1685/5315/9859 1670/5316/9860 1687/5317/9861
f 1687/5317/9862 1670/5316/9863 1672/5318/9864
f 1687/5317/9865 1672/5318/9866 1689/5319/9867
f 1689/5319/9868 1672/5318/9869 1674/5320/9870
f 1689/5319/9871 1674/5320/9872 1691/5321/9873
f 1691/5321/9874 1674/5320/9875 1695/5322/9876
f 1691/5321/9877 1695/5322/9878 1693/5323/9879
f 1696/5324/9880 1698/5326/9881 1697/5325/9882
f 1698/5326/9883 1696/5324/9884 1699/5327/9885
f 1699/5327/9886 1696/5324/9887 1700/5328/9888
f 1699/5327/9889 1700/5328/9890 1701/5329/9891
f 1701/5329/9892 1700/5328/9893 1702/5330/9894
f 1701/5329/9895 1702/5330/9896 1703/5331/9897
f 1703/5331/9898 1702/5330/9899 1704/5332/9900
f 1703/5331/9901 1704/5332/9902 1705/5333/9903
f 1705/5333/9904 1704/5332/9905 1706/5334/9906
f 1705/5333/9907 1706/5334/9908 1707/5335/9909
f 1707/5335/9910 1706/5334/9911 1708/5336/9912
f 1707/5335/9913 1708/5336/9914 1709/5337/9915
f 1709/5337/9916 1708/5336/9917 1710/5338/9918
f 1669/5339/9919 1712/5341/9920 1711/5340/9921
f 1669/5339/9922 1667/5342/9923 1712/5341/9924
f 1667/5343/9925 1713/5345/9926 1712/5344/9927
f 1667/5343/9928 1676/5346/9929 1713/5345/9930
f 1676/5347/9931 1714/5349/9932 1713/5348/9933
f 1676/5347/9934 1678/5350/9935 1714/5349/9936
f 1678/5351/9937 1715/5353/9938 1714/5352/9939
f 1678/5351/9940 1680/5354/9941 1715/5353/9942
f 1680/5355/9943 1716/5357/9944 1715/5356/9945
f 1680/5355/9946 1682/5358/9947 1716/5357/9948
f 1682/5359/9949 1717/5361/9950 1716/5360/9951
f 1682/5359/9952 1684/5362/9953 1717/5361/9954
f 1684/5363/9955 1718/5365/9956 1717/5364/9957
f 1684/5363/9958 1686/5366/9959 1718/5365/9960
f 1686/5367/9961 1719/5369/9962 1718/5368/9963
f 1686/5367/9964 1688/5370/9965 1719/5369/9966
f 1688/5371/9967 1720/5373/9968 1719/5372/9969
f 1688/5371/9970 1690/5374/9971 1720/5373/9972
f 1690/5375/9973 1721/5377/9974 1720/5376/9975
f 1690/5375/9976 1692/5378/9977 1721/5377/9978
f 1692/5379/9979 1694/5381/9980 1722/5380/9981
f 1692/5379/9982 1722/5380/9983 1721/5382/9984
f 1721/5382/9985 1722/5380/9986 1723/5383/9987
f 1721/5382/9988 1723/5383/9989 1724/5384/9990
f 1724/5384/9991 1723/5383/9992 1725/5385/9993
f 1724/5384/9994 1725/5385/9995 1726/5386/9996
f 1694/5387/9997 1727/5389/9998 1722/5388/9999
f 1694/5387/10000 1675/5390/10001 1727/5389/10002
f 1675/5391/10003 1728/5393/10004 1727/5392/10005
f 1675/5391/10006 1673/5394/10007 1728/5393/10008
f 1673/5395/10009 1729/5397/10010 1728/5396/10011
f 1673/5395/10012 1671/5398/10013 1729/5397/10014
f 1671/5399/10015 1711/5401/10016 1729/5400/10017
f 1671/5399/10018 1669/5402/10019 1711/5401/10020
f 1711/5403/10021 1731/5405/10022 1730/5404/10023
f 1711/5403/10024 1712/5406/10025 1731/5405/10026
f 1712/5407/10027 1732/5409/10028 1731/5408/10029
f 1712/5407/10030 1713/5410/10031 1732/5409/10032
f 1713/5411/10033 1714/5413/10034 1733/5412/10035
f 1713/5411/10036 1733/5412/10037 1732/5414/10038
f 1732/5414/10039 1733/5412/10040 1734/5415/10041
f 1732/5414/10042 1734/5415/10043 1735/5416/10044
f 1714/5417/10045 1715/5419/10046 1736/5418/10047
f 1714/5417/10048 1736/5418/10049 1733/5420/10050
f 1733/5420/10051 1736/5418/10052 1737/5421/10053
f 1733/5420/10054 1737/5421/10055 1734/5422/10056
f 1715/5423/10057 1738/5425/10058 1736/5424/10059
f 1715/5423/10060 1716/5426/10061 1738/5425/10062
f 1716/5427/10063 1739/5429/10064 1738/5428/10065
f 1716/5427/10066 1717/5430/10067 1739/5429/10068
f 1717/5431/10069 1740/5433/10070 1739/5432/10071
f 1717/5431/10072 1718/5434/10073 1740/5433/10074
f 1718/5435/10075 1741/5437/10076 1740/5436/10077
f 1718/5435/10078 1719/5438/10079 1741/5437/10080
f 1719/5439/10081 1742/5441/10082 1741/5440/10083
f 1719/5439/10084 1720/5442/10085 1742/5441/10086
f 1720/5443/10087 1721/5445/10088 1724/5444/10089
f 1720/5443/10090 1724/5444/10091 1742/5446/10092
f 1742/5446/10093 1724/5444/10094 1726/5447/10095
f 1742/5446/10096 1726/5447/10097 1743/5448/10098
f 1722/5449/10099 1744/5451/10100 1723/5450/10101
f 1722/5449/10102 1727/5452/10103 1744/5451/10104
f 1727/5453/10105 1745/5455/10106 1744/5454/10107
f 1727/5453/10108 1728/5456/10109 1745/5455/10110
f 1728/5457/10111 1746/5459/10112 1745/5458/10113
f 1728/5457/10114 1729/5460/10115 1746/5459/10116
f 1729/5461/10117 1730/5463/10118 1746/5462/10119
f 1729/5461/10120 1711/5464/10121 1730/5463/10122
f 1730/5465/10123 1748/5467/10124 1747/5466/10125
f 1730/5465/10126 1731/5468/10127 1748/5467/10128
f 1731/5469/10129 1735/5471/10130 1748/5470/10131
f 1731/5469/10132 1732/5472/10133 1735/5471/10134
f 1736/5473/10135 1749/5475/10136 1737/5474/10137
f 1736/5473/10138 1738/5476/10139 1749/5475/10140
f 1738/5477/10141 1750/5479/10142 1749/5478/10143
f 1738/5477/10144 1739/5480/10145 1750/5479/10146
f 1739/5481/10147 1751/5483/10148 1750/5482/10149
f 1739/5481/10150 1740/5484/10151 1751/5483/10152
f 1740/5485/10153 1752/5487/10154 1751/5486/10155
f 1740/5485/10156 1741/5488/10157 1752/5487/10158
f 1741/5489/10159 1743/5491/10160 1752/5490/10161
f 1741/5489/10162 1742/5492/10163 1743/5491/10164
f 1723/5493/10165 1753/5495/10166 1725/5494/10167
f 1723/5493/10168 1744/5496/10169 1753/5495/10170
f 1744/5497/10171 1745/5499/10172 1754/5498/10173
f 1744/5497/10174 1754/5498/10175 1753/5500/10176
f 1753/5500/10177 1754/5498/10178 1705/5501/10179
f 1753/5500/10180 1705/5501/10181 1707/5502/10182
f 1745/5503/10183 1755/5505/10184 1754/5504/10185
f 1745/5503/10186 1746/5506/10187 1755/5505/10188
f 1746/5507/10189 1747/5509/10190 1755/5508/10191
f 1746/5507/10192 1730/5510/10193 1747/5509/10194
f 1747/5511/10195 1699/5513/10196 1701/5512/10197
f 1747/5511/10198 1748/5514/10199 1699/5513/10200
f 1748/5515/10201 1698/5517/10202 1699/5516/10203
f 1748/5515/10204 1735/5518/10205 1698/5517/10206
f 1735/5519/10207 1697/5521/10208 1698/5520/10209
f 1735/5519/10210 1734/5522/10211 1697/5521/10212
f 1734/5523/10213 1696/5525/10214 1697/5524/10215
f 1734/5523/10216 1737/5526/10217 1696/5525/10218
f 1737/5527/10219 1700/5529/10220 1696/5528/10221
f 1737/5527/10222 1749/5530/10223 1700/5529/10224
f 1749/5531/10225 1702/5533/10226 1700/5532/10227
f 1749/5531/10228 1750/5534/10229 1702/5533/10230
f 1750/5535/10231 1704/5537/10232 1702/5536/10233
f 1750/5535/10234 1751/5538/10235 1704/5537/10236
f 1751/5539/10237 1706/5541/10238 1704/5540/10239
f 1751/5539/10240 1752/5542/10241 1706/5541/10242
f 1752/5543/10243 1708/5545/10244 1706/5544/10245
f 1752/5543/10246 1743/5546/10247 1708/5545/10248
f 1743/5547/10249 1710/5549/10250 1708/5548/10251
f 1743/5547/10252 1726/5550/10253 1710/5549/10254
f 1726/5551/10255 1709/5553/10256 1710/5552/10257
f 1726/5551/10258 1725/5554/10259 1709/5553/10260
f 1725/5555/10261 1707/5557/10262 1709/5556/10263
f 1725/5555/10264 1753/5558/10265 1707/5557/10266
f 1754/5559/10267 1703/5561/10268 1705/5560/10269
f 1754/5559/10270 1755/5562/10271 1703/5561/10272
f 1755/5563/10273 1701/5565/10274 1703/5564/10275
f 1755/5563/10276 1747/5566/10277 1701/5565/10278
g default
v -139.993176 443.059132 885.001944
v -160.748016 450.794429 878.755640
v -142.158372 438.857462 882.946099
v -158.786775 454.600284 880.617818
v -138.864374 446.426096 888.737987
v -157.764308 457.650089 884.001897
v -138.967148 448.376175 893.508242
v -157.857406 459.416457 888.322779
v -140.283733 448.572176 898.487887
v -159.049958 459.593982 892.833331
v -163.308895 446.890561 878.737376
v -144.985603 434.547567 882.925949
v -166.026639 443.563683 880.566190
v -147.985983 430.874685 884.944965
v -168.431315 441.389056 883.925857
v -150.640759 428.473920 888.654024
v -170.107120 440.742704 888.235447
v -152.490854 427.760342 893.411819
v -170.764291 441.736372 892.749807
v -153.216385 428.857338 898.395689
v -170.289243 444.198246 896.688364
v -152.691899 431.575246 902.743859
v -168.764069 447.702646 899.370104
v -151.008116 435.444136 905.704487
v -166.452481 451.643635 900.331324
v -148.456136 439.794993 906.765674
v -163.754208 455.339793 899.405814
v -145.477217 443.875522 905.743930
v -161.135791 458.152005 896.753615
v -142.586474 446.980215 902.815894
v -344.066352 603.903929 847.069818
v -343.541031 604.378924 846.335936
v -342.947380 605.105659 845.936446
v -342.387978 605.958416 845.940414
v -344.432384 603.762724 848.011208
v -341.959597 606.789792 846.347196
v -344.575938 603.979790 848.997342
v -341.736219 607.455973 847.086430
v -344.472170 604.517551 849.857671
v -341.756556 607.841820 848.030287
v -344.138991 605.283048 850.443469
v -342.017039 607.880601 849.015578
v -343.634065 606.143925 850.653427
v -342.472711 607.565638 849.871926
v -343.044654 606.951317 850.451275
v -199.714953 475.134798 873.715402
v -201.315238 472.029376 872.195960
v -203.404801 468.843995 872.181057
v -205.622343 466.129384 873.673301
v -248.731889 500.205385 858.911651
v -246.789146 502.583596 857.604318
v -309.598439 541.695001 842.772993
v -308.159433 543.456590 841.804639
v -207.584469 464.355007 876.414624
v -250.450881 498.650873 861.313278
v -310.871722 540.543599 844.551882
v -208.951844 463.827621 879.931051
v -209.488080 464.638413 883.614573
v -209.100446 466.647192 886.828254
v -207.855976 469.506622 889.016437
v -205.969829 472.722303 889.800746
v -203.768158 475.738187 889.045576
v -247.107470 508.623514 872.379091
v -249.036324 505.981339 873.040683
v -308.395228 547.930372 852.748388
v -309.823932 545.973302 853.238413
v -201.631644 478.032817 886.881515
v -245.235687 510.633780 870.483193
v -307.008803 549.419424 851.344065
v -199.929708 479.209423 883.682725
v -198.956627 479.064569 880.002317
v -198.880673 477.623279 876.476676
v -243.556523 508.094880 858.948540
v -244.958491 505.374284 857.617358
v -251.648814 498.188804 864.393989
v -252.118622 498.899141 867.621060
v -251.779029 500.658999 870.436532
v -250.688746 503.164129 872.353552
v -243.744647 511.664623 867.680753
v -242.892164 511.537696 864.456416
v -242.825594 510.274996 861.367655
v -306.803479 545.523640 841.814309
v -305.765038 547.538816 842.800301
v -311.759027 540.201360 846.833776
v -312.106995 540.727505 849.224084
v -311.855460 542.031034 851.309512
v -311.047862 543.886567 852.729473
v -305.904349 550.182909 849.268327
v -305.272921 550.088933 846.880020
v -305.223632 549.153649 844.592152
vt 0.139160 0.001992
vt 0.151785 0.087844
vt 0.155103 0.001992
vt 0.137344 0.087844
vt 0.119885 0.001992
vt 0.119885 0.087844
vt 0.100609 0.001992
vt 0.102425 0.087844
vt 0.084667 0.001992
vt 0.087985 0.087844
vt 0.520299 0.998008
vt 0.517360 0.912156
vt 0.501902 0.912156
vt 0.503233 0.998008
vt 0.484150 0.912156
vt 0.483635 0.998008
vt 0.467174 0.912156
vt 0.464893 0.998008
vt 0.161878 0.001992
vt 0.165745 0.087844
vt 0.177688 0.087844
vt 0.175064 0.001992
vt 0.193995 0.087844
vt 0.193067 0.001992
vt 0.211844 0.087844
vt 0.212773 0.001992
vt 0.228151 0.087844
vt 0.230775 0.001992
vt 0.240095 0.087844
vt 0.243961 0.001992
vt 0.341140 0.001992
vt 0.343421 0.087844
vt 0.360397 0.087844
vt 0.359882 0.001992
vt 0.378149 0.087844
vt 0.379480 0.001992
vt 0.393607 0.087844
vt 0.396546 0.001992
vt 0.741548 0.004052
vt 0.721950 0.001992
vt 0.703209 0.008082
vt 0.758614 0.013905
vt 0.688564 0.021267
vt 0.770197 0.029847
vt 0.680549 0.039270
vt 0.774294 0.049123
vt 0.680549 0.058976
vt 0.770197 0.068398
vt 0.688564 0.076978
vt 0.758614 0.084341
vt 0.703209 0.090164
vt 0.741548 0.094194
vt 0.721950 0.096253
vt 0.659380 0.019438
vt 0.663088 0.020643
vt 0.666966 0.020235
vt 0.670342 0.018286
vt 0.656482 0.016829
vt 0.672634 0.015131
vt 0.654896 0.013267
vt 0.673445 0.011317
vt 0.654896 0.009368
vt 0.672634 0.007504
vt 0.656482 0.005806
vt 0.670342 0.004349
vt 0.659380 0.003197
vt 0.666966 0.002400
vt 0.663088 0.001992
vt 0.137344 0.087844
vt 0.134131 0.263039
vt 0.145914 0.263039
vt 0.151785 0.087844
vt 0.517360 0.912156
vt 0.494012 0.736960
vt 0.481398 0.736960
vt 0.501902 0.912156
vt 0.501902 0.912156
vt 0.466914 0.736961
vt 0.484150 0.912156
vt 0.481398 0.736960
vt 0.485563 0.520274
vt 0.498253 0.520274
vt 0.486482 0.232088
vt 0.495882 0.232088
vt 0.484150 0.912156
vt 0.453062 0.736960
vt 0.467174 0.912156
vt 0.466914 0.736961
vt 0.473428 0.520274
vt 0.485563 0.520274
vt 0.477493 0.232088
vt 0.486482 0.232088
vt 0.165745 0.087844
vt 0.172587 0.263039
vt 0.182332 0.263039
vt 0.177688 0.087844
vt 0.177688 0.087844
vt 0.182332 0.263039
vt 0.195637 0.263039
vt 0.193995 0.087844
vt 0.193995 0.087844
vt 0.195637 0.263039
vt 0.210202 0.263039
vt 0.211844 0.087844
vt 0.211844 0.087844
vt 0.210202 0.263039
vt 0.223507 0.263039
vt 0.228151 0.087844
vt 0.228151 0.087844
vt 0.223507 0.263039
vt 0.233253 0.263039
vt 0.240095 0.087844
vt 0.343421 0.087844
vt 0.343161 0.263039
vt 0.360397 0.087844
vt 0.329309 0.263039
vt 0.361810 0.479726
vt 0.349675 0.479726
vt 0.362729 0.767912
vt 0.353740 0.767912
vt 0.360397 0.087844
vt 0.357645 0.263039
vt 0.378149 0.087844
vt 0.343161 0.263039
vt 0.374500 0.479725
vt 0.361810 0.479726
vt 0.372129 0.767912
vt 0.362729 0.767912
vt 0.378149 0.087844
vt 0.357645 0.263039
vt 0.370259 0.263039
vt 0.393607 0.087844
vt 0.087985 0.087844
vt 0.093856 0.263039
vt 0.105639 0.263039
vt 0.102425 0.087844
vt 0.102425 0.087844
vt 0.105639 0.263039
vt 0.119885 0.263039
vt 0.119885 0.087844
vt 0.119885 0.087844
vt 0.119885 0.263039
vt 0.134131 0.263039
vt 0.137344 0.087844
vt 0.134131 0.263039
vt 0.132366 0.479726
vt 0.142689 0.479726
vt 0.145914 0.263039
vt 0.494012 0.736960
vt 0.509304 0.520274
vt 0.498253 0.520274
vt 0.481398 0.736960
vt 0.172587 0.263039
vt 0.176345 0.479726
vt 0.184883 0.479725
vt 0.182332 0.263039
vt 0.182332 0.263039
vt 0.184883 0.479725
vt 0.196540 0.479726
vt 0.195637 0.263039
vt 0.195637 0.263039
vt 0.196540 0.479726
vt 0.209300 0.479726
vt 0.210202 0.263039
vt 0.210202 0.263039
vt 0.209300 0.479726
vt 0.220956 0.479726
vt 0.223507 0.263039
vt 0.223507 0.263039
vt 0.220956 0.479726
vt 0.229494 0.479726
vt 0.233253 0.263039
vt 0.357645 0.263039
vt 0.374500 0.479725
vt 0.385551 0.479726
vt 0.370259 0.263039
vt 0.093856 0.263039
vt 0.097081 0.479726
vt 0.107404 0.479726
vt 0.105639 0.263039
vt 0.105639 0.263039
vt 0.107404 0.479726
vt 0.119885 0.479725
vt 0.119885 0.263039
vt 0.119885 0.263039
vt 0.119885 0.479725
vt 0.132366 0.479726
vt 0.134131 0.263039
vt 0.132366 0.479726
vt 0.136776 0.767912
vt 0.142689 0.479726
vt 0.129130 0.767912
vt 0.015482 0.998008
vt 0.012328 0.998008
vt 0.509304 0.520274
vt 0.504067 0.232088
vt 0.495882 0.232088
vt 0.498253 0.520274
vt 0.176345 0.479726
vt 0.183236 0.767912
vt 0.189560 0.767912
vt 0.184883 0.479725
vt 0.184883 0.479725
vt 0.189560 0.767912
vt 0.198194 0.767912
vt 0.196540 0.479726
vt 0.196540 0.479726
vt 0.198194 0.767912
vt 0.207645 0.767912
vt 0.209300 0.479726
vt 0.209300 0.479726
vt 0.207645 0.767912
vt 0.216279 0.767912
vt 0.220956 0.479726
vt 0.220956 0.479726
vt 0.216279 0.767912
vt 0.222603 0.767912
vt 0.229494 0.479726
vt 0.374500 0.479725
vt 0.372129 0.767912
vt 0.380313 0.767912
vt 0.385551 0.479726
vt 0.097081 0.479726
vt 0.102994 0.767912
vt 0.110640 0.767912
vt 0.107404 0.479726
vt 0.107404 0.479726
vt 0.110640 0.767912
vt 0.119885 0.767912
vt 0.119885 0.479725
vt 0.119885 0.479725
vt 0.119885 0.767912
vt 0.129130 0.767912
vt 0.132366 0.479726
vt 0.504067 0.232088
vt 0.571021 0.001992
vt 0.567644 0.001992
vt 0.495882 0.232088
vt 0.495882 0.232088
vt 0.567644 0.001992
vt 0.563767 0.001992
vt 0.486482 0.232088
vt 0.585803 0.145293
vt 0.663088 0.020643
vt 0.659380 0.019438
vt 0.576815 0.142372
vt 0.183236 0.767912
vt 0.306170 0.998008
vt 0.308779 0.998008
vt 0.189560 0.767912
vt 0.189560 0.767912
vt 0.308779 0.998008
vt 0.312341 0.998008
vt 0.198194 0.767912
vt 0.198194 0.767912
vt 0.312341 0.998008
vt 0.316240 0.998008
vt 0.207645 0.767912
vt 0.207645 0.767912
vt 0.316240 0.998008
vt 0.319802 0.998008
vt 0.216279 0.767912
vt 0.216279 0.767912
vt 0.319802 0.998008
vt 0.322411 0.998008
vt 0.222603 0.767912
vt 0.353740 0.767912
vt 0.436305 0.998008
vt 0.440014 0.998008
vt 0.362729 0.767912
vt 0.362729 0.767912
vt 0.440014 0.998008
vt 0.443891 0.998008
vt 0.372129 0.767912
vt 0.372129 0.767912
vt 0.443891 0.998008
vt 0.447268 0.998008
vt 0.380313 0.767912
vt 0.102994 0.767912
vt 0.001545 0.998008
vt 0.004700 0.998008
vt 0.110640 0.767912
vt 0.110640 0.767912
vt 0.004700 0.998008
vt 0.008514 0.998008
vt 0.119885 0.767912
vt 0.119885 0.767912
vt 0.008514 0.998008
vt 0.012328 0.998008
vt 0.129130 0.767912
vn 0.441140 0.416350 -0.795015
vn 0.266567 0.077889 -0.960664
vn 0.266622 0.077983 -0.960641
vn 0.441140 0.416350 -0.795015
vn 0.266622 0.077983 -0.960641
vn 0.441160 0.416396 -0.794980
vn 0.532134 0.687609 -0.493991
vn 0.441140 0.416350 -0.795015
vn 0.441160 0.416396 -0.794980
vn 0.532134 0.687609 -0.493991
vn 0.441160 0.416396 -0.794980
vn 0.532134 0.687609 -0.493991
vn 0.523808 0.844749 -0.109653
vn 0.532134 0.687609 -0.493991
vn 0.532134 0.687609 -0.493991
vn 0.523808 0.844749 -0.109653
vn 0.532134 0.687609 -0.493991
vn 0.523817 0.844736 -0.109712
vn 0.417605 0.860594 0.291521
vn 0.523808 0.844749 -0.109653
vn 0.523817 0.844736 -0.109712
vn 0.417605 0.860594 0.291521
vn 0.523817 0.844736 -0.109712
vn 0.417645 0.860609 0.291418
vn 0.266567 0.077889 -0.960664
vn 0.038694 -0.269122 -0.962328
vn 0.266622 0.077983 -0.960641
vn 0.266567 0.077889 -0.960664
vn 0.038612 -0.269235 -0.962300
vn 0.038694 -0.269122 -0.962328
vn 0.038612 -0.269235 -0.962300
vn -0.203216 -0.564903 -0.799743
vn 0.038694 -0.269122 -0.962328
vn 0.038612 -0.269235 -0.962300
vn -0.203300 -0.564992 -0.799658
vn -0.203216 -0.564903 -0.799743
vn -0.203300 -0.564992 -0.799658
vn -0.417282 -0.758213 -0.500988
vn -0.203216 -0.564903 -0.799743
vn -0.203300 -0.564992 -0.799658
vn -0.417340 -0.758253 -0.500879
vn -0.417282 -0.758213 -0.500988
vn -0.417340 -0.758253 -0.500879
vn -0.566485 -0.815621 -0.117717
vn -0.417282 -0.758213 -0.500988
vn -0.417340 -0.758253 -0.500879
vn -0.566507 -0.815618 -0.117632
vn -0.566485 -0.815621 -0.117717
vn -0.566507 -0.815618 -0.117632
vn -0.625021 -0.727194 0.283793
vn -0.566485 -0.815621 -0.117717
vn -0.566507 -0.815618 -0.117632
vn -0.625021 -0.727182 0.283822
vn -0.625021 -0.727194 0.283793
vn -0.625021 -0.727182 0.283822
vn -0.582765 -0.508220 0.634111
vn -0.625021 -0.727194 0.283793
vn -0.625021 -0.727182 0.283822
vn -0.582772 -0.508241 0.634088
vn -0.582765 -0.508220 0.634111
vn -0.582772 -0.508241 0.634088
vn -0.447026 -0.196567 0.872656
vn -0.582765 -0.508220 0.634111
vn -0.582772 -0.508241 0.634088
vn -0.447063 -0.196639 0.872621
vn -0.447026 -0.196567 0.872656
vn -0.447063 -0.196639 0.872621
vn -0.241277 0.153871 0.958180
vn -0.447026 -0.196567 0.872656
vn -0.447063 -0.196639 0.872621
vn -0.241348 0.153763 0.958180
vn -0.241277 0.153871 0.958180
vn -0.241348 0.153763 0.958180
vn -0.001101 0.482493 0.875899
vn -0.241277 0.153871 0.958180
vn -0.241348 0.153763 0.958180
vn -0.001188 0.482387 0.875958
vn -0.001101 0.482493 0.875899
vn -0.001188 0.482387 0.875958
vn 0.231973 0.732478 0.640050
vn -0.001101 0.482493 0.875899
vn -0.001188 0.482387 0.875958
vn 0.231899 0.732412 0.640153
vn 0.231973 0.732478 0.640050
vn 0.231899 0.732412 0.640153
vn 0.417645 0.860609 0.291418
vn 0.231973 0.732478 0.640050
vn 0.231899 0.732412 0.640153
vn 0.417605 0.860594 0.291521
vn 0.417645 0.860609 0.291418
vn 0.812081 -0.533816 0.235720
vn 0.812081 -0.533816 0.235720
vn 0.812081 -0.533816 0.235720
vn 0.812081 -0.533816 0.235720
vn 0.812081 -0.533816 0.235720
vn 0.812081 -0.533816 0.235720
vn 0.812081 -0.533816 0.235720
vn 0.812081 -0.533816 0.235720
vn 0.812081 -0.533816 0.235720
vn 0.812081 -0.533816 0.235720
vn 0.812081 -0.533816 0.235720
vn 0.812081 -0.533816 0.235720
vn 0.812081 -0.533816 0.235720
vn 0.812081 -0.533816 0.235720
vn 0.812081 -0.533816 0.235720
vn 0.812081 -0.533816 0.235720
vn 0.812081 -0.533816 0.235720
vn 0.812081 -0.533816 0.235720
vn 0.812081 -0.533816 0.235720
vn 0.812081 -0.533816 0.235720
vn 0.812081 -0.533816 0.235720
vn 0.812081 -0.533816 0.235720
vn 0.812081 -0.533816 0.235720
vn 0.812081 -0.533816 0.235720
vn 0.812081 -0.533816 0.235720
vn 0.812081 -0.533816 0.235720
vn 0.812081 -0.533816 0.235720
vn 0.812081 -0.533816 0.235720
vn 0.812081 -0.533816 0.235720
vn 0.812081 -0.533816 0.235720
vn 0.812081 -0.533816 0.235720
vn 0.812081 -0.533816 0.235720
vn 0.812081 -0.533816 0.235720
vn 0.812081 -0.533816 0.235720
vn 0.812081 -0.533816 0.235720
vn 0.812081 -0.533816 0.235720
vn 0.812081 -0.533816 0.235720
vn 0.812081 -0.533816 0.235720
vn 0.812081 -0.533816 0.235720
vn -0.812081 0.533816 -0.235720
vn -0.812081 0.533816 -0.235720
vn -0.812081 0.533816 -0.235720
vn -0.812081 0.533816 -0.235720
vn -0.812081 0.533816 -0.235720
vn -0.812081 0.533816 -0.235720
vn -0.812081 0.533816 -0.235720
vn -0.812081 0.533816 -0.235720
vn -0.812081 0.533816 -0.235720
vn -0.812081 0.533816 -0.235720
vn -0.812081 0.533816 -0.235720
vn -0.812081 0.533816 -0.235720
vn -0.812081 0.533816 -0.235720
vn -0.812081 0.533816 -0.235720
vn -0.812081 0.533816 -0.235720
vn -0.812081 0.533816 -0.235720
vn -0.812081 0.533816 -0.235720
vn -0.812081 0.533816 -0.235720
vn -0.812081 0.533816 -0.235720
vn -0.812081 0.533816 -0.235720
vn -0.812081 0.533816 -0.235720
vn -0.812081 0.533816 -0.235720
vn -0.812081 0.533816 -0.235720
vn -0.812081 0.533816 -0.235720
vn -0.812081 0.533816 -0.235720
vn -0.812081 0.533816 -0.235720
vn -0.812081 0.533816 -0.235720
vn -0.812081 0.533816 -0.235720
vn -0.812081 0.533816 -0.235720
vn -0.812081 0.533816 -0.235720
vn -0.812081 0.533816 -0.235720
vn -0.812081 0.533816 -0.235720
vn -0.812081 0.533816 -0.235720
vn -0.812081 0.533816 -0.235720
vn -0.812081 0.533816 -0.235720
vn -0.812081 0.533816 -0.235720
vn -0.812081 0.533816 -0.235720
vn -0.812081 0.533816 -0.235720
vn -0.812081 0.533816 -0.235720
vn 0.299081 0.290595 -0.908903
vn 0.299081 0.290595 -0.908903
vn 0.299081 0.290595 -0.908903
vn 0.299081 0.290595 -0.908903
vn 0.299081 0.290595 -0.908903
vn 0.299081 0.290595 -0.908903
vn 0.120950 -0.074710 -0.989843
vn 0.120950 -0.074710 -0.989843
vn 0.120950 -0.074710 -0.989843
vn 0.120950 -0.074710 -0.989843
vn 0.120950 -0.074710 -0.989843
vn 0.120950 -0.074710 -0.989843
vn -0.085574 -0.425364 -0.900967
vn -0.085574 -0.425364 -0.900967
vn -0.085574 -0.425364 -0.900967
vn -0.085574 -0.425364 -0.900967
vn -0.085574 -0.425364 -0.900967
vn -0.085574 -0.425364 -0.900967
vn -0.085574 -0.425364 -0.900967
vn -0.085574 -0.425364 -0.900967
vn -0.049912 -0.449505 -0.891882
vn -0.085574 -0.425364 -0.900967
vn -0.049912 -0.449505 -0.891882
vn -0.049912 -0.449505 -0.891882
vn -0.049912 -0.449505 -0.891882
vn -0.049912 -0.449505 -0.891882
vn -0.063014 -0.440744 -0.895418
vn -0.049912 -0.449505 -0.891882
vn -0.063014 -0.440744 -0.895418
vn -0.063014 -0.440744 -0.895418
vn -0.284260 -0.699172 -0.656015
vn -0.284260 -0.699172 -0.656015
vn -0.284260 -0.699172 -0.656015
vn -0.284260 -0.699172 -0.656015
vn -0.284260 -0.699172 -0.656015
vn -0.284260 -0.699172 -0.656015
vn -0.284260 -0.699172 -0.656015
vn -0.284260 -0.699172 -0.656015
vn -0.310994 -0.680746 -0.663225
vn -0.284260 -0.699172 -0.656015
vn -0.310994 -0.680746 -0.663225
vn -0.310994 -0.680746 -0.663225
vn -0.310994 -0.680746 -0.663225
vn -0.310994 -0.680746 -0.663225
vn -0.296231 -0.691043 -0.659322
vn -0.310994 -0.680746 -0.663225
vn -0.296231 -0.691043 -0.659322
vn -0.296231 -0.691043 -0.659323
vn -0.439763 -0.847210 -0.298068
vn -0.439763 -0.847210 -0.298068
vn -0.439763 -0.847210 -0.298068
vn -0.439763 -0.847210 -0.298068
vn -0.439763 -0.847210 -0.298068
vn -0.439763 -0.847210 -0.298068
vn -0.524990 -0.844053 0.109362
vn -0.524990 -0.844053 0.109362
vn -0.524990 -0.844053 0.109362
vn -0.524990 -0.844053 0.109362
vn -0.524990 -0.844053 0.109362
vn -0.524990 -0.844053 0.109362
vn -0.525786 -0.691351 0.495564
vn -0.525786 -0.691351 0.495564
vn -0.525786 -0.691351 0.495564
vn -0.525786 -0.691351 0.495564
vn -0.525786 -0.691351 0.495564
vn -0.525786 -0.691351 0.495564
vn -0.442322 -0.415655 0.794721
vn -0.442322 -0.415655 0.794721
vn -0.442322 -0.415655 0.794721
vn -0.442322 -0.415655 0.794721
vn -0.442322 -0.415655 0.794721
vn -0.442322 -0.415655 0.794721
vn -0.288578 -0.063743 0.955332
vn -0.288578 -0.063743 0.955332
vn -0.288578 -0.063743 0.955332
vn -0.288578 -0.063743 0.955332
vn -0.288578 -0.063743 0.955332
vn -0.288578 -0.063743 0.955332
vn -0.090732 0.303721 0.948431
vn -0.090732 0.303721 0.948431
vn -0.090732 0.303721 0.948431
vn -0.090732 0.303721 0.948431
vn -0.090732 0.303721 0.948431
vn -0.090732 0.303721 0.948431
vn -0.090732 0.303721 0.948431
vn -0.090732 0.303721 0.948431
vn -0.117652 0.321183 0.939681
vn -0.090732 0.303721 0.948431
vn -0.117652 0.321183 0.939681
vn -0.117652 0.321183 0.939681
vn -0.117652 0.321183 0.939681
vn -0.117652 0.321183 0.939681
vn -0.102762 0.311554 0.944656
vn -0.117652 0.321183 0.939681
vn -0.102762 0.311554 0.944656
vn -0.102762 0.311554 0.944656
vn 0.116509 0.621865 0.774409
vn 0.116509 0.621865 0.774409
vn 0.116509 0.621865 0.774409
vn 0.116509 0.621865 0.774409
vn 0.116509 0.621865 0.774409
vn 0.116509 0.621865 0.774409
vn 0.116509 0.621865 0.774409
vn 0.116509 0.621865 0.774409
vn 0.152465 0.599240 0.785917
vn 0.116509 0.621865 0.774409
vn 0.152465 0.599240 0.785917
vn 0.152465 0.599240 0.785917
vn 0.152465 0.599240 0.785917
vn 0.152465 0.599240 0.785917
vn 0.139300 0.607681 0.781869
vn 0.152465 0.599240 0.785917
vn 0.139300 0.607681 0.781869
vn 0.139300 0.607681 0.781869
vn 0.296387 0.834435 0.464622
vn 0.296387 0.834435 0.464622
vn 0.296387 0.834435 0.464622
vn 0.296387 0.834435 0.464622
vn 0.296387 0.834435 0.464622
vn 0.296387 0.834435 0.464622
vn 0.417735 0.905484 0.074808
vn 0.417735 0.905484 0.074808
vn 0.417735 0.905484 0.074808
vn 0.417735 0.905484 0.074808
vn 0.417736 0.905484 0.074808
vn 0.417735 0.905484 0.074808
vn 0.460674 0.825003 -0.327336
vn 0.460674 0.825003 -0.327336
vn 0.460674 0.825003 -0.327336
vn 0.460674 0.825003 -0.327336
vn 0.460674 0.825003 -0.327336
vn 0.460674 0.825003 -0.327336
vn 0.418801 0.608010 -0.674484
vn 0.418801 0.608010 -0.674484
vn 0.418801 0.608010 -0.674484
vn 0.418801 0.608010 -0.674484
vn 0.418801 0.608010 -0.674484
vn 0.418801 0.608010 -0.674484
vn 0.443800 0.198839 -0.873788
vn 0.443800 0.198839 -0.873788
vn 0.443800 0.198839 -0.873788
vn 0.443800 0.198839 -0.873788
vn 0.443800 0.198839 -0.873788
vn 0.443800 0.198839 -0.873788
vn 0.217315 -0.138037 -0.966292
vn 0.217315 -0.138037 -0.966292
vn 0.217315 -0.138037 -0.966292
vn 0.217315 -0.138037 -0.966292
vn 0.217315 -0.138037 -0.966292
vn 0.217315 -0.138037 -0.966292
vn -0.520151 -0.791468 -0.320968
vn -0.520151 -0.791468 -0.320968
vn -0.520151 -0.791468 -0.320968
vn -0.520151 -0.791468 -0.320968
vn -0.520151 -0.791468 -0.320968
vn -0.520151 -0.791468 -0.320968
vn -0.641554 -0.763437 0.074647
vn -0.641554 -0.763437 0.074647
vn -0.641554 -0.763437 0.074647
vn -0.641554 -0.763437 0.074647
vn -0.641554 -0.763437 0.074647
vn -0.641554 -0.763437 0.074647
vn -0.655204 -0.602555 0.455670
vn -0.655204 -0.602555 0.455670
vn -0.655204 -0.602555 0.455670
vn -0.655204 -0.602555 0.455670
vn -0.655204 -0.602555 0.455670
vn -0.655204 -0.602555 0.455670
vn -0.559163 -0.336475 0.757708
vn -0.559163 -0.336475 0.757708
vn -0.559163 -0.336475 0.757708
vn -0.559163 -0.336475 0.757708
vn -0.559163 -0.336475 0.757708
vn -0.559163 -0.336475 0.757708
vn -0.369352 -0.010002 0.929236
vn -0.369352 -0.010002 0.929236
vn -0.369352 -0.010002 0.929236
vn -0.369352 -0.010002 0.929236
vn -0.369352 -0.010002 0.929236
vn -0.369352 -0.010002 0.929236
vn 0.393509 0.775029 0.494449
vn 0.393509 0.775030 0.494449
vn 0.393509 0.775029 0.494449
vn 0.393509 0.775029 0.494449
vn 0.393509 0.775029 0.494449
vn 0.393509 0.775030 0.494449
vn 0.563275 0.817982 0.116729
vn 0.563275 0.817982 0.116729
vn 0.563275 0.817982 0.116729
vn 0.563275 0.817982 0.116729
vn 0.563275 0.817982 0.116729
vn 0.563275 0.817982 0.116729
vn 0.632760 0.721448 -0.281296
vn 0.632760 0.721448 -0.281296
vn 0.632760 0.721448 -0.281296
vn 0.632760 0.721448 -0.281296
vn 0.632760 0.721448 -0.281296
vn 0.632760 0.721448 -0.281296
vn 0.590533 0.502617 -0.631385
vn 0.590533 0.502617 -0.631385
vn 0.590533 0.502617 -0.631385
vn 0.590533 0.502617 -0.631385
vn 0.590533 0.502617 -0.631385
vn 0.590533 0.502617 -0.631385
vn 0.383188 0.239080 -0.892192
vn 0.383188 0.239080 -0.892192
vn 0.383188 0.239080 -0.892192
vn 0.383188 0.239080 -0.892192
vn 0.383188 0.239080 -0.892192
vn 0.383188 0.239080 -0.892192
vn 0.383188 0.239080 -0.892192
vn 0.383188 0.239080 -0.892192
vn 0.343662 0.263885 -0.901255
vn 0.383188 0.239080 -0.892192
vn 0.343662 0.263885 -0.901255
vn 0.343662 0.263885 -0.901255
vn 0.177310 -0.111742 -0.977791
vn 0.177310 -0.111742 -0.977791
vn 0.177310 -0.111742 -0.977791
vn 0.177310 -0.111742 -0.977791
vn 0.177310 -0.111742 -0.977791
vn 0.177310 -0.111742 -0.977791
vn -0.482018 -0.819364 -0.310324
vn -0.482018 -0.819364 -0.310324
vn -0.482018 -0.819364 -0.310324
vn -0.482018 -0.819364 -0.310324
vn -0.482018 -0.819364 -0.310324
vn -0.482018 -0.819364 -0.310324
vn -0.588250 -0.803517 0.091231
vn -0.588250 -0.803517 0.091231
vn -0.588250 -0.803517 0.091231
vn -0.588250 -0.803517 0.091231
vn -0.588250 -0.803517 0.091231
vn -0.588250 -0.803517 0.091231
vn -0.596559 -0.646244 0.475906
vn -0.596559 -0.646244 0.475906
vn -0.596559 -0.646244 0.475906
vn -0.596559 -0.646244 0.475906
vn -0.596559 -0.646244 0.475906
vn -0.596559 -0.646244 0.475906
vn -0.505507 -0.374736 0.777197
vn -0.505507 -0.374736 0.777197
vn -0.505507 -0.374736 0.777197
vn -0.505507 -0.374736 0.777197
vn -0.505507 -0.374736 0.777197
vn -0.505507 -0.374736 0.777197
vn -0.330842 -0.035946 0.943001
vn -0.330842 -0.035946 0.943001
vn -0.330842 -0.035946 0.943001
vn -0.330842 -0.035946 0.943001
vn -0.330842 -0.035946 0.943001
vn -0.330842 -0.035946 0.943001
vn 0.353485 0.801226 0.482789
vn 0.353485 0.801226 0.482789
vn 0.353485 0.801226 0.482789
vn 0.353485 0.801226 0.482789
vn 0.353485 0.801226 0.482789
vn 0.353485 0.801226 0.482789
vn 0.502760 0.858724 0.099126
vn 0.502760 0.858724 0.099125
vn 0.502760 0.858724 0.099125
vn 0.502760 0.858724 0.099126
vn 0.502760 0.858724 0.099125
vn 0.502760 0.858724 0.099125
vn 0.561312 0.770230 -0.302777
vn 0.561312 0.770230 -0.302777
vn 0.561312 0.770230 -0.302777
vn 0.561312 0.770230 -0.302777
vn 0.561312 0.770230 -0.302777
vn 0.561312 0.770230 -0.302777
vn 0.519016 0.551048 -0.653428
vn 0.519016 0.551048 -0.653428
vn 0.519016 0.551048 -0.653428
vn 0.519016 0.551048 -0.653428
vn 0.519016 0.551048 -0.653428
vn 0.519016 0.551048 -0.653428
vn -0.050991 0.038111 -0.997972
vn -0.050991 0.038111 -0.997972
vn -0.050991 0.038111 -0.997972
vn -0.050991 0.038111 -0.997972
vn -0.050991 0.038111 -0.997972
vn -0.050991 0.038111 -0.997972
vn -0.402033 -0.166520 -0.900356
vn -0.402033 -0.166520 -0.900356
vn -0.402033 -0.166520 -0.900356
vn -0.402033 -0.166520 -0.900356
vn -0.402033 -0.166520 -0.900356
vn -0.402033 -0.166520 -0.900356
vn -0.660676 -0.319128 -0.679459
vn -0.660676 -0.319128 -0.679459
vn -0.660676 -0.319128 -0.679459
vn -0.660676 -0.319128 -0.679459
vn -0.660676 -0.319128 -0.679459
vn -0.660676 -0.319128 -0.679459
vn -0.824404 -0.416684 -0.383056
vn -0.824404 -0.416684 -0.383056
vn -0.824404 -0.416684 -0.383056
vn -0.824404 -0.416684 -0.383056
vn -0.824404 -0.416684 -0.383056
vn -0.824404 -0.416684 -0.383056
vn -0.889220 -0.456563 -0.028951
vn -0.889220 -0.456563 -0.028951
vn -0.889220 -0.456563 -0.028951
vn -0.889220 -0.456563 -0.028951
vn -0.889220 -0.456563 -0.028951
vn -0.889220 -0.456563 -0.028951
vn -0.828766 -0.424115 0.365067
vn -0.828766 -0.424115 0.365067
vn -0.828766 -0.424115 0.365067
vn -0.828766 -0.424115 0.365067
vn -0.828766 -0.424115 0.365067
vn -0.828766 -0.424115 0.365067
vn -0.606609 -0.299528 0.736415
vn -0.606609 -0.299528 0.736415
vn -0.606609 -0.299528 0.736415
vn -0.606609 -0.299528 0.736415
vn -0.606609 -0.299528 0.736415
vn -0.606609 -0.299528 0.736415
vn -0.241258 -0.094068 0.965891
vn -0.241258 -0.094068 0.965891
vn -0.241258 -0.094068 0.965891
vn -0.241258 -0.094068 0.965891
vn -0.241258 -0.094068 0.965891
vn -0.241258 -0.094068 0.965891
vn 0.157171 0.130370 0.978929
vn 0.157171 0.130370 0.978929
vn 0.157171 0.130370 0.978929
vn 0.157171 0.130370 0.978929
vn 0.157171 0.130370 0.978929
vn 0.157171 0.130370 0.978929
vn 0.485367 0.316664 0.814949
vn 0.485367 0.316664 0.814949
vn 0.485367 0.316664 0.814949
vn 0.485367 0.316664 0.814949
vn 0.485367 0.316664 0.814949
vn 0.485367 0.316664 0.814949
vn 0.710863 0.447304 0.542764
vn 0.710864 0.447304 0.542764
vn 0.710864 0.447304 0.542764
vn 0.710863 0.447304 0.542764
vn 0.710864 0.447304 0.542764
vn 0.710864 0.447304 0.542764
vn 0.830305 0.520557 0.199032
vn 0.830305 0.520557 0.199032
vn 0.830305 0.520557 0.199032
vn 0.830305 0.520557 0.199032
vn 0.830306 0.520557 0.199032
vn 0.830305 0.520557 0.199032
vn 0.827026 0.526378 -0.197369
vn 0.827026 0.526378 -0.197369
vn 0.827026 0.526378 -0.197369
vn 0.827026 0.526378 -0.197369
vn 0.827026 0.526378 -0.197369
vn 0.827026 0.526378 -0.197369
vn 0.666028 0.442790 -0.600287
vn 0.666028 0.442790 -0.600287
vn 0.666028 0.442790 -0.600287
vn 0.666028 0.442790 -0.600287
vn 0.666028 0.442790 -0.600287
vn 0.666028 0.442790 -0.600287
s off
g cherry_tree group1 pCylinder23
usemtl pCylinder2SG
f 1756/5567/10279 1758/5569/10280 1757/5568/10281
f 1756/5567/10282 1757/5568/10283 1759/5570/10284
f 1760/5571/10285 1756/5567/10286 1759/5570/10287
f 1760/5571/10288 1759/5570/10289 1761/5572/10290
f 1762/5573/10291 1760/5571/10292 1761/5572/10293
f 1762/5573/10294 1761/5572/10295 1763/5574/10296
f 1764/5575/10297 1762/5573/10298 1763/5574/10299
f 1764/5575/10300 1763/5574/10301 1765/5576/10302
f 1758/5577/10303 1766/5579/10304 1757/5578/10305
f 1758/5577/10306 1767/5580/10307 1766/5579/10308
f 1767/5580/10309 1768/5581/10310 1766/5579/10311
f 1767/5580/10312 1769/5582/10313 1768/5581/10314
f 1769/5582/10315 1770/5583/10316 1768/5581/10317
f 1769/5582/10318 1771/5584/10319 1770/5583/10320
f 1771/5585/10321 1772/5587/10322 1770/5586/10323
f 1771/5585/10324 1773/5588/10325 1772/5587/10326
f 1773/5588/10327 1774/5589/10328 1772/5587/10329
f 1773/5588/10330 1775/5590/10331 1774/5589/10332
f 1775/5590/10333 1776/5591/10334 1774/5589/10335
f 1775/5590/10336 1777/5592/10337 1776/5591/10338
f 1777/5592/10339 1778/5593/10340 1776/5591/10341
f 1777/5592/10342 1779/5594/10343 1778/5593/10344
f 1779/5594/10345 1780/5595/10346 1778/5593/10347
f 1779/5594/10348 1781/5596/10349 1780/5595/10350
f 1781/5597/10351 1782/5599/10352 1780/5598/10353
f 1781/5597/10354 1783/5600/10355 1782/5599/10356
f 1783/5600/10357 1784/5601/10358 1782/5599/10359
f 1783/5600/10360 1785/5602/10361 1784/5601/10362
f 1785/5602/10363 1765/5603/10364 1784/5601/10365
f 1785/5602/10366 1764/5604/10367 1765/5603/10368
f 1767/5605/10369 1771/5607/10370 1769/5606/10371
f 1771/5607/10372 1767/5605/10373 1758/5608/10374
f 1771/5607/10375 1758/5608/10376 1773/5609/10377
f 1773/5609/10378 1758/5608/10379 1756/5610/10380
f 1773/5609/10381 1756/5610/10382 1775/5611/10383
f 1775/5611/10384 1756/5610/10385 1760/5612/10386
f 1775/5611/10387 1760/5612/10388 1777/5613/10389
f 1777/5613/10390 1760/5612/10391 1762/5614/10392
f 1777/5613/10393 1762/5614/10394 1779/5615/10395
f 1779/5615/10396 1762/5614/10397 1764/5616/10398
f 1779/5615/10399 1764/5616/10400 1781/5617/10401
f 1781/5617/10402 1764/5616/10403 1785/5618/10404
f 1781/5617/10405 1785/5618/10406 1783/5619/10407
f 1786/5620/10408 1788/5622/10409 1787/5621/10410
f 1788/5622/10411 1786/5620/10412 1789/5623/10413
f 1789/5623/10414 1786/5620/10415 1790/5624/10416
f 1789/5623/10417 1790/5624/10418 1791/5625/10419
f 1791/5625/10420 1790/5624/10421 1792/5626/10422
f 1791/5625/10423 1792/5626/10424 1793/5627/10425
f 1793/5627/10426 1792/5626/10427 1794/5628/10428
f 1793/5627/10429 1794/5628/10430 1795/5629/10431
f 1795/5629/10432 1794/5628/10433 1796/5630/10434
f 1795/5629/10435 1796/5630/10436 1797/5631/10437
f 1797/5631/10438 1796/5630/10439 1798/5632/10440
f 1797/5631/10441 1798/5632/10442 1799/5633/10443
f 1799/5633/10444 1798/5632/10445 1800/5634/10446
f 1759/5635/10447 1802/5637/10448 1801/5636/10449
f 1759/5635/10450 1757/5638/10451 1802/5637/10452
f 1757/5639/10453 1803/5641/10454 1802/5640/10455
f 1757/5639/10456 1766/5642/10457 1803/5641/10458
f 1766/5643/10459 1768/5645/10460 1804/5644/10461
f 1766/5643/10462 1804/5644/10463 1803/5646/10464
f 1803/5646/10465 1804/5644/10466 1805/5647/10467
f 1803/5646/10468 1805/5647/10469 1806/5648/10470
f 1806/5648/10471 1805/5647/10472 1807/5649/10473
f 1806/5648/10474 1807/5649/10475 1808/5650/10476
f 1768/5651/10477 1770/5653/10478 1809/5652/10479
f 1768/5651/10480 1809/5652/10481 1804/5654/10482
f 1804/5654/10483 1809/5652/10484 1810/5655/10485
f 1804/5654/10486 1810/5655/10487 1805/5656/10488
f 1805/5656/10489 1810/5655/10490 1811/5657/10491
f 1805/5656/10492 1811/5657/10493 1807/5658/10494
f 1770/5659/10495 1812/5661/10496 1809/5660/10497
f 1770/5659/10498 1772/5662/10499 1812/5661/10500
f 1772/5663/10501 1813/5665/10502 1812/5664/10503
f 1772/5663/10504 1774/5666/10505 1813/5665/10506
f 1774/5667/10507 1814/5669/10508 1813/5668/10509
f 1774/5667/10510 1776/5670/10511 1814/5669/10512
f 1776/5671/10513 1815/5673/10514 1814/5672/10515
f 1776/5671/10516 1778/5674/10517 1815/5673/10518
f 1778/5675/10519 1816/5677/10520 1815/5676/10521
f 1778/5675/10522 1780/5678/10523 1816/5677/10524
f 1780/5679/10525 1782/5681/10526 1817/5680/10527
f 1780/5679/10528 1817/5680/10529 1816/5682/10530
f 1816/5682/10531 1817/5680/10532 1818/5683/10533
f 1816/5682/10534 1818/5683/10535 1819/5684/10536
f 1819/5684/10537 1818/5683/10538 1820/5685/10539
f 1819/5684/10540 1820/5685/10541 1821/5686/10542
f 1782/5687/10543 1784/5689/10544 1822/5688/10545
f 1782/5687/10546 1822/5688/10547 1817/5690/10548
f 1817/5690/10549 1822/5688/10550 1823/5691/10551
f 1817/5690/10552 1823/5691/10553 1818/5692/10554
f 1818/5692/10555 1823/5691/10556 1824/5693/10557
f 1818/5692/10558 1824/5693/10559 1820/5694/10560
f 1784/5695/10561 1825/5697/10562 1822/5696/10563
f 1784/5695/10564 1765/5698/10565 1825/5697/10566
f 1765/5699/10567 1826/5701/10568 1825/5700/10569
f 1765/5699/10570 1763/5702/10571 1826/5701/10572
f 1763/5703/10573 1827/5705/10574 1826/5704/10575
f 1763/5703/10576 1761/5706/10577 1827/5705/10578
f 1761/5707/10579 1801/5709/10580 1827/5708/10581
f 1761/5707/10582 1759/5710/10583 1801/5709/10584
f 1801/5711/10585 1829/5713/10586 1828/5712/10587
f 1801/5711/10588 1802/5714/10589 1829/5713/10590
f 1802/5715/10591 1806/5717/10592 1829/5716/10593
f 1802/5715/10594 1803/5718/10595 1806/5717/10596
f 1809/5719/10597 1830/5721/10598 1810/5720/10599
f 1809/5719/10600 1812/5722/10601 1830/5721/10602
f 1812/5723/10603 1831/5725/10604 1830/5724/10605
f 1812/5723/10606 1813/5726/10607 1831/5725/10608
f 1813/5727/10609 1832/5729/10610 1831/5728/10611
f 1813/5727/10612 1814/5730/10613 1832/5729/10614
f 1814/5731/10615 1833/5733/10616 1832/5732/10617
f 1814/5731/10618 1815/5734/10619 1833/5733/10620
f 1815/5735/10621 1819/5737/10622 1833/5736/10623
f 1815/5735/10624 1816/5738/10625 1819/5737/10626
f 1822/5739/10627 1834/5741/10628 1823/5740/10629
f 1822/5739/10630 1825/5742/10631 1834/5741/10632
f 1825/5743/10633 1835/5745/10634 1834/5744/10635
f 1825/5743/10636 1826/5746/10637 1835/5745/10638
f 1826/5747/10639 1836/5749/10640 1835/5748/10641
f 1826/5747/10642 1827/5750/10643 1836/5749/10644
f 1827/5751/10645 1828/5753/10646 1836/5752/10647
f 1827/5751/10648 1801/5754/10649 1828/5753/10650
f 1828/5755/10651 1829/5757/10652 1837/5756/10653
f 1828/5755/10654 1837/5756/10655 1838/5758/10656
f 1838/5758/10657 1837/5756/10658 1789/5759/10659
f 1838/5758/10660 1789/5759/10661 1791/5760/10662
f 1829/5761/10663 1808/5763/10664 1837/5762/10665
f 1829/5761/10666 1806/5764/10667 1808/5763/10668
f 1810/5765/10669 1839/5767/10670 1811/5766/10671
f 1810/5765/10672 1830/5768/10673 1839/5767/10674
f 1830/5769/10675 1840/5771/10676 1839/5770/10677
f 1830/5769/10678 1831/5772/10679 1840/5771/10680
f 1831/5773/10681 1841/5775/10682 1840/5774/10683
f 1831/5773/10684 1832/5776/10685 1841/5775/10686
f 1832/5777/10687 1842/5779/10688 1841/5778/10689
f 1832/5777/10690 1833/5780/10691 1842/5779/10692
f 1833/5781/10693 1821/5783/10694 1842/5782/10695
f 1833/5781/10696 1819/5784/10697 1821/5783/10698
f 1823/5785/10699 1843/5787/10700 1824/5786/10701
f 1823/5785/10702 1834/5788/10703 1843/5787/10704
f 1834/5789/10705 1844/5791/10706 1843/5790/10707
f 1834/5789/10708 1835/5792/10709 1844/5791/10710
f 1835/5793/10711 1845/5795/10712 1844/5794/10713
f 1835/5793/10714 1836/5796/10715 1845/5795/10716
f 1836/5797/10717 1838/5799/10718 1845/5798/10719
f 1836/5797/10720 1828/5800/10721 1838/5799/10722
f 1837/5801/10723 1788/5803/10724 1789/5802/10725
f 1837/5801/10726 1808/5804/10727 1788/5803/10728
f 1808/5805/10729 1787/5807/10730 1788/5806/10731
f 1808/5805/10732 1807/5808/10733 1787/5807/10734
f 1807/5809/10735 1786/5811/10736 1787/5810/10737
f 1807/5809/10738 1811/5812/10739 1786/5811/10740
f 1811/5813/10741 1790/5815/10742 1786/5814/10743
f 1811/5813/10744 1839/5816/10745 1790/5815/10746
f 1839/5817/10747 1792/5819/10748 1790/5818/10749
f 1839/5817/10750 1840/5820/10751 1792/5819/10752
f 1840/5821/10753 1794/5823/10754 1792/5822/10755
f 1840/5821/10756 1841/5824/10757 1794/5823/10758
f 1841/5825/10759 1796/5827/10760 1794/5826/10761
f 1841/5825/10762 1842/5828/10763 1796/5827/10764
f 1842/5829/10765 1798/5831/10766 1796/5830/10767
f 1842/5829/10768 1821/5832/10769 1798/5831/10770
f 1821/5833/10771 1800/5835/10772 1798/5834/10773
f 1821/5833/10774 1820/5836/10775 1800/5835/10776
f 1820/5837/10777 1799/5839/10778 1800/5838/10779
f 1820/5837/10780 1824/5840/10781 1799/5839/10782
f 1824/5841/10783 1797/5843/10784 1799/5842/10785
f 1824/5841/10786 1843/5844/10787 1797/5843/10788
f 1843/5845/10789 1795/5847/10790 1797/5846/10791
f 1843/5845/10792 1844/5848/10793 1795/5847/10794
f 1844/5849/10795 1793/5851/10796 1795/5850/10797
f 1844/5849/10798 1845/5852/10799 1793/5851/10800
f 1845/5853/10801 1791/5855/10802 1793/5854/10803
f 1845/5853/10804 1838/5856/10805 1791/5855/10806
g default
v -217.501576 478.961000 872.439932
v -224.910005 483.319918 864.180957
v -218.694495 479.825034 873.569174
v -223.829463 482.537280 863.158094
v -216.009896 478.807680 871.346234
v -222.478305 482.398402 862.167426
v -214.477378 479.391584 870.477189
v -221.090155 482.927301 861.380248
v -213.169008 480.611751 869.983062
v -219.905039 484.032523 860.932671
v -225.533093 484.610993 865.059152
v -219.382385 481.250383 874.538702
v -225.590990 486.187267 865.640832
v -219.446304 482.990590 875.180877
v -225.073686 487.776186 865.825418
v -218.875200 484.744759 875.384661
v -224.070627 489.103013 865.580995
v -217.767821 486.209577 875.114818
v -222.755250 489.938327 864.949825
v -216.315644 487.131765 874.418004
v -221.354997 490.137695 864.041042
v -214.769763 487.351867 873.414708
v -220.111984 489.666643 863.011785
v -213.397475 486.831825 872.278407
v -219.241139 488.606622 862.040021
v -212.436061 485.661562 871.205578
v -218.893039 487.140919 861.293776
v -212.051759 484.043423 870.381723
v -219.127874 485.522966 860.902084
v -212.311017 482.257201 869.949294
v -275.166143 512.339804 790.984030
v -275.440051 511.498486 790.886293
v -275.409394 510.663864 790.578299
v -275.079475 509.980252 790.113303
v -274.635032 513.042347 790.854610
v -274.507338 509.565852 789.571706
v -273.938552 513.484638 790.520411
v -273.791913 509.492318 789.047157
v -273.197131 513.590202 790.039219
v -273.056900 509.772364 788.630353
v -272.538967 513.340784 789.494237
v -272.429392 510.357569 788.393365
v -272.077863 512.779513 788.979697
v -272.017890 511.146745 788.377169
v -271.893547 512.003436 788.584567
v -238.992754 493.180299 841.339549
v -239.874428 493.818897 842.174159
v -240.382840 494.872356 842.890727
v -240.430082 496.158525 843.365352
v -240.007984 497.455013 843.515966
v -239.189533 498.537644 843.316528
v -238.116244 499.219223 842.801521
v -236.973700 499.381898 842.059995
v -235.959456 498.997542 841.220167
v -235.248886 498.132612 840.427251
v -234.964852 496.936663 839.818349
v -235.156467 495.616486 839.498745
v -249.649185 500.298135 819.144488
v -249.481314 501.454724 819.424488
v -235.790599 494.400351 839.523703
v -236.757601 493.498538 839.888906
v -237.890269 493.066981 840.531208
v -253.010102 498.163826 820.757191
v -253.782524 498.723293 821.488381
v -254.227937 499.646214 822.116156
v -254.269325 500.773008 822.531968
v -253.899532 501.908843 822.663919
v -253.182497 502.857321 822.489194
v -252.242204 503.454443 822.038004
v -251.241237 503.596961 821.388364
v -250.352673 503.260231 820.652602
v -249.730152 502.502478 819.957939
v -250.204739 499.232696 819.166353
v -251.051916 498.442631 819.486302
v -252.044231 498.064550 820.049015
vt 0.072074 0.001992
vt 0.088491 0.113636
vt 0.092806 0.001992
vt 0.069713 0.113636
vt 0.047008 0.001992
vt 0.047008 0.113636
vt 0.021942 0.001992
vt 0.024303 0.113636
vt 0.001210 0.001992
vt 0.005524 0.113636
vt 0.195369 0.998008
vt 0.191548 0.886364
vt 0.171446 0.886364
vt 0.173176 0.998008
vt 0.148361 0.886364
vt 0.147690 0.998008
vt 0.126285 0.886364
vt 0.123319 0.998008
vt 0.202552 0.001992
vt 0.207579 0.113636
vt 0.223111 0.113636
vt 0.219699 0.001992
vt 0.244316 0.113636
vt 0.243109 0.001992
vt 0.267528 0.113636
vt 0.268735 0.001992
vt 0.288734 0.113636
vt 0.292146 0.001992
vt 0.304266 0.113636
vt 0.309293 0.001992
vt 0.339240 0.001992
vt 0.342206 0.113636
vt 0.364282 0.113636
vt 0.363612 0.001992
vt 0.387367 0.113636
vt 0.389097 0.001992
vt 0.407469 0.113636
vt 0.411290 0.001992
vt 0.497797 0.004671
vt 0.472312 0.001992
vt 0.447940 0.009911
vt 0.519990 0.017484
vt 0.428896 0.027058
vt 0.535053 0.038216
vt 0.418473 0.050469
vt 0.540381 0.063282
vt 0.418473 0.076095
vt 0.535053 0.088348
vt 0.428896 0.099505
vt 0.519990 0.109080
vt 0.447940 0.116652
vt 0.497797 0.121893
vt 0.472312 0.124571
vt 0.561789 0.056984
vt 0.573478 0.060782
vt 0.585701 0.059498
vt 0.596345 0.053352
vt 0.552656 0.048760
vt 0.603570 0.043409
vt 0.547657 0.037532
vt 0.606125 0.031387
vt 0.547657 0.025242
vt 0.603570 0.019365
vt 0.552656 0.014014
vt 0.596345 0.009422
vt 0.561789 0.005790
vt 0.585701 0.003277
vt 0.573478 0.001992
vt 0.069713 0.113636
vt 0.063818 0.383323
vt 0.079141 0.383323
vt 0.088491 0.113636
vt 0.191548 0.886364
vt 0.152456 0.616677
vt 0.136054 0.616677
vt 0.171446 0.886364
vt 0.171446 0.886364
vt 0.136054 0.616677
vt 0.117218 0.616677
vt 0.148361 0.886364
vt 0.148361 0.886364
vt 0.117218 0.616677
vt 0.099205 0.616677
vt 0.126285 0.886364
vt 0.207579 0.113636
vt 0.218193 0.383323
vt 0.230866 0.383323
vt 0.223111 0.113636
vt 0.223111 0.113636
vt 0.230866 0.383323
vt 0.248168 0.383323
vt 0.244316 0.113636
vt 0.244316 0.113636
vt 0.248168 0.383323
vt 0.267108 0.383323
vt 0.267528 0.113636
vt 0.267528 0.113636
vt 0.267108 0.383323
vt 0.284411 0.383323
vt 0.288734 0.113636
vt 0.288734 0.113636
vt 0.284411 0.383323
vt 0.297084 0.383323
vt 0.304266 0.113636
vt 0.342206 0.113636
vt 0.315126 0.383323
vt 0.333139 0.383323
vt 0.364282 0.113636
vt 0.364282 0.113636
vt 0.351975 0.383323
vt 0.387367 0.113636
vt 0.333139 0.383323
vt 0.382622 0.623245
vt 0.366120 0.623245
vt 0.379538 0.998008
vt 0.367314 0.998008
vt 0.387367 0.113636
vt 0.351975 0.383323
vt 0.368378 0.383323
vt 0.407469 0.113636
vt 0.005524 0.113636
vt 0.011443 0.383323
vt 0.026766 0.383323
vt 0.024303 0.113636
vt 0.024303 0.113636
vt 0.026766 0.383323
vt 0.045292 0.383323
vt 0.047008 0.113636
vt 0.047008 0.113636
vt 0.045292 0.383323
vt 0.063818 0.383323
vt 0.069713 0.113636
vt 0.063818 0.383323
vt 0.063238 0.623245
vt 0.076662 0.623245
vt 0.079141 0.383323
vt 0.152456 0.616677
vt 0.181071 0.376755
vt 0.166701 0.376755
vt 0.136054 0.616677
vt 0.136054 0.616677
vt 0.150199 0.376755
vt 0.117218 0.616677
vt 0.166701 0.376755
vt 0.151393 0.001992
vt 0.163616 0.001992
vt 0.117218 0.616677
vt 0.134418 0.376755
vt 0.099205 0.616677
vt 0.150199 0.376755
vt 0.139704 0.001992
vt 0.151393 0.001992
vt 0.218193 0.383323
vt 0.221365 0.623245
vt 0.232467 0.623245
vt 0.230866 0.383323
vt 0.230866 0.383323
vt 0.232467 0.623245
vt 0.247626 0.623245
vt 0.248168 0.383323
vt 0.248168 0.383323
vt 0.247626 0.623245
vt 0.264219 0.623245
vt 0.267108 0.383323
vt 0.267108 0.383323
vt 0.264219 0.623245
vt 0.279377 0.623245
vt 0.284411 0.383323
vt 0.284411 0.383323
vt 0.279377 0.623245
vt 0.290480 0.623245
vt 0.297084 0.383323
vt 0.315126 0.383323
vt 0.366120 0.623245
vt 0.333139 0.383323
vt 0.350339 0.623245
vt 0.367314 0.998008
vt 0.355625 0.998008
vt 0.351975 0.383323
vt 0.382622 0.623245
vt 0.396992 0.623245
vt 0.368378 0.383323
vt 0.011443 0.383323
vt 0.017353 0.623245
vt 0.030777 0.623245
vt 0.026766 0.383323
vt 0.026766 0.383323
vt 0.030777 0.623245
vt 0.047008 0.623245
vt 0.045292 0.383323
vt 0.045292 0.383323
vt 0.047008 0.623245
vt 0.063238 0.623245
vt 0.063818 0.383323
vt 0.063238 0.623245
vt 0.059030 0.998008
vt 0.068973 0.998008
vt 0.076662 0.623245
vt 0.181071 0.376755
vt 0.174260 0.001992
vt 0.163616 0.001992
vt 0.166701 0.376755
vt 0.221365 0.623245
vt 0.230325 0.998008
vt 0.238549 0.998008
vt 0.232467 0.623245
vt 0.232467 0.623245
vt 0.238549 0.998008
vt 0.249777 0.998008
vt 0.247626 0.623245
vt 0.247626 0.623245
vt 0.249777 0.998008
vt 0.262068 0.998008
vt 0.264219 0.623245
vt 0.264219 0.623245
vt 0.262068 0.998008
vt 0.273296 0.998008
vt 0.279377 0.623245
vt 0.279377 0.623245
vt 0.273296 0.998008
vt 0.281520 0.998008
vt 0.290480 0.623245
vt 0.382622 0.623245
vt 0.379538 0.998008
vt 0.390181 0.998008
vt 0.396992 0.623245
vt 0.017353 0.623245
vt 0.025043 0.998008
vt 0.034986 0.998008
vt 0.030777 0.623245
vt 0.030777 0.623245
vt 0.034986 0.998008
vt 0.047008 0.998008
vt 0.047008 0.623245
vt 0.047008 0.623245
vt 0.047008 0.998008
vt 0.059030 0.998008
vt 0.063238 0.623245
vn -0.406344 -0.910729 -0.073878
vn -0.673496 -0.717216 0.178898
vn -0.673438 -0.717286 0.178834
vn -0.406344 -0.910729 -0.073878
vn -0.673438 -0.717286 0.178834
vn -0.406299 -0.910746 -0.073915
vn -0.072314 -0.945076 -0.318751
vn -0.406344 -0.910729 -0.073878
vn -0.406299 -0.910746 -0.073915
vn -0.072314 -0.945076 -0.318751
vn -0.406299 -0.910746 -0.073915
vn -0.072314 -0.945076 -0.318751
vn 0.270824 -0.814314 -0.513369
vn -0.072314 -0.945076 -0.318751
vn -0.072314 -0.945076 -0.318751
vn 0.270824 -0.814314 -0.513369
vn -0.072314 -0.945076 -0.318751
vn 0.270777 -0.814344 -0.513346
vn 0.563725 -0.541060 -0.624074
vn 0.270824 -0.814314 -0.513369
vn 0.270777 -0.814344 -0.513346
vn 0.563725 -0.541060 -0.624074
vn 0.270777 -0.814344 -0.513346
vn 0.563658 -0.541148 -0.624058
vn -0.673496 -0.717216 0.178898
vn -0.827545 -0.398137 0.395799
vn -0.673438 -0.717286 0.178834
vn -0.673496 -0.717216 0.178898
vn -0.827574 -0.398012 0.395863
vn -0.827545 -0.398137 0.395799
vn -0.827574 -0.398012 0.395863
vn -0.841965 -0.008472 0.539466
vn -0.827545 -0.398137 0.395799
vn -0.827574 -0.398012 0.395863
vn -0.841944 -0.008328 0.539501
vn -0.841965 -0.008472 0.539466
vn -0.841944 -0.008328 0.539501
vn -0.714196 0.384337 0.584986
vn -0.841965 -0.008472 0.539466
vn -0.841944 -0.008328 0.539501
vn -0.714136 0.384452 0.584984
vn -0.714196 0.384337 0.584986
vn -0.714136 0.384452 0.584984
vn -0.466323 0.712363 0.524482
vn -0.714196 0.384337 0.584986
vn -0.714136 0.384452 0.584984
vn -0.466261 0.712421 0.524459
vn -0.466323 0.712363 0.524482
vn -0.466261 0.712421 0.524459
vn -0.141205 0.918877 0.368411
vn -0.466323 0.712363 0.524482
vn -0.466261 0.712421 0.524459
vn -0.141179 0.918886 0.368397
vn -0.141205 0.918877 0.368411
vn -0.141179 0.918886 0.368397
vn 0.204936 0.968160 0.143762
vn -0.141205 0.918877 0.368411
vn -0.141179 0.918886 0.368397
vn 0.204911 0.968163 0.143780
vn 0.204936 0.968160 0.143762
vn 0.204911 0.968163 0.143780
vn 0.512238 0.851690 -0.110616
vn 0.204936 0.968160 0.143762
vn 0.204911 0.968163 0.143780
vn 0.512181 0.851731 -0.110563
vn 0.512238 0.851690 -0.110616
vn 0.512181 0.851731 -0.110563
vn 0.727559 0.589614 -0.350731
vn 0.512238 0.851690 -0.110616
vn 0.512181 0.851731 -0.110563
vn 0.727511 0.589714 -0.350664
vn 0.727559 0.589614 -0.350731
vn 0.727511 0.589714 -0.350664
vn 0.813672 0.227258 -0.535063
vn 0.727559 0.589614 -0.350731
vn 0.727511 0.589714 -0.350664
vn 0.813666 0.227398 -0.535012
vn 0.813672 0.227258 -0.535063
vn 0.813666 0.227398 -0.535012
vn 0.755693 -0.172716 -0.631742
vn 0.813672 0.227258 -0.535063
vn 0.813666 0.227398 -0.535012
vn 0.755737 -0.172581 -0.631726
vn 0.755693 -0.172716 -0.631742
vn 0.755737 -0.172581 -0.631726
vn 0.563658 -0.541148 -0.624058
vn 0.755693 -0.172716 -0.631742
vn 0.755737 -0.172581 -0.631726
vn 0.563725 -0.541060 -0.624074
vn 0.563658 -0.541148 -0.624058
vn 0.550884 -0.271050 0.789341
vn 0.550884 -0.271050 0.789341
vn 0.550884 -0.271050 0.789341
vn 0.550884 -0.271050 0.789341
vn 0.550884 -0.271050 0.789341
vn 0.550884 -0.271050 0.789341
vn 0.550884 -0.271050 0.789341
vn 0.550884 -0.271050 0.789341
vn 0.550884 -0.271050 0.789341
vn 0.550884 -0.271050 0.789341
vn 0.550884 -0.271050 0.789341
vn 0.550884 -0.271050 0.789341
vn 0.550884 -0.271050 0.789341
vn 0.550884 -0.271050 0.789341
vn 0.550884 -0.271050 0.789341
vn 0.550884 -0.271050 0.789341
vn 0.550884 -0.271050 0.789341
vn 0.550884 -0.271050 0.789341
vn 0.550884 -0.271050 0.789341
vn 0.550884 -0.271050 0.789341
vn 0.550884 -0.271050 0.789341
vn 0.550884 -0.271050 0.789341
vn 0.550884 -0.271050 0.789341
vn 0.550884 -0.271050 0.789341
vn 0.550884 -0.271050 0.789341
vn 0.550884 -0.271050 0.789341
vn 0.550884 -0.271050 0.789341
vn 0.550884 -0.271050 0.789341
vn 0.550884 -0.271050 0.789341
vn 0.550884 -0.271050 0.789341
vn 0.550884 -0.271050 0.789341
vn 0.550884 -0.271050 0.789341
vn 0.550884 -0.271050 0.789341
vn 0.550884 -0.271050 0.789341
vn 0.550884 -0.271050 0.789341
vn 0.550884 -0.271050 0.789341
vn 0.550884 -0.271050 0.789341
vn 0.550884 -0.271050 0.789341
vn 0.550884 -0.271050 0.789341
vn -0.550884 0.271050 -0.789341
vn -0.550884 0.271050 -0.789341
vn -0.550884 0.271050 -0.789341
vn -0.550884 0.271050 -0.789341
vn -0.550884 0.271050 -0.789341
vn -0.550884 0.271050 -0.789341
vn -0.550884 0.271050 -0.789341
vn -0.550884 0.271050 -0.789341
vn -0.550884 0.271050 -0.789341
vn -0.550884 0.271050 -0.789341
vn -0.550884 0.271050 -0.789341
vn -0.550884 0.271050 -0.789341
vn -0.550884 0.271050 -0.789341
vn -0.550884 0.271050 -0.789341
vn -0.550884 0.271050 -0.789341
vn -0.550884 0.271050 -0.789341
vn -0.550884 0.271050 -0.789341
vn -0.550884 0.271050 -0.789341
vn -0.550884 0.271050 -0.789341
vn -0.550884 0.271050 -0.789341
vn -0.550884 0.271050 -0.789341
vn -0.550884 0.271050 -0.789341
vn -0.550884 0.271050 -0.789341
vn -0.550884 0.271050 -0.789341
vn -0.550884 0.271050 -0.789341
vn -0.550884 0.271050 -0.789341
vn -0.550884 0.271050 -0.789341
vn -0.550884 0.271050 -0.789341
vn -0.550884 0.271050 -0.789341
vn -0.550884 0.271050 -0.789341
vn -0.550884 0.271050 -0.789341
vn -0.550884 0.271050 -0.789341
vn -0.550884 0.271050 -0.789341
vn -0.550884 0.271050 -0.789341
vn -0.550884 0.271050 -0.789341
vn -0.550884 0.271050 -0.789341
vn -0.550884 0.271050 -0.789341
vn -0.550884 0.271050 -0.789341
vn -0.550884 0.271050 -0.789341
vn -0.581827 -0.813277 0.007639
vn -0.581827 -0.813277 0.007639
vn -0.581827 -0.813277 0.007639
vn -0.581827 -0.813277 0.007639
vn -0.581827 -0.813277 0.007639
vn -0.581827 -0.813277 0.007639
vn -0.784586 -0.559865 0.266412
vn -0.784586 -0.559865 0.266412
vn -0.784586 -0.559865 0.266412
vn -0.784586 -0.559865 0.266412
vn -0.784586 -0.559865 0.266412
vn -0.784586 -0.559865 0.266412
vn -0.854440 -0.207203 0.476445
vn -0.854440 -0.207203 0.476445
vn -0.854440 -0.207203 0.476445
vn -0.854440 -0.207203 0.476445
vn -0.854440 -0.207203 0.476445
vn -0.854440 -0.207203 0.476445
vn -0.778198 0.183587 0.600586
vn -0.778198 0.183587 0.600586
vn -0.778198 0.183587 0.600586
vn -0.778198 0.183587 0.600586
vn -0.778198 0.183587 0.600586
vn -0.778198 0.183587 0.600586
vn -0.569023 0.543804 0.616839
vn -0.569023 0.543804 0.616839
vn -0.569023 0.543804 0.616839
vn -0.569023 0.543804 0.616839
vn -0.569023 0.543804 0.616839
vn -0.569023 0.543804 0.616839
vn -0.263941 0.810610 0.522730
vn -0.263941 0.810610 0.522730
vn -0.263941 0.810610 0.522730
vn -0.263941 0.810610 0.522730
vn -0.263941 0.810610 0.522730
vn -0.263941 0.810610 0.522730
vn 0.083857 0.938449 0.335083
vn 0.083857 0.938449 0.335083
vn 0.083857 0.938449 0.335083
vn 0.083857 0.938449 0.335083
vn 0.083857 0.938449 0.335083
vn 0.083857 0.938449 0.335083
vn 0.414720 0.905849 0.086277
vn 0.414720 0.905849 0.086277
vn 0.414720 0.905849 0.086277
vn 0.414720 0.905849 0.086277
vn 0.414720 0.905849 0.086277
vn 0.414720 0.905849 0.086277
vn 0.671939 0.718106 -0.181168
vn 0.671939 0.718106 -0.181169
vn 0.671939 0.718106 -0.181168
vn 0.671939 0.718106 -0.181168
vn 0.671939 0.718106 -0.181169
vn 0.671939 0.718106 -0.181169
vn 0.810639 0.406903 -0.421063
vn 0.810639 0.406903 -0.421063
vn 0.810639 0.406903 -0.421063
vn 0.810639 0.406903 -0.421063
vn 0.810639 0.406903 -0.421063
vn 0.810639 0.406903 -0.421063
vn 0.806034 0.026156 -0.591290
vn 0.806034 0.026156 -0.591290
vn 0.806034 0.026156 -0.591290
vn 0.806034 0.026156 -0.591290
vn 0.806034 0.026156 -0.591290
vn 0.806034 0.026156 -0.591290
vn 0.806034 0.026156 -0.591290
vn 0.806034 0.026156 -0.591290
vn 0.816706 0.021067 -0.576669
vn 0.806034 0.026156 -0.591290
vn 0.816706 0.021067 -0.576669
vn 0.816706 0.021067 -0.576669
vn 0.816706 0.021067 -0.576669
vn 0.816706 0.021067 -0.576669
vn 0.812472 0.023104 -0.582543
vn 0.816706 0.021067 -0.576669
vn 0.812472 0.023104 -0.582543
vn 0.812472 0.023104 -0.582543
vn 0.658973 -0.357194 -0.661942
vn 0.658973 -0.357194 -0.661942
vn 0.658973 -0.357194 -0.661942
vn 0.658973 -0.357194 -0.661942
vn 0.658973 -0.357194 -0.661942
vn 0.658973 -0.357194 -0.661942
vn 0.395970 -0.676187 -0.621272
vn 0.395970 -0.676187 -0.621272
vn 0.395970 -0.676187 -0.621272
vn 0.395970 -0.676187 -0.621272
vn 0.395970 -0.676187 -0.621272
vn 0.395970 -0.676187 -0.621272
vn 0.063300 -0.876474 -0.477270
vn 0.063300 -0.876474 -0.477270
vn 0.063300 -0.876474 -0.477270
vn 0.063300 -0.876474 -0.477270
vn 0.063300 -0.876474 -0.477270
vn 0.063300 -0.876474 -0.477270
vn -0.282094 -0.924852 -0.255093
vn -0.282094 -0.924852 -0.255093
vn -0.282094 -0.924852 -0.255093
vn -0.282094 -0.924852 -0.255093
vn -0.282094 -0.924852 -0.255093
vn -0.282094 -0.924852 -0.255093
vn -0.497235 -0.857673 0.130970
vn -0.497235 -0.857673 0.130970
vn -0.497235 -0.857673 0.130970
vn -0.497235 -0.857673 0.130970
vn -0.497235 -0.857673 0.130971
vn -0.497235 -0.857673 0.130970
vn -0.728168 -0.589389 0.349846
vn -0.728168 -0.589389 0.349846
vn -0.728168 -0.589389 0.349846
vn -0.728168 -0.589389 0.349846
vn -0.728168 -0.589389 0.349846
vn -0.728168 -0.589389 0.349846
vn -0.834546 -0.217456 0.506208
vn -0.834546 -0.217456 0.506208
vn -0.834546 -0.217456 0.506208
vn -0.834546 -0.217456 0.506208
vn -0.834546 -0.217456 0.506208
vn -0.834546 -0.217456 0.506208
vn -0.834546 -0.217456 0.506208
vn -0.834546 -0.217456 0.506208
vn -0.843925 -0.212734 0.492479
vn -0.834546 -0.217456 0.506208
vn -0.843925 -0.212734 0.492479
vn -0.843925 -0.212734 0.492479
vn -0.797058 0.193022 0.572225
vn -0.797058 0.193022 0.572225
vn -0.797058 0.193022 0.572225
vn -0.797058 0.193022 0.572225
vn -0.797058 0.193022 0.572225
vn -0.797058 0.193022 0.572225
vn -0.797058 0.193022 0.572225
vn -0.797058 0.193022 0.572225
vn -0.785896 0.187407 0.589276
vn -0.797058 0.193022 0.572225
vn -0.785896 0.187407 0.589276
vn -0.785896 0.187407 0.589276
vn -0.622697 0.569580 0.536496
vn -0.622697 0.569580 0.536496
vn -0.622697 0.569580 0.536496
vn -0.622697 0.569580 0.536496
vn -0.622697 0.569580 0.536496
vn -0.622697 0.569580 0.536496
vn -0.343005 0.847002 0.406122
vn -0.343005 0.847002 0.406122
vn -0.343005 0.847002 0.406122
vn -0.343005 0.847002 0.406122
vn -0.343005 0.847002 0.406122
vn -0.343005 0.847002 0.406122
vn -0.006789 0.978888 0.204286
vn -0.006789 0.978888 0.204286
vn -0.006789 0.978888 0.204287
vn -0.006789 0.978888 0.204286
vn -0.006789 0.978888 0.204286
vn -0.006789 0.978888 0.204286
vn 0.328960 0.943709 -0.034620
vn 0.328960 0.943709 -0.034620
vn 0.328960 0.943709 -0.034620
vn 0.328960 0.943709 -0.034620
vn 0.328960 0.943709 -0.034620
vn 0.328960 0.943709 -0.034620
vn 0.607499 0.746905 -0.270330
vn 0.607499 0.746905 -0.270330
vn 0.607499 0.746905 -0.270330
vn 0.607499 0.746905 -0.270330
vn 0.607499 0.746905 -0.270330
vn 0.607499 0.746905 -0.270330
vn 0.780504 0.420767 -0.462351
vn 0.780504 0.420767 -0.462351
vn 0.780504 0.420767 -0.462351
vn 0.780504 0.420767 -0.462351
vn 0.780504 0.420767 -0.462351
vn 0.780504 0.420767 -0.462351
vn 0.780504 0.420767 -0.462351
vn 0.780504 0.420767 -0.462351
vn 0.798105 0.412937 -0.438761
vn 0.780504 0.420767 -0.462351
vn 0.798105 0.412937 -0.438761
vn 0.798105 0.412937 -0.438761
vn 0.709093 -0.381908 -0.592733
vn 0.709093 -0.381908 -0.592733
vn 0.709093 -0.381908 -0.592733
vn 0.709093 -0.381908 -0.592733
vn 0.709093 -0.381908 -0.592733
vn 0.709093 -0.381908 -0.592733
vn 0.477010 -0.717215 -0.508000
vn 0.477010 -0.717215 -0.508000
vn 0.477010 -0.717215 -0.508000
vn 0.477010 -0.717215 -0.508000
vn 0.477010 -0.717215 -0.508000
vn 0.477010 -0.717215 -0.508000
vn 0.161639 -0.927188 -0.337928
vn 0.161639 -0.927188 -0.337928
vn 0.161639 -0.927188 -0.337928
vn 0.161639 -0.927188 -0.337928
vn 0.161639 -0.927188 -0.337928
vn 0.161639 -0.927188 -0.337928
vn -0.182613 -0.976769 -0.112135
vn -0.182613 -0.976769 -0.112135
vn -0.182613 -0.976769 -0.112135
vn -0.182613 -0.976769 -0.112135
vn -0.182613 -0.976769 -0.112135
vn -0.182613 -0.976769 -0.112135
vn -0.542402 -0.837384 0.067732
vn -0.542402 -0.837384 0.067732
vn -0.542402 -0.837384 0.067732
vn -0.542402 -0.837384 0.067732
vn -0.542402 -0.837384 0.067732
vn -0.542402 -0.837384 0.067732
vn -0.757796 -0.575223 0.307999
vn -0.757796 -0.575223 0.307999
vn -0.757796 -0.575223 0.307999
vn -0.757796 -0.575223 0.307999
vn -0.757796 -0.575223 0.307999
vn -0.757796 -0.575223 0.307999
vn -0.593745 0.556011 0.581652
vn -0.593745 0.556011 0.581652
vn -0.593745 0.556011 0.581652
vn -0.593745 0.556011 0.581652
vn -0.593745 0.556011 0.581652
vn -0.593745 0.556011 0.581652
vn -0.300695 0.829344 0.470926
vn -0.300695 0.829344 0.470926
vn -0.300695 0.829344 0.470926
vn -0.300695 0.829344 0.470926
vn -0.300695 0.829344 0.470926
vn -0.300695 0.829344 0.470926
vn 0.042581 0.960144 0.276245
vn 0.042581 0.960144 0.276245
vn 0.042581 0.960144 0.276245
vn 0.042581 0.960144 0.276245
vn 0.042581 0.960144 0.276245
vn 0.042581 0.960144 0.276245
vn 0.376730 0.925795 0.031269
vn 0.376730 0.925795 0.031269
vn 0.376730 0.925795 0.031269
vn 0.376730 0.925795 0.031269
vn 0.376730 0.925795 0.031269
vn 0.376730 0.925795 0.031269
vn 0.643974 0.732237 -0.221643
vn 0.643974 0.732237 -0.221643
vn 0.643974 0.732237 -0.221643
vn 0.643974 0.732237 -0.221643
vn 0.643974 0.732237 -0.221643
vn 0.643974 0.732237 -0.221643
vn 0.684589 -0.369857 -0.628127
vn 0.684589 -0.369857 -0.628127
vn 0.684589 -0.369857 -0.628127
vn 0.684589 -0.369857 -0.628127
vn 0.684589 -0.369857 -0.628127
vn 0.684589 -0.369857 -0.628127
vn 0.436569 -0.697998 -0.567632
vn 0.436569 -0.697998 -0.567632
vn 0.436569 -0.697998 -0.567632
vn 0.436569 -0.697998 -0.567632
vn 0.436569 -0.697998 -0.567632
vn 0.436569 -0.697998 -0.567632
vn 0.111295 -0.904582 -0.411516
vn 0.111295 -0.904582 -0.411516
vn 0.111295 -0.904582 -0.411516
vn 0.111295 -0.904582 -0.411516
vn 0.111295 -0.904581 -0.411516
vn 0.111295 -0.904582 -0.411516
vn -0.234987 -0.953885 -0.186774
vn -0.234987 -0.953885 -0.186774
vn -0.234987 -0.953885 -0.186774
vn -0.234987 -0.953885 -0.186774
vn -0.234987 -0.953885 -0.186774
vn -0.234987 -0.953885 -0.186774
s off
g cherry_tree group1 pCylinder24
usemtl pCylinder2SG
f 1846/5857/10807 1848/5859/10808 1847/5858/10809
f 1846/5857/10810 1847/5858/10811 1849/5860/10812
f 1850/5861/10813 1846/5857/10814 1849/5860/10815
f 1850/5861/10816 1849/5860/10817 1851/5862/10818
f 1852/5863/10819 1850/5861/10820 1851/5862/10821
f 1852/5863/10822 1851/5862/10823 1853/5864/10824
f 1854/5865/10825 1852/5863/10826 1853/5864/10827
f 1854/5865/10828 1853/5864/10829 1855/5866/10830
f 1848/5867/10831 1856/5869/10832 1847/5868/10833
f 1848/5867/10834 1857/5870/10835 1856/5869/10836
f 1857/5870/10837 1858/5871/10838 1856/5869/10839
f 1857/5870/10840 1859/5872/10841 1858/5871/10842
f 1859/5872/10843 1860/5873/10844 1858/5871/10845
f 1859/5872/10846 1861/5874/10847 1860/5873/10848
f 1861/5875/10849 1862/5877/10850 1860/5876/10851
f 1861/5875/10852 1863/5878/10853 1862/5877/10854
f 1863/5878/10855 1864/5879/10856 1862/5877/10857
f 1863/5878/10858 1865/5880/10859 1864/5879/10860
f 1865/5880/10861 1866/5881/10862 1864/5879/10863
f 1865/5880/10864 1867/5882/10865 1866/5881/10866
f 1867/5882/10867 1868/5883/10868 1866/5881/10869
f 1867/5882/10870 1869/5884/10871 1868/5883/10872
f 1869/5884/10873 1870/5885/10874 1868/5883/10875
f 1869/5884/10876 1871/5886/10877 1870/5885/10878
f 1871/5887/10879 1872/5889/10880 1870/5888/10881
f 1871/5887/10882 1873/5890/10883 1872/5889/10884
f 1873/5890/10885 1874/5891/10886 1872/5889/10887
f 1873/5890/10888 1875/5892/10889 1874/5891/10890
f 1875/5892/10891 1855/5893/10892 1874/5891/10893
f 1875/5892/10894 1854/5894/10895 1855/5893/10896
f 1857/5895/10897 1861/5897/10898 1859/5896/10899
f 1861/5897/10900 1857/5895/10901 1848/5898/10902
f 1861/5897/10903 1848/5898/10904 1863/5899/10905
f 1863/5899/10906 1848/5898/10907 1846/5900/10908
f 1863/5899/10909 1846/5900/10910 1865/5901/10911
f 1865/5901/10912 1846/5900/10913 1850/5902/10914
f 1865/5901/10915 1850/5902/10916 1867/5903/10917
f 1867/5903/10918 1850/5902/10919 1852/5904/10920
f 1867/5903/10921 1852/5904/10922 1869/5905/10923
f 1869/5905/10924 1852/5904/10925 1854/5906/10926
f 1869/5905/10927 1854/5906/10928 1871/5907/10929
f 1871/5907/10930 1854/5906/10931 1875/5908/10932
f 1871/5907/10933 1875/5908/10934 1873/5909/10935
f 1876/5910/10936 1878/5912/10937 1877/5911/10938
f 1878/5912/10939 1876/5910/10940 1879/5913/10941
f 1879/5913/10942 1876/5910/10943 1880/5914/10944
f 1879/5913/10945 1880/5914/10946 1881/5915/10947
f 1881/5915/10948 1880/5914/10949 1882/5916/10950
f 1881/5915/10951 1882/5916/10952 1883/5917/10953
f 1883/5917/10954 1882/5916/10955 1884/5918/10956
f 1883/5917/10957 1884/5918/10958 1885/5919/10959
f 1885/5919/10960 1884/5918/10961 1886/5920/10962
f 1885/5919/10963 1886/5920/10964 1887/5921/10965
f 1887/5921/10966 1886/5920/10967 1888/5922/10968
f 1887/5921/10969 1888/5922/10970 1889/5923/10971
f 1889/5923/10972 1888/5922/10973 1890/5924/10974
f 1849/5925/10975 1892/5927/10976 1891/5926/10977
f 1849/5925/10978 1847/5928/10979 1892/5927/10980
f 1847/5929/10981 1893/5931/10982 1892/5930/10983
f 1847/5929/10984 1856/5932/10985 1893/5931/10986
f 1856/5933/10987 1894/5935/10988 1893/5934/10989
f 1856/5933/10990 1858/5936/10991 1894/5935/10992
f 1858/5937/10993 1895/5939/10994 1894/5938/10995
f 1858/5937/10996 1860/5940/10997 1895/5939/10998
f 1860/5941/10999 1896/5943/11000 1895/5942/11001
f 1860/5941/11002 1862/5944/11003 1896/5943/11004
f 1862/5945/11005 1897/5947/11006 1896/5946/11007
f 1862/5945/11008 1864/5948/11009 1897/5947/11010
f 1864/5949/11011 1898/5951/11012 1897/5950/11013
f 1864/5949/11014 1866/5952/11015 1898/5951/11016
f 1866/5953/11017 1899/5955/11018 1898/5954/11019
f 1866/5953/11020 1868/5956/11021 1899/5955/11022
f 1868/5957/11023 1900/5959/11024 1899/5958/11025
f 1868/5957/11026 1870/5960/11027 1900/5959/11028
f 1870/5961/11029 1901/5963/11030 1900/5962/11031
f 1870/5961/11032 1872/5964/11033 1901/5963/11034
f 1872/5965/11035 1874/5967/11036 1902/5966/11037
f 1872/5965/11038 1902/5966/11039 1901/5968/11040
f 1901/5968/11041 1902/5966/11042 1903/5969/11043
f 1901/5968/11044 1903/5969/11045 1904/5970/11046
f 1904/5970/11047 1903/5969/11048 1889/5971/11049
f 1904/5970/11050 1889/5971/11051 1890/5972/11052
f 1874/5973/11053 1905/5975/11054 1902/5974/11055
f 1874/5973/11056 1855/5976/11057 1905/5975/11058
f 1855/5977/11059 1906/5979/11060 1905/5978/11061
f 1855/5977/11062 1853/5980/11063 1906/5979/11064
f 1853/5981/11065 1907/5983/11066 1906/5982/11067
f 1853/5981/11068 1851/5984/11069 1907/5983/11070
f 1851/5985/11071 1891/5987/11072 1907/5986/11073
f 1851/5985/11074 1849/5988/11075 1891/5987/11076
f 1891/5989/11077 1909/5991/11078 1908/5990/11079
f 1891/5989/11080 1892/5992/11081 1909/5991/11082
f 1892/5993/11083 1910/5995/11084 1909/5994/11085
f 1892/5993/11086 1893/5996/11087 1910/5995/11088
f 1893/5997/11089 1894/5999/11090 1911/5998/11091
f 1893/5997/11092 1911/5998/11093 1910/6000/11094
f 1910/6000/11095 1911/5998/11096 1877/6001/11097
f 1910/6000/11098 1877/6001/11099 1878/6002/11100
f 1894/6003/11101 1895/6005/11102 1912/6004/11103
f 1894/6003/11104 1912/6004/11105 1911/6006/11106
f 1911/6006/11107 1912/6004/11108 1876/6007/11109
f 1911/6006/11110 1876/6007/11111 1877/6008/11112
f 1895/6009/11113 1913/6011/11114 1912/6010/11115
f 1895/6009/11116 1896/6012/11117 1913/6011/11118
f 1896/6013/11119 1914/6015/11120 1913/6014/11121
f 1896/6013/11122 1897/6016/11123 1914/6015/11124
f 1897/6017/11125 1915/6019/11126 1914/6018/11127
f 1897/6017/11128 1898/6020/11129 1915/6019/11130
f 1898/6021/11131 1916/6023/11132 1915/6022/11133
f 1898/6021/11134 1899/6024/11135 1916/6023/11136
f 1899/6025/11137 1917/6027/11138 1916/6026/11139
f 1899/6025/11140 1900/6028/11141 1917/6027/11142
f 1900/6029/11143 1901/6031/11144 1904/6030/11145
f 1900/6029/11146 1904/6030/11147 1917/6032/11148
f 1917/6032/11149 1904/6030/11150 1890/6033/11151
f 1917/6032/11152 1890/6033/11153 1888/6034/11154
f 1902/6035/11155 1918/6037/11156 1903/6036/11157
f 1902/6035/11158 1905/6038/11159 1918/6037/11160
f 1905/6039/11161 1919/6041/11162 1918/6040/11163
f 1905/6039/11164 1906/6042/11165 1919/6041/11166
f 1906/6043/11167 1920/6045/11168 1919/6044/11169
f 1906/6043/11170 1907/6046/11171 1920/6045/11172
f 1907/6047/11173 1908/6049/11174 1920/6048/11175
f 1907/6047/11176 1891/6050/11177 1908/6049/11178
f 1908/6051/11179 1879/6053/11180 1881/6052/11181
f 1908/6051/11182 1909/6054/11183 1879/6053/11184
f 1909/6055/11185 1878/6057/11186 1879/6056/11187
f 1909/6055/11188 1910/6058/11189 1878/6057/11190
f 1912/6059/11191 1880/6061/11192 1876/6060/11193
f 1912/6059/11194 1913/6062/11195 1880/6061/11196
f 1913/6063/11197 1882/6065/11198 1880/6064/11199
f 1913/6063/11200 1914/6066/11201 1882/6065/11202
f 1914/6067/11203 1884/6069/11204 1882/6068/11205
f 1914/6067/11206 1915/6070/11207 1884/6069/11208
f 1915/6071/11209 1886/6073/11210 1884/6072/11211
f 1915/6071/11212 1916/6074/11213 1886/6073/11214
f 1916/6075/11215 1888/6077/11216 1886/6076/11217
f 1916/6075/11218 1917/6078/11219 1888/6077/11220
f 1903/6079/11221 1887/6081/11222 1889/6080/11223
f 1903/6079/11224 1918/6082/11225 1887/6081/11226
f 1918/6083/11227 1885/6085/11228 1887/6084/11229
f 1918/6083/11230 1919/6086/11231 1885/6085/11232
f 1919/6087/11233 1883/6089/11234 1885/6088/11235
f 1919/6087/11236 1920/6090/11237 1883/6089/11238
f 1920/6091/11239 1881/6093/11240 1883/6092/11241
f 1920/6091/11242 1908/6094/11243 1881/6093/11244
g default
v -122.038630 354.493071 910.094465
v -104.970564 370.309081 923.832931
v -119.934734 357.013305 905.380451
v -106.876272 368.026274 928.102872
v -125.821521 353.771489 914.152453
v -110.302786 367.372709 931.778605
v -130.629343 354.973354 916.852746
v -114.657678 368.461332 934.224532
v -135.630778 357.890746 917.728419
v -119.187957 371.103944 935.017721
v -104.915198 373.826356 919.707101
v -119.873630 360.896303 900.825480
v -106.719793 377.969877 916.438693
v -121.865906 365.470795 897.217180
v -110.072298 382.023251 914.592912
v -125.567048 369.945771 895.179436
v -114.392991 385.285673 914.488908
v -130.337087 373.547455 895.064631
v -118.934812 387.192928 916.144660
v -135.351276 375.653075 896.892570
v -122.912468 387.415311 919.273839
v -139.742595 375.898558 900.347219
v -125.638113 385.914335 923.335460
v -142.751755 374.241483 904.831193
v -126.640564 382.949520 927.627120
v -143.858454 370.968324 909.569201
v -125.746404 379.033534 931.406837
v -142.871296 366.645141 913.742023
v -123.110251 374.843534 934.021066
v -139.960993 362.019257 916.628107
v 67.896209 511.888668 1130.861178
v 68.840252 511.492247 1130.517008
v 69.738319 510.814146 1130.538639
v 70.435194 509.971617 1130.922311
v 67.069422 511.934874 1131.511608
v 70.810272 509.110318 1131.601657
v 66.502879 511.622891 1132.355807
v 70.798748 508.379268 1132.459235
v 66.294510 511.006651 1133.247868
v 70.402645 507.904781 1133.346745
v 66.480360 510.192686 1134.033512
v 69.690408 507.768917 1134.110788
v 67.028299 509.321773 1134.576881
v 68.785213 507.995177 1134.619176
v 67.843582 508.544430 1134.784069
v -73.066393 405.943507 967.942129
v -71.511449 407.806209 964.458013
v -71.466312 410.676082 961.091485
v -72.938771 414.057032 958.424629
v -75.674225 417.364436 956.918580
v -38.294162 438.040644 1001.283729
v -35.897678 435.143122 1002.603149
v 14.625698 479.349481 1064.788275
v 16.400844 477.203271 1065.765628
v -79.199735 420.026363 956.833707
v -82.905643 421.582637 958.184742
v -86.151253 421.764124 960.737989
v -88.375296 420.539363 964.052056
v -89.193221 418.120174 967.553892
v -88.463646 414.924983 970.637945
v -86.312664 411.506067 972.771035
v -47.614337 432.908258 1015.171874
v -49.498752 435.903498 1013.303122
v 7.722207 475.547814 1075.075291
v 6.326425 477.766442 1073.691136
v -83.112215 408.454708 973.584302
v -79.415755 406.298487 972.937051
v -75.862325 405.410213 970.941324
v -36.009495 428.034967 1010.941291
v -34.647236 429.666834 1007.888923
v -34.607654 432.181146 1004.939575
v 17.356332 475.009179 1067.496190
v -41.382801 440.372828 1001.209381
v -44.629505 441.736200 1002.392996
v -47.472919 441.895166 1004.629890
v -49.421359 440.822199 1007.533301
v -50.137942 438.702814 1010.601188
v 5.852961 479.839899 1071.689793
v -44.810489 430.234979 1015.884329
v -41.572025 428.345941 1015.317336
v -38.458942 427.567804 1013.568870
v 16.318017 471.938166 1071.941717
v 17.327021 473.146874 1069.680789
v 12.337944 481.076837 1064.733250
v 9.933086 482.086725 1065.609930
v 7.826943 482.204462 1067.266819
v 6.383720 481.409723 1069.417361
v 9.799082 473.567712 1075.603064
v 12.197778 472.168512 1075.183050
v 14.503657 471.592096 1073.887942
vt 0.134743 0.001992
vt 0.146827 0.084161
vt 0.150002 0.001992
vt 0.133005 0.084161
vt 0.116295 0.001992
vt 0.116295 0.084161
vt 0.097846 0.001992
vt 0.099584 0.084161
vt 0.082588 0.001992
vt 0.085763 0.084161
vt 0.071648 0.998008
vt 0.068835 0.915839
vt 0.054040 0.915839
vt 0.055314 0.998008
vt 0.037050 0.915839
vt 0.036557 0.998008
vt 0.020802 0.915839
vt 0.018619 0.998008
vt 0.156875 0.001992
vt 0.160575 0.084161
vt 0.172007 0.084161
vt 0.169495 0.001992
vt 0.187614 0.084161
vt 0.186725 0.001992
vt 0.204698 0.084161
vt 0.205586 0.001992
vt 0.220305 0.084161
vt 0.222816 0.001992
vt 0.231736 0.084161
vt 0.235437 0.001992
vt 0.259782 0.001992
vt 0.261965 0.084161
vt 0.278213 0.084161
vt 0.277719 0.001992
vt 0.295203 0.084161
vt 0.296477 0.001992
vt 0.309998 0.084161
vt 0.312810 0.001992
vt 0.345257 0.007820
vt 0.331241 0.020441
vt 0.323569 0.037671
vt 0.363194 0.001992
vt 0.323569 0.056531
vt 0.381952 0.003964
vt 0.331241 0.073761
vt 0.398286 0.013394
vt 0.345257 0.086382
vt 0.409372 0.028653
vt 0.363194 0.092210
vt 0.413293 0.047101
vt 0.381952 0.090239
vt 0.409372 0.065550
vt 0.398286 0.080808
vt 0.419599 0.012260
vt 0.421044 0.015504
vt 0.423683 0.017881
vt 0.427060 0.018978
vt 0.419599 0.008709
vt 0.430591 0.018607
vt 0.421044 0.005465
vt 0.433667 0.016831
vt 0.423683 0.003089
vt 0.435754 0.013958
vt 0.427060 0.001992
vt 0.436492 0.010485
vt 0.430591 0.002363
vt 0.435754 0.007012
vt 0.433667 0.004139
vt 0.133005 0.084161
vt 0.128667 0.282650
vt 0.139944 0.282650
vt 0.146827 0.084161
vt 0.068835 0.915839
vt 0.040064 0.717350
vt 0.027992 0.717350
vt 0.054040 0.915839
vt 0.054040 0.915839
vt 0.027992 0.717350
vt 0.014129 0.717350
vt 0.037050 0.915839
vt 0.037050 0.915839
vt 0.000871 0.717350
vt 0.020802 0.915839
vt 0.014129 0.717350
vt 0.026788 0.540768
vt 0.038402 0.540768
vt 0.030679 0.264943
vt 0.039282 0.264943
vt 0.066562 0.001992
vt 0.069939 0.001992
vt 0.160575 0.084161
vt 0.168387 0.282650
vt 0.177714 0.282650
vt 0.172007 0.084161
vt 0.172007 0.084161
vt 0.177714 0.282650
vt 0.190449 0.282650
vt 0.187614 0.084161
vt 0.187614 0.084161
vt 0.190449 0.282650
vt 0.204389 0.282650
vt 0.204698 0.084161
vt 0.204698 0.084161
vt 0.204389 0.282650
vt 0.217123 0.282650
vt 0.220305 0.084161
vt 0.220305 0.084161
vt 0.217123 0.282650
vt 0.226451 0.282650
vt 0.231736 0.084161
vt 0.261965 0.084161
vt 0.242034 0.282650
vt 0.255291 0.282650
vt 0.278213 0.084161
vt 0.278213 0.084161
vt 0.269155 0.282650
vt 0.295203 0.084161
vt 0.255291 0.282650
vt 0.291711 0.459233
vt 0.279565 0.459233
vt 0.289441 0.735057
vt 0.280444 0.735057
vt 0.314634 0.998008
vt 0.311102 0.998008
vt 0.295203 0.084161
vt 0.269155 0.282650
vt 0.281227 0.282650
vt 0.309998 0.084161
vt 0.085763 0.084161
vt 0.090119 0.282650
vt 0.101397 0.282650
vt 0.099584 0.084161
vt 0.099584 0.084161
vt 0.101397 0.282650
vt 0.115032 0.282650
vt 0.116295 0.084161
vt 0.116295 0.084161
vt 0.115032 0.282650
vt 0.128667 0.282650
vt 0.133005 0.084161
vt 0.128667 0.282650
vt 0.128240 0.459233
vt 0.138120 0.459233
vt 0.139944 0.282650
vt 0.040064 0.717350
vt 0.061124 0.540768
vt 0.050548 0.540767
vt 0.027992 0.717350
vt 0.027992 0.717350
vt 0.038402 0.540768
vt 0.014129 0.717350
vt 0.050548 0.540767
vt 0.039282 0.264943
vt 0.048278 0.264943
vt 0.069939 0.001992
vt 0.073471 0.001992
vt 0.168387 0.282650
vt 0.170721 0.459233
vt 0.178893 0.459233
vt 0.177714 0.282650
vt 0.177714 0.282650
vt 0.178893 0.459233
vt 0.190050 0.459233
vt 0.190449 0.282650
vt 0.190449 0.282650
vt 0.190050 0.459233
vt 0.202262 0.459233
vt 0.204389 0.282650
vt 0.204389 0.282650
vt 0.202262 0.459233
vt 0.213419 0.459233
vt 0.217123 0.282650
vt 0.217123 0.282650
vt 0.213419 0.459233
vt 0.221590 0.459233
vt 0.226451 0.282650
vt 0.242034 0.282650
vt 0.279565 0.459233
vt 0.255291 0.282650
vt 0.267950 0.459233
vt 0.280444 0.735057
vt 0.271841 0.735057
vt 0.269155 0.282650
vt 0.291711 0.459233
vt 0.302287 0.459233
vt 0.281227 0.282650
vt 0.090119 0.282650
vt 0.094469 0.459233
vt 0.104349 0.459233
vt 0.101397 0.282650
vt 0.101397 0.282650
vt 0.104349 0.459233
vt 0.116295 0.459233
vt 0.115032 0.282650
vt 0.115032 0.282650
vt 0.116295 0.459233
vt 0.128240 0.459233
vt 0.128667 0.282650
vt 0.128240 0.459233
vt 0.125143 0.735057
vt 0.132461 0.735057
vt 0.138120 0.459233
vt 0.061124 0.540768
vt 0.056112 0.264943
vt 0.048278 0.264943
vt 0.050548 0.540767
vt 0.170721 0.459233
vt 0.177316 0.735057
vt 0.183369 0.735057
vt 0.178893 0.459233
vt 0.178893 0.459233
vt 0.183369 0.735057
vt 0.191633 0.735057
vt 0.190050 0.459233
vt 0.190050 0.459233
vt 0.191633 0.735057
vt 0.200679 0.735057
vt 0.202262 0.459233
vt 0.202262 0.459233
vt 0.200679 0.735057
vt 0.208942 0.735057
vt 0.213419 0.459233
vt 0.213419 0.459233
vt 0.208942 0.735057
vt 0.214995 0.735057
vt 0.221590 0.459233
vt 0.291711 0.459233
vt 0.297275 0.735057
vt 0.302287 0.459233
vt 0.289441 0.735057
vt 0.317709 0.998008
vt 0.314634 0.998008
vt 0.094469 0.459233
vt 0.100128 0.735057
vt 0.107447 0.735057
vt 0.104349 0.459233
vt 0.104349 0.459233
vt 0.107447 0.735057
vt 0.116295 0.735057
vt 0.116295 0.459233
vt 0.116295 0.459233
vt 0.116295 0.735057
vt 0.125143 0.735057
vt 0.128240 0.459233
vt 0.125143 0.735057
vt 0.126892 0.998008
vt 0.129764 0.998008
vt 0.132461 0.735057
vt 0.056112 0.264943
vt 0.076546 0.001992
vt 0.073471 0.001992
vt 0.048278 0.264943
vt 0.177316 0.735057
vt 0.181637 0.998008
vt 0.184013 0.998008
vt 0.183369 0.735057
vt 0.183369 0.735057
vt 0.184013 0.998008
vt 0.187257 0.998008
vt 0.191633 0.735057
vt 0.191633 0.735057
vt 0.187257 0.998008
vt 0.190808 0.998008
vt 0.200679 0.735057
vt 0.200679 0.735057
vt 0.190808 0.998008
vt 0.194052 0.998008
vt 0.208942 0.735057
vt 0.208942 0.735057
vt 0.194052 0.998008
vt 0.196428 0.998008
vt 0.214995 0.735057
vt 0.271841 0.735057
vt 0.307725 0.998008
vt 0.311102 0.998008
vt 0.280444 0.735057
vt 0.100128 0.735057
vt 0.117072 0.998008
vt 0.119945 0.998008
vt 0.107447 0.735057
vt 0.107447 0.735057
vt 0.119945 0.998008
vt 0.123418 0.998008
vt 0.116295 0.735057
vt 0.116295 0.735057
vt 0.123418 0.998008
vt 0.126892 0.998008
vt 0.125143 0.735057
vn 0.598740 -0.795449 0.093658
vn 0.790773 -0.565775 -0.233618
vn 0.777573 -0.595678 -0.201366
vn 0.598740 -0.795449 0.093658
vn 0.777573 -0.595678 -0.201366
vn 0.585251 -0.803237 0.110868
vn 0.278419 -0.863270 0.421009
vn 0.598740 -0.795449 0.093658
vn 0.585251 -0.803237 0.110868
vn 0.278419 -0.863270 0.421009
vn 0.585251 -0.803237 0.110868
vn 0.284059 -0.863685 0.416364
vn -0.090915 -0.744375 0.661544
vn 0.278419 -0.863270 0.421009
vn 0.284059 -0.863685 0.416364
vn -0.090915 -0.744375 0.661544
vn 0.284059 -0.863685 0.416364
vn -0.062579 -0.759631 0.647337
vn -0.417203 -0.485823 0.768061
vn -0.090915 -0.744375 0.661544
vn -0.062579 -0.759631 0.647337
vn -0.417203 -0.485823 0.768061
vn -0.062579 -0.759631 0.647337
vn -0.380810 -0.523461 0.762215
vn 0.790773 -0.565775 -0.233618
vn 0.836910 -0.294278 -0.461500
vn 0.777573 -0.595678 -0.201366
vn 0.790773 -0.565775 -0.233618
vn 0.834645 -0.245816 -0.492892
vn 0.836910 -0.294278 -0.461500
vn 0.834645 -0.245816 -0.492892
vn 0.769452 0.047139 -0.636962
vn 0.836910 -0.294278 -0.461500
vn 0.834645 -0.245816 -0.492892
vn 0.748192 0.101644 -0.655651
vn 0.769452 0.047139 -0.636962
vn 0.748192 0.101644 -0.655651
vn 0.588291 0.386770 -0.710157
vn 0.769452 0.047139 -0.636962
vn 0.748192 0.101644 -0.655651
vn 0.553368 0.433405 -0.711297
vn 0.588291 0.386770 -0.710157
vn 0.553368 0.433405 -0.711297
vn 0.307189 0.681645 -0.664074
vn 0.588291 0.386770 -0.710157
vn 0.553368 0.433405 -0.711297
vn 0.271751 0.708545 -0.651241
vn 0.307189 0.681645 -0.664074
vn 0.271751 0.708545 -0.651241
vn -0.042480 0.872502 -0.486761
vn 0.307189 0.681645 -0.664074
vn 0.271751 0.708545 -0.651241
vn -0.060862 0.878161 -0.474478
vn -0.042480 0.872502 -0.486761
vn -0.060862 0.878161 -0.474478
vn -0.391022 0.898592 -0.199081
vn -0.042480 0.872502 -0.486761
vn -0.060862 0.878161 -0.474478
vn -0.385063 0.899807 -0.205119
vn -0.391022 0.898592 -0.199081
vn -0.385063 0.899807 -0.205119
vn -0.651108 0.747677 0.130525
vn -0.391022 0.898592 -0.199081
vn -0.385063 0.899807 -0.205119
vn -0.634363 0.766086 0.103425
vn -0.651108 0.747677 0.130525
vn -0.634363 0.766086 0.103425
vn -0.773196 0.470831 0.424837
vn -0.651108 0.747677 0.130525
vn -0.634363 0.766086 0.103425
vn -0.765412 0.511649 0.390334
vn -0.773196 0.470831 0.424837
vn -0.765412 0.511649 0.390334
vn -0.757100 0.135176 0.639161
vn -0.773196 0.470831 0.424837
vn -0.765412 0.511649 0.390334
vn -0.767909 0.188621 0.612158
vn -0.757100 0.135176 0.639161
vn -0.767909 0.188621 0.612158
vn -0.620554 -0.209483 0.755665
vn -0.757100 0.135176 0.639161
vn -0.767909 0.188621 0.612158
vn -0.648769 -0.157326 0.744545
vn -0.620554 -0.209483 0.755665
vn -0.648769 -0.157326 0.744545
vn -0.380810 -0.523461 0.762215
vn -0.620554 -0.209483 0.755665
vn -0.648769 -0.157326 0.744545
vn -0.417203 -0.485823 0.768061
vn -0.380810 -0.523461 0.762215
vn -0.486002 -0.661856 -0.570743
vn -0.486002 -0.661856 -0.570743
vn -0.486002 -0.661856 -0.570743
vn -0.486002 -0.661856 -0.570743
vn -0.486002 -0.661856 -0.570743
vn -0.486002 -0.661856 -0.570743
vn -0.486002 -0.661856 -0.570743
vn -0.486002 -0.661856 -0.570743
vn -0.486002 -0.661856 -0.570743
vn -0.486002 -0.661856 -0.570743
vn -0.486002 -0.661856 -0.570743
vn -0.486002 -0.661856 -0.570743
vn -0.486002 -0.661856 -0.570743
vn -0.486002 -0.661856 -0.570743
vn -0.486002 -0.661857 -0.570743
vn -0.486002 -0.661857 -0.570743
vn -0.486002 -0.661856 -0.570743
vn -0.486002 -0.661856 -0.570743
vn -0.486002 -0.661857 -0.570743
vn -0.486002 -0.661856 -0.570743
vn -0.486002 -0.661856 -0.570743
vn -0.486002 -0.661856 -0.570743
vn -0.486002 -0.661856 -0.570743
vn -0.486002 -0.661857 -0.570743
vn -0.486002 -0.661856 -0.570743
vn -0.486002 -0.661857 -0.570743
vn -0.486002 -0.661856 -0.570743
vn -0.486002 -0.661856 -0.570743
vn -0.486002 -0.661857 -0.570743
vn -0.486002 -0.661857 -0.570743
vn -0.486002 -0.661856 -0.570743
vn -0.486002 -0.661857 -0.570743
vn -0.486002 -0.661856 -0.570743
vn -0.486002 -0.661856 -0.570743
vn -0.486002 -0.661857 -0.570743
vn -0.486002 -0.661857 -0.570743
vn -0.486002 -0.661856 -0.570743
vn -0.486002 -0.661857 -0.570743
vn -0.486002 -0.661857 -0.570743
vn 0.485999 0.661858 0.570745
vn 0.485999 0.661858 0.570745
vn 0.485999 0.661858 0.570745
vn 0.485999 0.661858 0.570745
vn 0.485999 0.661858 0.570745
vn 0.485999 0.661858 0.570745
vn 0.485999 0.661858 0.570745
vn 0.485999 0.661858 0.570745
vn 0.485999 0.661858 0.570745
vn 0.485999 0.661858 0.570745
vn 0.485999 0.661858 0.570745
vn 0.485999 0.661857 0.570745
vn 0.485999 0.661857 0.570745
vn 0.485999 0.661858 0.570745
vn 0.485999 0.661858 0.570745
vn 0.485999 0.661857 0.570745
vn 0.485999 0.661858 0.570745
vn 0.485999 0.661858 0.570745
vn 0.485999 0.661858 0.570745
vn 0.485999 0.661858 0.570745
vn 0.485999 0.661858 0.570745
vn 0.485999 0.661858 0.570745
vn 0.485999 0.661858 0.570745
vn 0.485999 0.661858 0.570745
vn 0.485999 0.661858 0.570745
vn 0.485999 0.661858 0.570745
vn 0.485999 0.661858 0.570745
vn 0.485999 0.661858 0.570745
vn 0.485999 0.661858 0.570745
vn 0.485999 0.661858 0.570745
vn 0.485999 0.661858 0.570745
vn 0.485999 0.661858 0.570745
vn 0.485999 0.661858 0.570745
vn 0.485999 0.661858 0.570745
vn 0.485999 0.661858 0.570745
vn 0.485999 0.661858 0.570745
vn 0.485999 0.661858 0.570745
vn 0.485999 0.661858 0.570745
vn 0.485999 0.661858 0.570745
vn 0.753908 -0.656816 -0.014684
vn 0.753908 -0.656816 -0.014684
vn 0.753908 -0.656816 -0.014684
vn 0.753908 -0.656816 -0.014684
vn 0.753908 -0.656816 -0.014684
vn 0.753908 -0.656816 -0.014684
vn 0.853375 -0.402308 -0.331511
vn 0.853375 -0.402308 -0.331511
vn 0.853375 -0.402308 -0.331511
vn 0.853375 -0.402308 -0.331511
vn 0.853375 -0.402308 -0.331511
vn 0.853375 -0.402308 -0.331511
vn 0.814409 -0.096647 -0.572187
vn 0.814409 -0.096647 -0.572187
vn 0.814409 -0.096647 -0.572187
vn 0.814409 -0.096647 -0.572187
vn 0.814409 -0.096647 -0.572187
vn 0.814409 -0.096647 -0.572187
vn 0.659964 0.218521 -0.718816
vn 0.659964 0.218521 -0.718816
vn 0.659964 0.218521 -0.718816
vn 0.659964 0.218521 -0.718816
vn 0.659964 0.218521 -0.718816
vn 0.659964 0.218521 -0.718816
vn 0.659964 0.218521 -0.718816
vn 0.659964 0.218521 -0.718816
vn 0.680411 0.248883 -0.689273
vn 0.659964 0.218521 -0.718816
vn 0.680411 0.248883 -0.689273
vn 0.680411 0.248883 -0.689273
vn 0.680411 0.248883 -0.689273
vn 0.680411 0.248883 -0.689273
vn 0.668375 0.230809 -0.707108
vn 0.680411 0.248883 -0.689273
vn 0.668375 0.230809 -0.707108
vn 0.668375 0.230809 -0.707108
vn 0.668375 0.230809 -0.707108
vn 0.668375 0.230809 -0.707108
vn 0.680358 0.248803 -0.689355
vn 0.668375 0.230809 -0.707108
vn 0.680358 0.248803 -0.689355
vn 0.680358 0.248803 -0.689355
vn 0.405148 0.512440 -0.757139
vn 0.405148 0.512440 -0.757139
vn 0.405148 0.512440 -0.757139
vn 0.405148 0.512440 -0.757139
vn 0.405148 0.512440 -0.757139
vn 0.405148 0.512440 -0.757139
vn 0.068858 0.742450 -0.666353
vn 0.068858 0.742450 -0.666353
vn 0.068858 0.742450 -0.666353
vn 0.068858 0.742450 -0.666353
vn 0.068858 0.742450 -0.666353
vn 0.068858 0.742450 -0.666353
vn -0.297622 0.847974 -0.438590
vn -0.297622 0.847974 -0.438590
vn -0.297622 0.847974 -0.438590
vn -0.297622 0.847974 -0.438590
vn -0.297622 0.847974 -0.438590
vn -0.297622 0.847974 -0.438590
vn -0.605560 0.787388 -0.115398
vn -0.605560 0.787388 -0.115398
vn -0.605560 0.787388 -0.115398
vn -0.605560 0.787388 -0.115398
vn -0.605560 0.787388 -0.115398
vn -0.605560 0.787388 -0.115398
vn -0.782134 0.582964 0.220044
vn -0.782134 0.582964 0.220044
vn -0.782134 0.582964 0.220044
vn -0.782134 0.582964 0.220044
vn -0.782134 0.582964 0.220044
vn -0.782134 0.582964 0.220044
vn -0.813024 0.297456 0.500512
vn -0.813024 0.297456 0.500512
vn -0.813024 0.297456 0.500512
vn -0.813024 0.297456 0.500512
vn -0.813024 0.297456 0.500512
vn -0.813024 0.297456 0.500512
vn -0.717181 -0.016536 0.696691
vn -0.717181 -0.016536 0.696691
vn -0.717181 -0.016536 0.696691
vn -0.717181 -0.016536 0.696691
vn -0.717181 -0.016536 0.696691
vn -0.717181 -0.016536 0.696691
vn -0.717181 -0.016536 0.696691
vn -0.717181 -0.016536 0.696691
vn -0.729826 -0.033142 0.682829
vn -0.717181 -0.016536 0.696691
vn -0.729826 -0.033142 0.682829
vn -0.729826 -0.033142 0.682829
vn -0.729826 -0.033142 0.682829
vn -0.729826 -0.033142 0.682829
vn -0.724819 -0.026500 0.688430
vn -0.729826 -0.033142 0.682829
vn -0.724819 -0.026500 0.688430
vn -0.724819 -0.026500 0.688430
vn -0.724819 -0.026500 0.688430
vn -0.724819 -0.026500 0.688430
vn -0.707188 -0.003812 0.707016
vn -0.724819 -0.026500 0.688430
vn -0.707188 -0.003812 0.707016
vn -0.707188 -0.003812 0.707016
vn -0.512374 -0.325620 0.794635
vn -0.512374 -0.325620 0.794635
vn -0.512374 -0.325620 0.794635
vn -0.512374 -0.325620 0.794635
vn -0.512374 -0.325620 0.794635
vn -0.512374 -0.325620 0.794635
vn -0.211742 -0.595587 0.774882
vn -0.211742 -0.595587 0.774882
vn -0.211742 -0.595587 0.774882
vn -0.211742 -0.595587 0.774882
vn -0.211742 -0.595587 0.774882
vn -0.211742 -0.595587 0.774882
vn 0.152859 -0.772711 0.616078
vn 0.152859 -0.772711 0.616078
vn 0.152859 -0.772711 0.616078
vn 0.152859 -0.772711 0.616078
vn 0.152859 -0.772711 0.616078
vn 0.152859 -0.772711 0.616078
vn 0.505682 -0.797257 0.329647
vn 0.505682 -0.797257 0.329647
vn 0.505682 -0.797257 0.329647
vn 0.505682 -0.797257 0.329647
vn 0.505682 -0.797257 0.329647
vn 0.505682 -0.797257 0.329647
vn 0.619513 -0.772981 -0.136761
vn 0.619513 -0.772981 -0.136761
vn 0.619513 -0.772981 -0.136761
vn 0.619513 -0.772981 -0.136761
vn 0.619513 -0.772981 -0.136761
vn 0.619513 -0.772981 -0.136761
vn 0.770612 -0.490057 -0.407432
vn 0.770612 -0.490057 -0.407432
vn 0.770612 -0.490057 -0.407432
vn 0.770612 -0.490057 -0.407432
vn 0.770612 -0.490057 -0.407432
vn 0.770612 -0.490057 -0.407432
vn 0.789404 -0.129516 -0.600056
vn 0.789404 -0.129516 -0.600056
vn 0.789404 -0.129516 -0.600056
vn 0.789404 -0.129516 -0.600056
vn 0.789404 -0.129516 -0.600056
vn 0.789404 -0.129516 -0.600056
vn 0.789404 -0.129516 -0.600056
vn 0.789404 -0.129516 -0.600056
vn 0.801244 -0.114307 -0.587317
vn 0.789404 -0.129516 -0.600056
vn 0.801244 -0.114307 -0.587317
vn 0.801244 -0.114307 -0.587317
vn 0.801244 -0.114307 -0.587317
vn 0.801244 -0.114307 -0.587317
vn 0.793580 -0.124215 -0.595651
vn 0.801244 -0.114307 -0.587317
vn 0.793580 -0.124215 -0.595651
vn 0.793580 -0.124215 -0.595651
vn 0.461087 0.589512 -0.663231
vn 0.461087 0.589512 -0.663231
vn 0.461087 0.589512 -0.663231
vn 0.461087 0.589512 -0.663231
vn 0.461087 0.589512 -0.663231
vn 0.461087 0.589512 -0.663231
vn 0.161554 0.837662 -0.521749
vn 0.161554 0.837662 -0.521749
vn 0.161554 0.837662 -0.521749
vn 0.161554 0.837662 -0.521749
vn 0.161554 0.837662 -0.521749
vn 0.161554 0.837662 -0.521749
vn -0.169966 0.943898 -0.283140
vn -0.169966 0.943898 -0.283140
vn -0.169966 0.943898 -0.283140
vn -0.169966 0.943898 -0.283140
vn -0.169966 0.943898 -0.283140
vn -0.169966 0.943898 -0.283140
vn -0.470702 0.882234 0.010153
vn -0.470702 0.882234 0.010153
vn -0.470702 0.882234 0.010153
vn -0.470702 0.882234 0.010153
vn -0.470702 0.882234 0.010153
vn -0.470702 0.882234 0.010153
vn -0.682534 0.666107 0.300748
vn -0.682534 0.666107 0.300748
vn -0.682534 0.666107 0.300748
vn -0.682534 0.666107 0.300748
vn -0.682534 0.666107 0.300748
vn -0.682534 0.666107 0.300748
vn -0.771544 0.341752 0.536587
vn -0.771544 0.341752 0.536587
vn -0.771544 0.341752 0.536587
vn -0.771544 0.341752 0.536587
vn -0.771544 0.341752 0.536587
vn -0.771544 0.341752 0.536587
vn -0.771544 0.341752 0.536587
vn -0.771544 0.341752 0.536587
vn -0.795802 0.316554 0.516230
vn -0.771544 0.341752 0.536587
vn -0.795802 0.316554 0.516230
vn -0.795802 0.316554 0.516230
vn -0.566151 -0.402013 0.719624
vn -0.566151 -0.402013 0.719624
vn -0.566151 -0.402013 0.719624
vn -0.566151 -0.402013 0.719624
vn -0.566151 -0.402013 0.719624
vn -0.566151 -0.402013 0.719624
vn -0.301614 -0.708556 0.637947
vn -0.301614 -0.708556 0.637947
vn -0.301614 -0.708556 0.637947
vn -0.301614 -0.708556 0.637947
vn -0.301614 -0.708556 0.637947
vn -0.301614 -0.708556 0.637947
vn 0.025188 -0.895884 0.443574
vn 0.025188 -0.895884 0.443573
vn 0.025188 -0.895884 0.443574
vn 0.025188 -0.895884 0.443574
vn 0.025188 -0.895884 0.443574
vn 0.025188 -0.895884 0.443573
vn 0.354634 -0.919968 0.167015
vn 0.354634 -0.919968 0.167015
vn 0.354634 -0.919968 0.167015
vn 0.354634 -0.919968 0.167015
vn 0.354634 -0.919968 0.167015
vn 0.354634 -0.919968 0.167015
vn 0.691230 -0.718658 -0.075714
vn 0.691230 -0.718658 -0.075714
vn 0.691230 -0.718658 -0.075714
vn 0.691230 -0.718658 -0.075714
vn 0.691230 -0.718658 -0.075714
vn 0.691230 -0.718658 -0.075714
vn 0.814243 -0.447134 -0.370243
vn 0.814243 -0.447134 -0.370243
vn 0.814243 -0.447134 -0.370243
vn 0.814243 -0.447134 -0.370243
vn 0.814243 -0.447134 -0.370243
vn 0.814243 -0.447134 -0.370243
vn 0.431389 0.548498 -0.716278
vn 0.431389 0.548498 -0.716278
vn 0.431389 0.548498 -0.716278
vn 0.431389 0.548498 -0.716278
vn 0.431389 0.548498 -0.716278
vn 0.431389 0.548498 -0.716278
vn 0.112606 0.790639 -0.601839
vn 0.112606 0.790639 -0.601839
vn 0.112606 0.790639 -0.601839
vn 0.112606 0.790639 -0.601839
vn 0.112606 0.790639 -0.601839
vn 0.112606 0.790639 -0.601839
vn -0.238880 0.898811 -0.367525
vn -0.238880 0.898811 -0.367525
vn -0.238880 0.898811 -0.367525
vn -0.238880 0.898811 -0.367525
vn -0.238880 0.898811 -0.367525
vn -0.238880 0.898811 -0.367525
vn -0.545250 0.836344 -0.056842
vn -0.545250 0.836344 -0.056842
vn -0.545250 0.836344 -0.056842
vn -0.545250 0.836344 -0.056842
vn -0.545250 0.836344 -0.056842
vn -0.545250 0.836344 -0.056842
vn -0.738729 0.622794 0.257695
vn -0.738729 0.622794 0.257695
vn -0.738729 0.622794 0.257695
vn -0.738729 0.622794 0.257695
vn -0.738729 0.622794 0.257695
vn -0.738729 0.622794 0.257695
vn -0.540238 -0.364480 0.758483
vn -0.540238 -0.364480 0.758483
vn -0.540239 -0.364480 0.758483
vn -0.540238 -0.364480 0.758483
vn -0.540239 -0.364480 0.758483
vn -0.540238 -0.364480 0.758483
vn -0.540238 -0.364480 0.758483
vn -0.540239 -0.364480 0.758483
vn -0.544327 -0.370289 0.752724
vn -0.540238 -0.364480 0.758483
vn -0.544327 -0.370289 0.752724
vn -0.544327 -0.370289 0.752724
vn -0.257520 -0.654773 0.710602
vn -0.257520 -0.654773 0.710602
vn -0.257520 -0.654773 0.710602
vn -0.257520 -0.654773 0.710602
vn -0.257520 -0.654773 0.710602
vn -0.257520 -0.654773 0.710602
vn 0.090040 -0.840453 0.534352
vn 0.090040 -0.840453 0.534352
vn 0.090040 -0.840453 0.534352
vn 0.090040 -0.840453 0.534352
vn 0.090040 -0.840453 0.534352
vn 0.090040 -0.840453 0.534352
vn 0.433905 -0.865397 0.250629
vn 0.433905 -0.865397 0.250629
vn 0.433905 -0.865397 0.250629
vn 0.433905 -0.865397 0.250629
vn 0.433905 -0.865397 0.250629
vn 0.433905 -0.865397 0.250629
vn 0.640439 -0.758617 -0.119741
vn 0.640439 -0.758617 -0.119741
vn 0.640439 -0.758617 -0.119741
vn 0.640439 -0.758617 -0.119741
vn 0.640439 -0.758617 -0.119741
vn 0.640439 -0.758617 -0.119741
vn 0.782562 -0.478930 -0.397773
vn 0.782562 -0.478930 -0.397773
vn 0.782562 -0.478930 -0.397773
vn 0.782562 -0.478930 -0.397773
vn 0.782562 -0.478930 -0.397773
vn 0.782562 -0.478930 -0.397773
vn 0.459506 0.587343 -0.666245
vn 0.459506 0.587343 -0.666245
vn 0.459506 0.587343 -0.666245
vn 0.459506 0.587343 -0.666245
vn 0.459506 0.587342 -0.666245
vn 0.459506 0.587343 -0.666245
vn 0.160117 0.836388 -0.524230
vn 0.160117 0.836388 -0.524230
vn 0.160117 0.836388 -0.524230
vn 0.160117 0.836388 -0.524230
vn 0.160117 0.836388 -0.524230
vn 0.160117 0.836388 -0.524230
vn -0.168703 0.944596 -0.281563
vn -0.168703 0.944596 -0.281563
vn -0.168703 0.944596 -0.281563
vn -0.168703 0.944596 -0.281563
vn -0.168703 0.944596 -0.281563
vn -0.168703 0.944596 -0.281563
vn -0.462967 0.886216 0.016816
vn -0.462967 0.886216 0.016816
vn -0.462967 0.886216 0.016816
vn -0.462967 0.886216 0.016816
vn -0.462967 0.886216 0.016816
vn -0.462967 0.886216 0.016816
vn -0.666716 0.676915 0.311891
vn -0.666716 0.676915 0.311891
vn -0.666716 0.676915 0.311891
vn -0.666716 0.676915 0.311891
vn -0.666716 0.676915 0.311891
vn -0.666716 0.676915 0.311891
vn -0.750166 0.362502 0.553031
vn -0.750166 0.362502 0.553031
vn -0.750166 0.362502 0.553031
vn -0.750166 0.362502 0.553031
vn -0.750166 0.362502 0.553031
vn -0.750166 0.362502 0.553031
vn -0.279075 -0.681514 0.676503
vn -0.279075 -0.681514 0.676503
vn -0.279075 -0.681514 0.676503
vn -0.279075 -0.681514 0.676503
vn -0.279075 -0.681514 0.676503
vn -0.279075 -0.681514 0.676503
vn 0.050550 -0.875895 0.479847
vn 0.050550 -0.875895 0.479847
vn 0.050550 -0.875895 0.479847
vn 0.050550 -0.875895 0.479847
vn 0.050550 -0.875895 0.479847
vn 0.050550 -0.875895 0.479847
vn 0.380741 -0.904062 0.194183
vn 0.380741 -0.904062 0.194183
vn 0.380741 -0.904062 0.194183
vn 0.380741 -0.904062 0.194183
vn 0.380741 -0.904062 0.194183
vn 0.380741 -0.904062 0.194183
s off
g cherry_tree group1 pCylinder25
usemtl pCylinder2SG
f 1921/6095/11245 1923/6097/11246 1922/6096/11247
f 1921/6095/11248 1922/6096/11249 1924/6098/11250
f 1925/6099/11251 1921/6095/11252 1924/6098/11253
f 1925/6099/11254 1924/6098/11255 1926/6100/11256
f 1927/6101/11257 1925/6099/11258 1926/6100/11259
f 1927/6101/11260 1926/6100/11261 1928/6102/11262
f 1929/6103/11263 1927/6101/11264 1928/6102/11265
f 1929/6103/11266 1928/6102/11267 1930/6104/11268
f 1923/6105/11269 1931/6107/11270 1922/6106/11271
f 1923/6105/11272 1932/6108/11273 1931/6107/11274
f 1932/6108/11275 1933/6109/11276 1931/6107/11277
f 1932/6108/11278 1934/6110/11279 1933/6109/11280
f 1934/6110/11281 1935/6111/11282 1933/6109/11283
f 1934/6110/11284 1936/6112/11285 1935/6111/11286
f 1936/6113/11287 1937/6115/11288 1935/6114/11289
f 1936/6113/11290 1938/6116/11291 1937/6115/11292
f 1938/6116/11293 1939/6117/11294 1937/6115/11295
f 1938/6116/11296 1940/6118/11297 1939/6117/11298
f 1940/6118/11299 1941/6119/11300 1939/6117/11301
f 1940/6118/11302 1942/6120/11303 1941/6119/11304
f 1942/6120/11305 1943/6121/11306 1941/6119/11307
f 1942/6120/11308 1944/6122/11309 1943/6121/11310
f 1944/6122/11311 1945/6123/11312 1943/6121/11313
f 1944/6122/11314 1946/6124/11315 1945/6123/11316
f 1946/6125/11317 1947/6127/11318 1945/6126/11319
f 1946/6125/11320 1948/6128/11321 1947/6127/11322
f 1948/6128/11323 1949/6129/11324 1947/6127/11325
f 1948/6128/11326 1950/6130/11327 1949/6129/11328
f 1950/6130/11329 1930/6131/11330 1949/6129/11331
f 1950/6130/11332 1929/6132/11333 1930/6131/11334
f 1936/6133/11335 1940/6135/11336 1938/6134/11337
f 1940/6135/11338 1936/6133/11339 1934/6136/11340
f 1940/6135/11341 1934/6136/11342 1942/6137/11343
f 1942/6137/11344 1934/6136/11345 1932/6138/11346
f 1942/6137/11347 1932/6138/11348 1944/6139/11349
f 1944/6139/11350 1932/6138/11351 1923/6140/11352
f 1944/6139/11353 1923/6140/11354 1946/6141/11355
f 1946/6141/11356 1923/6140/11357 1921/6142/11358
f 1946/6141/11359 1921/6142/11360 1948/6143/11361
f 1948/6143/11362 1921/6142/11363 1925/6144/11364
f 1948/6143/11365 1925/6144/11366 1950/6145/11367
f 1950/6145/11368 1925/6144/11369 1927/6146/11370
f 1950/6145/11371 1927/6146/11372 1929/6147/11373
f 1951/6148/11374 1953/6150/11375 1952/6149/11376
f 1953/6150/11377 1951/6148/11378 1954/6151/11379
f 1954/6151/11380 1951/6148/11381 1955/6152/11382
f 1954/6151/11383 1955/6152/11384 1956/6153/11385
f 1956/6153/11386 1955/6152/11387 1957/6154/11388
f 1956/6153/11389 1957/6154/11390 1958/6155/11391
f 1958/6155/11392 1957/6154/11393 1959/6156/11394
f 1958/6155/11395 1959/6156/11396 1960/6157/11397
f 1960/6157/11398 1959/6156/11399 1961/6158/11400
f 1960/6157/11401 1961/6158/11402 1962/6159/11403
f 1962/6159/11404 1961/6158/11405 1963/6160/11406
f 1962/6159/11407 1963/6160/11408 1964/6161/11409
f 1964/6161/11410 1963/6160/11411 1965/6162/11412
f 1924/6163/11413 1967/6165/11414 1966/6164/11415
f 1924/6163/11416 1922/6166/11417 1967/6165/11418
f 1922/6167/11419 1968/6169/11420 1967/6168/11421
f 1922/6167/11422 1931/6170/11423 1968/6169/11424
f 1931/6171/11425 1969/6173/11426 1968/6172/11427
f 1931/6171/11428 1933/6174/11429 1969/6173/11430
f 1933/6175/11431 1935/6177/11432 1970/6176/11433
f 1933/6175/11434 1970/6176/11435 1969/6178/11436
f 1969/6178/11437 1970/6176/11438 1971/6179/11439
f 1969/6178/11440 1971/6179/11441 1972/6180/11442
f 1972/6180/11443 1971/6179/11444 1973/6181/11445
f 1972/6180/11446 1973/6181/11447 1974/6182/11448
f 1974/6182/11449 1973/6181/11450 1953/6183/11451
f 1974/6182/11452 1953/6183/11453 1954/6184/11454
f 1935/6185/11455 1975/6187/11456 1970/6186/11457
f 1935/6185/11458 1937/6188/11459 1975/6187/11460
f 1937/6189/11461 1976/6191/11462 1975/6190/11463
f 1937/6189/11464 1939/6192/11465 1976/6191/11466
f 1939/6193/11467 1977/6195/11468 1976/6194/11469
f 1939/6193/11470 1941/6196/11471 1977/6195/11472
f 1941/6197/11473 1978/6199/11474 1977/6198/11475
f 1941/6197/11476 1943/6200/11477 1978/6199/11478
f 1943/6201/11479 1979/6203/11480 1978/6202/11481
f 1943/6201/11482 1945/6204/11483 1979/6203/11484
f 1945/6205/11485 1980/6207/11486 1979/6206/11487
f 1945/6205/11488 1947/6208/11489 1980/6207/11490
f 1947/6209/11491 1949/6211/11492 1981/6210/11493
f 1947/6209/11494 1981/6210/11495 1980/6212/11496
f 1980/6212/11497 1981/6210/11498 1982/6213/11499
f 1980/6212/11500 1982/6213/11501 1983/6214/11502
f 1983/6214/11503 1982/6213/11504 1984/6215/11505
f 1983/6214/11506 1984/6215/11507 1985/6216/11508
f 1985/6216/11509 1984/6215/11510 1963/6217/11511
f 1985/6216/11512 1963/6217/11513 1961/6218/11514
f 1949/6219/11515 1986/6221/11516 1981/6220/11517
f 1949/6219/11518 1930/6222/11519 1986/6221/11520
f 1930/6223/11521 1987/6225/11522 1986/6224/11523
f 1930/6223/11524 1928/6226/11525 1987/6225/11526
f 1928/6227/11527 1988/6229/11528 1987/6228/11529
f 1928/6227/11530 1926/6230/11531 1988/6229/11532
f 1926/6231/11533 1966/6233/11534 1988/6232/11535
f 1926/6231/11536 1924/6234/11537 1966/6233/11538
f 1966/6235/11539 1990/6237/11540 1989/6236/11541
f 1966/6235/11542 1967/6238/11543 1990/6237/11544
f 1967/6239/11545 1991/6241/11546 1990/6240/11547
f 1967/6239/11548 1968/6242/11549 1991/6241/11550
f 1968/6243/11551 1969/6245/11552 1972/6244/11553
f 1968/6243/11554 1972/6244/11555 1991/6246/11556
f 1991/6246/11557 1972/6244/11558 1974/6247/11559
f 1991/6246/11560 1974/6247/11561 1992/6248/11562
f 1992/6248/11563 1974/6247/11564 1954/6249/11565
f 1992/6248/11566 1954/6249/11567 1956/6250/11568
f 1970/6251/11569 1993/6253/11570 1971/6252/11571
f 1970/6251/11572 1975/6254/11573 1993/6253/11574
f 1975/6255/11575 1994/6257/11576 1993/6256/11577
f 1975/6255/11578 1976/6258/11579 1994/6257/11580
f 1976/6259/11581 1995/6261/11582 1994/6260/11583
f 1976/6259/11584 1977/6262/11585 1995/6261/11586
f 1977/6263/11587 1996/6265/11588 1995/6264/11589
f 1977/6263/11590 1978/6266/11591 1996/6265/11592
f 1978/6267/11593 1997/6269/11594 1996/6268/11595
f 1978/6267/11596 1979/6270/11597 1997/6269/11598
f 1979/6271/11599 1980/6273/11600 1983/6272/11601
f 1979/6271/11602 1983/6272/11603 1997/6274/11604
f 1997/6274/11605 1983/6272/11606 1985/6275/11607
f 1997/6274/11608 1985/6275/11609 1998/6276/11610
f 1981/6277/11611 1999/6279/11612 1982/6278/11613
f 1981/6277/11614 1986/6280/11615 1999/6279/11616
f 1986/6281/11617 2000/6283/11618 1999/6282/11619
f 1986/6281/11620 1987/6284/11621 2000/6283/11622
f 1987/6285/11623 2001/6287/11624 2000/6286/11625
f 1987/6285/11626 1988/6288/11627 2001/6287/11628
f 1988/6289/11629 1989/6291/11630 2001/6290/11631
f 1988/6289/11632 1966/6292/11633 1989/6291/11634
f 1989/6293/11635 2003/6295/11636 2002/6294/11637
f 1989/6293/11638 1990/6296/11639 2003/6295/11640
f 1990/6297/11641 1992/6299/11642 2003/6298/11643
f 1990/6297/11644 1991/6300/11645 1992/6299/11646
f 1971/6301/11647 2004/6303/11648 1973/6302/11649
f 1971/6301/11650 1993/6304/11651 2004/6303/11652
f 1993/6305/11653 2005/6307/11654 2004/6306/11655
f 1993/6305/11656 1994/6308/11657 2005/6307/11658
f 1994/6309/11659 2006/6311/11660 2005/6310/11661
f 1994/6309/11662 1995/6312/11663 2006/6311/11664
f 1995/6313/11665 2007/6315/11666 2006/6314/11667
f 1995/6313/11668 1996/6316/11669 2007/6315/11670
f 1996/6317/11671 1998/6319/11672 2007/6318/11673
f 1996/6317/11674 1997/6320/11675 1998/6319/11676
f 1982/6321/11677 1999/6323/11678 2008/6322/11679
f 1982/6321/11680 2008/6322/11681 1984/6324/11682
f 1984/6324/11683 2008/6322/11684 1965/6325/11685
f 1984/6324/11686 1965/6325/11687 1963/6326/11688
f 1999/6327/11689 2009/6329/11690 2008/6328/11691
f 1999/6327/11692 2000/6330/11693 2009/6329/11694
f 2000/6331/11695 2010/6333/11696 2009/6332/11697
f 2000/6331/11698 2001/6334/11699 2010/6333/11700
f 2001/6335/11701 2002/6337/11702 2010/6336/11703
f 2001/6335/11704 1989/6338/11705 2002/6337/11706
f 2002/6339/11707 1958/6341/11708 1960/6340/11709
f 2002/6339/11710 2003/6342/11711 1958/6341/11712
f 2003/6343/11713 1956/6345/11714 1958/6344/11715
f 2003/6343/11716 1992/6346/11717 1956/6345/11718
f 1973/6347/11719 1952/6349/11720 1953/6348/11721
f 1973/6347/11722 2004/6350/11723 1952/6349/11724
f 2004/6351/11725 1951/6353/11726 1952/6352/11727
f 2004/6351/11728 2005/6354/11729 1951/6353/11730
f 2005/6355/11731 1955/6357/11732 1951/6356/11733
f 2005/6355/11734 2006/6358/11735 1955/6357/11736
f 2006/6359/11737 1957/6361/11738 1955/6360/11739
f 2006/6359/11740 2007/6362/11741 1957/6361/11742
f 2007/6363/11743 1959/6365/11744 1957/6364/11745
f 2007/6363/11746 1998/6366/11747 1959/6365/11748
f 1998/6367/11749 1961/6369/11750 1959/6368/11751
f 1998/6367/11752 1985/6370/11753 1961/6369/11754
f 2008/6371/11755 1964/6373/11756 1965/6372/11757
f 2008/6371/11758 2009/6374/11759 1964/6373/11760
f 2009/6375/11761 1962/6377/11762 1964/6376/11763
f 2009/6375/11764 2010/6378/11765 1962/6377/11766
f 2010/6379/11767 1960/6381/11768 1962/6380/11769
f 2010/6379/11770 2002/6382/11771 1960/6381/11772
g default
v -70.383877 327.781776 842.644077
v -61.028811 337.671848 841.922758
v -70.390627 328.068209 840.540875
v -61.022697 337.412399 843.827831
v -70.977904 328.134768 844.651084
v -61.560764 337.732137 845.645770
v -72.069996 329.066149 846.214866
v -62.549977 338.575779 847.062238
v -73.471320 330.414876 847.065031
v -63.819291 339.797450 847.832314
v -61.578049 338.465625 840.259956
v -70.996986 328.944539 838.705139
v -62.575443 339.656477 839.126939
v -72.098110 330.259241 837.454286
v -63.848535 341.038497 838.719615
v -73.503605 331.784992 837.004601
v -65.177196 342.372720 839.108414
v -74.970448 333.257976 837.433835
v -66.331688 343.428446 840.226110
v -76.245008 334.423499 838.667774
v -67.112388 344.023132 841.879443
v -77.106903 335.080033 840.493055
v -67.384307 344.053950 843.782537
v -77.407102 335.114056 842.594072
v -67.100428 343.515572 845.606328
v -77.093699 334.519687 844.607540
v -66.309835 342.501089 847.035468
v -76.220884 333.399695 846.185312
v -65.149230 341.185913 847.822846
v -74.939574 331.947740 847.054577
v 12.736605 414.448565 850.669153
v 13.410696 413.716798 850.884827
v 13.938807 413.086253 851.484750
v 14.229623 412.665955 852.365188
v 12.033092 415.155023 850.875019
v 14.232860 412.528579 853.373907
v 11.421799 415.714021 851.466829
v 13.947959 412.697878 854.336488
v 11.008425 416.028902 852.342253
v 13.424180 413.144578 855.086495
v 10.864447 416.045219 853.349924
v 12.752090 413.791442 855.494244
v 11.014758 415.760153 854.315605
v 12.047899 414.526620 855.489230
v 11.433370 415.222993 855.072321
v -39.769012 362.252159 845.496978
v -39.774001 362.463858 843.942524
v -40.222154 363.111544 842.585752
v -41.035984 364.083226 841.661260
v -42.074770 365.210893 841.328901
v -43.158898 366.299559 841.646144
v -44.100912 367.160985 842.558135
v -44.737929 367.646222 843.907181
v -44.959803 367.671368 845.460020
v -44.728170 367.232076 846.948153
v -44.083081 366.404303 848.114267
v -43.136079 365.331178 848.756732
v -20.651108 383.441267 852.177763
v -21.480764 384.381417 851.614908
v -42.050908 364.198254 848.764458
v -41.015205 363.201425 848.136110
v -40.208051 362.513051 846.980335
v -17.701268 380.743782 849.321938
v -17.705638 380.929248 847.960102
v -18.098260 381.496677 846.771453
v -18.811244 382.347955 845.961518
v -19.721310 383.335888 845.670344
v -20.671100 384.289653 845.948276
v -21.496385 385.044336 846.747258
v -22.054466 385.469445 847.929138
v -22.248847 385.491476 849.289559
v -22.045917 385.106618 850.593292
v -19.700405 382.448729 852.184531
v -18.793040 381.575421 851.634045
v -18.085904 380.972346 850.621486
vt 0.072074 0.001992
vt 0.088491 0.113636
vt 0.092806 0.001992
vt 0.069713 0.113636
vt 0.047008 0.001992
vt 0.047008 0.113636
vt 0.021942 0.001992
vt 0.024303 0.113636
vt 0.001210 0.001992
vt 0.005524 0.113636
vt 0.195369 0.998008
vt 0.191548 0.886365
vt 0.171446 0.886365
vt 0.173176 0.998008
vt 0.148361 0.886365
vt 0.147690 0.998008
vt 0.126285 0.886365
vt 0.123319 0.998008
vt 0.202552 0.001992
vt 0.207579 0.113636
vt 0.223111 0.113636
vt 0.219699 0.001992
vt 0.244317 0.113636
vt 0.243109 0.001992
vt 0.267529 0.113636
vt 0.268736 0.001992
vt 0.288734 0.113636
vt 0.292146 0.001992
vt 0.304266 0.113636
vt 0.309293 0.001992
vt 0.339240 0.001992
vt 0.342206 0.113636
vt 0.364282 0.113636
vt 0.363612 0.001992
vt 0.387367 0.113636
vt 0.389097 0.001992
vt 0.407469 0.113636
vt 0.411290 0.001992
vt 0.497797 0.004671
vt 0.472312 0.001992
vt 0.447940 0.009911
vt 0.519990 0.017484
vt 0.428896 0.027058
vt 0.535053 0.038216
vt 0.418473 0.050469
vt 0.540381 0.063282
vt 0.418473 0.076095
vt 0.535053 0.088348
vt 0.428896 0.099505
vt 0.519990 0.109080
vt 0.447940 0.116652
vt 0.497797 0.121893
vt 0.472312 0.124571
vt 0.561789 0.056984
vt 0.573478 0.060782
vt 0.585701 0.059498
vt 0.596345 0.053352
vt 0.552656 0.048760
vt 0.603570 0.043409
vt 0.547657 0.037532
vt 0.606125 0.031387
vt 0.547657 0.025242
vt 0.603570 0.019365
vt 0.552656 0.014014
vt 0.596345 0.009422
vt 0.561789 0.005790
vt 0.585701 0.003277
vt 0.573478 0.001992
vt 0.069713 0.113636
vt 0.063818 0.383323
vt 0.079141 0.383323
vt 0.088491 0.113636
vt 0.191548 0.886365
vt 0.152456 0.616677
vt 0.136054 0.616677
vt 0.171446 0.886365
vt 0.171446 0.886365
vt 0.136054 0.616677
vt 0.117218 0.616677
vt 0.148361 0.886365
vt 0.148361 0.886365
vt 0.117218 0.616677
vt 0.099205 0.616677
vt 0.126285 0.886365
vt 0.207579 0.113636
vt 0.218193 0.383323
vt 0.230866 0.383323
vt 0.223111 0.113636
vt 0.223111 0.113636
vt 0.230866 0.383323
vt 0.248168 0.383323
vt 0.244317 0.113636
vt 0.244317 0.113636
vt 0.248168 0.383323
vt 0.267108 0.383323
vt 0.267529 0.113636
vt 0.267529 0.113636
vt 0.267108 0.383323
vt 0.284411 0.383323
vt 0.288734 0.113636
vt 0.288734 0.113636
vt 0.284411 0.383323
vt 0.297084 0.383323
vt 0.304266 0.113636
vt 0.342206 0.113636
vt 0.315126 0.383323
vt 0.333139 0.383323
vt 0.364282 0.113636
vt 0.364282 0.113636
vt 0.351975 0.383323
vt 0.387367 0.113636
vt 0.333139 0.383323
vt 0.382622 0.623245
vt 0.366120 0.623245
vt 0.379538 0.998008
vt 0.367314 0.998008
vt 0.387367 0.113636
vt 0.351975 0.383323
vt 0.368378 0.383323
vt 0.407469 0.113636
vt 0.005524 0.113636
vt 0.011443 0.383323
vt 0.026766 0.383323
vt 0.024303 0.113636
vt 0.024303 0.113636
vt 0.026766 0.383323
vt 0.045292 0.383323
vt 0.047008 0.113636
vt 0.047008 0.113636
vt 0.045292 0.383323
vt 0.063818 0.383323
vt 0.069713 0.113636
vt 0.063818 0.383323
vt 0.063238 0.623245
vt 0.076662 0.623245
vt 0.079141 0.383323
vt 0.152456 0.616677
vt 0.181071 0.376755
vt 0.166701 0.376755
vt 0.136054 0.616677
vt 0.136054 0.616677
vt 0.150199 0.376755
vt 0.117218 0.616677
vt 0.166701 0.376755
vt 0.151393 0.001992
vt 0.163616 0.001992
vt 0.117218 0.616677
vt 0.134418 0.376755
vt 0.099205 0.616677
vt 0.150199 0.376755
vt 0.139704 0.001992
vt 0.151393 0.001992
vt 0.218193 0.383323
vt 0.221365 0.623245
vt 0.232468 0.623245
vt 0.230866 0.383323
vt 0.230866 0.383323
vt 0.232468 0.623245
vt 0.247626 0.623245
vt 0.248168 0.383323
vt 0.248168 0.383323
vt 0.247626 0.623245
vt 0.264219 0.623245
vt 0.267108 0.383323
vt 0.267108 0.383323
vt 0.264219 0.623245
vt 0.279378 0.623245
vt 0.284411 0.383323
vt 0.284411 0.383323
vt 0.279378 0.623245
vt 0.290480 0.623245
vt 0.297084 0.383323
vt 0.315126 0.383323
vt 0.366120 0.623245
vt 0.333139 0.383323
vt 0.350339 0.623245
vt 0.367314 0.998008
vt 0.355625 0.998008
vt 0.351975 0.383323
vt 0.382622 0.623245
vt 0.396992 0.623245
vt 0.368378 0.383323
vt 0.011443 0.383323
vt 0.017353 0.623245
vt 0.030777 0.623245
vt 0.026766 0.383323
vt 0.026766 0.383323
vt 0.030777 0.623245
vt 0.047008 0.623245
vt 0.045292 0.383323
vt 0.045292 0.383323
vt 0.047008 0.623245
vt 0.063238 0.623245
vt 0.063818 0.383323
vt 0.063238 0.623245
vt 0.059030 0.998008
vt 0.068973 0.998008
vt 0.076662 0.623245
vt 0.181071 0.376755
vt 0.174260 0.001992
vt 0.163616 0.001992
vt 0.166701 0.376755
vt 0.221365 0.623245
vt 0.230325 0.998008
vt 0.238549 0.998008
vt 0.232468 0.623245
vt 0.232468 0.623245
vt 0.238549 0.998008
vt 0.249777 0.998008
vt 0.247626 0.623245
vt 0.247626 0.623245
vt 0.249777 0.998008
vt 0.262068 0.998008
vt 0.264219 0.623245
vt 0.264219 0.623245
vt 0.262068 0.998008
vt 0.273296 0.998008
vt 0.279378 0.623245
vt 0.279378 0.623245
vt 0.273296 0.998008
vt 0.281520 0.998008
vt 0.290480 0.623245
vt 0.382622 0.623245
vt 0.379538 0.998008
vt 0.390182 0.998008
vt 0.396992 0.623245
vt 0.017353 0.623245
vt 0.025043 0.998008
vt 0.034986 0.998008
vt 0.030777 0.623245
vt 0.030777 0.623245
vt 0.034986 0.998008
vt 0.047008 0.998008
vt 0.047008 0.623245
vt 0.047008 0.623245
vt 0.047008 0.998008
vt 0.059030 0.998008
vt 0.063238 0.623245
vn 0.705622 -0.699662 0.112120
vn 0.704354 -0.643501 -0.299654
vn 0.704371 -0.643532 -0.299548
vn 0.705622 -0.699662 0.112120
vn 0.704371 -0.643532 -0.299548
vn 0.705614 -0.699661 0.112181
vn 0.589297 -0.630577 0.505076
vn 0.705622 -0.699662 0.112120
vn 0.705614 -0.699661 0.112181
vn 0.589297 -0.630577 0.505076
vn 0.705614 -0.699661 0.112181
vn 0.589297 -0.630577 0.505076
vn 0.375494 -0.448192 0.811251
vn 0.589297 -0.630577 0.505076
vn 0.589297 -0.630577 0.505076
vn 0.375494 -0.448192 0.811251
vn 0.589297 -0.630577 0.505076
vn 0.375531 -0.448226 0.811215
vn 0.101193 -0.184053 0.977693
vn 0.375494 -0.448192 0.811251
vn 0.375531 -0.448226 0.811215
vn 0.101193 -0.184053 0.977693
vn 0.375531 -0.448226 0.811215
vn 0.101270 -0.184130 0.977671
vn 0.704354 -0.643501 -0.299654
vn 0.585778 -0.471889 -0.658927
vn 0.704371 -0.643532 -0.299548
vn 0.704354 -0.643501 -0.299654
vn 0.585719 -0.471814 -0.659033
vn 0.585778 -0.471889 -0.658927
vn 0.585719 -0.471814 -0.659033
vn 0.370333 -0.214402 -0.903817
vn 0.585778 -0.471889 -0.658927
vn 0.585719 -0.471814 -0.659033
vn 0.370243 -0.214300 -0.903878
vn 0.370333 -0.214402 -0.903817
vn 0.370243 -0.214300 -0.903878
vn 0.095282 0.084412 -0.991865
vn 0.370333 -0.214402 -0.903817
vn 0.370243 -0.214300 -0.903878
vn 0.095192 0.084506 -0.991866
vn 0.095282 0.084412 -0.991865
vn 0.095192 0.084506 -0.991866
vn -0.191816 0.372884 -0.907835
vn 0.095282 0.084412 -0.991865
vn 0.095192 0.084506 -0.991866
vn -0.191875 0.372941 -0.907799
vn -0.191816 0.372884 -0.907835
vn -0.191875 0.372941 -0.907799
vn -0.441314 0.601128 -0.666249
vn -0.191816 0.372884 -0.907835
vn -0.191875 0.372941 -0.907799
vn -0.441330 0.601142 -0.666226
vn -0.441314 0.601128 -0.666249
vn -0.441330 0.601142 -0.666226
vn -0.610062 0.729669 -0.308882
vn -0.441314 0.601128 -0.666249
vn -0.441330 0.601142 -0.666226
vn -0.610053 0.729664 -0.308911
vn -0.610062 0.729669 -0.308882
vn -0.610053 0.729664 -0.308911
vn -0.668877 0.736278 0.102463
vn -0.610062 0.729669 -0.308882
vn -0.610053 0.729664 -0.308911
vn -0.668877 0.736289 0.102376
vn -0.668877 0.736278 0.102463
vn -0.668877 0.736289 0.102376
vn -0.607592 0.619815 0.496650
vn -0.668877 0.736278 0.102463
vn -0.668877 0.736289 0.102376
vn -0.607629 0.619868 0.496538
vn -0.607592 0.619815 0.496650
vn -0.607629 0.619868 0.496538
vn -0.436810 0.400426 0.805516
vn -0.607592 0.619815 0.496650
vn -0.607629 0.619868 0.496538
vn -0.436888 0.400519 0.805428
vn -0.436810 0.400426 0.805516
vn -0.436888 0.400519 0.805428
vn -0.186070 0.116054 0.975658
vn -0.436810 0.400426 0.805516
vn -0.436888 0.400519 0.805428
vn -0.186165 0.116156 0.975628
vn -0.186070 0.116054 0.975658
vn -0.186165 0.116156 0.975628
vn 0.101270 -0.184130 0.977671
vn -0.186070 0.116054 0.975658
vn -0.186165 0.116156 0.975628
vn 0.101193 -0.184053 0.977693
vn 0.101270 -0.184130 0.977671
vn -0.718818 -0.689144 -0.091547
vn -0.718818 -0.689144 -0.091547
vn -0.718818 -0.689144 -0.091547
vn -0.718818 -0.689144 -0.091547
vn -0.718818 -0.689144 -0.091547
vn -0.718818 -0.689144 -0.091547
vn -0.718818 -0.689144 -0.091547
vn -0.718818 -0.689144 -0.091547
vn -0.718818 -0.689144 -0.091547
vn -0.718818 -0.689144 -0.091547
vn -0.718818 -0.689144 -0.091547
vn -0.718818 -0.689144 -0.091547
vn -0.718818 -0.689144 -0.091547
vn -0.718818 -0.689144 -0.091547
vn -0.718818 -0.689144 -0.091547
vn -0.718818 -0.689144 -0.091547
vn -0.718818 -0.689144 -0.091547
vn -0.718818 -0.689144 -0.091547
vn -0.718818 -0.689144 -0.091547
vn -0.718818 -0.689144 -0.091547
vn -0.718818 -0.689144 -0.091547
vn -0.718818 -0.689144 -0.091547
vn -0.718818 -0.689144 -0.091547
vn -0.718818 -0.689144 -0.091547
vn -0.718818 -0.689144 -0.091547
vn -0.718818 -0.689144 -0.091547
vn -0.718818 -0.689144 -0.091547
vn -0.718818 -0.689144 -0.091547
vn -0.718818 -0.689144 -0.091547
vn -0.718818 -0.689144 -0.091547
vn -0.718818 -0.689144 -0.091547
vn -0.718818 -0.689144 -0.091547
vn -0.718818 -0.689144 -0.091547
vn -0.718818 -0.689144 -0.091547
vn -0.718818 -0.689144 -0.091547
vn -0.718818 -0.689144 -0.091547
vn -0.718818 -0.689144 -0.091547
vn -0.718818 -0.689144 -0.091547
vn -0.718818 -0.689144 -0.091547
vn 0.718818 0.689144 0.091547
vn 0.718818 0.689144 0.091547
vn 0.718818 0.689144 0.091547
vn 0.718818 0.689144 0.091547
vn 0.718818 0.689144 0.091547
vn 0.718818 0.689144 0.091547
vn 0.718818 0.689144 0.091547
vn 0.718818 0.689144 0.091547
vn 0.718818 0.689144 0.091547
vn 0.718818 0.689144 0.091547
vn 0.718818 0.689144 0.091547
vn 0.718818 0.689144 0.091547
vn 0.718818 0.689144 0.091547
vn 0.718818 0.689144 0.091547
vn 0.718818 0.689144 0.091547
vn 0.718818 0.689144 0.091547
vn 0.718818 0.689144 0.091547
vn 0.718818 0.689144 0.091547
vn 0.718818 0.689144 0.091547
vn 0.718818 0.689144 0.091547
vn 0.718818 0.689144 0.091547
vn 0.718818 0.689144 0.091547
vn 0.718818 0.689144 0.091547
vn 0.718818 0.689144 0.091547
vn 0.718818 0.689144 0.091547
vn 0.718818 0.689144 0.091547
vn 0.718818 0.689144 0.091547
vn 0.718818 0.689144 0.091547
vn 0.718818 0.689144 0.091547
vn 0.718818 0.689144 0.091547
vn 0.718818 0.689144 0.091547
vn 0.718818 0.689144 0.091547
vn 0.718818 0.689144 0.091547
vn 0.718818 0.689144 0.091547
vn 0.718818 0.689144 0.091547
vn 0.718818 0.689144 0.091547
vn 0.718818 0.689144 0.091547
vn 0.718818 0.689144 0.091547
vn 0.718818 0.689144 0.091547
vn 0.759715 -0.643979 -0.090140
vn 0.759715 -0.643979 -0.090140
vn 0.759715 -0.643979 -0.090140
vn 0.759715 -0.643979 -0.090140
vn 0.759715 -0.643979 -0.090140
vn 0.759715 -0.643979 -0.090140
vn 0.682676 -0.545682 -0.485988
vn 0.682676 -0.545683 -0.485988
vn 0.682676 -0.545683 -0.485988
vn 0.682676 -0.545682 -0.485988
vn 0.682676 -0.545683 -0.485988
vn 0.682676 -0.545683 -0.485988
vn 0.490112 -0.349324 -0.798600
vn 0.490112 -0.349324 -0.798600
vn 0.490112 -0.349324 -0.798600
vn 0.490112 -0.349324 -0.798600
vn 0.490112 -0.349324 -0.798600
vn 0.490112 -0.349324 -0.798600
vn 0.214956 -0.088640 -0.972593
vn 0.214956 -0.088639 -0.972593
vn 0.214956 -0.088640 -0.972593
vn 0.214956 -0.088640 -0.972593
vn 0.214956 -0.088640 -0.972593
vn 0.214956 -0.088639 -0.972593
vn -0.094516 0.190611 -0.977105
vn -0.094516 0.190611 -0.977105
vn -0.094516 0.190611 -0.977105
vn -0.094516 0.190611 -0.977105
vn -0.094516 0.190611 -0.977105
vn -0.094516 0.190611 -0.977105
vn -0.384095 0.439573 -0.811940
vn -0.384095 0.439573 -0.811940
vn -0.384094 0.439573 -0.811940
vn -0.384095 0.439573 -0.811940
vn -0.384094 0.439573 -0.811940
vn -0.384095 0.439573 -0.811940
vn -0.603881 0.615440 -0.506518
vn -0.603881 0.615440 -0.506518
vn -0.603881 0.615440 -0.506518
vn -0.603881 0.615440 -0.506518
vn -0.603881 0.615440 -0.506518
vn -0.603881 0.615440 -0.506518
vn -0.716458 0.688333 -0.113516
vn -0.716458 0.688333 -0.113516
vn -0.716458 0.688333 -0.113516
vn -0.716458 0.688333 -0.113516
vn -0.716458 0.688333 -0.113516
vn -0.716458 0.688333 -0.113516
vn -0.702351 0.645575 0.299895
vn -0.702351 0.645574 0.299895
vn -0.702351 0.645574 0.299895
vn -0.702351 0.645575 0.299895
vn -0.702351 0.645574 0.299895
vn -0.702351 0.645574 0.299895
vn -0.563362 0.493960 0.662289
vn -0.563362 0.493960 0.662289
vn -0.563362 0.493960 0.662289
vn -0.563362 0.493960 0.662289
vn -0.563362 0.493960 0.662289
vn -0.563362 0.493960 0.662289
vn -0.323277 0.259533 0.910019
vn -0.323277 0.259533 0.910019
vn -0.323277 0.259533 0.910019
vn -0.323277 0.259533 0.910019
vn -0.323277 0.259533 0.910019
vn -0.323277 0.259533 0.910019
vn -0.323277 0.259533 0.910019
vn -0.323277 0.259533 0.910019
vn -0.336923 0.246669 0.908646
vn -0.323277 0.259533 0.910019
vn -0.336923 0.246669 0.908646
vn -0.336923 0.246669 0.908646
vn -0.336923 0.246669 0.908646
vn -0.336923 0.246669 0.908646
vn -0.331478 0.251826 0.909234
vn -0.336923 0.246669 0.908646
vn -0.331478 0.251826 0.909234
vn -0.331478 0.251826 0.909234
vn -0.024326 -0.016484 0.999568
vn -0.024326 -0.016484 0.999568
vn -0.024325 -0.016484 0.999568
vn -0.024326 -0.016484 0.999568
vn -0.024326 -0.016484 0.999568
vn -0.024326 -0.016484 0.999568
vn 0.280947 -0.285639 0.916231
vn 0.280947 -0.285639 0.916231
vn 0.280947 -0.285639 0.916231
vn 0.280947 -0.285639 0.916231
vn 0.280947 -0.285639 0.916231
vn 0.280947 -0.285639 0.916231
vn 0.539952 -0.501654 0.675866
vn 0.539952 -0.501654 0.675866
vn 0.539952 -0.501653 0.675866
vn 0.539952 -0.501654 0.675866
vn 0.539952 -0.501653 0.675866
vn 0.539952 -0.501654 0.675866
vn 0.709040 -0.628203 0.320347
vn 0.709040 -0.628204 0.320347
vn 0.709040 -0.628203 0.320347
vn 0.709040 -0.628203 0.320347
vn 0.709040 -0.628203 0.320347
vn 0.709040 -0.628204 0.320347
vn 0.649337 -0.753263 -0.104669
vn 0.649337 -0.753263 -0.104670
vn 0.649337 -0.753263 -0.104669
vn 0.649337 -0.753263 -0.104669
vn 0.649337 -0.753263 -0.104670
vn 0.649337 -0.753263 -0.104670
vn 0.608422 -0.619110 -0.496513
vn 0.608422 -0.619110 -0.496513
vn 0.608422 -0.619110 -0.496513
vn 0.608422 -0.619110 -0.496513
vn 0.608422 -0.619110 -0.496513
vn 0.608422 -0.619110 -0.496513
vn 0.463691 -0.375260 -0.802602
vn 0.463691 -0.375260 -0.802602
vn 0.463691 -0.375260 -0.802602
vn 0.463691 -0.375260 -0.802602
vn 0.463691 -0.375260 -0.802602
vn 0.463691 -0.375260 -0.802602
vn 0.463691 -0.375260 -0.802602
vn 0.463691 -0.375260 -0.802602
vn 0.476036 -0.363285 -0.800883
vn 0.463691 -0.375260 -0.802602
vn 0.476036 -0.363285 -0.800883
vn 0.476037 -0.363285 -0.800883
vn 0.240190 -0.064218 -0.968599
vn 0.240190 -0.064218 -0.968599
vn 0.240190 -0.064218 -0.968599
vn 0.240190 -0.064218 -0.968599
vn 0.240190 -0.064218 -0.968599
vn 0.240190 -0.064218 -0.968599
vn 0.240190 -0.064218 -0.968599
vn 0.240190 -0.064218 -0.968599
vn 0.225132 -0.078836 -0.971134
vn 0.240190 -0.064218 -0.968599
vn 0.225132 -0.078836 -0.971134
vn 0.225132 -0.078836 -0.971134
vn -0.022472 0.259007 -0.965614
vn -0.022472 0.259007 -0.965614
vn -0.022472 0.259007 -0.965614
vn -0.022472 0.259007 -0.965614
vn -0.022472 0.259006 -0.965614
vn -0.022472 0.259007 -0.965614
vn -0.278243 0.538077 -0.795647
vn -0.278243 0.538077 -0.795647
vn -0.278243 0.538077 -0.795647
vn -0.278243 0.538077 -0.795647
vn -0.278243 0.538077 -0.795647
vn -0.278243 0.538077 -0.795647
vn -0.483501 0.725776 -0.489362
vn -0.483501 0.725776 -0.489362
vn -0.483501 0.725776 -0.489362
vn -0.483501 0.725776 -0.489362
vn -0.483501 0.725776 -0.489362
vn -0.483501 0.725776 -0.489362
vn -0.603869 0.790900 -0.099090
vn -0.603869 0.790900 -0.099090
vn -0.603869 0.790900 -0.099090
vn -0.603869 0.790900 -0.099090
vn -0.603869 0.790900 -0.099090
vn -0.603869 0.790900 -0.099090
vn -0.618750 0.722067 0.309463
vn -0.618750 0.722067 0.309463
vn -0.618750 0.722067 0.309463
vn -0.618750 0.722067 0.309463
vn -0.618750 0.722067 0.309463
vn -0.618750 0.722067 0.309463
vn -0.524632 0.529855 0.666345
vn -0.524632 0.529855 0.666345
vn -0.524632 0.529855 0.666345
vn -0.524632 0.529855 0.666345
vn -0.524632 0.529855 0.666345
vn -0.524632 0.529855 0.666345
vn -0.524632 0.529855 0.666345
vn -0.524632 0.529855 0.666345
vn -0.547089 0.509390 0.664240
vn -0.524632 0.529855 0.666345
vn -0.547089 0.509390 0.664240
vn -0.547089 0.509390 0.664240
vn -0.088368 -0.077871 0.993039
vn -0.088368 -0.077872 0.993039
vn -0.088368 -0.077872 0.993039
vn -0.088368 -0.077871 0.993039
vn -0.088368 -0.077872 0.993039
vn -0.088368 -0.077872 0.993039
vn 0.177113 -0.386517 0.905116
vn 0.177113 -0.386517 0.905116
vn 0.177113 -0.386517 0.905116
vn 0.177113 -0.386517 0.905116
vn 0.177113 -0.386517 0.905116
vn 0.177113 -0.386517 0.905116
vn 0.413350 -0.625837 0.661415
vn 0.413350 -0.625837 0.661415
vn 0.413350 -0.625837 0.661415
vn 0.413350 -0.625837 0.661415
vn 0.413350 -0.625837 0.661415
vn 0.413350 -0.625837 0.661415
vn 0.580186 -0.755391 0.304579
vn 0.580186 -0.755391 0.304579
vn 0.580186 -0.755391 0.304579
vn 0.580186 -0.755391 0.304579
vn 0.580186 -0.755391 0.304579
vn 0.580186 -0.755391 0.304579
vn 0.708274 -0.699173 -0.097492
vn 0.708274 -0.699173 -0.097492
vn 0.708274 -0.699173 -0.097492
vn 0.708274 -0.699173 -0.097492
vn 0.708274 -0.699173 -0.097492
vn 0.708274 -0.699173 -0.097492
vn 0.646934 -0.582711 -0.491858
vn 0.646934 -0.582711 -0.491858
vn 0.646934 -0.582711 -0.491858
vn 0.646934 -0.582711 -0.491858
vn 0.646934 -0.582711 -0.491858
vn 0.646934 -0.582711 -0.491858
vn -0.062396 0.221452 -0.973173
vn -0.062396 0.221452 -0.973173
vn -0.062396 0.221452 -0.973173
vn -0.062396 0.221452 -0.973173
vn -0.062396 0.221452 -0.973173
vn -0.062396 0.221452 -0.973173
vn -0.336831 0.485656 -0.806649
vn -0.336831 0.485656 -0.806649
vn -0.336831 0.485656 -0.806649
vn -0.336831 0.485656 -0.806649
vn -0.336831 0.485656 -0.806649
vn -0.336831 0.485656 -0.806649
vn -0.550722 0.668094 -0.500356
vn -0.550722 0.668094 -0.500356
vn -0.550722 0.668094 -0.500356
vn -0.550722 0.668094 -0.500356
vn -0.550722 0.668094 -0.500356
vn -0.550722 0.668094 -0.500356
vn -0.667085 0.737221 -0.107253
vn -0.667085 0.737221 -0.107253
vn -0.667085 0.737221 -0.107253
vn -0.667085 0.737221 -0.107253
vn -0.667085 0.737221 -0.107253
vn -0.667085 0.737221 -0.107253
vn -0.665800 0.681084 0.304688
vn -0.665800 0.681084 0.304688
vn -0.665800 0.681084 0.304688
vn -0.665800 0.681084 0.304688
vn -0.665800 0.681084 0.304688
vn -0.665800 0.681084 0.304688
vn -0.056247 -0.047075 0.997307
vn -0.056247 -0.047075 0.997306
vn -0.056247 -0.047075 0.997306
vn -0.056247 -0.047075 0.997307
vn -0.056247 -0.047075 0.997306
vn -0.056247 -0.047075 0.997306
vn 0.231013 -0.335628 0.913229
vn 0.231013 -0.335628 0.913229
vn 0.231013 -0.335628 0.913229
vn 0.231013 -0.335628 0.913229
vn 0.231013 -0.335628 0.913229
vn 0.231013 -0.335628 0.913229
vn 0.480633 -0.563940 0.671538
vn 0.480633 -0.563940 0.671538
vn 0.480633 -0.563940 0.671538
vn 0.480633 -0.563940 0.671538
vn 0.480633 -0.563940 0.671538
vn 0.480633 -0.563940 0.671538
vn 0.649450 -0.692534 0.314024
vn 0.649450 -0.692534 0.314024
vn 0.649450 -0.692534 0.314024
vn 0.649450 -0.692534 0.314024
vn 0.649450 -0.692534 0.314024
vn 0.649450 -0.692534 0.314024
s off
g cherry_tree group1 pCylinder26
usemtl pCylinder2SG
f 2011/6383/11773 2013/6385/11774 2012/6384/11775
f 2011/6383/11776 2012/6384/11777 2014/6386/11778
f 2015/6387/11779 2011/6383/11780 2014/6386/11781
f 2015/6387/11782 2014/6386/11783 2016/6388/11784
f 2017/6389/11785 2015/6387/11786 2016/6388/11787
f 2017/6389/11788 2016/6388/11789 2018/6390/11790
f 2019/6391/11791 2017/6389/11792 2018/6390/11793
f 2019/6391/11794 2018/6390/11795 2020/6392/11796
f 2013/6393/11797 2021/6395/11798 2012/6394/11799
f 2013/6393/11800 2022/6396/11801 2021/6395/11802
f 2022/6396/11803 2023/6397/11804 2021/6395/11805
f 2022/6396/11806 2024/6398/11807 2023/6397/11808
f 2024/6398/11809 2025/6399/11810 2023/6397/11811
f 2024/6398/11812 2026/6400/11813 2025/6399/11814
f 2026/6401/11815 2027/6403/11816 2025/6402/11817
f 2026/6401/11818 2028/6404/11819 2027/6403/11820
f 2028/6404/11821 2029/6405/11822 2027/6403/11823
f 2028/6404/11824 2030/6406/11825 2029/6405/11826
f 2030/6406/11827 2031/6407/11828 2029/6405/11829
f 2030/6406/11830 2032/6408/11831 2031/6407/11832
f 2032/6408/11833 2033/6409/11834 2031/6407/11835
f 2032/6408/11836 2034/6410/11837 2033/6409/11838
f 2034/6410/11839 2035/6411/11840 2033/6409/11841
f 2034/6410/11842 2036/6412/11843 2035/6411/11844
f 2036/6413/11845 2037/6415/11846 2035/6414/11847
f 2036/6413/11848 2038/6416/11849 2037/6415/11850
f 2038/6416/11851 2039/6417/11852 2037/6415/11853
f 2038/6416/11854 2040/6418/11855 2039/6417/11856
f 2040/6418/11857 2020/6419/11858 2039/6417/11859
f 2040/6418/11860 2019/6420/11861 2020/6419/11862
f 2022/6421/11863 2026/6423/11864 2024/6422/11865
f 2026/6423/11866 2022/6421/11867 2013/6424/11868
f 2026/6423/11869 2013/6424/11870 2028/6425/11871
f 2028/6425/11872 2013/6424/11873 2011/6426/11874
f 2028/6425/11875 2011/6426/11876 2030/6427/11877
f 2030/6427/11878 2011/6426/11879 2015/6428/11880
f 2030/6427/11881 2015/6428/11882 2032/6429/11883
f 2032/6429/11884 2015/6428/11885 2017/6430/11886
f 2032/6429/11887 2017/6430/11888 2034/6431/11889
f 2034/6431/11890 2017/6430/11891 2019/6432/11892
f 2034/6431/11893 2019/6432/11894 2036/6433/11895
f 2036/6433/11896 2019/6432/11897 2040/6434/11898
f 2036/6433/11899 2040/6434/11900 2038/6435/11901
f 2041/6436/11902 2043/6438/11903 2042/6437/11904
f 2043/6438/11905 2041/6436/11906 2044/6439/11907
f 2044/6439/11908 2041/6436/11909 2045/6440/11910
f 2044/6439/11911 2045/6440/11912 2046/6441/11913
f 2046/6441/11914 2045/6440/11915 2047/6442/11916
f 2046/6441/11917 2047/6442/11918 2048/6443/11919
f 2048/6443/11920 2047/6442/11921 2049/6444/11922
f 2048/6443/11923 2049/6444/11924 2050/6445/11925
f 2050/6445/11926 2049/6444/11927 2051/6446/11928
f 2050/6445/11929 2051/6446/11930 2052/6447/11931
f 2052/6447/11932 2051/6446/11933 2053/6448/11934
f 2052/6447/11935 2053/6448/11936 2054/6449/11937
f 2054/6449/11938 2053/6448/11939 2055/6450/11940
f 2014/6451/11941 2057/6453/11942 2056/6452/11943
f 2014/6451/11944 2012/6454/11945 2057/6453/11946
f 2012/6455/11947 2058/6457/11948 2057/6456/11949
f 2012/6455/11950 2021/6458/11951 2058/6457/11952
f 2021/6459/11953 2059/6461/11954 2058/6460/11955
f 2021/6459/11956 2023/6462/11957 2059/6461/11958
f 2023/6463/11959 2060/6465/11960 2059/6464/11961
f 2023/6463/11962 2025/6466/11963 2060/6465/11964
f 2025/6467/11965 2061/6469/11966 2060/6468/11967
f 2025/6467/11968 2027/6470/11969 2061/6469/11970
f 2027/6471/11971 2062/6473/11972 2061/6472/11973
f 2027/6471/11974 2029/6474/11975 2062/6473/11976
f 2029/6475/11977 2063/6477/11978 2062/6476/11979
f 2029/6475/11980 2031/6478/11981 2063/6477/11982
f 2031/6479/11983 2064/6481/11984 2063/6480/11985
f 2031/6479/11986 2033/6482/11987 2064/6481/11988
f 2033/6483/11989 2065/6485/11990 2064/6484/11991
f 2033/6483/11992 2035/6486/11993 2065/6485/11994
f 2035/6487/11995 2066/6489/11996 2065/6488/11997
f 2035/6487/11998 2037/6490/11999 2066/6489/12000
f 2037/6491/12001 2039/6493/12002 2067/6492/12003
f 2037/6491/12004 2067/6492/12005 2066/6494/12006
f 2066/6494/12007 2067/6492/12008 2068/6495/12009
f 2066/6494/12010 2068/6495/12011 2069/6496/12012
f 2069/6496/12013 2068/6495/12014 2054/6497/12015
f 2069/6496/12016 2054/6497/12017 2055/6498/12018
f 2039/6499/12019 2070/6501/12020 2067/6500/12021
f 2039/6499/12022 2020/6502/12023 2070/6501/12024
f 2020/6503/12025 2071/6505/12026 2070/6504/12027
f 2020/6503/12028 2018/6506/12029 2071/6505/12030
f 2018/6507/12031 2072/6509/12032 2071/6508/12033
f 2018/6507/12034 2016/6510/12035 2072/6509/12036
f 2016/6511/12037 2056/6513/12038 2072/6512/12039
f 2016/6511/12040 2014/6514/12041 2056/6513/12042
f 2056/6515/12043 2074/6517/12044 2073/6516/12045
f 2056/6515/12046 2057/6518/12047 2074/6517/12048
f 2057/6519/12049 2075/6521/12050 2074/6520/12051
f 2057/6519/12052 2058/6522/12053 2075/6521/12054
f 2058/6523/12055 2059/6525/12056 2076/6524/12057
f 2058/6523/12058 2076/6524/12059 2075/6526/12060
f 2075/6526/12061 2076/6524/12062 2042/6527/12063
f 2075/6526/12064 2042/6527/12065 2043/6528/12066
f 2059/6529/12067 2060/6531/12068 2077/6530/12069
f 2059/6529/12070 2077/6530/12071 2076/6532/12072
f 2076/6532/12073 2077/6530/12074 2041/6533/12075
f 2076/6532/12076 2041/6533/12077 2042/6534/12078
f 2060/6535/12079 2078/6537/12080 2077/6536/12081
f 2060/6535/12082 2061/6538/12083 2078/6537/12084
f 2061/6539/12085 2079/6541/12086 2078/6540/12087
f 2061/6539/12088 2062/6542/12089 2079/6541/12090
f 2062/6543/12091 2080/6545/12092 2079/6544/12093
f 2062/6543/12094 2063/6546/12095 2080/6545/12096
f 2063/6547/12097 2081/6549/12098 2080/6548/12099
f 2063/6547/12100 2064/6550/12101 2081/6549/12102
f 2064/6551/12103 2082/6553/12104 2081/6552/12105
f 2064/6551/12106 2065/6554/12107 2082/6553/12108
f 2065/6555/12109 2066/6557/12110 2069/6556/12111
f 2065/6555/12112 2069/6556/12113 2082/6558/12114
f 2082/6558/12115 2069/6556/12116 2055/6559/12117
f 2082/6558/12118 2055/6559/12119 2053/6560/12120
f 2067/6561/12121 2083/6563/12122 2068/6562/12123
f 2067/6561/12124 2070/6564/12125 2083/6563/12126
f 2070/6565/12127 2084/6567/12128 2083/6566/12129
f 2070/6565/12130 2071/6568/12131 2084/6567/12132
f 2071/6569/12133 2085/6571/12134 2084/6570/12135
f 2071/6569/12136 2072/6572/12137 2085/6571/12138
f 2072/6573/12139 2073/6575/12140 2085/6574/12141
f 2072/6573/12142 2056/6576/12143 2073/6575/12144
f 2073/6577/12145 2044/6579/12146 2046/6578/12147
f 2073/6577/12148 2074/6580/12149 2044/6579/12150
f 2074/6581/12151 2043/6583/12152 2044/6582/12153
f 2074/6581/12154 2075/6584/12155 2043/6583/12156
f 2077/6585/12157 2045/6587/12158 2041/6586/12159
f 2077/6585/12160 2078/6588/12161 2045/6587/12162
f 2078/6589/12163 2047/6591/12164 2045/6590/12165
f 2078/6589/12166 2079/6592/12167 2047/6591/12168
f 2079/6593/12169 2049/6595/12170 2047/6594/12171
f 2079/6593/12172 2080/6596/12173 2049/6595/12174
f 2080/6597/12175 2051/6599/12176 2049/6598/12177
f 2080/6597/12178 2081/6600/12179 2051/6599/12180
f 2081/6601/12181 2053/6603/12182 2051/6602/12183
f 2081/6601/12184 2082/6604/12185 2053/6603/12186
f 2068/6605/12187 2052/6607/12188 2054/6606/12189
f 2068/6605/12190 2083/6608/12191 2052/6607/12192
f 2083/6609/12193 2050/6611/12194 2052/6610/12195
f 2083/6609/12196 2084/6612/12197 2050/6611/12198
f 2084/6613/12199 2048/6615/12200 2050/6614/12201
f 2084/6613/12202 2085/6616/12203 2048/6615/12204
f 2085/6617/12205 2046/6619/12206 2048/6618/12207
f 2085/6617/12208 2073/6620/12209 2046/6619/12210
g default
v 106.750196 510.726239 705.083426
v 63.736961 578.873209 603.442056
v 145.901402 564.315482 641.677812
v 23.176949 531.246990 671.441853
v 68.891311 451.667022 764.274722
v -17.135159 587.960961 560.991982
v -13.273130 466.224748 726.038966
v -56.286365 534.371718 624.397596
v -94.145250 475.312501 683.588892
vt 0.500000 0.000000
vt 1.000000 0.500000
vt 1.000000 0.000000
vt 0.500000 0.500000
vt 0.000000 0.000000
vt 1.000000 1.000000
vt 0.000000 0.500000
vt 0.500000 1.000000
vt 0.000000 1.000000
vn -0.112458 0.765872 0.633082
vn -0.078712 0.812288 0.577921
vn -0.149877 0.825155 0.544662
vn -0.112458 0.765872 0.633082
vn -0.149877 0.825155 0.544662
vn -0.183959 0.778640 0.599900
vn -0.145492 0.714604 0.684232
vn -0.112458 0.765872 0.633082
vn -0.183959 0.778640 0.599900
vn -0.183959 0.778640 0.599900
vn -0.149877 0.825155 0.544662
vn -0.220091 0.832793 0.507953
vn -0.145492 0.714604 0.684232
vn -0.183959 0.778640 0.599900
vn -0.216869 0.727160 0.651312
vn -0.183959 0.778640 0.599900
vn -0.220091 0.832793 0.507953
vn -0.254287 0.786442 0.562892
vn -0.216869 0.727160 0.651312
vn -0.183959 0.778640 0.599900
vn -0.254287 0.786442 0.562892
vn -0.216869 0.727160 0.651312
vn -0.254287 0.786442 0.562892
vn -0.286872 0.735108 0.614264
s off
g cherry_tree group1 leaf leaves leaf__29_ leaf__31_ leaf__33_ leaf__34_ leaf__2_ leaf__32_ leaf__35_ leaf__3_ leaf__7_ leaf__58_ leaf__8_ leaf__4_ leaf__26_ leaf__6_ leaf__41_ leaf__60_ leaf__59_ leaf__9_ leaf__10_ leaf__11_ leaf__24_ leaf__54_ leaf__57_ leaf__36_ leaf__38_ leaf__37_ leaf__42_ leaf__45_ leaf__43_ leaf__44_ leaf__25_ leaf__64_ leaf__55_ leaf__46_ leaf__56_ leaf__22_ leaf__5_ leaf__27_ leaf__28_ leaf__1_ leaf__30_ leaf__12_ leaf__14_ leaf__15_ leaf__48_ leaf__49_ leaf__62_ leaf__50_ leaf__16_ leaf__23_ leaf__53_ leaf__18_ leaf__51_ leaf__63_ leaf__52_ leaf__47_ leaf__17_ leaf__19_ leaf__21_ leaf__39_ leaf__40_ leaf__61_ leaf__20_ leaf__13_
usemtl leafSG
f 2086/6621/12211 2088/6623/12212 2087/6622/12213
f 2086/6621/12214 2087/6622/12215 2089/6624/12216
f 2090/6625/12217 2086/6621/12218 2089/6624/12219
f 2089/6624/12220 2087/6622/12221 2091/6626/12222
f 2090/6625/12223 2089/6624/12224 2092/6627/12225
f 2089/6624/12226 2091/6626/12227 2093/6628/12228
f 2092/6627/12229 2089/6624/12230 2093/6628/12231
f 2092/6627/12232 2093/6628/12233 2094/6629/12234
g default
v 78.807339 455.226259 846.971227
v 133.629077 523.373298 751.181497
v 152.972540 508.815575 839.718489
v 54.955003 475.747001 760.095975
v 8.778199 396.166974 852.699626
v 118.421675 532.461051 661.120165
v -10.565264 410.724696 764.162634
v 44.256474 478.871735 668.372904
v -25.772666 419.812450 674.101303
vt 0.500000 0.000000
vt 1.000000 0.500000
vt 1.000000 0.000000
vt 0.500000 0.500000
vt 0.000000 0.000000
vt 1.000000 1.000000
vt 0.000000 0.500000
vt 0.500000 1.000000
vt 0.000000 1.000000
vn -0.571855 0.765872 0.293978
vn -0.507523 0.812288 0.287418
vn -0.524164 0.825154 0.210649
vn -0.571855 0.765872 0.293978
vn -0.524164 0.825154 0.210649
vn -0.588760 0.778639 0.216987
vn -0.632563 0.714603 0.298675
vn -0.571855 0.765872 0.293978
vn -0.588760 0.778639 0.216987
vn -0.588760 0.778639 0.216987
vn -0.524164 0.825154 0.210649
vn -0.537484 0.832792 0.132544
vn -0.632563 0.714603 0.298675
vn -0.588760 0.778639 0.216987
vn -0.649601 0.727159 0.221941
vn -0.588760 0.778639 0.216987
vn -0.537484 0.832792 0.132544
vn -0.601911 0.786441 0.138612
vn -0.649601 0.727159 0.221941
vn -0.588760 0.778639 0.216987
vn -0.601911 0.786441 0.138612
vn -0.649601 0.727159 0.221941
vn -0.601911 0.786441 0.138612
vn -0.662524 0.735107 0.143801
s off
g cherry_tree group1 leaf leaves leaf__29_ leaf__31_ leaf__33_ leaf__34_ leaf__2_ leaf__32_ leaf__35_ leaf__3_ leaf__7_ leaf__58_ leaf__8_ leaf__4_ leaf__26_ leaf__6_ leaf__41_ leaf__60_ leaf__59_ leaf__9_ leaf__10_ leaf__11_ leaf__24_ leaf__54_ leaf__57_ leaf__36_ leaf__38_ leaf__37_ leaf__42_ leaf__45_ leaf__43_ leaf__44_ leaf__25_ leaf__64_ leaf__55_ leaf__46_ leaf__56_ leaf__22_ leaf__5_ leaf__27_ leaf__28_ leaf__1_ leaf__30_ leaf__12_ leaf__14_ leaf__15_ leaf__48_ leaf__49_ leaf__62_ leaf__50_ leaf__16_ leaf__23_ leaf__53_ leaf__18_ leaf__51_ leaf__63_ leaf__52_ leaf__47_ leaf__17_ leaf__19_ leaf__21_ leaf__39_ leaf__40_ leaf__61_ leaf__20_ leaf__13_
usemtl leafSG
f 2095/6630/12235 2097/6632/12236 2096/6631/12237
f 2095/6630/12238 2096/6631/12239 2098/6633/12240
f 2099/6634/12241 2095/6630/12242 2098/6633/12243
f 2098/6633/12244 2096/6631/12245 2100/6635/12246
f 2099/6634/12247 2098/6633/12248 2101/6636/12249
f 2098/6633/12250 2100/6635/12251 2102/6637/12252
f 2101/6636/12253 2098/6633/12254 2102/6637/12255
f 2101/6636/12256 2102/6637/12257 2103/6638/12258
g default
v 57.143028 372.298828 870.343538
v 155.356119 387.866503 787.055160
v 148.428206 364.195199 875.466523
v 64.342229 403.429168 783.646262
v -34.391004 373.560166 863.648194
v 162.035179 404.695516 697.071438
v -27.463091 397.231470 775.236831
v 70.750000 412.799145 691.948453
v -20.784031 414.060483 685.253109
vt 0.500000 0.000000
vt 1.000000 0.500000
vt 1.000000 0.000000
vt 0.500000 0.500000
vt 0.000000 0.000000
vt 1.000000 1.000000
vt 0.000000 0.500000
vt 0.500000 1.000000
vt 0.000000 1.000000
vn 0.029392 0.953265 0.300703
vn 0.108566 0.946184 0.304875
vn 0.114830 0.966807 0.228249
vn 0.029392 0.953265 0.300703
vn 0.114830 0.966807 0.228249
vn 0.035424 0.973986 0.223822
vn -0.049968 0.954305 0.294626
vn 0.029392 0.953265 0.300703
vn 0.035424 0.973986 0.223822
vn 0.035424 0.973986 0.223822
vn 0.114830 0.966807 0.228249
vn 0.120366 0.981305 0.150177
vn -0.049968 0.954305 0.294626
vn 0.035424 0.973986 0.223822
vn -0.044208 0.974954 0.217968
vn 0.035424 0.973986 0.223822
vn 0.120366 0.981305 0.150177
vn 0.041229 0.988497 0.145514
vn -0.044208 0.974954 0.217968
vn 0.035424 0.973986 0.223822
vn 0.041229 0.988497 0.145514
vn -0.044208 0.974954 0.217968
vn 0.041229 0.988497 0.145514
vn -0.038168 0.989426 0.139929
s off
g cherry_tree group1 leaf leaves leaf__29_ leaf__31_ leaf__33_ leaf__34_ leaf__2_ leaf__32_ leaf__35_ leaf__3_ leaf__7_ leaf__58_ leaf__8_ leaf__4_ leaf__26_ leaf__6_ leaf__41_ leaf__60_ leaf__59_ leaf__9_ leaf__10_ leaf__11_ leaf__24_ leaf__54_ leaf__57_ leaf__36_ leaf__38_ leaf__37_ leaf__42_ leaf__45_ leaf__43_ leaf__44_ leaf__25_ leaf__64_ leaf__55_ leaf__46_ leaf__56_ leaf__22_ leaf__5_ leaf__27_ leaf__28_ leaf__1_ leaf__30_ leaf__12_ leaf__14_ leaf__15_ leaf__48_ leaf__49_ leaf__62_ leaf__50_ leaf__16_ leaf__23_ leaf__53_ leaf__18_ leaf__51_ leaf__63_ leaf__52_ leaf__47_ leaf__17_ leaf__19_ leaf__21_ leaf__39_ leaf__40_ leaf__61_ leaf__20_ leaf__13_
usemtl leafSG
f 2104/6639/12259 2106/6641/12260 2105/6640/12261
f 2104/6639/12262 2105/6640/12263 2107/6642/12264
f 2108/6643/12265 2104/6639/12266 2107/6642/12267
f 2107/6642/12268 2105/6640/12269 2109/6644/12270
f 2108/6643/12271 2107/6642/12272 2110/6645/12273
f 2107/6642/12274 2109/6644/12275 2111/6646/12276
f 2110/6645/12277 2107/6642/12278 2111/6646/12279
f 2110/6645/12280 2111/6646/12281 2112/6647/12282
g default
v 63.562189 327.698810 792.134974
v 42.564098 343.266527 665.084424
v 114.855966 319.595191 716.450262
v -7.119727 358.829181 741.417018
v 10.791579 328.960139 867.225370
v -31.204604 360.095574 613.124269
v -61.500290 352.631475 815.859531
v -82.498381 368.199193 688.808981
v -135.268991 369.460522 763.899377
vt 0.500000 0.000000
vt 1.000000 0.500000
vt 1.000000 0.000000
vt 0.500000 0.500000
vt 0.000000 0.000000
vt 1.000000 1.000000
vt 0.000000 0.500000
vt 0.500000 1.000000
vt 0.000000 1.000000
vn 0.273084 0.953265 0.129273
vn 0.317340 0.946184 0.063490
vn 0.254818 0.966807 0.018749
vn 0.273084 0.953265 0.129273
vn 0.254818 0.966807 0.018749
vn 0.210224 0.973986 0.084600
vn 0.227099 0.954305 0.194236
vn 0.273084 0.953265 0.129273
vn 0.210224 0.973986 0.084600
vn 0.210224 0.973986 0.084600
vn 0.254818 0.966807 0.018749
vn 0.190681 0.981305 -0.026111
vn 0.227099 0.954305 0.194236
vn 0.210224 0.973986 0.084600
vn 0.164290 0.974954 0.149911
vn 0.210224 0.973986 0.084600
vn 0.190681 0.981305 -0.026111
vn 0.146024 0.988497 0.039387
vn 0.164290 0.974954 0.149911
vn 0.210224 0.973986 0.084600
vn 0.146024 0.988497 0.039387
vn 0.164290 0.974954 0.149911
vn 0.146024 0.988497 0.039387
vn 0.100441 0.989426 0.104636
s off
g cherry_tree group1 leaf leaves leaf__29_ leaf__31_ leaf__33_ leaf__34_ leaf__2_ leaf__32_ leaf__35_ leaf__3_ leaf__7_ leaf__58_ leaf__8_ leaf__4_ leaf__26_ leaf__6_ leaf__41_ leaf__60_ leaf__59_ leaf__9_ leaf__10_ leaf__11_ leaf__24_ leaf__54_ leaf__57_ leaf__36_ leaf__38_ leaf__37_ leaf__42_ leaf__45_ leaf__43_ leaf__44_ leaf__25_ leaf__64_ leaf__55_ leaf__46_ leaf__56_ leaf__22_ leaf__5_ leaf__27_ leaf__28_ leaf__1_ leaf__30_ leaf__12_ leaf__14_ leaf__15_ leaf__48_ leaf__49_ leaf__62_ leaf__50_ leaf__16_ leaf__23_ leaf__53_ leaf__18_ leaf__51_ leaf__63_ leaf__52_ leaf__47_ leaf__17_ leaf__19_ leaf__21_ leaf__39_ leaf__40_ leaf__61_ leaf__20_ leaf__13_
usemtl leafSG
f 2113/6648/12283 2115/6650/12284 2114/6649/12285
f 2113/6648/12286 2114/6649/12287 2116/6651/12288
f 2117/6652/12289 2113/6648/12290 2116/6651/12291
f 2116/6651/12292 2114/6649/12293 2118/6653/12294
f 2117/6652/12295 2116/6651/12296 2119/6654/12297
f 2116/6651/12298 2118/6653/12299 2120/6655/12300
f 2119/6654/12301 2116/6651/12302 2120/6655/12303
f 2119/6654/12304 2120/6655/12305 2121/6656/12306
g default
v 41.282923 301.098789 894.662717
v 105.298480 316.666521 782.927448
v 128.864946 292.995166 868.421216
v 18.554761 332.229180 810.688473
v -47.068086 302.360122 919.510333
v 80.963027 333.495585 696.039796
v -70.634552 326.031476 834.016565
v -6.618996 341.599208 722.281296
v -94.970005 342.860540 747.128912
vt 0.500000 0.000000
vt 1.000000 0.500000
vt 1.000000 0.000000
vt 0.500000 0.500000
vt 0.000000 0.000000
vt 1.000000 1.000000
vt 0.000000 0.500000
vt 0.500000 1.000000
vt 0.000000 1.000000
vn 0.129950 0.953265 0.272763
vn 0.205820 0.946184 0.249747
vn 0.185638 0.966807 0.175562
vn 0.129950 0.953265 0.272763
vn 0.185638 0.966807 0.175562
vn 0.109464 0.973986 0.198417
vn 0.053257 0.954305 0.294050
vn 0.129950 0.953265 0.272763
vn 0.109464 0.973986 0.198417
vn 0.109464 0.973986 0.198417
vn 0.185638 0.966807 0.175562
vn 0.164281 0.981305 0.100265
vn 0.053257 0.954305 0.294050
vn 0.109464 0.973986 0.198417
vn 0.032591 0.974954 0.220006
vn 0.109464 0.973986 0.198417
vn 0.164281 0.981305 0.100265
vn 0.088279 0.988497 0.122805
vn 0.032591 0.974954 0.220006
vn 0.109464 0.973986 0.198417
vn 0.088279 0.988497 0.122805
vn 0.032591 0.974954 0.220006
vn 0.088279 0.988497 0.122805
vn 0.011718 0.989426 0.144567
s off
g cherry_tree group1 leaf leaves leaf__29_ leaf__31_ leaf__33_ leaf__34_ leaf__2_ leaf__32_ leaf__35_ leaf__3_ leaf__7_ leaf__58_ leaf__8_ leaf__4_ leaf__26_ leaf__6_ leaf__41_ leaf__60_ leaf__59_ leaf__9_ leaf__10_ leaf__11_ leaf__24_ leaf__54_ leaf__57_ leaf__36_ leaf__38_ leaf__37_ leaf__42_ leaf__45_ leaf__43_ leaf__44_ leaf__25_ leaf__64_ leaf__55_ leaf__46_ leaf__56_ leaf__22_ leaf__5_ leaf__27_ leaf__28_ leaf__1_ leaf__30_ leaf__12_ leaf__14_ leaf__15_ leaf__48_ leaf__49_ leaf__62_ leaf__50_ leaf__16_ leaf__23_ leaf__53_ leaf__18_ leaf__51_ leaf__63_ leaf__52_ leaf__47_ leaf__17_ leaf__19_ leaf__21_ leaf__39_ leaf__40_ leaf__61_ leaf__20_ leaf__13_
usemtl leafSG
f 2122/6657/12307 2124/6659/12308 2123/6658/12309
f 2122/6657/12310 2123/6658/12311 2125/6660/12312
f 2126/6661/12313 2122/6657/12314 2125/6660/12315
f 2125/6660/12316 2123/6658/12317 2127/6662/12318
f 2126/6661/12319 2125/6660/12320 2128/6663/12321
f 2125/6660/12322 2127/6662/12323 2129/6664/12324
f 2128/6663/12325 2125/6660/12326 2129/6664/12327
f 2128/6663/12328 2129/6664/12329 2130/6665/12330
g default
v 58.380322 440.385521 943.192260
v 143.220162 492.357763 858.540204
v 137.224193 488.055966 950.684103
v 60.156105 451.137282 850.778775
v -16.592305 386.798424 935.947714
v 153.087375 490.742909 766.643602
v -10.596336 391.100221 843.803816
v 74.243503 443.072464 759.151760
v -0.729123 389.485367 751.907214
vt 0.500000 0.000000
vt 1.000000 0.500000
vt 1.000000 0.000000
vt 0.500000 0.500000
vt 0.000000 0.000000
vt 1.000000 1.000000
vt 0.000000 0.500000
vt 0.500000 1.000000
vt 0.000000 1.000000
vn -0.552285 0.832459 0.044643
vn -0.484314 0.873415 0.050846
vn -0.479002 0.877352 -0.028478
vn -0.552285 0.832459 0.044643
vn -0.479002 0.877352 -0.028478
vn -0.547179 0.836286 -0.034954
vn -0.616758 0.786228 0.038157
vn -0.552285 0.832459 0.044643
vn -0.547179 0.836286 -0.034954
vn -0.547179 0.836286 -0.034954
vn -0.479002 0.877352 -0.028478
vn -0.470655 0.875729 -0.107622
vn -0.616758 0.786228 0.038157
vn -0.547179 0.836286 -0.034954
vn -0.611867 0.789887 -0.041207
vn -0.547179 0.836286 -0.034954
vn -0.470655 0.875729 -0.107622
vn -0.538583 0.834780 -0.114328
vn -0.611867 0.789887 -0.041207
vn -0.547179 0.836286 -0.034954
vn -0.538583 0.834780 -0.114328
vn -0.611867 0.789887 -0.041207
vn -0.538583 0.834780 -0.114328
vn -0.603099 0.788541 -0.120310
s off
g cherry_tree group1 leaf leaves leaf__29_ leaf__31_ leaf__33_ leaf__34_ leaf__2_ leaf__32_ leaf__35_ leaf__3_ leaf__7_ leaf__58_ leaf__8_ leaf__4_ leaf__26_ leaf__6_ leaf__41_ leaf__60_ leaf__59_ leaf__9_ leaf__10_ leaf__11_ leaf__24_ leaf__54_ leaf__57_ leaf__36_ leaf__38_ leaf__37_ leaf__42_ leaf__45_ leaf__43_ leaf__44_ leaf__25_ leaf__64_ leaf__55_ leaf__46_ leaf__56_ leaf__22_ leaf__5_ leaf__27_ leaf__28_ leaf__1_ leaf__30_ leaf__12_ leaf__14_ leaf__15_ leaf__48_ leaf__49_ leaf__62_ leaf__50_ leaf__16_ leaf__23_ leaf__53_ leaf__18_ leaf__51_ leaf__63_ leaf__52_ leaf__47_ leaf__17_ leaf__19_ leaf__21_ leaf__39_ leaf__40_ leaf__61_ leaf__20_ leaf__13_
usemtl leafSG
f 2131/6666/12331 2133/6668/12332 2132/6667/12333
f 2131/6666/12334 2132/6667/12335 2134/6669/12336
f 2135/6670/12337 2131/6666/12338 2134/6669/12339
f 2134/6669/12340 2132/6667/12341 2136/6671/12342
f 2135/6670/12343 2134/6669/12344 2137/6672/12345
f 2134/6669/12346 2136/6671/12347 2138/6673/12348
f 2137/6672/12349 2134/6669/12350 2138/6673/12351
f 2137/6672/12352 2138/6673/12353 2139/6674/12354
g default
v -5.131598 389.072920 970.371535
v 123.312672 392.415910 952.594868
v 67.971230 391.636572 1025.817906
v 49.943610 397.490359 896.661208
v -77.990203 379.502718 915.372166
v 178.898337 386.188698 879.818832
v -22.648761 380.282055 842.149128
v 105.795509 383.625045 824.372461
v 32.936903 374.054843 769.373092
vt 0.500000 0.000000
vt 1.000000 0.500000
vt 1.000000 0.000000
vt 0.500000 0.500000
vt 0.000000 0.000000
vt 1.000000 1.000000
vt 0.000000 0.500000
vt 0.500000 1.000000
vt 0.000000 1.000000
vn -0.082903 0.996558 0.000077
vn -0.019354 0.998662 0.047964
vn 0.028834 0.999466 -0.015387
vn -0.082903 0.996558 0.000077
vn 0.028834 0.999466 -0.015387
vn -0.034765 0.997368 -0.063630
vn -0.145926 0.988139 -0.047811
vn -0.082903 0.996558 0.000077
vn -0.034765 0.997368 -0.063630
vn -0.034765 0.997368 -0.063630
vn 0.028834 0.999466 -0.015387
vn 0.076838 0.993937 -0.078641
vn -0.145926 0.988139 -0.047811
vn -0.034765 0.997368 -0.063630
vn -0.098141 0.988910 -0.111466
vn -0.034765 0.997368 -0.063630
vn 0.076838 0.993937 -0.078641
vn 0.013595 0.991818 -0.126930
vn -0.098141 0.988910 -0.111466
vn -0.034765 0.997368 -0.063630
vn 0.013595 0.991818 -0.126930
vn -0.098141 0.988910 -0.111466
vn 0.013595 0.991818 -0.126930
vn -0.049734 0.983415 -0.174416
s off
g cherry_tree group1 leaf leaves leaf__29_ leaf__31_ leaf__33_ leaf__34_ leaf__2_ leaf__32_ leaf__35_ leaf__3_ leaf__7_ leaf__58_ leaf__8_ leaf__4_ leaf__26_ leaf__6_ leaf__41_ leaf__60_ leaf__59_ leaf__9_ leaf__10_ leaf__11_ leaf__24_ leaf__54_ leaf__57_ leaf__36_ leaf__38_ leaf__37_ leaf__42_ leaf__45_ leaf__43_ leaf__44_ leaf__25_ leaf__64_ leaf__55_ leaf__46_ leaf__56_ leaf__22_ leaf__5_ leaf__27_ leaf__28_ leaf__1_ leaf__30_ leaf__12_ leaf__14_ leaf__15_ leaf__48_ leaf__49_ leaf__62_ leaf__50_ leaf__16_ leaf__23_ leaf__53_ leaf__18_ leaf__51_ leaf__63_ leaf__52_ leaf__47_ leaf__17_ leaf__19_ leaf__21_ leaf__39_ leaf__40_ leaf__61_ leaf__20_ leaf__13_
usemtl leafSG
f 2140/6675/12355 2142/6677/12356 2141/6676/12357
f 2140/6675/12358 2141/6676/12359 2143/6678/12360
f 2144/6679/12361 2140/6675/12362 2143/6678/12363
f 2143/6678/12364 2141/6676/12365 2145/6680/12366
f 2144/6679/12367 2143/6678/12368 2146/6681/12369
f 2143/6678/12370 2145/6680/12371 2147/6682/12372
f 2146/6681/12373 2143/6678/12374 2147/6682/12375
f 2146/6681/12376 2147/6682/12377 2148/6683/12378
g default
v -88.125575 294.974516 1039.513483
v 87.547643 299.546724 1015.200351
v 11.857164 298.480824 1115.347484
v -12.799223 306.487045 938.699883
v -187.774289 281.885351 964.290845
v 163.572145 291.029767 915.664580
v -112.083810 282.951251 864.143711
v 63.589407 287.523459 839.830579
v -36.059308 274.434294 764.607941
vt 0.500000 0.000000
vt 1.000000 0.500000
vt 1.000000 0.000000
vt 0.500000 0.500000
vt 0.000000 0.000000
vt 1.000000 1.000000
vt 0.000000 0.500000
vt 0.500000 1.000000
vt 0.000000 1.000000
vn -0.082903 0.996558 0.000077
vn -0.019354 0.998662 0.047964
vn 0.028834 0.999466 -0.015387
vn -0.082903 0.996558 0.000077
vn 0.028834 0.999466 -0.015387
vn -0.034765 0.997368 -0.063630
vn -0.145926 0.988140 -0.047811
vn -0.082903 0.996558 0.000077
vn -0.034765 0.997368 -0.063630
vn -0.034765 0.997368 -0.063630
vn 0.028834 0.999466 -0.015387
vn 0.076838 0.993937 -0.078641
vn -0.145926 0.988140 -0.047811
vn -0.034765 0.997368 -0.063630
vn -0.098141 0.988910 -0.111466
vn -0.034765 0.997368 -0.063630
vn 0.076838 0.993937 -0.078641
vn 0.013595 0.991818 -0.126930
vn -0.098141 0.988910 -0.111466
vn -0.034765 0.997368 -0.063630
vn 0.013595 0.991818 -0.126930
vn -0.098141 0.988910 -0.111466
vn 0.013595 0.991818 -0.126930
vn -0.049734 0.983415 -0.174416
s off
g cherry_tree group1 leaf leaves leaf__29_ leaf__31_ leaf__33_ leaf__34_ leaf__2_ leaf__32_ leaf__35_ leaf__3_ leaf__7_ leaf__58_ leaf__8_ leaf__4_ leaf__26_ leaf__6_ leaf__41_ leaf__60_ leaf__59_ leaf__9_ leaf__10_ leaf__11_ leaf__24_ leaf__54_ leaf__57_ leaf__36_ leaf__38_ leaf__37_ leaf__42_ leaf__45_ leaf__43_ leaf__44_ leaf__25_ leaf__64_ leaf__55_ leaf__46_ leaf__56_ leaf__22_ leaf__5_ leaf__27_ leaf__28_ leaf__1_ leaf__30_ leaf__12_ leaf__14_ leaf__15_ leaf__48_ leaf__49_ leaf__62_ leaf__50_ leaf__16_ leaf__23_ leaf__53_ leaf__18_ leaf__51_ leaf__63_ leaf__52_ leaf__47_ leaf__17_ leaf__19_ leaf__21_ leaf__39_ leaf__40_ leaf__61_ leaf__20_ leaf__13_
usemtl leafSG
f 2149/6684/12379 2151/6686/12380 2150/6685/12381
f 2149/6684/12382 2150/6685/12383 2152/6687/12384
f 2153/6688/12385 2149/6684/12386 2152/6687/12387
f 2152/6687/12388 2150/6685/12389 2154/6689/12390
f 2153/6688/12391 2152/6687/12392 2155/6690/12393
f 2152/6687/12394 2154/6689/12395 2156/6691/12396
f 2155/6690/12397 2152/6687/12398 2156/6691/12399
f 2155/6690/12400 2156/6691/12401 2157/6692/12402
g default
v 148.066321 589.344314 997.543438
v 242.231884 619.222045 913.488185
v 235.426983 616.504451 1004.982468
v 152.340479 599.284968 905.781468
v 63.027152 555.558352 990.349963
v 251.358279 615.313814 822.239457
v 69.832054 558.275945 898.855680
v 163.997617 588.153676 814.800427
v 78.958448 554.367714 807.606952
vt 0.500000 0.000000
vt 1.000000 0.500000
vt 1.000000 0.000000
vt 0.500000 0.500000
vt 0.000000 0.000000
vt 1.000000 1.000000
vt 0.000000 0.500000
vt 0.500000 1.000000
vt 0.000000 1.000000
vn -0.336336 0.940683 0.044643
vn -0.260521 0.964128 0.050846
vn -0.254419 0.966675 -0.028478
vn -0.336336 0.940683 0.044643
vn -0.254419 0.966675 -0.028478
vn -0.330460 0.943173 -0.034954
vn -0.410020 0.911278 0.038157
vn -0.336336 0.940683 0.044643
vn -0.330460 0.943173 -0.034954
vn -0.330460 0.943173 -0.034954
vn -0.254419 0.966675 -0.028478
vn -0.246706 0.963096 -0.107622
vn -0.410020 0.911278 0.038157
vn -0.330460 0.943173 -0.034954
vn -0.404393 0.913656 -0.041207
vn -0.330460 0.943173 -0.034954
vn -0.246706 0.963096 -0.107622
vn -0.322477 0.939648 -0.114329
vn -0.404393 0.913656 -0.041207
vn -0.330460 0.943173 -0.034954
vn -0.322477 0.939648 -0.114329
vn -0.404393 0.913656 -0.041207
vn -0.322477 0.939648 -0.114329
vn -0.396205 0.910246 -0.120311
s off
g cherry_tree group1 leaf leaves leaf__29_ leaf__31_ leaf__33_ leaf__34_ leaf__2_ leaf__32_ leaf__35_ leaf__3_ leaf__7_ leaf__58_ leaf__8_ leaf__4_ leaf__26_ leaf__6_ leaf__41_ leaf__60_ leaf__59_ leaf__9_ leaf__10_ leaf__11_ leaf__24_ leaf__54_ leaf__57_ leaf__36_ leaf__38_ leaf__37_ leaf__42_ leaf__45_ leaf__43_ leaf__44_ leaf__25_ leaf__64_ leaf__55_ leaf__46_ leaf__56_ leaf__22_ leaf__5_ leaf__27_ leaf__28_ leaf__1_ leaf__30_ leaf__12_ leaf__14_ leaf__15_ leaf__48_ leaf__49_ leaf__62_ leaf__50_ leaf__16_ leaf__23_ leaf__53_ leaf__18_ leaf__51_ leaf__63_ leaf__52_ leaf__47_ leaf__17_ leaf__19_ leaf__21_ leaf__39_ leaf__40_ leaf__61_ leaf__20_ leaf__13_
usemtl leafSG
f 2158/6693/12403 2160/6695/12404 2159/6694/12405
f 2158/6693/12406 2159/6694/12407 2161/6696/12408
f 2162/6697/12409 2158/6693/12410 2161/6696/12411
f 2161/6696/12412 2159/6694/12413 2163/6698/12414
f 2162/6697/12415 2161/6696/12416 2164/6699/12417
f 2161/6696/12418 2163/6698/12419 2165/6700/12420
f 2164/6699/12421 2161/6696/12422 2165/6700/12423
f 2164/6699/12424 2165/6700/12425 2166/6701/12426
g default
v 48.581918 499.502829 1226.053770
v 172.272003 537.801869 1218.368559
v 114.962685 517.001046 1286.982433
v 103.622188 527.617711 1157.369956
v -15.717415 475.295314 1165.189266
v 231.662755 551.893393 1149.818845
v 41.591902 496.096137 1096.575393
v 165.281987 534.395177 1088.890182
v 100.982655 510.187661 1028.025678
vt 0.500000 0.000000
vt 1.000000 0.500000
vt 1.000000 0.000000
vt 0.500000 0.500000
vt 0.000000 0.000000
vt 1.000000 1.000000
vt 0.000000 0.500000
vt 0.500000 1.000000
vt 0.000000 1.000000
vn -0.346103 0.936833 0.050557
vn -0.288346 0.951948 0.103204
vn -0.238503 0.970150 0.043871
vn -0.346103 0.936833 0.050557
vn -0.238503 0.970150 0.043871
vn -0.296288 0.955055 -0.009133
vn -0.401667 0.915783 -0.002411
vn -0.346103 0.936833 0.050557
vn -0.296288 0.955055 -0.009133
vn -0.296288 0.955055 -0.009133
vn -0.238503 0.970150 0.043871
vn -0.187148 0.982206 -0.015739
vn -0.401667 0.915783 -0.002411
vn -0.296288 0.955055 -0.009133
vn -0.352184 0.933870 -0.062079
vn -0.296288 0.955055 -0.009133
vn -0.187148 0.982206 -0.015739
vn -0.244583 0.967187 -0.068764
vn -0.352184 0.933870 -0.062079
vn -0.296288 0.955055 -0.009133
vn -0.244583 0.967187 -0.068764
vn -0.352184 0.933870 -0.062079
vn -0.244583 0.967187 -0.068764
vn -0.300469 0.946040 -0.121354
s off
g cherry_tree group1 leaf leaves leaf__29_ leaf__31_ leaf__33_ leaf__34_ leaf__2_ leaf__32_ leaf__35_ leaf__3_ leaf__7_ leaf__58_ leaf__8_ leaf__4_ leaf__26_ leaf__6_ leaf__41_ leaf__60_ leaf__59_ leaf__9_ leaf__10_ leaf__11_ leaf__24_ leaf__54_ leaf__57_ leaf__36_ leaf__38_ leaf__37_ leaf__42_ leaf__45_ leaf__43_ leaf__44_ leaf__25_ leaf__64_ leaf__55_ leaf__46_ leaf__56_ leaf__22_ leaf__5_ leaf__27_ leaf__28_ leaf__1_ leaf__30_ leaf__12_ leaf__14_ leaf__15_ leaf__48_ leaf__49_ leaf__62_ leaf__50_ leaf__16_ leaf__23_ leaf__53_ leaf__18_ leaf__51_ leaf__63_ leaf__52_ leaf__47_ leaf__17_ leaf__19_ leaf__21_ leaf__39_ leaf__40_ leaf__61_ leaf__20_ leaf__13_
usemtl leafSG
f 2167/6702/12427 2169/6704/12428 2168/6703/12429
f 2167/6702/12430 2168/6703/12431 2170/6705/12432
f 2171/6706/12433 2167/6702/12434 2170/6705/12435
f 2170/6705/12436 2168/6703/12437 2172/6707/12438
f 2171/6706/12439 2170/6705/12440 2173/6708/12441
f 2170/6705/12442 2172/6707/12443 2174/6709/12444
f 2173/6708/12445 2170/6705/12446 2174/6709/12447
f 2173/6708/12448 2174/6709/12449 2175/6710/12450
g default
v -3.396075 492.265954 1219.315381
v 114.299577 464.546133 1266.267069
v 30.679354 474.731723 1302.719887
v 81.733360 489.561652 1183.496247
v -38.855927 502.937484 1135.329589
v 196.535377 447.497843 1229.232966
v 44.764296 492.751895 1098.876772
v 162.459948 465.032074 1145.828460
v 127.000096 475.703604 1061.842669
vt 0.500000 0.000000
vt 1.000000 0.500000
vt 1.000000 0.000000
vt 0.500000 0.500000
vt 0.000000 0.000000
vt 1.000000 1.000000
vt 0.000000 0.500000
vt 0.500000 1.000000
vt 0.000000 1.000000
vn 0.124301 0.985623 0.114445
vn 0.154056 0.970271 0.186660
vn 0.226686 0.961508 0.155289
vn 0.124301 0.985623 0.114445
vn 0.226686 0.961508 0.155289
vn 0.197070 0.976891 0.082745
vn 0.093758 0.994729 0.041505
vn 0.124301 0.985623 0.114445
vn 0.197070 0.976891 0.082745
vn 0.197070 0.976891 0.082745
vn 0.226686 0.961508 0.155289
vn 0.297880 0.946654 0.122934
vn 0.093758 0.994729 0.041505
vn 0.197070 0.976891 0.082745
vn 0.166196 0.986045 0.009673
vn 0.197070 0.976891 0.082745
vn 0.297880 0.946654 0.122934
vn 0.268582 0.961931 0.050517
vn 0.166196 0.986045 0.009673
vn 0.197070 0.976891 0.082745
vn 0.268582 0.961931 0.050517
vn 0.166196 0.986045 0.009673
vn 0.268582 0.961931 0.050517
vn 0.237582 0.971113 -0.022220
s off
g cherry_tree group1 leaf leaves leaf__29_ leaf__31_ leaf__33_ leaf__34_ leaf__2_ leaf__32_ leaf__35_ leaf__3_ leaf__7_ leaf__58_ leaf__8_ leaf__4_ leaf__26_ leaf__6_ leaf__41_ leaf__60_ leaf__59_ leaf__9_ leaf__10_ leaf__11_ leaf__24_ leaf__54_ leaf__57_ leaf__36_ leaf__38_ leaf__37_ leaf__42_ leaf__45_ leaf__43_ leaf__44_ leaf__25_ leaf__64_ leaf__55_ leaf__46_ leaf__56_ leaf__22_ leaf__5_ leaf__27_ leaf__28_ leaf__1_ leaf__30_ leaf__12_ leaf__14_ leaf__15_ leaf__48_ leaf__49_ leaf__62_ leaf__50_ leaf__16_ leaf__23_ leaf__53_ leaf__18_ leaf__51_ leaf__63_ leaf__52_ leaf__47_ leaf__17_ leaf__19_ leaf__21_ leaf__39_ leaf__40_ leaf__61_ leaf__20_ leaf__13_
usemtl leafSG
f 2176/6711/12451 2178/6713/12452 2177/6712/12453
f 2176/6711/12454 2177/6712/12455 2179/6714/12456
f 2180/6715/12457 2176/6711/12458 2179/6714/12459
f 2179/6714/12460 2177/6712/12461 2181/6716/12462
f 2180/6715/12463 2179/6714/12464 2182/6717/12465
f 2179/6714/12466 2181/6716/12467 2183/6718/12468
f 2182/6717/12469 2179/6714/12470 2183/6718/12471
f 2182/6717/12472 2183/6718/12473 2184/6719/12474
g default
v -118.360625 516.645877 1140.521528
v -61.590205 567.713218 1245.375524
v -148.331645 552.363000 1219.584294
v -31.512524 538.857631 1162.913218
v -88.487450 474.634562 1064.577216
v 25.053391 576.769243 1274.285207
v -1.746010 489.984779 1090.368446
v 55.024410 541.052120 1195.222441
v 84.897586 499.040804 1119.278129
vt 0.500000 0.000000
vt 1.000000 0.500000
vt 1.000000 0.000000
vt 0.500000 0.500000
vt 0.000000 0.000000
vt 1.000000 1.000000
vt 0.000000 0.500000
vt 0.500000 1.000000
vt 0.000000 1.000000
vn -0.061532 0.882493 -0.466283
vn -0.087284 0.913399 -0.397597
vn -0.012146 0.926917 -0.375068
vn -0.061532 0.882493 -0.466283
vn -0.012146 0.926917 -0.375068
vn 0.013928 0.895965 -0.443905
vn -0.035390 0.845996 -0.532014
vn -0.061532 0.882493 -0.466283
vn 0.013928 0.895965 -0.443905
vn 0.013928 0.895965 -0.443905
vn -0.012146 0.926917 -0.375068
vn 0.063069 0.934563 -0.350163
vn -0.035390 0.845996 -0.532014
vn 0.013928 0.895965 -0.443905
vn 0.039913 0.859300 -0.509912
vn 0.013928 0.895965 -0.443905
vn 0.063069 0.934563 -0.350163
vn 0.089299 0.903725 -0.418698
vn 0.039913 0.859300 -0.509912
vn 0.013928 0.895965 -0.443905
vn 0.089299 0.903725 -0.418698
vn 0.039913 0.859300 -0.509912
vn 0.089299 0.903725 -0.418698
vn 0.114963 0.867160 -0.484579
s off
g cherry_tree group1 leaf leaves leaf__29_ leaf__31_ leaf__33_ leaf__34_ leaf__2_ leaf__32_ leaf__35_ leaf__3_ leaf__7_ leaf__58_ leaf__8_ leaf__4_ leaf__26_ leaf__6_ leaf__41_ leaf__60_ leaf__59_ leaf__9_ leaf__10_ leaf__11_ leaf__24_ leaf__54_ leaf__57_ leaf__36_ leaf__38_ leaf__37_ leaf__42_ leaf__45_ leaf__43_ leaf__44_ leaf__25_ leaf__64_ leaf__55_ leaf__46_ leaf__56_ leaf__22_ leaf__5_ leaf__27_ leaf__28_ leaf__1_ leaf__30_ leaf__12_ leaf__14_ leaf__15_ leaf__48_ leaf__49_ leaf__62_ leaf__50_ leaf__16_ leaf__23_ leaf__53_ leaf__18_ leaf__51_ leaf__63_ leaf__52_ leaf__47_ leaf__17_ leaf__19_ leaf__21_ leaf__39_ leaf__40_ leaf__61_ leaf__20_ leaf__13_
usemtl leafSG
f 2185/6720/12475 2187/6722/12476 2186/6721/12477
f 2185/6720/12478 2186/6721/12479 2188/6723/12480
f 2189/6724/12481 2185/6720/12482 2188/6723/12483
f 2188/6723/12484 2186/6721/12485 2190/6725/12486
f 2189/6724/12487 2188/6723/12488 2191/6726/12489
f 2188/6723/12490 2190/6725/12491 2192/6727/12492
f 2191/6726/12493 2188/6723/12494 2192/6727/12495
f 2191/6726/12496 2192/6727/12497 2193/6728/12498
g default
v -12.609819 604.665250 1053.604646
v 102.600085 639.896974 1101.672509
v 16.320919 640.538306 1132.983686
v 72.878872 610.946164 1019.114385
v -40.815441 562.442310 977.141831
v 189.604369 632.905759 1073.277556
v 45.463726 561.800978 945.830653
v 160.673631 597.032703 993.898516
v 132.468010 554.809763 917.435701
vt 0.500000 0.000000
vt 1.000000 0.500000
vt 1.000000 0.000000
vt 0.500000 0.500000
vt 0.000000 0.000000
vt 1.000000 1.000000
vt 0.000000 0.500000
vt 0.500000 1.000000
vt 0.000000 1.000000
vn -0.178261 0.904331 -0.387825
vn -0.152923 0.935327 -0.319027
vn -0.078038 0.934980 -0.346010
vn -0.178261 0.904331 -0.387825
vn -0.078038 0.934980 -0.346010
vn -0.103219 0.903893 -0.415119
vn -0.202470 0.867605 -0.454167
vn -0.178261 0.904331 -0.387825
vn -0.103219 0.903893 -0.415119
vn -0.103219 0.903893 -0.415119
vn -0.078038 0.934980 -0.346010
vn -0.002658 0.928708 -0.370802
vn -0.202470 0.867605 -0.454167
vn -0.103219 0.903893 -0.415119
vn -0.127742 0.867042 -0.481580
vn -0.103219 0.903893 -0.415119
vn -0.002658 0.928708 -0.370802
vn -0.027519 0.897691 -0.439765
vn -0.127742 0.867042 -0.481580
vn -0.103219 0.903893 -0.415119
vn -0.027519 0.897691 -0.439765
vn -0.127742 0.867042 -0.481580
vn -0.027519 0.897691 -0.439765
vn -0.052205 0.860986 -0.505942
s off
g cherry_tree group1 leaf leaves leaf__29_ leaf__31_ leaf__33_ leaf__34_ leaf__2_ leaf__32_ leaf__35_ leaf__3_ leaf__7_ leaf__58_ leaf__8_ leaf__4_ leaf__26_ leaf__6_ leaf__41_ leaf__60_ leaf__59_ leaf__9_ leaf__10_ leaf__11_ leaf__24_ leaf__54_ leaf__57_ leaf__36_ leaf__38_ leaf__37_ leaf__42_ leaf__45_ leaf__43_ leaf__44_ leaf__25_ leaf__64_ leaf__55_ leaf__46_ leaf__56_ leaf__22_ leaf__5_ leaf__27_ leaf__28_ leaf__1_ leaf__30_ leaf__12_ leaf__14_ leaf__15_ leaf__48_ leaf__49_ leaf__62_ leaf__50_ leaf__16_ leaf__23_ leaf__53_ leaf__18_ leaf__51_ leaf__63_ leaf__52_ leaf__47_ leaf__17_ leaf__19_ leaf__21_ leaf__39_ leaf__40_ leaf__61_ leaf__20_ leaf__13_
usemtl leafSG
f 2194/6729/12499 2196/6731/12500 2195/6730/12501
f 2194/6729/12502 2195/6730/12503 2197/6732/12504
f 2198/6733/12505 2194/6729/12506 2197/6732/12507
f 2197/6732/12508 2195/6730/12509 2199/6734/12510
f 2198/6733/12511 2197/6732/12512 2200/6735/12513
f 2197/6732/12514 2199/6734/12515 2201/6736/12516
f 2200/6735/12517 2197/6732/12518 2201/6736/12519
f 2200/6735/12520 2201/6736/12521 2202/6737/12522
g default
v -134.043479 564.679658 954.435675
v -47.708464 614.269084 1037.575750
v -137.614677 625.618141 1022.982341
v -42.325928 558.741226 963.920942
v -132.133848 498.777927 890.574790
v 40.536181 597.956779 1056.854938
v -42.227634 487.428871 905.168198
v 44.107380 537.018296 988.308272
v 46.017011 471.116565 924.447387
vt 0.500000 0.000000
vt 1.000000 0.500000
vt 1.000000 0.000000
vt 0.500000 0.500000
vt 0.000000 0.000000
vt 1.000000 1.000000
vt 0.000000 0.500000
vt 0.500000 1.000000
vt 0.000000 1.000000
vn 0.158278 0.716287 -0.679618
vn 0.155401 0.769014 -0.620055
vn 0.233383 0.759426 -0.607293
vn 0.158278 0.716287 -0.679618
vn 0.233383 0.759426 -0.607293
vn 0.236521 0.706508 -0.667011
vn 0.160153 0.659023 -0.734874
vn 0.158278 0.716287 -0.679618
vn 0.236521 0.706508 -0.667011
vn 0.236521 0.706508 -0.667011
vn 0.233383 0.759426 -0.607293
vn 0.309886 0.745027 -0.590682
vn 0.160153 0.659023 -0.734874
vn 0.236521 0.706508 -0.667011
vn 0.238151 0.649085 -0.722477
vn 0.236521 0.706508 -0.667011
vn 0.309886 0.745027 -0.590682
vn 0.313255 0.692224 -0.650151
vn 0.238151 0.649085 -0.722477
vn 0.236521 0.706508 -0.667011
vn 0.313255 0.692224 -0.650151
vn 0.238151 0.649085 -0.722477
vn 0.313255 0.692224 -0.650151
vn 0.314639 0.635036 -0.705501
s off
g cherry_tree group1 leaf leaves leaf__29_ leaf__31_ leaf__33_ leaf__34_ leaf__2_ leaf__32_ leaf__35_ leaf__3_ leaf__7_ leaf__58_ leaf__8_ leaf__4_ leaf__26_ leaf__6_ leaf__41_ leaf__60_ leaf__59_ leaf__9_ leaf__10_ leaf__11_ leaf__24_ leaf__54_ leaf__57_ leaf__36_ leaf__38_ leaf__37_ leaf__42_ leaf__45_ leaf__43_ leaf__44_ leaf__25_ leaf__64_ leaf__55_ leaf__46_ leaf__56_ leaf__22_ leaf__5_ leaf__27_ leaf__28_ leaf__1_ leaf__30_ leaf__12_ leaf__14_ leaf__15_ leaf__48_ leaf__49_ leaf__62_ leaf__50_ leaf__16_ leaf__23_ leaf__53_ leaf__18_ leaf__51_ leaf__63_ leaf__52_ leaf__47_ leaf__17_ leaf__19_ leaf__21_ leaf__39_ leaf__40_ leaf__61_ leaf__20_ leaf__13_
usemtl leafSG
f 2203/6738/12523 2205/6740/12524 2204/6739/12525
f 2203/6738/12526 2204/6739/12527 2206/6741/12528
f 2207/6742/12529 2203/6738/12530 2206/6741/12531
f 2206/6741/12532 2204/6739/12533 2208/6743/12534
f 2207/6742/12535 2206/6741/12536 2209/6744/12537
f 2206/6741/12538 2208/6743/12539 2210/6745/12540
f 2209/6744/12541 2206/6741/12542 2210/6745/12543
f 2209/6744/12544 2210/6745/12545 2211/6746/12546
g default
v 66.281875 528.493927 1128.767244
v 172.135305 580.066172 1074.357035
v 139.839099 573.623656 1160.032848
v 94.754157 541.449864 1041.825786
v -3.767603 477.389336 1098.662636
v 207.939259 580.533827 989.842220
v 28.528603 483.831852 1012.986824
v 134.382034 535.404098 958.576615
v 64.332556 484.299507 928.472008
vt 0.500000 0.000000
vt 1.000000 0.500000
vt 1.000000 0.000000
vt 0.500000 0.500000
vt 0.000000 0.000000
vt 1.000000 1.000000
vt 0.000000 0.500000
vt 0.500000 1.000000
vt 0.000000 1.000000
vn -0.527350 0.844792 -0.090713
vn -0.463414 0.883841 -0.063816
vn -0.435266 0.889656 -0.138045
vn -0.527350 0.844792 -0.090713
vn -0.435266 0.889656 -0.138045
vn -0.499321 0.850509 -0.165266
vn -0.587944 0.800390 -0.117034
vn -0.527350 0.844792 -0.090713
vn -0.499321 0.850509 -0.165266
vn -0.499321 0.850509 -0.165266
vn -0.435266 0.889656 -0.138045
vn -0.404360 0.889833 -0.211399
vn -0.587944 0.800390 -0.117034
vn -0.499321 0.850509 -0.165266
vn -0.560192 0.805940 -0.191432
vn -0.499321 0.850509 -0.165266
vn -0.404360 0.889833 -0.211399
vn -0.468108 0.850803 -0.238765
vn -0.560192 0.805940 -0.191432
vn -0.499321 0.850509 -0.165266
vn -0.468108 0.850803 -0.238765
vn -0.560192 0.805940 -0.191432
vn -0.468108 0.850803 -0.238765
vn -0.528890 0.806383 -0.264617
s off
g cherry_tree group1 leaf leaves leaf__29_ leaf__31_ leaf__33_ leaf__34_ leaf__2_ leaf__32_ leaf__35_ leaf__3_ leaf__7_ leaf__58_ leaf__8_ leaf__4_ leaf__26_ leaf__6_ leaf__41_ leaf__60_ leaf__59_ leaf__9_ leaf__10_ leaf__11_ leaf__24_ leaf__54_ leaf__57_ leaf__36_ leaf__38_ leaf__37_ leaf__42_ leaf__45_ leaf__43_ leaf__44_ leaf__25_ leaf__64_ leaf__55_ leaf__46_ leaf__56_ leaf__22_ leaf__5_ leaf__27_ leaf__28_ leaf__1_ leaf__30_ leaf__12_ leaf__14_ leaf__15_ leaf__48_ leaf__49_ leaf__62_ leaf__50_ leaf__16_ leaf__23_ leaf__53_ leaf__18_ leaf__51_ leaf__63_ leaf__52_ leaf__47_ leaf__17_ leaf__19_ leaf__21_ leaf__39_ leaf__40_ leaf__61_ leaf__20_ leaf__13_
usemtl leafSG
f 2212/6747/12547 2214/6749/12548 2213/6748/12549
f 2212/6747/12550 2213/6748/12551 2215/6750/12552
f 2216/6751/12553 2212/6747/12554 2215/6750/12555
f 2215/6750/12556 2213/6748/12557 2217/6752/12558
f 2216/6751/12559 2215/6750/12560 2218/6753/12561
f 2215/6750/12562 2217/6752/12563 2219/6754/12564
f 2218/6753/12565 2215/6750/12566 2219/6754/12567
f 2218/6753/12568 2219/6754/12569 2220/6755/12570
g default
v 119.958339 514.393904 1037.842362
v 132.128913 565.966192 919.447709
v 186.298877 559.523681 993.265083
v 62.641048 527.349834 966.538672
v 56.504896 463.289268 1080.113797
v 80.846043 566.433844 843.324490
v 2.334932 469.731779 1006.296423
v 14.505505 521.304067 887.901769
v -48.947938 470.199431 930.173204
vt 0.500000 0.000000
vt 1.000000 0.500000
vt 1.000000 0.000000
vt 0.500000 0.500000
vt 0.000000 0.000000
vt 1.000000 1.000000
vt 0.000000 0.500000
vt 0.500000 1.000000
vt 0.000000 1.000000
vn -0.363794 0.844792 0.392404
vn -0.306365 0.883841 0.353505
vn -0.353207 0.889655 0.289410
vn -0.363794 0.844792 0.392404
vn -0.353207 0.889655 0.289410
vn -0.410972 0.850509 0.328232
vn -0.418918 0.800390 0.428817
vn -0.363794 0.844792 0.392404
vn -0.410972 0.850509 0.328232
vn -0.410972 0.850509 0.328232
vn -0.353207 0.889655 0.289410
vn -0.397810 0.889833 0.223482
vn -0.418918 0.800390 0.428817
vn -0.410972 0.850509 0.328232
vn -0.466117 0.805939 0.364961
vn -0.410972 0.850509 0.328232
vn -0.397810 0.889833 0.223482
vn -0.455529 0.850803 0.261968
vn -0.466117 0.805939 0.364961
vn -0.410972 0.850509 0.328232
vn -0.455529 0.850803 0.261968
vn -0.466117 0.805939 0.364961
vn -0.455529 0.850803 0.261968
vn -0.510363 0.806382 0.298794
s off
g cherry_tree group1 leaf leaves leaf__29_ leaf__31_ leaf__33_ leaf__34_ leaf__2_ leaf__32_ leaf__35_ leaf__3_ leaf__7_ leaf__58_ leaf__8_ leaf__4_ leaf__26_ leaf__6_ leaf__41_ leaf__60_ leaf__59_ leaf__9_ leaf__10_ leaf__11_ leaf__24_ leaf__54_ leaf__57_ leaf__36_ leaf__38_ leaf__37_ leaf__42_ leaf__45_ leaf__43_ leaf__44_ leaf__25_ leaf__64_ leaf__55_ leaf__46_ leaf__56_ leaf__22_ leaf__5_ leaf__27_ leaf__28_ leaf__1_ leaf__30_ leaf__12_ leaf__14_ leaf__15_ leaf__48_ leaf__49_ leaf__62_ leaf__50_ leaf__16_ leaf__23_ leaf__53_ leaf__18_ leaf__51_ leaf__63_ leaf__52_ leaf__47_ leaf__17_ leaf__19_ leaf__21_ leaf__39_ leaf__40_ leaf__61_ leaf__20_ leaf__13_
usemtl leafSG
f 2221/6756/12571 2223/6758/12572 2222/6757/12573
f 2221/6756/12574 2222/6757/12575 2224/6759/12576
f 2225/6760/12577 2221/6756/12578 2224/6759/12579
f 2224/6759/12580 2222/6757/12581 2226/6761/12582
f 2225/6760/12583 2224/6759/12584 2227/6762/12585
f 2224/6759/12586 2226/6761/12587 2228/6763/12588
f 2227/6762/12589 2224/6759/12590 2228/6763/12591
f 2227/6762/12592 2228/6763/12593 2229/6764/12594
g default
v 45.444245 443.302568 1090.224744
v 136.499043 462.393384 999.838459
v 136.411817 455.488431 1091.365558
v 44.222216 457.748066 998.971369
v -44.322323 424.199644 1088.832839
v 137.787274 462.381277 908.060270
v -44.235096 431.104597 997.305740
v 46.819702 450.195413 906.919456
v -42.946866 431.092490 905.527551
vt 0.500000 0.000000
vt 1.000000 0.500000
vt 1.000000 0.000000
vt 0.500000 0.500000
vt 0.000000 0.000000
vt 1.000000 1.000000
vt 0.000000 0.500000
vt 0.500000 1.000000
vt 0.000000 1.000000
vn -0.171014 0.978492 0.115359
vn -0.092109 0.988958 0.116091
vn -0.091803 0.995100 0.036730
vn -0.171014 0.978492 0.115359
vn -0.091803 0.995100 0.036730
vn -0.170960 0.984629 0.035742
vn -0.248835 0.961826 0.113895
vn -0.171014 0.978492 0.115359
vn -0.170960 0.984629 0.035742
vn -0.170960 0.984629 0.035742
vn -0.091803 0.995100 0.036730
vn -0.090916 0.994936 -0.042864
vn -0.248835 0.961826 0.113895
vn -0.170960 0.984629 0.035742
vn -0.249027 0.967881 0.034527
vn -0.170960 0.984629 0.035742
vn -0.090916 0.994936 -0.042864
vn -0.169817 0.984488 -0.044102
vn -0.249027 0.967881 0.034527
vn -0.170960 0.984629 0.035742
vn -0.169817 0.984488 -0.044102
vn -0.249027 0.967881 0.034527
vn -0.169817 0.984488 -0.044102
vn -0.247642 0.967803 -0.045060
s off
g cherry_tree group1 leaf leaves leaf__29_ leaf__31_ leaf__33_ leaf__34_ leaf__2_ leaf__32_ leaf__35_ leaf__3_ leaf__7_ leaf__58_ leaf__8_ leaf__4_ leaf__26_ leaf__6_ leaf__41_ leaf__60_ leaf__59_ leaf__9_ leaf__10_ leaf__11_ leaf__24_ leaf__54_ leaf__57_ leaf__36_ leaf__38_ leaf__37_ leaf__42_ leaf__45_ leaf__43_ leaf__44_ leaf__25_ leaf__64_ leaf__55_ leaf__46_ leaf__56_ leaf__22_ leaf__5_ leaf__27_ leaf__28_ leaf__1_ leaf__30_ leaf__12_ leaf__14_ leaf__15_ leaf__48_ leaf__49_ leaf__62_ leaf__50_ leaf__16_ leaf__23_ leaf__53_ leaf__18_ leaf__51_ leaf__63_ leaf__52_ leaf__47_ leaf__17_ leaf__19_ leaf__21_ leaf__39_ leaf__40_ leaf__61_ leaf__20_ leaf__13_
usemtl leafSG
f 2230/6765/12595 2232/6767/12596 2231/6766/12597
f 2230/6765/12598 2231/6766/12599 2233/6768/12600
f 2234/6769/12601 2230/6765/12602 2233/6768/12603
f 2233/6768/12604 2231/6766/12605 2235/6770/12606
f 2234/6769/12607 2233/6768/12608 2236/6771/12609
f 2233/6768/12610 2235/6770/12611 2237/6772/12612
f 2236/6771/12613 2233/6768/12614 2237/6772/12615
f 2236/6771/12616 2237/6772/12617 2238/6773/12618
g default
v 11.576469 447.693912 1011.322802
v 55.366115 499.266230 900.652666
v 87.512570 492.823732 986.384770
v -24.280603 460.649827 927.157743
v -60.955823 396.589235 1034.823358
v 26.623468 499.733870 813.483086
v -93.102279 403.031733 949.091254
v -49.312633 454.604051 838.421117
v -121.844925 403.499374 861.921673
vt 0.500000 0.000000
vt 1.000000 0.500000
vt 1.000000 0.000000
vt 0.500000 0.500000
vt 0.000000 0.000000
vt 1.000000 1.000000
vt 0.000000 0.500000
vt 0.500000 1.000000
vt 0.000000 1.000000
vn -0.456496 0.844792 0.279175
vn -0.390677 0.883841 0.257288
vn -0.418403 0.889655 0.182901
vn -0.456496 0.844792 0.279175
vn -0.418403 0.889655 0.182901
vn -0.484525 0.850509 0.204622
vn -0.519423 0.800390 0.299292
vn -0.456496 0.844792 0.279175
vn -0.484525 0.850509 0.204622
vn -0.484525 0.850509 0.204622
vn -0.418403 0.889655 0.182901
vn -0.443478 0.889833 0.107354
vn -0.519423 0.800390 0.299292
vn -0.484525 0.850509 0.204622
vn -0.547558 0.805939 0.225038
vn -0.484525 0.850509 0.204622
vn -0.443478 0.889833 0.107354
vn -0.509465 0.850803 0.128764
vn -0.547558 0.805939 0.225038
vn -0.484525 0.850509 0.204622
vn -0.509465 0.850803 0.128764
vn -0.547558 0.805939 0.225038
vn -0.509465 0.850803 0.128764
vn -0.572224 0.806382 0.149358
s off
g cherry_tree group1 leaf leaves leaf__29_ leaf__31_ leaf__33_ leaf__34_ leaf__2_ leaf__32_ leaf__35_ leaf__3_ leaf__7_ leaf__58_ leaf__8_ leaf__4_ leaf__26_ leaf__6_ leaf__41_ leaf__60_ leaf__59_ leaf__9_ leaf__10_ leaf__11_ leaf__24_ leaf__54_ leaf__57_ leaf__36_ leaf__38_ leaf__37_ leaf__42_ leaf__45_ leaf__43_ leaf__44_ leaf__25_ leaf__64_ leaf__55_ leaf__46_ leaf__56_ leaf__22_ leaf__5_ leaf__27_ leaf__28_ leaf__1_ leaf__30_ leaf__12_ leaf__14_ leaf__15_ leaf__48_ leaf__49_ leaf__62_ leaf__50_ leaf__16_ leaf__23_ leaf__53_ leaf__18_ leaf__51_ leaf__63_ leaf__52_ leaf__47_ leaf__17_ leaf__19_ leaf__21_ leaf__39_ leaf__40_ leaf__61_ leaf__20_ leaf__13_
usemtl leafSG
f 2239/6774/12619 2241/6776/12620 2240/6775/12621
f 2239/6774/12622 2240/6775/12623 2242/6777/12624
f 2243/6778/12625 2239/6774/12626 2242/6777/12627
f 2242/6777/12628 2240/6775/12629 2244/6779/12630
f 2243/6778/12631 2242/6777/12632 2245/6780/12633
f 2242/6777/12634 2244/6779/12635 2246/6781/12636
f 2245/6780/12637 2242/6777/12638 2246/6781/12639
f 2245/6780/12640 2246/6781/12641 2247/6782/12642
g default
v -45.444461 494.852199 1088.534297
v 71.544179 529.571105 1044.564155
v 33.181636 521.661299 1127.574081
v -9.510529 509.985301 1004.766237
v -121.842754 461.417058 1050.189961
v 112.134527 530.854870 962.249678
v -83.480211 469.326864 967.180035
v 33.508429 504.045770 923.209894
v -42.889863 470.610629 884.865558
vt 0.500000 0.000000
vt 1.000000 0.500000
vt 1.000000 0.000000
vt 0.500000 0.500000
vt 0.000000 0.000000
vt 1.000000 1.000000
vt 0.000000 0.500000
vt 0.500000 1.000000
vt 0.000000 1.000000
vn -0.350454 0.936197 -0.026771
vn -0.282128 0.959352 0.006866
vn -0.248683 0.966400 -0.065021
vn -0.350454 0.936197 -0.026771
vn -0.248683 0.966400 -0.065021
vn -0.317123 0.943203 -0.098996
vn -0.416559 0.907111 -0.060238
vn -0.350454 0.936197 -0.026771
vn -0.317123 0.943203 -0.098996
vn -0.317123 0.943203 -0.098996
vn -0.248683 0.966400 -0.065021
vn -0.213663 0.967325 -0.136497
vn -0.416559 0.907111 -0.060238
vn -0.317123 0.943203 -0.098996
vn -0.383542 0.913992 -0.132339
vn -0.317123 0.943203 -0.098996
vn -0.213663 0.967325 -0.136497
vn -0.281771 0.944195 -0.170589
vn -0.383542 0.913992 -0.132339
vn -0.317123 0.943203 -0.098996
vn -0.281771 0.944195 -0.170589
vn -0.383542 0.913992 -0.132339
vn -0.281771 0.944195 -0.170589
vn -0.348094 0.915083 -0.203601
s off
g cherry_tree group1 leaf leaves leaf__29_ leaf__31_ leaf__33_ leaf__34_ leaf__2_ leaf__32_ leaf__35_ leaf__3_ leaf__7_ leaf__58_ leaf__8_ leaf__4_ leaf__26_ leaf__6_ leaf__41_ leaf__60_ leaf__59_ leaf__9_ leaf__10_ leaf__11_ leaf__24_ leaf__54_ leaf__57_ leaf__36_ leaf__38_ leaf__37_ leaf__42_ leaf__45_ leaf__43_ leaf__44_ leaf__25_ leaf__64_ leaf__55_ leaf__46_ leaf__56_ leaf__22_ leaf__5_ leaf__27_ leaf__28_ leaf__1_ leaf__30_ leaf__12_ leaf__14_ leaf__15_ leaf__48_ leaf__49_ leaf__62_ leaf__50_ leaf__16_ leaf__23_ leaf__53_ leaf__18_ leaf__51_ leaf__63_ leaf__52_ leaf__47_ leaf__17_ leaf__19_ leaf__21_ leaf__39_ leaf__40_ leaf__61_ leaf__20_ leaf__13_
usemtl leafSG
f 2248/6783/12643 2250/6785/12644 2249/6784/12645
f 2248/6783/12646 2249/6784/12647 2251/6786/12648
f 2252/6787/12649 2248/6783/12650 2251/6786/12651
f 2251/6786/12652 2249/6784/12653 2253/6788/12654
f 2252/6787/12655 2251/6786/12656 2254/6789/12657
f 2251/6786/12658 2253/6788/12659 2255/6790/12660
f 2254/6789/12661 2251/6786/12662 2255/6790/12663
f 2254/6789/12664 2255/6790/12665 2256/6791/12666
g default
v -81.828286 589.523529 1102.114749
v 4.402471 660.750010 1036.417240
v -17.929370 651.333817 1124.947019
v -64.790950 604.370164 1012.523161
v -140.870469 522.731815 1080.256493
v 31.591047 665.184777 948.861477
v -118.538628 532.148008 991.726714
v -32.307870 603.374488 926.029206
v -91.350052 536.582774 904.170951
vt 0.500000 0.000000
vt 1.000000 0.500000
vt 1.000000 0.000000
vt 0.500000 0.500000
vt 0.000000 0.000000
vt 1.000000 1.000000
vt 0.000000 0.500000
vt 0.500000 1.000000
vt 0.000000 1.000000
vn -0.710681 0.700810 -0.061617
vn -0.655125 0.754350 -0.042045
vn -0.635668 0.762772 -0.118768
vn -0.710681 0.700810 -0.061617
vn -0.635668 0.762772 -0.118768
vn -0.691346 0.709096 -0.138649
vn -0.761735 0.642831 -0.080799
vn -0.710681 0.700810 -0.061617
vn -0.691346 0.709096 -0.138649
vn -0.691346 0.709096 -0.138649
vn -0.635668 0.762772 -0.118768
vn -0.612183 0.766361 -0.194740
vn -0.761735 0.642831 -0.080799
vn -0.691346 0.709096 -0.138649
vn -0.742616 0.650898 -0.157646
vn -0.691346 0.709096 -0.138649
vn -0.612183 0.766361 -0.194740
vn -0.667603 0.712860 -0.214797
vn -0.742616 0.650898 -0.157646
vn -0.691346 0.709096 -0.138649
vn -0.667603 0.712860 -0.214797
vn -0.742616 0.650898 -0.157646
vn -0.667603 0.712860 -0.214797
vn -0.718793 0.654842 -0.233494
s off
g cherry_tree group1 leaf leaves leaf__29_ leaf__31_ leaf__33_ leaf__34_ leaf__2_ leaf__32_ leaf__35_ leaf__3_ leaf__7_ leaf__58_ leaf__8_ leaf__4_ leaf__26_ leaf__6_ leaf__41_ leaf__60_ leaf__59_ leaf__9_ leaf__10_ leaf__11_ leaf__24_ leaf__54_ leaf__57_ leaf__36_ leaf__38_ leaf__37_ leaf__42_ leaf__45_ leaf__43_ leaf__44_ leaf__25_ leaf__64_ leaf__55_ leaf__46_ leaf__56_ leaf__22_ leaf__5_ leaf__27_ leaf__28_ leaf__1_ leaf__30_ leaf__12_ leaf__14_ leaf__15_ leaf__48_ leaf__49_ leaf__62_ leaf__50_ leaf__16_ leaf__23_ leaf__53_ leaf__18_ leaf__51_ leaf__63_ leaf__52_ leaf__47_ leaf__17_ leaf__19_ leaf__21_ leaf__39_ leaf__40_ leaf__61_ leaf__20_ leaf__13_
usemtl leafSG
f 2257/6792/12667 2259/6794/12668 2258/6793/12669
f 2257/6792/12670 2258/6793/12671 2260/6795/12672
f 2261/6796/12673 2257/6792/12674 2260/6795/12675
f 2260/6795/12676 2258/6793/12677 2262/6797/12678
f 2261/6796/12679 2260/6795/12680 2263/6798/12681
f 2260/6795/12682 2262/6797/12683 2264/6799/12684
f 2263/6798/12685 2260/6795/12686 2264/6799/12687
f 2263/6798/12688 2264/6799/12689 2265/6800/12690
g default
v -240.350387 523.735955 853.884761
v -280.940586 612.918088 938.879450
v -299.907162 593.525888 851.191904
v -215.531362 547.661345 939.610686
v -186.162155 449.787657 858.377042
v -267.342553 628.151923 1028.366420
v -167.195578 469.179857 946.064588
v -207.785777 558.361990 1031.059277
v -153.597545 484.413692 1035.551558
vt 0.500000 0.000000
vt 1.000000 0.500000
vt 1.000000 0.000000
vt 0.500000 0.500000
vt 0.000000 0.000000
vt 1.000000 1.000000
vt 0.000000 0.500000
vt 0.500000 1.000000
vt 0.000000 1.000000
vn 0.747600 0.574987 -0.332392
vn 0.695914 0.635487 -0.334454
vn 0.712290 0.652568 -0.258453
vn 0.747600 0.574987 -0.332392
vn 0.712290 0.652568 -0.258453
vn 0.764201 0.591935 -0.256144
vn 0.794550 0.510843 -0.328223
vn 0.747600 0.574987 -0.332392
vn 0.764201 0.591935 -0.256144
vn 0.764201 0.591935 -0.256144
vn 0.712290 0.652568 -0.258453
vn 0.724153 0.665514 -0.180815
vn 0.794550 0.510843 -0.328223
vn 0.764201 0.591935 -0.256144
vn 0.811239 0.527527 -0.252203
vn 0.764201 0.591935 -0.256144
vn 0.724153 0.665514 -0.180815
vn 0.775929 0.605108 -0.178264
vn 0.811239 0.527527 -0.252203
vn 0.764201 0.591935 -0.256144
vn 0.775929 0.605108 -0.178264
vn 0.811239 0.527527 -0.252203
vn 0.775929 0.605108 -0.178264
vn 0.822789 0.540869 -0.174584
s off
g cherry_tree group1 leaf leaves leaf__29_ leaf__31_ leaf__33_ leaf__34_ leaf__2_ leaf__32_ leaf__35_ leaf__3_ leaf__7_ leaf__58_ leaf__8_ leaf__4_ leaf__26_ leaf__6_ leaf__41_ leaf__60_ leaf__59_ leaf__9_ leaf__10_ leaf__11_ leaf__24_ leaf__54_ leaf__57_ leaf__36_ leaf__38_ leaf__37_ leaf__42_ leaf__45_ leaf__43_ leaf__44_ leaf__25_ leaf__64_ leaf__55_ leaf__46_ leaf__56_ leaf__22_ leaf__5_ leaf__27_ leaf__28_ leaf__1_ leaf__30_ leaf__12_ leaf__14_ leaf__15_ leaf__48_ leaf__49_ leaf__62_ leaf__50_ leaf__16_ leaf__23_ leaf__53_ leaf__18_ leaf__51_ leaf__63_ leaf__52_ leaf__47_ leaf__17_ leaf__19_ leaf__21_ leaf__39_ leaf__40_ leaf__61_ leaf__20_ leaf__13_
usemtl leafSG
f 2266/6801/12691 2268/6803/12692 2267/6802/12693
f 2266/6801/12694 2267/6802/12695 2269/6804/12696
f 2270/6805/12697 2266/6801/12698 2269/6804/12699
f 2269/6804/12700 2267/6802/12701 2271/6806/12702
f 2270/6805/12703 2269/6804/12704 2272/6807/12705
f 2269/6804/12706 2271/6806/12707 2273/6808/12708
f 2272/6807/12709 2269/6804/12710 2273/6808/12711
f 2272/6807/12712 2273/6808/12713 2274/6809/12714
g default
v -276.760317 514.596132 982.473217
v -166.153941 645.399528 1065.244182
v -297.722337 616.957116 1067.364482
v -146.334167 549.687367 971.372131
v -254.750497 406.136083 905.820170
v -33.537746 667.742874 1071.362098
v -123.182101 434.578494 903.699869
v -12.575726 565.381890 986.470833
v 9.434094 456.921840 909.817786
vt 0.500000 0.000000
vt 1.000000 0.500000
vt 1.000000 0.000000
vt 0.500000 0.500000
vt 0.000000 0.000000
vt 1.000000 1.000000
vt 0.000000 0.500000
vt 0.500000 1.000000
vt 0.000000 1.000000
vn -0.179714 0.574986 -0.798182
vn -0.191848 0.635487 -0.747898
vn -0.114112 0.652567 -0.749089
vn -0.179714 0.574986 -0.798182
vn -0.114112 0.652567 -0.749089
vn -0.101692 0.591934 -0.799545
vn -0.166441 0.510842 -0.843408
vn -0.179714 0.574986 -0.798182
vn -0.101692 0.591934 -0.799545
vn -0.101692 0.591934 -0.799545
vn -0.114112 0.652567 -0.749089
vn -0.035653 0.665513 -0.745534
vn -0.166441 0.510842 -0.843408
vn -0.101692 0.591934 -0.799545
vn -0.088624 0.527526 -0.844903
vn -0.101692 0.591934 -0.799545
vn -0.035653 0.665513 -0.745534
vn -0.023022 0.605108 -0.795811
vn -0.088624 0.527526 -0.844903
vn -0.101692 0.591934 -0.799545
vn -0.023022 0.605108 -0.795811
vn -0.088624 0.527526 -0.844903
vn -0.023022 0.605108 -0.795811
vn -0.010246 0.540868 -0.841045
s off
g cherry_tree group1 leaf leaves leaf__29_ leaf__31_ leaf__33_ leaf__34_ leaf__2_ leaf__32_ leaf__35_ leaf__3_ leaf__7_ leaf__58_ leaf__8_ leaf__4_ leaf__26_ leaf__6_ leaf__41_ leaf__60_ leaf__59_ leaf__9_ leaf__10_ leaf__11_ leaf__24_ leaf__54_ leaf__57_ leaf__36_ leaf__38_ leaf__37_ leaf__42_ leaf__45_ leaf__43_ leaf__44_ leaf__25_ leaf__64_ leaf__55_ leaf__46_ leaf__56_ leaf__22_ leaf__5_ leaf__27_ leaf__28_ leaf__1_ leaf__30_ leaf__12_ leaf__14_ leaf__15_ leaf__48_ leaf__49_ leaf__62_ leaf__50_ leaf__16_ leaf__23_ leaf__53_ leaf__18_ leaf__51_ leaf__63_ leaf__52_ leaf__47_ leaf__17_ leaf__19_ leaf__21_ leaf__39_ leaf__40_ leaf__61_ leaf__20_ leaf__13_
usemtl leafSG
f 2275/6810/12715 2277/6812/12716 2276/6811/12717
f 2275/6810/12718 2276/6811/12719 2278/6813/12720
f 2279/6814/12721 2275/6810/12722 2278/6813/12723
f 2278/6813/12724 2276/6811/12725 2280/6815/12726
f 2279/6814/12727 2278/6813/12728 2281/6816/12729
f 2278/6813/12730 2280/6815/12731 2282/6817/12732
f 2281/6816/12733 2278/6813/12734 2282/6817/12735
f 2281/6816/12736 2282/6817/12737 2283/6818/12738
g default
v -14.009313 722.588335 994.753490
v 66.963091 833.898032 863.422002
v 91.941899 805.616211 992.650122
v -46.008762 759.201412 868.257928
v -113.520380 631.918071 994.350241
v 48.424428 854.537465 731.687265
v -138.499188 660.199892 865.122121
v -57.526784 771.509589 733.790633
v -157.037851 680.839325 733.387384
vt 0.500000 0.000000
vt 1.000000 0.500000
vt 1.000000 0.000000
vt 0.500000 0.500000
vt 0.000000 0.000000
vt 1.000000 1.000000
vt 0.000000 0.500000
vt 0.500000 1.000000
vt 0.000000 1.000000
vn -0.610139 0.724846 0.319890
vn -0.547468 0.773897 0.318374
vn -0.562113 0.790865 0.241995
vn -0.610139 0.724846 0.319890
vn -0.562113 0.790865 0.241995
vn -0.625037 0.741718 0.243275
vn -0.668944 0.671201 0.319379
vn -0.610139 0.724846 0.319890
vn -0.625037 0.741718 0.243275
vn -0.625037 0.741718 0.243275
vn -0.562113 0.790865 0.241995
vn -0.573197 0.802821 0.164084
vn -0.668944 0.671201 0.319379
vn -0.625037 0.741718 0.243275
vn -0.683975 0.687842 0.243004
vn -0.625037 0.741718 0.243275
vn -0.573197 0.802821 0.164084
vn -0.635949 0.753861 0.165109
vn -0.683975 0.687842 0.243004
vn -0.625037 0.741718 0.243275
vn -0.635949 0.753861 0.165109
vn -0.683975 0.687842 0.243004
vn -0.635949 0.753861 0.165109
vn -0.694673 0.700125 0.165089
s off
g cherry_tree group1 leaf leaves leaf__29_ leaf__31_ leaf__33_ leaf__34_ leaf__2_ leaf__32_ leaf__35_ leaf__3_ leaf__7_ leaf__58_ leaf__8_ leaf__4_ leaf__26_ leaf__6_ leaf__41_ leaf__60_ leaf__59_ leaf__9_ leaf__10_ leaf__11_ leaf__24_ leaf__54_ leaf__57_ leaf__36_ leaf__38_ leaf__37_ leaf__42_ leaf__45_ leaf__43_ leaf__44_ leaf__25_ leaf__64_ leaf__55_ leaf__46_ leaf__56_ leaf__22_ leaf__5_ leaf__27_ leaf__28_ leaf__1_ leaf__30_ leaf__12_ leaf__14_ leaf__15_ leaf__48_ leaf__49_ leaf__62_ leaf__50_ leaf__16_ leaf__23_ leaf__53_ leaf__18_ leaf__51_ leaf__63_ leaf__52_ leaf__47_ leaf__17_ leaf__19_ leaf__21_ leaf__39_ leaf__40_ leaf__61_ leaf__20_ leaf__13_
usemtl leafSG
f 2284/6819/12739 2286/6821/12740 2285/6820/12741
f 2284/6819/12742 2285/6820/12743 2287/6822/12744
f 2288/6823/12745 2284/6819/12746 2287/6822/12747
f 2287/6822/12748 2285/6820/12749 2289/6824/12750
f 2288/6823/12751 2287/6822/12752 2290/6825/12753
f 2287/6822/12754 2289/6824/12755 2291/6826/12756
f 2290/6825/12757 2287/6822/12758 2291/6826/12759
f 2290/6825/12760 2291/6826/12761 2292/6827/12762
g default
v -71.184876 618.588326 1027.407466
v 44.082463 729.898190 924.850697
v 30.909946 701.616358 1055.809973
v -65.521956 655.201401 897.050175
v -166.391023 527.917916 998.452750
v 64.143656 750.537643 793.339212
v -153.218505 556.199747 867.493473
v -37.951166 667.509611 764.936705
v -133.157313 576.839201 735.981988
vt 0.500000 0.000000
vt 1.000000 0.500000
vt 1.000000 0.000000
vt 0.500000 0.500000
vt 0.000000 0.000000
vt 1.000000 1.000000
vt 0.000000 0.500000
vt 0.500000 1.000000
vt 0.000000 1.000000
vn -0.676292 0.724845 0.131260
vn -0.615824 0.773896 0.147800
vn -0.607926 0.790864 0.070432
vn -0.676292 0.724845 0.131260
vn -0.607926 0.790864 0.070432
vn -0.668568 0.741717 0.053594
vn -0.732475 0.671200 0.113889
vn -0.676292 0.724845 0.131260
vn -0.668568 0.741717 0.053594
vn -0.668568 0.741717 0.053594
vn -0.607926 0.790864 0.070432
vn -0.596175 0.802820 -0.007382
vn -0.732475 0.671200 0.113889
vn -0.668568 0.741717 0.053594
vn -0.724947 0.687841 0.036413
vn -0.668568 0.741717 0.053594
vn -0.596175 0.802820 -0.007382
vn -0.656581 0.753860 -0.024415
vn -0.724947 0.687841 0.036413
vn -0.668568 0.741717 0.053594
vn -0.656581 0.753860 -0.024415
vn -0.724947 0.687841 0.036413
vn -0.656581 0.753860 -0.024415
vn -0.712826 0.700124 -0.041293
s off
g cherry_tree group1 leaf leaves leaf__29_ leaf__31_ leaf__33_ leaf__34_ leaf__2_ leaf__32_ leaf__35_ leaf__3_ leaf__7_ leaf__58_ leaf__8_ leaf__4_ leaf__26_ leaf__6_ leaf__41_ leaf__60_ leaf__59_ leaf__9_ leaf__10_ leaf__11_ leaf__24_ leaf__54_ leaf__57_ leaf__36_ leaf__38_ leaf__37_ leaf__42_ leaf__45_ leaf__43_ leaf__44_ leaf__25_ leaf__64_ leaf__55_ leaf__46_ leaf__56_ leaf__22_ leaf__5_ leaf__27_ leaf__28_ leaf__1_ leaf__30_ leaf__12_ leaf__14_ leaf__15_ leaf__48_ leaf__49_ leaf__62_ leaf__50_ leaf__16_ leaf__23_ leaf__53_ leaf__18_ leaf__51_ leaf__63_ leaf__52_ leaf__47_ leaf__17_ leaf__19_ leaf__21_ leaf__39_ leaf__40_ leaf__61_ leaf__20_ leaf__13_
usemtl leafSG
f 2293/6828/12763 2295/6830/12764 2294/6829/12765
f 2293/6828/12766 2294/6829/12767 2296/6831/12768
f 2297/6832/12769 2293/6828/12770 2296/6831/12771
f 2296/6831/12772 2294/6829/12773 2298/6833/12774
f 2297/6832/12775 2296/6831/12776 2299/6834/12777
f 2296/6831/12778 2298/6833/12779 2300/6835/12780
f 2299/6834/12781 2296/6831/12782 2300/6835/12783
f 2299/6834/12784 2300/6835/12785 2301/6836/12786
g default
v -262.192217 365.729601 922.489348
v -277.228700 397.584775 1047.326307
v -334.097399 383.731496 976.623170
v -204.438375 386.978492 991.411932
v -191.098993 340.943597 869.988856
v -221.171960 404.653945 1119.662774
v -134.230295 354.796876 940.691993
v -149.266778 386.652050 1065.528952
v -78.173554 361.866046 1013.028460
vt 0.500000 0.000000
vt 1.000000 0.500000
vt 1.000000 0.000000
vt 0.500000 0.500000
vt 0.000000 0.000000
vt 1.000000 1.000000
vt 0.000000 0.500000
vt 0.500000 1.000000
vt 0.000000 1.000000
vn 0.066094 0.953525 -0.293976
vn 0.003883 0.969056 -0.246810
vn 0.053014 0.981236 -0.185378
vn 0.066094 0.953525 -0.293976
vn 0.053014 0.981236 -0.185378
vn 0.115581 0.965704 -0.232501
vn 0.127886 0.931952 -0.339280
vn 0.066094 0.953525 -0.293976
vn 0.115581 0.965704 -0.232501
vn 0.115581 0.965704 -0.232501
vn 0.053014 0.981236 -0.185378
vn 0.101808 0.987199 -0.122772
vn 0.127886 0.931952 -0.339280
vn 0.115581 0.965704 -0.232501
vn 0.177411 0.944014 -0.278142
vn 0.115581 0.965704 -0.232501
vn 0.101808 0.987199 -0.122772
vn 0.164330 0.971726 -0.169544
vn 0.177411 0.944014 -0.278142
vn 0.115581 0.965704 -0.232501
vn 0.164330 0.971726 -0.169544
vn 0.177411 0.944014 -0.278142
vn 0.164330 0.971726 -0.169544
vn 0.225811 0.950095 -0.215241
s off
g cherry_tree group1 leaf leaves leaf__29_ leaf__31_ leaf__33_ leaf__34_ leaf__2_ leaf__32_ leaf__35_ leaf__3_ leaf__7_ leaf__58_ leaf__8_ leaf__4_ leaf__26_ leaf__6_ leaf__41_ leaf__60_ leaf__59_ leaf__9_ leaf__10_ leaf__11_ leaf__24_ leaf__54_ leaf__57_ leaf__36_ leaf__38_ leaf__37_ leaf__42_ leaf__45_ leaf__43_ leaf__44_ leaf__25_ leaf__64_ leaf__55_ leaf__46_ leaf__56_ leaf__22_ leaf__5_ leaf__27_ leaf__28_ leaf__1_ leaf__30_ leaf__12_ leaf__14_ leaf__15_ leaf__48_ leaf__49_ leaf__62_ leaf__50_ leaf__16_ leaf__23_ leaf__53_ leaf__18_ leaf__51_ leaf__63_ leaf__52_ leaf__47_ leaf__17_ leaf__19_ leaf__21_ leaf__39_ leaf__40_ leaf__61_ leaf__20_ leaf__13_
usemtl leafSG
f 2302/6837/12787 2304/6839/12788 2303/6838/12789
f 2302/6837/12790 2303/6838/12791 2305/6840/12792
f 2306/6841/12793 2302/6837/12794 2305/6840/12795
f 2305/6840/12796 2303/6838/12797 2307/6842/12798
f 2306/6841/12799 2305/6840/12800 2308/6843/12801
f 2305/6840/12802 2307/6842/12803 2309/6844/12804
f 2308/6843/12805 2305/6840/12806 2309/6844/12807
f 2308/6843/12808 2309/6844/12809 2310/6845/12810
g default
v -295.605982 439.187761 1001.439889
v -199.939096 471.042944 1083.037735
v -290.299028 457.189655 1091.287883
v -206.239462 460.436661 991.467248
v -300.001664 414.401757 913.171966
v -108.667893 478.112123 1076.367659
v -209.641733 428.255046 904.921818
v -113.974847 460.110229 986.519665
v -118.370529 435.324226 898.251743
vt 0.500000 0.000000
vt 1.000000 0.500000
vt 1.000000 0.000000
vt 0.500000 0.500000
vt 0.000000 0.000000
vt 1.000000 1.000000
vt 0.000000 0.500000
vt 0.500000 1.000000
vt 0.000000 1.000000
vn -0.208306 0.953525 -0.217713
vn -0.203439 0.969056 -0.139796
vn -0.125084 0.981236 -0.146730
vn -0.208306 0.953525 -0.217713
vn -0.125084 0.981236 -0.146730
vn -0.129718 0.965704 -0.224920
vn -0.211853 0.931952 -0.294251
vn -0.208306 0.953525 -0.217713
vn -0.129718 0.965704 -0.224920
vn -0.129718 0.965704 -0.224920
vn -0.125084 0.981236 -0.146730
vn -0.045936 0.987199 -0.152734
vn -0.211853 0.931952 -0.294251
vn -0.129718 0.965704 -0.224920
vn -0.133524 0.944014 -0.301676
vn -0.129718 0.965704 -0.224920
vn -0.045936 0.987199 -0.152734
vn -0.050302 0.971726 -0.230693
vn -0.133524 0.944014 -0.301676
vn -0.129718 0.965704 -0.224920
vn -0.050302 0.971726 -0.230693
vn -0.133524 0.944014 -0.301676
vn -0.050302 0.971726 -0.230693
vn -0.054349 0.950095 -0.307190
s off
g cherry_tree group1 leaf leaves leaf__29_ leaf__31_ leaf__33_ leaf__34_ leaf__2_ leaf__32_ leaf__35_ leaf__3_ leaf__7_ leaf__58_ leaf__8_ leaf__4_ leaf__26_ leaf__6_ leaf__41_ leaf__60_ leaf__59_ leaf__9_ leaf__10_ leaf__11_ leaf__24_ leaf__54_ leaf__57_ leaf__36_ leaf__38_ leaf__37_ leaf__42_ leaf__45_ leaf__43_ leaf__44_ leaf__25_ leaf__64_ leaf__55_ leaf__46_ leaf__56_ leaf__22_ leaf__5_ leaf__27_ leaf__28_ leaf__1_ leaf__30_ leaf__12_ leaf__14_ leaf__15_ leaf__48_ leaf__49_ leaf__62_ leaf__50_ leaf__16_ leaf__23_ leaf__53_ leaf__18_ leaf__51_ leaf__63_ leaf__52_ leaf__47_ leaf__17_ leaf__19_ leaf__21_ leaf__39_ leaf__40_ leaf__61_ leaf__20_ leaf__13_
usemtl leafSG
f 2311/6846/12811 2313/6848/12812 2312/6847/12813
f 2311/6846/12814 2312/6847/12815 2314/6849/12816
f 2315/6850/12817 2311/6846/12818 2314/6849/12819
f 2314/6849/12820 2312/6847/12821 2316/6851/12822
f 2315/6850/12823 2314/6849/12824 2317/6852/12825
f 2314/6849/12826 2316/6851/12827 2318/6853/12828
f 2317/6852/12829 2314/6849/12830 2318/6853/12831
f 2317/6852/12832 2318/6853/12833 2319/6854/12834
g default
v -211.323802 333.287787 1019.691113
v -107.725608 365.142950 1090.949659
v -196.746444 351.289686 1108.507382
v -123.469312 354.536661 1000.522961
v -224.831253 308.501778 932.352118
v -17.634865 372.212105 1074.869210
v -135.810417 322.355042 914.794394
v -32.212223 354.210205 986.052940
v -45.719674 329.424197 898.713945
vt 0.500000 0.000000
vt 1.000000 0.500000
vt 1.000000 0.000000
vt 0.500000 0.500000
vt 0.000000 0.000000
vt 1.000000 1.000000
vt 0.000000 0.500000
vt 0.500000 1.000000
vt 0.000000 1.000000
vn -0.229720 0.953525 -0.194985
vn -0.216815 0.969056 -0.117990
vn -0.139598 0.981236 -0.132996
vn -0.229720 0.953525 -0.194985
vn -0.139598 0.981236 -0.132996
vn -0.152299 0.965704 -0.210287
vn -0.241169 0.931952 -0.270745
vn -0.229720 0.953525 -0.194985
vn -0.152299 0.965704 -0.210287
vn -0.152299 0.965704 -0.210287
vn -0.139598 0.981236 -0.132996
vn -0.061496 0.987199 -0.147160
vn -0.241169 0.931952 -0.270745
vn -0.152299 0.965704 -0.210287
vn -0.164029 0.944014 -0.286237
vn -0.152299 0.965704 -0.210287
vn -0.061496 0.987199 -0.147160
vn -0.073907 0.971725 -0.224248
vn -0.164029 0.944014 -0.286237
vn -0.152299 0.965704 -0.210287
vn -0.073907 0.971725 -0.224248
vn -0.164029 0.944014 -0.286237
vn -0.073907 0.971725 -0.224248
vn -0.085850 0.950095 -0.299915
s off
g cherry_tree group1 leaf leaves leaf__29_ leaf__31_ leaf__33_ leaf__34_ leaf__2_ leaf__32_ leaf__35_ leaf__3_ leaf__7_ leaf__58_ leaf__8_ leaf__4_ leaf__26_ leaf__6_ leaf__41_ leaf__60_ leaf__59_ leaf__9_ leaf__10_ leaf__11_ leaf__24_ leaf__54_ leaf__57_ leaf__36_ leaf__38_ leaf__37_ leaf__42_ leaf__45_ leaf__43_ leaf__44_ leaf__25_ leaf__64_ leaf__55_ leaf__46_ leaf__56_ leaf__22_ leaf__5_ leaf__27_ leaf__28_ leaf__1_ leaf__30_ leaf__12_ leaf__14_ leaf__15_ leaf__48_ leaf__49_ leaf__62_ leaf__50_ leaf__16_ leaf__23_ leaf__53_ leaf__18_ leaf__51_ leaf__63_ leaf__52_ leaf__47_ leaf__17_ leaf__19_ leaf__21_ leaf__39_ leaf__40_ leaf__61_ leaf__20_ leaf__13_
usemtl leafSG
f 2320/6855/12835 2322/6857/12836 2321/6856/12837
f 2320/6855/12838 2321/6856/12839 2323/6858/12840
f 2324/6859/12841 2320/6855/12842 2323/6858/12843
f 2323/6858/12844 2321/6856/12845 2325/6860/12846
f 2324/6859/12847 2323/6858/12848 2326/6861/12849
f 2323/6858/12850 2325/6860/12851 2327/6862/12852
f 2326/6861/12853 2323/6858/12854 2327/6862/12855
f 2326/6861/12856 2327/6862/12857 2328/6863/12858
g default
v -217.797498 399.911407 940.413351
v -269.453752 428.985467 1095.998967
v -321.962623 397.312595 995.399505
v -166.205536 441.145388 1038.921721
v -112.791283 393.739664 887.345391
v -216.103791 451.887784 1198.516622
v -60.282413 425.412536 987.944853
v -111.938667 454.486596 1143.530468
v -6.932452 448.314853 1090.462508
vt 0.500000 0.000000
vt 1.000000 0.500000
vt 1.000000 0.000000
vt 0.500000 0.500000
vt 0.000000 0.000000
vt 1.000000 1.000000
vt 0.000000 0.500000
vt 0.500000 1.000000
vt 0.000000 1.000000
vn -0.128851 0.951055 -0.280878
vn -0.199099 0.949249 -0.243488
vn -0.163860 0.970759 -0.175432
vn -0.128851 0.951055 -0.280878
vn -0.163860 0.970759 -0.175432
vn -0.093276 0.972649 -0.212726
vn -0.057786 0.946835 -0.316487
vn -0.128851 0.951055 -0.280878
vn -0.093276 0.972649 -0.212726
vn -0.093276 0.972649 -0.212726
vn -0.163860 0.970759 -0.175432
vn -0.127583 0.986119 -0.106265
vn -0.057786 0.946835 -0.316487
vn -0.093276 0.972649 -0.212726
vn -0.022098 0.968338 -0.248664
vn -0.093276 0.972649 -0.212726
vn -0.127583 0.986119 -0.106265
vn -0.057107 0.988042 -0.143219
vn -0.022098 0.968338 -0.248664
vn -0.093276 0.972649 -0.212726
vn -0.057107 0.988042 -0.143219
vn -0.022098 0.968338 -0.248664
vn -0.057107 0.988042 -0.143219
vn 0.013730 0.983705 -0.179265
s off
g cherry_tree group1 leaf leaves leaf__29_ leaf__31_ leaf__33_ leaf__34_ leaf__2_ leaf__32_ leaf__35_ leaf__3_ leaf__7_ leaf__58_ leaf__8_ leaf__4_ leaf__26_ leaf__6_ leaf__41_ leaf__60_ leaf__59_ leaf__9_ leaf__10_ leaf__11_ leaf__24_ leaf__54_ leaf__57_ leaf__36_ leaf__38_ leaf__37_ leaf__42_ leaf__45_ leaf__43_ leaf__44_ leaf__25_ leaf__64_ leaf__55_ leaf__46_ leaf__56_ leaf__22_ leaf__5_ leaf__27_ leaf__28_ leaf__1_ leaf__30_ leaf__12_ leaf__14_ leaf__15_ leaf__48_ leaf__49_ leaf__62_ leaf__50_ leaf__16_ leaf__23_ leaf__53_ leaf__18_ leaf__51_ leaf__63_ leaf__52_ leaf__47_ leaf__17_ leaf__19_ leaf__21_ leaf__39_ leaf__40_ leaf__61_ leaf__20_ leaf__13_
usemtl leafSG
f 2329/6864/12859 2331/6866/12860 2330/6865/12861
f 2329/6864/12862 2330/6865/12863 2332/6867/12864
f 2333/6868/12865 2329/6864/12866 2332/6867/12867
f 2332/6867/12868 2330/6865/12869 2334/6869/12870
f 2333/6868/12871 2332/6867/12872 2335/6870/12873
f 2332/6867/12874 2334/6869/12875 2336/6871/12876
f 2335/6870/12877 2332/6867/12878 2336/6871/12879
f 2335/6870/12880 2336/6871/12881 2337/6872/12882
g default
v -147.582255 454.359534 977.209801
v -191.368624 505.485567 1088.088114
v -230.174162 477.868554 1009.625852
v -107.527990 489.013472 1052.920466
v -66.135827 424.395433 947.317835
v -153.708566 526.647501 1169.074461
v -27.330289 452.012447 1025.780097
v -71.116659 503.138480 1136.658410
v 10.329769 473.174380 1106.766444
vt 0.500000 0.000000
vt 1.000000 0.500000
vt 1.000000 0.000000
vt 0.500000 0.500000
vt 0.000000 0.000000
vt 1.000000 1.000000
vt 0.000000 0.500000
vt 0.500000 1.000000
vt 0.000000 1.000000
vn 0.129277 0.894721 -0.427506
vn 0.057744 0.915071 -0.399136
vn 0.091187 0.939196 -0.331051
vn 0.129277 0.894721 -0.427506
vn 0.091187 0.939196 -0.331051
vn 0.163057 0.918867 -0.359298
vn 0.199992 0.868702 -0.453168
vn 0.129277 0.894721 -0.427506
vn 0.163057 0.918867 -0.359298
vn 0.163057 0.918867 -0.359298
vn 0.091187 0.939196 -0.331051
vn 0.124052 0.957371 -0.260869
vn 0.199992 0.868702 -0.453168
vn 0.163057 0.918867 -0.359298
vn 0.233887 0.892679 -0.385254
vn 0.163057 0.918867 -0.359298
vn 0.124052 0.957371 -0.260869
vn 0.195796 0.937155 -0.288799
vn 0.233887 0.892679 -0.385254
vn 0.163057 0.918867 -0.359298
vn 0.195796 0.937155 -0.288799
vn 0.233887 0.892679 -0.385254
vn 0.195796 0.937155 -0.288799
vn 0.266300 0.911001 -0.314900
s off
g cherry_tree group1 leaf leaves leaf__29_ leaf__31_ leaf__33_ leaf__34_ leaf__2_ leaf__32_ leaf__35_ leaf__3_ leaf__7_ leaf__58_ leaf__8_ leaf__4_ leaf__26_ leaf__6_ leaf__41_ leaf__60_ leaf__59_ leaf__9_ leaf__10_ leaf__11_ leaf__24_ leaf__54_ leaf__57_ leaf__36_ leaf__38_ leaf__37_ leaf__42_ leaf__45_ leaf__43_ leaf__44_ leaf__25_ leaf__64_ leaf__55_ leaf__46_ leaf__56_ leaf__22_ leaf__5_ leaf__27_ leaf__28_ leaf__1_ leaf__30_ leaf__12_ leaf__14_ leaf__15_ leaf__48_ leaf__49_ leaf__62_ leaf__50_ leaf__16_ leaf__23_ leaf__53_ leaf__18_ leaf__51_ leaf__63_ leaf__52_ leaf__47_ leaf__17_ leaf__19_ leaf__21_ leaf__39_ leaf__40_ leaf__61_ leaf__20_ leaf__13_
usemtl leafSG
f 2338/6873/12883 2340/6875/12884 2339/6874/12885
f 2338/6873/12886 2339/6874/12887 2341/6876/12888
f 2342/6877/12889 2338/6873/12890 2341/6876/12891
f 2341/6876/12892 2339/6874/12893 2343/6878/12894
f 2342/6877/12895 2341/6876/12896 2344/6879/12897
f 2341/6876/12898 2343/6878/12899 2345/6880/12900
f 2344/6879/12901 2341/6876/12902 2345/6880/12903
f 2344/6879/12904 2345/6880/12905 2346/6881/12906
g default
v -132.644089 399.589462 1075.000435
v -71.027024 386.553964 1188.395890
v -156.332173 370.262702 1158.688616
v -49.019738 423.144815 1106.456079
v -107.414182 422.252756 989.708450
v 15.819946 396.181760 1216.499360
v -22.109033 438.544017 1019.415724
v 39.508031 425.508520 1132.811179
v 64.737938 448.171813 1047.519194
vt 0.500000 0.000000
vt 1.000000 0.500000
vt 1.000000 0.000000
vt 0.500000 0.500000
vt 0.000000 0.000000
vt 1.000000 1.000000
vt 0.000000 0.500000
vt 0.500000 1.000000
vt 0.000000 1.000000
vn -0.293655 0.934233 0.202425
vn -0.313934 0.908731 0.275050
vn -0.240053 0.922893 0.301070
vn -0.293655 0.934233 0.202425
vn -0.240053 0.922893 0.301070
vn -0.219475 0.948531 0.228298
vn -0.271514 0.953815 0.128517
vn -0.293655 0.934233 0.202425
vn -0.219475 0.948531 0.228298
vn -0.219475 0.948531 0.228298
vn -0.240053 0.922893 0.301070
vn -0.164650 0.931207 0.325182
vn -0.271514 0.953815 0.128517
vn -0.219475 0.948531 0.228298
vn -0.197498 0.968120 0.154071
vn -0.219475 0.948531 0.228298
vn -0.164650 0.931207 0.325182
vn -0.143896 0.956780 0.252716
vn -0.197498 0.968120 0.154071
vn -0.219475 0.948531 0.228298
vn -0.143896 0.956780 0.252716
vn -0.197498 0.968120 0.154071
vn -0.143896 0.956780 0.252716
vn -0.122230 0.976291 0.178649
s off
g cherry_tree group1 leaf leaves leaf__29_ leaf__31_ leaf__33_ leaf__34_ leaf__2_ leaf__32_ leaf__35_ leaf__3_ leaf__7_ leaf__58_ leaf__8_ leaf__4_ leaf__26_ leaf__6_ leaf__41_ leaf__60_ leaf__59_ leaf__9_ leaf__10_ leaf__11_ leaf__24_ leaf__54_ leaf__57_ leaf__36_ leaf__38_ leaf__37_ leaf__42_ leaf__45_ leaf__43_ leaf__44_ leaf__25_ leaf__64_ leaf__55_ leaf__46_ leaf__56_ leaf__22_ leaf__5_ leaf__27_ leaf__28_ leaf__1_ leaf__30_ leaf__12_ leaf__14_ leaf__15_ leaf__48_ leaf__49_ leaf__62_ leaf__50_ leaf__16_ leaf__23_ leaf__53_ leaf__18_ leaf__51_ leaf__63_ leaf__52_ leaf__47_ leaf__17_ leaf__19_ leaf__21_ leaf__39_ leaf__40_ leaf__61_ leaf__20_ leaf__13_
usemtl leafSG
f 2347/6882/12907 2349/6884/12908 2348/6883/12909
f 2347/6882/12910 2348/6883/12911 2350/6885/12912
f 2351/6886/12913 2347/6882/12914 2350/6885/12915
f 2350/6885/12916 2348/6883/12917 2352/6887/12918
f 2351/6886/12919 2350/6885/12920 2353/6888/12921
f 2350/6885/12922 2352/6887/12923 2354/6889/12924
f 2353/6888/12925 2350/6885/12926 2354/6889/12927
f 2353/6888/12928 2354/6889/12929 2355/6890/12930
g default
v -111.458348 429.772463 1095.027830
v -56.859728 428.581093 1212.682759
v -140.603111 410.293606 1179.857371
v -29.343514 455.496757 1128.684265
v -80.819693 442.429420 1009.435959
v 28.377546 440.046680 1244.745817
v 2.923690 460.716907 1042.261347
v 57.522309 459.525537 1159.916276
v 88.160965 472.182494 1074.324405
vt 0.500000 0.000000
vt 1.000000 0.500000
vt 1.000000 0.000000
vt 0.500000 0.500000
vt 0.000000 0.000000
vt 1.000000 1.000000
vt 0.000000 0.500000
vt 0.500000 1.000000
vt 0.000000 1.000000
vn -0.285474 0.955046 0.079946
vn -0.310491 0.938087 0.153585
vn -0.237978 0.954010 0.182297
vn -0.285474 0.955046 0.079946
vn -0.237978 0.954010 0.182297
vn -0.212652 0.971083 0.108516
vn -0.258649 0.965954 0.005801
vn -0.285474 0.955046 0.079946
vn -0.212652 0.971083 0.108516
vn -0.212652 0.971083 0.108516
vn -0.237978 0.954010 0.182297
vn -0.163957 0.963888 0.209853
vn -0.258649 0.965954 0.005801
vn -0.212652 0.971083 0.108516
vn -0.185971 0.981965 0.034044
vn -0.212652 0.971083 0.108516
vn -0.163957 0.963888 0.209853
vn -0.138475 0.980929 0.136394
vn -0.185971 0.981965 0.034044
vn -0.212652 0.971083 0.108516
vn -0.138475 0.980929 0.136394
vn -0.185971 0.981965 0.034044
vn -0.138475 0.980929 0.136394
vn -0.112115 0.991755 0.062070
s off
g cherry_tree group1 leaf leaves leaf__29_ leaf__31_ leaf__33_ leaf__34_ leaf__2_ leaf__32_ leaf__35_ leaf__3_ leaf__7_ leaf__58_ leaf__8_ leaf__4_ leaf__26_ leaf__6_ leaf__41_ leaf__60_ leaf__59_ leaf__9_ leaf__10_ leaf__11_ leaf__24_ leaf__54_ leaf__57_ leaf__36_ leaf__38_ leaf__37_ leaf__42_ leaf__45_ leaf__43_ leaf__44_ leaf__25_ leaf__64_ leaf__55_ leaf__46_ leaf__56_ leaf__22_ leaf__5_ leaf__27_ leaf__28_ leaf__1_ leaf__30_ leaf__12_ leaf__14_ leaf__15_ leaf__48_ leaf__49_ leaf__62_ leaf__50_ leaf__16_ leaf__23_ leaf__53_ leaf__18_ leaf__51_ leaf__63_ leaf__52_ leaf__47_ leaf__17_ leaf__19_ leaf__21_ leaf__39_ leaf__40_ leaf__61_ leaf__20_ leaf__13_
usemtl leafSG
f 2356/6891/12931 2358/6893/12932 2357/6892/12933
f 2356/6891/12934 2357/6892/12935 2359/6894/12936
f 2360/6895/12937 2356/6891/12938 2359/6894/12939
f 2359/6894/12940 2357/6892/12941 2361/6896/12942
f 2360/6895/12943 2359/6894/12944 2362/6897/12945
f 2359/6894/12946 2361/6896/12947 2363/6898/12948
f 2362/6897/12949 2359/6894/12950 2363/6898/12951
f 2362/6897/12952 2363/6898/12953 2364/6899/12954
g default
v -6.893685 535.873001 954.027423
v -8.243710 657.214256 825.880327
v 67.470443 630.829334 921.628127
v -88.581333 568.425772 864.182824
v -75.778230 435.258809 981.011619
v -78.478279 677.941319 724.717426
v -151.492383 461.643732 885.263818
v -152.842407 582.984987 757.116722
v -221.726952 482.370795 784.100918
vt 0.500000 0.000000
vt 1.000000 0.500000
vt 1.000000 0.000000
vt 0.500000 0.500000
vt 0.000000 0.000000
vt 1.000000 1.000000
vt 0.000000 0.500000
vt 0.500000 1.000000
vt 0.000000 1.000000
vn -0.524797 0.574985 0.627678
vn -0.477485 0.635486 0.606766
vn -0.525660 0.652567 0.545746
vn -0.524797 0.574985 0.627678
vn -0.525660 0.652567 0.545746
vn -0.573282 0.591933 0.566536
vn -0.568783 0.510841 0.644613
vn -0.524797 0.574985 0.627678
vn -0.573282 0.591933 0.566536
vn -0.573282 0.591933 0.566536
vn -0.525660 0.652567 0.545746
vn -0.570504 0.665512 0.481267
vn -0.568783 0.510841 0.644613
vn -0.573282 0.591933 0.566536
vn -0.617248 0.527526 0.583713
vn -0.573282 0.591933 0.566536
vn -0.570504 0.665512 0.481267
vn -0.618111 0.605107 0.501781
vn -0.617248 0.527526 0.583713
vn -0.573282 0.591933 0.566536
vn -0.618111 0.605107 0.501781
vn -0.617248 0.527526 0.583713
vn -0.618111 0.605107 0.501781
vn -0.661802 0.540868 0.519115
s off
g cherry_tree group1 leaf leaves leaf__29_ leaf__31_ leaf__33_ leaf__34_ leaf__2_ leaf__32_ leaf__35_ leaf__3_ leaf__7_ leaf__58_ leaf__8_ leaf__4_ leaf__26_ leaf__6_ leaf__41_ leaf__60_ leaf__59_ leaf__9_ leaf__10_ leaf__11_ leaf__24_ leaf__54_ leaf__57_ leaf__36_ leaf__38_ leaf__37_ leaf__42_ leaf__45_ leaf__43_ leaf__44_ leaf__25_ leaf__64_ leaf__55_ leaf__46_ leaf__56_ leaf__22_ leaf__5_ leaf__27_ leaf__28_ leaf__1_ leaf__30_ leaf__12_ leaf__14_ leaf__15_ leaf__48_ leaf__49_ leaf__62_ leaf__50_ leaf__16_ leaf__23_ leaf__53_ leaf__18_ leaf__51_ leaf__63_ leaf__52_ leaf__47_ leaf__17_ leaf__19_ leaf__21_ leaf__39_ leaf__40_ leaf__61_ leaf__20_ leaf__13_
usemtl leafSG
f 2365/6900/12955 2367/6902/12956 2366/6901/12957
f 2365/6900/12958 2366/6901/12959 2368/6903/12960
f 2369/6904/12961 2365/6900/12962 2368/6903/12963
f 2368/6903/12964 2366/6901/12965 2370/6905/12966
f 2369/6904/12967 2368/6903/12968 2371/6906/12969
f 2368/6903/12970 2370/6905/12971 2372/6907/12972
f 2371/6906/12973 2368/6903/12974 2372/6907/12975
f 2371/6906/12976 2372/6907/12977 2373/6908/12978
g default
v -219.000743 586.093023 1019.835158
v -92.454340 707.434223 1040.071810
v -199.579187 681.049309 1098.591413
v -116.689539 618.645790 954.433753
v -234.006667 485.478874 947.391692
v 19.086140 728.161274 987.864996
v -126.881819 511.863788 888.872089
v -0.335416 633.204988 909.108741
v -15.341340 532.590839 836.665274
vt 0.500000 0.000000
vt 1.000000 0.500000
vt 1.000000 0.000000
vt 0.500000 0.500000
vt 0.000000 0.000000
vt 1.000000 1.000000
vt 0.000000 0.500000
vt 0.500000 1.000000
vt 0.000000 1.000000
vn -0.530400 0.574986 -0.622950
vn -0.517749 0.635487 -0.572794
vn -0.449491 0.652567 -0.610012
vn -0.530400 0.574986 -0.622950
vn -0.449491 0.652567 -0.610012
vn -0.461970 0.591934 -0.660453
vn -0.539691 0.510842 -0.669159
vn -0.530400 0.574986 -0.622950
vn -0.461970 0.591934 -0.660453
vn -0.461970 0.591934 -0.660453
vn -0.449491 0.652567 -0.610012
vn -0.378385 0.665513 -0.643364
vn -0.539691 0.510842 -0.669159
vn -0.461970 0.591934 -0.660453
vn -0.471503 0.527526 -0.706683
vn -0.461970 0.591934 -0.660453
vn -0.378385 0.665513 -0.643364
vn -0.390593 0.605107 -0.693745
vn -0.471503 0.527526 -0.706683
vn -0.461970 0.591934 -0.660453
vn -0.390593 0.605107 -0.693745
vn -0.471503 0.527526 -0.706683
vn -0.390593 0.605107 -0.693745
vn -0.400327 0.540868 -0.739730
s off
g cherry_tree group1 leaf leaves leaf__29_ leaf__31_ leaf__33_ leaf__34_ leaf__2_ leaf__32_ leaf__35_ leaf__3_ leaf__7_ leaf__58_ leaf__8_ leaf__4_ leaf__26_ leaf__6_ leaf__41_ leaf__60_ leaf__59_ leaf__9_ leaf__10_ leaf__11_ leaf__24_ leaf__54_ leaf__57_ leaf__36_ leaf__38_ leaf__37_ leaf__42_ leaf__45_ leaf__43_ leaf__44_ leaf__25_ leaf__64_ leaf__55_ leaf__46_ leaf__56_ leaf__22_ leaf__5_ leaf__27_ leaf__28_ leaf__1_ leaf__30_ leaf__12_ leaf__14_ leaf__15_ leaf__48_ leaf__49_ leaf__62_ leaf__50_ leaf__16_ leaf__23_ leaf__53_ leaf__18_ leaf__51_ leaf__63_ leaf__52_ leaf__47_ leaf__17_ leaf__19_ leaf__21_ leaf__39_ leaf__40_ leaf__61_ leaf__20_ leaf__13_
usemtl leafSG
f 2374/6909/12979 2376/6911/12980 2375/6910/12981
f 2374/6909/12982 2375/6910/12983 2377/6912/12984
f 2378/6913/12985 2374/6909/12986 2377/6912/12987
f 2377/6912/12988 2375/6910/12989 2379/6914/12990
f 2378/6913/12991 2377/6912/12992 2380/6915/12993
f 2377/6912/12994 2379/6914/12995 2381/6916/12996
f 2380/6915/12997 2377/6912/12998 2381/6916/12999
f 2380/6915/13000 2381/6916/13001 2382/6917/13002
g default
v -99.115493 719.693005 729.153130
v -223.909380 841.034254 758.307684
v -146.894890 814.649330 663.602643
v -169.070148 752.245777 828.406705
v -57.812195 619.078820 790.531172
v -307.399968 861.761319 848.840281
v -134.826685 645.463744 885.236212
v -259.620572 766.804994 914.390767
v -218.317274 666.190809 975.768809
vt 0.500000 0.000000
vt 1.000000 0.500000
vt 1.000000 0.000000
vt 0.500000 0.500000
vt 0.000000 0.000000
vt 1.000000 1.000000
vt 0.000000 0.500000
vt 0.500000 1.000000
vt 0.000000 1.000000
vn 0.726689 0.574985 0.375918
vn 0.695999 0.635486 0.334279
vn 0.646901 0.652567 0.394559
vn 0.726689 0.574985 0.375918
vn 0.646901 0.652567 0.394559
vn 0.677539 0.591933 0.436527
vn 0.752775 0.510841 0.415176
vn 0.726689 0.574985 0.375918
vn 0.677539 0.591933 0.436527
vn 0.677539 0.591933 0.436527
vn 0.646901 0.652567 0.394559
vn 0.593703 0.665512 0.452338
vn 0.752775 0.510841 0.415176
vn 0.677539 0.591933 0.436527
vn 0.703857 0.527526 0.475712
vn 0.677539 0.591933 0.436527
vn 0.593703 0.665512 0.452338
vn 0.624068 0.605107 0.494353
vn 0.703857 0.527526 0.475712
vn 0.677539 0.591933 0.436527
vn 0.624068 0.605107 0.494353
vn 0.703857 0.527526 0.475712
vn 0.624068 0.605107 0.494353
vn 0.650479 0.540868 0.533235
s off
g cherry_tree group1 leaf leaves leaf__29_ leaf__31_ leaf__33_ leaf__34_ leaf__2_ leaf__32_ leaf__35_ leaf__3_ leaf__7_ leaf__58_ leaf__8_ leaf__4_ leaf__26_ leaf__6_ leaf__41_ leaf__60_ leaf__59_ leaf__9_ leaf__10_ leaf__11_ leaf__24_ leaf__54_ leaf__57_ leaf__36_ leaf__38_ leaf__37_ leaf__42_ leaf__45_ leaf__43_ leaf__44_ leaf__25_ leaf__64_ leaf__55_ leaf__46_ leaf__56_ leaf__22_ leaf__5_ leaf__27_ leaf__28_ leaf__1_ leaf__30_ leaf__12_ leaf__14_ leaf__15_ leaf__48_ leaf__49_ leaf__62_ leaf__50_ leaf__16_ leaf__23_ leaf__53_ leaf__18_ leaf__51_ leaf__63_ leaf__52_ leaf__47_ leaf__17_ leaf__19_ leaf__21_ leaf__39_ leaf__40_ leaf__61_ leaf__20_ leaf__13_
usemtl leafSG
f 2383/6918/13003 2385/6920/13004 2384/6919/13005
f 2383/6918/13006 2384/6919/13007 2386/6921/13008
f 2387/6922/13009 2383/6918/13010 2386/6921/13011
f 2386/6921/13012 2384/6919/13013 2388/6923/13014
f 2387/6922/13015 2386/6921/13016 2389/6924/13017
f 2386/6921/13018 2388/6923/13019 2390/6925/13020
f 2389/6924/13021 2386/6921/13022 2390/6925/13023
f 2389/6924/13024 2390/6925/13025 2391/6926/13026
g default
v -91.860322 606.073367 763.035126
v -225.747504 675.954760 735.300072
v -135.047408 658.332159 678.121086
v -179.273419 631.384199 823.717870
v -51.688451 546.762044 844.735111
v -319.462816 686.524828 789.265004
v -142.388547 564.384644 901.914097
v -276.275730 634.266037 874.179043
v -236.103859 574.954713 955.879029
vt 0.500000 0.000000
vt 1.000000 0.500000
vt 1.000000 0.000000
vt 0.500000 0.500000
vt 0.000000 0.000000
vt 1.000000 1.000000
vt 0.000000 0.500000
vt 0.500000 1.000000
vt 0.000000 1.000000
vn 0.429173 0.834981 0.344410
vn 0.397282 0.873199 0.282294
vn 0.330785 0.886333 0.324029
vn 0.429173 0.834981 0.344410
vn 0.330785 0.886333 0.324029
vn 0.362570 0.848043 0.386479
vn 0.458344 0.791472 0.404343
vn 0.429173 0.834981 0.344410
vn 0.362570 0.848043 0.386479
vn 0.362570 0.848043 0.386479
vn 0.330785 0.886333 0.324029
vn 0.262193 0.893851 0.363710
vn 0.458344 0.791472 0.404343
vn 0.362570 0.848043 0.386479
vn 0.392042 0.804346 0.446465
vn 0.362570 0.848043 0.386479
vn 0.262193 0.893851 0.363710
vn 0.293655 0.855698 0.426084
vn 0.392042 0.804346 0.446465
vn 0.362570 0.848043 0.386479
vn 0.293655 0.855698 0.426084
vn 0.392042 0.804346 0.446465
vn 0.293655 0.855698 0.426084
vn 0.323255 0.812123 0.485759
s off
g cherry_tree group1 leaf leaves leaf__29_ leaf__31_ leaf__33_ leaf__34_ leaf__2_ leaf__32_ leaf__35_ leaf__3_ leaf__7_ leaf__58_ leaf__8_ leaf__4_ leaf__26_ leaf__6_ leaf__41_ leaf__60_ leaf__59_ leaf__9_ leaf__10_ leaf__11_ leaf__24_ leaf__54_ leaf__57_ leaf__36_ leaf__38_ leaf__37_ leaf__42_ leaf__45_ leaf__43_ leaf__44_ leaf__25_ leaf__64_ leaf__55_ leaf__46_ leaf__56_ leaf__22_ leaf__5_ leaf__27_ leaf__28_ leaf__1_ leaf__30_ leaf__12_ leaf__14_ leaf__15_ leaf__48_ leaf__49_ leaf__62_ leaf__50_ leaf__16_ leaf__23_ leaf__53_ leaf__18_ leaf__51_ leaf__63_ leaf__52_ leaf__47_ leaf__17_ leaf__19_ leaf__21_ leaf__39_ leaf__40_ leaf__61_ leaf__20_ leaf__13_
usemtl leafSG
f 2392/6927/13027 2394/6929/13028 2393/6928/13029
f 2392/6927/13030 2393/6928/13031 2395/6930/13032
f 2396/6931/13033 2392/6927/13034 2395/6930/13035
f 2395/6930/13036 2393/6928/13037 2397/6932/13038
f 2396/6931/13039 2395/6930/13040 2398/6933/13041
f 2395/6930/13042 2397/6932/13043 2399/6934/13044
f 2398/6933/13045 2395/6930/13046 2399/6934/13047
f 2398/6933/13048 2399/6934/13049 2400/6935/13050
g default
v -261.632218 724.584862 859.207763
v -245.390141 798.609071 992.755624
v -323.222056 792.812669 917.157379
v -179.658545 737.210533 930.516896
v -203.841681 650.092461 805.192617
v -171.357527 798.140880 1072.288339
v -126.009766 655.888863 880.790861
v -109.767689 729.913072 1014.338723
v -51.977152 655.420672 960.323576
vt 0.500000 0.000000
vt 1.000000 0.500000
vt 1.000000 0.000000
vt 0.500000 0.500000
vt 0.000000 0.000000
vt 1.000000 1.000000
vt 0.000000 0.500000
vt 0.500000 1.000000
vt 0.000000 1.000000
vn 0.399598 0.748937 -0.528598
vn 0.354607 0.798837 -0.485915
vn 0.411533 0.803334 -0.430460
vn 0.399598 0.748937 -0.528598
vn 0.411533 0.803334 -0.430460
vn 0.456853 0.753296 -0.473107
vn 0.442056 0.694291 -0.567931
vn 0.399598 0.748937 -0.528598
vn 0.456853 0.753296 -0.473107
vn 0.456853 0.753296 -0.473107
vn 0.411533 0.803334 -0.430460
vn 0.465852 0.802740 -0.372277
vn 0.442056 0.694291 -0.567931
vn 0.456853 0.753296 -0.473107
vn 0.499260 0.698455 -0.512737
vn 0.456853 0.753296 -0.473107
vn 0.465852 0.802740 -0.372277
vn 0.511196 0.752852 -0.414599
vn 0.499260 0.698455 -0.512737
vn 0.456853 0.753296 -0.473107
vn 0.511196 0.752852 -0.414599
vn 0.499260 0.698455 -0.512737
vn 0.511196 0.752852 -0.414599
vn 0.553301 0.698194 -0.454294
s off
g cherry_tree group1 leaf leaves leaf__29_ leaf__31_ leaf__33_ leaf__34_ leaf__2_ leaf__32_ leaf__35_ leaf__3_ leaf__7_ leaf__58_ leaf__8_ leaf__4_ leaf__26_ leaf__6_ leaf__41_ leaf__60_ leaf__59_ leaf__9_ leaf__10_ leaf__11_ leaf__24_ leaf__54_ leaf__57_ leaf__36_ leaf__38_ leaf__37_ leaf__42_ leaf__45_ leaf__43_ leaf__44_ leaf__25_ leaf__64_ leaf__55_ leaf__46_ leaf__56_ leaf__22_ leaf__5_ leaf__27_ leaf__28_ leaf__1_ leaf__30_ leaf__12_ leaf__14_ leaf__15_ leaf__48_ leaf__49_ leaf__62_ leaf__50_ leaf__16_ leaf__23_ leaf__53_ leaf__18_ leaf__51_ leaf__63_ leaf__52_ leaf__47_ leaf__17_ leaf__19_ leaf__21_ leaf__39_ leaf__40_ leaf__61_ leaf__20_ leaf__13_
usemtl leafSG
f 2401/6936/13051 2403/6938/13052 2402/6937/13053
f 2401/6936/13054 2402/6937/13055 2404/6939/13056
f 2405/6940/13057 2401/6936/13058 2404/6939/13059
f 2404/6939/13060 2402/6937/13061 2406/6941/13062
f 2405/6940/13063 2404/6939/13064 2407/6942/13065
f 2404/6939/13066 2406/6941/13067 2408/6943/13068
f 2407/6942/13069 2404/6939/13070 2408/6943/13071
f 2407/6942/13072 2408/6943/13073 2409/6944/13074
g default
v -369.224635 605.058669 887.573724
v -322.843836 664.351547 993.206541
v -402.378199 666.239754 947.428647
v -286.686255 608.667966 928.946820
v -338.826704 538.834641 831.759392
v -246.065105 657.420397 1043.025027
v -259.292341 536.946434 877.537286
v -212.911542 596.239312 983.170103
v -182.513610 530.015283 927.355772
vt 0.500000 0.000000
vt 1.000000 0.500000
vt 1.000000 0.000000
vt 0.500000 0.500000
vt 0.000000 0.000000
vt 1.000000 1.000000
vt 0.000000 0.500000
vt 0.500000 1.000000
vt 0.000000 1.000000
vn 0.323018 0.719400 -0.614917
vn 0.294440 0.772362 -0.562817
vn 0.363366 0.770980 -0.523025
vn 0.323018 0.719400 -0.614917
vn 0.363366 0.770980 -0.523025
vn 0.392259 0.717853 -0.575170
vn 0.349550 0.661881 -0.663121
vn 0.323018 0.719400 -0.614917
vn 0.392259 0.717853 -0.575170
vn 0.392259 0.717853 -0.575170
vn 0.363366 0.770980 -0.523025
vn 0.429989 0.764714 -0.479919
vn 0.349550 0.661881 -0.663121
vn 0.392259 0.717853 -0.575170
vn 0.418650 0.660148 -0.623648
vn 0.392259 0.717853 -0.575170
vn 0.429989 0.764714 -0.479919
vn 0.458998 0.711728 -0.531756
vn 0.418650 0.660148 -0.623648
vn 0.392259 0.717853 -0.575170
vn 0.458998 0.711728 -0.531756
vn 0.418650 0.660148 -0.623648
vn 0.458998 0.711728 -0.531756
vn 0.485099 0.654233 -0.580223
s off
g cherry_tree group1 leaf leaves leaf__29_ leaf__31_ leaf__33_ leaf__34_ leaf__2_ leaf__32_ leaf__35_ leaf__3_ leaf__7_ leaf__58_ leaf__8_ leaf__4_ leaf__26_ leaf__6_ leaf__41_ leaf__60_ leaf__59_ leaf__9_ leaf__10_ leaf__11_ leaf__24_ leaf__54_ leaf__57_ leaf__36_ leaf__38_ leaf__37_ leaf__42_ leaf__45_ leaf__43_ leaf__44_ leaf__25_ leaf__64_ leaf__55_ leaf__46_ leaf__56_ leaf__22_ leaf__5_ leaf__27_ leaf__28_ leaf__1_ leaf__30_ leaf__12_ leaf__14_ leaf__15_ leaf__48_ leaf__49_ leaf__62_ leaf__50_ leaf__16_ leaf__23_ leaf__53_ leaf__18_ leaf__51_ leaf__63_ leaf__52_ leaf__47_ leaf__17_ leaf__19_ leaf__21_ leaf__39_ leaf__40_ leaf__61_ leaf__20_ leaf__13_
usemtl leafSG
f 2410/6945/13075 2412/6947/13076 2411/6946/13077
f 2410/6945/13078 2411/6946/13079 2413/6948/13080
f 2414/6949/13081 2410/6945/13082 2413/6948/13083
f 2413/6948/13084 2411/6946/13085 2415/6950/13086
f 2414/6949/13087 2413/6948/13088 2416/6951/13089
f 2413/6948/13090 2415/6950/13091 2417/6952/13092
f 2416/6951/13093 2413/6948/13094 2417/6952/13095
f 2416/6951/13096 2417/6952/13097 2418/6953/13098
g default
v 103.295287 621.028644 931.312549
v 179.160794 669.547901 837.956121
v 180.627961 670.445647 929.727235
v 97.459250 626.414273 839.256697
v 29.970250 565.847804 933.159059
v 181.701264 662.886317 746.446203
v 28.503083 564.950058 841.387945
v 104.368591 613.469314 748.031517
v 31.043553 558.288474 749.878027
vt 0.500000 0.000000
vt 1.000000 0.500000
vt 1.000000 0.000000
vt 0.500000 0.500000
vt 0.000000 0.000000
vt 1.000000 1.000000
vt 0.000000 0.500000
vt 0.500000 1.000000
vt 0.000000 1.000000
vn -0.569127 0.821142 0.042658
vn -0.502001 0.863893 0.041035
vn -0.503130 0.863350 -0.038555
vn -0.569127 0.821142 0.042658
vn -0.503130 0.863350 -0.038555
vn -0.570479 0.820470 -0.037181
vn -0.632646 0.773189 0.044011
vn -0.569127 0.821142 0.042658
vn -0.570479 0.820470 -0.037181
vn -0.570479 0.820470 -0.037181
vn -0.503130 0.863350 -0.038555
vn -0.501071 0.857338 -0.117900
vn -0.632646 0.773189 0.044011
vn -0.570479 0.820470 -0.037181
vn -0.634190 0.772359 -0.035569
vn -0.570479 0.820470 -0.037181
vn -0.501071 0.857338 -0.117900
vn -0.568193 0.814566 -0.116782
vn -0.634190 0.772359 -0.035569
vn -0.570479 0.820470 -0.037181
vn -0.568193 0.814566 -0.116782
vn -0.634190 0.772359 -0.035569
vn -0.568193 0.814566 -0.116782
vn -0.631715 0.766634 -0.114924
s off
g cherry_tree group1 leaf leaves leaf__29_ leaf__31_ leaf__33_ leaf__34_ leaf__2_ leaf__32_ leaf__35_ leaf__3_ leaf__7_ leaf__58_ leaf__8_ leaf__4_ leaf__26_ leaf__6_ leaf__41_ leaf__60_ leaf__59_ leaf__9_ leaf__10_ leaf__11_ leaf__24_ leaf__54_ leaf__57_ leaf__36_ leaf__38_ leaf__37_ leaf__42_ leaf__45_ leaf__43_ leaf__44_ leaf__25_ leaf__64_ leaf__55_ leaf__46_ leaf__56_ leaf__22_ leaf__5_ leaf__27_ leaf__28_ leaf__1_ leaf__30_ leaf__12_ leaf__14_ leaf__15_ leaf__48_ leaf__49_ leaf__62_ leaf__50_ leaf__16_ leaf__23_ leaf__53_ leaf__18_ leaf__51_ leaf__63_ leaf__52_ leaf__47_ leaf__17_ leaf__19_ leaf__21_ leaf__39_ leaf__40_ leaf__61_ leaf__20_ leaf__13_
usemtl leafSG
f 2419/6954/13099 2421/6956/13100 2420/6955/13101
f 2419/6954/13102 2420/6955/13103 2422/6957/13104
f 2423/6958/13105 2419/6954/13106 2422/6957/13107
f 2422/6957/13108 2420/6955/13109 2424/6959/13110
f 2423/6958/13111 2422/6957/13112 2425/6960/13113
f 2422/6957/13114 2424/6959/13115 2426/6961/13116
f 2425/6960/13117 2422/6957/13118 2426/6961/13119
f 2425/6960/13120 2426/6961/13121 2427/6962/13122
g default
v 48.303016 509.041470 844.393704
v -3.007471 492.833758 695.554337
v 94.439660 520.967482 743.043544
v -52.144343 489.756925 796.975162
v 4.918529 488.997969 945.679039
v -97.702446 456.582545 648.000305
v -92.528603 460.864245 898.189832
v -143.839090 444.656533 749.350465
v -187.223578 424.613032 850.635800
vt 0.500000 0.000000
vt 1.000000 0.500000
vt 1.000000 0.000000
vt 0.500000 0.500000
vt 0.000000 0.000000
vt 1.000000 1.000000
vt 0.000000 0.500000
vt 0.500000 1.000000
vt 0.000000 1.000000
vn -0.251560 0.966955 0.041420
vn -0.218952 0.975252 -0.030718
vn -0.288143 0.955399 -0.064697
vn -0.251560 0.966955 0.041420
vn -0.288143 0.955399 -0.064697
vn -0.321079 0.947022 0.007563
vn -0.282575 0.952531 0.113295
vn -0.251560 0.966955 0.041420
vn -0.321079 0.947022 0.007563
vn -0.321079 0.947022 0.007563
vn -0.288143 0.955399 -0.064697
vn -0.355508 0.929493 -0.098266
vn -0.282575 0.952531 0.113295
vn -0.321079 0.947022 0.007563
vn -0.351968 0.932606 0.079774
vn -0.321079 0.947022 0.007563
vn -0.355508 0.929493 -0.098266
vn -0.388550 0.921051 -0.026342
vn -0.351968 0.932606 0.079774
vn -0.321079 0.947022 0.007563
vn -0.388550 0.921051 -0.026342
vn -0.351968 0.932606 0.079774
vn -0.388550 0.921051 -0.026342
vn -0.419131 0.906773 0.045748
s off
g cherry_tree group1 leaf leaves leaf__29_ leaf__31_ leaf__33_ leaf__34_ leaf__2_ leaf__32_ leaf__35_ leaf__3_ leaf__7_ leaf__58_ leaf__8_ leaf__4_ leaf__26_ leaf__6_ leaf__41_ leaf__60_ leaf__59_ leaf__9_ leaf__10_ leaf__11_ leaf__24_ leaf__54_ leaf__57_ leaf__36_ leaf__38_ leaf__37_ leaf__42_ leaf__45_ leaf__43_ leaf__44_ leaf__25_ leaf__64_ leaf__55_ leaf__46_ leaf__56_ leaf__22_ leaf__5_ leaf__27_ leaf__28_ leaf__1_ leaf__30_ leaf__12_ leaf__14_ leaf__15_ leaf__48_ leaf__49_ leaf__62_ leaf__50_ leaf__16_ leaf__23_ leaf__53_ leaf__18_ leaf__51_ leaf__63_ leaf__52_ leaf__47_ leaf__17_ leaf__19_ leaf__21_ leaf__39_ leaf__40_ leaf__61_ leaf__20_ leaf__13_
usemtl leafSG
f 2428/6963/13123 2430/6965/13124 2429/6964/13125
f 2428/6963/13126 2429/6964/13127 2431/6966/13128
f 2432/6967/13129 2428/6963/13130 2431/6966/13131
f 2431/6966/13132 2429/6964/13133 2433/6968/13134
f 2432/6967/13135 2431/6966/13136 2434/6969/13137
f 2431/6966/13138 2433/6968/13139 2435/6970/13140
f 2434/6969/13141 2431/6966/13142 2435/6970/13143
f 2434/6969/13144 2435/6970/13145 2436/6971/13146
g default
v 30.307490 560.148512 805.864944
v -73.884636 562.857653 728.652386
v 13.901478 588.239782 720.035933
v -59.463889 541.563166 817.398825
v 48.534617 525.822449 889.017749
v -159.849636 531.240730 734.592633
v -39.251497 500.440320 897.634202
v -143.443623 503.149461 820.421644
v -125.216497 468.823398 903.574450
vt 0.500000 0.000000
vt 1.000000 0.500000
vt 1.000000 0.000000
vt 0.500000 0.500000
vt 0.000000 0.000000
vt 1.000000 1.000000
vt 0.000000 0.500000
vt 0.500000 1.000000
vt 0.000000 1.000000
vn -0.182831 0.909473 0.373406
vn -0.197268 0.933654 0.298956
vn -0.273469 0.911829 0.306238
vn -0.182831 0.909473 0.373406
vn -0.273469 0.911829 0.306238
vn -0.259232 0.887510 0.380952
vn -0.167235 0.879529 0.445491
vn -0.182831 0.909473 0.373406
vn -0.259232 0.887510 0.380952
vn -0.259232 0.887510 0.380952
vn -0.273469 0.911829 0.306238
vn -0.347938 0.884227 0.311579
vn -0.167235 0.879529 0.445491
vn -0.259232 0.887510 0.380952
vn -0.243341 0.857531 0.453238
vn -0.259232 0.887510 0.380952
vn -0.347938 0.884227 0.311579
vn -0.333980 0.859888 0.386069
vn -0.243341 0.857531 0.453238
vn -0.259232 0.887510 0.380952
vn -0.333980 0.859888 0.386069
vn -0.243341 0.857531 0.453238
vn -0.333980 0.859888 0.386069
vn -0.317906 0.830101 0.458114
s off
g cherry_tree group1 leaf leaves leaf__29_ leaf__31_ leaf__33_ leaf__34_ leaf__2_ leaf__32_ leaf__35_ leaf__3_ leaf__7_ leaf__58_ leaf__8_ leaf__4_ leaf__26_ leaf__6_ leaf__41_ leaf__60_ leaf__59_ leaf__9_ leaf__10_ leaf__11_ leaf__24_ leaf__54_ leaf__57_ leaf__36_ leaf__38_ leaf__37_ leaf__42_ leaf__45_ leaf__43_ leaf__44_ leaf__25_ leaf__64_ leaf__55_ leaf__46_ leaf__56_ leaf__22_ leaf__5_ leaf__27_ leaf__28_ leaf__1_ leaf__30_ leaf__12_ leaf__14_ leaf__15_ leaf__48_ leaf__49_ leaf__62_ leaf__50_ leaf__16_ leaf__23_ leaf__53_ leaf__18_ leaf__51_ leaf__63_ leaf__52_ leaf__47_ leaf__17_ leaf__19_ leaf__21_ leaf__39_ leaf__40_ leaf__61_ leaf__20_ leaf__13_
usemtl leafSG
f 2437/6972/13147 2439/6974/13148 2438/6973/13149
f 2437/6972/13150 2438/6973/13151 2440/6975/13152
f 2441/6976/13153 2437/6972/13154 2440/6975/13155
f 2440/6975/13156 2438/6973/13157 2442/6977/13158
f 2441/6976/13159 2440/6975/13160 2443/6978/13161
f 2440/6975/13162 2442/6977/13163 2444/6979/13164
f 2443/6978/13165 2440/6975/13166 2444/6979/13167
f 2443/6978/13168 2444/6979/13169 2445/6980/13170
g default
v 0.388786 419.571379 642.453792
v -140.743793 458.263361 580.113335
v -35.783937 450.009503 540.304323
v -103.269444 436.756193 684.859097
v 35.367506 380.940753 742.221637
v -246.897652 458.324715 617.540725
v -69.592350 389.194611 782.030650
v -210.724929 427.886592 719.690193
v -175.746209 389.255965 819.458039
vt 0.500000 0.000000
vt 1.000000 0.500000
vt 1.000000 0.000000
vt 0.500000 0.500000
vt 0.000000 0.000000
vt 1.000000 1.000000
vt 0.000000 0.500000
vt 0.500000 1.000000
vt 0.000000 1.000000
vn 0.213038 0.944998 0.248180
vn 0.187206 0.966425 0.176003
vn 0.112920 0.972446 0.203957
vn 0.213038 0.944998 0.248180
vn 0.112920 0.972446 0.203957
vn 0.138599 0.950979 0.276457
vn 0.237520 0.917584 0.318786
vn 0.213038 0.944998 0.248180
vn 0.138599 0.950979 0.276457
vn 0.138599 0.950979 0.276457
vn 0.112920 0.972446 0.203957
vn 0.037919 0.972305 0.230619
vn 0.237520 0.917584 0.318786
vn 0.138599 0.950979 0.276457
vn 0.163394 0.923449 0.347194
vn 0.138599 0.950979 0.276457
vn 0.037919 0.972305 0.230619
vn 0.063277 0.950897 0.302971
vn 0.163394 0.923449 0.347194
vn 0.138599 0.950979 0.276457
vn 0.063277 0.950897 0.302971
vn 0.163394 0.923449 0.347194
vn 0.063277 0.950897 0.302971
vn 0.088233 0.923464 0.373403
s off
g cherry_tree group1 leaf leaves leaf__29_ leaf__31_ leaf__33_ leaf__34_ leaf__2_ leaf__32_ leaf__35_ leaf__3_ leaf__7_ leaf__58_ leaf__8_ leaf__4_ leaf__26_ leaf__6_ leaf__41_ leaf__60_ leaf__59_ leaf__9_ leaf__10_ leaf__11_ leaf__24_ leaf__54_ leaf__57_ leaf__36_ leaf__38_ leaf__37_ leaf__42_ leaf__45_ leaf__43_ leaf__44_ leaf__25_ leaf__64_ leaf__55_ leaf__46_ leaf__56_ leaf__22_ leaf__5_ leaf__27_ leaf__28_ leaf__1_ leaf__30_ leaf__12_ leaf__14_ leaf__15_ leaf__48_ leaf__49_ leaf__62_ leaf__50_ leaf__16_ leaf__23_ leaf__53_ leaf__18_ leaf__51_ leaf__63_ leaf__52_ leaf__47_ leaf__17_ leaf__19_ leaf__21_ leaf__39_ leaf__40_ leaf__61_ leaf__20_ leaf__13_
usemtl leafSG
f 2446/6981/13171 2448/6983/13172 2447/6982/13173
f 2446/6981/13174 2447/6982/13175 2449/6984/13176
f 2450/6985/13177 2446/6981/13178 2449/6984/13179
f 2449/6984/13180 2447/6982/13181 2451/6986/13182
f 2450/6985/13183 2449/6984/13184 2452/6987/13185
f 2449/6984/13186 2451/6986/13187 2453/6988/13188
f 2452/6987/13189 2449/6984/13190 2453/6988/13191
f 2452/6987/13192 2453/6988/13193 2454/6989/13194
g default
v -31.657679 331.258593 738.205547
v -146.193890 362.810475 686.137774
v -60.259916 356.079746 654.595022
v -116.552996 345.272167 771.876742
v -4.008221 299.756772 819.863617
v -233.080642 362.860537 715.728070
v -89.942195 306.487501 851.406369
v -204.478405 338.039383 799.338595
v -176.828947 306.537562 880.996665
vt 0.500000 0.000000
vt 1.000000 0.500000
vt 1.000000 0.000000
vt 0.500000 0.500000
vt 0.000000 0.000000
vt 1.000000 1.000000
vt 0.000000 0.500000
vt 0.500000 1.000000
vt 0.000000 1.000000
vn 0.210364 0.944998 0.250452
vn 0.185307 0.966425 0.178001
vn 0.110726 0.972446 0.205157
vn 0.210364 0.944998 0.250452
vn 0.110726 0.972446 0.205157
vn 0.135626 0.950979 0.277928
vn 0.234087 0.917584 0.321316
vn 0.210364 0.944998 0.250452
vn 0.135626 0.950979 0.277928
vn 0.135626 0.950979 0.277928
vn 0.110726 0.972446 0.205157
vn 0.035444 0.972305 0.231013
vn 0.234087 0.917584 0.321316
vn 0.135626 0.950979 0.277928
vn 0.159661 0.923449 0.348927
vn 0.135626 0.950979 0.277928
vn 0.035444 0.972305 0.231013
vn 0.060024 0.950897 0.303632
vn 0.159661 0.923449 0.348927
vn 0.135626 0.950979 0.277928
vn 0.060024 0.950897 0.303632
vn 0.159661 0.923449 0.348927
vn 0.060024 0.950897 0.303632
vn 0.084223 0.923464 0.374328
s off
g cherry_tree group1 leaf leaves leaf__29_ leaf__31_ leaf__33_ leaf__34_ leaf__2_ leaf__32_ leaf__35_ leaf__3_ leaf__7_ leaf__58_ leaf__8_ leaf__4_ leaf__26_ leaf__6_ leaf__41_ leaf__60_ leaf__59_ leaf__9_ leaf__10_ leaf__11_ leaf__24_ leaf__54_ leaf__57_ leaf__36_ leaf__38_ leaf__37_ leaf__42_ leaf__45_ leaf__43_ leaf__44_ leaf__25_ leaf__64_ leaf__55_ leaf__46_ leaf__56_ leaf__22_ leaf__5_ leaf__27_ leaf__28_ leaf__1_ leaf__30_ leaf__12_ leaf__14_ leaf__15_ leaf__48_ leaf__49_ leaf__62_ leaf__50_ leaf__16_ leaf__23_ leaf__53_ leaf__18_ leaf__51_ leaf__63_ leaf__52_ leaf__47_ leaf__17_ leaf__19_ leaf__21_ leaf__39_ leaf__40_ leaf__61_ leaf__20_ leaf__13_
usemtl leafSG
f 2455/6990/13195 2457/6992/13196 2456/6991/13197
f 2455/6990/13198 2456/6991/13199 2458/6993/13200
f 2459/6994/13201 2455/6990/13202 2458/6993/13203
f 2458/6993/13204 2456/6991/13205 2460/6995/13206
f 2459/6994/13207 2458/6993/13208 2461/6996/13209
f 2458/6993/13210 2460/6995/13211 2462/6997/13212
f 2461/6996/13213 2458/6993/13214 2462/6997/13215
f 2461/6996/13216 2462/6997/13217 2463/6998/13218
g default
v -82.520711 524.556488 626.712181
v -179.694973 571.659785 554.854266
v -89.770785 558.680519 541.812930
v -171.304354 544.483797 642.765624
v -76.316878 484.058911 708.848376
v -270.665402 578.265505 565.132546
v -166.241067 497.038178 721.889712
v -263.415329 544.141475 650.031797
v -257.211495 503.643898 732.167992
vt 0.500000 0.000000
vt 1.000000 0.500000
vt 1.000000 0.000000
vt 0.500000 0.500000
vt 0.000000 0.000000
vt 1.000000 1.000000
vt 0.000000 0.500000
vt 0.500000 1.000000
vt 0.000000 1.000000
vn 0.227137 0.895850 0.381918
vn 0.220584 0.925366 0.308285
vn 0.142603 0.936826 0.319408
vn 0.227137 0.895850 0.381918
vn 0.142603 0.936826 0.319408
vn 0.148930 0.907261 0.393315
vn 0.232251 0.860657 0.453132
vn 0.227137 0.895850 0.381918
vn 0.148930 0.907261 0.393315
vn 0.148930 0.907261 0.393315
vn 0.142603 0.936826 0.319408
vn 0.063719 0.942350 0.328507
vn 0.232251 0.860657 0.453132
vn 0.148930 0.907261 0.393315
vn 0.154307 0.871911 0.464715
vn 0.148930 0.907261 0.393315
vn 0.063719 0.942350 0.328507
vn 0.069774 0.912887 0.402204
vn 0.154307 0.871911 0.464715
vn 0.148930 0.907261 0.393315
vn 0.069774 0.912887 0.402204
vn 0.154307 0.871911 0.464715
vn 0.069774 0.912887 0.402204
vn 0.075386 0.877641 0.473354
s off
g cherry_tree group1 leaf leaves leaf__29_ leaf__31_ leaf__33_ leaf__34_ leaf__2_ leaf__32_ leaf__35_ leaf__3_ leaf__7_ leaf__58_ leaf__8_ leaf__4_ leaf__26_ leaf__6_ leaf__41_ leaf__60_ leaf__59_ leaf__9_ leaf__10_ leaf__11_ leaf__24_ leaf__54_ leaf__57_ leaf__36_ leaf__38_ leaf__37_ leaf__42_ leaf__45_ leaf__43_ leaf__44_ leaf__25_ leaf__64_ leaf__55_ leaf__46_ leaf__56_ leaf__22_ leaf__5_ leaf__27_ leaf__28_ leaf__1_ leaf__30_ leaf__12_ leaf__14_ leaf__15_ leaf__48_ leaf__49_ leaf__62_ leaf__50_ leaf__16_ leaf__23_ leaf__53_ leaf__18_ leaf__51_ leaf__63_ leaf__52_ leaf__47_ leaf__17_ leaf__19_ leaf__21_ leaf__39_ leaf__40_ leaf__61_ leaf__20_ leaf__13_
usemtl leafSG
f 2464/6999/13219 2466/7001/13220 2465/7000/13221
f 2464/6999/13222 2465/7000/13223 2467/7002/13224
f 2468/7003/13225 2464/6999/13226 2467/7002/13227
f 2467/7002/13228 2465/7000/13229 2469/7004/13230
f 2468/7003/13231 2467/7002/13232 2470/7005/13233
f 2467/7002/13234 2469/7004/13235 2471/7006/13236
f 2470/7005/13237 2467/7002/13238 2471/7006/13239
f 2470/7005/13240 2471/7006/13241 2472/7007/13242
g default
v -120.820766 542.995350 676.354782
v -217.995108 602.169960 614.060088
v -128.070938 591.727358 598.911110
v -209.604390 559.736667 695.707839
v -114.616835 488.485436 749.941984
v -308.965519 606.834655 625.352596
v -204.541005 498.928038 765.090961
v -301.715347 558.102647 702.796267
v -295.511416 503.592733 776.383469
vt 0.500000 0.000000
vt 1.000000 0.500000
vt 1.000000 0.000000
vt 0.500000 0.500000
vt 0.000000 0.000000
vt 1.000000 1.000000
vt 0.000000 0.500000
vt 0.500000 1.000000
vt 0.000000 1.000000
vn 0.227137 0.813280 0.535709
vn 0.220584 0.855467 0.468528
vn 0.142603 0.864757 0.481518
vn 0.227137 0.813280 0.535709
vn 0.142603 0.864757 0.481518
vn 0.148930 0.822473 0.548961
vn 0.232251 0.765940 0.599496
vn 0.227137 0.813280 0.535709
vn 0.148930 0.822473 0.548961
vn 0.148930 0.822473 0.548961
vn 0.142603 0.864757 0.481518
vn 0.063719 0.868568 0.491457
vn 0.232251 0.765940 0.599496
vn 0.148930 0.822473 0.548961
vn 0.154307 0.774945 0.612903
vn 0.148930 0.822473 0.548961
vn 0.063719 0.868568 0.491457
vn 0.069774 0.826422 0.558711
vn 0.154307 0.774945 0.612903
vn 0.148930 0.822473 0.548961
vn 0.069774 0.826422 0.558711
vn 0.154307 0.774945 0.612903
vn 0.069774 0.826422 0.558711
vn 0.075386 0.779040 0.622425
s off
g cherry_tree group1 leaf leaves leaf__29_ leaf__31_ leaf__33_ leaf__34_ leaf__2_ leaf__32_ leaf__35_ leaf__3_ leaf__7_ leaf__58_ leaf__8_ leaf__4_ leaf__26_ leaf__6_ leaf__41_ leaf__60_ leaf__59_ leaf__9_ leaf__10_ leaf__11_ leaf__24_ leaf__54_ leaf__57_ leaf__36_ leaf__38_ leaf__37_ leaf__42_ leaf__45_ leaf__43_ leaf__44_ leaf__25_ leaf__64_ leaf__55_ leaf__46_ leaf__56_ leaf__22_ leaf__5_ leaf__27_ leaf__28_ leaf__1_ leaf__30_ leaf__12_ leaf__14_ leaf__15_ leaf__48_ leaf__49_ leaf__62_ leaf__50_ leaf__16_ leaf__23_ leaf__53_ leaf__18_ leaf__51_ leaf__63_ leaf__52_ leaf__47_ leaf__17_ leaf__19_ leaf__21_ leaf__39_ leaf__40_ leaf__61_ leaf__20_ leaf__13_
usemtl leafSG
f 2473/7008/13243 2475/7010/13244 2474/7009/13245
f 2473/7008/13246 2474/7009/13247 2476/7011/13248
f 2477/7012/13249 2473/7008/13250 2476/7011/13251
f 2476/7011/13252 2474/7009/13253 2478/7013/13254
f 2477/7012/13255 2476/7011/13256 2479/7014/13257
f 2476/7011/13258 2478/7013/13259 2480/7015/13260
f 2479/7014/13261 2476/7011/13262 2480/7015/13263
f 2479/7014/13264 2480/7015/13265 2481/7016/13266
g default
v -98.674636 470.541822 721.951759
v -184.432019 532.395523 646.819175
v -93.241354 521.971038 646.120306
v -189.423216 487.108807 727.202899
v -104.513450 413.477997 793.607339
v -276.028216 537.185400 643.342171
v -195.704116 423.902482 794.306208
v -281.461499 485.756184 719.173624
v -287.300313 428.692359 790.829205
vt 0.500000 0.000000
vt 1.000000 0.500000
vt 1.000000 0.000000
vt 0.500000 0.500000
vt 0.000000 0.000000
vt 1.000000 1.000000
vt 0.000000 0.500000
vt 0.500000 1.000000
vt 0.000000 1.000000
vn 0.137047 0.792900 0.593740
vn 0.141501 0.837429 0.527911
vn 0.062445 0.846708 0.528381
vn 0.137047 0.792900 0.593740
vn 0.062445 0.846708 0.528381
vn 0.057727 0.802075 0.594427
vn 0.131726 0.743348 0.655807
vn 0.137047 0.792900 0.593740
vn 0.057727 0.802075 0.594427
vn 0.057727 0.802075 0.594427
vn 0.062445 0.846708 0.528381
vn -0.017005 0.850622 0.525502
vn 0.131726 0.743348 0.655807
vn 0.057727 0.802075 0.594427
vn 0.052640 0.752328 0.656683
vn 0.057727 0.802075 0.594427
vn -0.017005 0.850622 0.525502
vn -0.021962 0.806135 0.591323
vn 0.052640 0.752328 0.656683
vn 0.057727 0.802075 0.594427
vn -0.021962 0.806135 0.591323
vn 0.052640 0.752328 0.656683
vn -0.021962 0.806135 0.591323
vn -0.026780 0.756541 0.653398
s off
g cherry_tree group1 leaf leaves leaf__29_ leaf__31_ leaf__33_ leaf__34_ leaf__2_ leaf__32_ leaf__35_ leaf__3_ leaf__7_ leaf__58_ leaf__8_ leaf__4_ leaf__26_ leaf__6_ leaf__41_ leaf__60_ leaf__59_ leaf__9_ leaf__10_ leaf__11_ leaf__24_ leaf__54_ leaf__57_ leaf__36_ leaf__38_ leaf__37_ leaf__42_ leaf__45_ leaf__43_ leaf__44_ leaf__25_ leaf__64_ leaf__55_ leaf__46_ leaf__56_ leaf__22_ leaf__5_ leaf__27_ leaf__28_ leaf__1_ leaf__30_ leaf__12_ leaf__14_ leaf__15_ leaf__48_ leaf__49_ leaf__62_ leaf__50_ leaf__16_ leaf__23_ leaf__53_ leaf__18_ leaf__51_ leaf__63_ leaf__52_ leaf__47_ leaf__17_ leaf__19_ leaf__21_ leaf__39_ leaf__40_ leaf__61_ leaf__20_ leaf__13_
usemtl leafSG
f 2482/7017/13267 2484/7019/13268 2483/7018/13269
f 2482/7017/13270 2483/7018/13271 2485/7020/13272
f 2486/7021/13273 2482/7017/13274 2485/7020/13275
f 2485/7020/13276 2483/7018/13277 2487/7022/13278
f 2486/7021/13279 2485/7020/13280 2488/7023/13281
f 2485/7020/13282 2487/7022/13283 2489/7024/13284
f 2488/7023/13285 2485/7020/13286 2489/7024/13287
f 2488/7023/13288 2489/7024/13289 2490/7025/13290
g default
v -150.974585 401.703629 726.167667
v -236.732093 394.596544 629.109632
v -145.541400 386.571471 635.799544
v -241.723195 417.315419 718.531602
v -156.813299 409.876372 817.403706
v -328.328315 395.662202 623.287638
v -248.003993 417.901445 810.713794
v -333.761500 410.794360 713.655760
v -339.600215 418.967103 804.891799
vt 0.500000 0.000000
vt 1.000000 0.500000
vt 1.000000 0.000000
vt 0.500000 0.500000
vt 0.000000 0.000000
vt 1.000000 1.000000
vt 0.000000 0.500000
vt 0.500000 1.000000
vt 0.000000 1.000000
vn 0.137047 0.983546 -0.117710
vn 0.141500 0.970325 -0.196077
vn 0.062445 0.977363 -0.202143
vn 0.137047 0.983546 -0.117710
vn 0.062445 0.977363 -0.202143
vn 0.057726 0.990658 -0.123546
vn 0.131726 0.990534 -0.038597
vn 0.137047 0.983546 -0.117710
vn 0.057726 0.990658 -0.123546
vn 0.057726 0.990658 -0.123546
vn 0.062445 0.977363 -0.202143
vn -0.017006 0.978208 -0.206927
vn 0.131726 0.990534 -0.038597
vn 0.057726 0.990658 -0.123546
vn 0.052639 0.997637 -0.044162
vn 0.057726 0.990658 -0.123546
vn -0.017006 0.978208 -0.206927
vn -0.021963 0.991454 -0.128595
vn 0.052639 0.997637 -0.044162
vn 0.057726 0.990658 -0.123546
vn -0.021963 0.991454 -0.128595
vn 0.052639 0.997637 -0.044162
vn -0.021963 0.991454 -0.128595
vn -0.026780 0.998418 -0.049447
s off
g cherry_tree group1 leaf leaves leaf__29_ leaf__31_ leaf__33_ leaf__34_ leaf__2_ leaf__32_ leaf__35_ leaf__3_ leaf__7_ leaf__58_ leaf__8_ leaf__4_ leaf__26_ leaf__6_ leaf__41_ leaf__60_ leaf__59_ leaf__9_ leaf__10_ leaf__11_ leaf__24_ leaf__54_ leaf__57_ leaf__36_ leaf__38_ leaf__37_ leaf__42_ leaf__45_ leaf__43_ leaf__44_ leaf__25_ leaf__64_ leaf__55_ leaf__46_ leaf__56_ leaf__22_ leaf__5_ leaf__27_ leaf__28_ leaf__1_ leaf__30_ leaf__12_ leaf__14_ leaf__15_ leaf__48_ leaf__49_ leaf__62_ leaf__50_ leaf__16_ leaf__23_ leaf__53_ leaf__18_ leaf__51_ leaf__63_ leaf__52_ leaf__47_ leaf__17_ leaf__19_ leaf__21_ leaf__39_ leaf__40_ leaf__61_ leaf__20_ leaf__13_
usemtl leafSG
f 2491/7026/13291 2493/7028/13292 2492/7027/13293
f 2491/7026/13294 2492/7027/13295 2494/7029/13296
f 2495/7030/13297 2491/7026/13298 2494/7029/13299
f 2494/7029/13300 2492/7027/13301 2496/7031/13302
f 2495/7030/13303 2494/7029/13304 2497/7032/13305
f 2494/7029/13306 2496/7031/13307 2498/7033/13308
f 2497/7032/13309 2494/7029/13310 2498/7033/13311
f 2497/7032/13312 2498/7033/13313 2499/7034/13314
g default
v -90.821591 376.448404 793.717936
v -142.299496 390.684582 675.512722
v -57.141128 381.393421 708.476706
v -175.787931 393.349970 761.586890
v -124.678203 364.522244 878.195096
v -227.634013 392.994601 641.784669
v -209.836571 373.813405 845.231113
v -261.314476 388.049584 727.025899
v -295.171088 376.123424 811.503060
vt 0.500000 0.000000
vt 1.000000 0.500000
vt 1.000000 0.000000
vt 0.500000 0.500000
vt 0.000000 0.000000
vt 1.000000 1.000000
vt 0.000000 0.500000
vt 0.500000 1.000000
vt 0.000000 1.000000
vn 0.099152 0.985537 0.137425
vn 0.128121 0.989730 0.063403
vn 0.054370 0.997921 0.034596
vn 0.099152 0.985537 0.137425
vn 0.054370 0.997921 0.034596
vn 0.025074 0.993751 0.108764
vn 0.069555 0.975100 0.210577
vn 0.099152 0.985537 0.137425
vn 0.025074 0.993751 0.108764
vn 0.025074 0.993751 0.108764
vn 0.054370 0.997921 0.034596
vn -0.019724 0.999790 0.005570
vn 0.069555 0.975100 0.210577
vn 0.025074 0.993751 0.108764
vn -0.004381 0.983245 0.182238
vn 0.025074 0.993751 0.108764
vn -0.019724 0.999790 0.005570
vn -0.049163 0.995629 0.079409
vn -0.004381 0.983245 0.182238
vn 0.025074 0.993751 0.108764
vn -0.049163 0.995629 0.079409
vn -0.004381 0.983245 0.182238
vn -0.049163 0.995629 0.079409
vn -0.078290 0.985160 0.152744
s off
g cherry_tree group1 leaf leaves leaf__29_ leaf__31_ leaf__33_ leaf__34_ leaf__2_ leaf__32_ leaf__35_ leaf__3_ leaf__7_ leaf__58_ leaf__8_ leaf__4_ leaf__26_ leaf__6_ leaf__41_ leaf__60_ leaf__59_ leaf__9_ leaf__10_ leaf__11_ leaf__24_ leaf__54_ leaf__57_ leaf__36_ leaf__38_ leaf__37_ leaf__42_ leaf__45_ leaf__43_ leaf__44_ leaf__25_ leaf__64_ leaf__55_ leaf__46_ leaf__56_ leaf__22_ leaf__5_ leaf__27_ leaf__28_ leaf__1_ leaf__30_ leaf__12_ leaf__14_ leaf__15_ leaf__48_ leaf__49_ leaf__62_ leaf__50_ leaf__16_ leaf__23_ leaf__53_ leaf__18_ leaf__51_ leaf__63_ leaf__52_ leaf__47_ leaf__17_ leaf__19_ leaf__21_ leaf__39_ leaf__40_ leaf__61_ leaf__20_ leaf__13_
usemtl leafSG
f 2500/7035/13315 2502/7037/13316 2501/7036/13317
f 2500/7035/13318 2501/7036/13319 2503/7038/13320
f 2504/7039/13321 2500/7035/13322 2503/7038/13323
f 2503/7038/13324 2501/7036/13325 2505/7040/13326
f 2504/7039/13327 2503/7038/13328 2506/7041/13329
f 2503/7038/13330 2505/7040/13331 2507/7042/13332
f 2506/7041/13333 2503/7038/13334 2507/7042/13335
f 2506/7041/13336 2507/7042/13337 2508/7043/13338
g default
v -105.443104 333.764647 750.759692
v -216.430200 299.478165 676.331033
v -120.663078 305.816218 658.467463
v -202.392293 335.270328 766.772628
v -89.138803 354.517896 844.749533
v -311.112993 285.944933 695.892216
v -184.905924 348.179844 862.613103
v -295.893020 313.893362 788.184445
v -279.588718 334.646611 882.174286
vt 0.500000 0.000000
vt 1.000000 0.500000
vt 1.000000 0.000000
vt 0.500000 0.500000
vt 0.000000 0.000000
vt 1.000000 1.000000
vt 0.000000 0.500000
vt 0.500000 1.000000
vt 0.000000 1.000000
vn -0.066775 0.968030 -0.241782
vn -0.079414 0.945110 -0.316955
vn -0.157551 0.939987 -0.302657
vn -0.066775 0.968030 -0.241782
vn -0.157551 0.939987 -0.302657
vn -0.145122 0.962974 -0.227202
vn -0.053712 0.984817 -0.165077
vn -0.066775 0.968030 -0.241782
vn -0.145122 0.962974 -0.227202
vn -0.145122 0.962974 -0.227202
vn -0.157551 0.939987 -0.302657
vn -0.234690 0.928909 -0.286442
vn -0.053712 0.984817 -0.165077
vn -0.145122 0.962974 -0.227202
vn -0.131768 0.979820 -0.150297
vn -0.145122 0.962974 -0.227202
vn -0.234690 0.928909 -0.286442
vn -0.222544 0.951778 -0.211172
vn -0.131768 0.979820 -0.150297
vn -0.145122 0.962974 -0.227202
vn -0.222544 0.951778 -0.211172
vn -0.131768 0.979820 -0.150297
vn -0.222544 0.951778 -0.211172
vn -0.208988 0.968616 -0.134565
s off
g cherry_tree group1 leaf leaves leaf__29_ leaf__31_ leaf__33_ leaf__34_ leaf__2_ leaf__32_ leaf__35_ leaf__3_ leaf__7_ leaf__58_ leaf__8_ leaf__4_ leaf__26_ leaf__6_ leaf__41_ leaf__60_ leaf__59_ leaf__9_ leaf__10_ leaf__11_ leaf__24_ leaf__54_ leaf__57_ leaf__36_ leaf__38_ leaf__37_ leaf__42_ leaf__45_ leaf__43_ leaf__44_ leaf__25_ leaf__64_ leaf__55_ leaf__46_ leaf__56_ leaf__22_ leaf__5_ leaf__27_ leaf__28_ leaf__1_ leaf__30_ leaf__12_ leaf__14_ leaf__15_ leaf__48_ leaf__49_ leaf__62_ leaf__50_ leaf__16_ leaf__23_ leaf__53_ leaf__18_ leaf__51_ leaf__63_ leaf__52_ leaf__47_ leaf__17_ leaf__19_ leaf__21_ leaf__39_ leaf__40_ leaf__61_ leaf__20_ leaf__13_
usemtl leafSG
f 2509/7044/13339 2511/7046/13340 2510/7045/13341
f 2509/7044/13342 2510/7045/13343 2512/7047/13344
f 2513/7048/13345 2509/7044/13346 2512/7047/13347
f 2512/7047/13348 2510/7045/13349 2514/7049/13350
f 2513/7048/13351 2512/7047/13352 2515/7050/13353
f 2512/7047/13354 2514/7049/13355 2516/7051/13356
f 2515/7050/13357 2512/7047/13358 2516/7051/13359
f 2515/7050/13360 2516/7051/13361 2517/7052/13362
g default
v -267.450924 362.548412 764.512668
v -365.579751 376.784590 848.137927
v -358.802500 367.493431 757.073990
v -273.487067 379.449976 855.150674
v -176.779182 350.622251 772.342060
v -373.036836 379.094607 939.592578
v -183.556434 359.913410 863.405998
v -281.685261 374.149588 947.031257
v -191.013519 362.223427 954.860649
vt 0.500000 0.000000
vt 1.000000 0.500000
vt 1.000000 0.000000
vt 0.500000 0.500000
vt 0.000000 0.000000
vt 1.000000 1.000000
vt 0.000000 0.500000
vt 0.500000 1.000000
vt 0.000000 1.000000
vn 0.102656 0.985537 -0.134828
vn 0.023409 0.989730 -0.141021
vn 0.017292 0.997921 -0.062081
vn 0.102656 0.985537 -0.134828
vn 0.017292 0.997921 -0.062081
vn 0.096773 0.993751 -0.055617
vn 0.181252 0.975100 -0.127781
vn 0.102656 0.985537 -0.134828
vn 0.096773 0.993751 -0.055617
vn 0.096773 0.993751 -0.055617
vn 0.017292 0.997921 -0.062081
vn 0.011065 0.999790 0.017252
vn 0.181252 0.975100 -0.127781
vn 0.096773 0.993751 -0.055617
vn 0.175637 0.983245 -0.048799
vn 0.096773 0.993751 -0.055617
vn 0.011065 0.999790 0.017252
vn 0.090273 0.995629 0.023948
vn 0.175637 0.983245 -0.048799
vn 0.096773 0.993751 -0.055617
vn 0.090273 0.995629 0.023948
vn 0.175637 0.983245 -0.048799
vn 0.090273 0.995629 0.023948
vn 0.168909 0.985160 0.030492
s off
g cherry_tree group1 leaf leaves leaf__29_ leaf__31_ leaf__33_ leaf__34_ leaf__2_ leaf__32_ leaf__35_ leaf__3_ leaf__7_ leaf__58_ leaf__8_ leaf__4_ leaf__26_ leaf__6_ leaf__41_ leaf__60_ leaf__59_ leaf__9_ leaf__10_ leaf__11_ leaf__24_ leaf__54_ leaf__57_ leaf__36_ leaf__38_ leaf__37_ leaf__42_ leaf__45_ leaf__43_ leaf__44_ leaf__25_ leaf__64_ leaf__55_ leaf__46_ leaf__56_ leaf__22_ leaf__5_ leaf__27_ leaf__28_ leaf__1_ leaf__30_ leaf__12_ leaf__14_ leaf__15_ leaf__48_ leaf__49_ leaf__62_ leaf__50_ leaf__16_ leaf__23_ leaf__53_ leaf__18_ leaf__51_ leaf__63_ leaf__52_ leaf__47_ leaf__17_ leaf__19_ leaf__21_ leaf__39_ leaf__40_ leaf__61_ leaf__20_ leaf__13_
usemtl leafSG
f 2518/7053/13363 2520/7055/13364 2519/7054/13365
f 2518/7053/13366 2519/7054/13367 2521/7056/13368
f 2522/7057/13369 2518/7053/13370 2521/7056/13371
f 2521/7056/13372 2519/7054/13373 2523/7058/13374
f 2522/7057/13375 2521/7056/13376 2524/7059/13377
f 2521/7056/13378 2523/7058/13379 2525/7060/13380
f 2524/7059/13381 2521/7056/13382 2525/7060/13383
f 2524/7059/13384 2525/7060/13385 2526/7061/13386
g default
v -373.046966 532.741779 691.520004
v -437.871993 594.595697 785.311927
v -449.001886 584.171202 694.800319
v -357.445281 549.308763 781.071480
v -301.194092 475.677759 689.120433
v -430.844146 599.385594 876.704279
v -290.064199 486.102254 779.632041
v -354.889226 547.956172 873.423964
v -283.036352 490.892151 871.024394
vt 0.500000 0.000000
vt 1.000000 0.500000
vt 1.000000 0.000000
vt 0.500000 0.500000
vt 0.000000 0.000000
vt 1.000000 1.000000
vt 0.000000 0.500000
vt 0.500000 1.000000
vt 0.000000 1.000000
vn 0.574158 0.792899 -0.204093
vn 0.508253 0.837427 -0.200984
vn 0.517766 0.846707 -0.122502
vn 0.574158 0.792899 -0.204093
vn 0.517766 0.846707 -0.122502
vn 0.583918 0.802073 -0.125372
vn 0.636426 0.743346 -0.205909
vn 0.574158 0.792899 -0.204093
vn 0.583918 0.802073 -0.125372
vn 0.583918 0.802073 -0.125372
vn 0.517766 0.846707 -0.122502
vn 0.523998 0.850621 -0.043244
vn 0.636426 0.743346 -0.205909
vn 0.583918 0.802073 -0.125372
vn 0.646347 0.752326 -0.127443
vn 0.583918 0.802073 -0.125372
vn 0.523998 0.850621 -0.043244
vn 0.589954 0.806134 -0.045852
vn 0.646347 0.752326 -0.127443
vn 0.583918 0.802073 -0.125372
vn 0.589954 0.806134 -0.045852
vn 0.646347 0.752326 -0.127443
vn 0.589954 0.806134 -0.045852
vn 0.652172 0.756539 -0.048169
s off
g cherry_tree group1 leaf leaves leaf__29_ leaf__31_ leaf__33_ leaf__34_ leaf__2_ leaf__32_ leaf__35_ leaf__3_ leaf__7_ leaf__58_ leaf__8_ leaf__4_ leaf__26_ leaf__6_ leaf__41_ leaf__60_ leaf__59_ leaf__9_ leaf__10_ leaf__11_ leaf__24_ leaf__54_ leaf__57_ leaf__36_ leaf__38_ leaf__37_ leaf__42_ leaf__45_ leaf__43_ leaf__44_ leaf__25_ leaf__64_ leaf__55_ leaf__46_ leaf__56_ leaf__22_ leaf__5_ leaf__27_ leaf__28_ leaf__1_ leaf__30_ leaf__12_ leaf__14_ leaf__15_ leaf__48_ leaf__49_ leaf__62_ leaf__50_ leaf__16_ leaf__23_ leaf__53_ leaf__18_ leaf__51_ leaf__63_ leaf__52_ leaf__47_ leaf__17_ leaf__19_ leaf__21_ leaf__39_ leaf__40_ leaf__61_ leaf__20_ leaf__13_
usemtl leafSG
f 2527/7062/13387 2529/7064/13388 2528/7063/13389
f 2527/7062/13390 2528/7063/13391 2530/7065/13392
f 2531/7066/13393 2527/7062/13394 2530/7065/13395
f 2530/7065/13396 2528/7063/13397 2532/7067/13398
f 2531/7066/13399 2530/7065/13400 2533/7068/13401
f 2530/7065/13402 2532/7067/13403 2534/7069/13404
f 2533/7068/13405 2530/7065/13406 2534/7069/13407
f 2533/7068/13408 2534/7069/13409 2535/7070/13410
g default
v -371.416439 627.342357 754.210960
v -433.001825 703.006310 839.693838
v -432.517063 695.574236 748.209276
v -366.001609 639.656915 845.624173
v -315.727604 554.631702 760.278093
v -438.898376 705.959607 931.243849
v -316.212366 562.063776 851.762655
v -377.797752 637.727729 937.245533
v -322.108917 565.017073 943.312666
vt 0.500000 0.000000
vt 1.000000 0.500000
vt 1.000000 0.000000
vt 0.500000 0.500000
vt 0.000000 0.000000
vt 1.000000 1.000000
vt 0.000000 0.500000
vt 0.500000 1.000000
vt 0.000000 1.000000
vn 0.770677 0.630995 -0.088899
vn 0.717597 0.690106 -0.093851
vn 0.717102 0.696816 -0.014536
vn 0.770677 0.630995 -0.088899
vn 0.717102 0.696816 -0.014536
vn 0.770357 0.637545 -0.009317
vn 0.818873 0.567886 -0.083385
vn 0.770677 0.630995 -0.088899
vn 0.770357 0.637545 -0.009317
vn 0.770357 0.637545 -0.009317
vn 0.717102 0.696816 -0.014536
vn 0.712064 0.699112 0.064870
vn 0.818873 0.567886 -0.083385
vn 0.770357 0.637545 -0.009317
vn 0.818700 0.574208 -0.004037
vn 0.770357 0.637545 -0.009317
vn 0.712064 0.699112 0.064870
vn 0.765125 0.640029 0.070326
vn 0.818700 0.574208 -0.004037
vn 0.770357 0.637545 -0.009317
vn 0.765125 0.640029 0.070326
vn 0.818700 0.574208 -0.004037
vn 0.765125 0.640029 0.070326
vn 0.813339 0.576891 0.075336
s off
g cherry_tree group1 leaf leaves leaf__29_ leaf__31_ leaf__33_ leaf__34_ leaf__2_ leaf__32_ leaf__35_ leaf__3_ leaf__7_ leaf__58_ leaf__8_ leaf__4_ leaf__26_ leaf__6_ leaf__41_ leaf__60_ leaf__59_ leaf__9_ leaf__10_ leaf__11_ leaf__24_ leaf__54_ leaf__57_ leaf__36_ leaf__38_ leaf__37_ leaf__42_ leaf__45_ leaf__43_ leaf__44_ leaf__25_ leaf__64_ leaf__55_ leaf__46_ leaf__56_ leaf__22_ leaf__5_ leaf__27_ leaf__28_ leaf__1_ leaf__30_ leaf__12_ leaf__14_ leaf__15_ leaf__48_ leaf__49_ leaf__62_ leaf__50_ leaf__16_ leaf__23_ leaf__53_ leaf__18_ leaf__51_ leaf__63_ leaf__52_ leaf__47_ leaf__17_ leaf__19_ leaf__21_ leaf__39_ leaf__40_ leaf__61_ leaf__20_ leaf__13_
usemtl leafSG
f 2536/7071/13411 2538/7073/13412 2537/7072/13413
f 2536/7071/13414 2537/7072/13415 2539/7074/13416
f 2540/7075/13417 2536/7071/13418 2539/7074/13419
f 2539/7074/13420 2537/7072/13421 2541/7076/13422
f 2540/7075/13423 2539/7074/13424 2542/7077/13425
f 2539/7074/13426 2541/7076/13427 2543/7078/13428
f 2542/7077/13429 2539/7074/13430 2543/7078/13431
f 2542/7077/13432 2543/7078/13433 2544/7079/13434
g default
v -379.643368 544.919879 762.854682
v -476.670488 555.094871 848.337567
v -471.083595 550.169693 756.853005
v -384.493780 557.467486 854.267894
v -288.878730 532.677892 768.921809
v -482.932970 553.027874 939.887578
v -294.465623 537.603069 860.406371
v -391.492743 547.778060 945.889256
v -300.728105 535.536072 951.956383
vt 0.500000 0.000000
vt 1.000000 0.500000
vt 1.000000 0.000000
vt 0.500000 0.500000
vt 0.000000 0.000000
vt 1.000000 1.000000
vt 0.000000 0.500000
vt 0.500000 1.000000
vt 0.000000 1.000000
vn 0.101016 0.990905 -0.088900
vn 0.021695 0.995350 -0.093851
vn 0.016610 0.999756 -0.014536
vn 0.101016 0.990905 -0.088900
vn 0.016610 0.999756 -0.014536
vn 0.096169 0.995321 -0.009317
vn 0.179697 0.980182 -0.083385
vn 0.101016 0.990905 -0.088900
vn 0.096169 0.995321 -0.009317
vn 0.096169 0.995321 -0.009317
vn 0.016610 0.999756 -0.014536
vn 0.011420 0.997828 0.064870
vn 0.179697 0.980182 -0.083385
vn 0.096169 0.995321 -0.009317
vn 0.175114 0.984540 -0.004038
vn 0.096169 0.995321 -0.009317
vn 0.011420 0.997828 0.064870
vn 0.090708 0.993391 0.070326
vn 0.175114 0.984540 -0.004038
vn 0.096169 0.995321 -0.009317
vn 0.090708 0.993391 0.070326
vn 0.175114 0.984540 -0.004038
vn 0.090708 0.993391 0.070326
vn 0.169421 0.982660 0.075336
s off
g cherry_tree group1 leaf leaves leaf__29_ leaf__31_ leaf__33_ leaf__34_ leaf__2_ leaf__32_ leaf__35_ leaf__3_ leaf__7_ leaf__58_ leaf__8_ leaf__4_ leaf__26_ leaf__6_ leaf__41_ leaf__60_ leaf__59_ leaf__9_ leaf__10_ leaf__11_ leaf__24_ leaf__54_ leaf__57_ leaf__36_ leaf__38_ leaf__37_ leaf__42_ leaf__45_ leaf__43_ leaf__44_ leaf__25_ leaf__64_ leaf__55_ leaf__46_ leaf__56_ leaf__22_ leaf__5_ leaf__27_ leaf__28_ leaf__1_ leaf__30_ leaf__12_ leaf__14_ leaf__15_ leaf__48_ leaf__49_ leaf__62_ leaf__50_ leaf__16_ leaf__23_ leaf__53_ leaf__18_ leaf__51_ leaf__63_ leaf__52_ leaf__47_ leaf__17_ leaf__19_ leaf__21_ leaf__39_ leaf__40_ leaf__61_ leaf__20_ leaf__13_
usemtl leafSG
f 2545/7080/13435 2547/7082/13436 2546/7081/13437
f 2545/7080/13438 2546/7081/13439 2548/7083/13440
f 2549/7084/13441 2545/7080/13442 2548/7083/13443
f 2548/7083/13444 2546/7081/13445 2550/7085/13446
f 2549/7084/13447 2548/7083/13448 2551/7086/13449
f 2548/7083/13450 2550/7085/13451 2552/7087/13452
f 2551/7086/13453 2548/7083/13454 2552/7087/13455
f 2551/7086/13456 2552/7087/13457 2553/7088/13458
g default
v -210.154863 488.388709 705.327848
v -321.940610 533.019929 656.984111
v -243.626654 501.576833 620.884918
v -285.769653 526.989256 741.793524
v -179.159060 468.634943 789.434594
v -402.730555 557.897384 692.747121
v -257.473017 500.078040 825.533787
v -369.258764 544.709260 777.190051
v -338.262961 524.955495 861.296797
vt 0.500000 0.000000
vt 1.000000 0.500000
vt 1.000000 0.000000
vt 0.500000 0.500000
vt 0.000000 0.000000
vt 1.000000 1.000000
vt 0.000000 0.500000
vt 0.500000 1.000000
vt 0.000000 1.000000
vn 0.420532 0.907129 0.016445
vn 0.391248 0.918538 -0.056687
vn 0.323287 0.945954 -0.025610
vn 0.420532 0.907129 0.016445
vn 0.323287 0.945954 -0.025610
vn 0.352452 0.934606 0.047855
vn 0.447152 0.889972 0.089473
vn 0.420532 0.907129 0.016445
vn 0.352452 0.934606 0.047855
vn 0.352452 0.934606 0.047855
vn 0.323287 0.945954 -0.025610
vn 0.253279 0.967377 0.005629
vn 0.447152 0.889972 0.089473
vn 0.352452 0.934606 0.047855
vn 0.379369 0.917297 0.121015
vn 0.352452 0.934606 0.047855
vn 0.253279 0.967377 0.005629
vn 0.282124 0.956123 0.078960
vn 0.379369 0.917297 0.121015
vn 0.352452 0.934606 0.047855
vn 0.282124 0.956123 0.078960
vn 0.379369 0.917297 0.121015
vn 0.282124 0.956123 0.078960
vn 0.309183 0.938811 0.151789
s off
g cherry_tree group1 leaf leaves leaf__29_ leaf__31_ leaf__33_ leaf__34_ leaf__2_ leaf__32_ leaf__35_ leaf__3_ leaf__7_ leaf__58_ leaf__8_ leaf__4_ leaf__26_ leaf__6_ leaf__41_ leaf__60_ leaf__59_ leaf__9_ leaf__10_ leaf__11_ leaf__24_ leaf__54_ leaf__57_ leaf__36_ leaf__38_ leaf__37_ leaf__42_ leaf__45_ leaf__43_ leaf__44_ leaf__25_ leaf__64_ leaf__55_ leaf__46_ leaf__56_ leaf__22_ leaf__5_ leaf__27_ leaf__28_ leaf__1_ leaf__30_ leaf__12_ leaf__14_ leaf__15_ leaf__48_ leaf__49_ leaf__62_ leaf__50_ leaf__16_ leaf__23_ leaf__53_ leaf__18_ leaf__51_ leaf__63_ leaf__52_ leaf__47_ leaf__17_ leaf__19_ leaf__21_ leaf__39_ leaf__40_ leaf__61_ leaf__20_ leaf__13_
usemtl leafSG
f 2554/7089/13459 2556/7091/13460 2555/7090/13461
f 2554/7089/13462 2555/7090/13463 2557/7092/13464
f 2558/7093/13465 2554/7089/13466 2557/7092/13467
f 2557/7092/13468 2555/7090/13469 2559/7094/13470
f 2558/7093/13471 2557/7092/13472 2560/7095/13473
f 2557/7092/13474 2559/7094/13475 2561/7096/13476
f 2560/7095/13477 2557/7092/13478 2561/7096/13479
f 2560/7095/13480 2561/7096/13481 2562/7097/13482
g default
v -87.070739 479.714294 826.029020
v -139.332030 549.681259 730.120215
v -54.934174 519.417993 749.767923
v -170.453366 516.362615 810.486102
v -120.138587 434.153487 898.524729
v -224.661171 574.087416 706.707118
v -204.536443 464.416752 878.877021
v -256.797735 534.383717 782.968215
v -289.865584 488.822909 855.463923
vt 0.500000 0.000000
vt 1.000000 0.500000
vt 1.000000 0.000000
vt 0.500000 0.500000
vt 0.000000 0.000000
vt 1.000000 1.000000
vt 0.000000 0.500000
vt 0.500000 1.000000
vt 0.000000 1.000000
vn 0.205968 0.807310 0.553016
vn 0.233587 0.841722 0.486766
vn 0.160505 0.868176 0.469583
vn 0.205968 0.807310 0.553016
vn 0.160505 0.868176 0.469583
vn 0.132566 0.833747 0.535995
vn 0.177044 0.767784 0.615763
vn 0.205968 0.807310 0.553016
vn 0.132566 0.833747 0.535995
vn 0.132566 0.833747 0.535995
vn 0.160505 0.868176 0.469583
vn 0.086406 0.889129 0.449425
vn 0.177044 0.767784 0.615763
vn 0.132566 0.833747 0.535995
vn 0.103782 0.794003 0.598990
vn 0.132566 0.833747 0.535995
vn 0.086406 0.889129 0.449425
vn 0.058319 0.854868 0.515557
vn 0.103782 0.794003 0.598990
vn 0.132566 0.833747 0.535995
vn 0.058319 0.854868 0.515557
vn 0.103782 0.794003 0.598990
vn 0.058319 0.854868 0.515557
vn 0.029863 0.815191 0.578422
s off
g cherry_tree group1 leaf leaves leaf__29_ leaf__31_ leaf__33_ leaf__34_ leaf__2_ leaf__32_ leaf__35_ leaf__3_ leaf__7_ leaf__58_ leaf__8_ leaf__4_ leaf__26_ leaf__6_ leaf__41_ leaf__60_ leaf__59_ leaf__9_ leaf__10_ leaf__11_ leaf__24_ leaf__54_ leaf__57_ leaf__36_ leaf__38_ leaf__37_ leaf__42_ leaf__45_ leaf__43_ leaf__44_ leaf__25_ leaf__64_ leaf__55_ leaf__46_ leaf__56_ leaf__22_ leaf__5_ leaf__27_ leaf__28_ leaf__1_ leaf__30_ leaf__12_ leaf__14_ leaf__15_ leaf__48_ leaf__49_ leaf__62_ leaf__50_ leaf__16_ leaf__23_ leaf__53_ leaf__18_ leaf__51_ leaf__63_ leaf__52_ leaf__47_ leaf__17_ leaf__19_ leaf__21_ leaf__39_ leaf__40_ leaf__61_ leaf__20_ leaf__13_
usemtl leafSG
f 2563/7098/13483 2565/7100/13484 2564/7099/13485
f 2563/7098/13486 2564/7099/13487 2566/7101/13488
f 2567/7102/13489 2563/7098/13490 2566/7101/13491
f 2566/7101/13492 2564/7099/13493 2568/7103/13494
f 2567/7102/13495 2566/7101/13496 2569/7104/13497
f 2566/7101/13498 2568/7103/13499 2570/7105/13500
f 2569/7104/13501 2566/7101/13502 2570/7105/13503
f 2569/7104/13504 2570/7105/13505 2571/7106/13506
g default
v -137.295870 530.614270 839.618620
v -159.024864 600.581271 732.578516
v -84.143730 570.318000 776.188675
v -212.414457 567.262594 800.230265
v -190.230189 485.053432 899.175836
v -233.688178 624.987435 685.095629
v -265.111323 515.316702 855.565677
v -286.840318 585.283704 748.525574
v -339.774637 539.722866 808.082790
vt 0.500000 0.000000
vt 1.000000 0.500000
vt 1.000000 0.000000
vt 0.500000 0.500000
vt 0.000000 0.000000
vt 1.000000 1.000000
vt 0.000000 0.500000
vt 0.500000 1.000000
vt 0.000000 1.000000
vn 0.034138 0.807310 0.589139
vn 0.080027 0.841722 0.533948
vn 0.015236 0.868176 0.496023
vn 0.034138 0.807310 0.589139
vn 0.015236 0.868176 0.496023
vn -0.031006 0.833747 0.551275
vn -0.011967 0.767783 0.640598
vn 0.034138 0.807310 0.589139
vn -0.031006 0.833747 0.551275
vn -0.031006 0.833747 0.551275
vn 0.015236 0.868176 0.496023
vn -0.049652 0.889129 0.454955
vn -0.011967 0.767783 0.640598
vn -0.031006 0.833747 0.551275
vn -0.077051 0.794002 0.603012
vn -0.031006 0.833747 0.551275
vn -0.049652 0.889129 0.454955
vn -0.095953 0.854868 0.509896
vn -0.077051 0.794002 0.603012
vn -0.031006 0.833747 0.551275
vn -0.095953 0.854868 0.509896
vn -0.077051 0.794002 0.603012
vn -0.095953 0.854868 0.509896
vn -0.141646 0.815191 0.561605
s off
g cherry_tree group1 leaf leaves leaf__29_ leaf__31_ leaf__33_ leaf__34_ leaf__2_ leaf__32_ leaf__35_ leaf__3_ leaf__7_ leaf__58_ leaf__8_ leaf__4_ leaf__26_ leaf__6_ leaf__41_ leaf__60_ leaf__59_ leaf__9_ leaf__10_ leaf__11_ leaf__24_ leaf__54_ leaf__57_ leaf__36_ leaf__38_ leaf__37_ leaf__42_ leaf__45_ leaf__43_ leaf__44_ leaf__25_ leaf__64_ leaf__55_ leaf__46_ leaf__56_ leaf__22_ leaf__5_ leaf__27_ leaf__28_ leaf__1_ leaf__30_ leaf__12_ leaf__14_ leaf__15_ leaf__48_ leaf__49_ leaf__62_ leaf__50_ leaf__16_ leaf__23_ leaf__53_ leaf__18_ leaf__51_ leaf__63_ leaf__52_ leaf__47_ leaf__17_ leaf__19_ leaf__21_ leaf__39_ leaf__40_ leaf__61_ leaf__20_ leaf__13_
usemtl leafSG
f 2572/7107/13507 2574/7109/13508 2573/7108/13509
f 2572/7107/13510 2573/7108/13511 2575/7110/13512
f 2576/7111/13513 2572/7107/13514 2575/7110/13515
f 2575/7110/13516 2573/7108/13517 2577/7112/13518
f 2576/7111/13519 2575/7110/13520 2578/7113/13521
f 2575/7110/13522 2577/7112/13523 2579/7114/13524
f 2578/7113/13525 2575/7110/13526 2579/7114/13527
f 2578/7113/13528 2579/7114/13529 2580/7115/13530
g default
v -263.314476 526.037990 730.193796
v -343.956630 624.938796 706.943179
v -293.363547 568.867419 654.777690
v -308.106848 587.037649 783.203522
v -238.586486 478.687772 804.835468
v -399.870794 676.489385 758.334234
v -289.179568 534.759149 857.000957
v -369.821723 633.659955 833.750340
v -345.093733 586.309738 908.392012
vt 0.500000 0.000000
vt 1.000000 0.500000
vt 1.000000 0.000000
vt 0.500000 0.500000
vt 0.000000 0.000000
vt 1.000000 1.000000
vt 0.000000 0.500000
vt 0.500000 1.000000
vt 0.000000 1.000000
vn 0.801357 0.594662 0.064845
vn 0.775067 0.631878 -0.000423
vn 0.731204 0.680698 0.044619
vn 0.801357 0.594662 0.064845
vn 0.731204 0.680698 0.044619
vn 0.757445 0.643525 0.110239
vn 0.822568 0.553678 0.129702
vn 0.801357 0.594662 0.064845
vn 0.757445 0.643525 0.110239
vn 0.757445 0.643525 0.110239
vn 0.731204 0.680698 0.044619
vn 0.682708 0.725204 0.089377
vn 0.822568 0.553678 0.129702
vn 0.757445 0.643525 0.110239
vn 0.778856 0.602249 0.175157
vn 0.757445 0.643525 0.110239
vn 0.682708 0.725204 0.089377
vn 0.708704 0.688284 0.154930
vn 0.778856 0.602249 0.175157
vn 0.757445 0.643525 0.110239
vn 0.708704 0.688284 0.154930
vn 0.778856 0.602249 0.175157
vn 0.708704 0.688284 0.154930
vn 0.730209 0.647004 0.219502
s off
g cherry_tree group1 leaf leaves leaf__29_ leaf__31_ leaf__33_ leaf__34_ leaf__2_ leaf__32_ leaf__35_ leaf__3_ leaf__7_ leaf__58_ leaf__8_ leaf__4_ leaf__26_ leaf__6_ leaf__41_ leaf__60_ leaf__59_ leaf__9_ leaf__10_ leaf__11_ leaf__24_ leaf__54_ leaf__57_ leaf__36_ leaf__38_ leaf__37_ leaf__42_ leaf__45_ leaf__43_ leaf__44_ leaf__25_ leaf__64_ leaf__55_ leaf__46_ leaf__56_ leaf__22_ leaf__5_ leaf__27_ leaf__28_ leaf__1_ leaf__30_ leaf__12_ leaf__14_ leaf__15_ leaf__48_ leaf__49_ leaf__62_ leaf__50_ leaf__16_ leaf__23_ leaf__53_ leaf__18_ leaf__51_ leaf__63_ leaf__52_ leaf__47_ leaf__17_ leaf__19_ leaf__21_ leaf__39_ leaf__40_ leaf__61_ leaf__20_ leaf__13_
usemtl leafSG
f 2581/7116/13531 2583/7118/13532 2582/7117/13533
f 2581/7116/13534 2582/7117/13535 2584/7119/13536
f 2585/7120/13537 2581/7116/13538 2584/7119/13539
f 2584/7119/13540 2582/7117/13541 2586/7121/13542
f 2585/7120/13543 2584/7119/13544 2587/7122/13545
f 2584/7119/13546 2586/7121/13547 2588/7123/13548
f 2587/7122/13549 2584/7119/13550 2588/7123/13551
f 2587/7122/13552 2588/7123/13553 2589/7124/13554
g default
v -179.563837 455.485264 706.689731
v -259.238828 481.342631 607.652306
v -169.347732 464.736921 615.943186
v -268.475935 479.595476 699.570577
v -190.677991 439.349611 796.361431
v -350.027974 491.064346 598.286580
v -280.569087 455.955322 788.070551
v -360.244078 481.812689 689.033126
v -371.358232 465.677036 778.704826
vt 0.500000 0.000000
vt 1.000000 0.500000
vt 1.000000 0.000000
vt 0.500000 0.500000
vt 0.000000 0.000000
vt 1.000000 1.000000
vt 0.000000 0.500000
vt 0.500000 1.000000
vt 0.000000 1.000000
vn 0.206016 0.965347 0.160194
vn 0.214612 0.973296 0.081461
vn 0.136706 0.987841 0.074040
vn 0.206016 0.965347 0.160194
vn 0.136706 0.987841 0.074040
vn 0.127835 0.979923 0.153002
vn 0.196115 0.951281 0.237913
vn 0.206016 0.965347 0.160194
vn 0.127835 0.979923 0.153002
vn 0.127835 0.979923 0.153002
vn 0.136706 0.987841 0.074040
vn 0.057933 0.996127 0.066150
vn 0.196115 0.951281 0.237913
vn 0.127835 0.979923 0.153002
vn 0.118150 0.965756 0.230989
vn 0.127835 0.979923 0.153002
vn 0.057933 0.996127 0.066150
vn 0.048839 0.988250 0.144834
vn 0.118150 0.965756 0.230989
vn 0.127835 0.979923 0.153002
vn 0.048839 0.988250 0.144834
vn 0.118150 0.965756 0.230989
vn 0.048839 0.988250 0.144834
vn 0.039436 0.974112 0.222602
s off
g cherry_tree group1 leaf leaves leaf__29_ leaf__31_ leaf__33_ leaf__34_ leaf__2_ leaf__32_ leaf__35_ leaf__3_ leaf__7_ leaf__58_ leaf__8_ leaf__4_ leaf__26_ leaf__6_ leaf__41_ leaf__60_ leaf__59_ leaf__9_ leaf__10_ leaf__11_ leaf__24_ leaf__54_ leaf__57_ leaf__36_ leaf__38_ leaf__37_ leaf__42_ leaf__45_ leaf__43_ leaf__44_ leaf__25_ leaf__64_ leaf__55_ leaf__46_ leaf__56_ leaf__22_ leaf__5_ leaf__27_ leaf__28_ leaf__1_ leaf__30_ leaf__12_ leaf__14_ leaf__15_ leaf__48_ leaf__49_ leaf__62_ leaf__50_ leaf__16_ leaf__23_ leaf__53_ leaf__18_ leaf__51_ leaf__63_ leaf__52_ leaf__47_ leaf__17_ leaf__19_ leaf__21_ leaf__39_ leaf__40_ leaf__61_ leaf__20_ leaf__13_
usemtl leafSG
f 2590/7125/13555 2592/7127/13556 2591/7126/13557
f 2590/7125/13558 2591/7126/13559 2593/7128/13560
f 2594/7129/13561 2590/7125/13562 2593/7128/13563
f 2593/7128/13564 2591/7126/13565 2595/7130/13566
f 2594/7129/13567 2593/7128/13568 2596/7131/13569
f 2593/7128/13570 2595/7130/13571 2597/7132/13572
f 2596/7131/13573 2593/7128/13574 2597/7132/13575
f 2596/7131/13576 2597/7132/13577 2598/7133/13578
g default
v -363.526082 473.499270 798.063510
v -404.856652 479.975882 920.843619
v -442.458612 496.650511 838.789093
v -323.211924 463.966442 880.654297
v -287.081495 443.796743 756.846006
v -369.742636 456.749968 1002.406224
v -249.479535 427.122114 838.900532
v -290.810105 433.598727 961.680641
v -214.365519 403.896200 920.463137
vt 0.500000 0.000000
vt 1.000000 0.500000
vt 1.000000 0.000000
vt 0.500000 0.500000
vt 0.000000 0.000000
vt 1.000000 1.000000
vt 0.000000 0.500000
vt 0.500000 1.000000
vt 0.000000 1.000000
vn 0.321396 0.946944 -0.001366
vn 0.253009 0.966860 0.034167
vn 0.285442 0.952578 0.105442
vn 0.321396 0.946944 -0.001366
vn 0.285442 0.952578 0.105442
vn 0.354154 0.932562 0.070024
vn 0.387747 0.921027 -0.036891
vn 0.321396 0.946944 -0.001366
vn 0.354154 0.932562 0.070024
vn 0.354154 0.932562 0.070024
vn 0.285442 0.952578 0.105442
vn 0.316066 0.932260 0.176050
vn 0.387747 0.921027 -0.036891
vn 0.354154 0.932562 0.070024
vn 0.420607 0.906599 0.034159
vn 0.354154 0.932562 0.070024
vn 0.316066 0.932260 0.176050
vn 0.384653 0.912234 0.140967
vn 0.420607 0.906599 0.034159
vn 0.354154 0.932562 0.070024
vn 0.384653 0.912234 0.140967
vn 0.420607 0.906599 0.034159
vn 0.384653 0.912234 0.140967
vn 0.450803 0.886427 0.104992
s off
g cherry_tree group1 leaf leaves leaf__29_ leaf__31_ leaf__33_ leaf__34_ leaf__2_ leaf__32_ leaf__35_ leaf__3_ leaf__7_ leaf__58_ leaf__8_ leaf__4_ leaf__26_ leaf__6_ leaf__41_ leaf__60_ leaf__59_ leaf__9_ leaf__10_ leaf__11_ leaf__24_ leaf__54_ leaf__57_ leaf__36_ leaf__38_ leaf__37_ leaf__42_ leaf__45_ leaf__43_ leaf__44_ leaf__25_ leaf__64_ leaf__55_ leaf__46_ leaf__56_ leaf__22_ leaf__5_ leaf__27_ leaf__28_ leaf__1_ leaf__30_ leaf__12_ leaf__14_ leaf__15_ leaf__48_ leaf__49_ leaf__62_ leaf__50_ leaf__16_ leaf__23_ leaf__53_ leaf__18_ leaf__51_ leaf__63_ leaf__52_ leaf__47_ leaf__17_ leaf__19_ leaf__21_ leaf__39_ leaf__40_ leaf__61_ leaf__20_ leaf__13_
usemtl leafSG
f 2599/7134/13579 2601/7136/13580 2600/7135/13581
f 2599/7134/13582 2600/7135/13583 2602/7137/13584
f 2603/7138/13585 2599/7134/13586 2602/7137/13587
f 2602/7137/13588 2600/7135/13589 2604/7139/13590
f 2603/7138/13591 2602/7137/13592 2605/7140/13593
f 2602/7137/13594 2604/7139/13595 2606/7141/13596
f 2605/7140/13597 2602/7137/13598 2606/7141/13599
f 2605/7140/13600 2606/7141/13601 2607/7142/13602
g default
v -406.495858 517.699280 828.929153
v -493.542219 524.175896 924.877570
v -495.132187 540.850521 834.631677
v -402.635516 508.166457 920.752701
v -319.942182 487.996753 821.779422
v -494.034904 500.949986 1013.676257
v -318.352215 471.322128 912.025316
v -405.398576 477.798745 1007.973733
v -318.844900 448.096218 1000.824002
vt 0.500000 0.000000
vt 1.000000 0.500000
vt 1.000000 0.000000
vt 0.500000 0.500000
vt 0.000000 0.000000
vt 1.000000 1.000000
vt 0.000000 0.500000
vt 0.500000 1.000000
vt 0.000000 1.000000
vn 0.295039 0.946944 0.127473
vn 0.218145 0.966860 0.132642
vn 0.219316 0.952578 0.210940
vn 0.295039 0.946944 0.127473
vn 0.219316 0.952578 0.210940
vn 0.296461 0.932562 0.206007
vn 0.370063 0.921028 0.121497
vn 0.295039 0.946944 0.127473
vn 0.296461 0.932562 0.206007
vn 0.296461 0.932562 0.206007
vn 0.219316 0.952578 0.210940
vn 0.219097 0.932260 0.287903
vn 0.370063 0.921028 0.121497
vn 0.296461 0.932562 0.206007
vn 0.371717 0.906600 0.199760
vn 0.296461 0.932562 0.206007
vn 0.219097 0.932260 0.287903
vn 0.295993 0.912234 0.283227
vn 0.371717 0.906600 0.199760
vn 0.296461 0.932562 0.206007
vn 0.295993 0.912234 0.283227
vn 0.371717 0.906600 0.199760
vn 0.295993 0.912234 0.283227
vn 0.371015 0.886427 0.276758
s off
g cherry_tree group1 leaf leaves leaf__29_ leaf__31_ leaf__33_ leaf__34_ leaf__2_ leaf__32_ leaf__35_ leaf__3_ leaf__7_ leaf__58_ leaf__8_ leaf__4_ leaf__26_ leaf__6_ leaf__41_ leaf__60_ leaf__59_ leaf__9_ leaf__10_ leaf__11_ leaf__24_ leaf__54_ leaf__57_ leaf__36_ leaf__38_ leaf__37_ leaf__42_ leaf__45_ leaf__43_ leaf__44_ leaf__25_ leaf__64_ leaf__55_ leaf__46_ leaf__56_ leaf__22_ leaf__5_ leaf__27_ leaf__28_ leaf__1_ leaf__30_ leaf__12_ leaf__14_ leaf__15_ leaf__48_ leaf__49_ leaf__62_ leaf__50_ leaf__16_ leaf__23_ leaf__53_ leaf__18_ leaf__51_ leaf__63_ leaf__52_ leaf__47_ leaf__17_ leaf__19_ leaf__21_ leaf__39_ leaf__40_ leaf__61_ leaf__20_ leaf__13_
usemtl leafSG
f 2608/7143/13603 2610/7145/13604 2609/7144/13605
f 2608/7143/13606 2609/7144/13607 2611/7146/13608
f 2612/7147/13609 2608/7143/13610 2611/7146/13611
f 2611/7146/13612 2609/7144/13613 2613/7148/13614
f 2612/7147/13615 2611/7146/13616 2614/7149/13617
f 2611/7146/13618 2613/7148/13619 2615/7150/13620
f 2614/7149/13621 2611/7146/13622 2615/7150/13623
f 2614/7149/13624 2615/7150/13625 2616/7151/13626
g default
v -372.512337 547.131767 864.547996
v -472.339213 563.489135 945.740047
v -457.759404 580.236350 856.679071
v -384.310343 537.220981 955.651944
v -289.817065 507.756024 870.542870
v -489.470816 540.470758 1032.926973
v -304.396874 491.008809 959.603847
v -404.223749 507.366176 1040.795898
v -321.528477 467.990432 1046.790772
vt 0.500000 0.000000
vt 1.000000 0.500000
vt 1.000000 0.000000
vt 0.500000 0.500000
vt 0.000000 0.000000
vt 1.000000 1.000000
vt 0.000000 0.500000
vt 0.500000 1.000000
vt 0.000000 1.000000
vn 0.375878 0.907137 0.189256
vn 0.301870 0.935690 0.182645
vn 0.289037 0.921367 0.259887
vn 0.375878 0.907137 0.189256
vn 0.289037 0.921367 0.259887
vn 0.363243 0.892687 0.266767
vn 0.447504 0.872837 0.194668
vn 0.375878 0.907137 0.189256
vn 0.363243 0.892687 0.266767
vn 0.363243 0.892687 0.266767
vn 0.289037 0.921367 0.259887
vn 0.274371 0.901206 0.335481
vn 0.447504 0.872837 0.194668
vn 0.363243 0.892687 0.266767
vn 0.435133 0.858315 0.271947
vn 0.363243 0.892687 0.266767
vn 0.274371 0.901206 0.335481
vn 0.348291 0.872544 0.342577
vn 0.435133 0.858315 0.271947
vn 0.363243 0.892687 0.266767
vn 0.348291 0.872544 0.342577
vn 0.435133 0.858315 0.271947
vn 0.348291 0.872544 0.342577
vn 0.420005 0.838354 0.347503
s off
g cherry_tree group1 leaf leaves leaf__29_ leaf__31_ leaf__33_ leaf__34_ leaf__2_ leaf__32_ leaf__35_ leaf__3_ leaf__7_ leaf__58_ leaf__8_ leaf__4_ leaf__26_ leaf__6_ leaf__41_ leaf__60_ leaf__59_ leaf__9_ leaf__10_ leaf__11_ leaf__24_ leaf__54_ leaf__57_ leaf__36_ leaf__38_ leaf__37_ leaf__42_ leaf__45_ leaf__43_ leaf__44_ leaf__25_ leaf__64_ leaf__55_ leaf__46_ leaf__56_ leaf__22_ leaf__5_ leaf__27_ leaf__28_ leaf__1_ leaf__30_ leaf__12_ leaf__14_ leaf__15_ leaf__48_ leaf__49_ leaf__62_ leaf__50_ leaf__16_ leaf__23_ leaf__53_ leaf__18_ leaf__51_ leaf__63_ leaf__52_ leaf__47_ leaf__17_ leaf__19_ leaf__21_ leaf__39_ leaf__40_ leaf__61_ leaf__20_ leaf__13_
usemtl leafSG
f 2617/7152/13627 2619/7154/13628 2618/7153/13629
f 2617/7152/13630 2618/7153/13631 2620/7155/13632
f 2621/7156/13633 2617/7152/13634 2620/7155/13635
f 2620/7155/13636 2618/7153/13637 2622/7157/13638
f 2621/7156/13639 2620/7155/13640 2623/7158/13641
f 2620/7155/13642 2622/7157/13643 2624/7159/13644
f 2623/7158/13645 2620/7155/13646 2624/7159/13647
f 2623/7158/13648 2624/7159/13649 2625/7160/13650
g default
v -361.907040 517.031804 1002.208566
v -283.015114 533.389131 1103.862987
v -371.720036 550.136346 1087.253800
v -271.096173 507.121019 1016.083317
v -354.025860 477.656100 919.671675
v -196.242008 510.370754 1122.980516
v -265.320938 460.908885 936.280861
v -186.429012 477.266212 1037.935282
v -178.547832 437.890508 955.398391
vt 0.500000 0.000000
vt 1.000000 0.500000
vt 1.000000 0.000000
vt 0.500000 0.500000
vt 0.000000 0.000000
vt 1.000000 1.000000
vt 0.000000 0.500000
vt 0.500000 1.000000
vt 0.000000 1.000000
vn 0.197788 0.907137 -0.371459
vn 0.189489 0.935690 -0.297622
vn 0.266417 0.921367 -0.283028
vn 0.197788 0.907137 -0.371459
vn 0.266417 0.921367 -0.283028
vn 0.274990 0.892687 -0.357058
vn 0.204833 0.872838 -0.442943
vn 0.197788 0.907137 -0.371459
vn 0.274990 0.892687 -0.357058
vn 0.274990 0.892687 -0.357058
vn 0.266417 0.921367 -0.283028
vn 0.341657 0.901206 -0.266641
vn 0.204833 0.872838 -0.442943
vn 0.274990 0.892687 -0.357058
vn 0.281810 0.858315 -0.428811
vn 0.274990 0.892687 -0.357058
vn 0.341657 0.901206 -0.266641
vn 0.350439 0.872545 -0.340379
vn 0.281810 0.858315 -0.428811
vn 0.274990 0.892687 -0.357058
vn 0.350439 0.872545 -0.340379
vn 0.281810 0.858315 -0.428811
vn 0.350439 0.872545 -0.340379
vn 0.357001 0.838354 -0.411962
s off
g cherry_tree group1 leaf leaves leaf__29_ leaf__31_ leaf__33_ leaf__34_ leaf__2_ leaf__32_ leaf__35_ leaf__3_ leaf__7_ leaf__58_ leaf__8_ leaf__4_ leaf__26_ leaf__6_ leaf__41_ leaf__60_ leaf__59_ leaf__9_ leaf__10_ leaf__11_ leaf__24_ leaf__54_ leaf__57_ leaf__36_ leaf__38_ leaf__37_ leaf__42_ leaf__45_ leaf__43_ leaf__44_ leaf__25_ leaf__64_ leaf__55_ leaf__46_ leaf__56_ leaf__22_ leaf__5_ leaf__27_ leaf__28_ leaf__1_ leaf__30_ leaf__12_ leaf__14_ leaf__15_ leaf__48_ leaf__49_ leaf__62_ leaf__50_ leaf__16_ leaf__23_ leaf__53_ leaf__18_ leaf__51_ leaf__63_ leaf__52_ leaf__47_ leaf__17_ leaf__19_ leaf__21_ leaf__39_ leaf__40_ leaf__61_ leaf__20_ leaf__13_
usemtl leafSG
f 2626/7161/13651 2628/7163/13652 2627/7162/13653
f 2626/7161/13654 2627/7162/13655 2629/7164/13656
f 2630/7165/13657 2626/7161/13658 2629/7164/13659
f 2629/7164/13660 2627/7162/13661 2631/7166/13662
f 2630/7165/13663 2629/7164/13664 2632/7167/13665
f 2629/7164/13666 2631/7166/13667 2633/7168/13668
f 2632/7167/13669 2629/7164/13670 2633/7168/13671
f 2632/7167/13672 2633/7168/13673 2634/7169/13674
g default
v -421.416508 490.544703 1010.202911
v -325.791714 444.888182 1126.352005
v -433.310936 472.608712 1119.356761
v -311.344670 471.643823 1018.563483
v -411.863637 500.390291 899.796629
v -220.614048 409.077250 1132.094817
v -304.344415 472.669762 906.791874
v -208.719621 427.013241 1022.940967
v -199.166749 436.858829 912.534686
vt 0.500000 0.000000
vt 1.000000 0.500000
vt 1.000000 0.000000
vt 0.500000 0.500000
vt 0.000000 0.000000
vt 1.000000 1.000000
vt 0.000000 0.500000
vt 0.500000 1.000000
vt 0.000000 1.000000
vn 0.197788 0.969899 0.142045
vn 0.189489 0.956888 0.220134
vn 0.266417 0.937131 0.225404
vn 0.197788 0.969899 0.142045
vn 0.266417 0.937131 0.225404
vn 0.274990 0.950130 0.147085
vn 0.204833 0.976764 0.063056
vn 0.197788 0.969899 0.142045
vn 0.274990 0.950130 0.147085
vn 0.274990 0.950130 0.147085
vn 0.266417 0.937131 0.225404
vn 0.341657 0.911436 0.229247
vn 0.204833 0.976764 0.063056
vn 0.274990 0.950130 0.147085
vn 0.281810 0.957070 0.067827
vn 0.274990 0.950130 0.147085
vn 0.341657 0.911436 0.229247
vn 0.350439 0.924302 0.151187
vn 0.281810 0.957070 0.067827
vn 0.274990 0.950130 0.147085
vn 0.350439 0.924302 0.151187
vn 0.281810 0.957070 0.067827
vn 0.350439 0.924302 0.151187
vn 0.357001 0.931312 0.072169
s off
g cherry_tree group1 leaf leaves leaf__29_ leaf__31_ leaf__33_ leaf__34_ leaf__2_ leaf__32_ leaf__35_ leaf__3_ leaf__7_ leaf__58_ leaf__8_ leaf__4_ leaf__26_ leaf__6_ leaf__41_ leaf__60_ leaf__59_ leaf__9_ leaf__10_ leaf__11_ leaf__24_ leaf__54_ leaf__57_ leaf__36_ leaf__38_ leaf__37_ leaf__42_ leaf__45_ leaf__43_ leaf__44_ leaf__25_ leaf__64_ leaf__55_ leaf__46_ leaf__56_ leaf__22_ leaf__5_ leaf__27_ leaf__28_ leaf__1_ leaf__30_ leaf__12_ leaf__14_ leaf__15_ leaf__48_ leaf__49_ leaf__62_ leaf__50_ leaf__16_ leaf__23_ leaf__53_ leaf__18_ leaf__51_ leaf__63_ leaf__52_ leaf__47_ leaf__17_ leaf__19_ leaf__21_ leaf__39_ leaf__40_ leaf__61_ leaf__20_ leaf__13_
usemtl leafSG
f 2635/7170/13675 2637/7172/13676 2636/7171/13677
f 2635/7170/13678 2636/7171/13679 2638/7173/13680
f 2639/7174/13681 2635/7170/13682 2638/7173/13683
f 2638/7173/13684 2636/7171/13685 2640/7175/13686
f 2639/7174/13687 2638/7173/13688 2641/7176/13689
f 2638/7173/13690 2640/7175/13691 2642/7177/13692
f 2641/7176/13693 2638/7173/13694 2642/7177/13695
f 2641/7176/13696 2642/7177/13697 2643/7178/13698
g default
v -343.207115 450.775522 1004.828168
v -264.315250 396.123646 1092.088510
v -353.020178 419.664818 1090.622838
v -252.396243 434.179307 1008.739549
v -335.325866 475.515508 916.790014
v -177.542138 366.211756 1091.310699
v -246.620938 451.974336 918.255686
v -167.729074 397.322460 1005.516029
v -159.847826 422.062446 917.477875
vt 0.500000 0.000000
vt 1.000000 0.500000
vt 1.000000 0.000000
vt 0.500000 0.500000
vt 0.000000 0.000000
vt 1.000000 1.000000
vt 0.000000 0.500000
vt 0.500000 1.000000
vt 0.000000 1.000000
vn 0.197787 0.927217 0.318038
vn 0.189489 0.900064 0.392401
vn 0.266417 0.879675 0.393947
vn 0.197787 0.927217 0.318038
vn 0.266417 0.879675 0.393947
vn 0.274990 0.906859 0.319355
vn 0.204833 0.948496 0.241660
vn 0.197787 0.927217 0.318038
vn 0.274990 0.906859 0.319355
vn 0.274990 0.906859 0.319355
vn 0.266417 0.879675 0.393947
vn 0.341657 0.853712 0.392998
vn 0.204833 0.948496 0.241660
vn 0.274990 0.906859 0.319355
vn 0.281810 0.928260 0.242727
vn 0.274990 0.906859 0.319355
vn 0.341657 0.853712 0.392998
vn 0.350439 0.880718 0.318636
vn 0.281810 0.928260 0.242727
vn 0.274990 0.906859 0.319355
vn 0.350439 0.880718 0.318636
vn 0.281810 0.928260 0.242727
vn 0.350439 0.880718 0.318636
vn 0.357001 0.902143 0.242256
s off
g cherry_tree group1 leaf leaves leaf__29_ leaf__31_ leaf__33_ leaf__34_ leaf__2_ leaf__32_ leaf__35_ leaf__3_ leaf__7_ leaf__58_ leaf__8_ leaf__4_ leaf__26_ leaf__6_ leaf__41_ leaf__60_ leaf__59_ leaf__9_ leaf__10_ leaf__11_ leaf__24_ leaf__54_ leaf__57_ leaf__36_ leaf__38_ leaf__37_ leaf__42_ leaf__45_ leaf__43_ leaf__44_ leaf__25_ leaf__64_ leaf__55_ leaf__46_ leaf__56_ leaf__22_ leaf__5_ leaf__27_ leaf__28_ leaf__1_ leaf__30_ leaf__12_ leaf__14_ leaf__15_ leaf__48_ leaf__49_ leaf__62_ leaf__50_ leaf__16_ leaf__23_ leaf__53_ leaf__18_ leaf__51_ leaf__63_ leaf__52_ leaf__47_ leaf__17_ leaf__19_ leaf__21_ leaf__39_ leaf__40_ leaf__61_ leaf__20_ leaf__13_
usemtl leafSG
f 2644/7179/13699 2646/7181/13700 2645/7180/13701
f 2644/7179/13702 2645/7180/13703 2647/7182/13704
f 2648/7183/13705 2644/7179/13706 2647/7182/13707
f 2647/7182/13708 2645/7180/13709 2649/7184/13710
f 2648/7183/13711 2647/7182/13712 2650/7185/13713
f 2647/7182/13714 2649/7184/13715 2651/7186/13716
f 2650/7185/13717 2647/7182/13718 2651/7186/13719
f 2650/7185/13720 2651/7186/13721 2652/7187/13722
g default
v -269.854609 516.394012 773.621182
v -392.857061 535.602538 737.199413
v -311.182322 542.239037 695.846182
v -351.156384 516.970977 817.519162
v -228.869022 483.931964 849.061840
v -474.873927 522.349016 776.218303
v -310.543761 477.295465 890.415071
v -433.546213 496.503991 853.993302
v -392.560626 464.041944 929.433961
vt 0.500000 0.000000
vt 1.000000 0.500000
vt 1.000000 0.000000
vt 0.500000 0.500000
vt 0.000000 0.000000
vt 1.000000 1.000000
vt 0.000000 0.500000
vt 0.500000 1.000000
vt 0.000000 1.000000
vn 0.119745 0.947568 0.296271
vn 0.083676 0.969847 0.228901
vn 0.012743 0.964278 0.264587
vn 0.119745 0.947568 0.296271
vn 0.012743 0.964278 0.264587
vn 0.048701 0.941920 0.332289
vn 0.155055 0.919285 0.361764
vn 0.119745 0.947568 0.296271
vn 0.048701 0.941920 0.332289
vn 0.048701 0.941920 0.332289
vn 0.012743 0.964278 0.264587
vn -0.058271 0.952599 0.298596
vn 0.155055 0.919285 0.361764
vn 0.048701 0.941920 0.332289
vn 0.084349 0.913555 0.397872
vn 0.048701 0.941920 0.332289
vn -0.058271 0.952599 0.298596
vn -0.022653 0.930265 0.366188
vn 0.084349 0.913555 0.397872
vn 0.048701 0.941920 0.332289
vn -0.022653 0.930265 0.366188
vn 0.084349 0.913555 0.397872
vn -0.022653 0.930265 0.366188
vn 0.013108 0.902037 0.431459
s off
g cherry_tree group1 leaf leaves leaf__29_ leaf__31_ leaf__33_ leaf__34_ leaf__2_ leaf__32_ leaf__35_ leaf__3_ leaf__7_ leaf__58_ leaf__8_ leaf__4_ leaf__26_ leaf__6_ leaf__41_ leaf__60_ leaf__59_ leaf__9_ leaf__10_ leaf__11_ leaf__24_ leaf__54_ leaf__57_ leaf__36_ leaf__38_ leaf__37_ leaf__42_ leaf__45_ leaf__43_ leaf__44_ leaf__25_ leaf__64_ leaf__55_ leaf__46_ leaf__56_ leaf__22_ leaf__5_ leaf__27_ leaf__28_ leaf__1_ leaf__30_ leaf__12_ leaf__14_ leaf__15_ leaf__48_ leaf__49_ leaf__62_ leaf__50_ leaf__16_ leaf__23_ leaf__53_ leaf__18_ leaf__51_ leaf__63_ leaf__52_ leaf__47_ leaf__17_ leaf__19_ leaf__21_ leaf__39_ leaf__40_ leaf__61_ leaf__20_ leaf__13_
usemtl leafSG
f 2653/7188/13723 2655/7190/13724 2654/7189/13725
f 2653/7188/13726 2654/7189/13727 2656/7191/13728
f 2657/7192/13729 2653/7188/13730 2656/7191/13731
f 2656/7191/13732 2654/7189/13733 2658/7193/13734
f 2657/7192/13735 2656/7191/13736 2659/7194/13737
f 2656/7191/13738 2658/7193/13739 2660/7195/13740
f 2659/7194/13741 2656/7191/13742 2660/7195/13743
f 2659/7194/13744 2660/7195/13745 2661/7196/13746
g default
v -15.035530 533.388082 763.772758
v 6.427044 573.210210 642.205196
v 56.950411 568.152519 718.668945
v -68.155219 545.415590 689.133747
v -84.639823 492.230123 807.202709
v -41.714676 571.874379 564.067585
v -135.163190 497.287813 730.738960
v -113.700617 537.109941 609.171398
v -183.304910 495.951982 652.601349
vt 0.500000 0.000000
vt 1.000000 0.500000
vt 1.000000 0.000000
vt 0.500000 0.500000
vt 0.000000 0.000000
vt 1.000000 1.000000
vt 0.000000 0.500000
vt 0.500000 1.000000
vt 0.000000 1.000000
vn -0.295027 0.905584 0.304756
vn -0.232701 0.935634 0.265404
vn -0.276356 0.940226 0.199003
vn -0.295027 0.905584 0.304756
vn -0.276356 0.940226 0.199003
vn -0.339023 0.910105 0.238271
vn -0.355483 0.869797 0.342178
vn -0.295027 0.905584 0.304756
vn -0.339023 0.910105 0.238271
vn -0.339023 0.910105 0.238271
vn -0.276356 0.940226 0.199003
vn -0.318260 0.938861 0.131340
vn -0.355483 0.869797 0.342178
vn -0.339023 0.910105 0.238271
vn -0.399528 0.874180 0.276020
vn -0.339023 0.910105 0.238271
vn -0.318260 0.938861 0.131340
vn -0.380857 0.908822 0.170266
vn -0.399528 0.874180 0.276020
vn -0.339023 0.910105 0.238271
vn -0.380857 0.908822 0.170266
vn -0.399528 0.874180 0.276020
vn -0.380857 0.908822 0.170266
vn -0.441042 0.873024 0.208113
s off
g cherry_tree group1 leaf leaves leaf__29_ leaf__31_ leaf__33_ leaf__34_ leaf__2_ leaf__32_ leaf__35_ leaf__3_ leaf__7_ leaf__58_ leaf__8_ leaf__4_ leaf__26_ leaf__6_ leaf__41_ leaf__60_ leaf__59_ leaf__9_ leaf__10_ leaf__11_ leaf__24_ leaf__54_ leaf__57_ leaf__36_ leaf__38_ leaf__37_ leaf__42_ leaf__45_ leaf__43_ leaf__44_ leaf__25_ leaf__64_ leaf__55_ leaf__46_ leaf__56_ leaf__22_ leaf__5_ leaf__27_ leaf__28_ leaf__1_ leaf__30_ leaf__12_ leaf__14_ leaf__15_ leaf__48_ leaf__49_ leaf__62_ leaf__50_ leaf__16_ leaf__23_ leaf__53_ leaf__18_ leaf__51_ leaf__63_ leaf__52_ leaf__47_ leaf__17_ leaf__19_ leaf__21_ leaf__39_ leaf__40_ leaf__61_ leaf__20_ leaf__13_
usemtl leafSG
f 2662/7197/13747 2664/7199/13748 2663/7198/13749
f 2662/7197/13750 2663/7198/13751 2665/7200/13752
f 2666/7201/13753 2662/7197/13754 2665/7200/13755
f 2665/7200/13756 2663/7198/13757 2667/7202/13758
f 2666/7201/13759 2665/7200/13760 2668/7203/13761
f 2665/7200/13762 2667/7202/13763 2669/7204/13764
f 2668/7203/13765 2665/7200/13766 2669/7204/13767
f 2668/7203/13768 2669/7204/13769 2670/7205/13770
