# This file uses centimeters as units for non-parametric coordinates.

mtllib corn.mtl
g default
v 1094.820703 906.514540 573.474913
v 1098.622243 916.485676 573.619039
v 1098.257831 916.507976 574.355183
v 1096.191374 906.430661 570.705998
v 1093.411038 894.361020 573.336009
v 1099.602747 916.471464 573.736926
v 1095.151929 894.254486 569.819220
v 1093.212832 882.782026 573.588656
v 1099.879407 906.377205 571.149417
v 1100.461008 916.476043 574.620077
v 1103.107643 906.394426 574.471272
v 1099.836092 894.186592 570.382407
v 1103.936262 894.208464 574.601483
v 1094.953723 882.675492 570.071867
v 1093.002081 870.470185 573.857294
v 1099.637885 882.607598 570.635054
v 1103.738056 882.629470 574.854130
v 1094.742972 870.363650 570.340505
v 1094.005426 859.377873 574.500581
v 1099.427135 870.295756 570.903692
v 1103.527305 870.317629 575.122767
v 1095.378687 859.293836 571.726438
v 1097.302348 848.614969 575.906077
v 1097.603076 848.596566 575.298575
v 1099.073688 859.240279 572.170696
v 1102.308019 859.257533 575.498823
v 1098.412237 848.584838 575.395861
v 1099.120518 848.588616 576.124683
v 1100.550736 916.495963 575.603459
v 1103.445145 906.469356 578.170129
v 1099.804368 916.516226 575.946569
v 1100.637773 906.545571 579.460678
v 1104.364924 894.303633 579.299393
v 1100.799291 894.400433 580.938521
v 1104.166718 882.724639 579.552040
v 1100.601084 882.821439 581.191169
v 1103.955967 870.412797 579.820678
v 1100.390334 870.509597 581.459806
v 1102.646160 859.332604 579.204668
v 1099.833487 859.408963 580.497656
v 1099.194566 848.605056 576.936218
v 1098.578626 848.621778 577.219368
v 1098.783926 916.521572 575.391035
v 1096.799536 906.565680 577.371111
v 1095.924353 894.425973 578.284564
v 1095.726146 882.846979 578.537211
v 1095.515396 870.535137 578.805849
v 1095.987998 859.429110 578.404140
v 1097.736508 848.626190 576.760912
v 1066.383218 842.194511 585.618823
v 1056.595003 843.441507 583.760653
v 1050.977813 836.927499 579.485140
v 1073.051996 838.789204 577.062952
v 1045.995591 829.600019 577.276852
v 1070.021634 838.050997 571.915273
v 1048.582889 837.236150 574.508291
v 1066.991271 837.312824 566.767600
v 1049.840354 844.312059 569.723942
v 1055.809821 840.715161 564.662116
v 1051.378633 841.024592 569.488502
v 1056.106524 839.040234 564.698918
v 1045.409907 830.283102 575.438803
v 1041.583090 820.877348 577.603457
v 1047.158349 830.057743 579.072193
v 1042.281985 819.718002 577.522189
v 1046.108776 829.123805 575.357542
v 1076.644595 831.431768 584.658546
v 1079.147735 827.904208 577.149050
v 1076.216159 827.089235 571.985123
v 1073.284568 826.274292 566.821187
v 1063.490398 827.774943 561.487670
v 1063.333386 826.059292 561.661355
v 1057.989577 840.433371 583.495216
v 1047.857215 828.898398 578.990931
v 1098.324994 741.573833 580.663608
v 1094.966837 740.014729 575.182506
v 1079.836676 769.252934 569.234819
v 1089.292559 773.643055 584.668491
v 1074.057370 800.963115 564.920352
v 1084.601415 804.885214 584.391276
v 1084.774133 806.584871 584.191205
v 1089.981985 774.603143 584.346801
v 1098.494397 741.809751 580.584562
v 1066.197332 840.281019 585.489666
v 1076.487571 829.716104 584.832225
v 1095.136248 740.250647 575.103462
v 1080.526103 770.213030 568.913128
v 1095.222949 740.346542 575.119164
v 1074.230087 802.662781 564.720281
v 1082.606158 771.178738 572.308141
v 1096.956134 740.906925 577.822763
v 1078.174744 802.918396 569.101095
v 1085.254047 772.408086 576.629967
v 1098.527589 741.880794 580.512921
v 1080.973697 803.959541 574.269721
v 1087.901936 773.637417 580.951793
v 1083.772652 805.000652 579.438346
v 1140.567977 871.641367 615.110718
v 1150.539380 870.600728 620.762163
v 1154.328297 861.249743 623.994877
v 1129.217401 862.732701 616.785070
v 1158.287441 852.785150 625.414174
v 1130.187607 857.990687 621.125258
v 1154.751954 857.602669 628.256473
v 1131.157828 853.248679 625.465466
v 1151.734247 860.314479 632.781565
v 1142.693674 853.808418 632.471979
v 1149.717108 857.369107 631.351283
v 1142.268916 852.388695 631.848268
v 1158.156402 851.960176 627.024026
v 1162.656284 845.042664 624.584683
v 1157.847122 854.622752 623.912826
v 1161.774532 844.017134 624.013419
v 1157.274681 850.934645 626.452777
v 1128.160594 862.251240 608.352117
v 1121.827403 853.706237 611.077088
v 1122.676905 848.892122 615.364301
v 1123.526415 844.077992 619.651516
v 1131.972405 840.649964 627.589122
v 1132.102445 839.262982 627.057475
v 1148.685569 867.867131 619.490718
v 1156.965384 853.597204 623.341565
v 1096.404321 782.038105 576.266611
v 1097.527564 776.300605 580.723699
v 1113.467916 796.348305 599.170927
v 1110.305071 812.503966 586.620638
v 1120.073758 820.498158 613.349649
v 1117.487485 839.356801 597.639804
v 1117.327375 840.711117 598.177104
v 1109.473803 813.157007 586.808121
v 1096.200053 782.198578 576.312678
v 1140.580835 869.851239 614.727750
v 1128.290658 860.864275 607.820479
v 1097.323296 776.461069 580.769767
v 1112.636635 797.001347 599.358403
v 1097.242067 776.563574 580.750553
v 1119.913646 821.852461 613.886942
v 1111.940893 800.555176 596.597664
v 1096.589520 779.216317 578.460551
v 1117.567267 825.664285 609.513374
v 1111.055211 805.079175 593.083263
v 1096.136730 782.209640 576.364488
v 1116.880733 830.670378 605.343138
v 1110.169530 809.603173 589.568857
v 1116.194203 835.676472 601.172907
v 1074.347919 884.497976 588.041213
v 1064.905446 887.592987 586.797671
v 1058.758291 881.960671 582.758898
v 1079.904759 879.229018 578.803402
v 1053.311719 875.518508 580.793818
v 1076.577965 878.781280 573.723793
v 1056.126031 882.439666 577.816796
v 1073.251183 878.333560 568.644201
v 1057.481420 888.943922 572.858972
v 1062.602626 883.842215 567.250564
v 1058.714087 885.342207 572.498948
v 1062.774294 882.114862 567.260552
v 1052.665766 876.202763 578.951227
v 1048.496225 867.728674 581.383696
v 1054.587463 875.853053 582.559241
v 1049.081198 866.427205 581.248054
v 1053.250725 874.901329 578.815590
v 1083.386052 871.644383 586.317837
v 1085.010146 867.156052 578.431901
v 1081.771723 866.610884 573.328652
v 1078.533296 866.065771 568.225397
v 1068.855034 869.198301 563.419215
v 1068.598087 867.530046 563.599820
v 1066.017333 884.296814 586.417829
v 1055.172426 874.551582 582.423601
v 1097.702428 777.443103 580.345395
v 1093.980481 776.221988 574.941970
v 1081.053466 808.045004 569.993866
v 1091.533727 811.483444 585.208815
v 1077.390122 840.554999 566.105357
v 1089.170247 843.559679 585.385652
v 1089.439279 845.207131 585.176866
v 1092.238994 812.282087 584.837182
v 1097.875732 777.639343 580.254075
v 1074.028012 882.619423 587.912233
v 1083.129100 869.976147 586.498437
v 1094.153785 776.418236 574.850651
v 1081.758733 808.843667 569.622220
v 1094.244765 776.497410 574.861394
v 1077.659154 842.202486 565.896569
v 1084.064120 809.600022 572.969120
v 1096.139896 776.876250 577.520551
v 1081.775631 841.937491 570.126120
v 1086.998864 810.562871 577.229702
v 1097.907398 777.699062 580.178711
v 1084.902714 842.735112 575.244144
v 1089.933602 811.525715 581.490278
v 1088.029788 843.532673 580.362168
v 1108.943452 919.349611 598.952391
v 1107.486962 921.543107 604.316029
v 1104.124143 918.131535 605.632723
v 1103.423483 916.635731 589.615027
v 1102.069192 913.991591 607.746369
v 1099.944979 916.790914 588.628942
v 1100.843060 918.895267 604.310830
v 1096.466467 916.946084 587.642854
v 1098.232979 923.697120 600.587752
v 1094.937235 920.772259 593.750402
v 1097.927729 921.313305 599.483756
v 1094.866560 919.613063 593.600904
v 1100.903095 914.615117 607.052311
v 1101.586053 908.719838 610.981152
v 1103.298479 914.057553 608.017375
v 1101.484865 907.858844 610.489553
v 1100.801900 913.754132 606.560723
v 1107.999038 910.877814 591.776633
v 1103.006744 908.569979 585.801826
v 1099.516286 908.661873 584.742175
v 1096.025823 908.753775 583.682519
v 1092.337122 911.290166 587.021914
v 1092.337023 910.155713 587.252414
v 1107.174865 919.366031 603.285293
v 1103.197280 913.196542 607.525777
v 1100.542260 848.237646 576.472873
v 1096.785717 847.903441 575.521316
v 1094.250007 869.691764 581.612814
v 1104.827688 870.632810 584.292207
v 1093.242597 891.838900 582.442956
v 1106.439299 892.125743 586.762356
v 1106.421862 893.248766 586.506359
v 1104.702965 871.200861 583.635153
v 1100.511613 848.377229 576.311417
v 1108.734149 918.101806 599.028501
v 1107.998946 909.743370 592.007134
v 1096.755064 848.043022 575.359856
v 1094.125291 870.259814 580.955755
v 1096.774152 848.095086 575.310311
v 1093.225156 892.961923 582.186954
v 1096.452108 870.466815 581.545158
v 1098.616685 848.110571 575.732098
v 1096.208595 892.404003 582.129699
v 1099.414129 870.730338 582.295458
v 1100.470835 848.423957 576.246707
v 1099.711705 892.480156 583.276301
v 1102.376148 870.993850 583.045751
v 1103.214814 892.556291 584.422903
v 1080.714416 915.488275 548.427932
v 1079.361468 916.859008 541.712475
v 1081.181487 913.043050 539.035898
v 1088.893641 913.593268 556.339813
v 1081.694484 908.497673 536.150511
v 1091.851041 913.614152 555.813163
v 1084.150383 913.727482 538.912969
v 1094.808454 913.635044 555.286501
v 1087.734949 918.789360 541.365770
v 1093.180756 916.526021 547.582478
v 1088.441351 916.541028 542.640552
v 1093.293657 915.388022 547.814888
v 1082.852275 909.120132 536.320930
v 1080.561911 902.799464 532.858221
v 1080.684817 908.620468 536.410675
v 1080.852321 902.000198 533.424208
v 1083.142680 908.320876 536.886890
v 1084.588014 907.932875 556.574416
v 1090.873770 906.042519 561.019648
v 1093.872643 906.009207 560.573400
v 1096.871516 905.975887 560.127152
v 1098.044128 907.783390 554.572087
v 1097.935046 906.625739 554.419584
v 1080.040790 914.806104 542.886026
v 1080.975216 907.821184 536.976642
v 1098.901974 867.286971 564.994094
v 1099.360313 889.115646 561.688921
v 1087.884219 889.831199 562.978643
v 1099.710701 846.616441 574.712491
v 1090.059286 868.669451 566.820514
v 1096.570313 847.107421 575.361119
v 1088.017395 890.979503 563.151985
v 1090.447934 869.310380 567.431383
v 1096.665812 847.264914 575.511227
v 1084.478930 906.775244 556.421911
v 1080.825433 914.222340 548.358334
v 1099.806201 846.773940 574.862587
v 1099.290623 867.927900 565.604962
v 1099.814967 846.833580 574.920872
v 1099.493490 890.263950 561.862264
v 1097.345457 868.232009 566.006725
v 1098.294190 846.932731 575.301082
v 1097.361619 889.941595 563.337327
v 1094.869282 868.619145 566.518169
v 1096.724634 847.316730 575.559168
v 1094.315252 890.131544 563.679679
v 1092.393096 869.006271 567.029614
v 1091.268877 890.321484 564.022041
v 1085.189279 917.178816 588.457605
v 1078.893086 919.403221 587.787140
v 1074.652122 916.064309 584.850948
v 1088.821750 914.587974 581.984367
v 1070.869809 911.967983 583.276124
v 1086.570789 914.819708 578.553588
v 1072.885257 916.900490 581.549156
v 1084.319827 915.051455 575.122800
v 1073.909821 921.761577 578.474771
v 1077.256050 918.910257 574.457626
v 1074.673196 919.384262 578.075318
v 1077.340180 917.752406 574.390890
v 1070.445856 912.617389 582.065079
v 1067.490129 906.704843 583.364820
v 1071.735772 912.006929 584.475577
v 1067.859843 905.846020 583.216186
v 1070.815549 911.758579 581.916439
v 1091.033396 908.727952 586.717875
v 1092.036236 906.530744 581.204793
v 1089.842908 906.699467 577.753595
v 1087.649585 906.868201 574.302401
v 1081.191827 909.485060 571.232173
v 1080.988909 908.350314 571.284673
v 1079.580752 917.232822 587.387677
v 1072.105458 911.148095 584.326934
v 1098.947316 846.242591 578.664126
v 1096.416198 845.990943 574.983970
v 1088.293728 867.837663 573.039942
v 1095.420849 868.546266 583.402518
v 1086.415619 890.011209 571.802440
v 1094.413347 890.007601 584.882820
v 1094.623973 891.131322 584.810378
v 1095.909320 869.117345 583.182765
v 1099.067353 846.382928 578.610133
v 1084.939890 915.935325 588.292755
v 1090.830483 907.593231 586.770389
v 1096.536235 846.131284 574.929977
v 1088.782204 868.408742 572.820186
v 1096.598870 846.182929 574.940188
v 1086.626249 891.134920 571.729996
v 1090.349990 868.564612 575.099692
v 1097.883158 846.157915 576.741670
v 1089.394565 890.511493 574.554422
v 1092.345759 868.763049 578.001473
v 1099.089651 846.430573 578.561698
v 1091.517587 890.510535 578.026656
v 1094.341538 868.961466 580.903265
v 1093.640612 890.509577 581.498887
v 1119.133719 916.532867 572.010822
v 1125.822555 918.939084 575.061462
v 1129.218495 915.605777 579.085677
v 1112.502299 913.524084 575.511229
v 1132.637208 911.561051 581.893600
v 1113.605085 913.675253 579.048203
v 1129.856655 916.351556 582.317517
v 1114.707862 913.826412 582.585175
v 1127.622417 921.042428 584.176561
v 1122.279847 917.894245 585.921196
v 1126.568460 918.619535 584.204965
v 1122.132980 916.729626 585.954850
v 1132.633842 912.170068 582.982435
v 1136.250936 906.410756 583.283308
v 1132.167947 911.625622 580.623004
v 1135.765471 905.532127 583.258525
v 1132.148403 911.291454 582.957664
v 1111.827189 907.800726 571.077735
v 1108.471978 905.317498 574.912623
v 1109.501881 905.402743 578.442576
v 1110.531784 905.487988 581.972529
v 1116.448457 908.183232 586.916855
v 1116.664493 907.056770 586.976275
v 1124.856599 916.725799 575.117744
v 1131.682499 910.746984 580.598232
v 1098.423756 844.634643 574.917711
v 1099.722384 844.300051 578.766719
v 1108.378562 866.347385 583.247738
v 1104.721888 867.289514 572.409712
v 1110.478750 888.545126 584.634226
v 1106.936223 888.868970 571.374705
v 1106.703488 889.983242 571.327510
v 1104.112330 867.834721 572.369738
v 1098.273974 844.768614 574.907892
v 1119.311243 915.289217 572.256881
v 1112.043236 906.674269 571.137154
v 1099.572598 844.434035 578.756895
v 1107.769001 866.892584 583.207767
v 1099.509252 844.484094 578.722749
v 1110.246009 889.659389 584.587037
v 1106.964626 867.099829 580.823671
v 1098.820336 844.498050 576.822300
v 1108.324301 889.071357 581.307831
v 1105.940664 867.363653 577.788754
v 1098.231319 844.813351 574.935084
v 1107.383930 889.157328 577.788048
v 1104.916708 867.627475 574.753831
v 1106.443555 889.243290 574.268261
v 1111.484216 789.734989 566.619896
v 1113.272500 787.552859 565.292203
v 1114.142844 784.177905 565.702413
v 1111.823572 789.912317 570.937458
v 1114.459611 780.875622 565.533336
v 1113.109193 788.644556 572.114693
v 1115.420316 783.353945 566.938464
v 1114.394819 787.376786 573.291924
v 1116.875483 785.228970 568.778362
v 1116.640098 785.409377 571.751699
v 1116.370939 784.718577 569.196628
v 1116.419297 785.040351 571.813269
v 1114.950471 780.795207 566.044539
v 1114.084246 777.505940 564.615688
v 1114.017842 781.396732 565.142153
v 1113.884995 777.364306 564.793873
v 1114.751234 780.653572 566.222710
v 1109.166295 789.329344 569.099881
v 1109.857741 788.523171 572.224086
v 1111.125140 787.258160 573.427373
v 1112.392546 785.993157 574.630661
v 1114.853211 783.653174 574.499106
v 1114.663656 783.171245 574.423037
v 1112.821844 787.079424 565.689598
v 1113.818592 781.255089 565.320327
v 1105.136410 772.637155 575.616316
v 1110.010041 779.351204 575.666916
v 1105.387922 784.221464 571.020327
v 1098.961632 768.969551 576.850428
v 1101.458515 777.105650 572.141431
v 1097.655467 770.556481 575.616363
v 1105.578599 784.701301 571.108789
v 1101.525532 777.507967 572.381820
v 1097.671935 770.655344 575.675431
v 1108.976748 788.847415 569.023814
v 1111.334189 789.174063 566.644350
v 1098.978100 769.068414 576.909496
v 1105.203431 773.039480 575.856710
v 1098.973525 769.116046 576.920568
v 1110.200723 779.831041 575.755374
v 1104.394385 774.022425 575.092323
v 1098.297249 769.862257 576.329062
v 1108.884588 781.145082 575.030030
v 1103.364479 775.273724 574.119262
v 1097.688168 770.677678 575.706166
v 1107.657633 782.437913 573.796578
v 1102.334578 776.525014 573.146206
v 1106.430672 783.730735 572.563125
v 1120.338552 783.173452 577.387112
v 1123.255122 781.170163 579.076088
v 1123.953927 779.041978 581.015944
v 1117.438998 786.446738 578.678273
v 1124.513237 776.355016 582.395723
v 1117.924103 786.731373 580.336181
v 1124.372334 779.726209 582.521604
v 1118.409206 787.016016 581.994083
v 1124.435215 783.099997 583.322668
v 1121.951387 785.218680 583.865895
v 1123.615175 782.777135 583.268174
v 1121.688422 784.874293 583.863638
v 1124.639272 776.835718 582.897533
v 1124.921400 772.823570 583.126647
v 1124.333807 776.336179 581.798311
v 1124.585890 772.753975 583.086653
v 1124.303784 776.766113 582.857541
v 1116.090124 783.659254 576.574505
v 1114.482775 785.439659 578.158266
v 1114.929363 785.737519 579.809314
v 1115.375953 786.035379 581.460369
v 1118.093993 784.995790 583.982877
v 1117.970377 784.475985 584.007696
v 1122.505356 780.884017 579.040000
v 1123.998300 776.266566 581.758317
v 1107.553261 772.995593 581.564953
v 1112.343320 780.407994 582.502758
v 1110.900634 779.351957 576.320749
v 1106.219300 772.793429 576.487262
v 1100.355393 768.451610 578.948971
v 1111.016166 779.879085 576.300696
v 1099.881647 768.379823 577.145685
v 1106.095198 773.314534 576.449327
v 1099.851157 768.507864 577.136364
v 1120.182766 782.674430 577.494193
v 1115.966509 783.139459 576.599332
v 1100.324900 768.579660 578.939653
v 1107.429169 773.516698 581.527019
v 1100.310334 768.624390 578.921981
v 1112.458859 780.935113 582.482705
v 1107.135732 773.472212 580.410060
v 1100.031787 768.558638 578.028145
v 1111.601113 780.989922 580.904120
v 1106.762185 773.415603 578.988172
v 1099.844141 768.553738 577.147435
v 1111.218146 780.709584 579.263088
v 1106.388639 773.358995 577.566291
v 1110.835179 780.429254 577.622050
v 1121.174625 788.466473 590.277819
v 1122.465366 790.103559 593.356879
v 1121.380440 790.936092 594.699314
v 1117.574059 790.558823 586.517625
v 1120.569647 790.802864 596.194483
v 1116.716448 792.570794 586.695754
v 1120.616209 793.026737 594.665372
v 1115.858850 794.582757 586.873892
v 1120.309944 796.000014 593.261156
v 1117.627082 796.803694 590.357514
v 1119.528292 795.381387 592.742789
v 1117.343524 796.465661 590.291152
v 1120.323361 791.655859 596.066811
v 1120.069874 789.428831 597.957422
v 1120.881289 790.129567 596.091585
v 1119.769839 789.198560 597.720187
v 1120.023348 791.425588 595.829587
v 1117.741762 786.128860 586.719041
v 1115.033856 788.113654 584.601151
v 1114.145458 790.110575 584.743310
v 1113.257065 792.107506 584.885464
v 1113.755480 795.089202 587.356901
v 1113.570608 794.725939 587.473911
v 1121.740242 789.557130 592.878396
v 1120.581261 789.899279 595.854358
v 1100.189025 769.801307 580.102762
v 1099.183502 771.813588 580.352795
v 1104.443646 780.426007 584.070271
v 1108.973327 788.189184 584.753613
v 1107.275002 774.759819 583.366220
v 1112.528267 780.850405 584.380227
v 1112.701996 781.219485 584.253421
v 1107.229422 775.002864 583.051123
v 1100.177827 769.861026 580.025337
v 1120.892997 788.182730 590.355888
v 1117.556891 785.765606 586.836052
v 1099.172304 771.873308 580.275370
v 1104.398073 780.669060 583.755175
v 1099.176353 771.878412 580.245978
v 1109.147059 788.558264 584.626805
v 1105.020894 779.422647 583.600304
v 1099.629605 770.842515 580.099658
v 1109.605771 786.678597 584.004145
v 1105.813746 777.835958 583.403151
v 1100.165853 769.898194 579.999930
v 1110.549447 784.730488 583.905031
v 1106.606597 776.249278 583.205997
v 1111.493114 782.782396 583.805913
v 1125.697059 805.806178 578.626674
v 1128.575341 816.593422 580.536271
v 1128.351984 816.380907 579.527913
v 1126.537210 806.605501 582.419463
v 1121.021624 796.042053 578.073531
v 1128.161630 817.635299 580.959626
v 1122.088696 797.057270 582.890747
v 1115.969408 788.019006 577.770882
v 1124.981092 810.524423 584.011856
v 1127.422379 818.722005 580.479184
v 1122.200481 814.611896 582.204739
v 1120.112272 802.034675 584.913238
v 1116.580630 807.226170 582.618024
v 1117.036486 789.034223 582.588105
v 1110.597434 779.488168 577.449081
v 1115.060056 794.011628 584.610592
v 1111.528422 799.203123 582.315381
v 1111.664512 780.503393 582.266303
v 1105.134496 773.135924 577.392993
v 1109.688082 785.480781 584.288791
v 1106.156446 790.672285 581.993583
v 1105.976233 773.936755 581.192950
v 1098.620568 769.569031 577.793872
v 1098.804901 769.744415 578.626018
v 1104.417172 777.863068 582.788346
v 1101.631320 781.958275 580.977822
v 1098.463484 770.604217 578.975393
v 1097.853416 771.501018 578.578907
v 1126.914250 819.035217 579.456731
v 1120.289248 815.789996 578.358912
v 1127.019892 818.339078 578.662189
v 1120.686582 813.171580 575.370357
v 1114.153179 808.722473 577.733452
v 1114.657825 805.396819 573.937698
v 1109.100962 800.699417 577.430806
v 1109.605614 797.373764 573.635056
v 1103.728989 792.168587 577.109004
v 1104.233641 788.842925 573.313255
v 1099.716472 783.138604 577.124727
v 1100.114558 780.515228 574.130532
v 1097.434084 771.759497 577.735122
v 1097.521262 771.185020 577.079433
v 1127.659739 817.157798 578.693865
v 1123.093280 808.728352 575.489519
v 1117.714573 799.753501 574.089051
v 1112.662361 791.730454 573.786402
v 1107.290387 783.199607 573.464601
v 1102.525803 776.063618 574.249923
v 1098.049297 770.210160 577.105574
v 1091.220138 718.494699 602.172542
v 1089.784531 715.261454 604.612007
v 1088.325229 711.235889 604.143560
v 1088.981953 720.363079 596.506433
v 1087.677021 707.087035 604.201945
v 1087.035958 719.227484 595.403375
v 1086.416445 710.671146 603.000247
v 1085.089964 718.091889 594.300326
v 1084.401001 713.668663 601.387394
v 1083.327427 715.034960 597.266867
v 1084.645819 713.206759 600.530227
v 1083.470580 714.606340 597.042011
v 1086.956914 707.175665 603.736567
v 1088.033977 702.579299 604.936483
v 1088.350439 707.587945 604.571256
v 1088.132343 702.475882 604.586215
v 1087.055272 707.072266 603.386318
v 1092.337923 718.981891 597.667616
v 1090.163854 719.172350 593.689584
v 1088.224459 718.050454 592.542811
v 1086.285068 716.928558 591.396045
v 1083.635745 713.947838 592.521989
v 1083.795552 713.326494 592.487409
v 1089.990375 714.836330 603.812463
v 1088.448800 707.484528 604.220993
v 1098.382965 698.478948 581.513934
v 1096.351545 696.970582 580.312629
v 1091.299111 700.927314 585.291924
v 1094.551493 713.470294 592.763918
v 1087.331278 709.160473 588.206997
v 1097.019173 705.174596 588.674545
v 1094.384793 714.093757 592.782050
v 1096.896363 705.762575 588.420327
v 1098.352784 698.623434 581.451465
v 1092.497727 718.360530 597.633040
v 1091.286401 717.813685 602.013061
v 1096.321368 697.115067 580.250165
v 1091.176299 701.515310 585.037709
v 1096.326876 697.178207 580.237631
v 1087.164571 709.783987 588.225126
v 1092.434563 702.449588 585.781791
v 1097.348051 697.884198 580.788028
v 1088.944595 711.150448 588.706300
v 1094.036329 703.638934 586.729016
v 1098.325924 698.662538 581.419791
v 1090.861230 712.294471 589.915955
v 1095.638098 704.828279 587.676238
v 1092.777862 713.438528 591.125603
v 1076.901815 714.373065 591.186552
v 1073.034392 712.498609 590.098364
v 1071.216532 710.602064 587.598478
v 1079.581018 718.958131 588.371844
v 1069.715771 707.802979 585.735742
v 1078.400344 719.937274 586.386764
v 1070.219218 712.017492 585.826606
v 1077.219668 720.916417 584.401696
v 1070.221582 716.490722 585.100969
v 1072.682228 719.356250 583.385018
v 1071.010573 716.084387 584.751385
v 1072.898336 718.934289 583.228835
v 1069.428125 708.587012 585.163429
v 1068.547462 703.714543 584.596948
v 1070.156220 707.553646 586.456999
v 1068.885976 703.618705 584.483972
v 1069.766627 708.491158 585.050465
v 1081.495860 714.730731 590.303794
v 1082.589344 717.562970 587.564948
v 1081.451192 718.556428 585.572041
v 1080.313037 719.549903 583.579128
v 1076.388889 719.188483 581.361485
v 1076.434206 718.557973 581.218137
v 1073.750779 712.143525 589.761016
v 1070.494731 707.457792 586.344026
v 1086.316054 703.610776 578.427963
v 1082.121525 713.047951 580.169984
v 1086.165244 709.397543 587.747448
v 1093.981863 697.112515 578.086980
v 1089.866825 701.436575 584.645482
v 1095.242880 696.340361 580.295064
v 1086.126657 710.039100 587.881200
v 1090.070708 702.067673 584.688335
v 1095.292980 696.495454 580.305595
v 1081.541170 714.100188 590.160445
v 1076.944586 713.800250 590.918482
v 1094.031962 697.267608 578.097511
v 1086.519935 704.241891 578.470818
v 1094.059737 697.316323 578.118832
v 1082.082930 713.689473 580.303735
v 1087.301012 703.763633 579.838509
v 1094.723944 696.897057 579.189474
v 1083.636441 713.166052 582.036416
v 1088.295323 703.154791 581.579574
v 1095.300661 696.556495 580.291726
v 1084.709859 712.197040 584.047879
v 1089.289627 702.545949 583.320638
v 1085.783285 711.228028 586.059345
v 1070.988596 725.838056 574.649268
v 1068.551715 729.019295 571.256933
v 1069.121605 730.579802 569.002081
v 1076.463139 727.039792 578.223493
v 1069.233492 731.001498 566.577285
v 1077.476976 729.607117 577.768604
v 1070.148261 733.161515 568.886602
v 1078.490810 732.174460 577.313711
v 1071.447320 736.300778 570.931263
v 1075.477562 736.224175 573.658738
v 1072.368718 735.350702 571.199231
v 1075.743304 735.785809 573.580123
v 1069.638867 732.010160 566.715602
v 1068.765481 729.988160 563.817663
v 1068.889346 730.125352 566.799901
v 1069.137133 729.617680 563.973023
v 1070.010497 731.639681 566.870960
v 1075.654949 721.642503 577.599098
v 1079.506665 723.326314 579.365909
v 1080.564909 725.861783 578.943548
v 1081.623153 728.397252 578.521188
v 1080.403349 733.019335 575.703944
v 1080.487207 732.618477 575.421759
v 1069.408844 728.172762 571.504949
v 1069.260985 729.754856 566.955256
v 1093.798856 699.224562 576.576925
v 1094.925849 701.822260 575.954026
v 1089.179069 713.799420 574.274261
v 1086.005684 706.484817 576.028216
v 1085.397575 723.576563 576.270560
v 1081.157221 714.310993 577.759578
v 1081.089401 714.715449 578.050265
v 1086.221452 706.664992 576.456736
v 1093.851871 699.268819 576.682223
v 1071.194760 725.522097 574.381320
v 1075.738807 721.241645 577.316915
v 1094.978864 701.866517 576.059324
v 1089.394833 713.979595 574.702785
v 1094.988646 701.861499 576.101547
v 1085.329750 723.981003 576.561251
v 1088.696772 712.370577 575.088605
v 1094.479546 700.518557 576.415280
v 1084.922454 721.413169 577.440251
v 1087.808144 710.322285 575.579763
v 1093.879616 699.305197 576.714518
v 1083.796838 718.953607 577.835515
v 1086.919516 708.274028 576.070912
v 1082.671225 716.494027 578.230786
v 1073.916774 742.716364 594.275389
v 1071.587007 756.725590 594.117044
v 1072.229821 756.080244 595.354803
v 1071.498937 745.143717 589.619723
v 1077.533167 730.519971 591.838095
v 1071.934387 758.181478 593.447712
v 1074.462275 733.602959 585.924949
v 1081.625219 720.576258 589.051321
v 1072.805550 750.619889 587.102131
v 1073.010368 759.351626 593.850833
v 1076.852706 755.021196 588.618420
v 1076.121799 740.558227 582.727369
v 1081.262084 746.148318 584.653197
v 1078.554329 723.659264 583.138172
v 1085.976261 710.003189 586.088167
v 1080.213852 730.614506 579.940593
v 1085.354129 736.204597 581.866421
v 1082.905369 713.086177 580.175020
v 1090.570278 702.224380 582.934177
v 1084.564891 720.041437 576.977442
v 1089.705176 725.631527 578.903271
v 1088.147874 704.656332 578.269717
v 1096.340164 698.078191 578.930746
v 1095.809685 698.610766 577.909284
v 1089.456949 710.142841 575.747373
v 1093.511750 714.552454 577.266522
v 1096.096361 699.812267 577.356923
v 1096.984312 700.777902 577.689601
v 1074.004720 759.354863 595.022851
v 1080.592820 755.033376 593.026785
v 1074.168674 758.188753 596.081205
v 1081.209503 750.647239 597.007641
v 1086.012389 746.163784 590.252250
v 1086.795641 740.592969 595.308320
v 1090.104440 736.220054 587.465477
v 1090.887690 730.649257 592.521549
v 1094.455482 725.646985 584.502322
v 1095.238732 720.076187 589.558395
v 1097.258926 714.564659 581.683216
v 1097.876775 710.170250 585.671587
v 1097.804899 700.780565 578.656803
v 1097.940201 699.818252 579.530206
v 1073.378767 756.731403 596.228940
v 1078.238393 745.165668 597.563321
v 1083.022031 733.630813 596.014091
v 1087.114081 723.687101 593.227319
v 1091.465124 713.114031 590.264164
v 1094.900047 704.678306 586.228316
v 1097.288334 698.615575 579.652127
v 1132.031600 649.705850 573.874424
v 1144.181791 655.185205 581.492258
v 1149.621967 649.681826 589.872460
v 1117.462961 643.869663 577.353318
v 1155.622058 642.697229 596.268188
v 1118.290740 644.668596 583.735394
v 1149.601964 651.523534 595.510675
v 1119.118496 645.467495 590.117460
v 1144.125375 660.379641 597.394276
v 1132.847767 654.187195 598.441510
v 1142.119640 655.727722 597.205974
v 1132.600415 651.985154 598.527991
v 1155.156560 643.972194 598.053620
v 1162.628981 633.480637 600.438016
v 1155.171162 642.627643 593.937400
v 1161.707389 631.780493 600.269523
v 1154.235004 642.272101 597.885138
v 1118.142665 632.509727 570.055056
v 1110.014004 627.990835 575.362402
v 1110.701235 628.658397 581.708625
v 1111.388472 629.325941 588.054852
v 1121.226337 635.505094 598.530977
v 1121.697826 633.409845 598.802520
v 1142.331295 650.939086 581.370050
v 1154.249604 640.927482 593.768937
v 1094.110688 512.775060 582.992821
v 1108.623607 555.582030 592.312554
v 1092.984955 512.836872 575.970605
v 1111.135816 597.730511 593.799597
v 1105.453786 555.755922 572.539398
v 1109.177097 596.464480 570.042398
v 1108.667830 598.536700 569.785723
v 1104.212826 556.724256 572.187890
v 1092.680017 513.074805 575.884229
v 1132.358614 647.408623 574.453721
v 1118.614153 630.414512 570.326612
v 1093.805753 513.013028 582.906453
v 1107.382654 556.550398 591.961059
v 1093.688878 513.097704 582.819938
v 1110.626546 599.802713 593.542914
v 1106.685372 556.588656 587.611467
v 1093.044966 512.839214 579.345187
v 1108.071462 598.139498 587.301640
v 1105.797735 556.637344 582.074471
v 1092.581097 513.158479 575.909619
v 1107.551518 597.803455 580.995217
v 1104.910106 556.686067 576.537465
v 1107.031574 597.467376 574.688785
v 1097.513224 507.929115 578.568822
v 1098.205153 849.076998 574.418321
v 1094.694224 507.910650 576.771281
v 1099.965745 849.088536 575.540966
v 1098.741833 507.891492 581.502377
v 1100.733079 849.065028 577.373112
v 1097.454882 507.826137 583.362929
v 1099.929312 849.024215 578.535110
v 1094.621473 507.782237 582.749435
v 1098.159714 848.996814 578.151945
v 1092.375215 507.792931 580.123863
v 1096.756832 849.003452 576.512172
v 1092.407593 507.850005 577.463336
v 1096.777046 849.039135 574.850538
v 1136.291663 744.719577 592.480647
v 1146.284477 745.916748 598.109100
v 1150.515485 738.614118 603.294625
v 1125.330730 738.887079 595.806305
v 1154.892874 730.997628 606.621422
v 1126.492701 736.987269 600.886158
v 1151.075533 737.769297 608.039443
v 1127.654678 735.087459 605.966024
v 1147.864074 743.534014 611.491427
v 1139.122396 738.423581 612.501638
v 1146.002812 740.142561 610.813967
v 1138.773786 736.756552 612.247241
v 1154.784945 731.237714 608.280659
v 1159.669837 722.610400 607.734104
v 1154.376077 731.854489 604.816662
v 1158.842595 721.408037 607.427251
v 1153.957735 730.035368 607.973821
v 1124.386516 733.340345 588.177847
v 1118.429111 727.832586 592.491575
v 1119.474162 725.848099 597.536847
v 1120.519226 723.863629 602.582119
v 1129.075758 724.435922 610.816292
v 1129.281047 722.782768 610.650811
v 1144.574803 742.801459 597.531999
v 1153.548849 730.652092 604.509823
v 1096.873240 642.146950 576.519673
v 1098.237012 639.362078 581.938156
v 1113.028283 667.558647 594.568798
v 1109.188188 675.400274 579.311440
v 1118.298161 698.213667 602.148163
v 1114.936346 706.561861 583.392773
v 1114.702468 708.191749 583.570259
v 1108.319757 676.242426 579.314945
v 1096.659855 642.353913 576.520538
v 1136.397851 742.794842 592.541084
v 1124.591821 731.687242 588.012368
v 1098.023611 639.569024 581.939017
v 1112.159849 668.400799 594.572298
v 1097.937239 639.664434 581.896147
v 1118.064279 699.843555 602.325643
v 1111.315127 670.125739 591.216068
v 1097.175564 640.827514 579.178210
v 1115.568494 701.030634 597.398347
v 1110.239804 672.321596 586.943626
v 1096.595214 642.404935 576.564015
v 1114.676087 703.246682 592.419666
v 1109.164481 674.517452 582.671172
v 1113.783689 705.462747 587.440981
v 1086.757978 618.295401 620.885628
v 1082.603830 615.808732 627.624809
v 1078.208527 607.153669 627.940151
v 1081.536773 616.729872 606.554319
v 1075.798521 598.111765 629.677095
v 1076.496110 614.505665 604.110299
v 1073.370722 606.181884 625.172870
v 1071.455454 612.281408 601.666291
v 1068.959281 613.067985 619.819969
v 1066.532938 611.348388 609.495851
v 1069.465882 610.436452 618.066984
v 1066.800926 609.844348 609.177839
v 1074.031909 598.409348 628.429054
v 1075.808892 588.136689 633.315264
v 1077.563778 599.118786 630.449329
v 1076.028391 587.265381 632.563257
v 1074.251404 597.538041 627.677072
v 1089.571441 611.553433 610.433699
v 1084.197887 608.449366 600.726877
v 1079.175787 606.185522 598.176951
v 1074.153681 603.921696 595.627019
v 1067.036947 601.395508 598.992003
v 1067.310367 599.699320 599.198484
v 1083.021859 613.392105 625.983211
v 1077.783291 598.247427 629.697344
v 1100.355485 532.462473 582.549763
v 1095.030111 529.301581 580.016692
v 1083.364971 551.529760 589.009506
v 1098.360133 560.430276 596.142113
v 1075.193631 579.652504 591.637470
v 1093.919277 588.822671 601.742882
v 1093.629066 590.506965 601.496113
v 1098.168841 561.578628 595.286062
v 1100.308462 532.744665 582.339404
v 1086.787400 616.373592 620.809915
v 1089.844845 609.857263 610.640175
v 1094.983097 529.583773 579.806343
v 1083.173670 552.678112 588.153447
v 1095.008891 529.708820 579.752087
v 1074.903432 581.336831 591.390690
v 1086.472220 554.636012 589.722440
v 1097.675208 531.094559 580.922978
v 1079.572963 583.364218 592.265630
v 1090.671255 557.128405 591.719756
v 1100.249404 532.819387 582.244797
v 1084.543752 585.798460 594.948149
v 1094.870285 559.620797 593.717067
v 1089.514544 588.232737 597.630666
v 1054.266451 684.150092 548.521841
v 1050.094693 687.874112 538.486369
v 1052.110549 684.599470 533.288676
v 1067.779338 683.411206 558.253767
v 1052.461036 679.564377 528.093759
v 1071.445854 685.462790 556.498345
v 1055.832384 687.445945 532.236982
v 1075.112387 687.514322 554.742942
v 1060.591785 695.902307 535.520166
v 1070.043203 693.616672 543.392609
v 1062.247053 692.641944 537.075145
v 1070.426569 691.976197 543.604459
v 1053.934766 681.095787 528.065830
v 1050.700090 672.034904 522.650316
v 1051.217607 679.017722 528.833625
v 1051.376902 670.856255 523.368915
v 1054.611563 679.917189 528.784399
v 1063.055618 672.617552 559.376636
v 1072.960476 672.066075 564.228253
v 1076.715097 674.034796 562.581139
v 1080.469701 676.003516 560.934001
v 1079.902788 681.451333 551.985873
v 1079.873081 679.795750 551.657395
v 1051.653888 684.914541 539.910569
v 1051.894417 677.839073 529.552209
v 1097.315667 587.604890 576.827051
v 1090.148983 620.297595 563.910944
v 1086.587486 652.930096 560.846140
v 1071.998520 646.395275 566.551307
v 1093.379831 586.122111 578.886219
v 1079.066441 616.122335 569.709142
v 1072.067745 648.044304 566.904161
v 1079.683624 617.036514 570.619443
v 1093.531484 586.346761 579.109905
v 1054.565426 682.443518 548.243952
v 1063.025895 670.961986 559.048142
v 1097.467325 587.829575 577.050741
v 1090.766166 621.211774 564.821245
v 1097.489635 587.897233 577.146297
v 1086.656712 654.579074 561.198999
v 1088.328283 620.293320 566.096695
v 1095.624964 586.956274 578.233254
v 1084.419083 652.237984 564.161657
v 1085.224887 619.124144 567.720333
v 1093.616511 586.438060 579.172646
v 1080.546399 650.503282 565.676115
v 1082.121499 617.954985 569.343984
v 1076.673695 648.768596 567.190564
v 1075.335442 623.332668 540.955376
v 1072.093041 624.734243 530.763106
v 1073.397064 617.866849 526.256124
v 1087.996824 618.459081 551.496241
v 1072.791256 610.446745 521.729782
v 1091.861459 617.134223 550.013474
v 1077.462428 617.585215 525.387559
v 1095.726078 615.809348 548.530714
v 1083.558991 623.939927 528.313418
v 1092.081163 619.389700 536.829910
v 1084.514176 620.556443 530.185455
v 1092.136315 617.708185 537.188597
v 1074.476383 610.898925 521.724702
v 1069.715140 601.960176 516.959005
v 1071.508432 611.104503 522.358785
v 1070.134608 600.760628 517.791574
v 1074.895814 609.699377 522.557233
v 1081.488897 612.008671 552.932404
v 1090.770998 607.334148 558.492409
v 1094.703447 605.926139 557.126764
v 1098.635896 604.518113 555.761120
v 1099.134047 605.690789 546.804711
v 1098.795440 604.006736 546.613379
v 1073.013783 621.631865 532.479662
v 1071.927873 609.904972 523.191344
v 1097.349313 547.584212 563.629783
v 1100.104417 578.923102 557.959802
v 1085.034802 585.102440 562.523064
v 1097.987637 518.548037 578.992014
v 1086.047719 553.716516 568.428136
v 1093.973998 520.725852 580.696097
v 1085.409606 586.766173 562.741660
v 1086.803355 554.602320 569.281329
v 1094.159680 520.943514 580.905742
v 1081.150301 610.324634 552.741072
v 1075.298867 621.410051 540.846119
v 1098.173312 518.765734 579.201656
v 1098.104946 548.470050 564.482977
v 1098.207040 518.860111 579.289427
v 1100.479227 580.586800 558.178396
v 1095.618883 549.818966 565.538487
v 1096.260569 519.722534 580.220316
v 1097.913502 581.284230 560.960746
v 1092.454147 551.536168 566.882142
v 1094.257352 521.003192 580.966342
v 1093.913220 582.924563 562.172089
v 1089.289415 553.253370 568.225815
v 1089.912933 584.564861 563.383418
v 1075.248246 703.308629 589.012760
v 1065.870431 706.744182 587.827838
v 1059.651081 701.233024 583.857740
v 1080.635044 697.543459 579.727628
v 1054.139887 694.944617 581.966256
v 1077.270317 697.078058 574.662362
v 1056.989208 701.671484 578.919676
v 1073.905594 696.612708 569.597092
v 1058.362890 707.980808 573.900520
v 1063.352151 702.507095 568.258875
v 1059.547154 704.316955 573.548186
v 1063.504218 700.772013 568.276628
v 1053.486922 695.600811 580.119687
v 1049.266299 687.357695 582.639586
v 1055.430240 695.280697 583.724753
v 1049.833111 686.028054 582.505539
v 1054.053697 694.271222 579.985640
v 1084.088593 690.036143 587.276688
v 1085.581678 685.248118 579.376387
v 1082.303631 684.681020 574.287170
v 1079.025579 684.113956 569.197947
v 1069.379781 687.491648 564.441043
v 1069.107421 685.837692 564.633216
v 1066.937614 703.390279 587.455003
v 1055.997021 693.951040 583.590712
v 1097.252119 595.022477 581.666009
v 1093.482484 593.789295 576.283314
v 1080.915515 626.003089 571.258887
v 1091.530056 629.475466 586.415468
v 1077.588050 658.567744 567.216279
v 1089.530280 661.674000 586.442336
v 1089.814174 663.305846 586.221901
v 1092.237386 630.235779 586.032536
v 1097.425928 595.209317 581.571912
v 1074.907974 701.437584 588.896026
v 1083.816229 688.382204 587.468854
v 1093.656293 593.976135 576.189217
v 1081.622842 626.763385 570.875946
v 1093.747828 594.052070 576.198813
v 1077.871948 660.199590 566.995841
v 1083.957766 627.527215 574.210004
v 1095.663714 594.434153 578.848421
v 1082.006966 659.895367 571.205592
v 1086.930113 628.499565 578.454241
v 1097.457393 595.265576 581.495730
v 1085.177075 660.719936 576.309220
v 1089.902457 629.471931 582.698475
v 1088.347180 661.544487 581.412843
v 1116.810917 653.403096 619.793042
v 1114.221999 656.489625 627.493599
v 1108.574431 652.253980 628.688144
v 1109.266947 651.844826 605.571970
v 1104.722466 646.511683 631.105296
v 1104.143812 653.117315 603.781027
v 1103.862287 654.401461 626.494098
v 1099.020678 654.389804 601.990076
v 1100.931878 662.546488 621.305503
v 1096.425353 659.823357 610.892587
v 1100.321156 659.233268 619.478337
v 1096.199309 658.152361 610.566741
v 1103.116448 647.815224 630.036494
v 1102.978473 638.565187 635.202316
v 1106.556579 646.247411 631.638279
v 1102.782770 637.375291 634.410636
v 1102.920747 646.625397 629.244839
v 1115.244489 641.915177 608.665279
v 1108.141567 640.474713 599.348412
v 1103.001727 641.664715 597.445238
v 1097.861894 642.854718 595.542077
v 1092.181745 647.254759 600.125660
v 1092.019596 645.563027 600.353364
v 1113.616550 653.475078 625.788951
v 1106.360865 645.057550 630.846597
v 1090.803539 586.085320 588.874505
v 1091.800801 618.854007 591.935232
v 1111.270789 615.256601 599.635315
v 1106.587921 584.326172 593.991040
v 1092.793471 553.954747 578.496740
v 1111.408141 616.938850 599.368115
v 1098.399131 553.330000 580.313826
v 1106.545671 585.261341 593.088400
v 1098.388746 553.559799 580.092023
v 1116.337591 651.616906 619.766091
v 1115.082359 640.223445 608.893008
v 1092.783089 554.184580 578.274933
v 1090.761287 587.020523 587.971868
v 1092.824082 554.260877 578.210933
v 1091.938149 620.536239 591.668034
v 1094.233444 586.633507 589.097368
v 1095.561424 553.740627 579.024619
v 1096.390631 618.910202 591.874846
v 1098.653475 586.140863 590.530129
v 1098.340415 553.646090 579.999071
v 1101.559003 617.955263 593.918857
v 1103.073506 585.648322 591.962881
v 1106.727387 617.000325 595.962873
v 1075.658310 687.356148 552.677249
v 1072.478104 685.071523 549.457548
v 1072.059804 680.858514 548.350324
v 1081.280084 686.659295 554.383773
v 1071.216848 676.820668 547.722820
v 1081.901133 684.925167 553.151012
v 1072.821209 679.661757 547.172239
v 1082.522169 683.191039 551.918243
v 1074.625573 681.696187 546.134880
v 1078.797518 681.253522 547.963479
v 1075.439255 680.933702 547.030325
v 1078.971696 680.765564 548.289713
v 1071.588079 676.646052 547.295721
v 1069.790244 672.810782 547.677982
v 1071.032208 677.519755 548.155791
v 1070.136654 672.581202 548.040004
v 1071.934473 676.416472 547.657727
v 1080.393244 686.137920 557.132147
v 1084.064470 684.507266 557.718658
v 1084.732315 682.769507 556.524400
v 1085.400157 681.031766 555.330138
v 1083.389892 678.340520 551.773419
v 1083.345010 677.744800 551.983498
v 1073.234695 684.363501 550.268778
v 1071.378613 677.290141 548.517809
v 1089.571878 663.697423 565.490800
v 1087.443814 672.383971 558.954883
v 1084.693064 679.096589 563.188271
v 1094.627204 658.414011 574.574941
v 1087.757503 669.726363 568.989712
v 1093.982847 660.555130 575.817543
v 1084.753665 679.687074 562.982810
v 1088.090055 670.178222 569.030056
v 1094.064566 660.666181 575.827458
v 1080.348362 685.542218 557.342217
v 1075.714042 686.643413 552.880545
v 1094.708921 658.525045 574.584860
v 1089.904427 664.149299 565.531134
v 1094.732699 658.581392 574.598263
v 1087.504409 672.974439 558.749416
v 1089.505313 665.475499 566.300805
v 1094.453405 659.586024 575.263158
v 1087.516518 674.665121 560.253365
v 1088.997241 667.163769 567.280595
v 1094.098613 660.688409 575.821067
v 1086.786320 676.446999 561.377131
v 1088.489169 668.852021 568.260378
v 1086.056129 678.228894 562.500902
v 1083.789329 677.525430 545.592335
v 1083.987203 674.888844 542.328798
v 1085.892584 671.876459 542.268177
v 1087.752608 681.089032 550.371089
v 1087.060628 668.282422 542.102177
v 1089.717032 681.116782 550.540279
v 1087.744275 672.428368 542.465793
v 1091.681449 681.144497 550.709468
v 1089.209718 676.445439 542.886163
v 1091.760583 678.770440 546.675322
v 1089.607900 675.995273 543.987786
v 1091.878302 678.323843 547.028766
v 1087.718081 668.778923 542.194505
v 1087.342986 663.770584 541.793442
v 1086.366238 668.375998 542.050227
v 1087.489973 663.667809 542.237199
v 1087.865058 668.676164 542.638232
v 1085.411326 677.987701 551.099740
v 1088.772357 679.731359 554.184498
v 1090.753289 679.774108 554.404151
v 1092.734222 679.816873 554.623796
v 1094.299881 678.179540 552.085310
v 1094.344813 677.519754 552.253384
v 1084.370893 674.485456 543.343219
v 1086.513224 668.273222 542.493976
v 1094.375254 657.686542 573.427277
v 1096.515547 657.417521 573.678794
v 1096.113984 663.024874 565.137907
v 1090.087350 663.782350 564.429693
v 1095.320587 672.378237 559.186143
v 1087.767541 672.308857 558.046822
v 1087.735002 672.976125 557.892603
v 1090.179697 664.428061 564.599147
v 1094.397946 657.845195 573.468916
v 1083.967702 676.871057 545.847123
v 1085.456257 677.327915 551.267814
v 1096.538243 657.576191 573.720429
v 1096.206331 663.670585 565.307352
v 1096.529212 657.634498 573.733157
v 1095.288045 673.045471 559.031914
v 1094.880633 663.837209 565.151570
v 1095.491841 657.727098 573.668293
v 1093.706121 673.393815 559.430785
v 1093.193016 664.049314 564.953252
v 1094.423033 657.899198 573.485654
v 1091.701144 673.375413 559.128349
v 1091.505405 664.261437 564.754938
v 1089.696161 673.356994 558.825914
v 1101.286843 681.343684 551.081189
v 1104.831745 682.800065 550.888334
v 1107.421734 683.459121 553.096609
v 1098.739744 684.491676 554.255438
v 1109.923939 682.906753 554.970992
v 1099.769668 686.885641 555.598718
v 1108.117824 686.004023 554.205911
v 1100.799597 689.279606 556.941991
v 1106.794989 689.977669 554.017022
v 1104.664524 691.408042 556.307548
v 1106.507432 689.264537 554.822756
v 1104.709630 690.981772 556.657543
v 1110.013804 683.974852 555.275309
v 1112.435377 680.779283 556.509605
v 1109.505618 682.116903 554.465458
v 1112.274400 680.522794 556.799853
v 1109.852836 683.718363 555.565539
v 1098.346033 678.962258 553.986426
v 1097.438140 681.685118 556.743734
v 1098.436985 684.065963 558.111215
v 1099.435825 686.446825 559.478690
v 1102.827894 689.645295 560.122376
v 1103.054968 689.155077 560.426779
v 1104.571679 682.172056 551.637857
v 1109.344651 681.860415 554.755695
v 1102.368279 671.467163 570.948304
v 1101.439402 681.291933 565.241057
v 1097.788013 672.531407 559.887628
v 1098.935353 664.800479 566.485461
v 1099.562265 661.195956 576.117205
v 1097.555452 673.030138 559.593957
v 1098.343100 658.828370 574.532281
v 1098.570437 665.167478 566.397769
v 1098.253431 658.918528 574.510727
v 1101.532002 680.953406 551.502862
v 1098.573115 678.472057 554.290831
v 1099.472598 661.286132 576.095659
v 1102.003367 671.834179 570.860609
v 1099.431152 661.299184 576.075402
v 1101.206834 681.790663 564.947383
v 1101.248211 670.367665 569.878901
v 1098.820071 660.079413 575.340068
v 1099.844525 679.628055 563.938620
v 1100.286900 668.500829 568.629187
v 1098.231416 658.969308 574.515730
v 1098.875254 677.302547 562.517533
v 1099.325593 666.633975 567.379479
v 1097.905980 674.977022 561.096447
v 1084.971069 705.745358 539.474915
v 1087.106777 718.932024 536.772307
v 1085.862233 718.871644 536.568617
v 1089.652261 705.972503 540.241062
v 1085.913301 693.397908 545.388064
v 1088.066804 720.101736 537.592299
v 1091.858875 693.686372 546.361158
v 1087.648211 683.128403 552.004616
v 1093.263261 710.372225 543.325345
v 1088.019385 721.499970 538.411117
v 1093.084906 715.631449 546.405224
v 1096.445188 699.274471 550.278489
v 1096.218665 705.954212 554.190231
v 1093.593781 683.416884 552.977704
v 1089.492918 672.208968 559.039931
v 1098.180093 689.004966 556.895034
v 1097.953568 695.684690 560.806781
v 1095.438487 672.497415 560.013021
v 1092.027510 663.928530 566.402865
v 1100.024800 678.085514 563.930352
v 1099.798276 684.765255 567.842097
v 1096.717544 664.156090 567.170468
v 1096.185941 658.926593 575.541985
v 1097.213003 658.976429 575.710081
v 1100.335362 668.564144 570.260570
v 1100.156671 673.833287 573.346264
v 1098.005263 659.941749 576.386775
v 1097.966128 661.095609 577.062505
v 1087.000232 722.073805 538.612178
v 1089.251501 717.789891 547.161488
v 1085.776788 721.391152 538.044077
v 1084.649683 715.222179 545.024665
v 1091.349871 708.695623 555.150763
v 1085.505115 705.434368 552.436783
v 1093.084773 698.426136 561.767310
v 1087.240014 695.164881 559.053331
v 1094.929481 687.506667 568.802628
v 1089.084728 684.245411 566.088654
v 1096.316031 675.995796 574.103963
v 1091.705519 673.423251 571.963097
v 1097.125077 661.569177 577.228434
v 1096.115427 661.005827 576.759605
v 1085.270331 719.966065 537.134612
v 1082.744709 709.861869 541.603809
v 1083.085613 698.626273 548.091974
v 1084.820516 688.356752 554.708521
v 1086.665226 677.437316 561.743836
v 1089.796950 668.052800 568.535784
v 1095.697471 659.829765 576.009066
v 1115.482826 841.977761 530.546661
v 1124.733209 847.736157 532.718993
v 1130.011998 849.531088 539.217230
v 1105.972971 846.118251 535.676995
v 1135.523736 848.551172 544.863461
v 1107.333182 851.697397 539.395187
v 1130.610569 855.417679 542.221656
v 1108.693396 857.276558 543.113386
v 1126.421433 864.338731 541.192655
v 1118.951837 865.119463 544.629252
v 1125.265859 861.952111 542.634634
v 1118.924943 863.903193 545.365642
v 1135.344847 850.999052 545.644228
v 1141.600711 843.977295 549.694782
v 1134.907848 846.701492 543.450834
v 1141.031916 843.084203 550.174230
v 1134.776082 850.105969 546.123664
v 1106.220692 832.690975 534.432423
v 1101.427616 837.040783 539.797584
v 1102.691817 842.554888 543.544063
v 1103.956017 848.068981 547.290532
v 1111.893233 857.433025 551.243057
v 1112.392886 856.199111 552.005739
v 1123.670882 845.605986 534.068134
v 1134.339079 845.808409 543.930283
v 1096.615577 771.515599 576.169302
v 1098.323139 776.996877 580.525743
v 1107.141348 806.641732 572.362082
v 1102.333199 791.207564 560.095193
v 1106.486954 833.300152 560.429626
v 1102.112584 813.221302 545.984303
v 1101.589528 814.465957 545.240990
v 1101.348242 791.929007 559.683185
v 1096.373548 771.692887 576.068052
v 1115.932434 840.924528 531.575889
v 1106.720353 831.457071 535.195086
v 1098.081105 777.174174 580.424499
v 1106.156392 807.363192 571.950063
v 1097.981868 777.193226 580.353978
v 1105.963892 834.544785 559.686319
v 1105.098717 803.968066 569.251666
v 1097.093374 774.329886 578.292221
v 1103.451831 829.121182 556.456823
v 1103.752305 799.646091 565.816611
v 1096.301526 771.799283 576.066958
v 1102.290637 823.791177 552.622266
v 1102.405911 795.324133 562.381577
v 1101.129447 818.461176 548.787704
v 1113.871141 672.547215 532.331531
v 1123.121525 678.305600 534.503864
v 1128.400318 680.100525 541.002100
v 1104.361293 676.687679 537.461874
v 1133.912057 679.120615 546.648338
v 1105.721498 682.266836 541.180064
v 1128.998889 685.987140 544.006524
v 1107.081713 687.845992 544.898268
v 1124.809757 694.908175 542.977528
v 1117.340149 695.688903 546.414138
v 1123.654181 692.521551 544.419511
v 1117.313262 694.472636 547.150522
v 1133.733171 681.568485 547.429102
v 1139.989029 674.546740 551.479663
v 1133.296170 677.270931 545.235711
v 1139.420232 673.653631 551.959101
v 1133.164404 680.675427 547.908541
v 1104.609017 663.260424 536.217297
v 1099.815935 667.610215 541.582464
v 1101.080132 673.124317 545.328945
v 1102.344335 678.638417 549.075411
v 1110.281550 688.002459 553.027938
v 1110.781205 686.768552 553.790620
v 1122.059207 676.175418 535.853009
v 1132.727398 676.377839 545.715164
v 1095.003894 602.085027 577.954184
v 1096.711457 607.566323 582.310623
v 1105.529666 637.211186 574.146962
v 1100.721517 621.777018 561.880073
v 1104.875271 663.869580 562.214507
v 1100.500901 643.790730 547.769185
v 1099.977841 645.035402 547.025867
v 1099.736564 622.498470 561.468062
v 1094.761866 602.262324 577.852933
v 1114.320757 671.493964 533.360762
v 1105.108660 662.026517 536.979967
v 1096.469422 607.743602 582.209379
v 1104.544705 637.932620 573.734939
v 1096.370186 607.762663 582.138859
v 1104.352210 665.114217 561.471199
v 1103.487037 634.537520 571.036545
v 1095.481693 604.899340 580.077101
v 1101.840151 659.690631 558.241701
v 1102.140623 630.215536 567.601492
v 1094.689839 602.368737 577.851833
v 1100.678955 654.360613 554.407146
v 1100.794228 625.893570 564.166458
v 1099.517767 649.030630 550.572584
vt 0.308821 0.792276
vt 0.383223 0.918185
vt 0.370773 0.918154
vt 0.355652 0.792391
vt 0.286029 0.639504
vt 0.403192 0.918185
vt 0.345509 0.639651
vt 0.286029 0.494086
vt 0.430763 0.792391
vt 0.415643 0.918154
vt 0.477595 0.792276
vt 0.440907 0.639651
vt 0.500387 0.639505
vt 0.345509 0.494232
vt 0.286029 0.339464
vt 0.440907 0.494232
vt 0.500387 0.494086
vt 0.345509 0.339610
vt 0.308662 0.200294
vt 0.440907 0.339610
vt 0.500387 0.339464
vt 0.355581 0.200410
vt 0.374693 0.065523
vt 0.384968 0.065548
vt 0.430834 0.200410
vt 0.477754 0.200294
vt 0.401448 0.065548
vt 0.411722 0.065523
vt 0.320812 0.802555
vt 0.373550 0.928195
vt 0.351397 0.928195
vt 0.404135 0.802555
vt 0.387362 0.928165
vt 0.309559 0.650002
vt 0.456087 0.802440
vt 0.415388 0.650002
vt 0.309559 0.504763
vt 0.481372 0.649857
vt 0.415388 0.504763
vt 0.309559 0.350330
vt 0.481371 0.504616
vt 0.415388 0.350330
vt 0.320733 0.211300
vt 0.481371 0.350184
vt 0.404214 0.211300
vt 0.353333 0.076604
vt 0.456264 0.211185
vt 0.371614 0.076604
vt 0.383013 0.076579
vt 0.321649 0.790082
vt 0.415715 0.915273
vt 0.399973 0.915242
vt 0.380857 0.790196
vt 0.440961 0.915273
vt 0.292833 0.638182
vt 0.475819 0.790196
vt 0.368032 0.638327
vt 0.292833 0.493593
vt 0.488643 0.638327
vt 0.368032 0.493738
vt 0.292833 0.339853
vt 0.488643 0.493738
vt 0.368032 0.339998
vt 0.321448 0.201477
vt 0.488643 0.339998
vt 0.380767 0.201591
vt 0.404930 0.067474
vt 0.475909 0.201591
vt 0.417921 0.067499
vt 0.438755 0.067499
vt 0.436204 0.147998
vt 0.441529 0.124668
vt 0.463088 0.114286
vt 0.451124 0.166707
vt 0.484648 0.124668
vt 0.475053 0.166707
vt 0.489973 0.147998
vt 0.370112 0.098583
vt 0.375106 0.120463
vt 0.361113 0.138009
vt 0.338671 0.138009
vt 0.349892 0.088846
vt 0.324679 0.120463
vt 0.329673 0.098583
vt 0.079769 0.715809
vt 0.085433 0.735554
vt 0.109676 0.776362
vt 0.105693 0.710552
vt 0.123573 0.828369
vt 0.124397 0.745458
vt 0.138497 0.777077
vt 0.143786 0.711497
vt 0.163539 0.737492
vt 0.169593 0.718038
vt 0.165150 0.737532
vt 0.171204 0.718077
vt 0.133208 0.842656
vt 0.122749 0.911280
vt 0.113659 0.842171
vt 0.091097 0.755300
vt 0.124360 0.911320
vt 0.134819 0.842696
vt 0.157485 0.756947
vt 0.159096 0.756987
vt 0.062498 0.579599
vt 0.068440 0.676318
vt 0.097728 0.578933
vt 0.098378 0.513541
vt 0.126046 0.579636
vt 0.126696 0.514244
vt 0.154364 0.580338
vt 0.155014 0.514946
vt 0.181701 0.679128
vt 0.189563 0.582752
vt 0.183312 0.679168
vt 0.191174 0.582792
vt 0.113659 0.842171
vt 0.091097 0.755300
vt 0.092708 0.755340
vt 0.115270 0.842211
vt 0.122749 0.911280
vt 0.124360 0.911320
vt 0.134819 0.842696
vt 0.087044 0.735594
vt 0.159096 0.756987
vt 0.106607 0.059490
vt 0.159037 0.060791
vt 0.173972 0.270055
vt 0.087520 0.267910
vt 0.178192 0.354298
vt 0.081627 0.351902
vt 0.080016 0.351862
vt 0.085909 0.267870
vt 0.105931 0.059473
vt 0.081380 0.715849
vt 0.171204 0.718077
vt 0.165150 0.737532
vt 0.087044 0.735594
vt 0.085433 0.735554
vt 0.079769 0.715809
vt 0.068440 0.676318
vt 0.062498 0.579599
vt 0.064109 0.579639
vt 0.070052 0.676358
vt 0.158361 0.060774
vt 0.173972 0.270055
vt 0.159037 0.060791
vt 0.172360 0.270015
vt 0.178192 0.354298
vt 0.147253 0.060498
vt 0.176581 0.354258
vt 0.153343 0.269543
vt 0.132160 0.058719
vt 0.154640 0.345841
vt 0.129135 0.268943
vt 0.117040 0.059749
vt 0.128377 0.345190
vt 0.104926 0.268342
vt 0.105931 0.059473
vt 0.102113 0.344538
vt 0.085909 0.267870
vt 0.080016 0.351862
vt 0.180801 0.438501
vt 0.186793 0.510667
vt 0.182412 0.438541
vt 0.185182 0.510627
vt 0.155937 0.422139
vt 0.155475 0.468543
vt 0.127619 0.421437
vt 0.127157 0.467840
vt 0.099301 0.420734
vt 0.098839 0.467138
vt 0.074123 0.435854
vt 0.068311 0.507727
vt 0.068311 0.507727
vt 0.074123 0.435854
vt 0.075734 0.435894
vt 0.069922 0.507767
vt 0.186793 0.510667
vt 0.069922 0.507767
vt 0.081627 0.351902
vt 0.182412 0.438541
vt 0.070052 0.676358
vt 0.069922 0.507767
vt 0.191174 0.582792
vt 0.171204 0.718077
vt 0.079769 0.715809
vt 0.085433 0.735554
vt 0.109676 0.776362
vt 0.105693 0.710552
vt 0.123573 0.828369
vt 0.124397 0.745458
vt 0.138497 0.777077
vt 0.143786 0.711497
vt 0.163539 0.737492
vt 0.169593 0.718038
vt 0.165150 0.737532
vt 0.171204 0.718077
vt 0.133208 0.842656
vt 0.122749 0.911280
vt 0.113659 0.842171
vt 0.091097 0.755300
vt 0.124360 0.911320
vt 0.134819 0.842696
vt 0.157485 0.756947
vt 0.159096 0.756987
vt 0.062498 0.579599
vt 0.068440 0.676318
vt 0.097728 0.578933
vt 0.098378 0.513541
vt 0.126046 0.579636
vt 0.126696 0.514244
vt 0.154364 0.580338
vt 0.155014 0.514946
vt 0.181701 0.679128
vt 0.189563 0.582752
vt 0.183312 0.679168
vt 0.191174 0.582792
vt 0.113659 0.842171
vt 0.091097 0.755300
vt 0.092708 0.755340
vt 0.115270 0.842211
vt 0.122749 0.911280
vt 0.124360 0.911320
vt 0.134819 0.842696
vt 0.087044 0.735594
vt 0.159096 0.756987
vt 0.106607 0.059490
vt 0.159037 0.060791
vt 0.173972 0.270055
vt 0.087520 0.267910
vt 0.178192 0.354298
vt 0.081627 0.351902
vt 0.080016 0.351862
vt 0.085909 0.267870
vt 0.105931 0.059473
vt 0.081380 0.715849
vt 0.171204 0.718077
vt 0.165150 0.737532
vt 0.087044 0.735594
vt 0.085433 0.735554
vt 0.079769 0.715809
vt 0.068440 0.676318
vt 0.062498 0.579599
vt 0.064109 0.579639
vt 0.070052 0.676358
vt 0.158361 0.060774
vt 0.173972 0.270055
vt 0.159037 0.060791
vt 0.172360 0.270015
vt 0.178192 0.354298
vt 0.147253 0.060498
vt 0.176581 0.354258
vt 0.153343 0.269543
vt 0.132160 0.058719
vt 0.154640 0.345841
vt 0.129135 0.268943
vt 0.117040 0.059749
vt 0.128377 0.345190
vt 0.104926 0.268342
vt 0.105931 0.059473
vt 0.102113 0.344538
vt 0.085909 0.267870
vt 0.080016 0.351862
vt 0.180801 0.438501
vt 0.186793 0.510667
vt 0.182412 0.438541
vt 0.185182 0.510627
vt 0.155937 0.422139
vt 0.155475 0.468543
vt 0.127619 0.421437
vt 0.127157 0.467840
vt 0.099301 0.420734
vt 0.098839 0.467138
vt 0.074123 0.435854
vt 0.068311 0.507727
vt 0.068311 0.507727
vt 0.074123 0.435854
vt 0.075734 0.435894
vt 0.069922 0.507767
vt 0.186793 0.510667
vt 0.069922 0.507767
vt 0.081627 0.351902
vt 0.182412 0.438541
vt 0.070052 0.676358
vt 0.069922 0.507767
vt 0.191174 0.582792
vt 0.171204 0.718077
vt 0.079769 0.715809
vt 0.085433 0.735554
vt 0.109676 0.776362
vt 0.105693 0.710552
vt 0.123573 0.828369
vt 0.124397 0.745458
vt 0.138497 0.777077
vt 0.143786 0.711497
vt 0.163539 0.737492
vt 0.169593 0.718038
vt 0.165150 0.737532
vt 0.171204 0.718077
vt 0.133208 0.842656
vt 0.122749 0.911280
vt 0.113659 0.842171
vt 0.091097 0.755300
vt 0.124360 0.911320
vt 0.134819 0.842696
vt 0.157485 0.756947
vt 0.159096 0.756987
vt 0.062498 0.579599
vt 0.068440 0.676318
vt 0.097728 0.578933
vt 0.098378 0.513541
vt 0.126046 0.579636
vt 0.126696 0.514244
vt 0.154364 0.580338
vt 0.155014 0.514946
vt 0.181701 0.679128
vt 0.189563 0.582752
vt 0.183312 0.679168
vt 0.191174 0.582792
vt 0.113659 0.842171
vt 0.091097 0.755300
vt 0.092708 0.755340
vt 0.115270 0.842211
vt 0.122749 0.911280
vt 0.124360 0.911320
vt 0.134819 0.842696
vt 0.087044 0.735594
vt 0.159096 0.756987
vt 0.106607 0.059490
vt 0.159037 0.060791
vt 0.173972 0.270055
vt 0.087520 0.267910
vt 0.178192 0.354298
vt 0.081627 0.351902
vt 0.080016 0.351862
vt 0.085909 0.267870
vt 0.105931 0.059473
vt 0.081380 0.715849
vt 0.171204 0.718077
vt 0.165150 0.737532
vt 0.087044 0.735594
vt 0.085433 0.735554
vt 0.079769 0.715809
vt 0.068440 0.676318
vt 0.062498 0.579599
vt 0.064109 0.579639
vt 0.070052 0.676358
vt 0.158361 0.060774
vt 0.173972 0.270055
vt 0.159037 0.060791
vt 0.172360 0.270015
vt 0.178192 0.354298
vt 0.147253 0.060498
vt 0.176581 0.354258
vt 0.153343 0.269543
vt 0.132160 0.058719
vt 0.154640 0.345841
vt 0.129135 0.268943
vt 0.117040 0.059749
vt 0.128377 0.345190
vt 0.104926 0.268342
vt 0.105931 0.059473
vt 0.102113 0.344538
vt 0.085909 0.267870
vt 0.080016 0.351862
vt 0.180801 0.438501
vt 0.186793 0.510667
vt 0.182412 0.438541
vt 0.185182 0.510627
vt 0.155937 0.422139
vt 0.155475 0.468543
vt 0.127619 0.421437
vt 0.127157 0.467840
vt 0.099301 0.420734
vt 0.098839 0.467138
vt 0.074123 0.435854
vt 0.068311 0.507727
vt 0.068311 0.507727
vt 0.074123 0.435854
vt 0.075734 0.435894
vt 0.069922 0.507767
vt 0.186793 0.510667
vt 0.069922 0.507767
vt 0.081627 0.351902
vt 0.182412 0.438541
vt 0.070052 0.676358
vt 0.069922 0.507767
vt 0.191174 0.582792
vt 0.171204 0.718077
vt 0.079769 0.715809
vt 0.085433 0.735554
vt 0.109676 0.776362
vt 0.105693 0.710552
vt 0.123573 0.828369
vt 0.124397 0.745458
vt 0.138497 0.777077
vt 0.143786 0.711497
vt 0.163539 0.737492
vt 0.169593 0.718038
vt 0.165150 0.737532
vt 0.171204 0.718077
vt 0.133208 0.842656
vt 0.122749 0.911280
vt 0.113659 0.842171
vt 0.091097 0.755300
vt 0.124360 0.911320
vt 0.134819 0.842696
vt 0.157485 0.756947
vt 0.159096 0.756987
vt 0.062498 0.579599
vt 0.068440 0.676318
vt 0.097728 0.578933
vt 0.098378 0.513541
vt 0.126046 0.579636
vt 0.126696 0.514244
vt 0.154364 0.580338
vt 0.155014 0.514946
vt 0.181701 0.679128
vt 0.189563 0.582752
vt 0.183312 0.679168
vt 0.191174 0.582792
vt 0.113659 0.842171
vt 0.091097 0.755300
vt 0.092708 0.755340
vt 0.115270 0.842211
vt 0.122749 0.911280
vt 0.124360 0.911320
vt 0.134819 0.842696
vt 0.087044 0.735594
vt 0.159096 0.756987
vt 0.106607 0.059490
vt 0.159037 0.060791
vt 0.173972 0.270055
vt 0.087520 0.267910
vt 0.178192 0.354298
vt 0.081627 0.351902
vt 0.080016 0.351862
vt 0.085909 0.267870
vt 0.105931 0.059473
vt 0.081380 0.715849
vt 0.171204 0.718077
vt 0.165150 0.737532
vt 0.087044 0.735594
vt 0.085433 0.735554
vt 0.079769 0.715809
vt 0.068440 0.676318
vt 0.062498 0.579599
vt 0.064109 0.579639
vt 0.070052 0.676358
vt 0.158361 0.060774
vt 0.173972 0.270055
vt 0.159037 0.060791
vt 0.172360 0.270015
vt 0.178192 0.354298
vt 0.147253 0.060498
vt 0.176581 0.354258
vt 0.153343 0.269543
vt 0.132160 0.058719
vt 0.154640 0.345841
vt 0.129135 0.268943
vt 0.117040 0.059749
vt 0.128377 0.345190
vt 0.104926 0.268342
vt 0.105931 0.059473
vt 0.102113 0.344538
vt 0.085909 0.267870
vt 0.080016 0.351862
vt 0.180801 0.438501
vt 0.186793 0.510667
vt 0.182412 0.438541
vt 0.185182 0.510627
vt 0.155937 0.422139
vt 0.155475 0.468543
vt 0.127619 0.421437
vt 0.127157 0.467840
vt 0.099301 0.420734
vt 0.098839 0.467138
vt 0.074123 0.435854
vt 0.068311 0.507727
vt 0.068311 0.507727
vt 0.074123 0.435854
vt 0.075734 0.435894
vt 0.069922 0.507767
vt 0.186793 0.510667
vt 0.069922 0.507767
vt 0.081627 0.351902
vt 0.182412 0.438541
vt 0.070052 0.676358
vt 0.069922 0.507767
vt 0.191174 0.582792
vt 0.171204 0.718077
vt 0.079769 0.715809
vt 0.085433 0.735554
vt 0.109676 0.776362
vt 0.105693 0.710552
vt 0.123573 0.828369
vt 0.124397 0.745458
vt 0.138497 0.777077
vt 0.143786 0.711497
vt 0.163539 0.737492
vt 0.169593 0.718038
vt 0.165150 0.737532
vt 0.171204 0.718077
vt 0.133208 0.842656
vt 0.122749 0.911280
vt 0.113659 0.842171
vt 0.091097 0.755300
vt 0.124360 0.911320
vt 0.134819 0.842696
vt 0.157485 0.756947
vt 0.159096 0.756987
vt 0.062498 0.579599
vt 0.068440 0.676318
vt 0.097728 0.578933
vt 0.098378 0.513541
vt 0.126046 0.579636
vt 0.126696 0.514244
vt 0.154364 0.580338
vt 0.155014 0.514946
vt 0.181701 0.679128
vt 0.189563 0.582752
vt 0.183312 0.679168
vt 0.191174 0.582792
vt 0.113659 0.842171
vt 0.091097 0.755300
vt 0.092708 0.755340
vt 0.115270 0.842211
vt 0.122749 0.911280
vt 0.124360 0.911320
vt 0.134819 0.842696
vt 0.087044 0.735594
vt 0.159096 0.756987
vt 0.173972 0.270055
vt 0.178192 0.354298
vt 0.081627 0.351902
vt 0.159037 0.060791
vt 0.087520 0.267910
vt 0.106607 0.059490
vt 0.080016 0.351862
vt 0.085909 0.267870
vt 0.105931 0.059473
vt 0.186793 0.510667
vt 0.069922 0.507767
vt 0.182412 0.438541
vt 0.081380 0.715849
vt 0.171204 0.718077
vt 0.165150 0.737532
vt 0.087044 0.735594
vt 0.085433 0.735554
vt 0.079769 0.715809
vt 0.068440 0.676318
vt 0.062498 0.579599
vt 0.064109 0.579639
vt 0.070052 0.676358
vt 0.158361 0.060774
vt 0.173972 0.270055
vt 0.159037 0.060791
vt 0.172360 0.270015
vt 0.178192 0.354298
vt 0.147253 0.060498
vt 0.176581 0.354258
vt 0.153343 0.269543
vt 0.132160 0.058719
vt 0.154640 0.345841
vt 0.129135 0.268943
vt 0.117040 0.059749
vt 0.128377 0.345190
vt 0.104926 0.268342
vt 0.105931 0.059473
vt 0.102113 0.344538
vt 0.085909 0.267870
vt 0.080016 0.351862
vt 0.180801 0.438501
vt 0.186793 0.510667
vt 0.182412 0.438541
vt 0.185182 0.510627
vt 0.155937 0.422139
vt 0.155475 0.468543
vt 0.127619 0.421437
vt 0.127157 0.467840
vt 0.099301 0.420734
vt 0.098839 0.467138
vt 0.074123 0.435854
vt 0.068311 0.507727
vt 0.068311 0.507727
vt 0.074123 0.435854
vt 0.075734 0.435894
vt 0.069922 0.507767
vt 0.070052 0.676358
vt 0.069922 0.507767
vt 0.191174 0.582792
vt 0.171204 0.718077
vt 0.079769 0.715809
vt 0.085433 0.735554
vt 0.109676 0.776362
vt 0.105693 0.710552
vt 0.123573 0.828369
vt 0.124397 0.745458
vt 0.138497 0.777077
vt 0.143786 0.711497
vt 0.163539 0.737492
vt 0.169593 0.718038
vt 0.165150 0.737532
vt 0.171204 0.718077
vt 0.133208 0.842656
vt 0.122749 0.911280
vt 0.113659 0.842171
vt 0.091097 0.755300
vt 0.124360 0.911320
vt 0.134819 0.842696
vt 0.157485 0.756947
vt 0.159096 0.756987
vt 0.062498 0.579599
vt 0.068440 0.676318
vt 0.097728 0.578933
vt 0.098378 0.513541
vt 0.126046 0.579636
vt 0.126696 0.514244
vt 0.154364 0.580338
vt 0.155014 0.514946
vt 0.181701 0.679128
vt 0.189563 0.582752
vt 0.183312 0.679168
vt 0.191174 0.582792
vt 0.113659 0.842171
vt 0.091097 0.755300
vt 0.092708 0.755340
vt 0.115270 0.842211
vt 0.122749 0.911280
vt 0.124360 0.911320
vt 0.134819 0.842696
vt 0.087044 0.735594
vt 0.159096 0.756987
vt 0.106607 0.059490
vt 0.159037 0.060791
vt 0.173972 0.270055
vt 0.087520 0.267910
vt 0.178192 0.354298
vt 0.081627 0.351902
vt 0.080016 0.351862
vt 0.085909 0.267870
vt 0.105931 0.059473
vt 0.081380 0.715849
vt 0.171204 0.718077
vt 0.165150 0.737532
vt 0.087044 0.735594
vt 0.085433 0.735554
vt 0.079769 0.715809
vt 0.068440 0.676318
vt 0.062498 0.579599
vt 0.064109 0.579639
vt 0.070052 0.676358
vt 0.158361 0.060774
vt 0.173972 0.270055
vt 0.159037 0.060791
vt 0.172360 0.270015
vt 0.178192 0.354298
vt 0.147253 0.060498
vt 0.176581 0.354258
vt 0.153343 0.269543
vt 0.132160 0.058719
vt 0.154640 0.345841
vt 0.129135 0.268943
vt 0.117040 0.059749
vt 0.128377 0.345190
vt 0.104926 0.268342
vt 0.105931 0.059473
vt 0.102113 0.344538
vt 0.085909 0.267870
vt 0.080016 0.351862
vt 0.180801 0.438501
vt 0.186793 0.510667
vt 0.182412 0.438541
vt 0.185182 0.510627
vt 0.155937 0.422139
vt 0.155475 0.468543
vt 0.127619 0.421437
vt 0.127157 0.467840
vt 0.099301 0.420734
vt 0.098839 0.467138
vt 0.074123 0.435854
vt 0.068311 0.507727
vt 0.068311 0.507727
vt 0.074123 0.435854
vt 0.075734 0.435894
vt 0.069922 0.507767
vt 0.186793 0.510667
vt 0.069922 0.507767
vt 0.081627 0.351902
vt 0.182412 0.438541
vt 0.070052 0.676358
vt 0.069922 0.507767
vt 0.191174 0.582792
vt 0.171204 0.718077
vt 0.079769 0.715809
vt 0.085433 0.735554
vt 0.109676 0.776362
vt 0.105693 0.710552
vt 0.123573 0.828369
vt 0.124397 0.745458
vt 0.138497 0.777077
vt 0.143786 0.711497
vt 0.163539 0.737492
vt 0.169593 0.718038
vt 0.165150 0.737532
vt 0.171204 0.718077
vt 0.133208 0.842656
vt 0.122749 0.911280
vt 0.113659 0.842171
vt 0.091097 0.755300
vt 0.124360 0.911320
vt 0.134819 0.842696
vt 0.157485 0.756947
vt 0.159096 0.756987
vt 0.062498 0.579599
vt 0.068440 0.676318
vt 0.097728 0.578933
vt 0.098378 0.513541
vt 0.126046 0.579636
vt 0.126696 0.514244
vt 0.154364 0.580338
vt 0.155014 0.514946
vt 0.181701 0.679128
vt 0.189563 0.582752
vt 0.183312 0.679168
vt 0.191174 0.582792
vt 0.113659 0.842171
vt 0.091097 0.755300
vt 0.092708 0.755340
vt 0.115270 0.842211
vt 0.122749 0.911280
vt 0.124360 0.911320
vt 0.134819 0.842696
vt 0.159096 0.756987
vt 0.087044 0.735594
vt 0.106607 0.059490
vt 0.159037 0.060791
vt 0.173972 0.270055
vt 0.087520 0.267910
vt 0.178192 0.354298
vt 0.081627 0.351902
vt 0.080016 0.351862
vt 0.085909 0.267870
vt 0.105931 0.059473
vt 0.081380 0.715849
vt 0.171204 0.718077
vt 0.165150 0.737532
vt 0.087044 0.735594
vt 0.085433 0.735554
vt 0.079769 0.715809
vt 0.068440 0.676318
vt 0.062498 0.579599
vt 0.064109 0.579639
vt 0.070052 0.676358
vt 0.158361 0.060774
vt 0.173972 0.270055
vt 0.159037 0.060791
vt 0.172360 0.270015
vt 0.178192 0.354298
vt 0.147253 0.060498
vt 0.176581 0.354258
vt 0.153343 0.269543
vt 0.132160 0.058719
vt 0.154640 0.345841
vt 0.129135 0.268943
vt 0.117040 0.059749
vt 0.128377 0.345190
vt 0.104926 0.268342
vt 0.105931 0.059473
vt 0.102113 0.344538
vt 0.085909 0.267870
vt 0.080016 0.351862
vt 0.180801 0.438501
vt 0.186793 0.510667
vt 0.182412 0.438541
vt 0.185182 0.510627
vt 0.155937 0.422139
vt 0.155475 0.468543
vt 0.127619 0.421437
vt 0.127157 0.467840
vt 0.099301 0.420734
vt 0.098839 0.467138
vt 0.074123 0.435854
vt 0.068311 0.507727
vt 0.068311 0.507727
vt 0.074123 0.435854
vt 0.075734 0.435894
vt 0.069922 0.507767
vt 0.186793 0.510667
vt 0.069922 0.507767
vt 0.081627 0.351902
vt 0.182412 0.438541
vt 0.070052 0.676358
vt 0.069922 0.507767
vt 0.191174 0.582792
vt 0.171204 0.718077
vt 0.079769 0.715809
vt 0.085433 0.735554
vt 0.109676 0.776362
vt 0.105693 0.710552
vt 0.123573 0.828369
vt 0.124397 0.745458
vt 0.138497 0.777077
vt 0.143786 0.711497
vt 0.163539 0.737492
vt 0.169593 0.718038
vt 0.165150 0.737532
vt 0.171204 0.718077
vt 0.133208 0.842656
vt 0.122749 0.911280
vt 0.113659 0.842171
vt 0.091097 0.755300
vt 0.124360 0.911320
vt 0.134819 0.842696
vt 0.157485 0.756947
vt 0.159096 0.756987
vt 0.062498 0.579599
vt 0.068440 0.676318
vt 0.097728 0.578933
vt 0.098378 0.513541
vt 0.126046 0.579636
vt 0.126696 0.514244
vt 0.154364 0.580338
vt 0.155014 0.514946
vt 0.181701 0.679128
vt 0.189563 0.582752
vt 0.183312 0.679168
vt 0.191174 0.582792
vt 0.113659 0.842171
vt 0.091097 0.755300
vt 0.092708 0.755340
vt 0.115270 0.842211
vt 0.122749 0.911280
vt 0.124360 0.911320
vt 0.134819 0.842696
vt 0.159096 0.756987
vt 0.087044 0.735594
vt 0.173972 0.270055
vt 0.178192 0.354298
vt 0.081627 0.351902
vt 0.159037 0.060791
vt 0.087520 0.267910
vt 0.106607 0.059490
vt 0.080016 0.351862
vt 0.085909 0.267870
vt 0.105931 0.059473
vt 0.186793 0.510667
vt 0.069922 0.507767
vt 0.182412 0.438541
vt 0.081380 0.715849
vt 0.171204 0.718077
vt 0.165150 0.737532
vt 0.087044 0.735594
vt 0.085433 0.735554
vt 0.079769 0.715809
vt 0.068440 0.676318
vt 0.062498 0.579599
vt 0.064109 0.579639
vt 0.070052 0.676358
vt 0.158361 0.060774
vt 0.173972 0.270055
vt 0.159037 0.060791
vt 0.172360 0.270015
vt 0.178192 0.354298
vt 0.147253 0.060498
vt 0.176581 0.354258
vt 0.153343 0.269543
vt 0.132160 0.058719
vt 0.154640 0.345841
vt 0.129135 0.268943
vt 0.117040 0.059749
vt 0.128377 0.345190
vt 0.104926 0.268342
vt 0.105931 0.059473
vt 0.102113 0.344538
vt 0.085909 0.267870
vt 0.080016 0.351862
vt 0.180801 0.438501
vt 0.186793 0.510667
vt 0.182412 0.438541
vt 0.185182 0.510627
vt 0.155937 0.422139
vt 0.155475 0.468543
vt 0.127619 0.421437
vt 0.127157 0.467840
vt 0.099301 0.420734
vt 0.098839 0.467138
vt 0.074123 0.435854
vt 0.068311 0.507727
vt 0.068311 0.507727
vt 0.074123 0.435854
vt 0.075734 0.435894
vt 0.069922 0.507767
vt 0.070052 0.676358
vt 0.069922 0.507767
vt 0.191174 0.582792
vt 0.171204 0.718077
vt 0.079769 0.715809
vt 0.085433 0.735554
vt 0.109676 0.776362
vt 0.105693 0.710552
vt 0.123573 0.828369
vt 0.124397 0.745458
vt 0.138497 0.777077
vt 0.143786 0.711497
vt 0.163539 0.737492
vt 0.169593 0.718038
vt 0.165150 0.737532
vt 0.171204 0.718077
vt 0.133208 0.842656
vt 0.122749 0.911280
vt 0.113659 0.842171
vt 0.091097 0.755300
vt 0.124360 0.911320
vt 0.134819 0.842696
vt 0.157485 0.756947
vt 0.159096 0.756987
vt 0.062498 0.579599
vt 0.068440 0.676318
vt 0.097728 0.578933
vt 0.098378 0.513541
vt 0.126046 0.579636
vt 0.126696 0.514244
vt 0.154364 0.580338
vt 0.155014 0.514946
vt 0.181701 0.679128
vt 0.189563 0.582752
vt 0.183312 0.679168
vt 0.191174 0.582792
vt 0.113659 0.842171
vt 0.091097 0.755300
vt 0.092708 0.755340
vt 0.115270 0.842211
vt 0.122749 0.911280
vt 0.124360 0.911320
vt 0.134819 0.842696
vt 0.087044 0.735594
vt 0.159096 0.756987
vt 0.173972 0.270055
vt 0.178192 0.354298
vt 0.081627 0.351902
vt 0.087520 0.267910
vt 0.159037 0.060791
vt 0.080016 0.351862
vt 0.106607 0.059490
vt 0.085909 0.267870
vt 0.105931 0.059473
vt 0.081380 0.715849
vt 0.171204 0.718077
vt 0.165150 0.737532
vt 0.087044 0.735594
vt 0.085433 0.735554
vt 0.079769 0.715809
vt 0.068440 0.676318
vt 0.062498 0.579599
vt 0.064109 0.579639
vt 0.070052 0.676358
vt 0.158361 0.060774
vt 0.173972 0.270055
vt 0.159037 0.060791
vt 0.172360 0.270015
vt 0.178192 0.354298
vt 0.147253 0.060498
vt 0.176581 0.354258
vt 0.153343 0.269543
vt 0.132160 0.058719
vt 0.154640 0.345841
vt 0.129135 0.268943
vt 0.117040 0.059749
vt 0.128377 0.345190
vt 0.104926 0.268342
vt 0.105931 0.059473
vt 0.102113 0.344538
vt 0.085909 0.267870
vt 0.080016 0.351862
vt 0.180801 0.438501
vt 0.186793 0.510667
vt 0.182412 0.438541
vt 0.185182 0.510627
vt 0.155937 0.422139
vt 0.155475 0.468543
vt 0.127619 0.421437
vt 0.127157 0.467840
vt 0.099301 0.420734
vt 0.098839 0.467138
vt 0.074123 0.435854
vt 0.068311 0.507727
vt 0.068311 0.507727
vt 0.074123 0.435854
vt 0.075734 0.435894
vt 0.069922 0.507767
vt 0.186793 0.510667
vt 0.069922 0.507767
vt 0.081627 0.351902
vt 0.182412 0.438541
vt 0.070052 0.676358
vt 0.069922 0.507767
vt 0.191174 0.582792
vt 0.171204 0.718077
vt 0.079769 0.715809
vt 0.085433 0.735554
vt 0.109676 0.776362
vt 0.105693 0.710552
vt 0.123573 0.828369
vt 0.124397 0.745458
vt 0.138497 0.777077
vt 0.143786 0.711497
vt 0.163539 0.737492
vt 0.169593 0.718038
vt 0.165150 0.737532
vt 0.171204 0.718077
vt 0.133208 0.842656
vt 0.122749 0.911280
vt 0.113659 0.842171
vt 0.091097 0.755300
vt 0.124360 0.911320
vt 0.134819 0.842696
vt 0.157485 0.756947
vt 0.159096 0.756987
vt 0.062498 0.579599
vt 0.068440 0.676318
vt 0.097728 0.578933
vt 0.098378 0.513541
vt 0.126046 0.579636
vt 0.126696 0.514244
vt 0.154364 0.580338
vt 0.155014 0.514946
vt 0.181701 0.679128
vt 0.189563 0.582752
vt 0.183312 0.679168
vt 0.191174 0.582792
vt 0.113659 0.842171
vt 0.091097 0.755300
vt 0.092708 0.755340
vt 0.115270 0.842211
vt 0.122749 0.911280
vt 0.124360 0.911320
vt 0.134819 0.842696
vt 0.159096 0.756987
vt 0.087044 0.735594
vt 0.106607 0.059490
vt 0.159037 0.060791
vt 0.173972 0.270055
vt 0.178192 0.354298
vt 0.087520 0.267910
vt 0.081627 0.351902
vt 0.080016 0.351862
vt 0.085909 0.267870
vt 0.105931 0.059473
vt 0.081380 0.715849
vt 0.171204 0.718077
vt 0.165150 0.737532
vt 0.087044 0.735594
vt 0.085433 0.735554
vt 0.079769 0.715809
vt 0.068440 0.676318
vt 0.062498 0.579599
vt 0.064109 0.579639
vt 0.070052 0.676358
vt 0.158361 0.060774
vt 0.173972 0.270055
vt 0.159037 0.060791
vt 0.172360 0.270015
vt 0.178192 0.354298
vt 0.147253 0.060498
vt 0.176581 0.354258
vt 0.153343 0.269543
vt 0.132160 0.058719
vt 0.154640 0.345841
vt 0.129135 0.268943
vt 0.117040 0.059749
vt 0.128377 0.345190
vt 0.104926 0.268342
vt 0.105931 0.059473
vt 0.102113 0.344538
vt 0.085909 0.267870
vt 0.080016 0.351862
vt 0.180801 0.438501
vt 0.186793 0.510667
vt 0.182412 0.438541
vt 0.185182 0.510627
vt 0.155937 0.422139
vt 0.155475 0.468543
vt 0.127619 0.421437
vt 0.127157 0.467840
vt 0.099301 0.420734
vt 0.098839 0.467138
vt 0.074123 0.435854
vt 0.068311 0.507727
vt 0.068311 0.507727
vt 0.074123 0.435854
vt 0.075734 0.435894
vt 0.069922 0.507767
vt 0.186793 0.510667
vt 0.069922 0.507767
vt 0.081627 0.351902
vt 0.182412 0.438541
vt 0.070052 0.676358
vt 0.069922 0.507767
vt 0.191174 0.582792
vt 0.171204 0.718077
vt 0.308821 0.792276
vt 0.383223 0.918185
vt 0.370773 0.918154
vt 0.355652 0.792391
vt 0.286029 0.639504
vt 0.403192 0.918185
vt 0.345509 0.639651
vt 0.286029 0.494086
vt 0.430763 0.792391
vt 0.415643 0.918154
vt 0.477595 0.792276
vt 0.440907 0.639651
vt 0.500387 0.639505
vt 0.345509 0.494232
vt 0.286029 0.339464
vt 0.440907 0.494232
vt 0.500387 0.494086
vt 0.345509 0.339610
vt 0.308662 0.200294
vt 0.440907 0.339610
vt 0.500387 0.339464
vt 0.355581 0.200410
vt 0.374693 0.065523
vt 0.384968 0.065548
vt 0.430834 0.200410
vt 0.477754 0.200294
vt 0.401448 0.065548
vt 0.411722 0.065523
vt 0.320812 0.802555
vt 0.373550 0.928195
vt 0.351397 0.928195
vt 0.404135 0.802555
vt 0.387362 0.928165
vt 0.309559 0.650002
vt 0.456087 0.802440
vt 0.415388 0.650002
vt 0.309559 0.504763
vt 0.481372 0.649857
vt 0.415388 0.504763
vt 0.309559 0.350330
vt 0.481371 0.504616
vt 0.415388 0.350330
vt 0.320733 0.211300
vt 0.481371 0.350184
vt 0.404214 0.211300
vt 0.353333 0.076604
vt 0.456264 0.211185
vt 0.371614 0.076604
vt 0.383013 0.076579
vt 0.321649 0.790082
vt 0.415715 0.915273
vt 0.399973 0.915242
vt 0.380857 0.790196
vt 0.440961 0.915273
vt 0.292833 0.638182
vt 0.475819 0.790196
vt 0.368032 0.638327
vt 0.292833 0.493593
vt 0.488643 0.638327
vt 0.368032 0.493738
vt 0.292833 0.339853
vt 0.488643 0.493738
vt 0.368032 0.339998
vt 0.321448 0.201477
vt 0.488643 0.339998
vt 0.380767 0.201591
vt 0.404930 0.067474
vt 0.475909 0.201591
vt 0.417921 0.067499
vt 0.438755 0.067499
vt 0.489973 0.147998
vt 0.475053 0.166707
vt 0.451124 0.166707
vt 0.436204 0.147998
vt 0.484648 0.124668
vt 0.441529 0.124668
vt 0.463088 0.114286
vt 0.338671 0.138009
vt 0.324679 0.120463
vt 0.329673 0.098583
vt 0.361113 0.138009
vt 0.349892 0.088846
vt 0.375106 0.120463
vt 0.370112 0.098583
vt 0.079769 0.715809
vt 0.085433 0.735554
vt 0.109676 0.776362
vt 0.105693 0.710552
vt 0.123573 0.828369
vt 0.124397 0.745458
vt 0.138497 0.777077
vt 0.143786 0.711497
vt 0.163539 0.737492
vt 0.169593 0.718038
vt 0.165150 0.737532
vt 0.171204 0.718077
vt 0.133208 0.842656
vt 0.122749 0.911280
vt 0.113659 0.842171
vt 0.091097 0.755300
vt 0.124360 0.911320
vt 0.134819 0.842696
vt 0.157485 0.756947
vt 0.159096 0.756987
vt 0.062498 0.579599
vt 0.068440 0.676318
vt 0.097728 0.578933
vt 0.098378 0.513541
vt 0.126046 0.579636
vt 0.126696 0.514244
vt 0.154364 0.580338
vt 0.155014 0.514946
vt 0.181701 0.679128
vt 0.189563 0.582752
vt 0.183312 0.679168
vt 0.191174 0.582792
vt 0.113659 0.842171
vt 0.091097 0.755300
vt 0.092708 0.755340
vt 0.115270 0.842211
vt 0.122749 0.911280
vt 0.124360 0.911320
vt 0.134819 0.842696
vt 0.159096 0.756987
vt 0.087044 0.735594
vt 0.106607 0.059490
vt 0.159037 0.060791
vt 0.173972 0.270055
vt 0.081627 0.351902
vt 0.178192 0.354298
vt 0.087520 0.267910
vt 0.080016 0.351862
vt 0.085909 0.267870
vt 0.105931 0.059473
vt 0.186793 0.510667
vt 0.069922 0.507767
vt 0.182412 0.438541
vt 0.081380 0.715849
vt 0.171204 0.718077
vt 0.165150 0.737532
vt 0.087044 0.735594
vt 0.085433 0.735554
vt 0.079769 0.715809
vt 0.068440 0.676318
vt 0.062498 0.579599
vt 0.064109 0.579639
vt 0.070052 0.676358
vt 0.158361 0.060774
vt 0.173972 0.270055
vt 0.159037 0.060791
vt 0.172360 0.270015
vt 0.178192 0.354298
vt 0.147253 0.060498
vt 0.176581 0.354258
vt 0.153343 0.269543
vt 0.132160 0.058719
vt 0.154640 0.345841
vt 0.129135 0.268943
vt 0.117040 0.059749
vt 0.128377 0.345190
vt 0.104926 0.268342
vt 0.105931 0.059473
vt 0.102113 0.344538
vt 0.085909 0.267870
vt 0.080016 0.351862
vt 0.180801 0.438501
vt 0.186793 0.510667
vt 0.182412 0.438541
vt 0.185182 0.510627
vt 0.155937 0.422139
vt 0.155475 0.468543
vt 0.127619 0.421437
vt 0.127157 0.467840
vt 0.099301 0.420734
vt 0.098839 0.467138
vt 0.074123 0.435854
vt 0.068311 0.507727
vt 0.068311 0.507727
vt 0.074123 0.435854
vt 0.075734 0.435894
vt 0.069922 0.507767
vt 0.070052 0.676358
vt 0.069922 0.507767
vt 0.191174 0.582792
vt 0.171204 0.718077
vt 0.079769 0.715809
vt 0.085433 0.735554
vt 0.109676 0.776362
vt 0.105693 0.710552
vt 0.123573 0.828369
vt 0.124397 0.745458
vt 0.138497 0.777077
vt 0.143786 0.711497
vt 0.163539 0.737492
vt 0.169593 0.718038
vt 0.165150 0.737532
vt 0.171204 0.718077
vt 0.133208 0.842656
vt 0.122749 0.911280
vt 0.113659 0.842171
vt 0.091097 0.755300
vt 0.124360 0.911320
vt 0.134819 0.842696
vt 0.157485 0.756947
vt 0.159096 0.756987
vt 0.062498 0.579599
vt 0.068440 0.676318
vt 0.097728 0.578933
vt 0.098378 0.513541
vt 0.126046 0.579636
vt 0.126696 0.514244
vt 0.154364 0.580338
vt 0.155014 0.514946
vt 0.181701 0.679128
vt 0.189563 0.582752
vt 0.183312 0.679168
vt 0.191174 0.582792
vt 0.113659 0.842171
vt 0.091097 0.755300
vt 0.092708 0.755340
vt 0.115270 0.842211
vt 0.122749 0.911280
vt 0.124360 0.911320
vt 0.134819 0.842696
vt 0.087044 0.735594
vt 0.159096 0.756987
vt 0.173972 0.270055
vt 0.178192 0.354298
vt 0.081627 0.351902
vt 0.159037 0.060791
vt 0.087520 0.267910
vt 0.106607 0.059490
vt 0.080016 0.351862
vt 0.085909 0.267870
vt 0.105931 0.059473
vt 0.186793 0.510667
vt 0.069922 0.507767
vt 0.182412 0.438541
vt 0.081380 0.715849
vt 0.171204 0.718077
vt 0.165150 0.737532
vt 0.087044 0.735594
vt 0.085433 0.735554
vt 0.079769 0.715809
vt 0.068440 0.676318
vt 0.062498 0.579599
vt 0.064109 0.579639
vt 0.070052 0.676358
vt 0.158361 0.060774
vt 0.173972 0.270055
vt 0.159037 0.060791
vt 0.172360 0.270015
vt 0.178192 0.354298
vt 0.147253 0.060498
vt 0.176581 0.354258
vt 0.153343 0.269543
vt 0.132160 0.058719
vt 0.154640 0.345841
vt 0.129135 0.268943
vt 0.117040 0.059749
vt 0.128377 0.345190
vt 0.104926 0.268342
vt 0.105931 0.059473
vt 0.102113 0.344538
vt 0.085909 0.267870
vt 0.080016 0.351862
vt 0.180801 0.438501
vt 0.186793 0.510667
vt 0.182412 0.438541
vt 0.185182 0.510627
vt 0.155937 0.422139
vt 0.155475 0.468543
vt 0.127619 0.421437
vt 0.127157 0.467840
vt 0.099301 0.420734
vt 0.098839 0.467138
vt 0.074123 0.435854
vt 0.068311 0.507727
vt 0.068311 0.507727
vt 0.074123 0.435854
vt 0.075734 0.435894
vt 0.069922 0.507767
vt 0.070052 0.676358
vt 0.069922 0.507767
vt 0.191174 0.582792
vt 0.171204 0.718077
vt 0.079769 0.715809
vt 0.085433 0.735554
vt 0.109676 0.776362
vt 0.105693 0.710552
vt 0.123573 0.828369
vt 0.124397 0.745458
vt 0.138497 0.777077
vt 0.143786 0.711497
vt 0.163539 0.737492
vt 0.169593 0.718038
vt 0.165150 0.737532
vt 0.171204 0.718077
vt 0.133208 0.842656
vt 0.122749 0.911280
vt 0.113659 0.842171
vt 0.091097 0.755300
vt 0.124360 0.911320
vt 0.134819 0.842696
vt 0.157485 0.756947
vt 0.159096 0.756987
vt 0.062498 0.579599
vt 0.068440 0.676318
vt 0.097728 0.578933
vt 0.098378 0.513541
vt 0.126046 0.579636
vt 0.126696 0.514244
vt 0.154364 0.580338
vt 0.155014 0.514946
vt 0.181701 0.679128
vt 0.189563 0.582752
vt 0.183312 0.679168
vt 0.191174 0.582792
vt 0.113659 0.842171
vt 0.091097 0.755300
vt 0.092708 0.755340
vt 0.115270 0.842211
vt 0.122749 0.911280
vt 0.124360 0.911320
vt 0.134819 0.842696
vt 0.159096 0.756987
vt 0.087044 0.735594
vt 0.106607 0.059490
vt 0.159037 0.060791
vt 0.173972 0.270055
vt 0.087520 0.267910
vt 0.178192 0.354298
vt 0.081627 0.351902
vt 0.080016 0.351862
vt 0.085909 0.267870
vt 0.105931 0.059473
vt 0.081380 0.715849
vt 0.171204 0.718077
vt 0.165150 0.737532
vt 0.087044 0.735594
vt 0.085433 0.735554
vt 0.079769 0.715809
vt 0.068440 0.676318
vt 0.062498 0.579599
vt 0.064109 0.579639
vt 0.070052 0.676358
vt 0.158361 0.060774
vt 0.173972 0.270055
vt 0.159037 0.060791
vt 0.172360 0.270015
vt 0.178192 0.354298
vt 0.147253 0.060498
vt 0.176581 0.354258
vt 0.153343 0.269543
vt 0.132160 0.058719
vt 0.154640 0.345841
vt 0.129135 0.268943
vt 0.117040 0.059749
vt 0.128377 0.345190
vt 0.104926 0.268342
vt 0.105931 0.059473
vt 0.102113 0.344538
vt 0.085909 0.267870
vt 0.080016 0.351862
vt 0.180801 0.438501
vt 0.186793 0.510667
vt 0.182412 0.438541
vt 0.185182 0.510627
vt 0.155937 0.422139
vt 0.155475 0.468543
vt 0.127619 0.421437
vt 0.127157 0.467840
vt 0.099301 0.420734
vt 0.098839 0.467138
vt 0.074123 0.435854
vt 0.068311 0.507727
vt 0.068311 0.507727
vt 0.074123 0.435854
vt 0.075734 0.435894
vt 0.069922 0.507767
vt 0.186793 0.510667
vt 0.069922 0.507767
vt 0.081627 0.351902
vt 0.182412 0.438541
vt 0.070052 0.676358
vt 0.069922 0.507767
vt 0.191174 0.582792
vt 0.171204 0.718077
vt 0.308821 0.792276
vt 0.383223 0.918185
vt 0.370773 0.918154
vt 0.355652 0.792391
vt 0.286029 0.639504
vt 0.403192 0.918185
vt 0.345509 0.639651
vt 0.286029 0.494086
vt 0.430763 0.792391
vt 0.415643 0.918154
vt 0.477595 0.792276
vt 0.440907 0.639651
vt 0.500387 0.639505
vt 0.345509 0.494232
vt 0.286029 0.339464
vt 0.440907 0.494232
vt 0.500387 0.494086
vt 0.345509 0.339610
vt 0.308662 0.200294
vt 0.440907 0.339610
vt 0.500387 0.339464
vt 0.355581 0.200410
vt 0.374693 0.065523
vt 0.384968 0.065548
vt 0.430834 0.200410
vt 0.477754 0.200294
vt 0.401448 0.065548
vt 0.411722 0.065523
vt 0.320812 0.802555
vt 0.373550 0.928195
vt 0.351397 0.928195
vt 0.404135 0.802555
vt 0.387362 0.928165
vt 0.309559 0.650002
vt 0.456087 0.802440
vt 0.415388 0.650002
vt 0.309559 0.504763
vt 0.481372 0.649857
vt 0.415388 0.504763
vt 0.309559 0.350330
vt 0.481371 0.504616
vt 0.415388 0.350330
vt 0.320733 0.211300
vt 0.481371 0.350184
vt 0.404214 0.211300
vt 0.353333 0.076604
vt 0.456264 0.211185
vt 0.371614 0.076604
vt 0.383013 0.076579
vt 0.321649 0.790082
vt 0.415715 0.915273
vt 0.399973 0.915242
vt 0.380857 0.790196
vt 0.440961 0.915273
vt 0.292833 0.638182
vt 0.475819 0.790196
vt 0.368032 0.638327
vt 0.292833 0.493593
vt 0.488643 0.638327
vt 0.368032 0.493738
vt 0.292833 0.339853
vt 0.488643 0.493738
vt 0.368032 0.339998
vt 0.321448 0.201477
vt 0.488643 0.339998
vt 0.380767 0.201591
vt 0.404930 0.067474
vt 0.475909 0.201591
vt 0.417921 0.067499
vt 0.438755 0.067499
vt 0.451124 0.166707
vt 0.436204 0.147998
vt 0.441529 0.124668
vt 0.475053 0.166707
vt 0.463088 0.114286
vt 0.489973 0.147998
vt 0.484648 0.124668
vt 0.375106 0.120463
vt 0.361113 0.138009
vt 0.338671 0.138009
vt 0.324679 0.120463
vt 0.370112 0.098583
vt 0.329673 0.098583
vt 0.349892 0.088846
vt 0.079769 0.715809
vt 0.085433 0.735554
vt 0.109676 0.776362
vt 0.105693 0.710552
vt 0.123573 0.828369
vt 0.124397 0.745458
vt 0.138497 0.777077
vt 0.143786 0.711497
vt 0.163539 0.737492
vt 0.169593 0.718038
vt 0.165150 0.737532
vt 0.171204 0.718077
vt 0.133208 0.842656
vt 0.122749 0.911280
vt 0.113659 0.842171
vt 0.091097 0.755300
vt 0.124360 0.911320
vt 0.134819 0.842696
vt 0.157485 0.756947
vt 0.159096 0.756987
vt 0.062498 0.579599
vt 0.068440 0.676318
vt 0.097728 0.578933
vt 0.098378 0.513541
vt 0.126046 0.579636
vt 0.126696 0.514244
vt 0.154364 0.580338
vt 0.155014 0.514946
vt 0.181701 0.679128
vt 0.189563 0.582752
vt 0.183312 0.679168
vt 0.191174 0.582792
vt 0.113659 0.842171
vt 0.091097 0.755300
vt 0.092708 0.755340
vt 0.115270 0.842211
vt 0.122749 0.911280
vt 0.124360 0.911320
vt 0.134819 0.842696
vt 0.159096 0.756987
vt 0.087044 0.735594
vt 0.159037 0.060791
vt 0.173972 0.270055
vt 0.106607 0.059490
vt 0.178192 0.354298
vt 0.087520 0.267910
vt 0.081627 0.351902
vt 0.080016 0.351862
vt 0.085909 0.267870
vt 0.105931 0.059473
vt 0.081380 0.715849
vt 0.171204 0.718077
vt 0.165150 0.737532
vt 0.087044 0.735594
vt 0.085433 0.735554
vt 0.079769 0.715809
vt 0.068440 0.676318
vt 0.062498 0.579599
vt 0.064109 0.579639
vt 0.070052 0.676358
vt 0.158361 0.060774
vt 0.173972 0.270055
vt 0.159037 0.060791
vt 0.172360 0.270015
vt 0.178192 0.354298
vt 0.147253 0.060498
vt 0.176581 0.354258
vt 0.153343 0.269543
vt 0.132160 0.058719
vt 0.154640 0.345841
vt 0.129135 0.268943
vt 0.117040 0.059749
vt 0.128377 0.345190
vt 0.104926 0.268342
vt 0.105931 0.059473
vt 0.102113 0.344538
vt 0.085909 0.267870
vt 0.080016 0.351862
vt 0.180801 0.438501
vt 0.186793 0.510667
vt 0.182412 0.438541
vt 0.185182 0.510627
vt 0.155937 0.422139
vt 0.155475 0.468543
vt 0.127619 0.421437
vt 0.127157 0.467840
vt 0.099301 0.420734
vt 0.098839 0.467138
vt 0.074123 0.435854
vt 0.068311 0.507727
vt 0.068311 0.507727
vt 0.074123 0.435854
vt 0.075734 0.435894
vt 0.069922 0.507767
vt 0.186793 0.510667
vt 0.069922 0.507767
vt 0.081627 0.351902
vt 0.182412 0.438541
vt 0.070052 0.676358
vt 0.069922 0.507767
vt 0.191174 0.582792
vt 0.171204 0.718077
vt 0.103113 0.112162
vt 0.101851 0.802339
vt 0.103106 0.111987
vt 0.101856 0.802584
vt 0.103120 0.112162
vt 0.101964 0.802952
vt 0.103126 0.111987
vt 0.102074 0.802585
vt 0.103128 0.111637
vt 0.102082 0.802338
vt 0.103118 0.111110
vt 0.102082 0.802338
vt 0.103128 0.111637
vt 0.102008 0.802208
vt 0.103106 0.111637
vt 0.101921 0.802203
vt 0.103106 0.111987
vt 0.101851 0.802339
vt 0.101856 0.802584
vt 0.101964 0.802952
vt 0.102074 0.802585
vt 0.079769 0.715809
vt 0.085433 0.735554
vt 0.109676 0.776362
vt 0.105693 0.710552
vt 0.123573 0.828369
vt 0.124397 0.745458
vt 0.138497 0.777077
vt 0.143786 0.711497
vt 0.163539 0.737492
vt 0.169593 0.718038
vt 0.165150 0.737532
vt 0.171204 0.718077
vt 0.133208 0.842656
vt 0.122749 0.911280
vt 0.113659 0.842171
vt 0.091097 0.755300
vt 0.124360 0.911320
vt 0.134819 0.842696
vt 0.157485 0.756947
vt 0.159096 0.756987
vt 0.062498 0.579599
vt 0.068440 0.676318
vt 0.097728 0.578933
vt 0.098378 0.513541
vt 0.126046 0.579636
vt 0.126696 0.514244
vt 0.154364 0.580338
vt 0.155014 0.514946
vt 0.181701 0.679128
vt 0.189563 0.582752
vt 0.183312 0.679168
vt 0.191174 0.582792
vt 0.113659 0.842171
vt 0.091097 0.755300
vt 0.092708 0.755340
vt 0.115270 0.842211
vt 0.122749 0.911280
vt 0.124360 0.911320
vt 0.134819 0.842696
vt 0.159096 0.756987
vt 0.087044 0.735594
vt 0.106607 0.059490
vt 0.159037 0.060791
vt 0.173972 0.270055
vt 0.087520 0.267910
vt 0.178192 0.354298
vt 0.081627 0.351902
vt 0.080016 0.351862
vt 0.085909 0.267870
vt 0.105931 0.059473
vt 0.081380 0.715849
vt 0.171204 0.718077
vt 0.165150 0.737532
vt 0.087044 0.735594
vt 0.085433 0.735554
vt 0.079769 0.715809
vt 0.068440 0.676318
vt 0.062498 0.579599
vt 0.064109 0.579639
vt 0.070052 0.676358
vt 0.158361 0.060774
vt 0.173972 0.270055
vt 0.159037 0.060791
vt 0.172360 0.270015
vt 0.178192 0.354298
vt 0.147253 0.060498
vt 0.176581 0.354258
vt 0.153343 0.269543
vt 0.132160 0.058719
vt 0.154640 0.345841
vt 0.129135 0.268943
vt 0.117040 0.059749
vt 0.128377 0.345190
vt 0.104926 0.268342
vt 0.105931 0.059473
vt 0.102113 0.344538
vt 0.085909 0.267870
vt 0.080016 0.351862
vt 0.180801 0.438501
vt 0.186793 0.510667
vt 0.182412 0.438541
vt 0.185182 0.510627
vt 0.155937 0.422139
vt 0.155475 0.468543
vt 0.127619 0.421437
vt 0.127157 0.467840
vt 0.099301 0.420734
vt 0.098839 0.467138
vt 0.074123 0.435854
vt 0.068311 0.507727
vt 0.068311 0.507727
vt 0.074123 0.435854
vt 0.075734 0.435894
vt 0.069922 0.507767
vt 0.186793 0.510667
vt 0.069922 0.507767
vt 0.081627 0.351902
vt 0.182412 0.438541
vt 0.070052 0.676358
vt 0.069922 0.507767
vt 0.191174 0.582792
vt 0.171204 0.718077
vt 0.079769 0.715809
vt 0.085433 0.735554
vt 0.109676 0.776362
vt 0.105693 0.710552
vt 0.123573 0.828369
vt 0.124397 0.745458
vt 0.138497 0.777077
vt 0.143786 0.711497
vt 0.163539 0.737492
vt 0.169593 0.718038
vt 0.165150 0.737532
vt 0.171204 0.718077
vt 0.133208 0.842656
vt 0.122749 0.911280
vt 0.113659 0.842171
vt 0.091097 0.755300
vt 0.124360 0.911320
vt 0.134819 0.842696
vt 0.157485 0.756947
vt 0.159096 0.756987
vt 0.062498 0.579599
vt 0.068440 0.676318
vt 0.097728 0.578933
vt 0.098378 0.513541
vt 0.126046 0.579636
vt 0.126696 0.514244
vt 0.154364 0.580338
vt 0.155014 0.514946
vt 0.181701 0.679128
vt 0.189563 0.582752
vt 0.183312 0.679168
vt 0.191174 0.582792
vt 0.113659 0.842171
vt 0.091097 0.755300
vt 0.092708 0.755340
vt 0.115270 0.842211
vt 0.122749 0.911280
vt 0.124360 0.911320
vt 0.134819 0.842696
vt 0.159096 0.756987
vt 0.087044 0.735594
vt 0.106607 0.059490
vt 0.159037 0.060791
vt 0.173972 0.270055
vt 0.087520 0.267910
vt 0.178192 0.354298
vt 0.081627 0.351902
vt 0.080016 0.351862
vt 0.085909 0.267870
vt 0.105931 0.059473
vt 0.081380 0.715849
vt 0.171204 0.718077
vt 0.165150 0.737532
vt 0.087044 0.735594
vt 0.085433 0.735554
vt 0.079769 0.715809
vt 0.068440 0.676318
vt 0.062498 0.579599
vt 0.064109 0.579639
vt 0.070052 0.676358
vt 0.158361 0.060774
vt 0.173972 0.270055
vt 0.159037 0.060791
vt 0.172360 0.270015
vt 0.178192 0.354298
vt 0.147253 0.060498
vt 0.176581 0.354258
vt 0.153343 0.269543
vt 0.132160 0.058719
vt 0.154640 0.345841
vt 0.129135 0.268943
vt 0.117040 0.059749
vt 0.128377 0.345190
vt 0.104926 0.268342
vt 0.105931 0.059473
vt 0.102113 0.344538
vt 0.085909 0.267870
vt 0.080016 0.351862
vt 0.180801 0.438501
vt 0.186793 0.510667
vt 0.182412 0.438541
vt 0.185182 0.510627
vt 0.155937 0.422139
vt 0.155475 0.468543
vt 0.127619 0.421437
vt 0.127157 0.467840
vt 0.099301 0.420734
vt 0.098839 0.467138
vt 0.074123 0.435854
vt 0.068311 0.507727
vt 0.068311 0.507727
vt 0.074123 0.435854
vt 0.075734 0.435894
vt 0.069922 0.507767
vt 0.186793 0.510667
vt 0.069922 0.507767
vt 0.081627 0.351902
vt 0.182412 0.438541
vt 0.070052 0.676358
vt 0.069922 0.507767
vt 0.191174 0.582792
vt 0.171204 0.718077
vt 0.079769 0.715809
vt 0.085433 0.735554
vt 0.109676 0.776362
vt 0.105693 0.710552
vt 0.123573 0.828369
vt 0.124397 0.745458
vt 0.138497 0.777077
vt 0.143786 0.711497
vt 0.163539 0.737492
vt 0.169593 0.718038
vt 0.165150 0.737532
vt 0.171204 0.718077
vt 0.133208 0.842656
vt 0.122749 0.911280
vt 0.113659 0.842171
vt 0.091097 0.755300
vt 0.124360 0.911320
vt 0.134819 0.842696
vt 0.157485 0.756947
vt 0.159096 0.756987
vt 0.062498 0.579599
vt 0.068440 0.676318
vt 0.097728 0.578933
vt 0.098378 0.513541
vt 0.126046 0.579636
vt 0.126696 0.514244
vt 0.154364 0.580338
vt 0.155014 0.514946
vt 0.181701 0.679128
vt 0.189563 0.582752
vt 0.183312 0.679168
vt 0.191174 0.582792
vt 0.113659 0.842171
vt 0.091097 0.755300
vt 0.092708 0.755340
vt 0.115270 0.842211
vt 0.122749 0.911280
vt 0.124360 0.911320
vt 0.134819 0.842696
vt 0.087044 0.735594
vt 0.159096 0.756987
vt 0.159037 0.060791
vt 0.173972 0.270055
vt 0.178192 0.354298
vt 0.081627 0.351902
vt 0.106607 0.059490
vt 0.087520 0.267910
vt 0.080016 0.351862
vt 0.085909 0.267870
vt 0.105931 0.059473
vt 0.081380 0.715849
vt 0.171204 0.718077
vt 0.165150 0.737532
vt 0.087044 0.735594
vt 0.085433 0.735554
vt 0.079769 0.715809
vt 0.068440 0.676318
vt 0.062498 0.579599
vt 0.064109 0.579639
vt 0.070052 0.676358
vt 0.158361 0.060774
vt 0.173972 0.270055
vt 0.159037 0.060791
vt 0.172360 0.270015
vt 0.178192 0.354298
vt 0.147253 0.060498
vt 0.176581 0.354258
vt 0.153343 0.269543
vt 0.132160 0.058719
vt 0.154640 0.345841
vt 0.129135 0.268943
vt 0.117040 0.059749
vt 0.128377 0.345190
vt 0.104926 0.268342
vt 0.105931 0.059473
vt 0.102113 0.344538
vt 0.085909 0.267870
vt 0.080016 0.351862
vt 0.180801 0.438501
vt 0.186793 0.510667
vt 0.182412 0.438541
vt 0.185182 0.510627
vt 0.155937 0.422139
vt 0.155475 0.468543
vt 0.127619 0.421437
vt 0.127157 0.467840
vt 0.099301 0.420734
vt 0.098839 0.467138
vt 0.074123 0.435854
vt 0.068311 0.507727
vt 0.068311 0.507727
vt 0.074123 0.435854
vt 0.075734 0.435894
vt 0.069922 0.507767
vt 0.186793 0.510667
vt 0.069922 0.507767
vt 0.081627 0.351902
vt 0.182412 0.438541
vt 0.070052 0.676358
vt 0.069922 0.507767
vt 0.191174 0.582792
vt 0.171204 0.718077
vt 0.079769 0.715809
vt 0.085433 0.735554
vt 0.109676 0.776362
vt 0.105693 0.710552
vt 0.123573 0.828369
vt 0.124397 0.745458
vt 0.138497 0.777077
vt 0.143786 0.711497
vt 0.163539 0.737492
vt 0.169593 0.718038
vt 0.165150 0.737532
vt 0.171204 0.718077
vt 0.133208 0.842656
vt 0.122749 0.911280
vt 0.113659 0.842171
vt 0.091097 0.755300
vt 0.124360 0.911320
vt 0.134819 0.842696
vt 0.157485 0.756947
vt 0.159096 0.756987
vt 0.062498 0.579599
vt 0.068440 0.676318
vt 0.097728 0.578933
vt 0.098378 0.513541
vt 0.126046 0.579636
vt 0.126696 0.514244
vt 0.154364 0.580338
vt 0.155014 0.514946
vt 0.181701 0.679128
vt 0.189563 0.582752
vt 0.183312 0.679168
vt 0.191174 0.582792
vt 0.113659 0.842171
vt 0.091097 0.755300
vt 0.092708 0.755340
vt 0.115270 0.842211
vt 0.122749 0.911280
vt 0.124360 0.911320
vt 0.134819 0.842696
vt 0.087044 0.735594
vt 0.159096 0.756987
vt 0.173972 0.270055
vt 0.178192 0.354298
vt 0.081627 0.351902
vt 0.159037 0.060791
vt 0.087520 0.267910
vt 0.106607 0.059490
vt 0.080016 0.351862
vt 0.085909 0.267870
vt 0.105931 0.059473
vt 0.186793 0.510667
vt 0.069922 0.507767
vt 0.182412 0.438541
vt 0.081380 0.715849
vt 0.171204 0.718077
vt 0.165150 0.737532
vt 0.087044 0.735594
vt 0.085433 0.735554
vt 0.079769 0.715809
vt 0.068440 0.676318
vt 0.062498 0.579599
vt 0.064109 0.579639
vt 0.070052 0.676358
vt 0.158361 0.060774
vt 0.173972 0.270055
vt 0.159037 0.060791
vt 0.172360 0.270015
vt 0.178192 0.354298
vt 0.147253 0.060498
vt 0.176581 0.354258
vt 0.153343 0.269543
vt 0.132160 0.058719
vt 0.154640 0.345841
vt 0.129135 0.268943
vt 0.117040 0.059749
vt 0.128377 0.345190
vt 0.104926 0.268342
vt 0.105931 0.059473
vt 0.102113 0.344538
vt 0.085909 0.267870
vt 0.080016 0.351862
vt 0.180801 0.438501
vt 0.186793 0.510667
vt 0.182412 0.438541
vt 0.185182 0.510627
vt 0.155937 0.422139
vt 0.155475 0.468543
vt 0.127619 0.421437
vt 0.127157 0.467840
vt 0.099301 0.420734
vt 0.098839 0.467138
vt 0.074123 0.435854
vt 0.068311 0.507727
vt 0.068311 0.507727
vt 0.074123 0.435854
vt 0.075734 0.435894
vt 0.069922 0.507767
vt 0.070052 0.676358
vt 0.069922 0.507767
vt 0.191174 0.582792
vt 0.171204 0.718077
vt 0.079769 0.715809
vt 0.085433 0.735554
vt 0.109676 0.776362
vt 0.105693 0.710552
vt 0.123573 0.828369
vt 0.124397 0.745458
vt 0.138497 0.777077
vt 0.143786 0.711497
vt 0.163539 0.737492
vt 0.169593 0.718038
vt 0.165150 0.737532
vt 0.171204 0.718077
vt 0.133208 0.842656
vt 0.122749 0.911280
vt 0.113659 0.842171
vt 0.091097 0.755300
vt 0.124360 0.911320
vt 0.134819 0.842696
vt 0.157485 0.756947
vt 0.159096 0.756987
vt 0.062498 0.579599
vt 0.068440 0.676318
vt 0.097728 0.578933
vt 0.098378 0.513541
vt 0.126046 0.579636
vt 0.126696 0.514244
vt 0.154364 0.580338
vt 0.155014 0.514946
vt 0.181701 0.679128
vt 0.189563 0.582752
vt 0.183312 0.679168
vt 0.191174 0.582792
vt 0.113659 0.842171
vt 0.091097 0.755300
vt 0.092708 0.755340
vt 0.115270 0.842211
vt 0.122749 0.911280
vt 0.124360 0.911320
vt 0.134819 0.842696
vt 0.087044 0.735594
vt 0.159096 0.756987
vt 0.106607 0.059490
vt 0.159037 0.060791
vt 0.173972 0.270055
vt 0.087520 0.267910
vt 0.178192 0.354298
vt 0.081627 0.351902
vt 0.080016 0.351862
vt 0.085909 0.267870
vt 0.105931 0.059473
vt 0.081380 0.715849
vt 0.171204 0.718077
vt 0.165150 0.737532
vt 0.087044 0.735594
vt 0.085433 0.735554
vt 0.079769 0.715809
vt 0.068440 0.676318
vt 0.062498 0.579599
vt 0.064109 0.579639
vt 0.070052 0.676358
vt 0.158361 0.060774
vt 0.173972 0.270055
vt 0.159037 0.060791
vt 0.172360 0.270015
vt 0.178192 0.354298
vt 0.147253 0.060498
vt 0.176581 0.354258
vt 0.153343 0.269543
vt 0.132160 0.058719
vt 0.154640 0.345841
vt 0.129135 0.268943
vt 0.117040 0.059749
vt 0.128377 0.345190
vt 0.104926 0.268342
vt 0.105931 0.059473
vt 0.102113 0.344538
vt 0.085909 0.267870
vt 0.080016 0.351862
vt 0.180801 0.438501
vt 0.186793 0.510667
vt 0.182412 0.438541
vt 0.185182 0.510627
vt 0.155937 0.422139
vt 0.155475 0.468543
vt 0.127619 0.421437
vt 0.127157 0.467840
vt 0.099301 0.420734
vt 0.098839 0.467138
vt 0.074123 0.435854
vt 0.068311 0.507727
vt 0.068311 0.507727
vt 0.074123 0.435854
vt 0.075734 0.435894
vt 0.069922 0.507767
vt 0.186793 0.510667
vt 0.069922 0.507767
vt 0.081627 0.351902
vt 0.182412 0.438541
vt 0.070052 0.676358
vt 0.069922 0.507767
vt 0.191174 0.582792
vt 0.171204 0.718077
vt 0.079769 0.715809
vt 0.085433 0.735554
vt 0.109676 0.776362
vt 0.105693 0.710552
vt 0.123573 0.828369
vt 0.124397 0.745458
vt 0.138497 0.777077
vt 0.143786 0.711497
vt 0.163539 0.737492
vt 0.169593 0.718038
vt 0.165150 0.737532
vt 0.171204 0.718077
vt 0.133208 0.842656
vt 0.122749 0.911280
vt 0.113659 0.842171
vt 0.091097 0.755300
vt 0.124360 0.911320
vt 0.134819 0.842696
vt 0.157485 0.756947
vt 0.159096 0.756987
vt 0.062498 0.579599
vt 0.068440 0.676318
vt 0.097728 0.578933
vt 0.098378 0.513541
vt 0.126046 0.579636
vt 0.126696 0.514244
vt 0.154364 0.580338
vt 0.155014 0.514946
vt 0.181701 0.679128
vt 0.189563 0.582752
vt 0.183312 0.679168
vt 0.191174 0.582792
vt 0.113659 0.842171
vt 0.091097 0.755300
vt 0.092708 0.755340
vt 0.115270 0.842211
vt 0.122749 0.911280
vt 0.124360 0.911320
vt 0.134819 0.842696
vt 0.087044 0.735594
vt 0.159096 0.756987
vt 0.173972 0.270055
vt 0.178192 0.354298
vt 0.081627 0.351902
vt 0.087520 0.267910
vt 0.159037 0.060791
vt 0.080016 0.351862
vt 0.106607 0.059490
vt 0.085909 0.267870
vt 0.105931 0.059473
vt 0.081380 0.715849
vt 0.171204 0.718077
vt 0.165150 0.737532
vt 0.087044 0.735594
vt 0.085433 0.735554
vt 0.079769 0.715809
vt 0.068440 0.676318
vt 0.062498 0.579599
vt 0.064109 0.579639
vt 0.070052 0.676358
vt 0.158361 0.060774
vt 0.173972 0.270055
vt 0.159037 0.060791
vt 0.172360 0.270015
vt 0.178192 0.354298
vt 0.147253 0.060498
vt 0.176581 0.354258
vt 0.153343 0.269543
vt 0.132160 0.058719
vt 0.154640 0.345841
vt 0.129135 0.268943
vt 0.117040 0.059749
vt 0.128377 0.345190
vt 0.104926 0.268342
vt 0.105931 0.059473
vt 0.102113 0.344538
vt 0.085909 0.267870
vt 0.080016 0.351862
vt 0.180801 0.438501
vt 0.186793 0.510667
vt 0.182412 0.438541
vt 0.185182 0.510627
vt 0.155937 0.422139
vt 0.155475 0.468543
vt 0.127619 0.421437
vt 0.127157 0.467840
vt 0.099301 0.420734
vt 0.098839 0.467138
vt 0.074123 0.435854
vt 0.068311 0.507727
vt 0.068311 0.507727
vt 0.074123 0.435854
vt 0.075734 0.435894
vt 0.069922 0.507767
vt 0.186793 0.510667
vt 0.069922 0.507767
vt 0.081627 0.351902
vt 0.182412 0.438541
vt 0.070052 0.676358
vt 0.069922 0.507767
vt 0.191174 0.582792
vt 0.171204 0.718077
vt 0.079769 0.715809
vt 0.085433 0.735554
vt 0.109676 0.776362
vt 0.105693 0.710552
vt 0.123573 0.828369
vt 0.124397 0.745458
vt 0.138497 0.777077
vt 0.143786 0.711497
vt 0.163539 0.737492
vt 0.169593 0.718038
vt 0.165150 0.737532
vt 0.171204 0.718077
vt 0.133208 0.842656
vt 0.122749 0.911280
vt 0.113659 0.842171
vt 0.091097 0.755300
vt 0.124360 0.911320
vt 0.134819 0.842696
vt 0.157485 0.756947
vt 0.159096 0.756987
vt 0.062498 0.579599
vt 0.068440 0.676318
vt 0.097728 0.578933
vt 0.098378 0.513541
vt 0.126046 0.579636
vt 0.126696 0.514244
vt 0.154364 0.580338
vt 0.155014 0.514946
vt 0.181701 0.679128
vt 0.189563 0.582752
vt 0.183312 0.679168
vt 0.191174 0.582792
vt 0.113659 0.842171
vt 0.091097 0.755300
vt 0.092708 0.755340
vt 0.115270 0.842211
vt 0.122749 0.911280
vt 0.124360 0.911320
vt 0.134819 0.842696
vt 0.087044 0.735594
vt 0.159096 0.756987
vt 0.173972 0.270055
vt 0.178192 0.354298
vt 0.081627 0.351902
vt 0.159037 0.060791
vt 0.087520 0.267910
vt 0.106607 0.059490
vt 0.080016 0.351862
vt 0.085909 0.267870
vt 0.105931 0.059473
vt 0.186793 0.510667
vt 0.069922 0.507767
vt 0.182412 0.438541
vt 0.081380 0.715849
vt 0.171204 0.718077
vt 0.165150 0.737532
vt 0.087044 0.735594
vt 0.085433 0.735554
vt 0.079769 0.715809
vt 0.068440 0.676318
vt 0.062498 0.579599
vt 0.064109 0.579639
vt 0.070052 0.676358
vt 0.158361 0.060774
vt 0.173972 0.270055
vt 0.159037 0.060791
vt 0.172360 0.270015
vt 0.178192 0.354298
vt 0.147253 0.060498
vt 0.176581 0.354258
vt 0.153343 0.269543
vt 0.132160 0.058719
vt 0.154640 0.345841
vt 0.129135 0.268943
vt 0.117040 0.059749
vt 0.128377 0.345190
vt 0.104926 0.268342
vt 0.105931 0.059473
vt 0.102113 0.344538
vt 0.085909 0.267870
vt 0.080016 0.351862
vt 0.180801 0.438501
vt 0.186793 0.510667
vt 0.182412 0.438541
vt 0.185182 0.510627
vt 0.155937 0.422139
vt 0.155475 0.468543
vt 0.127619 0.421437
vt 0.127157 0.467840
vt 0.099301 0.420734
vt 0.098839 0.467138
vt 0.074123 0.435854
vt 0.068311 0.507727
vt 0.068311 0.507727
vt 0.074123 0.435854
vt 0.075734 0.435894
vt 0.069922 0.507767
vt 0.070052 0.676358
vt 0.069922 0.507767
vt 0.191174 0.582792
vt 0.171204 0.718077
vt 0.079769 0.715809
vt 0.085433 0.735554
vt 0.109676 0.776362
vt 0.105693 0.710552
vt 0.123573 0.828369
vt 0.124397 0.745458
vt 0.138497 0.777077
vt 0.143786 0.711497
vt 0.163539 0.737492
vt 0.169593 0.718038
vt 0.165150 0.737532
vt 0.171204 0.718077
vt 0.133208 0.842656
vt 0.122749 0.911280
vt 0.113659 0.842171
vt 0.091097 0.755300
vt 0.124360 0.911320
vt 0.134819 0.842696
vt 0.157485 0.756947
vt 0.159096 0.756987
vt 0.062498 0.579599
vt 0.068440 0.676318
vt 0.097728 0.578933
vt 0.098378 0.513541
vt 0.126046 0.579636
vt 0.126696 0.514244
vt 0.154364 0.580338
vt 0.155014 0.514946
vt 0.181701 0.679128
vt 0.189563 0.582752
vt 0.183312 0.679168
vt 0.191174 0.582792
vt 0.113659 0.842171
vt 0.091097 0.755300
vt 0.092708 0.755340
vt 0.115270 0.842211
vt 0.122749 0.911280
vt 0.124360 0.911320
vt 0.134819 0.842696
vt 0.087044 0.735594
vt 0.159096 0.756987
vt 0.106607 0.059490
vt 0.159037 0.060791
vt 0.173972 0.270055
vt 0.087520 0.267910
vt 0.178192 0.354298
vt 0.081627 0.351902
vt 0.080016 0.351862
vt 0.085909 0.267870
vt 0.105931 0.059473
vt 0.081380 0.715849
vt 0.171204 0.718077
vt 0.165150 0.737532
vt 0.087044 0.735594
vt 0.085433 0.735554
vt 0.079769 0.715809
vt 0.068440 0.676318
vt 0.062498 0.579599
vt 0.064109 0.579639
vt 0.070052 0.676358
vt 0.158361 0.060774
vt 0.173972 0.270055
vt 0.159037 0.060791
vt 0.172360 0.270015
vt 0.178192 0.354298
vt 0.147253 0.060498
vt 0.176581 0.354258
vt 0.153343 0.269543
vt 0.132160 0.058719
vt 0.154640 0.345841
vt 0.129135 0.268943
vt 0.117040 0.059749
vt 0.128377 0.345190
vt 0.104926 0.268342
vt 0.105931 0.059473
vt 0.102113 0.344538
vt 0.085909 0.267870
vt 0.080016 0.351862
vt 0.180801 0.438501
vt 0.186793 0.510667
vt 0.182412 0.438541
vt 0.185182 0.510627
vt 0.155937 0.422139
vt 0.155475 0.468543
vt 0.127619 0.421437
vt 0.127157 0.467840
vt 0.099301 0.420734
vt 0.098839 0.467138
vt 0.074123 0.435854
vt 0.068311 0.507727
vt 0.068311 0.507727
vt 0.074123 0.435854
vt 0.075734 0.435894
vt 0.069922 0.507767
vt 0.186793 0.510667
vt 0.069922 0.507767
vt 0.081627 0.351902
vt 0.182412 0.438541
vt 0.070052 0.676358
vt 0.069922 0.507767
vt 0.191174 0.582792
vt 0.171204 0.718077
vt 0.079769 0.715809
vt 0.085433 0.735554
vt 0.109676 0.776362
vt 0.105693 0.710552
vt 0.123573 0.828369
vt 0.124397 0.745458
vt 0.138497 0.777077
vt 0.143786 0.711497
vt 0.163539 0.737492
vt 0.169593 0.718038
vt 0.165150 0.737532
vt 0.171204 0.718077
vt 0.133208 0.842656
vt 0.122749 0.911280
vt 0.113659 0.842171
vt 0.091097 0.755300
vt 0.124360 0.911320
vt 0.134819 0.842696
vt 0.157485 0.756947
vt 0.159096 0.756987
vt 0.062498 0.579599
vt 0.068440 0.676318
vt 0.097728 0.578933
vt 0.098378 0.513541
vt 0.126046 0.579636
vt 0.126696 0.514244
vt 0.154364 0.580338
vt 0.155014 0.514946
vt 0.181701 0.679128
vt 0.189563 0.582752
vt 0.183312 0.679168
vt 0.191174 0.582792
vt 0.113659 0.842171
vt 0.091097 0.755300
vt 0.092708 0.755340
vt 0.115270 0.842211
vt 0.122749 0.911280
vt 0.124360 0.911320
vt 0.134819 0.842696
vt 0.087044 0.735594
vt 0.159096 0.756987
vt 0.173972 0.270055
vt 0.178192 0.354298
vt 0.081627 0.351902
vt 0.087520 0.267910
vt 0.159037 0.060791
vt 0.080016 0.351862
vt 0.106607 0.059490
vt 0.085909 0.267870
vt 0.105931 0.059473
vt 0.081380 0.715849
vt 0.171204 0.718077
vt 0.165150 0.737532
vt 0.087044 0.735594
vt 0.085433 0.735554
vt 0.079769 0.715809
vt 0.068440 0.676318
vt 0.062498 0.579599
vt 0.064109 0.579639
vt 0.070052 0.676358
vt 0.158361 0.060774
vt 0.173972 0.270055
vt 0.159037 0.060791
vt 0.172360 0.270015
vt 0.178192 0.354298
vt 0.147253 0.060498
vt 0.176581 0.354258
vt 0.153343 0.269543
vt 0.132160 0.058719
vt 0.154640 0.345841
vt 0.129135 0.268943
vt 0.117040 0.059749
vt 0.128377 0.345190
vt 0.104926 0.268342
vt 0.105931 0.059473
vt 0.102113 0.344538
vt 0.085909 0.267870
vt 0.080016 0.351862
vt 0.180801 0.438501
vt 0.186793 0.510667
vt 0.182412 0.438541
vt 0.185182 0.510627
vt 0.155937 0.422139
vt 0.155475 0.468543
vt 0.127619 0.421437
vt 0.127157 0.467840
vt 0.099301 0.420734
vt 0.098839 0.467138
vt 0.074123 0.435854
vt 0.068311 0.507727
vt 0.068311 0.507727
vt 0.074123 0.435854
vt 0.075734 0.435894
vt 0.069922 0.507767
vt 0.186793 0.510667
vt 0.069922 0.507767
vt 0.081627 0.351902
vt 0.182412 0.438541
vt 0.070052 0.676358
vt 0.069922 0.507767
vt 0.191174 0.582792
vt 0.171204 0.718077
vt 0.308821 0.792276
vt 0.383223 0.918185
vt 0.370773 0.918154
vt 0.355652 0.792391
vt 0.286029 0.639504
vt 0.403192 0.918185
vt 0.345509 0.639651
vt 0.286029 0.494086
vt 0.430763 0.792391
vt 0.415643 0.918154
vt 0.477595 0.792276
vt 0.440907 0.639651
vt 0.500387 0.639505
vt 0.345509 0.494232
vt 0.286029 0.339464
vt 0.440907 0.494232
vt 0.500387 0.494086
vt 0.345509 0.339610
vt 0.308662 0.200294
vt 0.440907 0.339610
vt 0.500387 0.339464
vt 0.355581 0.200410
vt 0.374693 0.065523
vt 0.384968 0.065548
vt 0.430834 0.200410
vt 0.477754 0.200294
vt 0.401448 0.065548
vt 0.411722 0.065523
vt 0.320812 0.802555
vt 0.373550 0.928195
vt 0.351397 0.928195
vt 0.404135 0.802555
vt 0.387362 0.928165
vt 0.309559 0.650002
vt 0.456087 0.802440
vt 0.415388 0.650002
vt 0.309559 0.504763
vt 0.481372 0.649857
vt 0.415388 0.504763
vt 0.309559 0.350330
vt 0.481371 0.504616
vt 0.415388 0.350330
vt 0.320733 0.211300
vt 0.481371 0.350184
vt 0.404214 0.211300
vt 0.353333 0.076604
vt 0.456264 0.211185
vt 0.371614 0.076604
vt 0.383013 0.076579
vt 0.321649 0.790082
vt 0.415715 0.915273
vt 0.399973 0.915242
vt 0.380857 0.790196
vt 0.440961 0.915273
vt 0.292833 0.638182
vt 0.475819 0.790196
vt 0.368032 0.638327
vt 0.292833 0.493593
vt 0.488643 0.638327
vt 0.368032 0.493738
vt 0.292833 0.339853
vt 0.488643 0.493738
vt 0.368032 0.339998
vt 0.321448 0.201477
vt 0.488643 0.339998
vt 0.380767 0.201591
vt 0.404930 0.067474
vt 0.475909 0.201591
vt 0.417921 0.067499
vt 0.438755 0.067499
vt 0.475053 0.166707
vt 0.451124 0.166707
vt 0.436204 0.147998
vt 0.441529 0.124668
vt 0.489973 0.147998
vt 0.463088 0.114286
vt 0.484648 0.124668
vt 0.361113 0.138009
vt 0.338671 0.138009
vt 0.324679 0.120463
vt 0.375106 0.120463
vt 0.329673 0.098583
vt 0.370112 0.098583
vt 0.349892 0.088846
vt 0.079769 0.715809
vt 0.085433 0.735554
vt 0.109676 0.776362
vt 0.105693 0.710552
vt 0.123573 0.828369
vt 0.124397 0.745458
vt 0.138497 0.777077
vt 0.143786 0.711497
vt 0.163539 0.737492
vt 0.169593 0.718038
vt 0.165150 0.737532
vt 0.171204 0.718077
vt 0.133208 0.842656
vt 0.122749 0.911280
vt 0.113659 0.842171
vt 0.091097 0.755300
vt 0.124360 0.911320
vt 0.134819 0.842696
vt 0.157485 0.756947
vt 0.159096 0.756987
vt 0.062498 0.579599
vt 0.068440 0.676318
vt 0.097728 0.578933
vt 0.098378 0.513541
vt 0.126046 0.579636
vt 0.126696 0.514244
vt 0.154364 0.580338
vt 0.155014 0.514946
vt 0.181701 0.679128
vt 0.189563 0.582752
vt 0.183312 0.679168
vt 0.191174 0.582792
vt 0.113659 0.842171
vt 0.091097 0.755300
vt 0.092708 0.755340
vt 0.115270 0.842211
vt 0.122749 0.911280
vt 0.124360 0.911320
vt 0.134819 0.842696
vt 0.159096 0.756987
vt 0.087044 0.735594
vt 0.106607 0.059490
vt 0.159037 0.060791
vt 0.173972 0.270055
vt 0.087520 0.267910
vt 0.178192 0.354298
vt 0.081627 0.351902
vt 0.080016 0.351862
vt 0.085909 0.267870
vt 0.105931 0.059473
vt 0.081380 0.715849
vt 0.171204 0.718077
vt 0.165150 0.737532
vt 0.087044 0.735594
vt 0.085433 0.735554
vt 0.079769 0.715809
vt 0.068440 0.676318
vt 0.062498 0.579599
vt 0.064109 0.579639
vt 0.070052 0.676358
vt 0.158361 0.060774
vt 0.173972 0.270055
vt 0.159037 0.060791
vt 0.172360 0.270015
vt 0.178192 0.354298
vt 0.147253 0.060498
vt 0.176581 0.354258
vt 0.153343 0.269543
vt 0.132160 0.058719
vt 0.154640 0.345841
vt 0.129135 0.268943
vt 0.117040 0.059749
vt 0.128377 0.345190
vt 0.104926 0.268342
vt 0.105931 0.059473
vt 0.102113 0.344538
vt 0.085909 0.267870
vt 0.080016 0.351862
vt 0.180801 0.438501
vt 0.186793 0.510667
vt 0.182412 0.438541
vt 0.185182 0.510627
vt 0.155937 0.422139
vt 0.155475 0.468543
vt 0.127619 0.421437
vt 0.127157 0.467840
vt 0.099301 0.420734
vt 0.098839 0.467138
vt 0.074123 0.435854
vt 0.068311 0.507727
vt 0.068311 0.507727
vt 0.074123 0.435854
vt 0.075734 0.435894
vt 0.069922 0.507767
vt 0.186793 0.510667
vt 0.069922 0.507767
vt 0.081627 0.351902
vt 0.182412 0.438541
vt 0.070052 0.676358
vt 0.069922 0.507767
vt 0.191174 0.582792
vt 0.171204 0.718077
vt 0.079769 0.715809
vt 0.085433 0.735554
vt 0.109676 0.776362
vt 0.105693 0.710552
vt 0.123573 0.828369
vt 0.124397 0.745458
vt 0.138497 0.777077
vt 0.143786 0.711497
vt 0.163539 0.737492
vt 0.169593 0.718038
vt 0.165150 0.737532
vt 0.171204 0.718077
vt 0.133208 0.842656
vt 0.122749 0.911280
vt 0.113659 0.842171
vt 0.091097 0.755300
vt 0.124360 0.911320
vt 0.134819 0.842696
vt 0.157485 0.756947
vt 0.159096 0.756987
vt 0.062498 0.579599
vt 0.068440 0.676318
vt 0.097728 0.578933
vt 0.098378 0.513541
vt 0.126046 0.579636
vt 0.126696 0.514244
vt 0.154364 0.580338
vt 0.155014 0.514946
vt 0.181701 0.679128
vt 0.189563 0.582752
vt 0.183312 0.679168
vt 0.191174 0.582792
vt 0.113659 0.842171
vt 0.091097 0.755300
vt 0.092708 0.755340
vt 0.115270 0.842211
vt 0.122749 0.911280
vt 0.124360 0.911320
vt 0.134819 0.842696
vt 0.159096 0.756987
vt 0.087044 0.735594
vt 0.106607 0.059490
vt 0.159037 0.060791
vt 0.173972 0.270055
vt 0.087520 0.267910
vt 0.178192 0.354298
vt 0.081627 0.351902
vt 0.080016 0.351862
vt 0.085909 0.267870
vt 0.105931 0.059473
vt 0.081380 0.715849
vt 0.171204 0.718077
vt 0.165150 0.737532
vt 0.087044 0.735594
vt 0.085433 0.735554
vt 0.079769 0.715809
vt 0.068440 0.676318
vt 0.062498 0.579599
vt 0.064109 0.579639
vt 0.070052 0.676358
vt 0.158361 0.060774
vt 0.173972 0.270055
vt 0.159037 0.060791
vt 0.172360 0.270015
vt 0.178192 0.354298
vt 0.147253 0.060498
vt 0.176581 0.354258
vt 0.153343 0.269543
vt 0.132160 0.058719
vt 0.154640 0.345841
vt 0.129135 0.268943
vt 0.117040 0.059749
vt 0.128377 0.345190
vt 0.104926 0.268342
vt 0.105931 0.059473
vt 0.102113 0.344538
vt 0.085909 0.267870
vt 0.080016 0.351862
vt 0.180801 0.438501
vt 0.186793 0.510667
vt 0.182412 0.438541
vt 0.185182 0.510627
vt 0.155937 0.422139
vt 0.155475 0.468543
vt 0.127619 0.421437
vt 0.127157 0.467840
vt 0.099301 0.420734
vt 0.098839 0.467138
vt 0.074123 0.435854
vt 0.068311 0.507727
vt 0.068311 0.507727
vt 0.074123 0.435854
vt 0.075734 0.435894
vt 0.069922 0.507767
vt 0.186793 0.510667
vt 0.069922 0.507767
vt 0.081627 0.351902
vt 0.182412 0.438541
vt 0.070052 0.676358
vt 0.069922 0.507767
vt 0.191174 0.582792
vt 0.171204 0.718077
vn -0.974989 0.205443 0.084795
vn -0.773384 0.631300 0.057770
vn -0.292610 0.675910 -0.676406
vn -0.974989 0.205443 0.084795
vn -0.292610 0.675910 -0.676406
vn -0.403632 0.210410 -0.890398
vn -0.993859 0.065283 0.089342
vn -0.974989 0.205443 0.084795
vn -0.403632 0.210410 -0.890398
vn -0.403632 0.210410 -0.890398
vn -0.292610 0.675910 -0.676406
vn 0.407269 0.531161 -0.742967
vn -0.993859 0.065283 0.089342
vn -0.403632 0.210410 -0.890398
vn -0.416364 0.042961 -0.908183
vn -0.995719 0.019018 0.090454
vn -0.993859 0.065283 0.089342
vn -0.416364 0.042961 -0.908183
vn -0.403632 0.210410 -0.890398
vn 0.407269 0.531161 -0.742967
vn 0.474473 0.132542 -0.870235
vn -0.416364 0.042961 -0.908183
vn -0.403632 0.210410 -0.890398
vn 0.474473 0.132542 -0.870235
vn 0.474473 0.132542 -0.870235
vn 0.407269 0.531161 -0.742967
vn 0.751546 0.532997 -0.388706
vn 0.474473 0.132542 -0.870235
vn 0.751546 0.532997 -0.388706
vn 0.882747 0.134720 -0.450120
vn 0.478160 0.012040 -0.878190
vn 0.474473 0.132542 -0.870235
vn 0.882747 0.134720 -0.450120
vn -0.416364 0.042961 -0.908183
vn 0.474473 0.132542 -0.870235
vn 0.478160 0.012040 -0.878190
vn 0.478160 0.012040 -0.878190
vn 0.882747 0.134720 -0.450120
vn 0.891429 0.014245 -0.452936
vn -0.995719 0.019018 0.090454
vn -0.416364 0.042961 -0.908183
vn -0.417942 -0.012666 -0.908386
vn -0.417942 -0.012666 -0.908386
vn -0.416364 0.042961 -0.908183
vn 0.478160 0.012040 -0.878190
vn -0.417942 -0.012666 -0.908386
vn -0.995316 -0.031313 0.091459
vn -0.995719 0.019018 0.090454
vn 0.477855 -0.027338 -0.878013
vn 0.478160 0.012040 -0.878190
vn 0.891429 0.014245 -0.452936
vn -0.417942 -0.012666 -0.908386
vn 0.478160 0.012040 -0.878190
vn 0.477855 -0.027338 -0.878013
vn 0.477855 -0.027338 -0.878013
vn 0.891429 0.014245 -0.452936
vn 0.891448 -0.025131 -0.452427
vn -0.417942 -0.012666 -0.908386
vn -0.418198 -0.073078 -0.905411
vn -0.995316 -0.031313 0.091459
vn 0.477855 -0.027338 -0.878013
vn -0.418198 -0.073078 -0.905411
vn -0.417942 -0.012666 -0.908386
vn -0.418198 -0.073078 -0.905411
vn -0.980672 -0.172164 0.092960
vn -0.995316 -0.031313 0.091459
vn 0.891448 -0.025131 -0.452427
vn 0.476692 -0.070093 -0.876271
vn 0.477855 -0.027338 -0.878013
vn 0.477855 -0.027338 -0.878013
vn 0.476692 -0.070093 -0.876271
vn -0.418198 -0.073078 -0.905411
vn 0.891448 -0.025131 -0.452427
vn 0.889895 -0.067888 -0.451086
vn 0.476692 -0.070093 -0.876271
vn -0.418198 -0.073078 -0.905411
vn -0.410873 -0.239868 -0.879572
vn -0.980672 -0.172164 0.092960
vn 0.476692 -0.070093 -0.876271
vn -0.410873 -0.239868 -0.879572
vn -0.418198 -0.073078 -0.905411
vn -0.410873 -0.239868 -0.879572
vn -0.795029 -0.600626 0.084721
vn -0.980672 -0.172164 0.092960
vn -0.410873 -0.239868 -0.879572
vn -0.316314 -0.693702 -0.647088
vn -0.795029 -0.600626 0.084721
vn 0.889895 -0.067888 -0.451086
vn 0.468678 -0.190016 -0.862691
vn 0.476692 -0.070093 -0.876271
vn 0.476692 -0.070093 -0.876271
vn 0.468678 -0.190016 -0.862691
vn -0.410873 -0.239868 -0.879572
vn 0.468678 -0.190016 -0.862691
vn -0.316314 -0.693702 -0.647088
vn -0.410873 -0.239868 -0.879572
vn 0.889895 -0.067888 -0.451086
vn 0.876712 -0.187840 -0.442823
vn 0.468678 -0.190016 -0.862691
vn 0.468678 -0.190016 -0.862691
vn 0.388529 -0.575993 -0.719220
vn -0.316314 -0.693702 -0.647088
vn 0.876712 -0.187840 -0.442823
vn 0.388529 -0.575993 -0.719220
vn 0.468678 -0.190016 -0.862691
vn 0.876712 -0.187840 -0.442823
vn 0.733010 -0.574155 -0.364749
vn 0.388529 -0.575993 -0.719220
vn 0.882747 0.134720 -0.450120
vn 0.751546 0.532997 -0.388706
vn 0.664251 0.681014 0.308204
vn 0.882747 0.134720 -0.450120
vn 0.664251 0.681014 0.308204
vn 0.877391 0.217243 0.427775
vn 0.877391 0.217243 0.427775
vn 0.664251 0.681014 0.308204
vn -0.083131 0.634982 0.768041
vn 0.891429 0.014245 -0.452936
vn 0.882747 0.134720 -0.450120
vn 0.877391 0.217243 0.427775
vn 0.877391 0.217243 0.427775
vn -0.083131 0.634982 0.768041
vn -0.113702 0.210037 0.971059
vn 0.891429 0.014245 -0.452936
vn 0.877391 0.217243 0.427775
vn 0.895671 0.049960 0.441901
vn 0.895671 0.049960 0.441901
vn 0.877391 0.217243 0.427775
vn -0.113702 0.210037 0.971059
vn 0.891448 -0.025131 -0.452427
vn 0.891429 0.014245 -0.452936
vn 0.895671 0.049960 0.441901
vn 0.895671 0.049960 0.441901
vn -0.113702 0.210037 0.971059
vn -0.118060 0.069954 0.990539
vn 0.891448 -0.025131 -0.452427
vn 0.895671 0.049960 0.441901
vn 0.896117 -0.005656 0.443781
vn 0.896117 -0.005656 0.443781
vn 0.895671 0.049960 0.441901
vn -0.118060 0.069954 0.990539
vn 0.896117 -0.005656 0.443781
vn 0.889895 -0.067888 -0.451086
vn 0.891448 -0.025131 -0.452427
vn 0.896117 -0.005656 0.443781
vn -0.118060 0.069954 0.990539
vn -0.118985 0.023695 0.992613
vn 0.896117 -0.005656 0.443781
vn 0.893450 -0.066081 0.444275
vn 0.889895 -0.067888 -0.451086
vn -0.118985 0.023695 0.992613
vn 0.893450 -0.066081 0.444275
vn 0.896117 -0.005656 0.443781
vn 0.893450 -0.066081 0.444275
vn 0.876712 -0.187840 -0.442823
vn 0.889895 -0.067888 -0.451086
vn -0.118985 0.023695 0.992613
vn -0.119718 -0.026642 0.992450
vn 0.893450 -0.066081 0.444275
vn 0.893450 -0.066081 0.444275
vn 0.868695 -0.233043 0.437104
vn 0.876712 -0.187840 -0.442823
vn -0.119718 -0.026642 0.992450
vn 0.868695 -0.233043 0.437104
vn 0.893450 -0.066081 0.444275
vn 0.868695 -0.233043 0.437104
vn 0.733010 -0.574155 -0.364749
vn 0.876712 -0.187840 -0.442823
vn -0.119718 -0.026642 0.992450
vn -0.120069 -0.167573 0.978521
vn 0.868695 -0.233043 0.437104
vn 0.868695 -0.233043 0.437104
vn 0.641365 -0.688593 0.338364
vn 0.733010 -0.574155 -0.364749
vn -0.120069 -0.167573 0.978521
vn 0.641365 -0.688593 0.338364
vn 0.868695 -0.233043 0.437104
vn -0.120069 -0.167573 0.978521
vn -0.104306 -0.596941 0.795476
vn 0.641365 -0.688593 0.338364
vn -0.113702 0.210037 0.971059
vn -0.083131 0.634982 0.768041
vn -0.598034 0.554906 0.578303
vn -0.113702 0.210037 0.971059
vn -0.598034 0.554906 0.578303
vn -0.706164 0.177878 0.685340
vn -0.706164 0.177878 0.685340
vn -0.598034 0.554906 0.578303
vn -0.773384 0.631300 0.057770
vn -0.118060 0.069954 0.990539
vn -0.113702 0.210037 0.971059
vn -0.706164 0.177878 0.685340
vn -0.706164 0.177878 0.685340
vn -0.773384 0.631300 0.057770
vn -0.974989 0.205443 0.084795
vn -0.118060 0.069954 0.990539
vn -0.706164 0.177878 0.685340
vn -0.715810 0.064588 0.695302
vn -0.715810 0.064588 0.695302
vn -0.706164 0.177878 0.685340
vn -0.974989 0.205443 0.084795
vn -0.118985 0.023695 0.992613
vn -0.118060 0.069954 0.990539
vn -0.715810 0.064588 0.695302
vn -0.715810 0.064588 0.695302
vn -0.974989 0.205443 0.084795
vn -0.993859 0.065283 0.089342
vn -0.118985 0.023695 0.992613
vn -0.715810 0.064588 0.695302
vn -0.716941 0.027472 0.696593
vn -0.716941 0.027472 0.696593
vn -0.715810 0.064588 0.695302
vn -0.993859 0.065283 0.089342
vn -0.716941 0.027472 0.696593
vn -0.119718 -0.026642 0.992450
vn -0.118985 0.023695 0.992613
vn -0.716941 0.027472 0.696593
vn -0.993859 0.065283 0.089342
vn -0.995719 0.019018 0.090454
vn -0.716941 0.027472 0.696593
vn -0.717047 -0.012916 0.696905
vn -0.119718 -0.026642 0.992450
vn -0.995719 0.019018 0.090454
vn -0.717047 -0.012916 0.696905
vn -0.716941 0.027472 0.696593
vn -0.717047 -0.012916 0.696905
vn -0.120069 -0.167573 0.978521
vn -0.119718 -0.026642 0.992450
vn -0.995719 0.019018 0.090454
vn -0.995316 -0.031313 0.091459
vn -0.717047 -0.012916 0.696905
vn -0.717047 -0.012916 0.696905
vn -0.711013 -0.126906 0.691632
vn -0.120069 -0.167573 0.978521
vn -0.995316 -0.031313 0.091459
vn -0.711013 -0.126906 0.691632
vn -0.717047 -0.012916 0.696905
vn -0.711013 -0.126906 0.691632
vn -0.104306 -0.596941 0.795476
vn -0.120069 -0.167573 0.978521
vn -0.995316 -0.031313 0.091459
vn -0.980672 -0.172164 0.092960
vn -0.711013 -0.126906 0.691632
vn -0.711013 -0.126906 0.691632
vn -0.616539 -0.507663 0.601795
vn -0.104306 -0.596941 0.795476
vn -0.980672 -0.172164 0.092960
vn -0.616539 -0.507663 0.601795
vn -0.711013 -0.126906 0.691632
vn -0.980672 -0.172164 0.092960
vn -0.795029 -0.600626 0.084721
vn -0.616539 -0.507663 0.601795
vn -0.773384 0.631300 0.057770
vn 0.407269 0.531161 -0.742967
vn -0.292610 0.675910 -0.676406
vn 0.407269 0.531161 -0.742967
vn -0.773384 0.631300 0.057770
vn -0.598034 0.554906 0.578303
vn 0.407269 0.531161 -0.742967
vn -0.598034 0.554906 0.578303
vn 0.751546 0.532997 -0.388706
vn 0.751546 0.532997 -0.388706
vn -0.598034 0.554906 0.578303
vn -0.083131 0.634982 0.768041
vn 0.751546 0.532997 -0.388706
vn -0.083131 0.634982 0.768041
vn 0.664251 0.681014 0.308204
vn 0.388529 -0.575993 -0.719220
vn -0.795029 -0.600626 0.084721
vn -0.316314 -0.693702 -0.647088
vn -0.795029 -0.600626 0.084721
vn 0.388529 -0.575993 -0.719220
vn -0.616539 -0.507663 0.601795
vn -0.616539 -0.507663 0.601795
vn 0.388529 -0.575993 -0.719220
vn 0.733010 -0.574155 -0.364749
vn -0.616539 -0.507663 0.601795
vn 0.733010 -0.574155 -0.364749
vn -0.104306 -0.596941 0.795476
vn -0.104306 -0.596941 0.795476
vn 0.733010 -0.574155 -0.364749
vn 0.641365 -0.688593 0.338364
vn 0.034576 0.612166 0.789973
vn -0.678027 0.734512 -0.027770
vn -0.402065 0.511401 0.759482
vn 0.034576 0.612166 0.789973
vn 0.600339 0.728257 -0.330507
vn -0.678027 0.734512 -0.027770
vn 0.600339 0.728257 -0.330507
vn -0.760469 0.523929 0.383646
vn -0.678027 0.734512 -0.027770
vn 0.600339 0.728257 -0.330507
vn 0.532706 0.763376 -0.365352
vn -0.760469 0.523929 0.383646
vn 0.532706 0.763376 -0.365352
vn -0.451546 0.664814 0.595087
vn -0.760469 0.523929 0.383646
vn 0.532706 0.763376 -0.365352
vn 0.573796 0.636779 -0.515044
vn -0.451546 0.664814 0.595087
vn 0.573796 0.636779 -0.515044
vn -0.533496 0.746611 -0.397434
vn -0.451546 0.664814 0.595087
vn 0.573796 0.636779 -0.515044
vn -0.323235 0.633935 -0.702599
vn -0.533496 0.746611 -0.397434
vn -0.323235 0.633935 -0.702599
vn -0.356162 -0.648019 -0.673216
vn -0.533496 0.746611 -0.397434
vn -0.323235 0.633935 -0.702599
vn -0.740789 -0.498400 -0.450366
vn -0.356162 -0.648019 -0.673216
vn -0.451546 0.664814 0.595087
vn -0.533496 0.746611 -0.397434
vn -0.932237 0.255755 -0.255976
vn -0.760469 0.523929 0.383646
vn -0.451546 0.664814 0.595087
vn -0.932237 0.255755 -0.255976
vn -0.678027 0.734512 -0.027770
vn -0.760469 0.523929 0.383646
vn -0.896597 -0.129739 0.423417
vn -0.760469 0.523929 0.383646
vn -0.932237 0.255755 -0.255976
vn -0.896597 -0.129739 0.423417
vn -0.678027 0.734512 -0.027770
vn -0.896597 -0.129739 0.423417
vn -0.568494 0.169309 0.805077
vn -0.402065 0.511401 0.759482
vn -0.678027 0.734512 -0.027770
vn -0.568494 0.169309 0.805077
vn -0.932237 0.255755 -0.255976
vn -0.312677 -0.944490 0.100858
vn -0.896597 -0.129739 0.423417
vn -0.932237 0.255755 -0.255976
vn 0.238891 -0.436452 -0.867433
vn -0.312677 -0.944490 0.100858
vn -0.533496 0.746611 -0.397434
vn 0.238891 -0.436452 -0.867433
vn -0.932237 0.255755 -0.255976
vn -0.533496 0.746611 -0.397434
vn -0.356162 -0.648019 -0.673216
vn 0.238891 -0.436452 -0.867433
vn 0.650258 0.332387 0.683142
vn 0.600339 0.728257 -0.330507
vn 0.034576 0.612166 0.789973
vn 0.650258 0.332387 0.683142
vn 0.906968 0.312356 -0.282564
vn 0.600339 0.728257 -0.330507
vn 0.906968 0.312356 -0.282564
vn 0.532706 0.763376 -0.365352
vn 0.600339 0.728257 -0.330507
vn 0.906968 0.312356 -0.282564
vn 0.821239 0.264562 -0.505543
vn 0.532706 0.763376 -0.365352
vn 0.821239 0.264562 -0.505543
vn 0.573796 0.636779 -0.515044
vn 0.532706 0.763376 -0.365352
vn 0.821239 0.264562 -0.505543
vn 0.695074 0.221473 -0.683975
vn 0.573796 0.636779 -0.515044
vn 0.695074 0.221473 -0.683975
vn -0.323235 0.633935 -0.702599
vn 0.573796 0.636779 -0.515044
vn 0.695074 0.221473 -0.683975
vn 0.134181 0.123739 -0.983201
vn -0.323235 0.633935 -0.702599
vn 0.134181 0.123739 -0.983201
vn -0.740789 -0.498400 -0.450366
vn -0.323235 0.633935 -0.702599
vn 0.134181 0.123739 -0.983201
vn -0.725562 -0.429407 -0.537744
vn -0.740789 -0.498400 -0.450366
vn -0.568494 0.169309 0.805077
vn -0.047408 -0.549932 0.833863
vn -0.402065 0.511401 0.759482
vn -0.568494 0.169309 0.805077
vn 0.490737 -0.576354 0.653448
vn -0.047408 -0.549932 0.833863
vn -0.896597 -0.129739 0.423417
vn 0.490737 -0.576354 0.653448
vn -0.568494 0.169309 0.805077
vn -0.896597 -0.129739 0.423417
vn -0.312677 -0.944490 0.100858
vn 0.490737 -0.576354 0.653448
vn 0.490737 -0.576354 0.653448
vn -0.312677 -0.944490 0.100858
vn 0.238891 -0.436452 -0.867433
vn 0.238891 -0.436452 -0.867433
vn -0.047408 -0.549932 0.833863
vn 0.490737 -0.576354 0.653448
vn -0.047408 -0.549932 0.833863
vn 0.238891 -0.436452 -0.867433
vn -0.356162 -0.648019 -0.673216
vn -0.443875 -0.138099 0.885383
vn -0.912686 -0.338856 -0.228434
vn -0.925359 -0.357300 -0.126677
vn -0.912686 -0.338856 -0.228434
vn -0.443875 -0.138099 0.885383
vn -0.404314 -0.115798 0.907260
vn -0.912686 -0.338856 -0.228434
vn -0.404314 -0.115798 0.907260
vn -0.864640 -0.347026 -0.363277
vn -0.864640 -0.347026 -0.363277
vn -0.404314 -0.115798 0.907260
vn -0.376288 -0.122706 0.918341
vn 0.882773 0.191329 0.429074
vn -0.376288 -0.122706 0.918341
vn -0.404314 -0.115798 0.907260
vn 0.882773 0.191329 0.429074
vn -0.404314 -0.115798 0.907260
vn 0.949570 0.175285 0.259983
vn 0.949570 0.175285 0.259983
vn -0.404314 -0.115798 0.907260
vn -0.443875 -0.138099 0.885383
vn 0.949570 0.175285 0.259983
vn -0.443875 -0.138099 0.885383
vn 0.963211 0.237921 0.124973
vn -0.266143 -0.372739 0.888951
vn -0.356162 -0.648019 -0.673216
vn -0.740789 -0.498400 -0.450366
vn -0.266143 -0.372739 0.888951
vn -0.047408 -0.549932 0.833863
vn -0.356162 -0.648019 -0.673216
vn -0.402065 0.511401 0.759482
vn -0.047408 -0.549932 0.833863
vn -0.266143 -0.372739 0.888951
vn -0.402065 0.511401 0.759482
vn -0.266143 -0.372739 0.888951
vn 0.034576 0.612166 0.789973
vn 0.034576 0.612166 0.789973
vn -0.317036 -0.214416 0.923858
vn 0.650258 0.332387 0.683142
vn 0.034576 0.612166 0.789973
vn -0.266143 -0.372739 0.888951
vn -0.317036 -0.214416 0.923858
vn 0.460720 0.043350 -0.886486
vn -0.925359 -0.357300 -0.126677
vn -0.912686 -0.338856 -0.228434
vn 0.460720 0.043350 -0.886486
vn -0.912686 -0.338856 -0.228434
vn 0.420943 -0.016892 -0.906930
vn 0.420943 -0.016892 -0.906930
vn -0.912686 -0.338856 -0.228434
vn -0.864640 -0.347026 -0.363277
vn 0.780228 0.266417 -0.565921
vn 0.460720 0.043350 -0.886486
vn 0.420943 -0.016892 -0.906930
vn 0.420943 -0.016892 -0.906930
vn -0.864640 -0.347026 -0.363277
vn 0.432177 0.000056 -0.901789
vn 0.780228 0.266417 -0.565921
vn 0.420943 -0.016892 -0.906930
vn 0.806158 0.162414 -0.568973
vn 0.806158 0.162414 -0.568973
vn 0.420943 -0.016892 -0.906930
vn 0.432177 0.000056 -0.901789
vn 0.784777 0.270337 -0.557713
vn 0.780228 0.266417 -0.565921
vn 0.806158 0.162414 -0.568973
vn 0.806158 0.162414 -0.568973
vn 0.432177 0.000056 -0.901789
vn 0.787056 0.089330 -0.610380
vn 0.784777 0.270337 -0.557713
vn 0.806158 0.162414 -0.568973
vn 0.826753 0.170994 -0.535948
vn 0.826753 0.170994 -0.535948
vn 0.806158 0.162414 -0.568973
vn 0.787056 0.089330 -0.610380
vn 0.790558 0.270874 -0.549223
vn 0.784777 0.270337 -0.557713
vn 0.826753 0.170994 -0.535948
vn 0.826753 0.170994 -0.535948
vn 0.787056 0.089330 -0.610380
vn 0.857284 0.102349 -0.504568
vn 0.790558 0.270874 -0.549223
vn 0.826753 0.170994 -0.535948
vn 0.844272 0.185429 -0.502813
vn 0.844272 0.185429 -0.502813
vn 0.826753 0.170994 -0.535948
vn 0.857284 0.102349 -0.504568
vn 0.963211 0.237921 0.124973
vn 0.790558 0.270874 -0.549223
vn 0.844272 0.185429 -0.502813
vn 0.844272 0.185429 -0.502813
vn 0.857284 0.102349 -0.504568
vn 0.913738 0.142256 -0.380587
vn 0.963211 0.237921 0.124973
vn 0.844272 0.185429 -0.502813
vn 0.949570 0.175285 0.259983
vn 0.949570 0.175285 0.259983
vn 0.844272 0.185429 -0.502813
vn 0.913738 0.142256 -0.380587
vn 0.949570 0.175285 0.259983
vn 0.913738 0.142256 -0.380587
vn 0.882773 0.191329 0.429074
vn 0.432177 0.000056 -0.901789
vn -0.864640 -0.347026 -0.363277
vn -0.725562 -0.429407 -0.537744
vn 0.432177 0.000056 -0.901789
vn -0.725562 -0.429407 -0.537744
vn 0.134181 0.123739 -0.983201
vn 0.787056 0.089330 -0.610380
vn 0.432177 0.000056 -0.901789
vn 0.134181 0.123739 -0.983201
vn 0.787056 0.089330 -0.610380
vn 0.134181 0.123739 -0.983201
vn 0.695074 0.221473 -0.683975
vn 0.857284 0.102349 -0.504568
vn 0.787056 0.089330 -0.610380
vn 0.695074 0.221473 -0.683975
vn 0.857284 0.102349 -0.504568
vn 0.695074 0.221473 -0.683975
vn 0.821239 0.264562 -0.505543
vn 0.913738 0.142256 -0.380587
vn 0.857284 0.102349 -0.504568
vn 0.821239 0.264562 -0.505543
vn 0.913738 0.142256 -0.380587
vn 0.821239 0.264562 -0.505543
vn 0.906968 0.312356 -0.282564
vn 0.882773 0.191329 0.429074
vn 0.913738 0.142256 -0.380587
vn 0.906968 0.312356 -0.282564
vn 0.882773 0.191329 0.429074
vn 0.906968 0.312356 -0.282564
vn 0.650258 0.332387 0.683142
vn 0.650258 0.332387 0.683142
vn -0.376288 -0.122706 0.918341
vn 0.882773 0.191329 0.429074
vn 0.650258 0.332387 0.683142
vn -0.317036 -0.214416 0.923858
vn -0.376288 -0.122706 0.918341
vn -0.725562 -0.429407 -0.537744
vn -0.376288 -0.122706 0.918341
vn -0.317036 -0.214416 0.923858
vn -0.725562 -0.429407 -0.537744
vn -0.864640 -0.347026 -0.363277
vn -0.376288 -0.122706 0.918341
vn -0.266143 -0.372739 0.888951
vn -0.725562 -0.429407 -0.537744
vn -0.317036 -0.214416 0.923858
vn -0.266143 -0.372739 0.888951
vn -0.740789 -0.498400 -0.450366
vn -0.725562 -0.429407 -0.537744
vn 0.144118 0.940825 -0.306721
vn 0.293325 0.488159 0.821986
vn 0.605152 0.769120 -0.205536
vn 0.144118 0.940825 -0.306721
vn -0.623844 0.517770 0.585434
vn 0.293325 0.488159 0.821986
vn -0.623844 0.517770 0.585434
vn 0.732435 0.541893 0.412179
vn 0.293325 0.488159 0.821986
vn -0.623844 0.517770 0.585434
vn -0.582175 0.509185 0.633879
vn 0.732435 0.541893 0.412179
vn -0.582175 0.509185 0.633879
vn 0.502039 0.845156 0.183489
vn 0.732435 0.541893 0.412179
vn -0.582175 0.509185 0.633879
vn -0.634352 0.401937 0.660337
vn 0.502039 0.845156 0.183489
vn -0.634352 0.401937 0.660337
vn 0.044059 0.354623 0.933971
vn 0.502039 0.845156 0.183489
vn -0.634352 0.401937 0.660337
vn -0.141023 0.222831 0.964603
vn 0.044059 0.354623 0.933971
vn -0.141023 0.222831 0.964603
vn 0.212765 -0.944960 0.248560
vn 0.044059 0.354623 0.933971
vn -0.141023 0.222831 0.964603
vn 0.581166 -0.762152 0.285256
vn 0.212765 -0.944960 0.248560
vn 0.502039 0.845156 0.183489
vn 0.044059 0.354623 0.933971
vn 0.575929 -0.005451 0.817481
vn 0.732435 0.541893 0.412179
vn 0.502039 0.845156 0.183489
vn 0.575929 -0.005451 0.817481
vn 0.293325 0.488159 0.821986
vn 0.732435 0.541893 0.412179
vn 0.959430 -0.159906 -0.232215
vn 0.732435 0.541893 0.412179
vn 0.575929 -0.005451 0.817481
vn 0.959430 -0.159906 -0.232215
vn 0.293325 0.488159 0.821986
vn 0.959430 -0.159906 -0.232215
vn 0.805284 0.317759 -0.500546
vn 0.605152 0.769120 -0.205536
vn 0.293325 0.488159 0.821986
vn 0.805284 0.317759 -0.500546
vn 0.575929 -0.005451 0.817481
vn 0.413643 -0.666815 -0.619885
vn 0.959430 -0.159906 -0.232215
vn 0.575929 -0.005451 0.817481
vn -0.500297 -0.725791 0.472155
vn 0.413643 -0.666815 -0.619885
vn 0.044059 0.354623 0.933971
vn -0.500297 -0.725791 0.472155
vn 0.575929 -0.005451 0.817481
vn 0.044059 0.354623 0.933971
vn 0.212765 -0.944960 0.248560
vn -0.500297 -0.725791 0.472155
vn -0.358561 0.660898 -0.659279
vn -0.623844 0.517770 0.585434
vn 0.144118 0.940825 -0.306721
vn -0.358561 0.660898 -0.659279
vn -0.904464 0.355729 0.235375
vn -0.623844 0.517770 0.585434
vn -0.904464 0.355729 0.235375
vn -0.582175 0.509185 0.633879
vn -0.623844 0.517770 0.585434
vn -0.904464 0.355729 0.235375
vn -0.877086 0.225482 0.424121
vn -0.582175 0.509185 0.633879
vn -0.877086 0.225482 0.424121
vn -0.634352 0.401937 0.660337
vn -0.582175 0.509185 0.633879
vn -0.877086 0.225482 0.424121
vn -0.809200 0.114388 0.576290
vn -0.634352 0.401937 0.660337
vn -0.809200 0.114388 0.576290
vn -0.141023 0.222831 0.964603
vn -0.634352 0.401937 0.660337
vn -0.809200 0.114388 0.576290
vn -0.454472 -0.126180 0.881779
vn -0.141023 0.222831 0.964603
vn -0.454472 -0.126180 0.881779
vn 0.581166 -0.762152 0.285256
vn -0.141023 0.222831 0.964603
vn -0.454472 -0.126180 0.881779
vn 0.518619 -0.730691 0.443987
vn 0.581166 -0.762152 0.285256
vn 0.805284 0.317759 -0.500546
vn 0.368159 -0.187562 -0.910648
vn 0.605152 0.769120 -0.205536
vn 0.805284 0.317759 -0.500546
vn 0.023311 -0.184015 -0.982647
vn 0.368159 -0.187562 -0.910648
vn 0.959430 -0.159906 -0.232215
vn 0.023311 -0.184015 -0.982647
vn 0.805284 0.317759 -0.500546
vn 0.959430 -0.159906 -0.232215
vn 0.413643 -0.666815 -0.619885
vn 0.023311 -0.184015 -0.982647
vn -0.500297 -0.725791 0.472155
vn 0.023311 -0.184015 -0.982647
vn 0.413643 -0.666815 -0.619885
vn 0.023311 -0.184015 -0.982647
vn -0.500297 -0.725791 0.472155
vn 0.368159 -0.187562 -0.910648
vn 0.368159 -0.187562 -0.910648
vn -0.500297 -0.725791 0.472155
vn 0.212765 -0.944960 0.248560
vn 0.660489 0.046796 -0.749376
vn 0.776566 -0.571930 0.264273
vn 0.822326 -0.551248 0.141088
vn 0.776566 -0.571930 0.264273
vn 0.660489 0.046796 -0.749376
vn 0.637601 0.076821 -0.766527
vn 0.776566 -0.571930 0.264273
vn 0.637601 0.076821 -0.766527
vn 0.685801 -0.617598 0.385031
vn 0.685801 -0.617598 0.385031
vn 0.637601 0.076821 -0.766527
vn 0.617423 0.077705 -0.782784
vn -0.625384 0.487956 -0.608929
vn 0.617423 0.077705 -0.782784
vn 0.637601 0.076821 -0.766527
vn -0.625384 0.487956 -0.608929
vn 0.637601 0.076821 -0.766527
vn -0.762359 0.438855 -0.475620
vn -0.762359 0.438855 -0.475620
vn 0.637601 0.076821 -0.766527
vn 0.660489 0.046796 -0.749376
vn -0.762359 0.438855 -0.475620
vn 0.660489 0.046796 -0.749376
vn -0.846384 0.457794 -0.272137
vn 0.511951 -0.097858 -0.853423
vn 0.212765 -0.944960 0.248560
vn 0.581166 -0.762152 0.285256
vn 0.511951 -0.097858 -0.853423
vn 0.368159 -0.187562 -0.910648
vn 0.212765 -0.944960 0.248560
vn 0.605152 0.769120 -0.205536
vn 0.368159 -0.187562 -0.910648
vn 0.511951 -0.097858 -0.853423
vn 0.605152 0.769120 -0.205536
vn 0.511951 -0.097858 -0.853423
vn 0.144118 0.940825 -0.306721
vn 0.144118 0.940825 -0.306721
vn 0.564770 0.013974 -0.825130
vn -0.358561 0.660898 -0.659279
vn 0.144118 0.940825 -0.306721
vn 0.511951 -0.097858 -0.853423
vn 0.564770 0.013974 -0.825130
vn -0.689670 -0.128197 0.712685
vn 0.822326 -0.551248 0.141088
vn 0.776566 -0.571930 0.264273
vn -0.689670 -0.128197 0.712685
vn 0.776566 -0.571930 0.264273
vn -0.670816 -0.197310 0.714895
vn -0.670816 -0.197310 0.714895
vn 0.776566 -0.571930 0.264273
vn 0.685801 -0.617598 0.385031
vn -0.851265 0.199391 0.485377
vn -0.689670 -0.128197 0.712685
vn -0.670816 -0.197310 0.714895
vn -0.670816 -0.197310 0.714895
vn 0.685801 -0.617598 0.385031
vn -0.676436 -0.177619 0.714763
vn -0.851265 0.199391 0.485377
vn -0.670816 -0.197310 0.714895
vn -0.899009 0.122658 0.420401
vn -0.899009 0.122658 0.420401
vn -0.670816 -0.197310 0.714895
vn -0.676436 -0.177619 0.714763
vn -0.852936 0.205720 0.479770
vn -0.851265 0.199391 0.485377
vn -0.899009 0.122658 0.420401
vn -0.899009 0.122658 0.420401
vn -0.676436 -0.177619 0.714763
vn -0.908018 0.043427 0.416673
vn -0.852936 0.205720 0.479770
vn -0.899009 0.122658 0.420401
vn -0.909247 0.144081 0.390527
vn -0.909247 0.144081 0.390527
vn -0.899009 0.122658 0.420401
vn -0.908018 0.043427 0.416673
vn -0.856376 0.209932 0.471751
vn -0.852936 0.205720 0.479770
vn -0.909247 0.144081 0.390527
vn -0.909247 0.144081 0.390527
vn -0.908018 0.043427 0.416673
vn -0.947305 0.101450 0.303843
vn -0.856376 0.209932 0.471751
vn -0.909247 0.144081 0.390527
vn -0.915335 0.169913 0.365091
vn -0.915335 0.169913 0.365091
vn -0.909247 0.144081 0.390527
vn -0.947305 0.101450 0.303843
vn -0.846384 0.457794 -0.272137
vn -0.856376 0.209932 0.471751
vn -0.915335 0.169913 0.365091
vn -0.915335 0.169913 0.365091
vn -0.947305 0.101450 0.303843
vn -0.962761 0.188610 0.193696
vn -0.846384 0.457794 -0.272137
vn -0.915335 0.169913 0.365091
vn -0.762359 0.438855 -0.475620
vn -0.762359 0.438855 -0.475620
vn -0.915335 0.169913 0.365091
vn -0.962761 0.188610 0.193696
vn -0.762359 0.438855 -0.475620
vn -0.962761 0.188610 0.193696
vn -0.625384 0.487956 -0.608929
vn -0.676436 -0.177619 0.714763
vn 0.685801 -0.617598 0.385031
vn 0.518619 -0.730691 0.443987
vn -0.676436 -0.177619 0.714763
vn 0.518619 -0.730691 0.443987
vn -0.454472 -0.126180 0.881779
vn -0.908018 0.043427 0.416673
vn -0.676436 -0.177619 0.714763
vn -0.454472 -0.126180 0.881779
vn -0.908018 0.043427 0.416673
vn -0.454472 -0.126180 0.881779
vn -0.809200 0.114388 0.576290
vn -0.947305 0.101450 0.303843
vn -0.908018 0.043427 0.416673
vn -0.809200 0.114388 0.576290
vn -0.947305 0.101450 0.303843
vn -0.809200 0.114388 0.576290
vn -0.877086 0.225482 0.424121
vn -0.962761 0.188610 0.193696
vn -0.947305 0.101450 0.303843
vn -0.877086 0.225482 0.424121
vn -0.962761 0.188610 0.193696
vn -0.877086 0.225482 0.424121
vn -0.904464 0.355729 0.235375
vn -0.625384 0.487956 -0.608929
vn -0.962761 0.188610 0.193696
vn -0.904464 0.355729 0.235375
vn -0.625384 0.487956 -0.608929
vn -0.904464 0.355729 0.235375
vn -0.358561 0.660898 -0.659279
vn -0.358561 0.660898 -0.659279
vn 0.617423 0.077705 -0.782784
vn -0.625384 0.487956 -0.608929
vn -0.358561 0.660898 -0.659279
vn 0.564770 0.013974 -0.825130
vn 0.617423 0.077705 -0.782784
vn 0.518619 -0.730691 0.443987
vn 0.617423 0.077705 -0.782784
vn 0.564770 0.013974 -0.825130
vn 0.518619 -0.730691 0.443987
vn 0.685801 -0.617598 0.385031
vn 0.617423 0.077705 -0.782784
vn 0.511951 -0.097858 -0.853423
vn 0.518619 -0.730691 0.443987
vn 0.564770 0.013974 -0.825130
vn 0.511951 -0.097858 -0.853423
vn 0.581166 -0.762152 0.285256
vn 0.518619 -0.730691 0.443987
vn 0.220365 0.622254 0.751158
vn -0.576105 0.816486 -0.038130
vn -0.275938 0.564665 0.777825
vn 0.220365 0.622254 0.751158
vn 0.679642 0.626436 -0.381660
vn -0.576105 0.816486 -0.038130
vn 0.679642 0.626436 -0.381660
vn -0.685592 0.603028 0.407825
vn -0.576105 0.816486 -0.038130
vn 0.679642 0.626436 -0.381660
vn 0.622472 0.665194 -0.412366
vn -0.685592 0.603028 0.407825
vn 0.622472 0.665194 -0.412366
vn -0.310120 0.736358 0.601334
vn -0.685592 0.603028 0.407825
vn 0.622472 0.665194 -0.412366
vn 0.632484 0.551662 -0.543721
vn -0.310120 0.736358 0.601334
vn 0.632484 0.551662 -0.543721
vn -0.431728 0.800211 -0.416260
vn -0.310120 0.736358 0.601334
vn 0.632484 0.551662 -0.543721
vn -0.249477 0.658531 -0.709998
vn -0.431728 0.800211 -0.416260
vn -0.249477 0.658531 -0.709998
vn -0.538976 -0.609366 -0.581531
vn -0.431728 0.800211 -0.416260
vn -0.249477 0.658531 -0.709998
vn -0.845646 -0.416039 -0.334356
vn -0.538976 -0.609366 -0.581531
vn -0.310120 0.736358 0.601334
vn -0.431728 0.800211 -0.416260
vn -0.923579 0.323024 -0.206535
vn -0.685592 0.603028 0.407825
vn -0.310120 0.736358 0.601334
vn -0.923579 0.323024 -0.206535
vn -0.576105 0.816486 -0.038130
vn -0.685592 0.603028 0.407825
vn -0.883316 -0.066579 0.464027
vn -0.685592 0.603028 0.407825
vn -0.923579 0.323024 -0.206535
vn -0.883316 -0.066579 0.464027
vn -0.576105 0.816486 -0.038130
vn -0.883316 -0.066579 0.464027
vn -0.510641 0.207044 0.834493
vn -0.275938 0.564665 0.777825
vn -0.576105 0.816486 -0.038130
vn -0.510641 0.207044 0.834493
vn -0.923579 0.323024 -0.206535
vn -0.475293 -0.861599 0.178165
vn -0.883316 -0.066579 0.464027
vn -0.923579 0.323024 -0.206535
vn 0.105066 -0.468162 -0.877374
vn -0.475293 -0.861599 0.178165
vn -0.431728 0.800211 -0.416260
vn 0.105066 -0.468162 -0.877374
vn -0.923579 0.323024 -0.206535
vn -0.431728 0.800211 -0.416260
vn -0.538976 -0.609366 -0.581531
vn 0.105066 -0.468162 -0.877374
vn 0.763788 0.272056 0.585331
vn 0.679642 0.626436 -0.381660
vn 0.220365 0.622254 0.751158
vn 0.763788 0.272056 0.585331
vn 0.912585 0.232556 -0.336313
vn 0.679642 0.626436 -0.381660
vn 0.912585 0.232556 -0.336313
vn 0.622472 0.665194 -0.412366
vn 0.679642 0.626436 -0.381660
vn 0.912585 0.232556 -0.336313
vn 0.818899 0.198532 -0.538506
vn 0.622472 0.665194 -0.412366
vn 0.818899 0.198532 -0.538506
vn 0.632484 0.551662 -0.543721
vn 0.622472 0.665194 -0.412366
vn 0.818899 0.198532 -0.538506
vn 0.688541 0.170921 -0.704767
vn 0.632484 0.551662 -0.543721
vn 0.688541 0.170921 -0.704767
vn -0.249477 0.658531 -0.709998
vn 0.632484 0.551662 -0.543721
vn 0.688541 0.170921 -0.704767
vn 0.098829 0.123741 -0.987381
vn -0.249477 0.658531 -0.709998
vn 0.098829 0.123741 -0.987381
vn -0.845646 -0.416039 -0.334356
vn -0.249477 0.658531 -0.709998
vn 0.098829 0.123741 -0.987381
vn -0.832247 -0.355180 -0.425690
vn -0.845646 -0.416039 -0.334356
vn -0.510641 0.207044 0.834493
vn -0.102529 -0.537589 0.836950
vn -0.275938 0.564665 0.777825
vn -0.510641 0.207044 0.834493
vn 0.434485 -0.619546 0.653747
vn -0.102529 -0.537589 0.836950
vn -0.883316 -0.066579 0.464027
vn 0.434485 -0.619546 0.653747
vn -0.510641 0.207044 0.834493
vn -0.883316 -0.066579 0.464027
vn -0.475293 -0.861599 0.178165
vn 0.434485 -0.619546 0.653747
vn 0.434485 -0.619546 0.653747
vn -0.475293 -0.861599 0.178165
vn 0.105066 -0.468162 -0.877374
vn 0.105066 -0.468162 -0.877374
vn -0.102529 -0.537589 0.836950
vn 0.434485 -0.619546 0.653747
vn -0.102529 -0.537589 0.836950
vn 0.105066 -0.468162 -0.877374
vn -0.538976 -0.609366 -0.581531
vn -0.423017 -0.113318 0.899008
vn -0.958818 -0.253487 -0.128109
vn -0.962547 -0.269146 -0.032605
vn -0.958818 -0.253487 -0.128109
vn -0.423017 -0.113318 0.899008
vn -0.378638 -0.094736 0.920684
vn -0.958818 -0.253487 -0.128109
vn -0.378638 -0.094736 0.920684
vn -0.929591 -0.265183 -0.256006
vn -0.929591 -0.265183 -0.256006
vn -0.378638 -0.094736 0.920684
vn -0.350708 -0.103770 0.930718
vn 0.935866 0.118814 0.331720
vn -0.350708 -0.103770 0.930718
vn -0.378638 -0.094736 0.920684
vn 0.935866 0.118814 0.331720
vn -0.378638 -0.094736 0.920684
vn 0.980602 0.099695 0.168763
vn 0.980602 0.099695 0.168763
vn -0.378638 -0.094736 0.920684
vn -0.423017 -0.113318 0.899008
vn 0.980602 0.099695 0.168763
vn -0.423017 -0.113318 0.899008
vn 0.986792 0.157614 0.037411
vn -0.283542 -0.351603 0.892177
vn -0.538976 -0.609366 -0.581531
vn -0.845646 -0.416039 -0.334356
vn -0.283542 -0.351603 0.892177
vn -0.102529 -0.537589 0.836950
vn -0.538976 -0.609366 -0.581531
vn -0.275938 0.564665 0.777825
vn -0.102529 -0.537589 0.836950
vn -0.283542 -0.351603 0.892177
vn -0.275938 0.564665 0.777825
vn -0.283542 -0.351603 0.892177
vn 0.220365 0.622254 0.751158
vn 0.220365 0.622254 0.751158
vn -0.305618 -0.197618 0.931421
vn 0.763788 0.272056 0.585331
vn 0.220365 0.622254 0.751158
vn -0.283542 -0.351603 0.892177
vn -0.305618 -0.197618 0.931421
vn 0.425915 0.018679 -0.904570
vn -0.962547 -0.269146 -0.032605
vn -0.958818 -0.253487 -0.128109
vn 0.425915 0.018679 -0.904570
vn -0.958818 -0.253487 -0.128109
vn 0.374731 -0.038889 -0.926318
vn 0.374731 -0.038889 -0.926318
vn -0.958818 -0.253487 -0.128109
vn -0.929591 -0.265183 -0.256006
vn 0.778170 0.204250 -0.593914
vn 0.425915 0.018679 -0.904570
vn 0.374731 -0.038889 -0.926318
vn 0.374731 -0.038889 -0.926318
vn -0.929591 -0.265183 -0.256006
vn 0.389280 -0.022603 -0.920842
vn 0.778170 0.204250 -0.593914
vn 0.374731 -0.038889 -0.926318
vn 0.793766 0.105580 -0.598989
vn 0.793766 0.105580 -0.598989
vn 0.374731 -0.038889 -0.926318
vn 0.389280 -0.022603 -0.920842
vn 0.783114 0.207373 -0.586284
vn 0.778170 0.204250 -0.593914
vn 0.793766 0.105580 -0.598989
vn 0.793766 0.105580 -0.598989
vn 0.389280 -0.022603 -0.920842
vn 0.767752 0.037701 -0.639637
vn 0.783114 0.207373 -0.586284
vn 0.793766 0.105580 -0.598989
vn 0.815373 0.111748 -0.568048
vn 0.815373 0.111748 -0.568048
vn 0.793766 0.105580 -0.598989
vn 0.767752 0.037701 -0.639637
vn 0.788924 0.207293 -0.578471
vn 0.783114 0.207373 -0.586284
vn 0.815373 0.111748 -0.568048
vn 0.815373 0.111748 -0.568048
vn 0.767752 0.037701 -0.639637
vn 0.840609 0.044154 -0.539839
vn 0.788924 0.207293 -0.578471
vn 0.815373 0.111748 -0.568048
vn 0.834419 0.123587 -0.537094
vn 0.834419 0.123587 -0.537094
vn 0.815373 0.111748 -0.568048
vn 0.840609 0.044154 -0.539839
vn 0.986792 0.157614 0.037411
vn 0.788924 0.207293 -0.578471
vn 0.834419 0.123587 -0.537094
vn 0.834419 0.123587 -0.537094
vn 0.840609 0.044154 -0.539839
vn 0.902227 0.076720 -0.424383
vn 0.986792 0.157614 0.037411
vn 0.834419 0.123587 -0.537094
vn 0.980602 0.099695 0.168763
vn 0.980602 0.099695 0.168763
vn 0.834419 0.123587 -0.537094
vn 0.902227 0.076720 -0.424383
vn 0.980602 0.099695 0.168763
vn 0.902227 0.076720 -0.424383
vn 0.935866 0.118814 0.331720
vn 0.389280 -0.022603 -0.920842
vn -0.929591 -0.265183 -0.256006
vn -0.832247 -0.355180 -0.425690
vn 0.389280 -0.022603 -0.920842
vn -0.832247 -0.355180 -0.425690
vn 0.098829 0.123741 -0.987381
vn 0.767752 0.037701 -0.639637
vn 0.389280 -0.022603 -0.920842
vn 0.098829 0.123741 -0.987381
vn 0.767752 0.037701 -0.639637
vn 0.098829 0.123741 -0.987381
vn 0.688541 0.170921 -0.704767
vn 0.840609 0.044154 -0.539839
vn 0.767752 0.037701 -0.639637
vn 0.688541 0.170921 -0.704767
vn 0.840609 0.044154 -0.539839
vn 0.688541 0.170921 -0.704767
vn 0.818899 0.198532 -0.538506
vn 0.902227 0.076720 -0.424383
vn 0.840609 0.044154 -0.539839
vn 0.818899 0.198532 -0.538506
vn 0.902227 0.076720 -0.424383
vn 0.818899 0.198532 -0.538506
vn 0.912585 0.232556 -0.336313
vn 0.935866 0.118814 0.331720
vn 0.902227 0.076720 -0.424383
vn 0.912585 0.232556 -0.336313
vn 0.935866 0.118814 0.331720
vn 0.912585 0.232556 -0.336313
vn 0.763788 0.272056 0.585331
vn 0.763788 0.272056 0.585331
vn -0.350708 -0.103770 0.930718
vn 0.935866 0.118814 0.331720
vn 0.763788 0.272056 0.585331
vn -0.305618 -0.197618 0.931421
vn -0.350708 -0.103770 0.930718
vn -0.832247 -0.355180 -0.425690
vn -0.350708 -0.103770 0.930718
vn -0.305618 -0.197618 0.931421
vn -0.832247 -0.355180 -0.425690
vn -0.929591 -0.265183 -0.256006
vn -0.350708 -0.103770 0.930718
vn -0.283542 -0.351603 0.892177
vn -0.832247 -0.355180 -0.425690
vn -0.305618 -0.197618 0.931421
vn -0.283542 -0.351603 0.892177
vn -0.845646 -0.416039 -0.334356
vn -0.832247 -0.355180 -0.425690
vn 0.870207 0.485644 -0.083007
vn -0.415102 0.763276 0.495076
vn 0.662230 0.607091 0.439195
vn 0.870207 0.485644 -0.083007
vn 0.342236 0.643531 -0.684648
vn -0.415102 0.763276 0.495076
vn 0.342236 0.643531 -0.684648
vn -0.172178 0.636192 0.752073
vn -0.415102 0.763276 0.495076
vn 0.342236 0.643531 -0.684648
vn 0.272337 0.707339 -0.652307
vn -0.172178 0.636192 0.752073
vn 0.272337 0.707339 -0.652307
vn 0.432154 0.791643 0.431908
vn -0.172178 0.636192 0.752073
vn 0.272337 0.707339 -0.652307
vn 0.148601 0.652605 -0.742983
vn 0.432154 0.791643 0.431908
vn 0.148601 0.652605 -0.742983
vn -0.596817 0.738806 0.313009
vn 0.432154 0.791643 0.431908
vn 0.148601 0.652605 -0.742983
vn -0.741075 0.657759 0.134763
vn -0.596817 0.738806 0.313009
vn -0.741075 0.657759 0.134763
vn -0.853711 -0.414065 0.315796
vn -0.596817 0.738806 0.313009
vn -0.741075 0.657759 0.134763
vn -0.812216 -0.255605 0.524377
vn -0.853711 -0.414065 0.315796
vn 0.432154 0.791643 0.431908
vn -0.596817 0.738806 0.313009
vn -0.735563 0.275367 0.618967
vn -0.172178 0.636192 0.752073
vn 0.432154 0.791643 0.431908
vn -0.735563 0.275367 0.618967
vn -0.415102 0.763276 0.495076
vn -0.172178 0.636192 0.752073
vn -0.387682 -0.075390 0.918705
vn -0.172178 0.636192 0.752073
vn -0.735563 0.275367 0.618967
vn -0.387682 -0.075390 0.918705
vn -0.415102 0.763276 0.495076
vn -0.387682 -0.075390 0.918705
vn 0.499866 0.223697 0.836716
vn 0.662230 0.607091 0.439195
vn -0.415102 0.763276 0.495076
vn 0.499866 0.223697 0.836716
vn -0.735563 0.275367 0.618967
vn -0.359014 -0.825953 0.434638
vn -0.387682 -0.075390 0.918705
vn -0.735563 0.275367 0.618967
vn -0.866401 -0.436541 -0.242450
vn -0.359014 -0.825953 0.434638
vn -0.596817 0.738806 0.313009
vn -0.866401 -0.436541 -0.242450
vn -0.735563 0.275367 0.618967
vn -0.596817 0.738806 0.313009
vn -0.853711 -0.414065 0.315796
vn -0.866401 -0.436541 -0.242450
vn 0.889843 0.136677 -0.435314
vn 0.342236 0.643531 -0.684648
vn 0.870207 0.485644 -0.083007
vn 0.889843 0.136677 -0.435314
vn 0.507618 0.212825 -0.834883
vn 0.342236 0.643531 -0.684648
vn 0.507618 0.212825 -0.834883
vn 0.272337 0.707339 -0.652307
vn 0.342236 0.643531 -0.684648
vn 0.507618 0.212825 -0.834883
vn 0.290304 0.237329 -0.927038
vn 0.272337 0.707339 -0.652307
vn 0.290304 0.237329 -0.927038
vn 0.148601 0.652605 -0.742983
vn 0.272337 0.707339 -0.652307
vn 0.290304 0.237329 -0.927038
vn -0.025820 0.267377 -0.963246
vn 0.148601 0.652605 -0.742983
vn -0.025820 0.267377 -0.963246
vn -0.741075 0.657759 0.134763
vn 0.148601 0.652605 -0.742983
vn -0.025820 0.267377 -0.963246
vn -0.941020 0.226654 -0.251216
vn -0.741075 0.657759 0.134763
vn -0.941020 0.226654 -0.251216
vn -0.812216 -0.255605 0.524377
vn -0.741075 0.657759 0.134763
vn -0.941020 0.226654 -0.251216
vn -0.843157 -0.203334 0.497737
vn -0.812216 -0.255605 0.524377
vn 0.499866 0.223697 0.836716
vn 0.706253 -0.672393 0.221571
vn 0.662230 0.607091 0.439195
vn 0.499866 0.223697 0.836716
vn 0.775770 -0.569698 -0.271339
vn 0.706253 -0.672393 0.221571
vn -0.387682 -0.075390 0.918705
vn 0.775770 -0.569698 -0.271339
vn 0.499866 0.223697 0.836716
vn -0.387682 -0.075390 0.918705
vn -0.359014 -0.825953 0.434638
vn 0.775770 -0.569698 -0.271339
vn -0.866401 -0.436541 -0.242450
vn 0.775770 -0.569698 -0.271339
vn -0.359014 -0.825953 0.434638
vn -0.866401 -0.436541 -0.242450
vn 0.706253 -0.672393 0.221571
vn 0.775770 -0.569698 -0.271339
vn 0.706253 -0.672393 0.221571
vn -0.866401 -0.436541 -0.242450
vn -0.853711 -0.414065 0.315796
vn 0.642771 -0.242521 0.726656
vn -0.753357 -0.153225 0.639512
vn -0.716264 -0.176536 0.675130
vn -0.753357 -0.153225 0.639512
vn 0.642771 -0.242521 0.726656
vn 0.719153 -0.216828 0.660155
vn -0.753357 -0.153225 0.639512
vn 0.719153 -0.216828 0.660155
vn -0.796078 -0.149753 0.586373
vn -0.796078 -0.149753 0.586373
vn 0.719153 -0.216828 0.660155
vn 0.754154 -0.228287 0.615741
vn 0.819193 0.040557 -0.572082
vn 0.754154 -0.228287 0.615741
vn 0.719153 -0.216828 0.660155
vn 0.819193 0.040557 -0.572082
vn 0.719153 -0.216828 0.660155
vn 0.767345 0.036707 -0.640183
vn 0.767345 0.036707 -0.640183
vn 0.719153 -0.216828 0.660155
vn 0.642771 -0.242521 0.726656
vn 0.767345 0.036707 -0.640183
vn 0.642771 -0.242521 0.726656
vn 0.720174 0.090045 -0.687926
vn 0.696314 -0.530290 0.483673
vn -0.853711 -0.414065 0.315796
vn -0.812216 -0.255605 0.524377
vn 0.696314 -0.530290 0.483673
vn 0.706253 -0.672393 0.221571
vn -0.853711 -0.414065 0.315796
vn 0.662230 0.607091 0.439195
vn 0.706253 -0.672393 0.221571
vn 0.696314 -0.530290 0.483673
vn 0.662230 0.607091 0.439195
vn 0.696314 -0.530290 0.483673
vn 0.870207 0.485644 -0.083007
vn 0.870207 0.485644 -0.083007
vn 0.768438 -0.347226 0.537529
vn 0.889843 0.136677 -0.435314
vn 0.870207 0.485644 -0.083007
vn 0.696314 -0.530290 0.483673
vn 0.768438 -0.347226 0.537529
vn -0.666736 0.109208 -0.737249
vn -0.716264 -0.176536 0.675130
vn -0.753357 -0.153225 0.639512
vn -0.666736 0.109208 -0.737249
vn -0.753357 -0.153225 0.639512
vn -0.752977 0.031367 -0.657299
vn -0.752977 0.031367 -0.657299
vn -0.753357 -0.153225 0.639512
vn -0.796078 -0.149753 0.586373
vn 0.201875 0.264399 -0.943048
vn -0.666736 0.109208 -0.737249
vn -0.752977 0.031367 -0.657299
vn -0.752977 0.031367 -0.657299
vn -0.796078 -0.149753 0.586373
vn -0.730760 0.053134 -0.680564
vn 0.201875 0.264399 -0.943048
vn -0.752977 0.031367 -0.657299
vn 0.199347 0.148853 -0.968557
vn 0.199347 0.148853 -0.968557
vn -0.752977 0.031367 -0.657299
vn -0.730760 0.053134 -0.680564
vn 0.214533 0.265122 -0.940046
vn 0.201875 0.264399 -0.943048
vn 0.199347 0.148853 -0.968557
vn 0.199347 0.148853 -0.968557
vn -0.730760 0.053134 -0.680564
vn 0.120495 0.076688 -0.989747
vn 0.214533 0.265122 -0.940046
vn 0.199347 0.148853 -0.968557
vn 0.250349 0.147579 -0.956841
vn 0.250349 0.147579 -0.956841
vn 0.199347 0.148853 -0.968557
vn 0.120495 0.076688 -0.989747
vn 0.227594 0.262005 -0.937846
vn 0.214533 0.265122 -0.940046
vn 0.250349 0.147579 -0.956841
vn 0.250349 0.147579 -0.956841
vn 0.120495 0.076688 -0.989747
vn 0.289742 0.064550 -0.954926
vn 0.227594 0.262005 -0.937846
vn 0.250349 0.147579 -0.956841
vn 0.296416 0.152727 -0.942768
vn 0.296416 0.152727 -0.942768
vn 0.250349 0.147579 -0.956841
vn 0.289742 0.064550 -0.954926
vn 0.720174 0.090045 -0.687926
vn 0.227594 0.262005 -0.937846
vn 0.296416 0.152727 -0.942768
vn 0.296416 0.152727 -0.942768
vn 0.289742 0.064550 -0.954926
vn 0.430577 0.079055 -0.899085
vn 0.720174 0.090045 -0.687926
vn 0.296416 0.152727 -0.942768
vn 0.767345 0.036707 -0.640183
vn 0.767345 0.036707 -0.640183
vn 0.296416 0.152727 -0.942768
vn 0.430577 0.079055 -0.899085
vn 0.767345 0.036707 -0.640183
vn 0.430577 0.079055 -0.899085
vn 0.819193 0.040557 -0.572082
vn -0.730760 0.053134 -0.680564
vn -0.796078 -0.149753 0.586373
vn -0.843157 -0.203334 0.497737
vn -0.730760 0.053134 -0.680564
vn -0.843157 -0.203334 0.497737
vn -0.941020 0.226654 -0.251216
vn 0.120495 0.076688 -0.989747
vn -0.730760 0.053134 -0.680564
vn -0.941020 0.226654 -0.251216
vn 0.120495 0.076688 -0.989747
vn -0.941020 0.226654 -0.251216
vn -0.025820 0.267377 -0.963246
vn 0.289742 0.064550 -0.954926
vn 0.120495 0.076688 -0.989747
vn -0.025820 0.267377 -0.963246
vn 0.289742 0.064550 -0.954926
vn -0.025820 0.267377 -0.963246
vn 0.290304 0.237329 -0.927038
vn 0.430577 0.079055 -0.899085
vn 0.289742 0.064550 -0.954926
vn 0.290304 0.237329 -0.927038
vn 0.430577 0.079055 -0.899085
vn 0.290304 0.237329 -0.927038
vn 0.507618 0.212825 -0.834883
vn 0.819193 0.040557 -0.572082
vn 0.430577 0.079055 -0.899085
vn 0.507618 0.212825 -0.834883
vn 0.819193 0.040557 -0.572082
vn 0.507618 0.212825 -0.834883
vn 0.889843 0.136677 -0.435314
vn 0.889843 0.136677 -0.435314
vn 0.754154 -0.228287 0.615741
vn 0.819193 0.040557 -0.572082
vn 0.889843 0.136677 -0.435314
vn 0.768438 -0.347226 0.537529
vn 0.754154 -0.228287 0.615741
vn -0.843157 -0.203334 0.497737
vn 0.754154 -0.228287 0.615741
vn 0.768438 -0.347226 0.537529
vn -0.843157 -0.203334 0.497737
vn -0.796078 -0.149753 0.586373
vn 0.754154 -0.228287 0.615741
vn 0.696314 -0.530290 0.483673
vn -0.843157 -0.203334 0.497737
vn 0.768438 -0.347226 0.537529
vn 0.696314 -0.530290 0.483673
vn -0.812216 -0.255605 0.524377
vn -0.843157 -0.203334 0.497737
vn -0.810869 0.471946 0.346061
vn 0.247785 0.720366 -0.647823
vn -0.830257 0.550349 -0.088262
vn -0.810869 0.471946 0.346061
vn -0.050475 0.777415 0.626960
vn 0.247785 0.720366 -0.647823
vn -0.050475 0.777415 0.626960
vn -0.156052 0.630394 -0.760428
vn 0.247785 0.720366 -0.647823
vn -0.050475 0.777415 0.626960
vn 0.019784 0.833968 0.551457
vn -0.156052 0.630394 -0.760428
vn 0.019784 0.833968 0.551457
vn -0.628717 0.748823 -0.209711
vn -0.156052 0.630394 -0.760428
vn 0.019784 0.833968 0.551457
vn 0.217699 0.785836 0.578851
vn -0.628717 0.748823 -0.209711
vn 0.217699 0.785836 0.578851
vn 0.503376 0.658136 -0.559883
vn -0.628717 0.748823 -0.209711
vn 0.217699 0.785836 0.578851
vn 0.691918 0.553958 -0.463012
vn 0.503376 0.658136 -0.559883
vn 0.691918 0.553958 -0.463012
vn 0.732176 -0.439567 -0.520287
vn 0.503376 0.658136 -0.559883
vn 0.691918 0.553958 -0.463012
vn 0.637809 -0.319633 -0.700739
vn 0.732176 -0.439567 -0.520287
vn -0.628717 0.748823 -0.209711
vn 0.503376 0.658136 -0.559883
vn 0.534835 0.206056 -0.819447
vn -0.156052 0.630394 -0.760428
vn -0.628717 0.748823 -0.209711
vn 0.534835 0.206056 -0.819447
vn 0.247785 0.720366 -0.647823
vn -0.156052 0.630394 -0.760428
vn 0.000126 -0.177289 -0.984159
vn -0.156052 0.630394 -0.760428
vn 0.534835 0.206056 -0.819447
vn 0.000126 -0.177289 -0.984159
vn 0.247785 0.720366 -0.647823
vn 0.000126 -0.177289 -0.984159
vn -0.899922 0.187673 -0.393597
vn -0.830257 0.550349 -0.088262
vn 0.247785 0.720366 -0.647823
vn -0.899922 0.187673 -0.393597
vn 0.534835 0.206056 -0.819447
vn 0.183020 -0.904950 -0.384148
vn 0.000126 -0.177289 -0.984159
vn 0.534835 0.206056 -0.819447
vn 0.908416 -0.395442 -0.135672
vn 0.183020 -0.904950 -0.384148
vn 0.503376 0.658136 -0.559883
vn 0.908416 -0.395442 -0.135672
vn 0.534835 0.206056 -0.819447
vn 0.503376 0.658136 -0.559883
vn 0.732176 -0.439567 -0.520287
vn 0.908416 -0.395442 -0.135672
vn -0.730605 0.191263 0.655466
vn -0.050475 0.777415 0.626960
vn -0.810869 0.471946 0.346061
vn -0.730605 0.191263 0.655466
vn -0.193269 0.329820 0.924048
vn -0.050475 0.777415 0.626960
vn -0.193269 0.329820 0.924048
vn 0.019784 0.833968 0.551457
vn -0.050475 0.777415 0.626960
vn -0.193269 0.329820 0.924048
vn 0.137324 0.367359 0.919885
vn 0.019784 0.833968 0.551457
vn 0.137324 0.367359 0.919885
vn 0.217699 0.785836 0.578851
vn 0.019784 0.833968 0.551457
vn 0.137324 0.367359 0.919885
vn 0.552007 0.373428 0.745546
vn 0.217699 0.785836 0.578851
vn 0.552007 0.373428 0.745546
vn 0.691918 0.553958 -0.463012
vn 0.217699 0.785836 0.578851
vn 0.552007 0.373428 0.745546
vn 0.960363 0.165630 -0.224209
vn 0.691918 0.553958 -0.463012
vn 0.960363 0.165630 -0.224209
vn 0.637809 -0.319633 -0.700739
vn 0.691918 0.553958 -0.463012
vn 0.960363 0.165630 -0.224209
vn 0.673561 -0.263446 -0.690588
vn 0.637809 -0.319633 -0.700739
vn -0.899922 0.187673 -0.393597
vn -0.788989 -0.575687 0.214664
vn -0.830257 0.550349 -0.088262
vn -0.899922 0.187673 -0.393597
vn -0.677412 -0.472723 0.563601
vn -0.788989 -0.575687 0.214664
vn 0.000126 -0.177289 -0.984159
vn -0.677412 -0.472723 0.563601
vn -0.899922 0.187673 -0.393597
vn 0.000126 -0.177289 -0.984159
vn 0.183020 -0.904950 -0.384148
vn -0.677412 -0.472723 0.563601
vn 0.908416 -0.395442 -0.135672
vn -0.677412 -0.472723 0.563601
vn 0.183020 -0.904950 -0.384148
vn -0.677412 -0.472723 0.563601
vn 0.908416 -0.395442 -0.135672
vn -0.788989 -0.575687 0.214664
vn -0.788989 -0.575687 0.214664
vn 0.908416 -0.395442 -0.135672
vn 0.732176 -0.439567 -0.520287
vn 0.546944 -0.233028 -0.804083
vn -0.977074 -0.202258 -0.066467
vn 0.604968 -0.222202 -0.764618
vn -0.977074 -0.202258 -0.066467
vn 0.546944 -0.233028 -0.804083
vn 0.497191 -0.262849 -0.826868
vn -0.977074 -0.202258 -0.066467
vn 0.497191 -0.262849 -0.826868
vn -0.973794 -0.198611 -0.110812
vn -0.973794 -0.198611 -0.110812
vn 0.497191 -0.262849 -0.826868
vn -0.954185 -0.234528 -0.185817
vn -0.630787 0.111200 0.767947
vn -0.977074 -0.202258 -0.066467
vn -0.973794 -0.198611 -0.110812
vn -0.630787 0.111200 0.767947
vn -0.973794 -0.198611 -0.110812
vn -0.560907 0.112823 0.820155
vn -0.560907 0.112823 0.820155
vn -0.973794 -0.198611 -0.110812
vn -0.954185 -0.234528 -0.185817
vn -0.560907 0.112823 0.820155
vn -0.954185 -0.234528 -0.185817
vn -0.497518 0.172924 0.850043
vn 0.673561 -0.263446 -0.690588
vn -0.977074 -0.202258 -0.066467
vn -0.954307 -0.298823 0.001623
vn 0.673561 -0.263446 -0.690588
vn 0.604968 -0.222202 -0.764618
vn -0.977074 -0.202258 -0.066467
vn -0.884451 -0.465783 0.028145
vn 0.732176 -0.439567 -0.520287
vn 0.637809 -0.319633 -0.700739
vn -0.884451 -0.465783 0.028145
vn -0.788989 -0.575687 0.214664
vn 0.732176 -0.439567 -0.520287
vn -0.830257 0.550349 -0.088262
vn -0.788989 -0.575687 0.214664
vn -0.884451 -0.465783 0.028145
vn -0.830257 0.550349 -0.088262
vn -0.884451 -0.465783 0.028145
vn -0.810869 0.471946 0.346061
vn -0.810869 0.471946 0.346061
vn -0.954307 -0.298823 0.001623
vn -0.730605 0.191263 0.655466
vn -0.810869 0.471946 0.346061
vn -0.884451 -0.465783 0.028145
vn -0.954307 -0.298823 0.001623
vn 0.973863 0.112424 0.197362
vn 0.497191 -0.262849 -0.826868
vn 0.546944 -0.233028 -0.804083
vn 0.973863 0.112424 0.197362
vn 0.546944 -0.233028 -0.804083
vn 0.992739 0.033197 0.115612
vn 0.992739 0.033197 0.115612
vn 0.546944 -0.233028 -0.804083
vn 0.604968 -0.222202 -0.764618
vn 0.262935 0.395314 0.880109
vn 0.973863 0.112424 0.197362
vn 0.992739 0.033197 0.115612
vn 0.992739 0.033197 0.115612
vn 0.604968 -0.222202 -0.764618
vn 0.988964 0.054796 0.137647
vn 0.262935 0.395314 0.880109
vn 0.992739 0.033197 0.115612
vn 0.278943 0.260800 0.924215
vn 0.278943 0.260800 0.924215
vn 0.992739 0.033197 0.115612
vn 0.988964 0.054796 0.137647
vn 0.244764 0.396837 0.884653
vn 0.262935 0.395314 0.880109
vn 0.278943 0.260800 0.924215
vn 0.278943 0.260800 0.924215
vn 0.988964 0.054796 0.137647
vn 0.390403 0.170272 0.904761
vn 0.244764 0.396837 0.884653
vn 0.278943 0.260800 0.924215
vn 0.205192 0.261526 0.943133
vn 0.205192 0.261526 0.943133
vn 0.278943 0.260800 0.924215
vn 0.390403 0.170272 0.904761
vn 0.226418 0.393911 0.890825
vn 0.244764 0.396837 0.884653
vn 0.205192 0.261526 0.943133
vn 0.205192 0.261526 0.943133
vn 0.390403 0.170272 0.904761
vn 0.149565 0.163594 0.975124
vn 0.226418 0.393911 0.890825
vn 0.205192 0.261526 0.943133
vn 0.136207 0.268757 0.953529
vn 0.136207 0.268757 0.953529
vn 0.205192 0.261526 0.943133
vn 0.149565 0.163594 0.975124
vn -0.497518 0.172924 0.850043
vn 0.226418 0.393911 0.890825
vn 0.136207 0.268757 0.953529
vn 0.136207 0.268757 0.953529
vn 0.149565 0.163594 0.975124
vn -0.066473 0.180949 0.981244
vn -0.497518 0.172924 0.850043
vn 0.136207 0.268757 0.953529
vn -0.560907 0.112823 0.820155
vn -0.560907 0.112823 0.820155
vn 0.136207 0.268757 0.953529
vn -0.066473 0.180949 0.981244
vn -0.560907 0.112823 0.820155
vn -0.066473 0.180949 0.981244
vn -0.630787 0.111200 0.767947
vn 0.988964 0.054796 0.137647
vn 0.604968 -0.222202 -0.764618
vn 0.673561 -0.263446 -0.690588
vn 0.988964 0.054796 0.137647
vn 0.673561 -0.263446 -0.690588
vn 0.960363 0.165630 -0.224209
vn 0.390403 0.170272 0.904761
vn 0.988964 0.054796 0.137647
vn 0.960363 0.165630 -0.224209
vn 0.390403 0.170272 0.904761
vn 0.960363 0.165630 -0.224209
vn 0.552007 0.373428 0.745546
vn 0.149565 0.163594 0.975124
vn 0.390403 0.170272 0.904761
vn 0.552007 0.373428 0.745546
vn 0.149565 0.163594 0.975124
vn 0.552007 0.373428 0.745546
vn 0.137324 0.367359 0.919885
vn -0.066473 0.180949 0.981244
vn 0.149565 0.163594 0.975124
vn 0.137324 0.367359 0.919885
vn -0.066473 0.180949 0.981244
vn 0.137324 0.367359 0.919885
vn -0.193269 0.329820 0.924048
vn -0.630787 0.111200 0.767947
vn -0.066473 0.180949 0.981244
vn -0.193269 0.329820 0.924048
vn -0.630787 0.111200 0.767947
vn -0.193269 0.329820 0.924048
vn -0.730605 0.191263 0.655466
vn -0.730605 0.191263 0.655466
vn -0.977074 -0.202258 -0.066467
vn -0.630787 0.111200 0.767947
vn -0.730605 0.191263 0.655466
vn -0.954307 -0.298823 0.001623
vn -0.977074 -0.202258 -0.066467
vn -0.884451 -0.465783 0.028145
vn 0.673561 -0.263446 -0.690588
vn -0.954307 -0.298823 0.001623
vn -0.884451 -0.465783 0.028145
vn 0.637809 -0.319633 -0.700739
vn 0.673561 -0.263446 -0.690588
vn 0.219882 0.547484 0.807411
vn -0.565339 0.820102 0.088461
vn -0.259224 0.502055 0.825072
vn 0.219882 0.547484 0.807411
vn 0.701714 0.648664 -0.294673
vn -0.565339 0.820102 0.088461
vn 0.701714 0.648664 -0.294673
vn -0.659942 0.575164 0.483387
vn -0.565339 0.820102 0.088461
vn 0.701714 0.648664 -0.294673
vn 0.644685 0.694009 -0.320518
vn -0.659942 0.575164 0.483387
vn 0.644685 0.694009 -0.320518
vn -0.290732 0.674554 0.678566
vn -0.659942 0.575164 0.483387
vn 0.644685 0.694009 -0.320518
vn 0.655876 0.587303 -0.474238
vn -0.290732 0.674554 0.678566
vn 0.655876 0.587303 -0.474238
vn -0.438479 0.849715 -0.292781
vn -0.290732 0.674554 0.678566
vn 0.655876 0.587303 -0.474238
vn -0.260767 0.735685 -0.625115
vn -0.438479 0.849715 -0.292781
vn -0.260767 0.735685 -0.625115
vn -0.532730 -0.543100 -0.649031
vn -0.438479 0.849715 -0.292781
vn -0.260767 0.735685 -0.625115
vn -0.845224 -0.368688 -0.386866
vn -0.532730 -0.543100 -0.649031
vn -0.290732 0.674554 0.678566
vn -0.438479 0.849715 -0.292781
vn -0.921517 0.358387 -0.149548
vn -0.659942 0.575164 0.483387
vn -0.290732 0.674554 0.678566
vn -0.921517 0.358387 -0.149548
vn -0.565339 0.820102 0.088461
vn -0.659942 0.575164 0.483387
vn -0.886877 -0.072024 0.456357
vn -0.659942 0.575164 0.483387
vn -0.921517 0.358387 -0.149548
vn -0.886877 -0.072024 0.456357
vn -0.565339 0.820102 0.088461
vn -0.886877 -0.072024 0.456357
vn -0.499808 0.165952 0.850089
vn -0.259224 0.502055 0.825072
vn -0.565339 0.820102 0.088461
vn -0.499808 0.165952 0.850089
vn -0.921517 0.358387 -0.149548
vn -0.487331 -0.871857 0.048720
vn -0.886877 -0.072024 0.456357
vn -0.921517 0.358387 -0.149548
vn 0.094998 -0.401742 -0.910812
vn -0.487331 -0.871857 0.048720
vn -0.438479 0.849715 -0.292781
vn 0.094998 -0.401742 -0.910812
vn -0.921517 0.358387 -0.149548
vn -0.438479 0.849715 -0.292781
vn -0.532730 -0.543100 -0.649031
vn 0.094998 -0.401742 -0.910812
vn 0.762740 0.212246 0.610884
vn 0.701714 0.648664 -0.294673
vn 0.219882 0.547484 0.807411
vn 0.762740 0.212246 0.610884
vn 0.923602 0.230929 -0.305992
vn 0.701714 0.648664 -0.294673
vn 0.923602 0.230929 -0.305992
vn 0.644685 0.694009 -0.320518
vn 0.701714 0.648664 -0.294673
vn 0.923602 0.230929 -0.305992
vn 0.830404 0.212715 -0.514957
vn 0.644685 0.694009 -0.320518
vn 0.830404 0.212715 -0.514957
vn 0.655876 0.587303 -0.474238
vn 0.644685 0.694009 -0.320518
vn 0.830404 0.212715 -0.514957
vn 0.698549 0.199385 -0.687222
vn 0.655876 0.587303 -0.474238
vn 0.698549 0.199385 -0.687222
vn -0.260767 0.735685 -0.625115
vn 0.655876 0.587303 -0.474238
vn 0.698549 0.199385 -0.687222
vn 0.095880 0.185970 -0.977866
vn -0.260767 0.735685 -0.625115
vn 0.095880 0.185970 -0.977866
vn -0.845224 -0.368688 -0.386866
vn -0.260767 0.735685 -0.625115
vn 0.095880 0.185970 -0.977866
vn -0.830894 -0.302704 -0.466890
vn -0.845224 -0.368688 -0.386866
vn -0.499808 0.165952 0.850089
vn -0.105331 -0.613337 0.782766
vn -0.259224 0.502055 0.825072
vn -0.499808 0.165952 0.850089
vn 0.449185 -0.690401 0.567080
vn -0.105331 -0.613337 0.782766
vn -0.886877 -0.072024 0.456357
vn 0.449185 -0.690401 0.567080
vn -0.499808 0.165952 0.850089
vn -0.886877 -0.072024 0.456357
vn -0.487331 -0.871857 0.048720
vn 0.449185 -0.690401 0.567080
vn 0.449185 -0.690401 0.567080
vn -0.487331 -0.871857 0.048720
vn 0.094998 -0.401742 -0.910812
vn 0.094998 -0.401742 -0.910812
vn -0.105331 -0.613337 0.782766
vn 0.449185 -0.690401 0.567080
vn -0.105331 -0.613337 0.782766
vn 0.094998 -0.401742 -0.910812
vn -0.532730 -0.543100 -0.649031
vn -0.426497 -0.160511 0.890133
vn -0.962511 -0.219019 -0.160011
vn -0.968119 -0.241087 -0.067992
vn -0.962511 -0.219019 -0.160011
vn -0.426497 -0.160511 0.890133
vn -0.380577 -0.144084 0.913455
vn -0.962511 -0.219019 -0.160011
vn -0.380577 -0.144084 0.913455
vn -0.931407 -0.222862 -0.287773
vn -0.931407 -0.222862 -0.287773
vn -0.380577 -0.144084 0.913455
vn -0.352504 -0.154779 0.922922
vn 0.937528 0.072466 0.340278
vn -0.352504 -0.154779 0.922922
vn -0.380577 -0.144084 0.913455
vn 0.937528 0.072466 0.340278
vn -0.380577 -0.144084 0.913455
vn 0.982322 0.062486 0.176464
vn 0.982322 0.062486 0.176464
vn -0.380577 -0.144084 0.913455
vn -0.426497 -0.160511 0.890133
vn 0.982322 0.062486 0.176464
vn -0.426497 -0.160511 0.890133
vn 0.990163 0.128438 0.055498
vn -0.291284 -0.413690 0.862563
vn -0.532730 -0.543100 -0.649031
vn -0.845224 -0.368688 -0.386866
vn -0.291284 -0.413690 0.862563
vn -0.105331 -0.613337 0.782766
vn -0.532730 -0.543100 -0.649031
vn -0.259224 0.502055 0.825072
vn -0.105331 -0.613337 0.782766
vn -0.291284 -0.413690 0.862563
vn -0.259224 0.502055 0.825072
vn -0.291284 -0.413690 0.862563
vn 0.219882 0.547484 0.807411
vn 0.219882 0.547484 0.807411
vn -0.309566 -0.253328 0.916512
vn 0.762740 0.212246 0.610884
vn 0.219882 0.547484 0.807411
vn -0.291284 -0.413690 0.862563
vn -0.309566 -0.253328 0.916512
vn 0.425355 0.064263 -0.902742
vn -0.968119 -0.241087 -0.067992
vn -0.962511 -0.219019 -0.160011
vn 0.425355 0.064263 -0.902742
vn -0.962511 -0.219019 -0.160011
vn 0.371398 0.009055 -0.928430
vn 0.371398 0.009055 -0.928430
vn -0.962511 -0.219019 -0.160011
vn -0.931407 -0.222862 -0.287773
vn 0.790220 0.223554 -0.570592
vn 0.425355 0.064263 -0.902742
vn 0.371398 0.009055 -0.928430
vn 0.371398 0.009055 -0.928430
vn -0.931407 -0.222862 -0.287773
vn 0.386694 0.024686 -0.921878
vn 0.790220 0.223554 -0.570592
vn 0.371398 0.009055 -0.928430
vn 0.800197 0.122613 -0.587070
vn 0.800197 0.122613 -0.587070
vn 0.371398 0.009055 -0.928430
vn 0.386694 0.024686 -0.921878
vn 0.795312 0.226099 -0.562457
vn 0.790220 0.223554 -0.570592
vn 0.800197 0.122613 -0.587070
vn 0.800197 0.122613 -0.587070
vn 0.386694 0.024686 -0.921878
vn 0.770105 0.057293 -0.635340
vn 0.795312 0.226099 -0.562457
vn 0.800197 0.122613 -0.587070
vn 0.822071 0.126253 -0.555211
vn 0.822071 0.126253 -0.555211
vn 0.800197 0.122613 -0.587070
vn 0.770105 0.057293 -0.635340
vn 0.801092 0.225313 -0.554514
vn 0.795312 0.226099 -0.562457
vn 0.822071 0.126253 -0.555211
vn 0.822071 0.126253 -0.555211
vn 0.770105 0.057293 -0.635340
vn 0.843140 0.055461 -0.534827
vn 0.801092 0.225313 -0.554514
vn 0.822071 0.126253 -0.555211
vn 0.841682 0.135717 -0.522639
vn 0.841682 0.135717 -0.522639
vn 0.822071 0.126253 -0.555211
vn 0.843140 0.055461 -0.534827
vn 0.990163 0.128438 0.055498
vn 0.801092 0.225313 -0.554514
vn 0.841682 0.135717 -0.522639
vn 0.841682 0.135717 -0.522639
vn 0.843140 0.055461 -0.534827
vn 0.906159 0.079180 -0.415458
vn 0.990163 0.128438 0.055498
vn 0.841682 0.135717 -0.522639
vn 0.982322 0.062486 0.176464
vn 0.982322 0.062486 0.176464
vn 0.841682 0.135717 -0.522639
vn 0.906159 0.079180 -0.415458
vn 0.982322 0.062486 0.176464
vn 0.906159 0.079180 -0.415458
vn 0.937528 0.072466 0.340278
vn 0.386694 0.024686 -0.921878
vn -0.931407 -0.222862 -0.287773
vn -0.830894 -0.302704 -0.466890
vn 0.386694 0.024686 -0.921878
vn -0.830894 -0.302704 -0.466890
vn 0.095880 0.185970 -0.977866
vn 0.770105 0.057293 -0.635340
vn 0.386694 0.024686 -0.921878
vn 0.095880 0.185970 -0.977866
vn 0.770105 0.057293 -0.635340
vn 0.095880 0.185970 -0.977866
vn 0.698549 0.199385 -0.687222
vn 0.843140 0.055461 -0.534827
vn 0.770105 0.057293 -0.635340
vn 0.698549 0.199385 -0.687222
vn 0.843140 0.055461 -0.534827
vn 0.698549 0.199385 -0.687222
vn 0.830404 0.212715 -0.514957
vn 0.906159 0.079180 -0.415458
vn 0.843140 0.055461 -0.534827
vn 0.830404 0.212715 -0.514957
vn 0.906159 0.079180 -0.415458
vn 0.830404 0.212715 -0.514957
vn 0.923602 0.230929 -0.305992
vn 0.937528 0.072466 0.340278
vn 0.906159 0.079180 -0.415458
vn 0.923602 0.230929 -0.305992
vn 0.937528 0.072466 0.340278
vn 0.923602 0.230929 -0.305992
vn 0.762740 0.212246 0.610884
vn 0.762740 0.212246 0.610884
vn -0.352504 -0.154779 0.922922
vn 0.937528 0.072466 0.340278
vn 0.762740 0.212246 0.610884
vn -0.309566 -0.253328 0.916512
vn -0.352504 -0.154779 0.922922
vn -0.830894 -0.302704 -0.466890
vn -0.352504 -0.154779 0.922922
vn -0.309566 -0.253328 0.916512
vn -0.830894 -0.302704 -0.466890
vn -0.931407 -0.222862 -0.287773
vn -0.352504 -0.154779 0.922922
vn -0.291284 -0.413690 0.862563
vn -0.830894 -0.302704 -0.466890
vn -0.309566 -0.253328 0.916512
vn -0.291284 -0.413690 0.862563
vn -0.845224 -0.368688 -0.386866
vn -0.830894 -0.302704 -0.466890
vn 0.125774 0.481987 -0.867104
vn 0.463108 0.869879 0.169826
vn 0.488483 0.454522 -0.744846
vn 0.125774 0.481987 -0.867104
vn -0.715550 0.695052 0.069934
vn 0.463108 0.869879 0.169826
vn -0.715550 0.695052 0.069934
vn 0.744459 0.610422 -0.270491
vn 0.463108 0.869879 0.169826
vn -0.715550 0.695052 0.069934
vn -0.672009 0.730272 0.122912
vn 0.744459 0.610422 -0.270491
vn -0.672009 0.730272 0.122912
vn 0.467082 0.649754 -0.599711
vn 0.744459 0.610422 -0.270491
vn -0.672009 0.730272 0.122912
vn -0.732739 0.618228 0.284409
vn 0.467082 0.649754 -0.599711
vn -0.732739 0.618228 0.284409
vn 0.174645 0.837582 0.517644
vn 0.467082 0.649754 -0.599711
vn -0.732739 0.618228 0.284409
vn -0.080083 0.674057 0.734325
vn 0.174645 0.837582 0.517644
vn -0.080083 0.674057 0.734325
vn 0.155601 -0.501866 0.850835
vn 0.174645 0.837582 0.517644
vn -0.080083 0.674057 0.734325
vn 0.516980 -0.379274 0.767387
vn 0.155601 -0.501866 0.850835
vn 0.467082 0.649754 -0.599711
vn 0.174645 0.837582 0.517644
vn 0.695465 0.389289 0.603972
vn 0.744459 0.610422 -0.270491
vn 0.467082 0.649754 -0.599711
vn 0.695465 0.389289 0.603972
vn 0.463108 0.869879 0.169826
vn 0.744459 0.610422 -0.270491
vn 0.979797 -0.107416 -0.168697
vn 0.744459 0.610422 -0.270491
vn 0.695465 0.389289 0.603972
vn 0.979797 -0.107416 -0.168697
vn 0.463108 0.869879 0.169826
vn 0.979797 -0.107416 -0.168697
vn 0.698694 0.133203 -0.702911
vn 0.488483 0.454522 -0.744846
vn 0.463108 0.869879 0.169826
vn 0.698694 0.133203 -0.702911
vn 0.695465 0.389289 0.603972
vn 0.436924 -0.892664 0.110672
vn 0.979797 -0.107416 -0.168697
vn 0.695465 0.389289 0.603972
vn -0.387038 -0.341486 0.856498
vn 0.436924 -0.892664 0.110672
vn 0.174645 0.837582 0.517644
vn -0.387038 -0.341486 0.856498
vn 0.695465 0.389289 0.603972
vn 0.174645 0.837582 0.517644
vn 0.155601 -0.501866 0.850835
vn -0.387038 -0.341486 0.856498
vn -0.327268 0.197168 -0.924132
vn -0.715550 0.695052 0.069934
vn 0.125774 0.481987 -0.867104
vn -0.327268 0.197168 -0.924132
vn -0.957965 0.285542 -0.027723
vn -0.715550 0.695052 0.069934
vn -0.957965 0.285542 -0.027723
vn -0.672009 0.730272 0.122912
vn -0.715550 0.695052 0.069934
vn -0.957965 0.285542 -0.027723
vn -0.929896 0.257612 0.262545
vn -0.672009 0.730272 0.122912
vn -0.929896 0.257612 0.262545
vn -0.732739 0.618228 0.284409
vn -0.672009 0.730272 0.122912
vn -0.929896 0.257612 0.262545
vn -0.839703 0.230589 0.491658
vn -0.732739 0.618228 0.284409
vn -0.839703 0.230589 0.491658
vn -0.080083 0.674057 0.734325
vn -0.732739 0.618228 0.284409
vn -0.839703 0.230589 0.491658
vn -0.412891 0.182393 0.892331
vn -0.080083 0.674057 0.734325
vn -0.412891 0.182393 0.892331
vn 0.516980 -0.379274 0.767387
vn -0.080083 0.674057 0.734325
vn -0.412891 0.182393 0.892331
vn 0.458897 -0.302428 0.835434
vn 0.516980 -0.379274 0.767387
vn 0.698694 0.133203 -0.702911
vn 0.376654 -0.559450 -0.738341
vn 0.488483 0.454522 -0.744846
vn 0.698694 0.133203 -0.702911
vn -0.074287 -0.644721 -0.760800
vn 0.376654 -0.559450 -0.738341
vn 0.979797 -0.107416 -0.168697
vn -0.074287 -0.644721 -0.760800
vn 0.698694 0.133203 -0.702911
vn 0.979797 -0.107416 -0.168697
vn 0.436924 -0.892664 0.110672
vn -0.074287 -0.644721 -0.760800
vn -0.387038 -0.341486 0.856498
vn -0.074287 -0.644721 -0.760800
vn 0.436924 -0.892664 0.110672
vn 0.155601 -0.501866 0.850835
vn -0.074287 -0.644721 -0.760800
vn -0.387038 -0.341486 0.856498
vn -0.074287 -0.644721 -0.760800
vn 0.155601 -0.501866 0.850835
vn 0.376654 -0.559450 -0.738341
vn 0.641558 -0.174053 -0.747066
vn 0.751688 -0.251267 0.609779
vn 0.813119 -0.283292 0.508511
vn 0.751688 -0.251267 0.609779
vn 0.641558 -0.174053 -0.747066
vn 0.609616 -0.156949 -0.777004
vn 0.751688 -0.251267 0.609779
vn 0.609616 -0.156949 -0.777004
vn 0.644710 -0.242725 0.724868
vn 0.644710 -0.242725 0.724868
vn 0.609616 -0.156949 -0.777004
vn 0.589439 -0.165277 -0.790725
vn -0.612864 0.079724 -0.786156
vn 0.589439 -0.165277 -0.790725
vn 0.609616 -0.156949 -0.777004
vn -0.612864 0.079724 -0.786156
vn 0.609616 -0.156949 -0.777004
vn -0.757373 0.078192 -0.648285
vn -0.757373 0.078192 -0.648285
vn 0.609616 -0.156949 -0.777004
vn 0.641558 -0.174053 -0.747066
vn -0.757373 0.078192 -0.648285
vn 0.641558 -0.174053 -0.747066
vn -0.842854 0.159080 -0.514092
vn 0.528985 -0.392118 -0.752608
vn 0.155601 -0.501866 0.850835
vn 0.516980 -0.379274 0.767387
vn 0.528985 -0.392118 -0.752608
vn 0.376654 -0.559450 -0.738341
vn 0.155601 -0.501866 0.850835
vn 0.488483 0.454522 -0.744846
vn 0.376654 -0.559450 -0.738341
vn 0.528985 -0.392118 -0.752608
vn 0.488483 0.454522 -0.744846
vn 0.528985 -0.392118 -0.752608
vn 0.125774 0.481987 -0.867104
vn 0.125774 0.481987 -0.867104
vn 0.554697 -0.250520 -0.793442
vn -0.327268 0.197168 -0.924132
vn 0.125774 0.481987 -0.867104
vn 0.528985 -0.392118 -0.752608
vn 0.554697 -0.250520 -0.793442
vn -0.644181 0.086041 0.760019
vn 0.813119 -0.283292 0.508511
vn 0.751688 -0.251267 0.609779
vn -0.644181 0.086041 0.760019
vn 0.751688 -0.251267 0.609779
vn -0.606272 0.034560 0.794506
vn -0.606272 0.034560 0.794506
vn 0.751688 -0.251267 0.609779
vn 0.644710 -0.242725 0.724868
vn -0.902544 0.264782 0.339564
vn -0.644181 0.086041 0.760019
vn -0.606272 0.034560 0.794506
vn -0.606272 0.034560 0.794506
vn 0.644710 -0.242725 0.724868
vn -0.617063 0.049007 0.785386
vn -0.902544 0.264782 0.339564
vn -0.606272 0.034560 0.794506
vn -0.921624 0.159195 0.353928
vn -0.921624 0.159195 0.353928
vn -0.606272 0.034560 0.794506
vn -0.617063 0.049007 0.785386
vn -0.905559 0.268020 0.328828
vn -0.902544 0.264782 0.339564
vn -0.921624 0.159195 0.353928
vn -0.921624 0.159195 0.353928
vn -0.617063 0.049007 0.785386
vn -0.904795 0.088822 0.416480
vn -0.905559 0.268020 0.328828
vn -0.921624 0.159195 0.353928
vn -0.936228 0.164355 0.310588
vn -0.936228 0.164355 0.310588
vn -0.921624 0.159195 0.353928
vn -0.904795 0.088822 0.416480
vn -0.909480 0.267835 0.317980
vn -0.905559 0.268020 0.328828
vn -0.936228 0.164355 0.310588
vn -0.936228 0.164355 0.310588
vn -0.904795 0.088822 0.416480
vn -0.956296 0.088410 0.278715
vn -0.909480 0.267835 0.317980
vn -0.936228 0.164355 0.310588
vn -0.947757 0.175732 0.266223
vn -0.947757 0.175732 0.266223
vn -0.936228 0.164355 0.310588
vn -0.956296 0.088410 0.278715
vn -0.842854 0.159080 -0.514092
vn -0.909480 0.267835 0.317980
vn -0.947757 0.175732 0.266223
vn -0.947757 0.175732 0.266223
vn -0.956296 0.088410 0.278715
vn -0.987101 0.115652 0.110705
vn -0.842854 0.159080 -0.514092
vn -0.947757 0.175732 0.266223
vn -0.757373 0.078192 -0.648285
vn -0.757373 0.078192 -0.648285
vn -0.947757 0.175732 0.266223
vn -0.987101 0.115652 0.110705
vn -0.757373 0.078192 -0.648285
vn -0.987101 0.115652 0.110705
vn -0.612864 0.079724 -0.786156
vn -0.617063 0.049007 0.785386
vn 0.644710 -0.242725 0.724868
vn 0.458897 -0.302428 0.835434
vn -0.617063 0.049007 0.785386
vn 0.458897 -0.302428 0.835434
vn -0.412891 0.182393 0.892331
vn -0.904795 0.088822 0.416480
vn -0.617063 0.049007 0.785386
vn -0.412891 0.182393 0.892331
vn -0.904795 0.088822 0.416480
vn -0.412891 0.182393 0.892331
vn -0.839703 0.230589 0.491658
vn -0.956296 0.088410 0.278715
vn -0.904795 0.088822 0.416480
vn -0.839703 0.230589 0.491658
vn -0.956296 0.088410 0.278715
vn -0.839703 0.230589 0.491658
vn -0.929896 0.257612 0.262545
vn -0.987101 0.115652 0.110705
vn -0.956296 0.088410 0.278715
vn -0.929896 0.257612 0.262545
vn -0.987101 0.115652 0.110705
vn -0.929896 0.257612 0.262545
vn -0.957965 0.285542 -0.027723
vn -0.612864 0.079724 -0.786156
vn -0.987101 0.115652 0.110705
vn -0.957965 0.285542 -0.027723
vn -0.612864 0.079724 -0.786156
vn -0.957965 0.285542 -0.027723
vn -0.327268 0.197168 -0.924132
vn -0.327268 0.197168 -0.924132
vn 0.589439 -0.165277 -0.790725
vn -0.612864 0.079724 -0.786156
vn -0.327268 0.197168 -0.924132
vn 0.554697 -0.250520 -0.793442
vn 0.589439 -0.165277 -0.790725
vn 0.458897 -0.302428 0.835434
vn 0.589439 -0.165277 -0.790725
vn 0.554697 -0.250520 -0.793442
vn 0.458897 -0.302428 0.835434
vn 0.644710 -0.242725 0.724868
vn 0.589439 -0.165277 -0.790725
vn 0.528985 -0.392118 -0.752608
vn 0.458897 -0.302428 0.835434
vn 0.554697 -0.250520 -0.793442
vn 0.528985 -0.392118 -0.752608
vn 0.516980 -0.379274 0.767387
vn 0.458897 -0.302428 0.835434
vn 0.131246 0.696511 -0.705441
vn 0.880720 0.230965 -0.413506
vn 0.414745 0.397031 -0.818751
vn 0.131246 0.696511 -0.705441
vn 0.390042 0.868915 0.304719
vn 0.880720 0.230965 -0.413506
vn 0.390042 0.868915 0.304719
vn 0.746618 0.171322 -0.642815
vn 0.880720 0.230965 -0.413506
vn 0.390042 0.868915 0.304719
vn 0.497239 0.827861 0.259615
vn 0.746618 0.171322 -0.642815
vn 0.497239 0.827861 0.259615
vn 0.590624 0.406905 -0.696844
vn 0.746618 0.171322 -0.642815
vn 0.497239 0.827861 0.259615
vn 0.448974 0.759251 0.471126
vn 0.590624 0.406905 -0.696844
vn 0.448974 0.759251 0.471126
vn 0.948550 0.228702 -0.218973
vn 0.590624 0.406905 -0.696844
vn 0.448974 0.759251 0.471126
vn 0.978984 0.203627 0.011224
vn 0.948550 0.228702 -0.218973
vn 0.978984 0.203627 0.011224
vn 0.070375 -0.871247 0.485773
vn 0.948550 0.228702 -0.218973
vn 0.978984 0.203627 0.011224
vn 0.487298 -0.871870 0.048823
vn 0.070375 -0.871247 0.485773
vn 0.590624 0.406905 -0.696844
vn 0.948550 0.228702 -0.218973
vn 0.928354 -0.140047 -0.344305
vn 0.746618 0.171322 -0.642815
vn 0.590624 0.406905 -0.696844
vn 0.928354 -0.140047 -0.344305
vn 0.880720 0.230965 -0.413506
vn 0.746618 0.171322 -0.642815
vn 0.495309 -0.393745 -0.774360
vn 0.746618 0.171322 -0.642815
vn 0.928354 -0.140047 -0.344305
vn 0.495309 -0.393745 -0.774360
vn 0.880720 0.230965 -0.413506
vn 0.495309 -0.393745 -0.774360
vn 0.261500 0.094499 -0.960566
vn 0.414745 0.397031 -0.818751
vn 0.880720 0.230965 -0.413506
vn 0.261500 0.094499 -0.960566
vn 0.928354 -0.140047 -0.344305
vn -0.611491 -0.785134 0.098199
vn 0.495309 -0.393745 -0.774360
vn 0.928354 -0.140047 -0.344305
vn -0.171546 -0.468280 0.866767
vn -0.611491 -0.785134 0.098199
vn 0.948550 0.228702 -0.218973
vn -0.171546 -0.468280 0.866767
vn 0.928354 -0.140047 -0.344305
vn 0.948550 0.228702 -0.218973
vn 0.070375 -0.871247 0.485773
vn -0.171546 -0.468280 0.866767
vn -0.688950 0.700183 -0.187329
vn 0.390042 0.868915 0.304719
vn 0.131246 0.696511 -0.705441
vn -0.688950 0.700183 -0.187329
vn -0.421321 0.630412 0.651973
vn 0.390042 0.868915 0.304719
vn -0.421321 0.630412 0.651973
vn 0.497239 0.827861 0.259615
vn 0.390042 0.868915 0.304719
vn -0.421321 0.630412 0.651973
vn -0.255322 0.522189 0.813713
vn 0.497239 0.827861 0.259615
vn -0.255322 0.522189 0.813713
vn 0.448974 0.759251 0.471126
vn 0.497239 0.827861 0.259615
vn -0.255322 0.522189 0.813713
vn -0.049355 0.394849 0.917419
vn 0.448974 0.759251 0.471126
vn -0.049355 0.394849 0.917419
vn 0.978984 0.203627 0.011224
vn 0.448974 0.759251 0.471126
vn -0.049355 0.394849 0.917419
vn 0.651281 -0.047026 0.757379
vn 0.978984 0.203627 0.011224
vn 0.651281 -0.047026 0.757379
vn 0.487298 -0.871870 0.048823
vn 0.978984 0.203627 0.011224
vn 0.651281 -0.047026 0.757379
vn 0.588284 -0.803893 0.087623
vn 0.487298 -0.871870 0.048823
vn 0.261500 0.094499 -0.960566
vn -0.901426 -0.296683 -0.315293
vn 0.414745 0.397031 -0.818751
vn 0.261500 0.094499 -0.960566
vn -0.990477 -0.122193 0.063430
vn -0.901426 -0.296683 -0.315293
vn 0.495309 -0.393745 -0.774360
vn -0.990477 -0.122193 0.063430
vn 0.261500 0.094499 -0.960566
vn 0.495309 -0.393745 -0.774360
vn -0.611491 -0.785134 0.098199
vn -0.990477 -0.122193 0.063430
vn -0.171546 -0.468280 0.866767
vn -0.990477 -0.122193 0.063430
vn -0.611491 -0.785134 0.098199
vn -0.990477 -0.122193 0.063430
vn -0.171546 -0.468280 0.866767
vn 0.070375 -0.871247 0.485773
vn -0.990477 -0.122193 0.063430
vn 0.070375 -0.871247 0.485773
vn -0.901426 -0.296683 -0.315293
vn 0.659362 -0.705683 -0.259332
vn -0.363562 -0.081453 -0.928002
vn 0.680701 -0.718907 -0.140778
vn 0.606943 -0.721916 -0.332352
vn -0.363562 -0.081453 -0.928002
vn 0.659362 -0.705683 -0.259332
vn 0.606943 -0.721916 -0.332352
vn -0.315206 -0.090520 -0.944696
vn -0.363562 -0.081453 -0.928002
vn -0.315206 -0.090520 -0.944696
vn 0.606943 -0.721916 -0.332352
vn -0.282487 -0.139465 -0.949079
vn -0.819171 0.552214 0.154980
vn -0.363562 -0.081453 -0.928002
vn -0.315206 -0.090520 -0.944696
vn -0.819171 0.552214 0.154980
vn -0.315206 -0.090520 -0.944696
vn -0.797078 0.527824 0.293374
vn -0.797078 0.527824 0.293374
vn -0.315206 -0.090520 -0.944696
vn -0.282487 -0.139465 -0.949079
vn -0.797078 0.527824 0.293374
vn -0.282487 -0.139465 -0.949079
vn -0.716482 0.587331 0.376424
vn 0.588284 -0.803893 0.087623
vn -0.363562 -0.081453 -0.928002
vn -0.539155 -0.146453 -0.829376
vn 0.588284 -0.803893 0.087623
vn 0.680701 -0.718907 -0.140778
vn -0.363562 -0.081453 -0.928002
vn -0.712204 -0.275854 -0.645500
vn 0.070375 -0.871247 0.485773
vn 0.487298 -0.871870 0.048823
vn -0.712204 -0.275854 -0.645500
vn -0.901426 -0.296683 -0.315293
vn 0.070375 -0.871247 0.485773
vn 0.414745 0.397031 -0.818751
vn -0.901426 -0.296683 -0.315293
vn -0.712204 -0.275854 -0.645500
vn 0.414745 0.397031 -0.818751
vn -0.712204 -0.275854 -0.645500
vn 0.131246 0.696511 -0.705441
vn 0.131246 0.696511 -0.705441
vn -0.539155 -0.146453 -0.829376
vn -0.688950 0.700183 -0.187329
vn 0.131246 0.696511 -0.705441
vn -0.712204 -0.275854 -0.645500
vn -0.539155 -0.146453 -0.829376
vn 0.142360 0.044699 0.988805
vn 0.606943 -0.721916 -0.332352
vn 0.659362 -0.705683 -0.259332
vn 0.142360 0.044699 0.988805
vn 0.659362 -0.705683 -0.259332
vn 0.126580 -0.042184 0.991059
vn 0.126580 -0.042184 0.991059
vn 0.659362 -0.705683 -0.259332
vn 0.680701 -0.718907 -0.140778
vn -0.171033 0.501727 0.847949
vn 0.142360 0.044699 0.988805
vn 0.126580 -0.042184 0.991059
vn 0.126580 -0.042184 0.991059
vn 0.680701 -0.718907 -0.140778
vn 0.131356 -0.018101 0.991170
vn -0.171033 0.501727 0.847949
vn 0.126580 -0.042184 0.991059
vn -0.307582 0.385192 0.870069
vn -0.307582 0.385192 0.870069
vn 0.126580 -0.042184 0.991059
vn 0.131356 -0.018101 0.991170
vn -0.176864 0.509350 0.842188
vn -0.171033 0.501727 0.847949
vn -0.307582 0.385192 0.870069
vn -0.307582 0.385192 0.870069
vn 0.131356 -0.018101 0.991170
vn -0.335694 0.288141 0.896819
vn -0.176864 0.509350 0.842188
vn -0.307582 0.385192 0.870069
vn -0.338318 0.406734 0.848592
vn -0.338318 0.406734 0.848592
vn -0.307582 0.385192 0.870069
vn -0.335694 0.288141 0.896819
vn -0.188050 0.513318 0.837342
vn -0.176864 0.509350 0.842188
vn -0.338318 0.406734 0.848592
vn -0.338318 0.406734 0.848592
vn -0.335694 0.288141 0.896819
vn -0.443845 0.341022 0.828677
vn -0.188050 0.513318 0.837342
vn -0.338318 0.406734 0.848592
vn -0.360009 0.433853 0.825933
vn -0.360009 0.433853 0.825933
vn -0.338318 0.406734 0.848592
vn -0.443845 0.341022 0.828677
vn -0.716482 0.587331 0.376424
vn -0.188050 0.513318 0.837342
vn -0.360009 0.433853 0.825933
vn -0.360009 0.433853 0.825933
vn -0.443845 0.341022 0.828677
vn -0.520227 0.417652 0.744937
vn -0.716482 0.587331 0.376424
vn -0.360009 0.433853 0.825933
vn -0.797078 0.527824 0.293374
vn -0.797078 0.527824 0.293374
vn -0.360009 0.433853 0.825933
vn -0.520227 0.417652 0.744937
vn -0.797078 0.527824 0.293374
vn -0.520227 0.417652 0.744937
vn -0.819171 0.552214 0.154980
vn 0.131356 -0.018101 0.991170
vn 0.680701 -0.718907 -0.140778
vn 0.588284 -0.803893 0.087623
vn 0.131356 -0.018101 0.991170
vn 0.588284 -0.803893 0.087623
vn 0.651281 -0.047026 0.757379
vn -0.335694 0.288141 0.896819
vn 0.131356 -0.018101 0.991170
vn 0.651281 -0.047026 0.757379
vn -0.335694 0.288141 0.896819
vn 0.651281 -0.047026 0.757379
vn -0.049355 0.394849 0.917419
vn -0.443845 0.341022 0.828677
vn -0.335694 0.288141 0.896819
vn -0.049355 0.394849 0.917419
vn -0.443845 0.341022 0.828677
vn -0.049355 0.394849 0.917419
vn -0.255322 0.522189 0.813713
vn -0.520227 0.417652 0.744937
vn -0.443845 0.341022 0.828677
vn -0.255322 0.522189 0.813713
vn -0.520227 0.417652 0.744937
vn -0.255322 0.522189 0.813713
vn -0.421321 0.630412 0.651973
vn -0.819171 0.552214 0.154980
vn -0.520227 0.417652 0.744937
vn -0.421321 0.630412 0.651973
vn -0.819171 0.552214 0.154980
vn -0.421321 0.630412 0.651973
vn -0.688950 0.700183 -0.187329
vn -0.688950 0.700183 -0.187329
vn -0.363562 -0.081453 -0.928002
vn -0.819171 0.552214 0.154980
vn -0.688950 0.700183 -0.187329
vn -0.539155 -0.146453 -0.829376
vn -0.363562 -0.081453 -0.928002
vn -0.712204 -0.275854 -0.645500
vn 0.588284 -0.803893 0.087623
vn -0.539155 -0.146453 -0.829376
vn -0.712204 -0.275854 -0.645500
vn 0.487298 -0.871870 0.048823
vn 0.588284 -0.803893 0.087623
vn 0.542517 0.221147 -0.810413
vn 0.937982 0.337431 -0.079563
vn 0.727983 0.110016 -0.676711
vn 0.542517 0.221147 -0.810413
vn 0.287651 0.880371 -0.377101
vn 0.937982 0.337431 -0.079563
vn 0.287651 0.880371 -0.377101
vn 0.943034 0.127941 -0.307112
vn 0.937982 0.337431 -0.079563
vn 0.287651 0.880371 -0.377101
vn 0.358255 0.877771 -0.318075
vn 0.943034 0.127941 -0.307112
vn 0.358255 0.877771 -0.318075
vn 0.795756 0.207382 -0.569004
vn 0.943034 0.127941 -0.307112
vn 0.358255 0.877771 -0.318075
vn 0.178967 0.977863 -0.108419
vn 0.795756 0.207382 -0.569004
vn 0.178967 0.977863 -0.108419
vn 0.864542 0.469292 0.179810
vn 0.795756 0.207382 -0.569004
vn 0.178967 0.977863 -0.108419
vn 0.668292 0.562105 0.487261
vn 0.864542 0.469292 0.179810
vn 0.668292 0.562105 0.487261
vn -0.409778 -0.316302 0.855590
vn 0.864542 0.469292 0.179810
vn 0.668292 0.562105 0.487261
vn -0.104046 -0.400445 0.910395
vn -0.409778 -0.316302 0.855590
vn 0.795756 0.207382 -0.569004
vn 0.864542 0.469292 0.179810
vn 0.843095 0.039748 0.536294
vn 0.943034 0.127941 -0.307112
vn 0.795756 0.207382 -0.569004
vn 0.843095 0.039748 0.536294
vn 0.937982 0.337431 -0.079563
vn 0.943034 0.127941 -0.307112
vn 0.814985 -0.578340 0.036363
vn 0.943034 0.127941 -0.307112
vn 0.843095 0.039748 0.536294
vn 0.814985 -0.578340 0.036363
vn 0.937982 0.337431 -0.079563
vn 0.814985 -0.578340 0.036363
vn 0.728192 -0.167979 -0.664470
vn 0.727983 0.110016 -0.676711
vn 0.937982 0.337431 -0.079563
vn 0.728192 -0.167979 -0.664470
vn 0.843095 0.039748 0.536294
vn -0.579274 -0.673360 0.459378
vn 0.814985 -0.578340 0.036363
vn 0.843095 0.039748 0.536294
vn -0.613656 -0.077448 0.785766
vn -0.579274 -0.673360 0.459378
vn 0.864542 0.469292 0.179810
vn -0.613656 -0.077448 0.785766
vn 0.843095 0.039748 0.536294
vn 0.864542 0.469292 0.179810
vn -0.409778 -0.316302 0.855590
vn -0.613656 -0.077448 0.785766
vn 0.059166 0.222198 -0.973205
vn 0.287651 0.880371 -0.377101
vn 0.542517 0.221147 -0.810413
vn 0.059166 0.222198 -0.973205
vn -0.516392 0.754054 -0.405885
vn 0.287651 0.880371 -0.377101
vn -0.516392 0.754054 -0.405885
vn 0.358255 0.877771 -0.318075
vn 0.287651 0.880371 -0.377101
vn -0.516392 0.754054 -0.405885
vn -0.619014 0.785072 0.021989
vn 0.358255 0.877771 -0.318075
vn -0.619014 0.785072 0.021989
vn 0.178967 0.977863 -0.108419
vn 0.358255 0.877771 -0.318075
vn -0.619014 0.785072 0.021989
vn -0.587623 0.702236 0.401950
vn 0.178967 0.977863 -0.108419
vn -0.587623 0.702236 0.401950
vn 0.668292 0.562105 0.487261
vn 0.178967 0.977863 -0.108419
vn -0.587623 0.702236 0.401950
vn -0.211365 0.351045 0.912191
vn 0.668292 0.562105 0.487261
vn -0.211365 0.351045 0.912191
vn -0.104046 -0.400445 0.910395
vn 0.668292 0.562105 0.487261
vn -0.211365 0.351045 0.912191
vn -0.070902 -0.332534 0.940422
vn -0.104046 -0.400445 0.910395
vn 0.728192 -0.167979 -0.664470
vn -0.366681 -0.713438 -0.597119
vn 0.727983 0.110016 -0.676711
vn 0.728192 -0.167979 -0.664470
vn -0.714911 -0.458179 -0.528180
vn -0.366681 -0.713438 -0.597119
vn 0.814985 -0.578340 0.036363
vn -0.714911 -0.458179 -0.528180
vn 0.728192 -0.167979 -0.664470
vn 0.814985 -0.578340 0.036363
vn -0.579274 -0.673360 0.459378
vn -0.714911 -0.458179 -0.528180
vn -0.613656 -0.077448 0.785766
vn -0.714911 -0.458179 -0.528180
vn -0.579274 -0.673360 0.459378
vn -0.714911 -0.458179 -0.528180
vn -0.613656 -0.077448 0.785766
vn -0.366681 -0.713438 -0.597119
vn -0.366681 -0.713438 -0.597119
vn -0.613656 -0.077448 0.785766
vn -0.409778 -0.316302 0.855590
vn 0.218022 -0.453633 0.864108
vn 0.397909 -0.433331 -0.808636
vn 0.129944 -0.384906 0.913763
vn 0.218022 -0.453633 0.864108
vn 0.427202 -0.435213 -0.792520
vn 0.397909 -0.433331 -0.808636
vn 0.246874 -0.523458 0.815503
vn 0.427202 -0.435213 -0.792520
vn 0.218022 -0.453633 0.864108
vn -0.284773 0.262780 -0.921874
vn 0.397909 -0.433331 -0.808636
vn 0.427202 -0.435213 -0.792520
vn 0.427202 -0.435213 -0.792520
vn 0.246874 -0.523458 0.815503
vn 0.441096 -0.477647 -0.759795
vn -0.284773 0.262780 -0.921874
vn 0.427202 -0.435213 -0.792520
vn -0.422955 0.330800 -0.843612
vn -0.422955 0.330800 -0.843612
vn 0.427202 -0.435213 -0.792520
vn 0.441096 -0.477647 -0.759795
vn -0.422955 0.330800 -0.843612
vn 0.441096 -0.477647 -0.759795
vn -0.426120 0.446739 -0.786668
vn 0.021684 -0.682094 -0.730942
vn -0.409778 -0.316302 0.855590
vn -0.104046 -0.400445 0.910395
vn 0.021684 -0.682094 -0.730942
vn -0.366681 -0.713438 -0.597119
vn -0.409778 -0.316302 0.855590
vn 0.727983 0.110016 -0.676711
vn -0.366681 -0.713438 -0.597119
vn 0.021684 -0.682094 -0.730942
vn 0.727983 0.110016 -0.676711
vn 0.021684 -0.682094 -0.730942
vn 0.542517 0.221147 -0.810413
vn 0.542517 0.221147 -0.810413
vn 0.258938 -0.520003 -0.813971
vn 0.059166 0.222198 -0.973205
vn 0.542517 0.221147 -0.810413
vn 0.021684 -0.682094 -0.730942
vn 0.258938 -0.520003 -0.813971
vn -0.530971 0.368008 0.763309
vn 0.246874 -0.523458 0.815503
vn 0.218022 -0.453633 0.864108
vn -0.530971 0.368008 0.763309
vn 0.218022 -0.453633 0.864108
vn -0.538626 0.290398 0.790917
vn -0.538626 0.290398 0.790917
vn 0.218022 -0.453633 0.864108
vn 0.129944 -0.384906 0.913763
vn -0.595484 0.790522 0.143087
vn -0.530971 0.368008 0.763309
vn -0.538626 0.290398 0.790917
vn -0.538626 0.290398 0.790917
vn 0.129944 -0.384906 0.913763
vn -0.536788 0.311393 0.784151
vn -0.595484 0.790522 0.143087
vn -0.538626 0.290398 0.790917
vn -0.741352 0.637353 0.210187
vn -0.741352 0.637353 0.210187
vn -0.538626 0.290398 0.790917
vn -0.536788 0.311393 0.784151
vn -0.592349 0.796095 0.123921
vn -0.595484 0.790522 0.143087
vn -0.741352 0.637353 0.210187
vn -0.741352 0.637353 0.210187
vn -0.536788 0.311393 0.784151
vn -0.789131 0.522986 0.322115
vn -0.592349 0.796095 0.123921
vn -0.741352 0.637353 0.210187
vn -0.745350 0.651295 0.142367
vn -0.745350 0.651295 0.142367
vn -0.741352 0.637353 0.210187
vn -0.789131 0.522986 0.322115
vn -0.594811 0.796813 0.106245
vn -0.592349 0.796095 0.123921
vn -0.745350 0.651295 0.142367
vn -0.745350 0.651295 0.142367
vn -0.789131 0.522986 0.322115
vn -0.827405 0.546932 0.127538
vn -0.594811 0.796813 0.106245
vn -0.745350 0.651295 0.142367
vn -0.737715 0.671490 0.069837
vn -0.737715 0.671490 0.069837
vn -0.745350 0.651295 0.142367
vn -0.827405 0.546932 0.127538
vn -0.426120 0.446739 -0.786668
vn -0.594811 0.796813 0.106245
vn -0.737715 0.671490 0.069837
vn -0.737715 0.671490 0.069837
vn -0.827405 0.546932 0.127538
vn -0.800581 0.586905 -0.120878
vn -0.426120 0.446739 -0.786668
vn -0.737715 0.671490 0.069837
vn -0.422955 0.330800 -0.843612
vn -0.422955 0.330800 -0.843612
vn -0.737715 0.671490 0.069837
vn -0.800581 0.586905 -0.120878
vn -0.422955 0.330800 -0.843612
vn -0.800581 0.586905 -0.120878
vn -0.284773 0.262780 -0.921874
vn -0.536788 0.311393 0.784151
vn 0.129944 -0.384906 0.913763
vn -0.070902 -0.332534 0.940422
vn -0.536788 0.311393 0.784151
vn -0.070902 -0.332534 0.940422
vn -0.211365 0.351045 0.912191
vn -0.789131 0.522986 0.322115
vn -0.536788 0.311393 0.784151
vn -0.211365 0.351045 0.912191
vn -0.789131 0.522986 0.322115
vn -0.211365 0.351045 0.912191
vn -0.587623 0.702236 0.401950
vn -0.827405 0.546932 0.127538
vn -0.789131 0.522986 0.322115
vn -0.587623 0.702236 0.401950
vn -0.827405 0.546932 0.127538
vn -0.587623 0.702236 0.401950
vn -0.619014 0.785072 0.021989
vn -0.800581 0.586905 -0.120878
vn -0.827405 0.546932 0.127538
vn -0.619014 0.785072 0.021989
vn -0.800581 0.586905 -0.120878
vn -0.619014 0.785072 0.021989
vn -0.516392 0.754054 -0.405885
vn -0.284773 0.262780 -0.921874
vn -0.800581 0.586905 -0.120878
vn -0.516392 0.754054 -0.405885
vn -0.284773 0.262780 -0.921874
vn -0.516392 0.754054 -0.405885
vn 0.059166 0.222198 -0.973205
vn 0.059166 0.222198 -0.973205
vn 0.397909 -0.433331 -0.808636
vn -0.284773 0.262780 -0.921874
vn 0.059166 0.222198 -0.973205
vn 0.258938 -0.520003 -0.813971
vn 0.397909 -0.433331 -0.808636
vn -0.070902 -0.332534 0.940422
vn 0.397909 -0.433331 -0.808636
vn 0.258938 -0.520003 -0.813971
vn -0.070902 -0.332534 0.940422
vn 0.129944 -0.384906 0.913763
vn 0.397909 -0.433331 -0.808636
vn 0.021684 -0.682094 -0.730942
vn -0.070902 -0.332534 0.940422
vn 0.258938 -0.520003 -0.813971
vn 0.021684 -0.682094 -0.730942
vn -0.104046 -0.400445 0.910395
vn -0.070902 -0.332534 0.940422
vn 0.906133 -0.061969 -0.418429
vn 0.806327 0.583437 0.097152
vn 0.992880 -0.004256 -0.119045
vn 0.906133 -0.061969 -0.418429
vn 0.644527 0.268253 -0.715979
vn 0.806327 0.583437 0.097152
vn 0.644527 0.268253 -0.715979
vn 0.890386 0.342879 0.299409
vn 0.806327 0.583437 0.097152
vn 0.644527 0.268253 -0.715979
vn 0.655272 0.308523 -0.689516
vn 0.890386 0.342879 0.299409
vn 0.655272 0.308523 -0.689516
vn 0.979161 0.147587 -0.139506
vn 0.890386 0.342879 0.299409
vn 0.655272 0.308523 -0.689516
vn 0.561216 0.360826 -0.744876
vn 0.979161 0.147587 -0.139506
vn 0.561216 0.360826 -0.744876
vn 0.652902 0.757196 0.019324
vn 0.979161 0.147587 -0.139506
vn 0.561216 0.360826 -0.744876
vn 0.411790 0.909981 -0.048617
vn 0.652902 0.757196 0.019324
vn 0.411790 0.909981 -0.048617
vn -0.830835 0.062054 0.553049
vn 0.652902 0.757196 0.019324
vn 0.411790 0.909981 -0.048617
vn -0.702630 0.110367 0.702944
vn -0.830835 0.062054 0.553049
vn 0.979161 0.147587 -0.139506
vn 0.652902 0.757196 0.019324
vn -0.028260 0.592694 0.804932
vn 0.890386 0.342879 0.299409
vn 0.979161 0.147587 -0.139506
vn -0.028260 0.592694 0.804932
vn 0.806327 0.583437 0.097152
vn 0.890386 0.342879 0.299409
vn -0.145386 -0.037092 0.988679
vn 0.890386 0.342879 0.299409
vn -0.028260 0.592694 0.804932
vn -0.145386 -0.037092 0.988679
vn 0.806327 0.583437 0.097152
vn -0.145386 -0.037092 0.988679
vn 0.883693 -0.242854 0.400136
vn 0.992880 -0.004256 -0.119045
vn 0.806327 0.583437 0.097152
vn 0.883693 -0.242854 0.400136
vn -0.028260 0.592694 0.804932
vn -0.772027 -0.276849 0.572126
vn -0.145386 -0.037092 0.988679
vn -0.028260 0.592694 0.804932
vn -0.966558 0.132087 0.219816
vn -0.772027 -0.276849 0.572126
vn 0.652902 0.757196 0.019324
vn -0.966558 0.132087 0.219816
vn -0.028260 0.592694 0.804932
vn 0.652902 0.757196 0.019324
vn -0.830835 0.062054 0.553049
vn -0.966558 0.132087 0.219816
vn 0.705561 -0.247918 -0.663867
vn 0.644527 0.268253 -0.715979
vn 0.906133 -0.061969 -0.418429
vn 0.705561 -0.247918 -0.663867
vn 0.412389 0.047884 -0.909749
vn 0.644527 0.268253 -0.715979
vn 0.412389 0.047884 -0.909749
vn 0.655272 0.308523 -0.689516
vn 0.644527 0.268253 -0.715979
vn 0.412389 0.047884 -0.909749
vn 0.263175 0.182374 -0.947353
vn 0.655272 0.308523 -0.689516
vn 0.263175 0.182374 -0.947353
vn 0.561216 0.360826 -0.744876
vn 0.655272 0.308523 -0.689516
vn 0.263175 0.182374 -0.947353
vn 0.059390 0.365911 -0.928753
vn 0.561216 0.360826 -0.744876
vn 0.059390 0.365911 -0.928753
vn 0.411790 0.909981 -0.048617
vn 0.561216 0.360826 -0.744876
vn 0.059390 0.365911 -0.928753
vn -0.601068 0.796015 -0.071255
vn 0.411790 0.909981 -0.048617
vn -0.601068 0.796015 -0.071255
vn -0.702630 0.110367 0.702944
vn 0.411790 0.909981 -0.048617
vn -0.601068 0.796015 -0.071255
vn -0.699146 0.164170 0.695876
vn -0.702630 0.110367 0.702944
vn 0.883693 -0.242854 0.400136
vn -0.307705 -0.874735 0.374374
vn 0.992880 -0.004256 -0.119045
vn 0.883693 -0.242854 0.400136
vn -0.321701 -0.930536 -0.174957
vn -0.307705 -0.874735 0.374374
vn -0.145386 -0.037092 0.988679
vn -0.321701 -0.930536 -0.174957
vn 0.883693 -0.242854 0.400136
vn -0.145386 -0.037092 0.988679
vn -0.772027 -0.276849 0.572126
vn -0.321701 -0.930536 -0.174957
vn -0.966558 0.132087 0.219816
vn -0.321701 -0.930536 -0.174957
vn -0.772027 -0.276849 0.572126
vn -0.830835 0.062054 0.553049
vn -0.321701 -0.930536 -0.174957
vn -0.966558 0.132087 0.219816
vn -0.321701 -0.930536 -0.174957
vn -0.830835 0.062054 0.553049
vn -0.307705 -0.874735 0.374374
vn 0.420653 -0.674347 0.606883
vn -0.577563 0.139499 0.804339
vn -0.561221 0.099369 0.821679
vn 0.420653 -0.674347 0.606883
vn -0.616504 0.170505 0.768668
vn -0.577563 0.139499 0.804339
vn 0.509188 -0.691937 0.511813
vn -0.616504 0.170505 0.768668
vn 0.420653 -0.674347 0.606883
vn -0.616504 0.170505 0.768668
vn 0.509188 -0.691937 0.511813
vn 0.513180 -0.717413 0.471132
vn 0.553614 -0.280798 -0.784005
vn 0.513180 -0.717413 0.471132
vn 0.509188 -0.691937 0.511813
vn 0.553614 -0.280798 -0.784005
vn 0.509188 -0.691937 0.511813
vn 0.490888 -0.246013 -0.835767
vn 0.490888 -0.246013 -0.835767
vn 0.509188 -0.691937 0.511813
vn 0.420653 -0.674347 0.606883
vn 0.490888 -0.246013 -0.835767
vn 0.420653 -0.674347 0.606883
vn 0.490613 -0.166003 -0.855419
vn -0.036061 -0.843957 0.535197
vn -0.830835 0.062054 0.553049
vn -0.702630 0.110367 0.702944
vn -0.036061 -0.843957 0.535197
vn -0.307705 -0.874735 0.374374
vn -0.830835 0.062054 0.553049
vn 0.992880 -0.004256 -0.119045
vn -0.307705 -0.874735 0.374374
vn -0.036061 -0.843957 0.535197
vn 0.992880 -0.004256 -0.119045
vn -0.036061 -0.843957 0.535197
vn 0.906133 -0.061969 -0.418429
vn 0.906133 -0.061969 -0.418429
vn 0.326970 -0.814504 0.479243
vn 0.705561 -0.247918 -0.663867
vn 0.906133 -0.061969 -0.418429
vn -0.036061 -0.843957 0.535197
vn 0.326970 -0.814504 0.479243
vn -0.629468 0.581243 -0.515680
vn -0.561221 0.099369 0.821679
vn -0.577563 0.139499 0.804339
vn -0.629468 0.581243 -0.515680
vn -0.577563 0.139499 0.804339
vn -0.764255 0.537116 -0.356959
vn -0.764255 0.537116 -0.356959
vn -0.577563 0.139499 0.804339
vn -0.616504 0.170505 0.768668
vn 0.226556 0.242123 -0.943424
vn -0.629468 0.581243 -0.515680
vn -0.764255 0.537116 -0.356959
vn -0.764255 0.537116 -0.356959
vn -0.616504 0.170505 0.768668
vn -0.731051 0.551688 -0.401503
vn 0.226556 0.242123 -0.943424
vn -0.764255 0.537116 -0.356959
vn 0.076313 0.190588 -0.978699
vn 0.076313 0.190588 -0.978699
vn -0.764255 0.537116 -0.356959
vn -0.731051 0.551688 -0.401503
vn 0.236994 0.235537 -0.942527
vn 0.226556 0.242123 -0.943424
vn 0.076313 0.190588 -0.978699
vn 0.076313 0.190588 -0.978699
vn -0.731051 0.551688 -0.401503
vn -0.097646 0.194367 -0.976057
vn 0.236994 0.235537 -0.942527
vn 0.076313 0.190588 -0.978699
vn 0.118336 0.161062 -0.979824
vn 0.118336 0.161062 -0.979824
vn 0.076313 0.190588 -0.978699
vn -0.097646 0.194367 -0.976057
vn 0.243259 0.227187 -0.942980
vn 0.236994 0.235537 -0.942527
vn 0.118336 0.161062 -0.979824
vn 0.118336 0.161062 -0.979824
vn -0.097646 0.194367 -0.976057
vn 0.037554 0.089297 -0.995297
vn 0.243259 0.227187 -0.942980
vn 0.118336 0.161062 -0.979824
vn 0.164948 0.137518 -0.976668
vn 0.164948 0.137518 -0.976668
vn 0.118336 0.161062 -0.979824
vn 0.037554 0.089297 -0.995297
vn 0.490613 -0.166003 -0.855419
vn 0.243259 0.227187 -0.942980
vn 0.164948 0.137518 -0.976668
vn 0.164948 0.137518 -0.976668
vn 0.037554 0.089297 -0.995297
vn 0.191381 0.013100 -0.981428
vn 0.490613 -0.166003 -0.855419
vn 0.164948 0.137518 -0.976668
vn 0.490888 -0.246013 -0.835767
vn 0.490888 -0.246013 -0.835767
vn 0.164948 0.137518 -0.976668
vn 0.191381 0.013100 -0.981428
vn 0.490888 -0.246013 -0.835767
vn 0.191381 0.013100 -0.981428
vn 0.553614 -0.280798 -0.784005
vn -0.731051 0.551688 -0.401503
vn -0.616504 0.170505 0.768668
vn -0.699146 0.164170 0.695876
vn -0.731051 0.551688 -0.401503
vn -0.699146 0.164170 0.695876
vn -0.601068 0.796015 -0.071255
vn -0.097646 0.194367 -0.976057
vn -0.731051 0.551688 -0.401503
vn -0.601068 0.796015 -0.071255
vn -0.097646 0.194367 -0.976057
vn -0.601068 0.796015 -0.071255
vn 0.059390 0.365911 -0.928753
vn 0.037554 0.089297 -0.995297
vn -0.097646 0.194367 -0.976057
vn 0.059390 0.365911 -0.928753
vn 0.037554 0.089297 -0.995297
vn 0.059390 0.365911 -0.928753
vn 0.263175 0.182374 -0.947353
vn 0.191381 0.013100 -0.981428
vn 0.037554 0.089297 -0.995297
vn 0.263175 0.182374 -0.947353
vn 0.191381 0.013100 -0.981428
vn 0.263175 0.182374 -0.947353
vn 0.412389 0.047884 -0.909749
vn 0.553614 -0.280798 -0.784005
vn 0.191381 0.013100 -0.981428
vn 0.412389 0.047884 -0.909749
vn 0.553614 -0.280798 -0.784005
vn 0.412389 0.047884 -0.909749
vn 0.705561 -0.247918 -0.663867
vn 0.705561 -0.247918 -0.663867
vn 0.513180 -0.717413 0.471132
vn 0.553614 -0.280798 -0.784005
vn 0.705561 -0.247918 -0.663867
vn 0.326970 -0.814504 0.479243
vn 0.513180 -0.717413 0.471132
vn -0.699146 0.164170 0.695876
vn 0.513180 -0.717413 0.471132
vn 0.326970 -0.814504 0.479243
vn -0.699146 0.164170 0.695876
vn -0.616504 0.170505 0.768668
vn 0.513180 -0.717413 0.471132
vn -0.036061 -0.843957 0.535197
vn -0.699146 0.164170 0.695876
vn 0.326970 -0.814504 0.479243
vn -0.036061 -0.843957 0.535197
vn -0.702630 0.110367 0.702944
vn -0.699146 0.164170 0.695876
vn 0.827922 -0.266940 -0.493242
vn 0.900044 0.045152 -0.433453
vn 0.993210 0.111003 0.034803
vn 0.827922 -0.266940 -0.493242
vn 0.993210 0.111003 0.034803
vn 0.899680 -0.261995 0.349191
vn 0.766876 -0.398401 -0.503168
vn 0.827922 -0.266940 -0.493242
vn 0.899680 -0.261995 0.349191
vn 0.899680 -0.261995 0.349191
vn 0.993210 0.111003 0.034803
vn 0.747243 0.418599 0.516142
vn 0.766876 -0.398401 -0.503168
vn 0.899680 -0.261995 0.349191
vn 0.776158 -0.419494 0.470747
vn 0.739231 -0.446495 -0.504162
vn 0.766876 -0.398401 -0.503168
vn 0.776158 -0.419494 0.470747
vn 0.899680 -0.261995 0.349191
vn 0.747243 0.418599 0.516142
vn 0.201863 0.135357 0.970015
vn 0.776158 -0.419494 0.470747
vn 0.899680 -0.261995 0.349191
vn 0.201863 0.135357 0.970015
vn 0.201863 0.135357 0.970015
vn 0.747243 0.418599 0.516142
vn 0.351329 0.812503 0.465194
vn 0.201863 0.135357 0.970015
vn 0.351329 0.812503 0.465194
vn -0.381647 0.496762 0.779470
vn 0.005006 0.029500 0.999552
vn 0.201863 0.135357 0.970015
vn -0.381647 0.496762 0.779470
vn 0.776158 -0.419494 0.470747
vn 0.201863 0.135357 0.970015
vn 0.005006 0.029500 0.999552
vn 0.005006 0.029500 0.999552
vn -0.381647 0.496762 0.779470
vn -0.521935 0.363402 0.771701
vn 0.739231 -0.446495 -0.504162
vn 0.776158 -0.419494 0.470747
vn 0.719374 -0.472237 0.509406
vn 0.719374 -0.472237 0.509406
vn 0.776158 -0.419494 0.470747
vn 0.005006 0.029500 0.999552
vn 0.719374 -0.472237 0.509406
vn 0.703685 -0.501480 -0.503333
vn 0.739231 -0.446495 -0.504162
vn -0.055008 -0.003004 0.998481
vn 0.005006 0.029500 0.999552
vn -0.521935 0.363402 0.771701
vn 0.719374 -0.472237 0.509406
vn 0.005006 0.029500 0.999552
vn -0.055008 -0.003004 0.998481
vn -0.055008 -0.003004 0.998481
vn -0.521935 0.363402 0.771701
vn -0.558420 0.322811 0.764173
vn 0.719374 -0.472237 0.509406
vn 0.648098 -0.528004 0.548799
vn 0.703685 -0.501480 -0.503333
vn -0.055008 -0.003004 0.998481
vn 0.648098 -0.528004 0.548799
vn 0.719374 -0.472237 0.509406
vn 0.648098 -0.528004 0.548799
vn 0.565023 -0.667308 -0.485231
vn 0.703685 -0.501480 -0.503333
vn -0.558420 0.322811 0.764173
vn -0.116874 -0.036677 0.992469
vn -0.055008 -0.003004 0.998481
vn -0.055008 -0.003004 0.998481
vn -0.116874 -0.036677 0.992469
vn 0.648098 -0.528004 0.548799
vn -0.558420 0.322811 0.764173
vn -0.593609 0.280754 0.754192
vn -0.116874 -0.036677 0.992469
vn 0.648098 -0.528004 0.548799
vn 0.402696 -0.661270 0.632896
vn 0.565023 -0.667308 -0.485231
vn -0.116874 -0.036677 0.992469
vn 0.402696 -0.661270 0.632896
vn 0.648098 -0.528004 0.548799
vn 0.402696 -0.661270 0.632896
vn -0.253972 -0.952914 -0.165692
vn 0.565023 -0.667308 -0.485231
vn 0.402696 -0.661270 0.632896
vn -0.365504 -0.723659 0.585427
vn -0.253972 -0.952914 -0.165692
vn -0.593609 0.280754 0.754192
vn -0.270304 -0.120779 0.955169
vn -0.116874 -0.036677 0.992469
vn -0.116874 -0.036677 0.992469
vn -0.270304 -0.120779 0.955169
vn 0.402696 -0.661270 0.632896
vn -0.270304 -0.120779 0.955169
vn -0.365504 -0.723659 0.585427
vn 0.402696 -0.661270 0.632896
vn -0.593609 0.280754 0.754192
vn -0.672042 0.173936 0.719796
vn -0.270304 -0.120779 0.955169
vn -0.270304 -0.120779 0.955169
vn -0.594350 -0.301935 0.745374
vn -0.365504 -0.723659 0.585427
vn -0.672042 0.173936 0.719796
vn -0.594350 -0.301935 0.745374
vn -0.270304 -0.120779 0.955169
vn -0.672042 0.173936 0.719796
vn -0.805135 -0.087676 0.586575
vn -0.594350 -0.301935 0.745374
vn -0.381647 0.496762 0.779470
vn 0.351329 0.812503 0.465194
vn 0.271392 0.927896 -0.255647
vn -0.381647 0.496762 0.779470
vn 0.271392 0.927896 -0.255647
vn -0.632352 0.774336 -0.023117
vn -0.632352 0.774336 -0.023117
vn 0.271392 0.927896 -0.255647
vn 0.482043 0.487297 -0.728132
vn -0.521935 0.363402 0.771701
vn -0.381647 0.496762 0.779470
vn -0.632352 0.774336 -0.023117
vn -0.632352 0.774336 -0.023117
vn 0.482043 0.487297 -0.728132
vn -0.034217 0.364532 -0.930562
vn -0.521935 0.363402 0.771701
vn -0.632352 0.774336 -0.023117
vn -0.806012 0.589401 0.054326
vn -0.806012 0.589401 0.054326
vn -0.632352 0.774336 -0.023117
vn -0.034217 0.364532 -0.930562
vn -0.558420 0.322811 0.764173
vn -0.521935 0.363402 0.771701
vn -0.806012 0.589401 0.054326
vn -0.806012 0.589401 0.054326
vn -0.034217 0.364532 -0.930562
vn -0.254275 0.275716 -0.926998
vn -0.558420 0.322811 0.764173
vn -0.806012 0.589401 0.054326
vn -0.845053 0.529305 0.075643
vn -0.845053 0.529305 0.075643
vn -0.806012 0.589401 0.054326
vn -0.254275 0.275716 -0.926998
vn -0.845053 0.529305 0.075643
vn -0.593609 0.280754 0.754192
vn -0.558420 0.322811 0.764173
vn -0.845053 0.529305 0.075643
vn -0.254275 0.275716 -0.926998
vn -0.327935 0.240947 -0.913457
vn -0.845053 0.529305 0.075643
vn -0.879290 0.466409 0.096497
vn -0.593609 0.280754 0.754192
vn -0.327935 0.240947 -0.913457
vn -0.879290 0.466409 0.096497
vn -0.845053 0.529305 0.075643
vn -0.879290 0.466409 0.096497
vn -0.672042 0.173936 0.719796
vn -0.593609 0.280754 0.754192
vn -0.327935 0.240947 -0.913457
vn -0.406617 0.200710 -0.891279
vn -0.879290 0.466409 0.096497
vn -0.879290 0.466409 0.096497
vn -0.940619 0.307628 0.143532
vn -0.672042 0.173936 0.719796
vn -0.406617 0.200710 -0.891279
vn -0.940619 0.307628 0.143532
vn -0.879290 0.466409 0.096497
vn -0.940619 0.307628 0.143532
vn -0.805135 -0.087676 0.586575
vn -0.672042 0.173936 0.719796
vn -0.406617 0.200710 -0.891279
vn -0.607109 0.080157 -0.790565
vn -0.940619 0.307628 0.143532
vn -0.940619 0.307628 0.143532
vn -0.973004 -0.048237 0.225691
vn -0.805135 -0.087676 0.586575
vn -0.607109 0.080157 -0.790565
vn -0.973004 -0.048237 0.225691
vn -0.940619 0.307628 0.143532
vn -0.607109 0.080157 -0.790565
vn -0.919920 -0.238982 -0.310860
vn -0.973004 -0.048237 0.225691
vn -0.034217 0.364532 -0.930562
vn 0.482043 0.487297 -0.728132
vn 0.702336 0.172433 -0.690645
vn -0.034217 0.364532 -0.930562
vn 0.702336 0.172433 -0.690645
vn 0.488419 -0.052829 -0.871009
vn 0.488419 -0.052829 -0.871009
vn 0.702336 0.172433 -0.690645
vn 0.900044 0.045152 -0.433453
vn -0.254275 0.275716 -0.926998
vn -0.034217 0.364532 -0.930562
vn 0.488419 -0.052829 -0.871009
vn 0.488419 -0.052829 -0.871009
vn 0.900044 0.045152 -0.433453
vn 0.827922 -0.266940 -0.493242
vn -0.254275 0.275716 -0.926998
vn 0.488419 -0.052829 -0.871009
vn 0.380413 -0.145009 -0.913377
vn 0.380413 -0.145009 -0.913377
vn 0.488419 -0.052829 -0.871009
vn 0.827922 -0.266940 -0.493242
vn -0.327935 0.240947 -0.913457
vn -0.254275 0.275716 -0.926998
vn 0.380413 -0.145009 -0.913377
vn 0.380413 -0.145009 -0.913377
vn 0.827922 -0.266940 -0.493242
vn 0.766876 -0.398401 -0.503168
vn -0.327935 0.240947 -0.913457
vn 0.380413 -0.145009 -0.913377
vn 0.338436 -0.178254 -0.923952
vn 0.338436 -0.178254 -0.923952
vn 0.380413 -0.145009 -0.913377
vn 0.766876 -0.398401 -0.503168
vn 0.338436 -0.178254 -0.923952
vn -0.406617 0.200710 -0.891279
vn -0.327935 0.240947 -0.913457
vn 0.338436 -0.178254 -0.923952
vn 0.766876 -0.398401 -0.503168
vn 0.739231 -0.446495 -0.504162
vn 0.338436 -0.178254 -0.923952
vn 0.288640 -0.216018 -0.932751
vn -0.406617 0.200710 -0.891279
vn 0.739231 -0.446495 -0.504162
vn 0.288640 -0.216018 -0.932751
vn 0.338436 -0.178254 -0.923952
vn 0.288640 -0.216018 -0.932751
vn -0.607109 0.080157 -0.790565
vn -0.406617 0.200710 -0.891279
vn 0.739231 -0.446495 -0.504162
vn 0.703685 -0.501480 -0.503333
vn 0.288640 -0.216018 -0.932751
vn 0.288640 -0.216018 -0.932751
vn 0.124002 -0.329448 -0.935996
vn -0.607109 0.080157 -0.790565
vn 0.703685 -0.501480 -0.503333
vn 0.124002 -0.329448 -0.935996
vn 0.288640 -0.216018 -0.932751
vn 0.124002 -0.329448 -0.935996
vn -0.919920 -0.238982 -0.310860
vn -0.607109 0.080157 -0.790565
vn 0.703685 -0.501480 -0.503333
vn 0.565023 -0.667308 -0.485231
vn 0.124002 -0.329448 -0.935996
vn 0.124002 -0.329448 -0.935996
vn -0.531792 -0.617836 -0.579203
vn -0.919920 -0.238982 -0.310860
vn 0.565023 -0.667308 -0.485231
vn -0.531792 -0.617836 -0.579203
vn 0.124002 -0.329448 -0.935996
vn 0.565023 -0.667308 -0.485231
vn -0.253972 -0.952914 -0.165692
vn -0.531792 -0.617836 -0.579203
vn 0.271392 0.927896 -0.255647
vn 0.702336 0.172433 -0.690645
vn 0.482043 0.487297 -0.728132
vn 0.702336 0.172433 -0.690645
vn 0.271392 0.927896 -0.255647
vn 0.900044 0.045152 -0.433453
vn 0.900044 0.045152 -0.433453
vn 0.271392 0.927896 -0.255647
vn 0.351329 0.812503 0.465194
vn 0.900044 0.045152 -0.433453
vn 0.351329 0.812503 0.465194
vn 0.993210 0.111003 0.034803
vn 0.993210 0.111003 0.034803
vn 0.351329 0.812503 0.465194
vn 0.747243 0.418599 0.516142
vn -0.531792 -0.617836 -0.579203
vn -0.973004 -0.048237 0.225691
vn -0.919920 -0.238982 -0.310860
vn -0.973004 -0.048237 0.225691
vn -0.531792 -0.617836 -0.579203
vn -0.253972 -0.952914 -0.165692
vn -0.973004 -0.048237 0.225691
vn -0.253972 -0.952914 -0.165692
vn -0.805135 -0.087676 0.586575
vn -0.805135 -0.087676 0.586575
vn -0.253972 -0.952914 -0.165692
vn -0.365504 -0.723659 0.585427
vn -0.805135 -0.087676 0.586575
vn -0.365504 -0.723659 0.585427
vn -0.594350 -0.301935 0.745374
vn 0.193309 0.621134 0.759489
vn -0.717720 0.236177 0.655056
vn -0.106948 0.358033 0.927564
vn 0.193309 0.621134 0.759489
vn -0.438286 0.890411 0.122775
vn -0.717720 0.236177 0.655056
vn -0.438286 0.890411 0.122775
vn -0.550547 0.163683 0.818600
vn -0.717720 0.236177 0.655056
vn -0.438286 0.890411 0.122775
vn -0.524651 0.831723 0.181598
vn -0.550547 0.163683 0.818600
vn -0.524651 0.831723 0.181598
vn -0.338551 0.377877 0.861738
vn -0.550547 0.163683 0.818600
vn -0.524651 0.831723 0.181598
vn -0.579129 0.815211 -0.006317
vn -0.338551 0.377877 0.861738
vn -0.579129 0.815211 -0.006317
vn -0.818881 0.246449 0.518359
vn -0.338551 0.377877 0.861738
vn -0.579129 0.815211 -0.006317
vn -0.902711 0.240467 0.356776
vn -0.818881 0.246449 0.518359
vn -0.902711 0.240467 0.356776
vn -0.336085 -0.772058 -0.539419
vn -0.818881 0.246449 0.518359
vn -0.902711 0.240467 0.356776
vn -0.616637 -0.784774 -0.062364
vn -0.336085 -0.772058 -0.539419
vn -0.338551 0.377877 0.861738
vn -0.818881 0.246449 0.518359
vn -0.833500 -0.090596 0.545042
vn -0.550547 0.163683 0.818600
vn -0.338551 0.377877 0.861738
vn -0.833500 -0.090596 0.545042
vn -0.717720 0.236177 0.655056
vn -0.550547 0.163683 0.818600
vn -0.334963 -0.493213 0.802833
vn -0.550547 0.163683 0.818600
vn -0.833500 -0.090596 0.545042
vn -0.334963 -0.493213 0.802833
vn -0.717720 0.236177 0.655056
vn -0.334963 -0.493213 0.802833
vn 0.100303 0.021520 0.994724
vn -0.106948 0.358033 0.927564
vn -0.717720 0.236177 0.655056
vn 0.100303 0.021520 0.994724
vn -0.833500 -0.090596 0.545042
vn 0.498726 -0.737326 -0.455656
vn -0.334963 -0.493213 0.802833
vn -0.833500 -0.090596 0.545042
vn -0.197644 -0.407758 -0.891443
vn 0.498726 -0.737326 -0.455656
vn -0.818881 0.246449 0.518359
vn -0.197644 -0.407758 -0.891443
vn -0.833500 -0.090596 0.545042
vn -0.818881 0.246449 0.518359
vn -0.336085 -0.772058 -0.539419
vn -0.197644 -0.407758 -0.891443
vn 0.822884 0.566144 0.048409
vn -0.438286 0.890411 0.122775
vn 0.193309 0.621134 0.759489
vn 0.822884 0.566144 0.048409
vn 0.318691 0.746055 -0.584669
vn -0.438286 0.890411 0.122775
vn 0.318691 0.746055 -0.584669
vn -0.524651 0.831723 0.181598
vn -0.438286 0.890411 0.122775
vn 0.318691 0.746055 -0.584669
vn 0.030025 0.692071 -0.721205
vn -0.524651 0.831723 0.181598
vn 0.030025 0.692071 -0.721205
vn -0.579129 0.815211 -0.006317
vn -0.524651 0.831723 0.181598
vn 0.030025 0.692071 -0.721205
vn -0.303929 0.573530 -0.760717
vn -0.579129 0.815211 -0.006317
vn -0.303929 0.573530 -0.760717
vn -0.902711 0.240467 0.356776
vn -0.579129 0.815211 -0.006317
vn -0.303929 0.573530 -0.760717
vn -0.941977 0.076248 -0.326902
vn -0.902711 0.240467 0.356776
vn -0.941977 0.076248 -0.326902
vn -0.616637 -0.784774 -0.062364
vn -0.902711 0.240467 0.356776
vn -0.941977 0.076248 -0.326902
vn -0.717049 -0.696023 -0.037325
vn -0.616637 -0.784774 -0.062364
vn 0.100303 0.021520 0.994724
vn 0.927500 -0.342257 -0.150343
vn -0.106948 0.358033 0.927564
vn 0.100303 0.021520 0.994724
vn 0.902966 -0.167286 -0.395812
vn 0.927500 -0.342257 -0.150343
vn -0.334963 -0.493213 0.802833
vn 0.902966 -0.167286 -0.395812
vn 0.100303 0.021520 0.994724
vn -0.334963 -0.493213 0.802833
vn 0.498726 -0.737326 -0.455656
vn 0.902966 -0.167286 -0.395812
vn -0.197644 -0.407758 -0.891443
vn 0.902966 -0.167286 -0.395812
vn 0.498726 -0.737326 -0.455656
vn 0.902966 -0.167286 -0.395812
vn -0.197644 -0.407758 -0.891443
vn -0.336085 -0.772058 -0.539419
vn 0.902966 -0.167286 -0.395812
vn -0.336085 -0.772058 -0.539419
vn 0.927500 -0.342257 -0.150343
vn 0.712025 -0.277314 0.645072
vn -0.692154 -0.665649 0.278989
vn -0.625641 -0.711605 0.319675
vn 0.779780 -0.212556 0.588866
vn -0.692154 -0.665649 0.278989
vn 0.712025 -0.277314 0.645072
vn -0.692154 -0.665649 0.278989
vn 0.779780 -0.212556 0.588866
vn -0.739778 -0.646312 0.187109
vn 0.779780 -0.212556 0.588866
vn 0.712025 -0.277314 0.645072
vn 0.742961 -0.223598 0.630883
vn 0.840004 0.464479 -0.280449
vn 0.779780 -0.212556 0.588866
vn 0.742961 -0.223598 0.630883
vn 0.840004 0.464479 -0.280449
vn 0.742961 -0.223598 0.630883
vn 0.790549 0.471256 -0.391088
vn 0.790549 0.471256 -0.391088
vn 0.742961 -0.223598 0.630883
vn 0.712025 -0.277314 0.645072
vn 0.790549 0.471256 -0.391088
vn 0.712025 -0.277314 0.645072
vn 0.707580 0.564067 -0.425628
vn -0.717049 -0.696023 -0.037325
vn 0.779780 -0.212556 0.588866
vn 0.878796 -0.267351 0.395273
vn -0.717049 -0.696023 -0.037325
vn -0.739778 -0.646312 0.187109
vn 0.779780 -0.212556 0.588866
vn 0.919737 -0.363913 0.147142
vn -0.336085 -0.772058 -0.539419
vn -0.616637 -0.784774 -0.062364
vn 0.919737 -0.363913 0.147142
vn 0.927500 -0.342257 -0.150343
vn -0.336085 -0.772058 -0.539419
vn -0.106948 0.358033 0.927564
vn 0.927500 -0.342257 -0.150343
vn 0.919737 -0.363913 0.147142
vn -0.106948 0.358033 0.927564
vn 0.919737 -0.363913 0.147142
vn 0.193309 0.621134 0.759489
vn 0.193309 0.621134 0.759489
vn 0.878796 -0.267351 0.395273
vn 0.822884 0.566144 0.048409
vn 0.193309 0.621134 0.759489
vn 0.919737 -0.363913 0.147142
vn 0.878796 -0.267351 0.395273
vn -0.591180 0.173133 -0.787738
vn -0.625641 -0.711605 0.319675
vn -0.692154 -0.665649 0.278989
vn -0.591180 0.173133 -0.787738
vn -0.692154 -0.665649 0.278989
vn -0.577473 0.074777 -0.812978
vn -0.577473 0.074777 -0.812978
vn -0.692154 -0.665649 0.278989
vn -0.739778 -0.646312 0.187109
vn -0.099355 0.683094 -0.723540
vn -0.591180 0.173133 -0.787738
vn -0.577473 0.074777 -0.812978
vn -0.577473 0.074777 -0.812978
vn -0.739778 -0.646312 0.187109
vn -0.582205 0.101965 -0.806623
vn -0.099355 0.683094 -0.723540
vn -0.577473 0.074777 -0.812978
vn 0.056481 0.534451 -0.843310
vn 0.056481 0.534451 -0.843310
vn -0.577473 0.074777 -0.812978
vn -0.582205 0.101965 -0.806623
vn -0.088005 0.690400 -0.718055
vn -0.099355 0.683094 -0.723540
vn 0.056481 0.534451 -0.843310
vn 0.056481 0.534451 -0.843310
vn -0.582205 0.101965 -0.806623
vn 0.069010 0.417268 -0.906159
vn -0.088005 0.690400 -0.718055
vn 0.056481 0.534451 -0.843310
vn 0.109078 0.551793 -0.826817
vn 0.109078 0.551793 -0.826817
vn 0.056481 0.534451 -0.843310
vn 0.069010 0.417268 -0.906159
vn -0.070508 0.693217 -0.717272
vn -0.088005 0.690400 -0.718055
vn 0.109078 0.551793 -0.826817
vn 0.109078 0.551793 -0.826817
vn 0.069010 0.417268 -0.906159
vn 0.243774 0.451650 -0.858246
vn -0.070508 0.693217 -0.717272
vn 0.109078 0.551793 -0.826817
vn 0.150528 0.576084 -0.803411
vn 0.150528 0.576084 -0.803411
vn 0.109078 0.551793 -0.826817
vn 0.243774 0.451650 -0.858246
vn 0.707580 0.564067 -0.425628
vn -0.070508 0.693217 -0.717272
vn 0.150528 0.576084 -0.803411
vn 0.150528 0.576084 -0.803411
vn 0.243774 0.451650 -0.858246
vn 0.378411 0.509569 -0.772751
vn 0.707580 0.564067 -0.425628
vn 0.150528 0.576084 -0.803411
vn 0.790549 0.471256 -0.391088
vn 0.790549 0.471256 -0.391088
vn 0.150528 0.576084 -0.803411
vn 0.378411 0.509569 -0.772751
vn 0.790549 0.471256 -0.391088
vn 0.378411 0.509569 -0.772751
vn 0.840004 0.464479 -0.280449
vn -0.582205 0.101965 -0.806623
vn -0.739778 -0.646312 0.187109
vn -0.717049 -0.696023 -0.037325
vn -0.582205 0.101965 -0.806623
vn -0.717049 -0.696023 -0.037325
vn -0.941977 0.076248 -0.326902
vn 0.069010 0.417268 -0.906159
vn -0.582205 0.101965 -0.806623
vn -0.941977 0.076248 -0.326902
vn 0.069010 0.417268 -0.906159
vn -0.941977 0.076248 -0.326902
vn -0.303929 0.573530 -0.760717
vn 0.243774 0.451650 -0.858246
vn 0.069010 0.417268 -0.906159
vn -0.303929 0.573530 -0.760717
vn 0.243774 0.451650 -0.858246
vn -0.303929 0.573530 -0.760717
vn 0.030025 0.692071 -0.721205
vn 0.378411 0.509569 -0.772751
vn 0.243774 0.451650 -0.858246
vn 0.030025 0.692071 -0.721205
vn 0.378411 0.509569 -0.772751
vn 0.030025 0.692071 -0.721205
vn 0.318691 0.746055 -0.584669
vn 0.840004 0.464479 -0.280449
vn 0.378411 0.509569 -0.772751
vn 0.318691 0.746055 -0.584669
vn 0.840004 0.464479 -0.280449
vn 0.318691 0.746055 -0.584669
vn 0.822884 0.566144 0.048409
vn 0.822884 0.566144 0.048409
vn 0.779780 -0.212556 0.588866
vn 0.840004 0.464479 -0.280449
vn 0.822884 0.566144 0.048409
vn 0.878796 -0.267351 0.395273
vn 0.779780 -0.212556 0.588866
vn 0.919737 -0.363913 0.147142
vn -0.717049 -0.696023 -0.037325
vn 0.878796 -0.267351 0.395273
vn 0.919737 -0.363913 0.147142
vn -0.616637 -0.784774 -0.062364
vn -0.717049 -0.696023 -0.037325
vn -0.278892 0.191698 0.940995
vn -0.830822 0.346231 0.435729
vn -0.534423 0.100891 0.839174
vn -0.278892 0.191698 0.940995
vn -0.076624 0.807722 0.584563
vn -0.830822 0.346231 0.435729
vn -0.076624 0.807722 0.584563
vn -0.809723 0.153990 0.566247
vn -0.830822 0.346231 0.435729
vn -0.076624 0.807722 0.584563
vn -0.169673 0.809700 0.561780
vn -0.809723 0.153990 0.566247
vn -0.169673 0.809700 0.561780
vn -0.609383 0.203960 0.766194
vn -0.809723 0.153990 0.566247
vn -0.169673 0.809700 0.561780
vn -0.051496 0.925552 0.375102
vn -0.609383 0.203960 0.766194
vn -0.051496 0.925552 0.375102
vn -0.837254 0.477443 0.266560
vn -0.609383 0.203960 0.766194
vn -0.051496 0.925552 0.375102
vn -0.793767 0.608023 0.015537
vn -0.837254 0.477443 0.266560
vn -0.793767 0.608023 0.015537
vn 0.097611 -0.276966 -0.955909
vn -0.837254 0.477443 0.266560
vn -0.793767 0.608023 0.015537
vn -0.289677 -0.333074 -0.897301
vn 0.097611 -0.276966 -0.955909
vn -0.609383 0.203960 0.766194
vn -0.837254 0.477443 0.266560
vn -0.987322 0.141193 -0.072524
vn -0.809723 0.153990 0.566247
vn -0.609383 0.203960 0.766194
vn -0.987322 0.141193 -0.072524
vn -0.830822 0.346231 0.435729
vn -0.809723 0.153990 0.566247
vn -0.879766 -0.457333 0.129839
vn -0.809723 0.153990 0.566247
vn -0.987322 0.141193 -0.072524
vn -0.879766 -0.457333 0.129839
vn -0.830822 0.346231 0.435729
vn -0.879766 -0.457333 0.129839
vn -0.588569 -0.181394 0.787834
vn -0.534423 0.100891 0.839174
vn -0.830822 0.346231 0.435729
vn -0.588569 -0.181394 0.787834
vn -0.987322 0.141193 -0.072524
vn 0.364380 -0.621228 -0.693759
vn -0.879766 -0.457333 0.129839
vn -0.987322 0.141193 -0.072524
vn 0.389725 -0.050778 -0.919530
vn 0.364380 -0.621228 -0.693759
vn -0.837254 0.477443 0.266560
vn 0.389725 -0.050778 -0.919530
vn -0.987322 0.141193 -0.072524
vn -0.837254 0.477443 0.266560
vn 0.097611 -0.276966 -0.955909
vn 0.389725 -0.050778 -0.919530
vn 0.362279 0.141106 0.921327
vn -0.076624 0.807722 0.584563
vn -0.278892 0.191698 0.940995
vn 0.362279 0.141106 0.921327
vn 0.738239 0.613945 0.279419
vn -0.076624 0.807722 0.584563
vn 0.738239 0.613945 0.279419
vn -0.169673 0.809700 0.561780
vn -0.076624 0.807722 0.584563
vn 0.738239 0.613945 0.279419
vn 0.716577 0.695006 -0.059023
vn -0.169673 0.809700 0.561780
vn 0.716577 0.695006 -0.059023
vn -0.051496 0.925552 0.375102
vn -0.169673 0.809700 0.561780
vn 0.716577 0.695006 -0.059023
vn 0.586984 0.714973 -0.379820
vn -0.051496 0.925552 0.375102
vn 0.586984 0.714973 -0.379820
vn -0.793767 0.608023 0.015537
vn -0.051496 0.925552 0.375102
vn 0.586984 0.714973 -0.379820
vn -0.095022 0.511550 -0.853983
vn -0.793767 0.608023 0.015537
vn -0.095022 0.511550 -0.853983
vn -0.289677 -0.333074 -0.897301
vn -0.793767 0.608023 0.015537
vn -0.095022 0.511550 -0.853983
vn -0.338056 -0.259716 -0.904580
vn -0.289677 -0.333074 -0.897301
vn -0.588569 -0.181394 0.787834
vn 0.565982 -0.810637 0.150104
vn -0.534423 0.100891 0.839174
vn -0.588569 -0.181394 0.787834
vn 0.856779 -0.515270 0.020659
vn 0.565982 -0.810637 0.150104
vn -0.879766 -0.457333 0.129839
vn 0.856779 -0.515270 0.020659
vn -0.588569 -0.181394 0.787834
vn -0.879766 -0.457333 0.129839
vn 0.364380 -0.621228 -0.693759
vn 0.856779 -0.515270 0.020659
vn 0.389725 -0.050778 -0.919530
vn 0.856779 -0.515270 0.020659
vn 0.364380 -0.621228 -0.693759
vn 0.856779 -0.515270 0.020659
vn 0.389725 -0.050778 -0.919530
vn 0.565982 -0.810637 0.150104
vn 0.565982 -0.810637 0.150104
vn 0.389725 -0.050778 -0.919530
vn 0.097611 -0.276966 -0.955909
vn -0.618904 -0.347805 -0.704265
vn -0.206332 -0.565313 0.798654
vn -0.549677 -0.290033 -0.783413
vn -0.206332 -0.565313 0.798654
vn -0.618904 -0.347805 -0.704265
vn -0.627838 -0.412355 -0.660139
vn -0.206332 -0.565313 0.798654
vn -0.627838 -0.412355 -0.660139
vn -0.249981 -0.558723 0.790783
vn -0.249981 -0.558723 0.790783
vn -0.627838 -0.412355 -0.660139
vn -0.285387 -0.598111 0.748877
vn 0.708563 0.149170 0.689700
vn -0.206332 -0.565313 0.798654
vn -0.249981 -0.558723 0.790783
vn 0.708563 0.149170 0.689700
vn -0.249981 -0.558723 0.790783
vn 0.801381 0.204751 0.562019
vn 0.801381 0.204751 0.562019
vn -0.249981 -0.558723 0.790783
vn -0.285387 -0.598111 0.748877
vn 0.801381 0.204751 0.562019
vn -0.285387 -0.598111 0.748877
vn 0.782164 0.317064 0.536368
vn -0.338056 -0.259716 -0.904580
vn -0.206332 -0.565313 0.798654
vn -0.034416 -0.689158 0.723793
vn -0.338056 -0.259716 -0.904580
vn -0.549677 -0.290033 -0.783413
vn -0.206332 -0.565313 0.798654
vn 0.210632 -0.857608 0.469194
vn 0.097611 -0.276966 -0.955909
vn -0.289677 -0.333074 -0.897301
vn 0.210632 -0.857608 0.469194
vn 0.565982 -0.810637 0.150104
vn 0.097611 -0.276966 -0.955909
vn -0.534423 0.100891 0.839174
vn 0.565982 -0.810637 0.150104
vn 0.210632 -0.857608 0.469194
vn -0.534423 0.100891 0.839174
vn 0.210632 -0.857608 0.469194
vn -0.278892 0.191698 0.940995
vn -0.278892 0.191698 0.940995
vn -0.034416 -0.689158 0.723793
vn 0.362279 0.141106 0.921327
vn -0.278892 0.191698 0.940995
vn 0.210632 -0.857608 0.469194
vn -0.034416 -0.689158 0.723793
vn 0.377692 0.454054 -0.806960
vn -0.627838 -0.412355 -0.660139
vn -0.618904 -0.347805 -0.704265
vn 0.377692 0.454054 -0.806960
vn -0.618904 -0.347805 -0.704265
vn 0.365426 0.368048 -0.854988
vn 0.365426 0.368048 -0.854988
vn -0.618904 -0.347805 -0.704265
vn -0.549677 -0.290033 -0.783413
vn 0.665868 0.732352 -0.142410
vn 0.377692 0.454054 -0.806960
vn 0.365426 0.368048 -0.854988
vn 0.365426 0.368048 -0.854988
vn -0.549677 -0.290033 -0.783413
vn 0.368824 0.391473 -0.843041
vn 0.665868 0.732352 -0.142410
vn 0.365426 0.368048 -0.854988
vn 0.771212 0.571113 -0.281180
vn 0.771212 0.571113 -0.281180
vn 0.365426 0.368048 -0.854988
vn 0.368824 0.391473 -0.843041
vn 0.667941 0.733658 -0.124901
vn 0.665868 0.732352 -0.142410
vn 0.771212 0.571113 -0.281180
vn 0.771212 0.571113 -0.281180
vn 0.368824 0.391473 -0.843041
vn 0.777202 0.473735 -0.414164
vn 0.667941 0.733658 -0.124901
vn 0.771212 0.571113 -0.281180
vn 0.790482 0.569510 -0.225381
vn 0.790482 0.569510 -0.225381
vn 0.771212 0.571113 -0.281180
vn 0.777202 0.473735 -0.414164
vn 0.674613 0.729650 -0.111841
vn 0.667941 0.733658 -0.124901
vn 0.790482 0.569510 -0.225381
vn 0.790482 0.569510 -0.225381
vn 0.777202 0.473735 -0.414164
vn 0.851765 0.453214 -0.262857
vn 0.674613 0.729650 -0.111841
vn 0.790482 0.569510 -0.225381
vn 0.801449 0.575598 -0.162377
vn 0.801449 0.575598 -0.162377
vn 0.790482 0.569510 -0.225381
vn 0.851765 0.453214 -0.262857
vn 0.782164 0.317064 0.536368
vn 0.674613 0.729650 -0.111841
vn 0.801449 0.575598 -0.162377
vn 0.801449 0.575598 -0.162377
vn 0.851765 0.453214 -0.262857
vn 0.888368 0.454828 -0.062716
vn 0.782164 0.317064 0.536368
vn 0.801449 0.575598 -0.162377
vn 0.801381 0.204751 0.562019
vn 0.801381 0.204751 0.562019
vn 0.801449 0.575598 -0.162377
vn 0.888368 0.454828 -0.062716
vn 0.801381 0.204751 0.562019
vn 0.888368 0.454828 -0.062716
vn 0.708563 0.149170 0.689700
vn 0.368824 0.391473 -0.843041
vn -0.549677 -0.290033 -0.783413
vn -0.338056 -0.259716 -0.904580
vn 0.368824 0.391473 -0.843041
vn -0.338056 -0.259716 -0.904580
vn -0.095022 0.511550 -0.853983
vn 0.777202 0.473735 -0.414164
vn 0.368824 0.391473 -0.843041
vn -0.095022 0.511550 -0.853983
vn 0.777202 0.473735 -0.414164
vn -0.095022 0.511550 -0.853983
vn 0.586984 0.714973 -0.379820
vn 0.851765 0.453214 -0.262857
vn 0.777202 0.473735 -0.414164
vn 0.586984 0.714973 -0.379820
vn 0.851765 0.453214 -0.262857
vn 0.586984 0.714973 -0.379820
vn 0.716577 0.695006 -0.059023
vn 0.888368 0.454828 -0.062716
vn 0.851765 0.453214 -0.262857
vn 0.716577 0.695006 -0.059023
vn 0.888368 0.454828 -0.062716
vn 0.716577 0.695006 -0.059023
vn 0.738239 0.613945 0.279419
vn 0.708563 0.149170 0.689700
vn 0.888368 0.454828 -0.062716
vn 0.738239 0.613945 0.279419
vn 0.708563 0.149170 0.689700
vn 0.738239 0.613945 0.279419
vn 0.362279 0.141106 0.921327
vn 0.362279 0.141106 0.921327
vn -0.206332 -0.565313 0.798654
vn 0.708563 0.149170 0.689700
vn 0.362279 0.141106 0.921327
vn -0.034416 -0.689158 0.723793
vn -0.206332 -0.565313 0.798654
vn 0.210632 -0.857608 0.469194
vn -0.338056 -0.259716 -0.904580
vn -0.034416 -0.689158 0.723793
vn 0.210632 -0.857608 0.469194
vn -0.289677 -0.333074 -0.897301
vn -0.338056 -0.259716 -0.904580
vn -0.787388 -0.028052 0.615819
vn -0.752406 0.569824 0.330434
vn -0.909455 0.055731 0.412051
vn -0.787388 -0.028052 0.615819
vn -0.410830 0.248149 0.877292
vn -0.752406 0.569824 0.330434
vn -0.410830 0.248149 0.877292
vn -0.909607 0.380238 0.167434
vn -0.752406 0.569824 0.330434
vn -0.410830 0.248149 0.877292
vn -0.422959 0.288006 0.859162
vn -0.909607 0.380238 0.167434
vn -0.422959 0.288006 0.859162
vn -0.872880 0.183199 0.452238
vn -0.909607 0.380238 0.167434
vn -0.422959 0.288006 0.859162
vn -0.299250 0.332275 0.894451
vn -0.872880 0.183199 0.452238
vn -0.299250 0.332275 0.894451
vn -0.579192 0.721648 0.379157
vn -0.872880 0.183199 0.452238
vn -0.299250 0.332275 0.894451
vn -0.315699 0.864598 0.390902
vn -0.579192 0.721648 0.379157
vn -0.315699 0.864598 0.390902
vn 0.693464 0.048548 -0.718854
vn -0.579192 0.721648 0.379157
vn -0.315699 0.864598 0.390902
vn 0.542198 0.129090 -0.830276
vn 0.693464 0.048548 -0.718854
vn -0.872880 0.183199 0.452238
vn -0.579192 0.721648 0.379157
vn -0.250212 0.779161 -0.574719
vn -0.909607 0.380238 0.167434
vn -0.872880 0.183199 0.452238
vn -0.250212 0.779161 -0.574719
vn -0.752406 0.569824 0.330434
vn -0.909607 0.380238 0.167434
vn -0.254708 0.058098 -0.965271
vn -0.909607 0.380238 0.167434
vn -0.250212 0.779161 -0.574719
vn -0.254708 0.058098 -0.965271
vn -0.752406 0.569824 0.330434
vn -0.254708 0.058098 -0.965271
vn -0.993359 -0.111917 -0.026676
vn -0.909455 0.055731 0.412051
vn -0.752406 0.569824 0.330434
vn -0.993359 -0.111917 -0.026676
vn -0.250212 0.779161 -0.574719
vn 0.574571 -0.266905 -0.773712
vn -0.254708 0.058098 -0.965271
vn -0.250212 0.779161 -0.574719
vn 0.887121 0.066889 -0.456665
vn 0.574571 -0.266905 -0.773712
vn -0.579192 0.721648 0.379157
vn 0.887121 0.066889 -0.456665
vn -0.250212 0.779161 -0.574719
vn -0.579192 0.721648 0.379157
vn 0.693464 0.048548 -0.718854
vn 0.887121 0.066889 -0.456665
vn -0.579863 -0.269712 0.768774
vn -0.410830 0.248149 0.877292
vn -0.787388 -0.028052 0.615819
vn -0.579863 -0.269712 0.768774
vn -0.115461 -0.011380 0.993247
vn -0.410830 0.248149 0.877292
vn -0.115461 -0.011380 0.993247
vn -0.422959 0.288006 0.859162
vn -0.410830 0.248149 0.877292
vn -0.115461 -0.011380 0.993247
vn 0.100716 0.120097 0.987640
vn -0.422959 0.288006 0.859162
vn 0.100716 0.120097 0.987640
vn -0.299250 0.332275 0.894451
vn -0.422959 0.288006 0.859162
vn 0.100716 0.120097 0.987640
vn 0.347453 0.292878 0.890786
vn -0.299250 0.332275 0.894451
vn 0.347453 0.292878 0.890786
vn -0.315699 0.864598 0.390902
vn -0.299250 0.332275 0.894451
vn 0.347453 0.292878 0.890786
vn 0.723973 0.689568 0.018941
vn -0.315699 0.864598 0.390902
vn 0.723973 0.689568 0.018941
vn 0.542198 0.129090 -0.830276
vn -0.315699 0.864598 0.390902
vn 0.723973 0.689568 0.018941
vn 0.550195 0.185798 -0.814104
vn 0.542198 0.129090 -0.830276
vn -0.993359 -0.111917 -0.026676
vn 0.098731 -0.803051 -0.587675
vn -0.909455 0.055731 0.412051
vn -0.993359 -0.111917 -0.026676
vn 0.310700 -0.927355 -0.208513
vn 0.098731 -0.803051 -0.587675
vn -0.254708 0.058098 -0.965271
vn 0.310700 -0.927355 -0.208513
vn -0.993359 -0.111917 -0.026676
vn -0.254708 0.058098 -0.965271
vn 0.574571 -0.266905 -0.773712
vn 0.310700 -0.927355 -0.208513
vn 0.887121 0.066889 -0.456665
vn 0.310700 -0.927355 -0.208513
vn 0.574571 -0.266905 -0.773712
vn 0.310700 -0.927355 -0.208513
vn 0.887121 0.066889 -0.456665
vn 0.693464 0.048548 -0.718854
vn 0.310700 -0.927355 -0.208513
vn 0.693464 0.048548 -0.718854
vn 0.098731 -0.803051 -0.587675
vn -0.715073 -0.537893 -0.446478
vn 0.381320 0.191130 -0.904469
vn 0.349878 0.150505 -0.924626
vn 0.381320 0.191130 -0.904469
vn -0.715073 -0.537893 -0.446478
vn -0.762422 -0.548062 -0.344007
vn 0.381320 0.191130 -0.904469
vn -0.762422 -0.548062 -0.344007
vn 0.441979 0.215122 -0.870849
vn 0.441979 0.215122 -0.870849
vn -0.762422 -0.548062 -0.344007
vn -0.753964 -0.574330 -0.318878
vn -0.383828 -0.353027 0.853257
vn -0.753964 -0.574330 -0.318878
vn -0.762422 -0.548062 -0.344007
vn -0.383828 -0.353027 0.853257
vn -0.762422 -0.548062 -0.344007
vn -0.285152 -0.332211 0.899069
vn -0.285152 -0.332211 0.899069
vn -0.762422 -0.548062 -0.344007
vn -0.715073 -0.537893 -0.446478
vn -0.285152 -0.332211 0.899069
vn -0.715073 -0.537893 -0.446478
vn -0.264957 -0.241416 0.933550
vn -0.240962 -0.753437 -0.611776
vn 0.693464 0.048548 -0.718854
vn 0.542198 0.129090 -0.830276
vn -0.240962 -0.753437 -0.611776
vn 0.098731 -0.803051 -0.587675
vn 0.693464 0.048548 -0.718854
vn -0.909455 0.055731 0.412051
vn 0.098731 -0.803051 -0.587675
vn -0.240962 -0.753437 -0.611776
vn -0.909455 0.055731 0.412051
vn -0.240962 -0.753437 -0.611776
vn -0.787388 -0.028052 0.615819
vn -0.787388 -0.028052 0.615819
vn -0.588901 -0.689765 -0.421211
vn -0.579863 -0.269712 0.768774
vn -0.787388 -0.028052 0.615819
vn -0.240962 -0.753437 -0.611776
vn -0.588901 -0.689765 -0.421211
vn 0.860252 0.429956 0.274053
vn 0.349878 0.150505 -0.924626
vn 0.381320 0.191130 -0.904469
vn 0.860252 0.429956 0.274053
vn 0.381320 0.191130 -0.904469
vn 0.916456 0.386679 0.102900
vn 0.916456 0.386679 0.102900
vn 0.381320 0.191130 -0.904469
vn 0.441979 0.215122 -0.870849
vn 0.148989 0.181072 0.972119
vn 0.860252 0.429956 0.274053
vn 0.916456 0.386679 0.102900
vn 0.916456 0.386679 0.102900
vn 0.441979 0.215122 -0.870849
vn 0.904464 0.399713 0.148907
vn 0.148989 0.181072 0.972119
vn 0.916456 0.386679 0.102900
vn 0.343220 0.108390 0.932980
vn 0.343220 0.108390 0.932980
vn 0.916456 0.386679 0.102900
vn 0.904464 0.399713 0.148907
vn 0.135368 0.175112 0.975198
vn 0.148989 0.181072 0.972119
vn 0.343220 0.108390 0.932980
vn 0.343220 0.108390 0.932980
vn 0.904464 0.399713 0.148907
vn 0.541338 0.094764 0.835448
vn 0.135368 0.175112 0.975198
vn 0.343220 0.108390 0.932980
vn 0.291668 0.080234 0.953149
vn 0.291668 0.080234 0.953149
vn 0.343220 0.108390 0.932980
vn 0.541338 0.094764 0.835448
vn 0.127229 0.166777 0.977752
vn 0.135368 0.175112 0.975198
vn 0.291668 0.080234 0.953149
vn 0.291668 0.080234 0.953149
vn 0.541338 0.094764 0.835448
vn 0.393049 -0.008894 0.919474
vn 0.127229 0.166777 0.977752
vn 0.291668 0.080234 0.953149
vn 0.231638 0.058985 0.971012
vn 0.231638 0.058985 0.971012
vn 0.291668 0.080234 0.953149
vn 0.393049 -0.008894 0.919474
vn -0.264957 -0.241416 0.933550
vn 0.127229 0.166777 0.977752
vn 0.231638 0.058985 0.971012
vn 0.231638 0.058985 0.971012
vn 0.393049 -0.008894 0.919474
vn 0.191353 -0.080972 0.978176
vn -0.264957 -0.241416 0.933550
vn 0.231638 0.058985 0.971012
vn -0.285152 -0.332211 0.899069
vn -0.285152 -0.332211 0.899069
vn 0.231638 0.058985 0.971012
vn 0.191353 -0.080972 0.978176
vn -0.285152 -0.332211 0.899069
vn 0.191353 -0.080972 0.978176
vn -0.383828 -0.353027 0.853257
vn 0.904464 0.399713 0.148907
vn 0.441979 0.215122 -0.870849
vn 0.550195 0.185798 -0.814104
vn 0.904464 0.399713 0.148907
vn 0.550195 0.185798 -0.814104
vn 0.723973 0.689568 0.018941
vn 0.541338 0.094764 0.835448
vn 0.904464 0.399713 0.148907
vn 0.723973 0.689568 0.018941
vn 0.541338 0.094764 0.835448
vn 0.723973 0.689568 0.018941
vn 0.347453 0.292878 0.890786
vn 0.393049 -0.008894 0.919474
vn 0.541338 0.094764 0.835448
vn 0.347453 0.292878 0.890786
vn 0.393049 -0.008894 0.919474
vn 0.347453 0.292878 0.890786
vn 0.100716 0.120097 0.987640
vn 0.191353 -0.080972 0.978176
vn 0.393049 -0.008894 0.919474
vn 0.100716 0.120097 0.987640
vn 0.191353 -0.080972 0.978176
vn 0.100716 0.120097 0.987640
vn -0.115461 -0.011380 0.993247
vn -0.383828 -0.353027 0.853257
vn 0.191353 -0.080972 0.978176
vn -0.115461 -0.011380 0.993247
vn -0.383828 -0.353027 0.853257
vn -0.115461 -0.011380 0.993247
vn -0.579863 -0.269712 0.768774
vn -0.579863 -0.269712 0.768774
vn -0.753964 -0.574330 -0.318878
vn -0.383828 -0.353027 0.853257
vn -0.579863 -0.269712 0.768774
vn -0.588901 -0.689765 -0.421211
vn -0.753964 -0.574330 -0.318878
vn 0.550195 0.185798 -0.814104
vn -0.753964 -0.574330 -0.318878
vn -0.588901 -0.689765 -0.421211
vn 0.550195 0.185798 -0.814104
vn 0.441979 0.215122 -0.870849
vn -0.753964 -0.574330 -0.318878
vn -0.240962 -0.753437 -0.611776
vn 0.550195 0.185798 -0.814104
vn -0.588901 -0.689765 -0.421211
vn -0.240962 -0.753437 -0.611776
vn 0.542198 0.129090 -0.830276
vn 0.550195 0.185798 -0.814104
vn -0.739233 -0.243555 0.627866
vn -0.760809 0.068869 0.645312
vn -0.930857 0.165000 0.326008
vn -0.739233 -0.243555 0.627866
vn -0.930857 0.165000 0.326008
vn -0.991298 -0.131336 0.008847
vn -0.702085 -0.388555 0.596742
vn -0.739233 -0.243555 0.627866
vn -0.991298 -0.131336 0.008847
vn -0.991298 -0.131336 0.008847
vn -0.930857 0.165000 0.326008
vn -0.879531 0.475746 -0.009535
vn -0.702085 -0.388555 0.596742
vn -0.991298 -0.131336 0.008847
vn -0.950773 -0.270649 -0.150930
vn -0.682770 -0.443664 0.580506
vn -0.702085 -0.388555 0.596742
vn -0.950773 -0.270649 -0.150930
vn -0.991298 -0.131336 0.008847
vn -0.879531 0.475746 -0.009535
vn -0.641655 0.275197 -0.715923
vn -0.950773 -0.270649 -0.150930
vn -0.991298 -0.131336 0.008847
vn -0.641655 0.275197 -0.715923
vn -0.641655 0.275197 -0.715923
vn -0.879531 0.475746 -0.009535
vn -0.477651 0.878156 -0.026305
vn -0.641655 0.275197 -0.715923
vn -0.477651 0.878156 -0.026305
vn 0.205476 0.636002 -0.743829
vn -0.440785 0.149167 -0.885132
vn -0.641655 0.275197 -0.715923
vn 0.205476 0.636002 -0.743829
vn -0.950773 -0.270649 -0.150930
vn -0.641655 0.275197 -0.715923
vn -0.440785 0.149167 -0.885132
vn -0.440785 0.149167 -0.885132
vn 0.205476 0.636002 -0.743829
vn 0.363433 0.452198 -0.814515
vn -0.682770 -0.443664 0.580506
vn -0.950773 -0.270649 -0.150930
vn -0.923378 -0.320963 -0.210610
vn -0.923378 -0.320963 -0.210610
vn -0.950773 -0.270649 -0.150930
vn -0.440785 0.149167 -0.885132
vn -0.923378 -0.320963 -0.210610
vn -0.656137 -0.507940 0.558106
vn -0.682770 -0.443664 0.580506
vn -0.369463 0.106665 -0.923103
vn -0.440785 0.149167 -0.885132
vn 0.363433 0.452198 -0.814515
vn -0.923378 -0.320963 -0.210610
vn -0.440785 0.149167 -0.885132
vn -0.369463 0.106665 -0.923103
vn -0.369463 0.106665 -0.923103
vn 0.363433 0.452198 -0.814515
vn 0.402630 0.396859 -0.824859
vn -0.923378 -0.320963 -0.210610
vn -0.883400 -0.376910 -0.278465
vn -0.656137 -0.507940 0.558106
vn -0.369463 0.106665 -0.923103
vn -0.883400 -0.376910 -0.278465
vn -0.923378 -0.320963 -0.210610
vn -0.883400 -0.376910 -0.278465
vn -0.538090 -0.707281 0.458489
vn -0.656137 -0.507940 0.558106
vn 0.402630 0.396859 -0.824859
vn -0.292162 0.061595 -0.954383
vn -0.369463 0.106665 -0.923103
vn -0.369463 0.106665 -0.923103
vn -0.292162 0.061595 -0.954383
vn -0.883400 -0.376910 -0.278465
vn 0.402630 0.396859 -0.824859
vn 0.439409 0.340542 -0.831235
vn -0.292162 0.061595 -0.954383
vn -0.883400 -0.376910 -0.278465
vn -0.707535 -0.526900 -0.470926
vn -0.538090 -0.707281 0.458489
vn -0.292162 0.061595 -0.954383
vn -0.707535 -0.526900 -0.470926
vn -0.883400 -0.376910 -0.278465
vn -0.707535 -0.526900 -0.470926
vn 0.235913 -0.951483 -0.197548
vn -0.538090 -0.707281 0.458489
vn -0.707535 -0.526900 -0.470926
vn 0.099821 -0.660984 -0.743731
vn 0.235913 -0.951483 -0.197548
vn 0.439409 0.340542 -0.831235
vn -0.089402 -0.052355 -0.994619
vn -0.292162 0.061595 -0.954383
vn -0.292162 0.061595 -0.954383
vn -0.089402 -0.052355 -0.994619
vn -0.707535 -0.526900 -0.470926
vn -0.089402 -0.052355 -0.994619
vn 0.099821 -0.660984 -0.743731
vn -0.707535 -0.526900 -0.470926
vn 0.439409 0.340542 -0.831235
vn 0.517110 0.203610 -0.831349
vn -0.089402 -0.052355 -0.994619
vn -0.089402 -0.052355 -0.994619
vn 0.343623 -0.277196 -0.897266
vn 0.099821 -0.660984 -0.743731
vn 0.517110 0.203610 -0.831349
vn 0.343623 -0.277196 -0.897266
vn -0.089402 -0.052355 -0.994619
vn 0.517110 0.203610 -0.831349
vn 0.635106 -0.090888 -0.767059
vn 0.343623 -0.277196 -0.897266
vn 0.205476 0.636002 -0.743829
vn -0.477651 0.878156 -0.026305
vn -0.098511 0.860512 0.499814
vn 0.205476 0.636002 -0.743829
vn -0.098511 0.860512 0.499814
vn 0.738767 0.673168 -0.032691
vn 0.738767 0.673168 -0.032691
vn -0.098511 0.860512 0.499814
vn -0.201854 0.448456 0.870713
vn 0.363433 0.452198 -0.814515
vn 0.205476 0.636002 -0.743829
vn 0.738767 0.673168 -0.032691
vn 0.738767 0.673168 -0.032691
vn -0.201854 0.448456 0.870713
vn 0.453604 0.280640 0.845863
vn 0.363433 0.452198 -0.814515
vn 0.738767 0.673168 -0.032691
vn 0.854025 0.483790 -0.191283
vn 0.854025 0.483790 -0.191283
vn 0.738767 0.673168 -0.032691
vn 0.453604 0.280640 0.845863
vn 0.402630 0.396859 -0.824859
vn 0.363433 0.452198 -0.814515
vn 0.854025 0.483790 -0.191283
vn 0.854025 0.483790 -0.191283
vn 0.453604 0.280640 0.845863
vn 0.681395 0.165213 0.713026
vn 0.402630 0.396859 -0.824859
vn 0.854025 0.483790 -0.191283
vn 0.874721 0.425156 -0.232606
vn 0.874721 0.425156 -0.232606
vn 0.854025 0.483790 -0.191283
vn 0.681395 0.165213 0.713026
vn 0.874721 0.425156 -0.232606
vn 0.439409 0.340542 -0.831235
vn 0.402630 0.396859 -0.824859
vn 0.874721 0.425156 -0.232606
vn 0.681395 0.165213 0.713026
vn 0.745523 0.123217 0.654991
vn 0.874721 0.425156 -0.232606
vn 0.890340 0.365095 -0.272031
vn 0.439409 0.340542 -0.831235
vn 0.745523 0.123217 0.654991
vn 0.890340 0.365095 -0.272031
vn 0.874721 0.425156 -0.232606
vn 0.890340 0.365095 -0.272031
vn 0.517110 0.203610 -0.831349
vn 0.439409 0.340542 -0.831235
vn 0.745523 0.123217 0.654991
vn 0.806482 0.077059 0.586215
vn 0.890340 0.365095 -0.272031
vn 0.890340 0.365095 -0.272031
vn 0.907945 0.218544 -0.357595
vn 0.517110 0.203610 -0.831349
vn 0.806482 0.077059 0.586215
vn 0.907945 0.218544 -0.357595
vn 0.890340 0.365095 -0.272031
vn 0.907945 0.218544 -0.357595
vn 0.635106 -0.090888 -0.767059
vn 0.517110 0.203610 -0.831349
vn 0.806482 0.077059 0.586215
vn 0.923999 -0.045937 0.379625
vn 0.907945 0.218544 -0.357595
vn 0.907945 0.218544 -0.357595
vn 0.863362 -0.091681 -0.496186
vn 0.635106 -0.090888 -0.767059
vn 0.923999 -0.045937 0.379625
vn 0.863362 -0.091681 -0.496186
vn 0.907945 0.218544 -0.357595
vn 0.923999 -0.045937 0.379625
vn 0.944850 -0.292841 -0.146641
vn 0.863362 -0.091681 -0.496186
vn 0.453604 0.280640 0.845863
vn -0.201854 0.448456 0.870713
vn -0.493772 0.159518 0.854835
vn 0.453604 0.280640 0.845863
vn -0.493772 0.159518 0.854835
vn -0.238449 -0.113021 0.964556
vn -0.238449 -0.113021 0.964556
vn -0.493772 0.159518 0.854835
vn -0.760809 0.068869 0.645312
vn 0.681395 0.165213 0.713026
vn 0.453604 0.280640 0.845863
vn -0.238449 -0.113021 0.964556
vn -0.238449 -0.113021 0.964556
vn -0.760809 0.068869 0.645312
vn -0.739233 -0.243555 0.627866
vn 0.681395 0.165213 0.713026
vn -0.238449 -0.113021 0.964556
vn -0.100610 -0.240106 0.965519
vn -0.100610 -0.240106 0.965519
vn -0.238449 -0.113021 0.964556
vn -0.739233 -0.243555 0.627866
vn 0.745523 0.123217 0.654991
vn 0.681395 0.165213 0.713026
vn -0.100610 -0.240106 0.965519
vn -0.100610 -0.240106 0.965519
vn -0.739233 -0.243555 0.627866
vn -0.702085 -0.388555 0.596742
vn 0.745523 0.123217 0.654991
vn -0.100610 -0.240106 0.965519
vn -0.046181 -0.287153 0.956771
vn -0.046181 -0.287153 0.956771
vn -0.100610 -0.240106 0.965519
vn -0.702085 -0.388555 0.596742
vn -0.046181 -0.287153 0.956771
vn 0.806482 0.077059 0.586215
vn 0.745523 0.123217 0.654991
vn -0.046181 -0.287153 0.956771
vn -0.702085 -0.388555 0.596742
vn -0.682770 -0.443664 0.580506
vn -0.046181 -0.287153 0.956771
vn 0.018350 -0.340687 0.939998
vn 0.806482 0.077059 0.586215
vn -0.682770 -0.443664 0.580506
vn 0.018350 -0.340687 0.939998
vn -0.046181 -0.287153 0.956771
vn 0.018350 -0.340687 0.939998
vn 0.923999 -0.045937 0.379625
vn 0.806482 0.077059 0.586215
vn -0.682770 -0.443664 0.580506
vn -0.656137 -0.507940 0.558106
vn 0.018350 -0.340687 0.939998
vn 0.018350 -0.340687 0.939998
vn 0.224284 -0.495365 0.839232
vn 0.923999 -0.045937 0.379625
vn -0.656137 -0.507940 0.558106
vn 0.224284 -0.495365 0.839232
vn 0.018350 -0.340687 0.939998
vn 0.224284 -0.495365 0.839232
vn 0.944850 -0.292841 -0.146641
vn 0.923999 -0.045937 0.379625
vn -0.656137 -0.507940 0.558106
vn -0.538090 -0.707281 0.458489
vn 0.224284 -0.495365 0.839232
vn 0.224284 -0.495365 0.839232
vn 0.717305 -0.690843 0.090606
vn 0.944850 -0.292841 -0.146641
vn -0.538090 -0.707281 0.458489
vn 0.717305 -0.690843 0.090606
vn 0.224284 -0.495365 0.839232
vn -0.538090 -0.707281 0.458489
vn 0.235913 -0.951483 -0.197548
vn 0.717305 -0.690843 0.090606
vn -0.493772 0.159518 0.854835
vn -0.930857 0.165000 0.326008
vn -0.760809 0.068869 0.645312
vn -0.930857 0.165000 0.326008
vn -0.493772 0.159518 0.854835
vn -0.201854 0.448456 0.870713
vn -0.930857 0.165000 0.326008
vn -0.201854 0.448456 0.870713
vn -0.879531 0.475746 -0.009535
vn -0.879531 0.475746 -0.009535
vn -0.201854 0.448456 0.870713
vn -0.098511 0.860512 0.499814
vn -0.879531 0.475746 -0.009535
vn -0.098511 0.860512 0.499814
vn -0.477651 0.878156 -0.026305
vn 0.099821 -0.660984 -0.743731
vn 0.717305 -0.690843 0.090606
vn 0.235913 -0.951483 -0.197548
vn 0.717305 -0.690843 0.090606
vn 0.099821 -0.660984 -0.743731
vn 0.944850 -0.292841 -0.146641
vn 0.944850 -0.292841 -0.146641
vn 0.099821 -0.660984 -0.743731
vn 0.343623 -0.277196 -0.897266
vn 0.944850 -0.292841 -0.146641
vn 0.343623 -0.277196 -0.897266
vn 0.863362 -0.091681 -0.496186
vn 0.863362 -0.091681 -0.496186
vn 0.343623 -0.277196 -0.897266
vn 0.635106 -0.090888 -0.767059
vn 0.262684 0.419816 -0.868765
vn 0.360452 0.907803 0.214399
vn 0.563725 0.427950 -0.706451
vn 0.262684 0.419816 -0.868765
vn -0.702267 0.699776 -0.130902
vn 0.360452 0.907803 0.214399
vn -0.702267 0.699776 -0.130902
vn 0.735650 0.650111 -0.190197
vn 0.360452 0.907803 0.214399
vn -0.702267 0.699776 -0.130902
vn -0.672254 0.737445 -0.065187
vn 0.735650 0.650111 -0.190197
vn -0.672254 0.737445 -0.065187
vn 0.516034 0.628448 -0.582032
vn 0.735650 0.650111 -0.190197
vn -0.672254 0.737445 -0.065187
vn -0.767739 0.631130 0.110688
vn 0.516034 0.628448 -0.582032
vn -0.767739 0.631130 0.110688
vn 0.021939 0.853589 0.520484
vn 0.516034 0.628448 -0.582032
vn -0.767739 0.631130 0.110688
vn -0.240015 0.676975 0.695771
vn 0.021939 0.853589 0.520484
vn -0.240015 0.676975 0.695771
vn -0.025585 -0.428046 0.903395
vn 0.021939 0.853589 0.520484
vn -0.240015 0.676975 0.695771
vn 0.292756 -0.314516 0.902980
vn -0.025585 -0.428046 0.903395
vn 0.516034 0.628448 -0.582032
vn 0.021939 0.853589 0.520484
vn 0.483211 0.434823 0.759892
vn 0.735650 0.650111 -0.190197
vn 0.516034 0.628448 -0.582032
vn 0.483211 0.434823 0.759892
vn 0.360452 0.907803 0.214399
vn 0.735650 0.650111 -0.190197
vn 0.995620 -0.087776 0.032204
vn 0.735650 0.650111 -0.190197
vn 0.483211 0.434823 0.759892
vn 0.995620 -0.087776 0.032204
vn 0.360452 0.907803 0.214399
vn 0.995620 -0.087776 0.032204
vn 0.773768 0.130732 -0.619833
vn 0.563725 0.427950 -0.706451
vn 0.360452 0.907803 0.214399
vn 0.773768 0.130732 -0.619833
vn 0.483211 0.434823 0.759892
vn 0.394349 -0.875987 0.277735
vn 0.995620 -0.087776 0.032204
vn 0.483211 0.434823 0.759892
vn -0.491336 -0.304876 0.815867
vn 0.394349 -0.875987 0.277735
vn 0.021939 0.853589 0.520484
vn -0.491336 -0.304876 0.815867
vn 0.483211 0.434823 0.759892
vn 0.021939 0.853589 0.520484
vn -0.025585 -0.428046 0.903395
vn -0.491336 -0.304876 0.815867
vn -0.093530 0.139671 -0.985771
vn -0.702267 0.699776 -0.130902
vn 0.262684 0.419816 -0.868765
vn -0.093530 0.139671 -0.985771
vn -0.924591 0.271142 -0.267608
vn -0.702267 0.699776 -0.130902
vn -0.924591 0.271142 -0.267608
vn -0.672254 0.737445 -0.065187
vn -0.702267 0.699776 -0.130902
vn -0.924591 0.271142 -0.267608
vn -0.964312 0.253973 0.074841
vn -0.672254 0.737445 -0.065187
vn -0.964312 0.253973 0.074841
vn -0.767739 0.631130 0.110688
vn -0.672254 0.737445 -0.065187
vn -0.964312 0.253973 0.074841
vn -0.906825 0.231627 0.352160
vn -0.767739 0.631130 0.110688
vn -0.906825 0.231627 0.352160
vn -0.240015 0.676975 0.695771
vn -0.767739 0.631130 0.110688
vn -0.906825 0.231627 0.352160
vn -0.540884 0.192844 0.818691
vn -0.240015 0.676975 0.695771
vn -0.540884 0.192844 0.818691
vn 0.292756 -0.314516 0.902980
vn -0.240015 0.676975 0.695771
vn -0.540884 0.192844 0.818691
vn 0.225465 -0.238897 0.944507
vn 0.292756 -0.314516 0.902980
vn 0.773768 0.130732 -0.619833
vn 0.501230 -0.563145 -0.656990
vn 0.563725 0.427950 -0.706451
vn 0.773768 0.130732 -0.619833
vn 0.109945 -0.650444 -0.751555
vn 0.501230 -0.563145 -0.656990
vn 0.995620 -0.087776 0.032204
vn 0.109945 -0.650444 -0.751555
vn 0.773768 0.130732 -0.619833
vn 0.995620 -0.087776 0.032204
vn 0.394349 -0.875987 0.277735
vn 0.109945 -0.650444 -0.751555
vn -0.491336 -0.304876 0.815867
vn 0.109945 -0.650444 -0.751555
vn 0.394349 -0.875987 0.277735
vn -0.025585 -0.428046 0.903395
vn 0.109945 -0.650444 -0.751555
vn -0.491336 -0.304876 0.815867
vn 0.109945 -0.650444 -0.751555
vn -0.025585 -0.428046 0.903395
vn 0.501230 -0.563145 -0.656990
vn 0.631642 -0.238411 0.737691
vn 0.736748 -0.179648 -0.651865
vn 0.542978 -0.200571 0.815442
vn 0.736748 -0.179648 -0.651865
vn 0.413200 -0.186612 0.891315
vn 0.542978 -0.200571 0.815442
vn 0.708618 -0.163510 -0.686385
vn 0.413200 -0.186612 0.891315
vn 0.736748 -0.179648 -0.651865
vn 0.413200 -0.186612 0.891315
vn 0.708618 -0.163510 -0.686385
vn 0.691284 -0.172276 -0.701746
vn -0.366413 0.028655 -0.930011
vn 0.691284 -0.172276 -0.701746
vn 0.708618 -0.163510 -0.686385
vn -0.366413 0.028655 -0.930011
vn 0.708618 -0.163510 -0.686385
vn -0.535171 0.028350 -0.844268
vn -0.535171 0.028350 -0.844268
vn 0.708618 -0.163510 -0.686385
vn 0.736748 -0.179648 -0.651865
vn -0.535171 0.028350 -0.844268
vn 0.736748 -0.179648 -0.651865
vn -0.657664 0.113029 -0.744783
vn 0.638462 -0.397676 -0.658953
vn -0.025585 -0.428046 0.903395
vn 0.292756 -0.314516 0.902980
vn 0.638462 -0.397676 -0.658953
vn 0.501230 -0.563145 -0.656990
vn -0.025585 -0.428046 0.903395
vn 0.563725 0.427950 -0.706451
vn 0.501230 -0.563145 -0.656990
vn 0.638462 -0.397676 -0.658953
vn 0.563725 0.427950 -0.706451
vn 0.638462 -0.397676 -0.658953
vn 0.262684 0.419816 -0.868765
vn 0.262684 0.419816 -0.868765
vn 0.662259 -0.256974 -0.703830
vn -0.093530 0.139671 -0.985771
vn 0.262684 0.419816 -0.868765
vn 0.638462 -0.397676 -0.658953
vn 0.662259 -0.256974 -0.703830
vn -0.736921 0.092043 0.669684
vn 0.631642 -0.238411 0.737691
vn 0.542978 -0.200571 0.815442
vn -0.736921 0.092043 0.669684
vn 0.542978 -0.200571 0.815442
vn -0.701974 0.043024 0.710901
vn -0.701974 0.043024 0.710901
vn 0.542978 -0.200571 0.815442
vn 0.413200 -0.186612 0.891315
vn -0.949778 0.264064 0.167904
vn -0.736921 0.092043 0.669684
vn -0.701974 0.043024 0.710901
vn -0.701974 0.043024 0.710901
vn 0.413200 -0.186612 0.891315
vn -0.711943 0.056697 0.699944
vn -0.949778 0.264064 0.167904
vn -0.701974 0.043024 0.710901
vn -0.970190 0.151463 0.189182
vn -0.970190 0.151463 0.189182
vn -0.701974 0.043024 0.710901
vn -0.711943 0.056697 0.699944
vn -0.951118 0.267215 0.154824
vn -0.949778 0.264064 0.167904
vn -0.970190 0.151463 0.189182
vn -0.970190 0.151463 0.189182
vn -0.711943 0.056697 0.699944
vn -0.960014 0.078699 0.268664
vn -0.951118 0.267215 0.154824
vn -0.970190 0.151463 0.189182
vn -0.978394 0.155373 0.136398
vn -0.978394 0.155373 0.136398
vn -0.970190 0.151463 0.189182
vn -0.960014 0.078699 0.268664
vn -0.953307 0.266701 0.141691
vn -0.951118 0.267215 0.154824
vn -0.978394 0.155373 0.136398
vn -0.978394 0.155373 0.136398
vn -0.960014 0.078699 0.268664
vn -0.992180 0.072023 0.101936
vn -0.953307 0.266701 0.141691
vn -0.978394 0.155373 0.136398
vn -0.982714 0.165932 0.082089
vn -0.982714 0.165932 0.082089
vn -0.978394 0.155373 0.136398
vn -0.992180 0.072023 0.101936
vn -0.657664 0.113029 -0.744783
vn -0.953307 0.266701 0.141691
vn -0.982714 0.165932 0.082089
vn -0.982714 0.165932 0.082089
vn -0.992180 0.072023 0.101936
vn -0.990315 0.094186 -0.102006
vn -0.657664 0.113029 -0.744783
vn -0.982714 0.165932 0.082089
vn -0.535171 0.028350 -0.844268
vn -0.535171 0.028350 -0.844268
vn -0.982714 0.165932 0.082089
vn -0.990315 0.094186 -0.102006
vn -0.535171 0.028350 -0.844268
vn -0.990315 0.094186 -0.102006
vn -0.366413 0.028655 -0.930011
vn -0.711943 0.056697 0.699944
vn 0.413200 -0.186612 0.891315
vn 0.225465 -0.238897 0.944507
vn -0.711943 0.056697 0.699944
vn 0.225465 -0.238897 0.944507
vn -0.540884 0.192844 0.818691
vn -0.960014 0.078699 0.268664
vn -0.711943 0.056697 0.699944
vn -0.540884 0.192844 0.818691
vn -0.960014 0.078699 0.268664
vn -0.540884 0.192844 0.818691
vn -0.906825 0.231627 0.352160
vn -0.992180 0.072023 0.101936
vn -0.960014 0.078699 0.268664
vn -0.906825 0.231627 0.352160
vn -0.992180 0.072023 0.101936
vn -0.906825 0.231627 0.352160
vn -0.964312 0.253973 0.074841
vn -0.990315 0.094186 -0.102006
vn -0.992180 0.072023 0.101936
vn -0.964312 0.253973 0.074841
vn -0.990315 0.094186 -0.102006
vn -0.964312 0.253973 0.074841
vn -0.924591 0.271142 -0.267608
vn -0.366413 0.028655 -0.930011
vn -0.990315 0.094186 -0.102006
vn -0.924591 0.271142 -0.267608
vn -0.366413 0.028655 -0.930011
vn -0.924591 0.271142 -0.267608
vn -0.093530 0.139671 -0.985771
vn -0.093530 0.139671 -0.985771
vn 0.691284 -0.172276 -0.701746
vn -0.366413 0.028655 -0.930011
vn -0.093530 0.139671 -0.985771
vn 0.662259 -0.256974 -0.703830
vn 0.691284 -0.172276 -0.701746
vn 0.225465 -0.238897 0.944507
vn 0.691284 -0.172276 -0.701746
vn 0.662259 -0.256974 -0.703830
vn 0.225465 -0.238897 0.944507
vn 0.413200 -0.186612 0.891315
vn 0.691284 -0.172276 -0.701746
vn 0.638462 -0.397676 -0.658953
vn 0.225465 -0.238897 0.944507
vn 0.662259 -0.256974 -0.703830
vn 0.638462 -0.397676 -0.658953
vn 0.292756 -0.314516 0.902980
vn 0.225465 -0.238897 0.944507
vn 0.759790 -0.011231 -0.650071
vn 0.211740 -0.008919 -0.977285
vn 0.186478 0.414318 -0.890824
vn 0.759790 -0.011231 -0.650071
vn 0.186478 0.414318 -0.890824
vn 0.711480 0.353583 -0.607269
vn 0.999911 -0.005690 0.012047
vn 0.759790 -0.011231 -0.650071
vn 0.711480 0.353583 -0.607269
vn 0.999911 -0.005690 0.012047
vn 0.711480 0.353583 -0.607269
vn 0.894430 0.446737 0.020496
vn 0.289381 0.011445 0.957146
vn 0.999911 -0.005690 0.012047
vn 0.894430 0.446737 0.020496
vn 0.289381 0.011445 0.957146
vn 0.894430 0.446737 0.020496
vn 0.240404 0.491114 0.837265
vn -0.537651 0.016934 0.842998
vn 0.289381 0.011445 0.957146
vn 0.240404 0.491114 0.837265
vn -0.537651 0.016934 0.842998
vn 0.240404 0.491114 0.837265
vn -0.499209 0.379423 0.778992
vn -0.922183 0.015933 0.386425
vn -0.537651 0.016934 0.842998
vn -0.499209 0.379423 0.778992
vn -0.922183 0.015933 0.386425
vn -0.499209 0.379423 0.778992
vn -0.845730 0.394539 0.359276
vn -0.822510 0.006178 -0.568717
vn -0.922183 0.015933 0.386425
vn -0.845730 0.394539 0.359276
vn -0.822510 0.006178 -0.568717
vn -0.845730 0.394539 0.359276
vn -0.715726 0.509926 -0.477191
vn 0.211740 -0.008919 -0.977285
vn -0.822510 0.006178 -0.568717
vn -0.715726 0.509926 -0.477191
vn 0.211740 -0.008919 -0.977285
vn -0.715726 0.509926 -0.477191
vn 0.186478 0.414318 -0.890824
vn -0.845730 0.394539 0.359276
vn 0.186478 0.414318 -0.890824
vn -0.715726 0.509926 -0.477191
vn 0.186478 0.414318 -0.890824
vn -0.845730 0.394539 0.359276
vn 0.711480 0.353583 -0.607269
vn 0.711480 0.353583 -0.607269
vn -0.845730 0.394539 0.359276
vn -0.499209 0.379423 0.778992
vn 0.711480 0.353583 -0.607269
vn -0.499209 0.379423 0.778992
vn 0.894430 0.446737 0.020496
vn 0.894430 0.446737 0.020496
vn -0.499209 0.379423 0.778992
vn 0.240404 0.491114 0.837265
vn 0.221527 0.658149 -0.719560
vn 0.419749 0.740217 0.525252
vn 0.590710 0.572652 -0.568447
vn 0.221527 0.658149 -0.719560
vn -0.659349 0.694509 0.287952
vn 0.419749 0.740217 0.525252
vn -0.659349 0.694509 0.287952
vn 0.791317 0.610468 0.033861
vn 0.419749 0.740217 0.525252
vn -0.659349 0.694509 0.287952
vn -0.614898 0.706409 0.350552
vn 0.791317 0.610468 0.033861
vn -0.614898 0.706409 0.350552
vn 0.560393 0.760456 -0.328124
vn 0.791317 0.610468 0.033861
vn -0.614898 0.706409 0.350552
vn -0.679478 0.578139 0.451736
vn 0.560393 0.760456 -0.328124
vn -0.679478 0.578139 0.451736
vn 0.118808 0.632901 0.765063
vn 0.560393 0.760456 -0.328124
vn -0.679478 0.578139 0.451736
vn -0.115388 0.474935 0.872423
vn 0.118808 0.632901 0.765063
vn -0.115388 0.474935 0.872423
vn 0.076601 -0.698323 0.711672
vn 0.118808 0.632901 0.765063
vn -0.115388 0.474935 0.872423
vn 0.453701 -0.569974 0.685044
vn 0.076601 -0.698323 0.711672
vn 0.560393 0.760456 -0.328124
vn 0.118808 0.632901 0.765063
vn 0.597056 0.213973 0.773136
vn 0.791317 0.610468 0.033861
vn 0.560393 0.760456 -0.328124
vn 0.597056 0.213973 0.773136
vn 0.419749 0.740217 0.525252
vn 0.791317 0.610468 0.033861
vn 0.976583 -0.160041 -0.143778
vn 0.791317 0.610468 0.033861
vn 0.597056 0.213973 0.773136
vn 0.976583 -0.160041 -0.143778
vn 0.419749 0.740217 0.525252
vn 0.976583 -0.160041 -0.143778
vn 0.763192 0.194563 -0.616184
vn 0.590710 0.572652 -0.568447
vn 0.419749 0.740217 0.525252
vn 0.763192 0.194563 -0.616184
vn 0.597056 0.213973 0.773136
vn 0.388625 -0.896118 -0.214342
vn 0.976583 -0.160041 -0.143778
vn 0.597056 0.213973 0.773136
vn -0.484822 -0.473628 0.735272
vn 0.388625 -0.896118 -0.214342
vn 0.118808 0.632901 0.765063
vn -0.484822 -0.473628 0.735272
vn 0.597056 0.213973 0.773136
vn 0.118808 0.632901 0.765063
vn 0.076601 -0.698323 0.711672
vn -0.484822 -0.473628 0.735272
vn -0.241559 0.382831 -0.891678
vn -0.659349 0.694509 0.287952
vn 0.221527 0.658149 -0.719560
vn -0.241559 0.382831 -0.891678
vn -0.930474 0.365811 0.019993
vn -0.659349 0.694509 0.287952
vn -0.930474 0.365811 0.019993
vn -0.614898 0.706409 0.350552
vn -0.659349 0.694509 0.287952
vn -0.930474 0.365811 0.019993
vn -0.911981 0.282556 0.297410
vn -0.614898 0.706409 0.350552
vn -0.911981 0.282556 0.297410
vn -0.679478 0.578139 0.451736
vn -0.614898 0.706409 0.350552
vn -0.911981 0.282556 0.297410
vn -0.833230 0.208680 0.512036
vn -0.679478 0.578139 0.451736
vn -0.833230 0.208680 0.512036
vn -0.115388 0.474935 0.872423
vn -0.679478 0.578139 0.451736
vn -0.833230 0.208680 0.512036
vn -0.451937 0.062469 0.889860
vn -0.115388 0.474935 0.872423
vn -0.451937 0.062469 0.889860
vn 0.453701 -0.569974 0.685044
vn -0.115388 0.474935 0.872423
vn -0.451937 0.062469 0.889860
vn 0.386089 -0.493491 0.779360
vn 0.453701 -0.569974 0.685044
vn 0.763192 0.194563 -0.616184
vn 0.374765 -0.406091 -0.833451
vn 0.590710 0.572652 -0.568447
vn 0.763192 0.194563 -0.616184
vn -0.012624 -0.437337 -0.899209
vn 0.374765 -0.406091 -0.833451
vn 0.976583 -0.160041 -0.143778
vn -0.012624 -0.437337 -0.899209
vn 0.763192 0.194563 -0.616184
vn 0.976583 -0.160041 -0.143778
vn 0.388625 -0.896118 -0.214342
vn -0.012624 -0.437337 -0.899209
vn -0.484822 -0.473628 0.735272
vn -0.012624 -0.437337 -0.899209
vn 0.388625 -0.896118 -0.214342
vn 0.076601 -0.698323 0.711672
vn -0.012624 -0.437337 -0.899209
vn -0.484822 -0.473628 0.735272
vn -0.012624 -0.437337 -0.899209
vn 0.076601 -0.698323 0.711672
vn 0.374765 -0.406091 -0.833451
vn 0.660838 -0.096738 -0.744268
vn 0.696327 -0.422323 0.580321
vn 0.766032 -0.442394 0.466349
vn 0.696327 -0.422323 0.580321
vn 0.660838 -0.096738 -0.744268
vn 0.634406 -0.073369 -0.769510
vn 0.696327 -0.422323 0.580321
vn 0.634406 -0.073369 -0.769510
vn 0.579364 -0.424633 0.695719
vn 0.579364 -0.424633 0.695719
vn 0.634406 -0.073369 -0.769510
vn 0.614630 -0.077225 -0.785027
vn -0.531225 0.260681 -0.806130
vn 0.614630 -0.077225 -0.785027
vn 0.634406 -0.073369 -0.769510
vn -0.531225 0.260681 -0.806130
vn 0.634406 -0.073369 -0.769510
vn -0.688352 0.249389 -0.681158
vn -0.688352 0.249389 -0.681158
vn 0.634406 -0.073369 -0.769510
vn 0.660838 -0.096738 -0.744268
vn -0.688352 0.249389 -0.681158
vn 0.660838 -0.096738 -0.744268
vn -0.791074 0.317701 -0.522751
vn 0.526761 -0.279013 -0.802916
vn 0.076601 -0.698323 0.711672
vn 0.453701 -0.569974 0.685044
vn 0.526761 -0.279013 -0.802916
vn 0.374765 -0.406091 -0.833451
vn 0.076601 -0.698323 0.711672
vn 0.590710 0.572652 -0.568447
vn 0.374765 -0.406091 -0.833451
vn 0.526761 -0.279013 -0.802916
vn 0.590710 0.572652 -0.568447
vn 0.526761 -0.279013 -0.802916
vn 0.221527 0.658149 -0.719560
vn 0.221527 0.658149 -0.719560
vn 0.570049 -0.151468 -0.807528
vn -0.241559 0.382831 -0.891678
vn 0.221527 0.658149 -0.719560
vn 0.526761 -0.279013 -0.802916
vn 0.570049 -0.151468 -0.807528
vn -0.677716 0.011918 0.735227
vn 0.766032 -0.442394 0.466349
vn 0.696327 -0.422323 0.580321
vn -0.677716 0.011918 0.735227
vn 0.696327 -0.422323 0.580321
vn -0.650862 -0.046662 0.757760
vn -0.650862 -0.046662 0.757760
vn 0.696327 -0.422323 0.580321
vn 0.579364 -0.424633 0.695719
vn -0.885717 0.272740 0.375658
vn -0.677716 0.011918 0.735227
vn -0.650862 -0.046662 0.757760
vn -0.650862 -0.046662 0.757760
vn 0.579364 -0.424633 0.695719
vn -0.658596 -0.030187 0.751891
vn -0.885717 0.272740 0.375658
vn -0.650862 -0.046662 0.757760
vn -0.920149 0.172918 0.351319
vn -0.920149 0.172918 0.351319
vn -0.650862 -0.046662 0.757760
vn -0.658596 -0.030187 0.751891
vn -0.887994 0.277947 0.366350
vn -0.885717 0.272740 0.375658
vn -0.920149 0.172918 0.351319
vn -0.920149 0.172918 0.351319
vn -0.658596 -0.030187 0.751891
vn -0.916535 0.093182 0.388948
vn -0.887994 0.277947 0.366350
vn -0.920149 0.172918 0.351319
vn -0.932303 0.186634 0.309804
vn -0.932303 0.186634 0.309804
vn -0.920149 0.172918 0.351319
vn -0.916535 0.093182 0.388948
vn -0.891647 0.280103 0.355680
vn -0.887994 0.277947 0.366350
vn -0.932303 0.186634 0.309804
vn -0.932303 0.186634 0.309804
vn -0.916535 0.093182 0.388948
vn -0.961107 0.120587 0.248459
vn -0.891647 0.280103 0.355680
vn -0.932303 0.186634 0.309804
vn -0.940613 0.206267 0.269632
vn -0.940613 0.206267 0.269632
vn -0.932303 0.186634 0.309804
vn -0.961107 0.120587 0.248459
vn -0.791074 0.317701 -0.522751
vn -0.891647 0.280103 0.355680
vn -0.940613 0.206267 0.269632
vn -0.940613 0.206267 0.269632
vn -0.961107 0.120587 0.248459
vn -0.979946 0.178757 0.088043
vn -0.791074 0.317701 -0.522751
vn -0.940613 0.206267 0.269632
vn -0.688352 0.249389 -0.681158
vn -0.688352 0.249389 -0.681158
vn -0.940613 0.206267 0.269632
vn -0.979946 0.178757 0.088043
vn -0.688352 0.249389 -0.681158
vn -0.979946 0.178757 0.088043
vn -0.531225 0.260681 -0.806130
vn -0.658596 -0.030187 0.751891
vn 0.579364 -0.424633 0.695719
vn 0.386089 -0.493491 0.779360
vn -0.658596 -0.030187 0.751891
vn 0.386089 -0.493491 0.779360
vn -0.451937 0.062469 0.889860
vn -0.916535 0.093182 0.388948
vn -0.658596 -0.030187 0.751891
vn -0.451937 0.062469 0.889860
vn -0.916535 0.093182 0.388948
vn -0.451937 0.062469 0.889860
vn -0.833230 0.208680 0.512036
vn -0.961107 0.120587 0.248459
vn -0.916535 0.093182 0.388948
vn -0.833230 0.208680 0.512036
vn -0.961107 0.120587 0.248459
vn -0.833230 0.208680 0.512036
vn -0.911981 0.282556 0.297410
vn -0.979946 0.178757 0.088043
vn -0.961107 0.120587 0.248459
vn -0.911981 0.282556 0.297410
vn -0.979946 0.178757 0.088043
vn -0.911981 0.282556 0.297410
vn -0.930474 0.365811 0.019993
vn -0.531225 0.260681 -0.806130
vn -0.979946 0.178757 0.088043
vn -0.930474 0.365811 0.019993
vn -0.531225 0.260681 -0.806130
vn -0.930474 0.365811 0.019993
vn -0.241559 0.382831 -0.891678
vn -0.241559 0.382831 -0.891678
vn 0.614630 -0.077225 -0.785027
vn -0.531225 0.260681 -0.806130
vn -0.241559 0.382831 -0.891678
vn 0.570049 -0.151468 -0.807528
vn 0.614630 -0.077225 -0.785027
vn 0.386089 -0.493491 0.779360
vn 0.614630 -0.077225 -0.785027
vn 0.570049 -0.151468 -0.807528
vn 0.386089 -0.493491 0.779360
vn 0.579364 -0.424633 0.695719
vn 0.614630 -0.077225 -0.785027
vn 0.526761 -0.279013 -0.802916
vn 0.386089 -0.493491 0.779360
vn 0.570049 -0.151468 -0.807528
vn 0.526761 -0.279013 -0.802916
vn 0.453701 -0.569974 0.685044
vn 0.386089 -0.493491 0.779360
vn 0.512589 0.750817 0.416565
vn -0.703504 0.449185 0.550740
vn 0.067359 0.583302 0.809458
vn 0.512589 0.750817 0.416565
vn -0.033521 0.898487 -0.437718
vn -0.703504 0.449185 0.550740
vn -0.033521 0.898487 -0.437718
vn -0.525521 0.373092 0.764611
vn -0.703504 0.449185 0.550740
vn -0.033521 0.898487 -0.437718
vn -0.157274 0.915814 -0.369525
vn -0.525521 0.373092 0.764611
vn -0.157274 0.915814 -0.369525
vn -0.199123 0.640406 0.741775
vn -0.525521 0.373092 0.764611
vn -0.157274 0.915814 -0.369525
vn -0.212095 0.820389 -0.531015
vn -0.199123 0.640406 0.741775
vn -0.212095 0.820389 -0.531015
vn -0.813115 0.440397 0.380651
vn -0.199123 0.640406 0.741775
vn -0.212095 0.820389 -0.531015
vn -0.895729 0.400979 0.192057
vn -0.813115 0.440397 0.380651
vn -0.895729 0.400979 0.192057
vn -0.653707 -0.752404 -0.080961
vn -0.813115 0.440397 0.380651
vn -0.895729 0.400979 0.192057
vn -0.773102 -0.556384 0.304548
vn -0.653707 -0.752404 -0.080961
vn -0.199123 0.640406 0.741775
vn -0.813115 0.440397 0.380651
vn -0.840241 0.069037 0.537801
vn -0.525521 0.373092 0.764611
vn -0.199123 0.640406 0.741775
vn -0.840241 0.069037 0.537801
vn -0.703504 0.449185 0.550740
vn -0.525521 0.373092 0.764611
vn -0.445632 -0.238573 0.862841
vn -0.525521 0.373092 0.764611
vn -0.840241 0.069037 0.537801
vn -0.445632 -0.238573 0.862841
vn -0.703504 0.449185 0.550740
vn -0.445632 -0.238573 0.862841
vn 0.112433 0.184778 0.976328
vn 0.067359 0.583302 0.809458
vn -0.703504 0.449185 0.550740
vn 0.112433 0.184778 0.976328
vn -0.840241 0.069037 0.537801
vn 0.196946 -0.980279 0.016312
vn -0.445632 -0.238573 0.862841
vn -0.840241 0.069037 0.537801
vn -0.420313 -0.569524 -0.706385
vn 0.196946 -0.980279 0.016312
vn -0.813115 0.440397 0.380651
vn -0.420313 -0.569524 -0.706385
vn -0.840241 0.069037 0.537801
vn -0.813115 0.440397 0.380651
vn -0.653707 -0.752404 -0.080961
vn -0.420313 -0.569524 -0.706385
vn 0.893686 0.395230 -0.212410
vn -0.033521 0.898487 -0.437718
vn 0.512589 0.750817 0.416565
vn 0.893686 0.395230 -0.212410
vn 0.490408 0.429196 -0.758479
vn -0.033521 0.898487 -0.437718
vn 0.490408 0.429196 -0.758479
vn -0.157274 0.915814 -0.369525
vn -0.033521 0.898487 -0.437718
vn 0.490408 0.429196 -0.758479
vn 0.265416 0.403908 -0.875450
vn -0.157274 0.915814 -0.369525
vn 0.265416 0.403908 -0.875450
vn -0.212095 0.820389 -0.531015
vn -0.157274 0.915814 -0.369525
vn 0.265416 0.403908 -0.875450
vn -0.037796 0.359076 -0.932543
vn -0.212095 0.820389 -0.531015
vn -0.037796 0.359076 -0.932543
vn -0.895729 0.400979 0.192057
vn -0.212095 0.820389 -0.531015
vn -0.037796 0.359076 -0.932543
vn -0.907634 0.085107 -0.411043
vn -0.895729 0.400979 0.192057
vn -0.907634 0.085107 -0.411043
vn -0.773102 -0.556384 0.304548
vn -0.895729 0.400979 0.192057
vn -0.907634 0.085107 -0.411043
vn -0.828080 -0.485174 0.280874
vn -0.773102 -0.556384 0.304548
vn 0.112433 0.184778 0.976328
vn 0.874712 -0.471935 0.110253
vn 0.067359 0.583302 0.809458
vn 0.112433 0.184778 0.976328
vn 0.905585 -0.321184 -0.277048
vn 0.874712 -0.471935 0.110253
vn -0.445632 -0.238573 0.862841
vn 0.905585 -0.321184 -0.277048
vn 0.112433 0.184778 0.976328
vn -0.445632 -0.238573 0.862841
vn 0.196946 -0.980279 0.016312
vn 0.905585 -0.321184 -0.277048
vn -0.420313 -0.569524 -0.706385
vn 0.905585 -0.321184 -0.277048
vn 0.196946 -0.980279 0.016312
vn 0.905585 -0.321184 -0.277048
vn -0.420313 -0.569524 -0.706385
vn -0.653707 -0.752404 -0.080961
vn 0.905585 -0.321184 -0.277048
vn -0.653707 -0.752404 -0.080961
vn 0.874712 -0.471935 0.110253
vn 0.563360 -0.193053 0.803341
vn -0.766539 -0.404170 0.499063
vn -0.720080 -0.429122 0.545288
vn -0.766539 -0.404170 0.499063
vn 0.563360 -0.193053 0.803341
vn 0.622664 -0.150847 0.767811
vn -0.766539 -0.404170 0.499063
vn 0.622664 -0.150847 0.767811
vn -0.809169 -0.405990 0.424755
vn -0.809169 -0.405990 0.424755
vn 0.622664 -0.150847 0.767811
vn 0.668290 -0.151727 0.728264
vn 0.863424 0.266469 -0.428362
vn 0.668290 -0.151727 0.728264
vn 0.622664 -0.150847 0.767811
vn 0.863424 0.266469 -0.428362
vn 0.622664 -0.150847 0.767811
vn 0.816117 0.256147 -0.518017
vn 0.816117 0.256147 -0.518017
vn 0.622664 -0.150847 0.767811
vn 0.563360 -0.193053 0.803341
vn 0.816117 0.256147 -0.518017
vn 0.563360 -0.193053 0.803341
vn 0.755810 0.315759 -0.573626
vn 0.803831 -0.409470 0.431498
vn -0.653707 -0.752404 -0.080961
vn -0.773102 -0.556384 0.304548
vn 0.803831 -0.409470 0.431498
vn 0.874712 -0.471935 0.110253
vn -0.653707 -0.752404 -0.080961
vn 0.067359 0.583302 0.809458
vn 0.874712 -0.471935 0.110253
vn 0.803831 -0.409470 0.431498
vn 0.067359 0.583302 0.809458
vn 0.803831 -0.409470 0.431498
vn 0.512589 0.750817 0.416565
vn 0.512589 0.750817 0.416565
vn 0.763600 -0.249540 0.595521
vn 0.893686 0.395230 -0.212410
vn 0.512589 0.750817 0.416565
vn 0.803831 -0.409470 0.431498
vn 0.763600 -0.249540 0.595521
vn -0.490497 0.066627 -0.868892
vn -0.720080 -0.429122 0.545288
vn -0.766539 -0.404170 0.499063
vn -0.490497 0.066627 -0.868892
vn -0.766539 -0.404170 0.499063
vn -0.528153 -0.026827 -0.848726
vn -0.528153 -0.026827 -0.848726
vn -0.766539 -0.404170 0.499063
vn -0.809169 -0.405990 0.424755
vn 0.165446 0.412945 -0.895603
vn -0.490497 0.066627 -0.868892
vn -0.528153 -0.026827 -0.848726
vn -0.528153 -0.026827 -0.848726
vn -0.809169 -0.405990 0.424755
vn -0.518534 -0.000724 -0.855056
vn 0.165446 0.412945 -0.895603
vn -0.528153 -0.026827 -0.848726
vn 0.238973 0.281957 -0.929189
vn 0.238973 0.281957 -0.929189
vn -0.528153 -0.026827 -0.848726
vn -0.518534 -0.000724 -0.855056
vn 0.176494 0.417117 -0.891551
vn 0.165446 0.412945 -0.895603
vn 0.238973 0.281957 -0.929189
vn 0.238973 0.281957 -0.929189
vn -0.518534 -0.000724 -0.855056
vn 0.214086 0.191227 -0.957914
vn 0.176494 0.417117 -0.891551
vn 0.238973 0.281957 -0.929189
vn 0.284763 0.291203 -0.913297
vn 0.284763 0.291203 -0.913297
vn 0.238973 0.281957 -0.929189
vn 0.214086 0.191227 -0.957914
vn 0.190655 0.416894 -0.888735
vn 0.176494 0.417117 -0.891551
vn 0.284763 0.291203 -0.913297
vn 0.284763 0.291203 -0.913297
vn 0.214086 0.191227 -0.957914
vn 0.364472 0.209197 -0.907412
vn 0.190655 0.416894 -0.888735
vn 0.284763 0.291203 -0.913297
vn 0.323073 0.306772 -0.895273
vn 0.323073 0.306772 -0.895273
vn 0.284763 0.291203 -0.913297
vn 0.364472 0.209197 -0.907412
vn 0.755810 0.315759 -0.573626
vn 0.190655 0.416894 -0.888735
vn 0.323073 0.306772 -0.895273
vn 0.323073 0.306772 -0.895273
vn 0.364472 0.209197 -0.907412
vn 0.482829 0.250582 -0.839098
vn 0.755810 0.315759 -0.573626
vn 0.323073 0.306772 -0.895273
vn 0.816117 0.256147 -0.518017
vn 0.816117 0.256147 -0.518017
vn 0.323073 0.306772 -0.895273
vn 0.482829 0.250582 -0.839098
vn 0.816117 0.256147 -0.518017
vn 0.482829 0.250582 -0.839098
vn 0.863424 0.266469 -0.428362
vn -0.518534 -0.000724 -0.855056
vn -0.809169 -0.405990 0.424755
vn -0.828080 -0.485174 0.280874
vn -0.518534 -0.000724 -0.855056
vn -0.828080 -0.485174 0.280874
vn -0.907634 0.085107 -0.411043
vn 0.214086 0.191227 -0.957914
vn -0.518534 -0.000724 -0.855056
vn -0.907634 0.085107 -0.411043
vn 0.214086 0.191227 -0.957914
vn -0.907634 0.085107 -0.411043
vn -0.037796 0.359076 -0.932543
vn 0.364472 0.209197 -0.907412
vn 0.214086 0.191227 -0.957914
vn -0.037796 0.359076 -0.932543
vn 0.364472 0.209197 -0.907412
vn -0.037796 0.359076 -0.932543
vn 0.265416 0.403908 -0.875450
vn 0.482829 0.250582 -0.839098
vn 0.364472 0.209197 -0.907412
vn 0.265416 0.403908 -0.875450
vn 0.482829 0.250582 -0.839098
vn 0.265416 0.403908 -0.875450
vn 0.490408 0.429196 -0.758479
vn 0.863424 0.266469 -0.428362
vn 0.482829 0.250582 -0.839098
vn 0.490408 0.429196 -0.758479
vn 0.863424 0.266469 -0.428362
vn 0.490408 0.429196 -0.758479
vn 0.893686 0.395230 -0.212410
vn 0.893686 0.395230 -0.212410
vn 0.668290 -0.151727 0.728264
vn 0.863424 0.266469 -0.428362
vn 0.893686 0.395230 -0.212410
vn 0.763600 -0.249540 0.595521
vn 0.668290 -0.151727 0.728264
vn -0.828080 -0.485174 0.280874
vn 0.668290 -0.151727 0.728264
vn 0.763600 -0.249540 0.595521
vn -0.828080 -0.485174 0.280874
vn -0.809169 -0.405990 0.424755
vn 0.668290 -0.151727 0.728264
vn 0.803831 -0.409470 0.431498
vn -0.828080 -0.485174 0.280874
vn 0.763600 -0.249540 0.595521
vn 0.803831 -0.409470 0.431498
vn -0.773102 -0.556384 0.304548
vn -0.828080 -0.485174 0.280874
vn -0.801717 0.299686 0.517145
vn -0.195864 0.875102 -0.442531
vn -0.905243 0.368399 0.211701
vn -0.801717 0.299686 0.517145
vn -0.186438 0.656880 0.730582
vn -0.195864 0.875102 -0.442531
vn -0.186438 0.656880 0.730582
vn -0.603922 0.655422 -0.453542
vn -0.195864 0.875102 -0.442531
vn -0.186438 0.656880 0.730582
vn -0.156524 0.719076 0.677075
vn -0.603922 0.655422 -0.453542
vn -0.156524 0.719076 0.677075
vn -0.820101 0.553573 0.144884
vn -0.603922 0.655422 -0.453542
vn -0.156524 0.719076 0.677075
vn 0.054333 0.729339 0.681992
vn -0.820101 0.553573 0.144884
vn 0.054333 0.729339 0.681992
vn 0.168163 0.875475 -0.453062
vn -0.820101 0.553573 0.144884
vn 0.054333 0.729339 0.681992
vn 0.475569 0.767423 -0.429995
vn 0.168163 0.875475 -0.453062
vn 0.475569 0.767423 -0.429995
vn 0.709252 -0.283030 -0.645644
vn 0.168163 0.875475 -0.453062
vn 0.475569 0.767423 -0.429995
vn 0.584791 -0.196067 -0.787132
vn 0.709252 -0.283030 -0.645644
vn -0.820101 0.553573 0.144884
vn 0.168163 0.875475 -0.453062
vn 0.332531 0.346640 -0.877077
vn -0.603922 0.655422 -0.453542
vn -0.820101 0.553573 0.144884
vn 0.332531 0.346640 -0.877077
vn -0.195864 0.875102 -0.442531
vn -0.603922 0.655422 -0.453542
vn -0.168869 -0.139706 -0.975687
vn -0.603922 0.655422 -0.453542
vn 0.332531 0.346640 -0.877077
vn -0.168869 -0.139706 -0.975687
vn -0.195864 0.875102 -0.442531
vn -0.168869 -0.139706 -0.975687
vn -0.990814 0.086112 -0.104273
vn -0.905243 0.368399 0.211701
vn -0.195864 0.875102 -0.442531
vn -0.990814 0.086112 -0.104273
vn 0.332531 0.346640 -0.877077
vn 0.385630 -0.726986 -0.568138
vn -0.168869 -0.139706 -0.975687
vn 0.332531 0.346640 -0.877077
vn 0.904960 -0.234199 -0.355244
vn 0.385630 -0.726986 -0.568138
vn 0.168163 0.875475 -0.453062
vn 0.904960 -0.234199 -0.355244
vn 0.332531 0.346640 -0.877077
vn 0.168163 0.875475 -0.453062
vn 0.709252 -0.283030 -0.645644
vn 0.904960 -0.234199 -0.355244
vn -0.657977 0.071984 0.749590
vn -0.186438 0.656880 0.730582
vn -0.801717 0.299686 0.517145
vn -0.657977 0.071984 0.749590
vn -0.114203 0.262300 0.958205
vn -0.186438 0.656880 0.730582
vn -0.114203 0.262300 0.958205
vn -0.156524 0.719076 0.677075
vn -0.186438 0.656880 0.730582
vn -0.114203 0.262300 0.958205
vn 0.217446 0.341865 0.914246
vn -0.156524 0.719076 0.677075
vn 0.217446 0.341865 0.914246
vn 0.054333 0.729339 0.681992
vn -0.156524 0.719076 0.677075
vn 0.217446 0.341865 0.914246
vn 0.611023 0.404110 0.680695
vn 0.054333 0.729339 0.681992
vn 0.611023 0.404110 0.680695
vn 0.475569 0.767423 -0.429995
vn 0.054333 0.729339 0.681992
vn 0.611023 0.404110 0.680695
vn 0.898244 0.288631 -0.331435
vn 0.475569 0.767423 -0.429995
vn 0.898244 0.288631 -0.331435
vn 0.584791 -0.196067 -0.787132
vn 0.475569 0.767423 -0.429995
vn 0.898244 0.288631 -0.331435
vn 0.610177 -0.143026 -0.779248
vn 0.584791 -0.196067 -0.787132
vn -0.990814 0.086112 -0.104273
vn -0.626524 -0.759533 0.174861
vn -0.905243 0.368399 0.211701
vn -0.990814 0.086112 -0.104273
vn -0.469003 -0.678169 0.565794
vn -0.626524 -0.759533 0.174861
vn -0.168869 -0.139706 -0.975687
vn -0.469003 -0.678169 0.565794
vn -0.990814 0.086112 -0.104273
vn -0.168869 -0.139706 -0.975687
vn 0.385630 -0.726986 -0.568138
vn -0.469003 -0.678169 0.565794
vn 0.904960 -0.234199 -0.355244
vn -0.469003 -0.678169 0.565794
vn 0.385630 -0.726986 -0.568138
vn -0.469003 -0.678169 0.565794
vn 0.904960 -0.234199 -0.355244
vn -0.626524 -0.759533 0.174861
vn -0.626524 -0.759533 0.174861
vn 0.904960 -0.234199 -0.355244
vn 0.709252 -0.283030 -0.645644
vn 0.420364 -0.162244 -0.892732
vn 0.527204 -0.112723 -0.842229
vn 0.466429 -0.129030 -0.875097
vn 0.527204 -0.112723 -0.842229
vn 0.420364 -0.162244 -0.892732
vn -0.949449 -0.307920 0.061082
vn -0.949449 -0.307920 0.061082
vn 0.420364 -0.162244 -0.892732
vn -0.941504 -0.331943 -0.058166
vn -0.949449 -0.307920 0.061082
vn -0.941504 -0.331943 -0.058166
vn -0.953426 -0.300771 0.022691
vn -0.531092 0.003113 0.847309
vn -0.949449 -0.307920 0.061082
vn -0.953426 -0.300771 0.022691
vn -0.531092 0.003113 0.847309
vn -0.953426 -0.300771 0.022691
vn -0.450950 0.010921 0.892483
vn -0.450950 0.010921 0.892483
vn -0.953426 -0.300771 0.022691
vn -0.941504 -0.331943 -0.058166
vn -0.450950 0.010921 0.892483
vn -0.941504 -0.331943 -0.058166
vn -0.394657 0.077073 0.915590
vn -0.793677 -0.606612 0.045813
vn 0.709252 -0.283030 -0.645644
vn 0.584791 -0.196067 -0.787132
vn -0.793677 -0.606612 0.045813
vn -0.626524 -0.759533 0.174861
vn 0.709252 -0.283030 -0.645644
vn -0.905243 0.368399 0.211701
vn -0.626524 -0.759533 0.174861
vn -0.793677 -0.606612 0.045813
vn -0.905243 0.368399 0.211701
vn -0.793677 -0.606612 0.045813
vn -0.801717 0.299686 0.517145
vn -0.801717 0.299686 0.517145
vn -0.904624 -0.416890 0.088651
vn -0.657977 0.071984 0.749590
vn -0.801717 0.299686 0.517145
vn -0.793677 -0.606612 0.045813
vn -0.904624 -0.416890 0.088651
vn 0.977944 0.207414 0.024576
vn 0.420364 -0.162244 -0.892732
vn 0.466429 -0.129030 -0.875097
vn 0.977944 0.207414 0.024576
vn 0.466429 -0.129030 -0.875097
vn 0.988230 0.135392 -0.071216
vn 0.988230 0.135392 -0.071216
vn 0.466429 -0.129030 -0.875097
vn 0.527204 -0.112723 -0.842229
vn 0.328991 0.385428 0.862096
vn 0.977944 0.207414 0.024576
vn 0.988230 0.135392 -0.071216
vn 0.988230 0.135392 -0.071216
vn 0.527204 -0.112723 -0.842229
vn 0.986861 0.154908 -0.045924
vn 0.328991 0.385428 0.862096
vn 0.988230 0.135392 -0.071216
vn 0.416965 0.257134 0.871792
vn 0.416965 0.257134 0.871792
vn 0.988230 0.135392 -0.071216
vn 0.986861 0.154908 -0.045924
vn 0.310129 0.384345 0.869539
vn 0.328991 0.385428 0.862096
vn 0.416965 0.257134 0.871792
vn 0.416965 0.257134 0.871792
vn 0.986861 0.154908 -0.045924
vn 0.568418 0.179917 0.802827
vn 0.310129 0.384345 0.869539
vn 0.416965 0.257134 0.871792
vn 0.342870 0.248770 0.905844
vn 0.342870 0.248770 0.905844
vn 0.416965 0.257134 0.871792
vn 0.568418 0.179917 0.802827
vn 0.293436 0.379034 0.877627
vn 0.310129 0.384345 0.869539
vn 0.342870 0.248770 0.905844
vn 0.342870 0.248770 0.905844
vn 0.568418 0.179917 0.802827
vn 0.336072 0.144067 0.930753
vn 0.293436 0.379034 0.877627
vn 0.342870 0.248770 0.905844
vn 0.268153 0.247287 0.931098
vn 0.268153 0.247287 0.931098
vn 0.342870 0.248770 0.905844
vn 0.336072 0.144067 0.930753
vn -0.394657 0.077073 0.915590
vn 0.293436 0.379034 0.877627
vn 0.268153 0.247287 0.931098
vn 0.268153 0.247287 0.931098
vn 0.336072 0.144067 0.930753
vn 0.093585 0.135292 0.986376
vn -0.394657 0.077073 0.915590
vn 0.268153 0.247287 0.931098
vn -0.450950 0.010921 0.892483
vn -0.450950 0.010921 0.892483
vn 0.268153 0.247287 0.931098
vn 0.093585 0.135292 0.986376
vn -0.450950 0.010921 0.892483
vn 0.093585 0.135292 0.986376
vn -0.531092 0.003113 0.847309
vn 0.986861 0.154908 -0.045924
vn 0.527204 -0.112723 -0.842229
vn 0.610177 -0.143026 -0.779248
vn 0.986861 0.154908 -0.045924
vn 0.610177 -0.143026 -0.779248
vn 0.898244 0.288631 -0.331435
vn 0.568418 0.179917 0.802827
vn 0.986861 0.154908 -0.045924
vn 0.898244 0.288631 -0.331435
vn 0.568418 0.179917 0.802827
vn 0.898244 0.288631 -0.331435
vn 0.611023 0.404110 0.680695
vn 0.336072 0.144067 0.930753
vn 0.568418 0.179917 0.802827
vn 0.611023 0.404110 0.680695
vn 0.336072 0.144067 0.930753
vn 0.611023 0.404110 0.680695
vn 0.217446 0.341865 0.914246
vn 0.093585 0.135292 0.986376
vn 0.336072 0.144067 0.930753
vn 0.217446 0.341865 0.914246
vn 0.093585 0.135292 0.986376
vn 0.217446 0.341865 0.914246
vn -0.114203 0.262300 0.958205
vn -0.531092 0.003113 0.847309
vn 0.093585 0.135292 0.986376
vn -0.114203 0.262300 0.958205
vn -0.531092 0.003113 0.847309
vn -0.114203 0.262300 0.958205
vn -0.657977 0.071984 0.749590
vn -0.657977 0.071984 0.749590
vn -0.949449 -0.307920 0.061082
vn -0.531092 0.003113 0.847309
vn -0.657977 0.071984 0.749590
vn -0.904624 -0.416890 0.088651
vn -0.949449 -0.307920 0.061082
vn 0.610177 -0.143026 -0.779248
vn -0.949449 -0.307920 0.061082
vn -0.904624 -0.416890 0.088651
vn 0.610177 -0.143026 -0.779248
vn 0.527204 -0.112723 -0.842229
vn -0.949449 -0.307920 0.061082
vn -0.793677 -0.606612 0.045813
vn 0.610177 -0.143026 -0.779248
vn -0.904624 -0.416890 0.088651
vn -0.793677 -0.606612 0.045813
vn 0.584791 -0.196067 -0.787132
vn 0.610177 -0.143026 -0.779248
vn -0.710060 0.581740 0.396728
vn 0.338090 0.633769 -0.695724
vn -0.758839 0.649662 -0.045864
vn -0.710060 0.581740 0.396728
vn 0.282665 0.818019 0.500945
vn 0.338090 0.633769 -0.695724
vn 0.282665 0.818019 0.500945
vn -0.099243 0.627697 -0.772106
vn 0.338090 0.633769 -0.695724
vn 0.282665 0.818019 0.500945
vn 0.356173 0.846955 0.394726
vn -0.099243 0.627697 -0.772106
vn 0.356173 0.846955 0.394726
vn -0.499932 0.835432 -0.228301
vn -0.099243 0.627697 -0.772106
vn 0.356173 0.846955 0.394726
vn 0.540393 0.748913 0.383542
vn -0.499932 0.835432 -0.228301
vn 0.540393 0.748913 0.383542
vn 0.564279 0.537325 -0.626795
vn -0.499932 0.835432 -0.228301
vn 0.540393 0.748913 0.383542
vn 0.719607 0.423774 -0.550074
vn 0.564279 0.537325 -0.626795
vn 0.719607 0.423774 -0.550074
vn 0.611554 -0.546860 -0.571792
vn 0.564279 0.537325 -0.626795
vn 0.719607 0.423774 -0.550074
vn 0.509761 -0.407160 -0.757869
vn 0.611554 -0.546860 -0.571792
vn -0.499932 0.835432 -0.228301
vn 0.564279 0.537325 -0.626795
vn 0.485566 0.149740 -0.861280
vn -0.099243 0.627697 -0.772106
vn -0.499932 0.835432 -0.228301
vn 0.485566 0.149740 -0.861280
vn 0.338090 0.633769 -0.695724
vn -0.099243 0.627697 -0.772106
vn -0.217602 -0.185812 -0.958188
vn -0.099243 0.627697 -0.772106
vn 0.485566 0.149740 -0.861280
vn -0.217602 -0.185812 -0.958188
vn 0.338090 0.633769 -0.695724
vn -0.217602 -0.185812 -0.958188
vn -0.929195 0.266916 -0.255643
vn -0.758839 0.649662 -0.045864
vn 0.338090 0.633769 -0.695724
vn -0.929195 0.266916 -0.255643
vn 0.485566 0.149740 -0.861280
vn -0.132458 -0.957108 -0.257679
vn -0.217602 -0.185812 -0.958188
vn 0.485566 0.149740 -0.861280
vn 0.845241 -0.492681 -0.206961
vn -0.132458 -0.957108 -0.257679
vn 0.564279 0.537325 -0.626795
vn 0.845241 -0.492681 -0.206961
vn 0.485566 0.149740 -0.861280
vn 0.564279 0.537325 -0.626795
vn 0.611554 -0.546860 -0.571792
vn 0.845241 -0.492681 -0.206961
vn -0.638174 0.269669 0.721119
vn 0.282665 0.818019 0.500945
vn -0.710060 0.581740 0.396728
vn -0.638174 0.269669 0.721119
vn 0.037242 0.376919 0.925497
vn 0.282665 0.818019 0.500945
vn 0.037242 0.376919 0.925497
vn 0.356173 0.846955 0.394726
vn 0.282665 0.818019 0.500945
vn 0.037242 0.376919 0.925497
vn 0.416294 0.369107 0.830939
vn 0.356173 0.846955 0.394726
vn 0.416294 0.369107 0.830939
vn 0.540393 0.748913 0.383542
vn 0.356173 0.846955 0.394726
vn 0.416294 0.369107 0.830939
vn 0.782886 0.305349 0.542081
vn 0.540393 0.748913 0.383542
vn 0.782886 0.305349 0.542081
vn 0.719607 0.423774 -0.550074
vn 0.540393 0.748913 0.383542
vn 0.782886 0.305349 0.542081
vn 0.935696 0.064040 -0.346946
vn 0.719607 0.423774 -0.550074
vn 0.935696 0.064040 -0.346946
vn 0.509761 -0.407160 -0.757869
vn 0.719607 0.423774 -0.550074
vn 0.935696 0.064040 -0.346946
vn 0.561289 -0.345913 -0.751864
vn 0.509761 -0.407160 -0.757869
vn -0.929195 0.266916 -0.255643
vn -0.832797 -0.425565 0.354038
vn -0.758839 0.649662 -0.045864
vn -0.929195 0.266916 -0.255643
vn -0.685241 -0.361465 0.632287
vn -0.832797 -0.425565 0.354038
vn -0.217602 -0.185812 -0.958188
vn -0.685241 -0.361465 0.632287
vn -0.929195 0.266916 -0.255643
vn -0.217602 -0.185812 -0.958188
vn -0.132458 -0.957108 -0.257679
vn -0.685241 -0.361465 0.632287
vn 0.845241 -0.492681 -0.206961
vn -0.685241 -0.361465 0.632287
vn -0.132458 -0.957108 -0.257679
vn -0.685241 -0.361465 0.632287
vn 0.845241 -0.492681 -0.206961
vn -0.832797 -0.425565 0.354038
vn -0.832797 -0.425565 0.354038
vn 0.845241 -0.492681 -0.206961
vn 0.611554 -0.546860 -0.571792
vn 0.413956 -0.303457 -0.858227
vn -0.990063 -0.093906 0.104677
vn 0.485464 -0.295642 -0.822752
vn -0.990063 -0.093906 0.104677
vn 0.413956 -0.303457 -0.858227
vn 0.347922 -0.332995 -0.876393
vn -0.990063 -0.093906 0.104677
vn 0.347922 -0.332995 -0.876393
vn -0.993637 -0.090990 0.066385
vn -0.993637 -0.090990 0.066385
vn 0.347922 -0.332995 -0.876393
vn -0.992224 -0.124349 0.005365
vn -0.533802 0.176717 0.826938
vn -0.990063 -0.093906 0.104677
vn -0.993637 -0.090990 0.066385
vn -0.533802 0.176717 0.826938
vn -0.993637 -0.090990 0.066385
vn -0.452708 0.172795 0.874755
vn -0.452708 0.172795 0.874755
vn -0.993637 -0.090990 0.066385
vn -0.992224 -0.124349 0.005365
vn -0.452708 0.172795 0.874755
vn -0.992224 -0.124349 0.005365
vn -0.366528 0.232779 0.900817
vn 0.561289 -0.345913 -0.751864
vn -0.990063 -0.093906 0.104677
vn -0.968969 -0.179359 0.170086
vn 0.561289 -0.345913 -0.751864
vn 0.485464 -0.295642 -0.822752
vn -0.990063 -0.093906 0.104677
vn -0.923742 -0.325456 0.201938
vn 0.611554 -0.546860 -0.571792
vn 0.509761 -0.407160 -0.757869
vn -0.923742 -0.325456 0.201938
vn -0.832797 -0.425565 0.354038
vn 0.611554 -0.546860 -0.571792
vn -0.758839 0.649662 -0.045864
vn -0.832797 -0.425565 0.354038
vn -0.923742 -0.325456 0.201938
vn -0.758839 0.649662 -0.045864
vn -0.923742 -0.325456 0.201938
vn -0.710060 0.581740 0.396728
vn -0.710060 0.581740 0.396728
vn -0.968969 -0.179359 0.170086
vn -0.638174 0.269669 0.721119
vn -0.710060 0.581740 0.396728
vn -0.923742 -0.325456 0.201938
vn -0.968969 -0.179359 0.170086
vn 0.999714 0.014130 0.019298
vn 0.347922 -0.332995 -0.876393
vn 0.413956 -0.303457 -0.858227
vn 0.999714 0.014130 0.019298
vn 0.413956 -0.303457 -0.858227
vn 0.997285 -0.060000 -0.042680
vn 0.997285 -0.060000 -0.042680
vn 0.413956 -0.303457 -0.858227
vn 0.485464 -0.295642 -0.822752
vn 0.545606 0.376401 0.748756
vn 0.999714 0.014130 0.019298
vn 0.997285 -0.060000 -0.042680
vn 0.997285 -0.060000 -0.042680
vn 0.485464 -0.295642 -0.822752
vn 0.998871 -0.039727 -0.026045
vn 0.545606 0.376401 0.748756
vn 0.997285 -0.060000 -0.042680
vn 0.531575 0.237548 0.813018
vn 0.531575 0.237548 0.813018
vn 0.997285 -0.060000 -0.042680
vn 0.998871 -0.039727 -0.026045
vn 0.528784 0.381119 0.758377
vn 0.545606 0.376401 0.748756
vn 0.531575 0.237548 0.813018
vn 0.531575 0.237548 0.813018
vn 0.998871 -0.039727 -0.026045
vn 0.613484 0.131138 0.778743
vn 0.528784 0.381119 0.758377
vn 0.531575 0.237548 0.813018
vn 0.459446 0.248635 0.852696
vn 0.459446 0.248635 0.852696
vn 0.531575 0.237548 0.813018
vn 0.613484 0.131138 0.778743
vn 0.510683 0.381370 0.770559
vn 0.528784 0.381119 0.758377
vn 0.459446 0.248635 0.852696
vn 0.459446 0.248635 0.852696
vn 0.613484 0.131138 0.778743
vn 0.375521 0.153387 0.914033
vn 0.510683 0.381370 0.770559
vn 0.459446 0.248635 0.852696
vn 0.390710 0.265832 0.881294
vn 0.390710 0.265832 0.881294
vn 0.459446 0.248635 0.852696
vn 0.375521 0.153387 0.914033
vn -0.366528 0.232779 0.900817
vn 0.510683 0.381370 0.770559
vn 0.390710 0.265832 0.881294
vn 0.390710 0.265832 0.881294
vn 0.375521 0.153387 0.914033
vn 0.143912 0.197557 0.969670
vn -0.366528 0.232779 0.900817
vn 0.390710 0.265832 0.881294
vn -0.452708 0.172795 0.874755
vn -0.452708 0.172795 0.874755
vn 0.390710 0.265832 0.881294
vn 0.143912 0.197557 0.969670
vn -0.452708 0.172795 0.874755
vn 0.143912 0.197557 0.969670
vn -0.533802 0.176717 0.826938
vn 0.998871 -0.039727 -0.026045
vn 0.485464 -0.295642 -0.822752
vn 0.561289 -0.345913 -0.751864
vn 0.998871 -0.039727 -0.026045
vn 0.561289 -0.345913 -0.751864
vn 0.935696 0.064040 -0.346946
vn 0.613484 0.131138 0.778743
vn 0.998871 -0.039727 -0.026045
vn 0.935696 0.064040 -0.346946
vn 0.613484 0.131138 0.778743
vn 0.935696 0.064040 -0.346946
vn 0.782886 0.305349 0.542081
vn 0.375521 0.153387 0.914033
vn 0.613484 0.131138 0.778743
vn 0.782886 0.305349 0.542081
vn 0.375521 0.153387 0.914033
vn 0.782886 0.305349 0.542081
vn 0.416294 0.369107 0.830939
vn 0.143912 0.197557 0.969670
vn 0.375521 0.153387 0.914033
vn 0.416294 0.369107 0.830939
vn 0.143912 0.197557 0.969670
vn 0.416294 0.369107 0.830939
vn 0.037242 0.376919 0.925497
vn -0.533802 0.176717 0.826938
vn 0.143912 0.197557 0.969670
vn 0.037242 0.376919 0.925497
vn -0.533802 0.176717 0.826938
vn 0.037242 0.376919 0.925497
vn -0.638174 0.269669 0.721119
vn -0.638174 0.269669 0.721119
vn -0.990063 -0.093906 0.104677
vn -0.533802 0.176717 0.826938
vn -0.638174 0.269669 0.721119
vn -0.968969 -0.179359 0.170086
vn -0.990063 -0.093906 0.104677
vn -0.923742 -0.325456 0.201938
vn 0.561289 -0.345913 -0.751864
vn -0.968969 -0.179359 0.170086
vn -0.923742 -0.325456 0.201938
vn 0.509761 -0.407160 -0.757869
vn 0.561289 -0.345913 -0.751864
vn 0.254629 0.628605 0.734860
vn -0.552862 0.831276 -0.057644
vn -0.252237 0.580770 0.774005
vn 0.254629 0.628605 0.734860
vn 0.690482 0.604365 -0.397463
vn -0.552862 0.831276 -0.057644
vn 0.690482 0.604365 -0.397463
vn -0.672081 0.622211 0.401449
vn -0.552862 0.831276 -0.057644
vn 0.690482 0.604365 -0.397463
vn 0.635373 0.642722 -0.428031
vn -0.672081 0.622211 0.401449
vn 0.635373 0.642722 -0.428031
vn -0.282159 0.755679 0.591047
vn -0.672081 0.622211 0.401449
vn 0.635373 0.642722 -0.428031
vn 0.640654 0.531575 -0.554068
vn -0.282159 0.755679 0.591047
vn 0.640654 0.531575 -0.554068
vn -0.406178 0.803347 -0.435492
vn -0.282159 0.755679 0.591047
vn 0.640654 0.531575 -0.554068
vn -0.229386 0.653511 -0.721322
vn -0.406178 0.803347 -0.435492
vn -0.229386 0.653511 -0.721322
vn -0.569715 -0.605114 -0.556114
vn -0.406178 0.803347 -0.435492
vn -0.229386 0.653511 -0.721322
vn -0.860449 -0.404155 -0.310300
vn -0.569715 -0.605114 -0.556114
vn -0.282159 0.755679 0.591047
vn -0.406178 0.803347 -0.435492
vn -0.919765 0.332977 -0.207747
vn -0.672081 0.622211 0.401449
vn -0.282159 0.755679 0.591047
vn -0.919765 0.332977 -0.207747
vn -0.552862 0.831276 -0.057644
vn -0.672081 0.622211 0.401449
vn -0.880963 -0.054045 0.470089
vn -0.672081 0.622211 0.401449
vn -0.919765 0.332977 -0.207747
vn -0.880963 -0.054045 0.470089
vn -0.552862 0.831276 -0.057644
vn -0.880963 -0.054045 0.470089
vn -0.501467 0.218537 0.837121
vn -0.252237 0.580770 0.774005
vn -0.552862 0.831276 -0.057644
vn -0.501467 0.218537 0.837121
vn -0.919765 0.332977 -0.207747
vn -0.501645 -0.840639 0.204151
vn -0.880963 -0.054045 0.470089
vn -0.919765 0.332977 -0.207747
vn 0.080545 -0.479916 -0.873609
vn -0.501645 -0.840639 0.204151
vn -0.406178 0.803347 -0.435492
vn 0.080545 -0.479916 -0.873609
vn -0.919765 0.332977 -0.207747
vn -0.406178 0.803347 -0.435492
vn -0.569715 -0.605114 -0.556114
vn 0.080545 -0.479916 -0.873609
vn 0.780128 0.265448 0.566513
vn 0.690482 0.604365 -0.397463
vn 0.254629 0.628605 0.734860
vn 0.780128 0.265448 0.566513
vn 0.912354 0.217991 -0.346540
vn 0.690482 0.604365 -0.397463
vn 0.912354 0.217991 -0.346540
vn 0.635373 0.642722 -0.428031
vn 0.690482 0.604365 -0.397463
vn 0.912354 0.217991 -0.346540
vn 0.817830 0.184719 -0.545007
vn 0.635373 0.642722 -0.428031
vn 0.817830 0.184719 -0.545007
vn 0.640654 0.531575 -0.554068
vn 0.635373 0.642722 -0.428031
vn 0.817830 0.184719 -0.545007
vn 0.687296 0.158359 -0.708905
vn 0.640654 0.531575 -0.554068
vn 0.687296 0.158359 -0.708905
vn -0.229386 0.653511 -0.721322
vn 0.640654 0.531575 -0.554068
vn 0.687296 0.158359 -0.708905
vn 0.095628 0.117345 -0.988476
vn -0.229386 0.653511 -0.721322
vn 0.095628 0.117345 -0.988476
vn -0.860449 -0.404155 -0.310300
vn -0.229386 0.653511 -0.721322
vn 0.095628 0.117345 -0.988476
vn -0.847384 -0.345335 -0.403340
vn -0.860449 -0.404155 -0.310300
vn -0.501467 0.218537 0.837121
vn -0.115875 -0.526090 0.842498
vn -0.252237 0.580770 0.774005
vn -0.501467 0.218537 0.837121
vn 0.416843 -0.619436 0.665238
vn -0.115875 -0.526090 0.842498
vn -0.880963 -0.054045 0.470089
vn 0.416843 -0.619436 0.665238
vn -0.501467 0.218537 0.837121
vn -0.880963 -0.054045 0.470089
vn -0.501645 -0.840639 0.204151
vn 0.416843 -0.619436 0.665238
vn 0.416843 -0.619436 0.665238
vn -0.501645 -0.840639 0.204151
vn 0.080545 -0.479916 -0.873609
vn 0.080545 -0.479916 -0.873609
vn -0.115875 -0.526090 0.842498
vn 0.416843 -0.619436 0.665238
vn -0.115875 -0.526090 0.842498
vn 0.080545 -0.479916 -0.873609
vn -0.569715 -0.605114 -0.556114
vn -0.420599 -0.103611 0.901311
vn -0.964269 -0.240870 -0.110304
vn -0.966679 -0.255520 -0.015550
vn -0.964269 -0.240870 -0.110304
vn -0.420599 -0.103611 0.901311
vn -0.375571 -0.085555 0.922836
vn -0.964269 -0.240870 -0.110304
vn -0.375571 -0.085555 0.922836
vn -0.937861 -0.253710 -0.236745
vn -0.937861 -0.253710 -0.236745
vn -0.375571 -0.085555 0.922836
vn -0.347824 -0.094821 0.932753
vn 0.942149 0.109477 0.316813
vn -0.347824 -0.094821 0.932753
vn -0.375571 -0.085555 0.922836
vn 0.942149 0.109477 0.316813
vn -0.375571 -0.085555 0.922836
vn 0.983845 0.089067 0.155295
vn 0.983845 0.089067 0.155295
vn -0.375571 -0.085555 0.922836
vn -0.420599 -0.103611 0.901311
vn 0.983845 0.089067 0.155295
vn -0.420599 -0.103611 0.901311
vn 0.989082 0.145500 0.023387
vn -0.288589 -0.340567 0.894835
vn -0.569715 -0.605114 -0.556114
vn -0.860449 -0.404155 -0.310300
vn -0.288589 -0.340567 0.894835
vn -0.115875 -0.526090 0.842498
vn -0.569715 -0.605114 -0.556114
vn -0.252237 0.580770 0.774005
vn -0.115875 -0.526090 0.842498
vn -0.288589 -0.340567 0.894835
vn -0.252237 0.580770 0.774005
vn -0.288589 -0.340567 0.894835
vn 0.254629 0.628605 0.734860
vn 0.254629 0.628605 0.734860
vn -0.305478 -0.188419 0.933371
vn 0.780128 0.265448 0.566513
vn 0.254629 0.628605 0.734860
vn -0.288589 -0.340567 0.894835
vn -0.305478 -0.188419 0.933371
vn 0.421064 0.009265 -0.906983
vn -0.966679 -0.255520 -0.015550
vn -0.964269 -0.240870 -0.110304
vn 0.421064 0.009265 -0.906983
vn -0.964269 -0.240870 -0.110304
vn 0.367983 -0.047961 -0.928595
vn 0.367983 -0.047961 -0.928595
vn -0.964269 -0.240870 -0.110304
vn -0.937861 -0.253710 -0.236745
vn 0.777232 0.190579 -0.599658
vn 0.421064 0.009265 -0.906983
vn 0.367983 -0.047961 -0.928595
vn 0.367983 -0.047961 -0.928595
vn -0.937861 -0.253710 -0.236745
vn 0.383085 -0.031714 -0.923169
vn 0.777232 0.190579 -0.599658
vn 0.367983 -0.047961 -0.928595
vn 0.791551 0.093055 -0.603976
vn 0.791551 0.093055 -0.603976
vn 0.367983 -0.047961 -0.928595
vn 0.383085 -0.031714 -0.923169
vn 0.782212 0.193624 -0.592161
vn 0.777232 0.190579 -0.599658
vn 0.791551 0.093055 -0.603976
vn 0.791551 0.093055 -0.603976
vn 0.383085 -0.031714 -0.923169
vn 0.764721 0.025792 -0.643846
vn 0.782212 0.193624 -0.592161
vn 0.791551 0.093055 -0.603976
vn 0.813247 0.099042 -0.573428
vn 0.813247 0.099042 -0.573428
vn 0.791551 0.093055 -0.603976
vn 0.764721 0.025792 -0.643846
vn 0.788008 0.193510 -0.584463
vn 0.782212 0.193624 -0.592161
vn 0.813247 0.099042 -0.573428
vn 0.813247 0.099042 -0.573428
vn 0.764721 0.025792 -0.643846
vn 0.837868 0.031893 -0.544940
vn 0.788008 0.193510 -0.584463
vn 0.813247 0.099042 -0.573428
vn 0.832447 0.110669 -0.542940
vn 0.832447 0.110669 -0.542940
vn 0.813247 0.099042 -0.573428
vn 0.837868 0.031893 -0.544940
vn 0.989082 0.145500 0.023387
vn 0.788008 0.193510 -0.584463
vn 0.832447 0.110669 -0.542940
vn 0.832447 0.110669 -0.542940
vn 0.837868 0.031893 -0.544940
vn 0.900067 0.064075 -0.431015
vn 0.989082 0.145500 0.023387
vn 0.832447 0.110669 -0.542940
vn 0.983845 0.089067 0.155295
vn 0.983845 0.089067 0.155295
vn 0.832447 0.110669 -0.542940
vn 0.900067 0.064075 -0.431015
vn 0.983845 0.089067 0.155295
vn 0.900067 0.064075 -0.431015
vn 0.942149 0.109477 0.316813
vn 0.383085 -0.031714 -0.923169
vn -0.937861 -0.253710 -0.236745
vn -0.847384 -0.345335 -0.403340
vn 0.383085 -0.031714 -0.923169
vn -0.847384 -0.345335 -0.403340
vn 0.095628 0.117345 -0.988476
vn 0.764721 0.025792 -0.643846
vn 0.383085 -0.031714 -0.923169
vn 0.095628 0.117345 -0.988476
vn 0.764721 0.025792 -0.643846
vn 0.095628 0.117345 -0.988476
vn 0.687296 0.158359 -0.708905
vn 0.837868 0.031893 -0.544940
vn 0.764721 0.025792 -0.643846
vn 0.687296 0.158359 -0.708905
vn 0.837868 0.031893 -0.544940
vn 0.687296 0.158359 -0.708905
vn 0.817830 0.184719 -0.545007
vn 0.900067 0.064075 -0.431015
vn 0.837868 0.031893 -0.544940
vn 0.817830 0.184719 -0.545007
vn 0.900067 0.064075 -0.431015
vn 0.817830 0.184719 -0.545007
vn 0.912354 0.217991 -0.346540
vn 0.942149 0.109477 0.316813
vn 0.900067 0.064075 -0.431015
vn 0.912354 0.217991 -0.346540
vn 0.942149 0.109477 0.316813
vn 0.912354 0.217991 -0.346540
vn 0.780128 0.265448 0.566513
vn 0.780128 0.265448 0.566513
vn -0.347824 -0.094821 0.932753
vn 0.942149 0.109477 0.316813
vn 0.780128 0.265448 0.566513
vn -0.305478 -0.188419 0.933371
vn -0.347824 -0.094821 0.932753
vn -0.847384 -0.345335 -0.403340
vn -0.347824 -0.094821 0.932753
vn -0.305478 -0.188419 0.933371
vn -0.847384 -0.345335 -0.403340
vn -0.937861 -0.253710 -0.236745
vn -0.347824 -0.094821 0.932753
vn -0.288589 -0.340567 0.894835
vn -0.847384 -0.345335 -0.403340
vn -0.305478 -0.188419 0.933371
vn -0.288589 -0.340567 0.894835
vn -0.860449 -0.404155 -0.310300
vn -0.847384 -0.345335 -0.403340
vn 0.912820 0.407843 0.020556
vn -0.315751 0.773757 0.549183
vn 0.678888 0.504878 0.533112
vn 0.912820 0.407843 0.020556
vn 0.485499 0.629646 -0.606495
vn -0.315751 0.773757 0.549183
vn 0.485499 0.629646 -0.606495
vn -0.119512 0.591128 0.797674
vn -0.315751 0.773757 0.549183
vn 0.485499 0.629646 -0.606495
vn 0.428992 0.696401 -0.575319
vn -0.119512 0.591128 0.797674
vn 0.428992 0.696401 -0.575319
vn 0.493692 0.696199 0.521130
vn -0.119512 0.591128 0.797674
vn 0.428992 0.696401 -0.575319
vn 0.312761 0.660874 -0.682221
vn 0.493692 0.696199 0.521130
vn 0.312761 0.660874 -0.682221
vn -0.493874 0.794882 0.352493
vn 0.493692 0.696199 0.521130
vn 0.312761 0.660874 -0.682221
vn -0.648236 0.747300 0.146057
vn -0.493874 0.794882 0.352493
vn -0.648236 0.747300 0.146057
vn -0.908513 -0.353497 0.222808
vn -0.493874 0.794882 0.352493
vn -0.648236 0.747300 0.146057
vn -0.865161 -0.214483 0.453313
vn -0.908513 -0.353497 0.222808
vn 0.493692 0.696199 0.521130
vn -0.493874 0.794882 0.352493
vn -0.727461 0.304243 0.615009
vn -0.119512 0.591128 0.797674
vn 0.493692 0.696199 0.521130
vn -0.727461 0.304243 0.615009
vn -0.315751 0.773757 0.549183
vn -0.119512 0.591128 0.797674
vn -0.454389 -0.091775 0.886063
vn -0.119512 0.591128 0.797674
vn -0.727461 0.304243 0.615009
vn -0.454389 -0.091775 0.886063
vn -0.315751 0.773757 0.549183
vn -0.454389 -0.091775 0.886063
vn 0.434212 0.130431 0.891318
vn 0.678888 0.504878 0.533112
vn -0.315751 0.773757 0.549183
vn 0.434212 0.130431 0.891318
vn -0.727461 0.304243 0.615009
vn -0.510095 -0.789879 0.340433
vn -0.454389 -0.091775 0.886063
vn -0.727461 0.304243 0.615009
vn -0.873609 -0.342666 -0.345526
vn -0.510095 -0.789879 0.340433
vn -0.493874 0.794882 0.352493
vn -0.873609 -0.342666 -0.345526
vn -0.727461 0.304243 0.615009
vn -0.493874 0.794882 0.352493
vn -0.908513 -0.353497 0.222808
vn -0.873609 -0.342666 -0.345526
vn 0.924239 0.087384 -0.371681
vn 0.485499 0.629646 -0.606495
vn 0.912820 0.407843 0.020556
vn 0.924239 0.087384 -0.371681
vn 0.584122 0.210902 -0.783787
vn 0.485499 0.629646 -0.606495
vn 0.584122 0.210902 -0.783787
vn 0.428992 0.696401 -0.575319
vn 0.485499 0.629646 -0.606495
vn 0.584122 0.210902 -0.783787
vn 0.389396 0.255498 -0.884924
vn 0.428992 0.696401 -0.575319
vn 0.389396 0.255498 -0.884924
vn 0.312761 0.660874 -0.682221
vn 0.428992 0.696401 -0.575319
vn 0.389396 0.255498 -0.884924
vn 0.102358 0.312425 -0.944412
vn 0.312761 0.660874 -0.682221
vn 0.102358 0.312425 -0.944412
vn -0.648236 0.747300 0.146057
vn 0.312761 0.660874 -0.682221
vn 0.102358 0.312425 -0.944412
vn -0.885727 0.331226 -0.325233
vn -0.648236 0.747300 0.146057
vn -0.885727 0.331226 -0.325233
vn -0.865161 -0.214483 0.453313
vn -0.648236 0.747300 0.146057
vn -0.885727 0.331226 -0.325233
vn -0.888314 -0.159902 0.430499
vn -0.865161 -0.214483 0.453313
vn 0.434212 0.130431 0.891318
vn 0.577381 -0.780984 0.238107
vn 0.678888 0.504878 0.533112
vn 0.434212 0.130431 0.891318
vn 0.708609 -0.646457 -0.282783
vn 0.577381 -0.780984 0.238107
vn -0.454389 -0.091775 0.886063
vn 0.708609 -0.646457 -0.282783
vn 0.434212 0.130431 0.891318
vn -0.454389 -0.091775 0.886063
vn -0.510095 -0.789879 0.340433
vn 0.708609 -0.646457 -0.282783
vn -0.510095 -0.789879 0.340433
vn -0.873609 -0.342666 -0.345526
vn 0.708609 -0.646457 -0.282783
vn -0.873609 -0.342666 -0.345526
vn 0.577381 -0.780984 0.238107
vn 0.708609 -0.646457 -0.282783
vn 0.577381 -0.780984 0.238107
vn -0.873609 -0.342666 -0.345526
vn -0.908513 -0.353497 0.222808
vn -0.801960 -0.124952 0.584163
vn 0.647790 -0.330088 0.686594
vn -0.840747 -0.115544 0.528956
vn -0.801960 -0.124952 0.584163
vn 0.608275 -0.316458 0.727912
vn 0.647790 -0.330088 0.686594
vn -0.770509 -0.152312 0.618964
vn 0.608275 -0.316458 0.727912
vn -0.801960 -0.124952 0.584163
vn 0.850326 0.004931 -0.526233
vn 0.647790 -0.330088 0.686594
vn 0.608275 -0.316458 0.727912
vn 0.608275 -0.316458 0.727912
vn -0.770509 -0.152312 0.618964
vn 0.519776 -0.337725 0.784713
vn 0.850326 0.004931 -0.526233
vn 0.608275 -0.316458 0.727912
vn 0.801461 0.009145 -0.597977
vn 0.801461 0.009145 -0.597977
vn 0.608275 -0.316458 0.727912
vn 0.519776 -0.337725 0.784713
vn 0.801461 0.009145 -0.597977
vn 0.519776 -0.337725 0.784713
vn 0.763970 0.068129 -0.641645
vn 0.561025 -0.637381 0.528202
vn -0.908513 -0.353497 0.222808
vn -0.865161 -0.214483 0.453313
vn 0.561025 -0.637381 0.528202
vn 0.577381 -0.780984 0.238107
vn -0.908513 -0.353497 0.222808
vn 0.678888 0.504878 0.533112
vn 0.577381 -0.780984 0.238107
vn 0.561025 -0.637381 0.528202
vn 0.678888 0.504878 0.533112
vn 0.561025 -0.637381 0.528202
vn 0.912820 0.407843 0.020556
vn 0.912820 0.407843 0.020556
vn 0.656352 -0.453401 0.603017
vn 0.924239 0.087384 -0.371681
vn 0.912820 0.407843 0.020556
vn 0.561025 -0.637381 0.528202
vn 0.656352 -0.453401 0.603017
vn -0.560715 0.204852 -0.802268
vn -0.770509 -0.152312 0.618964
vn -0.801960 -0.124952 0.584163
vn -0.560715 0.204852 -0.802268
vn -0.801960 -0.124952 0.584163
vn -0.666073 0.130290 -0.734419
vn -0.666073 0.130290 -0.734419
vn -0.801960 -0.124952 0.584163
vn -0.840747 -0.115544 0.528956
vn 0.312500 0.289336 -0.904781
vn -0.560715 0.204852 -0.802268
vn -0.666073 0.130290 -0.734419
vn -0.666073 0.130290 -0.734419
vn -0.840747 -0.115544 0.528956
vn -0.638455 0.151427 -0.754616
vn 0.312500 0.289336 -0.904781
vn -0.666073 0.130290 -0.734419
vn 0.292803 0.179616 -0.939151
vn 0.292803 0.179616 -0.939151
vn -0.666073 0.130290 -0.734419
vn -0.638455 0.151427 -0.754616
vn 0.324191 0.288864 -0.900809
vn 0.312500 0.289336 -0.904781
vn 0.292803 0.179616 -0.939151
vn 0.292803 0.179616 -0.939151
vn -0.638455 0.151427 -0.754616
vn 0.208758 0.117517 -0.970881
vn 0.324191 0.288864 -0.900809
vn 0.292803 0.179616 -0.939151
vn 0.339427 0.173801 -0.924436
vn 0.339427 0.173801 -0.924436
vn 0.292803 0.179616 -0.939151
vn 0.208758 0.117517 -0.970881
vn 0.335689 0.284708 -0.897917
vn 0.324191 0.288864 -0.900809
vn 0.339427 0.173801 -0.924436
vn 0.339427 0.173801 -0.924436
vn 0.208758 0.117517 -0.970881
vn 0.362620 0.090791 -0.927504
vn 0.335689 0.284708 -0.897917
vn 0.339427 0.173801 -0.924436
vn 0.382456 0.174481 -0.907350
vn 0.382456 0.174481 -0.907350
vn 0.339427 0.173801 -0.924436
vn 0.362620 0.090791 -0.927504
vn 0.763970 0.068129 -0.641645
vn 0.335689 0.284708 -0.897917
vn 0.382456 0.174481 -0.907350
vn 0.382456 0.174481 -0.907350
vn 0.362620 0.090791 -0.927504
vn 0.494426 0.090970 -0.864446
vn 0.763970 0.068129 -0.641645
vn 0.382456 0.174481 -0.907350
vn 0.801461 0.009145 -0.597977
vn 0.801461 0.009145 -0.597977
vn 0.382456 0.174481 -0.907350
vn 0.494426 0.090970 -0.864446
vn 0.801461 0.009145 -0.597977
vn 0.494426 0.090970 -0.864446
vn 0.850326 0.004931 -0.526233
vn -0.638455 0.151427 -0.754616
vn -0.840747 -0.115544 0.528956
vn -0.888314 -0.159902 0.430499
vn -0.638455 0.151427 -0.754616
vn -0.888314 -0.159902 0.430499
vn -0.885727 0.331226 -0.325233
vn 0.208758 0.117517 -0.970881
vn -0.638455 0.151427 -0.754616
vn -0.885727 0.331226 -0.325233
vn 0.208758 0.117517 -0.970881
vn -0.885727 0.331226 -0.325233
vn 0.102358 0.312425 -0.944412
vn 0.362620 0.090791 -0.927504
vn 0.208758 0.117517 -0.970881
vn 0.102358 0.312425 -0.944412
vn 0.362620 0.090791 -0.927504
vn 0.102358 0.312425 -0.944412
vn 0.389396 0.255498 -0.884924
vn 0.494426 0.090970 -0.864446
vn 0.362620 0.090791 -0.927504
vn 0.389396 0.255498 -0.884924
vn 0.494426 0.090970 -0.864446
vn 0.389396 0.255498 -0.884924
vn 0.584122 0.210902 -0.783787
vn 0.850326 0.004931 -0.526233
vn 0.494426 0.090970 -0.864446
vn 0.584122 0.210902 -0.783787
vn 0.850326 0.004931 -0.526233
vn 0.584122 0.210902 -0.783787
vn 0.924239 0.087384 -0.371681
vn 0.924239 0.087384 -0.371681
vn 0.647790 -0.330088 0.686594
vn 0.850326 0.004931 -0.526233
vn 0.924239 0.087384 -0.371681
vn 0.656352 -0.453401 0.603017
vn 0.647790 -0.330088 0.686594
vn -0.888314 -0.159902 0.430499
vn 0.647790 -0.330088 0.686594
vn 0.656352 -0.453401 0.603017
vn -0.888314 -0.159902 0.430499
vn -0.840747 -0.115544 0.528956
vn 0.647790 -0.330088 0.686594
vn 0.561025 -0.637381 0.528202
vn -0.888314 -0.159902 0.430499
vn 0.656352 -0.453401 0.603017
vn 0.561025 -0.637381 0.528202
vn -0.865161 -0.214483 0.453313
vn -0.888314 -0.159902 0.430499
vn -0.611485 0.766355 0.196943
vn -0.077218 0.323532 -0.943061
vn -0.816331 0.574550 -0.059128
vn -0.611485 0.766355 0.196943
vn 0.532056 0.687153 -0.494709
vn -0.077218 0.323532 -0.943061
vn 0.532056 0.687153 -0.494709
vn -0.574124 0.339455 -0.745086
vn -0.077218 0.323532 -0.943061
vn 0.532056 0.687153 -0.494709
vn 0.513683 0.646735 -0.563794
vn -0.574124 0.339455 -0.745086
vn 0.513683 0.646735 -0.563794
vn -0.639758 0.645713 -0.416850
vn -0.574124 0.339455 -0.745086
vn 0.513683 0.646735 -0.563794
vn 0.630975 0.533350 -0.563390
vn -0.639758 0.645713 -0.416850
vn 0.630975 0.533350 -0.563390
vn 0.185222 0.242931 -0.952196
vn -0.639758 0.645713 -0.416850
vn 0.630975 0.533350 -0.563390
vn 0.375988 0.159624 -0.912773
vn 0.185222 0.242931 -0.952196
vn 0.375988 0.159624 -0.912773
vn 0.396789 -0.872205 -0.286037
vn 0.185222 0.242931 -0.952196
vn 0.375988 0.159624 -0.912773
vn 0.099254 -0.850461 -0.516589
vn 0.396789 -0.872205 -0.286037
vn -0.639758 0.645713 -0.416850
vn 0.185222 0.242931 -0.952196
vn -0.034622 -0.140154 -0.989524
vn -0.574124 0.339455 -0.745086
vn -0.639758 0.645713 -0.416850
vn -0.034622 -0.140154 -0.989524
vn -0.077218 0.323532 -0.943061
vn -0.574124 0.339455 -0.745086
vn -0.899564 -0.400294 -0.174782
vn -0.574124 0.339455 -0.745086
vn -0.034622 -0.140154 -0.989524
vn -0.899564 -0.400294 -0.174782
vn -0.077218 0.323532 -0.943061
vn -0.899564 -0.400294 -0.174782
vn -0.960929 0.190685 0.200634
vn -0.816331 0.574550 -0.059128
vn -0.077218 0.323532 -0.943061
vn -0.960929 0.190685 0.200634
vn -0.034622 -0.140154 -0.989524
vn -0.260830 -0.750604 0.607092
vn -0.899564 -0.400294 -0.174782
vn -0.034622 -0.140154 -0.989524
vn 0.803232 -0.546617 -0.236701
vn -0.260830 -0.750604 0.607092
vn 0.185222 0.242931 -0.952196
vn 0.803232 -0.546617 -0.236701
vn -0.034622 -0.140154 -0.989524
vn 0.185222 0.242931 -0.952196
vn 0.396789 -0.872205 -0.286037
vn 0.803232 -0.546617 -0.236701
vn -0.315992 0.625651 0.713239
vn 0.532056 0.687153 -0.494709
vn -0.611485 0.766355 0.196943
vn -0.315992 0.625651 0.713239
vn 0.749820 0.648266 0.132365
vn 0.532056 0.687153 -0.494709
vn 0.749820 0.648266 0.132365
vn 0.513683 0.646735 -0.563794
vn 0.532056 0.687153 -0.494709
vn 0.749820 0.648266 0.132365
vn 0.885319 0.442359 -0.143282
vn 0.513683 0.646735 -0.563794
vn 0.885319 0.442359 -0.143282
vn 0.630975 0.533350 -0.563390
vn 0.513683 0.646735 -0.563794
vn 0.885319 0.442359 -0.143282
vn 0.899839 0.256178 -0.353076
vn 0.630975 0.533350 -0.563390
vn 0.899839 0.256178 -0.353076
vn 0.375988 0.159624 -0.912773
vn 0.630975 0.533350 -0.563390
vn 0.899839 0.256178 -0.353076
vn 0.706066 -0.085129 -0.703010
vn 0.375988 0.159624 -0.912773
vn 0.706066 -0.085129 -0.703010
vn 0.099254 -0.850461 -0.516589
vn 0.375988 0.159624 -0.912773
vn 0.706066 -0.085129 -0.703010
vn 0.184563 -0.762285 -0.620369
vn 0.099254 -0.850461 -0.516589
vn -0.960929 0.190685 0.200634
vn -0.545533 -0.179599 0.818620
vn -0.816331 0.574550 -0.059128
vn -0.960929 0.190685 0.200634
vn -0.315956 -0.102761 0.943192
vn -0.545533 -0.179599 0.818620
vn -0.899564 -0.400294 -0.174782
vn -0.315956 -0.102761 0.943192
vn -0.960929 0.190685 0.200634
vn -0.899564 -0.400294 -0.174782
vn -0.260830 -0.750604 0.607092
vn -0.315956 -0.102761 0.943192
vn -0.260830 -0.750604 0.607092
vn 0.803232 -0.546617 -0.236701
vn -0.315956 -0.102761 0.943192
vn 0.803232 -0.546617 -0.236701
vn -0.545533 -0.179599 0.818620
vn -0.315956 -0.102761 0.943192
vn -0.545533 -0.179599 0.818620
vn 0.803232 -0.546617 -0.236701
vn 0.396789 -0.872205 -0.286037
vn -0.155092 -0.759581 -0.631652
vn -0.808477 0.011451 0.588417
vn -0.002749 -0.736678 -0.676239
vn -0.808477 0.011451 0.588417
vn -0.155092 -0.759581 -0.631652
vn -0.279148 -0.791705 -0.543396
vn -0.808477 0.011451 0.588417
vn -0.279148 -0.791705 -0.543396
vn -0.822890 0.006075 0.568168
vn -0.822890 0.006075 0.568168
vn -0.279148 -0.791705 -0.543396
vn -0.833008 -0.028066 0.552548
vn -0.067885 0.562233 0.824188
vn -0.808477 0.011451 0.588417
vn -0.822890 0.006075 0.568168
vn -0.067885 0.562233 0.824188
vn -0.822890 0.006075 0.568168
vn 0.104925 0.579759 0.808004
vn 0.104925 0.579759 0.808004
vn -0.822890 0.006075 0.568168
vn -0.833008 -0.028066 0.552548
vn 0.104925 0.579759 0.808004
vn -0.833008 -0.028066 0.552548
vn 0.271682 0.668897 0.691929
vn 0.184563 -0.762285 -0.620369
vn -0.808477 0.011451 0.588417
vn -0.754733 -0.036015 0.655043
vn 0.184563 -0.762285 -0.620369
vn -0.002749 -0.736678 -0.676239
vn -0.808477 0.011451 0.588417
vn -0.682347 -0.130305 0.719321
vn 0.396789 -0.872205 -0.286037
vn 0.099254 -0.850461 -0.516589
vn -0.682347 -0.130305 0.719321
vn -0.545533 -0.179599 0.818620
vn 0.396789 -0.872205 -0.286037
vn -0.816331 0.574550 -0.059128
vn -0.545533 -0.179599 0.818620
vn -0.682347 -0.130305 0.719321
vn -0.816331 0.574550 -0.059128
vn -0.682347 -0.130305 0.719321
vn -0.611485 0.766355 0.196943
vn -0.611485 0.766355 0.196943
vn -0.754733 -0.036015 0.655043
vn -0.315992 0.625651 0.713239
vn -0.611485 0.766355 0.196943
vn -0.682347 -0.130305 0.719321
vn -0.754733 -0.036015 0.655043
vn 0.870375 -0.042360 -0.490565
vn -0.279148 -0.791705 -0.543396
vn -0.155092 -0.759581 -0.631652
vn 0.870375 -0.042360 -0.490565
vn -0.155092 -0.759581 -0.631652
vn 0.868397 -0.108933 -0.483757
vn 0.868397 -0.108933 -0.483757
vn -0.155092 -0.759581 -0.631652
vn -0.002749 -0.736678 -0.676239
vn 0.890467 0.389666 -0.235007
vn 0.870375 -0.042360 -0.490565
vn 0.868397 -0.108933 -0.483757
vn 0.868397 -0.108933 -0.483757
vn -0.002749 -0.736678 -0.676239
vn 0.869251 -0.090308 -0.486053
vn 0.890467 0.389666 -0.235007
vn 0.868397 -0.108933 -0.483757
vn 0.942260 0.313979 -0.116464
vn 0.942260 0.313979 -0.116464
vn 0.868397 -0.108933 -0.483757
vn 0.869251 -0.090308 -0.486053
vn 0.888049 0.399401 -0.227703
vn 0.890467 0.389666 -0.235007
vn 0.942260 0.313979 -0.116464
vn 0.942260 0.313979 -0.116464
vn 0.869251 -0.090308 -0.486053
vn 0.971177 0.216803 -0.099049
vn 0.888049 0.399401 -0.227703
vn 0.942260 0.313979 -0.116464
vn 0.934364 0.348787 -0.072874
vn 0.934364 0.348787 -0.072874
vn 0.942260 0.313979 -0.116464
vn 0.971177 0.216803 -0.099049
vn 0.887352 0.407361 -0.216017
vn 0.888049 0.399401 -0.227703
vn 0.934364 0.348787 -0.072874
vn 0.934364 0.348787 -0.072874
vn 0.971177 0.216803 -0.099049
vn 0.947066 0.313415 0.069556
vn 0.887352 0.407361 -0.216017
vn 0.934364 0.348787 -0.072874
vn 0.920898 0.388073 -0.036700
vn 0.920898 0.388073 -0.036700
vn 0.934364 0.348787 -0.072874
vn 0.947066 0.313415 0.069556
vn 0.271682 0.668897 0.691929
vn 0.887352 0.407361 -0.216017
vn 0.920898 0.388073 -0.036700
vn 0.920898 0.388073 -0.036700
vn 0.947066 0.313415 0.069556
vn 0.867006 0.441872 0.230327
vn 0.271682 0.668897 0.691929
vn 0.920898 0.388073 -0.036700
vn 0.104925 0.579759 0.808004
vn 0.104925 0.579759 0.808004
vn 0.920898 0.388073 -0.036700
vn 0.867006 0.441872 0.230327
vn 0.104925 0.579759 0.808004
vn 0.867006 0.441872 0.230327
vn -0.067885 0.562233 0.824188
vn 0.869251 -0.090308 -0.486053
vn -0.002749 -0.736678 -0.676239
vn 0.184563 -0.762285 -0.620369
vn 0.869251 -0.090308 -0.486053
vn 0.184563 -0.762285 -0.620369
vn 0.706066 -0.085129 -0.703010
vn 0.971177 0.216803 -0.099049
vn 0.869251 -0.090308 -0.486053
vn 0.706066 -0.085129 -0.703010
vn 0.971177 0.216803 -0.099049
vn 0.706066 -0.085129 -0.703010
vn 0.899839 0.256178 -0.353076
vn 0.947066 0.313415 0.069556
vn 0.971177 0.216803 -0.099049
vn 0.899839 0.256178 -0.353076
vn 0.947066 0.313415 0.069556
vn 0.899839 0.256178 -0.353076
vn 0.885319 0.442359 -0.143282
vn 0.867006 0.441872 0.230327
vn 0.947066 0.313415 0.069556
vn 0.885319 0.442359 -0.143282
vn 0.867006 0.441872 0.230327
vn 0.885319 0.442359 -0.143282
vn 0.749820 0.648266 0.132365
vn -0.067885 0.562233 0.824188
vn 0.867006 0.441872 0.230327
vn 0.749820 0.648266 0.132365
vn -0.067885 0.562233 0.824188
vn 0.749820 0.648266 0.132365
vn -0.315992 0.625651 0.713239
vn -0.315992 0.625651 0.713239
vn -0.808477 0.011451 0.588417
vn -0.067885 0.562233 0.824188
vn -0.315992 0.625651 0.713239
vn -0.754733 -0.036015 0.655043
vn -0.808477 0.011451 0.588417
vn -0.682347 -0.130305 0.719321
vn 0.184563 -0.762285 -0.620369
vn -0.754733 -0.036015 0.655043
vn -0.682347 -0.130305 0.719321
vn 0.099254 -0.850461 -0.516589
vn 0.184563 -0.762285 -0.620369
vn -0.877871 0.403566 -0.257832
vn 0.317338 0.301252 -0.899191
vn -0.668689 0.256793 -0.697792
vn -0.877871 0.403566 -0.257832
vn -0.161617 0.974851 -0.153443
vn 0.317338 0.301252 -0.899191
vn -0.161617 0.974851 -0.153443
vn 0.071422 0.163178 -0.984008
vn 0.317338 0.301252 -0.899191
vn -0.161617 0.974851 -0.153443
vn -0.061438 0.961861 -0.266551
vn 0.071422 0.163178 -0.984008
vn -0.061438 0.961861 -0.266551
vn -0.393185 0.364649 -0.844060
vn 0.071422 0.163178 -0.984008
vn -0.061438 0.961861 -0.266551
vn 0.118406 0.979661 -0.162004
vn -0.393185 0.364649 -0.844060
vn 0.118406 0.979661 -0.162004
vn 0.486029 0.338412 -0.805762
vn -0.393185 0.364649 -0.844060
vn 0.118406 0.979661 -0.162004
vn 0.633374 0.351393 -0.689463
vn 0.486029 0.338412 -0.805762
vn 0.633374 0.351393 -0.689463
vn 0.878232 -0.477440 0.027541
vn 0.486029 0.338412 -0.805762
vn 0.633374 0.351393 -0.689463
vn 0.834209 -0.454640 -0.312085
vn 0.878232 -0.477440 0.027541
vn -0.393185 0.364649 -0.844060
vn 0.486029 0.338412 -0.805762
vn 0.620815 -0.017088 -0.783771
vn 0.071422 0.163178 -0.984008
vn -0.393185 0.364649 -0.844060
vn 0.620815 -0.017088 -0.783771
vn 0.317338 0.301252 -0.899191
vn 0.071422 0.163178 -0.984008
vn 0.245891 -0.535662 -0.807839
vn 0.071422 0.163178 -0.984008
vn 0.620815 -0.017088 -0.783771
vn 0.245891 -0.535662 -0.807839
vn 0.317338 0.301252 -0.899191
vn 0.245891 -0.535662 -0.807839
vn -0.708082 -0.167691 -0.685930
vn -0.668689 0.256793 -0.697792
vn 0.317338 0.301252 -0.899191
vn -0.708082 -0.167691 -0.685930
vn 0.620815 -0.017088 -0.783771
vn 0.190400 -0.847421 0.495605
vn 0.245891 -0.535662 -0.807839
vn 0.620815 -0.017088 -0.783771
vn 0.890039 -0.215629 0.401665
vn 0.190400 -0.847421 0.495605
vn 0.486029 0.338412 -0.805762
vn 0.890039 -0.215629 0.401665
vn 0.620815 -0.017088 -0.783771
vn 0.486029 0.338412 -0.805762
vn 0.878232 -0.477440 0.027541
vn 0.890039 -0.215629 0.401665
vn -0.887526 0.278148 0.367329
vn -0.161617 0.974851 -0.153443
vn -0.877871 0.403566 -0.257832
vn -0.887526 0.278148 0.367329
vn -0.435266 0.657031 0.615511
vn -0.161617 0.974851 -0.153443
vn -0.435266 0.657031 0.615511
vn -0.061438 0.961861 -0.266551
vn -0.161617 0.974851 -0.153443
vn -0.435266 0.657031 0.615511
vn -0.090401 0.771189 0.630155
vn -0.061438 0.961861 -0.266551
vn -0.090401 0.771189 0.630155
vn 0.118406 0.979661 -0.162004
vn -0.061438 0.961861 -0.266551
vn -0.090401 0.771189 0.630155
vn 0.382035 0.781654 0.493017
vn 0.118406 0.979661 -0.162004
vn 0.382035 0.781654 0.493017
vn 0.633374 0.351393 -0.689463
vn 0.118406 0.979661 -0.162004
vn 0.382035 0.781654 0.493017
vn 0.941256 0.250329 -0.226656
vn 0.633374 0.351393 -0.689463
vn 0.941256 0.250329 -0.226656
vn 0.834209 -0.454640 -0.312085
vn 0.633374 0.351393 -0.689463
vn 0.941256 0.250329 -0.226656
vn 0.856584 -0.380802 -0.348216
vn 0.834209 -0.454640 -0.312085
vn -0.708082 -0.167691 -0.685930
vn -0.694338 -0.482277 0.534138
vn -0.668689 0.256793 -0.697792
vn -0.708082 -0.167691 -0.685930
vn -0.645673 -0.267224 0.715330
vn -0.694338 -0.482277 0.534138
vn 0.245891 -0.535662 -0.807839
vn -0.645673 -0.267224 0.715330
vn -0.708082 -0.167691 -0.685930
vn 0.245891 -0.535662 -0.807839
vn 0.190400 -0.847421 0.495605
vn -0.645673 -0.267224 0.715330
vn -0.645673 -0.267224 0.715330
vn 0.190400 -0.847421 0.495605
vn 0.890039 -0.215629 0.401665
vn 0.890039 -0.215629 0.401665
vn -0.694338 -0.482277 0.534138
vn -0.645673 -0.267224 0.715330
vn -0.694338 -0.482277 0.534138
vn 0.890039 -0.215629 0.401665
vn 0.878232 -0.477440 0.027541
vn -0.872956 -0.476990 -0.102117
vn 0.749128 -0.419672 -0.512526
vn 0.711495 -0.472917 -0.519734
vn -0.905414 -0.419438 -0.065561
vn 0.749128 -0.419672 -0.512526
vn -0.872956 -0.476990 -0.102117
vn -0.905414 -0.419438 -0.065561
vn 0.795416 -0.380132 -0.472030
vn 0.749128 -0.419672 -0.512526
vn 0.795416 -0.380132 -0.472030
vn -0.905414 -0.419438 -0.065561
vn -0.914619 -0.403889 -0.018590
vn -0.789699 0.259438 0.555938
vn -0.914619 -0.403889 -0.018590
vn -0.905414 -0.419438 -0.065561
vn -0.789699 0.259438 0.555938
vn -0.905414 -0.419438 -0.065561
vn -0.733056 0.293824 0.613430
vn -0.733056 0.293824 0.613430
vn -0.905414 -0.419438 -0.065561
vn -0.872956 -0.476990 -0.102117
vn -0.733056 0.293824 0.613430
vn -0.872956 -0.476990 -0.102117
vn -0.694646 0.380863 0.610255
vn -0.792222 -0.525002 0.311060
vn 0.878232 -0.477440 0.027541
vn 0.834209 -0.454640 -0.312085
vn -0.792222 -0.525002 0.311060
vn -0.694338 -0.482277 0.534138
vn 0.878232 -0.477440 0.027541
vn -0.668689 0.256793 -0.697792
vn -0.694338 -0.482277 0.534138
vn -0.792222 -0.525002 0.311060
vn -0.668689 0.256793 -0.697792
vn -0.792222 -0.525002 0.311060
vn -0.877871 0.403566 -0.257832
vn -0.877871 0.403566 -0.257832
vn -0.886315 -0.441466 0.139833
vn -0.887526 0.278148 0.367329
vn -0.877871 0.403566 -0.257832
vn -0.792222 -0.525002 0.311060
vn -0.886315 -0.441466 0.139833
vn 0.891983 0.383731 0.238991
vn 0.711495 -0.472917 -0.519734
vn 0.749128 -0.419672 -0.512526
vn 0.891983 0.383731 0.238991
vn 0.749128 -0.419672 -0.512526
vn 0.928000 0.286088 0.238684
vn 0.928000 0.286088 0.238684
vn 0.749128 -0.419672 -0.512526
vn 0.795416 -0.380132 -0.472030
vn 0.053962 0.812797 0.580043
vn 0.891983 0.383731 0.238991
vn 0.928000 0.286088 0.238684
vn 0.928000 0.286088 0.238684
vn 0.795416 -0.380132 -0.472030
vn 0.919311 0.312873 0.238702
vn 0.053962 0.812797 0.580043
vn 0.928000 0.286088 0.238684
vn 0.044202 0.672319 0.738940
vn 0.044202 0.672319 0.738940
vn 0.928000 0.286088 0.238684
vn 0.919311 0.312873 0.238702
vn 0.033912 0.813126 0.581099
vn 0.053962 0.812797 0.580043
vn 0.044202 0.672319 0.738940
vn 0.044202 0.672319 0.738940
vn 0.919311 0.312873 0.238702
vn 0.147137 0.583315 0.798808
vn 0.033912 0.813126 0.581099
vn 0.044202 0.672319 0.738940
vn -0.034199 0.664670 0.746354
vn -0.034199 0.664670 0.746354
vn 0.044202 0.672319 0.738940
vn 0.147137 0.583315 0.798808
vn 0.012758 0.808788 0.587962
vn 0.033912 0.813126 0.581099
vn -0.034199 0.664670 0.746354
vn -0.034199 0.664670 0.746354
vn 0.147137 0.583315 0.798808
vn -0.101350 0.548190 0.830190
vn 0.012758 0.808788 0.587962
vn -0.034199 0.664670 0.746354
vn -0.105361 0.662793 0.741354
vn -0.105361 0.662793 0.741354
vn -0.034199 0.664670 0.746354
vn -0.101350 0.548190 0.830190
vn -0.694646 0.380863 0.610255
vn 0.012758 0.808788 0.587962
vn -0.105361 0.662793 0.741354
vn -0.105361 0.662793 0.741354
vn -0.101350 0.548190 0.830190
vn -0.308805 0.525099 0.793039
vn -0.694646 0.380863 0.610255
vn -0.105361 0.662793 0.741354
vn -0.733056 0.293824 0.613430
vn -0.733056 0.293824 0.613430
vn -0.105361 0.662793 0.741354
vn -0.308805 0.525099 0.793039
vn -0.733056 0.293824 0.613430
vn -0.308805 0.525099 0.793039
vn -0.789699 0.259438 0.555938
vn 0.919311 0.312873 0.238702
vn 0.795416 -0.380132 -0.472030
vn 0.856584 -0.380802 -0.348216
vn 0.919311 0.312873 0.238702
vn 0.856584 -0.380802 -0.348216
vn 0.941256 0.250329 -0.226656
vn 0.147137 0.583315 0.798808
vn 0.919311 0.312873 0.238702
vn 0.941256 0.250329 -0.226656
vn 0.147137 0.583315 0.798808
vn 0.941256 0.250329 -0.226656
vn 0.382035 0.781654 0.493017
vn -0.101350 0.548190 0.830190
vn 0.147137 0.583315 0.798808
vn 0.382035 0.781654 0.493017
vn -0.101350 0.548190 0.830190
vn 0.382035 0.781654 0.493017
vn -0.090401 0.771189 0.630155
vn -0.308805 0.525099 0.793039
vn -0.101350 0.548190 0.830190
vn -0.090401 0.771189 0.630155
vn -0.308805 0.525099 0.793039
vn -0.090401 0.771189 0.630155
vn -0.435266 0.657031 0.615511
vn -0.789699 0.259438 0.555938
vn -0.308805 0.525099 0.793039
vn -0.435266 0.657031 0.615511
vn -0.789699 0.259438 0.555938
vn -0.435266 0.657031 0.615511
vn -0.887526 0.278148 0.367329
vn -0.887526 0.278148 0.367329
vn -0.914619 -0.403889 -0.018590
vn -0.789699 0.259438 0.555938
vn -0.887526 0.278148 0.367329
vn -0.886315 -0.441466 0.139833
vn -0.914619 -0.403889 -0.018590
vn 0.856584 -0.380802 -0.348216
vn -0.914619 -0.403889 -0.018590
vn -0.886315 -0.441466 0.139833
vn 0.856584 -0.380802 -0.348216
vn 0.795416 -0.380132 -0.472030
vn -0.914619 -0.403889 -0.018590
vn -0.792222 -0.525002 0.311060
vn 0.856584 -0.380802 -0.348216
vn -0.886315 -0.441466 0.139833
vn -0.792222 -0.525002 0.311060
vn 0.834209 -0.454640 -0.312085
vn 0.856584 -0.380802 -0.348216
vn -0.136663 -0.041643 -0.989742
vn 0.437907 0.460537 -0.772103
vn 0.255074 -0.005907 -0.966903
vn -0.136663 -0.041643 -0.989742
vn -0.711871 0.483727 -0.509163
vn 0.437907 0.460537 -0.772103
vn -0.711871 0.483727 -0.509163
vn 0.540726 0.215853 -0.813033
vn 0.437907 0.460537 -0.772103
vn -0.711871 0.483727 -0.509163
vn -0.647652 0.534421 -0.543085
vn 0.540726 0.215853 -0.813033
vn -0.647652 0.534421 -0.543085
vn 0.255582 0.141105 -0.956435
vn 0.540726 0.215853 -0.813033
vn -0.647652 0.534421 -0.543085
vn -0.736865 0.586552 -0.336136
vn 0.255582 0.141105 -0.956435
vn -0.736865 0.586552 -0.336136
vn 0.367848 0.660247 -0.654798
vn 0.255582 0.141105 -0.956435
vn -0.736865 0.586552 -0.336136
vn 0.256361 0.867798 -0.425683
vn 0.367848 0.660247 -0.654798
vn 0.256361 0.867798 -0.425683
vn 0.416552 0.026349 0.908730
vn 0.367848 0.660247 -0.654798
vn 0.256361 0.867798 -0.425683
vn 0.779555 0.075285 0.621792
vn 0.416552 0.026349 0.908730
vn 0.255582 0.141105 -0.956435
vn 0.367848 0.660247 -0.654798
vn 0.836830 0.436024 -0.331056
vn 0.540726 0.215853 -0.813033
vn 0.255582 0.141105 -0.956435
vn 0.836830 0.436024 -0.331056
vn 0.437907 0.460537 -0.772103
vn 0.540726 0.215853 -0.813033
vn 0.942785 -0.122754 -0.309982
vn 0.540726 0.215853 -0.813033
vn 0.836830 0.436024 -0.331056
vn 0.942785 -0.122754 -0.309982
vn 0.437907 0.460537 -0.772103
vn 0.942785 -0.122754 -0.309982
vn 0.536278 -0.208131 -0.817978
vn 0.255074 -0.005907 -0.966903
vn 0.437907 0.460537 -0.772103
vn 0.536278 -0.208131 -0.817978
vn 0.836830 0.436024 -0.331056
vn 0.390378 -0.460156 0.797409
vn 0.942785 -0.122754 -0.309982
vn 0.836830 0.436024 -0.331056
vn -0.131335 0.129031 0.982905
vn 0.390378 -0.460156 0.797409
vn 0.367848 0.660247 -0.654798
vn -0.131335 0.129031 0.982905
vn 0.836830 0.436024 -0.331056
vn 0.367848 0.660247 -0.654798
vn 0.416552 0.026349 0.908730
vn -0.131335 0.129031 0.982905
vn -0.723432 -0.280626 -0.630789
vn -0.711871 0.483727 -0.509163
vn -0.136663 -0.041643 -0.989742
vn -0.723432 -0.280626 -0.630789
vn -0.987398 0.157987 0.009193
vn -0.711871 0.483727 -0.509163
vn -0.987398 0.157987 0.009193
vn -0.647652 0.534421 -0.543085
vn -0.711871 0.483727 -0.509163
vn -0.987398 0.157987 0.009193
vn -0.940070 0.281789 0.191997
vn -0.647652 0.534421 -0.543085
vn -0.940070 0.281789 0.191997
vn -0.736865 0.586552 -0.336136
vn -0.647652 0.534421 -0.543085
vn -0.940070 0.281789 0.191997
vn -0.841844 0.408650 0.352569
vn -0.736865 0.586552 -0.336136
vn -0.841844 0.408650 0.352569
vn 0.256361 0.867798 -0.425683
vn -0.736865 0.586552 -0.336136
vn -0.841844 0.408650 0.352569
vn -0.174669 0.757492 0.629044
vn 0.256361 0.867798 -0.425683
vn -0.174669 0.757492 0.629044
vn 0.779555 0.075285 0.621792
vn 0.256361 0.867798 -0.425683
vn -0.174669 0.757492 0.629044
vn 0.774854 0.156119 0.612559
vn 0.779555 0.075285 0.621792
vn 0.536278 -0.208131 -0.817978
vn 0.151312 -0.972166 0.178877
vn 0.255074 -0.005907 -0.966903
vn 0.536278 -0.208131 -0.817978
vn -0.428846 -0.805638 0.408703
vn 0.151312 -0.972166 0.178877
vn 0.942785 -0.122754 -0.309982
vn -0.428846 -0.805638 0.408703
vn 0.536278 -0.208131 -0.817978
vn 0.942785 -0.122754 -0.309982
vn 0.390378 -0.460156 0.797409
vn -0.428846 -0.805638 0.408703
vn -0.131335 0.129031 0.982905
vn -0.428846 -0.805638 0.408703
vn 0.390378 -0.460156 0.797409
vn -0.428846 -0.805638 0.408703
vn -0.131335 0.129031 0.982905
vn 0.151312 -0.972166 0.178877
vn 0.151312 -0.972166 0.178877
vn -0.131335 0.129031 0.982905
vn 0.416552 0.026349 0.908730
vn 0.947023 0.092752 0.307480
vn 0.484679 -0.614625 -0.622352
vn 0.903831 0.145805 0.402282
vn 0.947023 0.092752 0.307480
vn 0.514023 -0.587495 -0.625004
vn 0.484679 -0.614625 -0.622352
vn 0.962599 0.033922 0.268797
vn 0.514023 -0.587495 -0.625004
vn 0.947023 0.092752 0.307480
vn -0.921848 -0.278935 -0.269058
vn 0.484679 -0.614625 -0.622352
vn 0.514023 -0.587495 -0.625004
vn 0.514023 -0.587495 -0.625004
vn 0.962599 0.033922 0.268797
vn 0.568756 -0.578113 -0.585066
vn -0.921848 -0.278935 -0.269058
vn 0.514023 -0.587495 -0.625004
vn -0.967663 -0.212214 -0.136355
vn -0.967663 -0.212214 -0.136355
vn 0.514023 -0.587495 -0.625004
vn 0.568756 -0.578113 -0.585066
vn -0.967663 -0.212214 -0.136355
vn 0.568756 -0.578113 -0.585066
vn -0.985795 -0.110107 -0.126828
vn 0.427026 -0.880134 -0.207396
vn 0.416552 0.026349 0.908730
vn 0.779555 0.075285 0.621792
vn 0.427026 -0.880134 -0.207396
vn 0.151312 -0.972166 0.178877
vn 0.416552 0.026349 0.908730
vn 0.255074 -0.005907 -0.966903
vn 0.151312 -0.972166 0.178877
vn 0.427026 -0.880134 -0.207396
vn 0.255074 -0.005907 -0.966903
vn 0.427026 -0.880134 -0.207396
vn -0.136663 -0.041643 -0.989742
vn -0.136663 -0.041643 -0.989742
vn 0.449897 -0.742278 -0.496604
vn -0.723432 -0.280626 -0.630789
vn -0.136663 -0.041643 -0.989742
vn 0.427026 -0.880134 -0.207396
vn 0.449897 -0.742278 -0.496604
vn -0.540758 0.476362 0.693296
vn 0.962599 0.033922 0.268797
vn 0.947023 0.092752 0.307480
vn -0.540758 0.476362 0.693296
vn 0.947023 0.092752 0.307480
vn -0.468289 0.444670 0.763528
vn -0.468289 0.444670 0.763528
vn 0.947023 0.092752 0.307480
vn 0.903831 0.145805 0.402282
vn -0.915549 0.334318 0.223611
vn -0.540758 0.476362 0.693296
vn -0.468289 0.444670 0.763528
vn -0.468289 0.444670 0.763528
vn 0.903831 0.145805 0.402282
vn -0.488663 0.454085 0.744993
vn -0.915549 0.334318 0.223611
vn -0.468289 0.444670 0.763528
vn -0.899141 0.253016 0.357110
vn -0.899141 0.253016 0.357110
vn -0.468289 0.444670 0.763528
vn -0.488663 0.454085 0.744993
vn -0.919348 0.330327 0.213735
vn -0.915549 0.334318 0.223611
vn -0.899141 0.253016 0.357110
vn -0.899141 0.253016 0.357110
vn -0.488663 0.454085 0.744993
vn -0.854200 0.230274 0.466173
vn -0.919348 0.330327 0.213735
vn -0.899141 0.253016 0.357110
vn -0.915713 0.233288 0.327178
vn -0.915713 0.233288 0.327178
vn -0.899141 0.253016 0.357110
vn -0.854200 0.230274 0.466173
vn -0.923078 0.323370 0.208228
vn -0.919348 0.330327 0.213735
vn -0.915713 0.233288 0.327178
vn -0.915713 0.233288 0.327178
vn -0.854200 0.230274 0.466173
vn -0.907729 0.159490 0.388059
vn -0.923078 0.323370 0.208228
vn -0.915713 0.233288 0.327178
vn -0.931597 0.218741 0.290310
vn -0.931597 0.218741 0.290310
vn -0.915713 0.233288 0.327178
vn -0.907729 0.159490 0.388059
vn -0.985795 -0.110107 -0.126828
vn -0.923078 0.323370 0.208228
vn -0.931597 0.218741 0.290310
vn -0.931597 0.218741 0.290310
vn -0.907729 0.159490 0.388059
vn -0.956962 0.103335 0.271194
vn -0.985795 -0.110107 -0.126828
vn -0.931597 0.218741 0.290310
vn -0.967663 -0.212214 -0.136355
vn -0.967663 -0.212214 -0.136355
vn -0.931597 0.218741 0.290310
vn -0.956962 0.103335 0.271194
vn -0.967663 -0.212214 -0.136355
vn -0.956962 0.103335 0.271194
vn -0.921848 -0.278935 -0.269058
vn -0.488663 0.454085 0.744993
vn 0.903831 0.145805 0.402282
vn 0.774854 0.156119 0.612559
vn -0.488663 0.454085 0.744993
vn 0.774854 0.156119 0.612559
vn -0.174669 0.757492 0.629044
vn -0.854200 0.230274 0.466173
vn -0.488663 0.454085 0.744993
vn -0.174669 0.757492 0.629044
vn -0.854200 0.230274 0.466173
vn -0.174669 0.757492 0.629044
vn -0.841844 0.408650 0.352569
vn -0.907729 0.159490 0.388059
vn -0.854200 0.230274 0.466173
vn -0.841844 0.408650 0.352569
vn -0.907729 0.159490 0.388059
vn -0.841844 0.408650 0.352569
vn -0.940070 0.281789 0.191997
vn -0.956962 0.103335 0.271194
vn -0.907729 0.159490 0.388059
vn -0.940070 0.281789 0.191997
vn -0.956962 0.103335 0.271194
vn -0.940070 0.281789 0.191997
vn -0.987398 0.157987 0.009193
vn -0.921848 -0.278935 -0.269058
vn -0.956962 0.103335 0.271194
vn -0.987398 0.157987 0.009193
vn -0.921848 -0.278935 -0.269058
vn -0.987398 0.157987 0.009193
vn -0.723432 -0.280626 -0.630789
vn -0.723432 -0.280626 -0.630789
vn 0.484679 -0.614625 -0.622352
vn -0.921848 -0.278935 -0.269058
vn -0.723432 -0.280626 -0.630789
vn 0.449897 -0.742278 -0.496604
vn 0.484679 -0.614625 -0.622352
vn 0.774854 0.156119 0.612559
vn 0.484679 -0.614625 -0.622352
vn 0.449897 -0.742278 -0.496604
vn 0.774854 0.156119 0.612559
vn 0.903831 0.145805 0.402282
vn 0.484679 -0.614625 -0.622352
vn 0.427026 -0.880134 -0.207396
vn 0.774854 0.156119 0.612559
vn 0.449897 -0.742278 -0.496604
vn 0.427026 -0.880134 -0.207396
vn 0.779555 0.075285 0.621792
vn 0.774854 0.156119 0.612559
vn -0.349859 -0.311793 -0.883394
vn -0.139274 0.097955 -0.985397
vn 0.383761 0.077948 -0.920137
vn -0.349859 -0.311793 -0.883394
vn 0.383761 0.077948 -0.920137
vn 0.510233 -0.223194 -0.830570
vn -0.422118 -0.480225 -0.768896
vn -0.349859 -0.311793 -0.883394
vn 0.510233 -0.223194 -0.830570
vn 0.510233 -0.223194 -0.830570
vn 0.383761 0.077948 -0.920137
vn 0.638272 0.239962 -0.731455
vn -0.422118 -0.480225 -0.768896
vn 0.510233 -0.223194 -0.830570
vn 0.545503 -0.340223 -0.765947
vn -0.443941 -0.537119 -0.717230
vn -0.422118 -0.480225 -0.768896
vn 0.545503 -0.340223 -0.765947
vn 0.510233 -0.223194 -0.830570
vn 0.638272 0.239962 -0.731455
vn 0.855926 0.025411 -0.516474
vn 0.545503 -0.340223 -0.765947
vn 0.510233 -0.223194 -0.830570
vn 0.855926 0.025411 -0.516474
vn 0.855926 0.025411 -0.516474
vn 0.638272 0.239962 -0.731455
vn 0.626538 0.597612 -0.500310
vn 0.855926 0.025411 -0.516474
vn 0.626538 0.597612 -0.500310
vn 0.882373 0.470364 0.013254
vn 0.907909 -0.057696 -0.415178
vn 0.855926 0.025411 -0.516474
vn 0.882373 0.470364 0.013254
vn 0.545503 -0.340223 -0.765947
vn 0.855926 0.025411 -0.516474
vn 0.907909 -0.057696 -0.415178
vn 0.907909 -0.057696 -0.415178
vn 0.882373 0.470364 0.013254
vn 0.901143 0.373877 0.219447
vn -0.443941 -0.537119 -0.717230
vn 0.545503 -0.340223 -0.765947
vn 0.555906 -0.381823 -0.738363
vn 0.555906 -0.381823 -0.738363
vn 0.545503 -0.340223 -0.765947
vn 0.907909 -0.057696 -0.415178
vn 0.555906 -0.381823 -0.738363
vn -0.465468 -0.597989 -0.652494
vn -0.443941 -0.537119 -0.717230
vn 0.922113 -0.087105 -0.376990
vn 0.907909 -0.057696 -0.415178
vn 0.901143 0.373877 0.219447
vn 0.555906 -0.381823 -0.738363
vn 0.907909 -0.057696 -0.415178
vn 0.922113 -0.087105 -0.376990
vn 0.922113 -0.087105 -0.376990
vn 0.901143 0.373877 0.219447
vn 0.896810 0.336530 0.287192
vn 0.555906 -0.381823 -0.738363
vn 0.566145 -0.428751 -0.704026
vn -0.465468 -0.597989 -0.652494
vn 0.922113 -0.087105 -0.376990
vn 0.566145 -0.428751 -0.704026
vn 0.555906 -0.381823 -0.738363
vn 0.566145 -0.428751 -0.704026
vn -0.506161 -0.749438 -0.426783
vn -0.465468 -0.597989 -0.652494
vn 0.896810 0.336530 0.287192
vn 0.935417 -0.120270 -0.332460
vn 0.922113 -0.087105 -0.376990
vn 0.922113 -0.087105 -0.376990
vn 0.935417 -0.120270 -0.332460
vn 0.566145 -0.428751 -0.704026
vn 0.896810 0.336530 0.287192
vn 0.885964 0.293442 0.359110
vn 0.935417 -0.120270 -0.332460
vn 0.566145 -0.428751 -0.704026
vn 0.585521 -0.567990 -0.578405
vn -0.506161 -0.749438 -0.426783
vn 0.935417 -0.120270 -0.332460
vn 0.585521 -0.567990 -0.578405
vn 0.566145 -0.428751 -0.704026
vn 0.585521 -0.567990 -0.578405
vn -0.407297 -0.844905 0.346762
vn -0.506161 -0.749438 -0.426783
vn 0.585521 -0.567990 -0.578405
vn 0.433057 -0.890779 0.137750
vn -0.407297 -0.844905 0.346762
vn 0.885964 0.293442 0.359110
vn 0.957098 -0.219176 -0.189541
vn 0.935417 -0.120270 -0.332460
vn 0.935417 -0.120270 -0.332460
vn 0.957098 -0.219176 -0.189541
vn 0.585521 -0.567990 -0.578405
vn 0.957098 -0.219176 -0.189541
vn 0.433057 -0.890779 0.137750
vn 0.585521 -0.567990 -0.578405
vn 0.885964 0.293442 0.359110
vn 0.823454 0.164558 0.542995
vn 0.957098 -0.219176 -0.189541
vn 0.957098 -0.219176 -0.189541
vn 0.756190 -0.521211 0.395620
vn 0.433057 -0.890779 0.137750
vn 0.823454 0.164558 0.542995
vn 0.756190 -0.521211 0.395620
vn 0.957098 -0.219176 -0.189541
vn 0.823454 0.164558 0.542995
vn 0.457926 -0.200279 0.866136
vn 0.756190 -0.521211 0.395620
vn 0.882373 0.470364 0.013254
vn 0.626538 0.597612 -0.500310
vn -0.015725 0.980742 -0.194672
vn 0.882373 0.470364 0.013254
vn -0.015725 0.980742 -0.194672
vn -0.142616 0.746296 0.650156
vn -0.142616 0.746296 0.650156
vn -0.015725 0.980742 -0.194672
vn -0.674641 0.705625 -0.216683
vn 0.901143 0.373877 0.219447
vn 0.882373 0.470364 0.013254
vn -0.142616 0.746296 0.650156
vn -0.142616 0.746296 0.650156
vn -0.674641 0.705625 -0.216683
vn -0.823833 0.383667 0.417251
vn 0.901143 0.373877 0.219447
vn -0.142616 0.746296 0.650156
vn -0.159496 0.571186 0.805175
vn -0.159496 0.571186 0.805175
vn -0.142616 0.746296 0.650156
vn -0.823833 0.383667 0.417251
vn 0.896810 0.336530 0.287192
vn 0.901143 0.373877 0.219447
vn -0.159496 0.571186 0.805175
vn -0.159496 0.571186 0.805175
vn -0.823833 0.383667 0.417251
vn -0.795098 0.272880 0.541623
vn 0.896810 0.336530 0.287192
vn -0.159496 0.571186 0.805175
vn -0.162742 0.514815 0.841713
vn -0.162742 0.514815 0.841713
vn -0.159496 0.571186 0.805175
vn -0.795098 0.272880 0.541623
vn -0.162742 0.514815 0.841713
vn 0.885964 0.293442 0.359110
vn 0.896810 0.336530 0.287192
vn -0.162742 0.514815 0.841713
vn -0.795098 0.272880 0.541623
vn -0.782248 0.238601 0.575463
vn -0.162742 0.514815 0.841713
vn -0.165273 0.455557 0.874730
vn 0.885964 0.293442 0.359110
vn -0.782248 0.238601 0.575463
vn -0.165273 0.455557 0.874730
vn -0.162742 0.514815 0.841713
vn -0.165273 0.455557 0.874730
vn 0.823454 0.164558 0.542995
vn 0.885964 0.293442 0.359110
vn -0.782248 0.238601 0.575463
vn -0.766956 0.202647 0.608862
vn -0.165273 0.455557 0.874730
vn -0.165273 0.455557 0.874730
vn -0.168202 0.303329 0.937923
vn 0.823454 0.164558 0.542995
vn -0.766956 0.202647 0.608862
vn -0.168202 0.303329 0.937923
vn -0.165273 0.455557 0.874730
vn -0.168202 0.303329 0.937923
vn 0.457926 -0.200279 0.866136
vn 0.823454 0.164558 0.542995
vn -0.766956 0.202647 0.608862
vn -0.718973 0.108857 0.686461
vn -0.168202 0.303329 0.937923
vn -0.168202 0.303329 0.937923
vn -0.158415 -0.059402 0.985584
vn 0.457926 -0.200279 0.866136
vn -0.718973 0.108857 0.686461
vn -0.158415 -0.059402 0.985584
vn -0.168202 0.303329 0.937923
vn -0.718973 0.108857 0.686461
vn -0.540134 -0.138608 0.830086
vn -0.158415 -0.059402 0.985584
vn -0.823833 0.383667 0.417251
vn -0.674641 0.705625 -0.216683
vn -0.684302 0.351057 -0.639132
vn -0.823833 0.383667 0.417251
vn -0.684302 0.351057 -0.639132
vn -0.992378 0.035452 -0.118024
vn -0.992378 0.035452 -0.118024
vn -0.684302 0.351057 -0.639132
vn -0.139274 0.097955 -0.985397
vn -0.795098 0.272880 0.541623
vn -0.823833 0.383667 0.417251
vn -0.992378 0.035452 -0.118024
vn -0.992378 0.035452 -0.118024
vn -0.139274 0.097955 -0.985397
vn -0.349859 -0.311793 -0.883394
vn -0.795098 0.272880 0.541623
vn -0.992378 0.035452 -0.118024
vn -0.996293 -0.066055 0.055100
vn -0.996293 -0.066055 0.055100
vn -0.992378 0.035452 -0.118024
vn -0.349859 -0.311793 -0.883394
vn -0.782248 0.238601 0.575463
vn -0.795098 0.272880 0.541623
vn -0.996293 -0.066055 0.055100
vn -0.996293 -0.066055 0.055100
vn -0.349859 -0.311793 -0.883394
vn -0.422118 -0.480225 -0.768896
vn -0.782248 0.238601 0.575463
vn -0.996293 -0.066055 0.055100
vn -0.989325 -0.097143 0.108621
vn -0.989325 -0.097143 0.108621
vn -0.996293 -0.066055 0.055100
vn -0.422118 -0.480225 -0.768896
vn -0.989325 -0.097143 0.108621
vn -0.766956 0.202647 0.608862
vn -0.782248 0.238601 0.575463
vn -0.989325 -0.097143 0.108621
vn -0.422118 -0.480225 -0.768896
vn -0.443941 -0.537119 -0.717230
vn -0.989325 -0.097143 0.108621
vn -0.977874 -0.129420 0.164356
vn -0.766956 0.202647 0.608862
vn -0.443941 -0.537119 -0.717230
vn -0.977874 -0.129420 0.164356
vn -0.989325 -0.097143 0.108621
vn -0.977874 -0.129420 0.164356
vn -0.718973 0.108857 0.686461
vn -0.766956 0.202647 0.608862
vn -0.443941 -0.537119 -0.717230
vn -0.465468 -0.597989 -0.652494
vn -0.977874 -0.129420 0.164356
vn -0.977874 -0.129420 0.164356
vn -0.928371 -0.210751 0.306123
vn -0.718973 0.108857 0.686461
vn -0.465468 -0.597989 -0.652494
vn -0.928371 -0.210751 0.306123
vn -0.977874 -0.129420 0.164356
vn -0.928371 -0.210751 0.306123
vn -0.540134 -0.138608 0.830086
vn -0.718973 0.108857 0.686461
vn -0.465468 -0.597989 -0.652494
vn -0.506161 -0.749438 -0.426783
vn -0.928371 -0.210751 0.306123
vn -0.928371 -0.210751 0.306123
vn -0.678149 -0.388369 0.623926
vn -0.540134 -0.138608 0.830086
vn -0.506161 -0.749438 -0.426783
vn -0.678149 -0.388369 0.623926
vn -0.928371 -0.210751 0.306123
vn -0.506161 -0.749438 -0.426783
vn -0.407297 -0.844905 0.346762
vn -0.678149 -0.388369 0.623926
vn -0.674641 0.705625 -0.216683
vn -0.139274 0.097955 -0.985397
vn -0.684302 0.351057 -0.639132
vn -0.139274 0.097955 -0.985397
vn -0.674641 0.705625 -0.216683
vn 0.383761 0.077948 -0.920137
vn 0.383761 0.077948 -0.920137
vn -0.674641 0.705625 -0.216683
vn -0.015725 0.980742 -0.194672
vn 0.383761 0.077948 -0.920137
vn -0.015725 0.980742 -0.194672
vn 0.638272 0.239962 -0.731455
vn 0.638272 0.239962 -0.731455
vn -0.015725 0.980742 -0.194672
vn 0.626538 0.597612 -0.500310
vn -0.407297 -0.844905 0.346762
vn -0.540134 -0.138608 0.830086
vn -0.678149 -0.388369 0.623926
vn -0.540134 -0.138608 0.830086
vn -0.407297 -0.844905 0.346762
vn 0.433057 -0.890779 0.137750
vn -0.540134 -0.138608 0.830086
vn 0.433057 -0.890779 0.137750
vn -0.158415 -0.059402 0.985584
vn -0.158415 -0.059402 0.985584
vn 0.433057 -0.890779 0.137750
vn 0.756190 -0.521211 0.395620
vn -0.158415 -0.059402 0.985584
vn 0.756190 -0.521211 0.395620
vn 0.457926 -0.200279 0.866136
vn 0.145443 0.004106 -0.989358
vn 0.485953 0.570306 -0.662269
vn 0.441555 0.058361 -0.895334
vn 0.145443 0.004106 -0.989358
vn -0.597232 0.465789 -0.652958
vn 0.485953 0.570306 -0.662269
vn -0.597232 0.465789 -0.652958
vn 0.640554 0.304983 -0.704753
vn 0.485953 0.570306 -0.662269
vn -0.597232 0.465789 -0.652958
vn -0.545341 0.519571 -0.657760
vn 0.640554 0.304983 -0.704753
vn -0.545341 0.519571 -0.657760
vn 0.415635 0.199862 -0.887301
vn 0.640554 0.304983 -0.704753
vn -0.545341 0.519571 -0.657760
vn -0.694690 0.558007 -0.453909
vn 0.415635 0.199862 -0.887301
vn -0.694690 0.558007 -0.453909
vn 0.334974 0.789347 -0.514513
vn 0.415635 0.199862 -0.887301
vn -0.694690 0.558007 -0.453909
vn 0.097052 0.969357 -0.225672
vn 0.334974 0.789347 -0.514513
vn 0.097052 0.969357 -0.225672
vn 0.089265 0.001754 0.996006
vn 0.334974 0.789347 -0.514513
vn 0.097052 0.969357 -0.225672
vn 0.457907 0.086809 0.884751
vn 0.089265 0.001754 0.996006
vn 0.415635 0.199862 -0.887301
vn 0.334974 0.789347 -0.514513
vn 0.800398 0.598391 -0.035937
vn 0.640554 0.304983 -0.704753
vn 0.415635 0.199862 -0.887301
vn 0.800398 0.598391 -0.035937
vn 0.485953 0.570306 -0.662269
vn 0.640554 0.304983 -0.704753
vn 0.993880 -0.051040 -0.097963
vn 0.640554 0.304983 -0.704753
vn 0.800398 0.598391 -0.035937
vn 0.993880 -0.051040 -0.097963
vn 0.485953 0.570306 -0.662269
vn 0.993880 -0.051040 -0.097963
vn 0.683721 -0.120712 -0.719690
vn 0.441555 0.058361 -0.895334
vn 0.485953 0.570306 -0.662269
vn 0.683721 -0.120712 -0.719690
vn 0.800398 0.598391 -0.035937
vn 0.235256 -0.465451 0.853235
vn 0.993880 -0.051040 -0.097963
vn 0.800398 0.598391 -0.035937
vn -0.365770 0.058785 0.928847
vn 0.235256 -0.465451 0.853235
vn 0.334974 0.789347 -0.514513
vn -0.365770 0.058785 0.928847
vn 0.800398 0.598391 -0.035937
vn 0.334974 0.789347 -0.514513
vn 0.089265 0.001754 0.996006
vn -0.365770 0.058785 0.928847
vn -0.345204 -0.275894 -0.897060
vn -0.597232 0.465789 -0.652958
vn 0.145443 0.004106 -0.989358
vn -0.345204 -0.275894 -0.897060
vn -0.959625 0.104577 -0.261118
vn -0.597232 0.465789 -0.652958
vn -0.959625 0.104577 -0.261118
vn -0.545341 0.519571 -0.657760
vn -0.597232 0.465789 -0.652958
vn -0.959625 0.104577 -0.261118
vn -0.974624 0.223806 -0.004407
vn -0.545341 0.519571 -0.657760
vn -0.974624 0.223806 -0.004407
vn -0.694690 0.558007 -0.453909
vn -0.545341 0.519571 -0.657760
vn -0.974624 0.223806 -0.004407
vn -0.916003 0.334506 0.221460
vn -0.694690 0.558007 -0.453909
vn -0.916003 0.334506 0.221460
vn 0.097052 0.969357 -0.225672
vn -0.694690 0.558007 -0.453909
vn -0.916003 0.334506 0.221460
vn -0.447495 0.601601 0.661683
vn 0.097052 0.969357 -0.225672
vn -0.447495 0.601601 0.661683
vn 0.457907 0.086809 0.884751
vn 0.097052 0.969357 -0.225672
vn -0.447495 0.601601 0.661683
vn 0.432905 0.164998 0.886210
vn 0.457907 0.086809 0.884751
vn 0.683721 -0.120712 -0.719690
vn 0.338748 -0.940088 0.038539
vn 0.441555 0.058361 -0.895334
vn 0.683721 -0.120712 -0.719690
vn -0.276119 -0.945481 0.172699
vn 0.338748 -0.940088 0.038539
vn 0.993880 -0.051040 -0.097963
vn -0.276119 -0.945481 0.172699
vn 0.683721 -0.120712 -0.719690
vn 0.993880 -0.051040 -0.097963
vn 0.235256 -0.465451 0.853235
vn -0.276119 -0.945481 0.172699
vn -0.365770 0.058785 0.928847
vn -0.276119 -0.945481 0.172699
vn 0.235256 -0.465451 0.853235
vn 0.089265 0.001754 0.996006
vn -0.276119 -0.945481 0.172699
vn -0.365770 0.058785 0.928847
vn -0.276119 -0.945481 0.172699
vn 0.089265 0.001754 0.996006
vn 0.338748 -0.940088 0.038539
vn 0.717728 -0.457125 -0.525264
vn 0.736793 0.143005 0.660822
vn 0.785408 0.084413 0.613196
vn 0.678993 -0.460356 -0.571875
vn 0.736793 0.143005 0.660822
vn 0.717728 -0.457125 -0.525264
vn 0.678993 -0.460356 -0.571875
vn 0.637549 0.185915 0.747641
vn 0.736793 0.143005 0.660822
vn 0.637549 0.185915 0.747641
vn 0.678993 -0.460356 -0.571875
vn 0.658441 -0.482632 -0.577513
vn -0.674492 -0.343805 -0.653344
vn 0.658441 -0.482632 -0.577513
vn 0.678993 -0.460356 -0.571875
vn -0.674492 -0.343805 -0.653344
vn 0.678993 -0.460356 -0.571875
vn -0.803271 -0.293849 -0.518081
vn -0.803271 -0.293849 -0.518081
vn 0.678993 -0.460356 -0.571875
vn 0.717728 -0.457125 -0.525264
vn -0.803271 -0.293849 -0.518081
vn 0.717728 -0.457125 -0.525264
vn -0.853296 -0.182005 -0.488631
vn 0.598546 -0.760173 -0.252744
vn 0.089265 0.001754 0.996006
vn 0.457907 0.086809 0.884751
vn 0.598546 -0.760173 -0.252744
vn 0.338748 -0.940088 0.038539
vn 0.089265 0.001754 0.996006
vn 0.441555 0.058361 -0.895334
vn 0.338748 -0.940088 0.038539
vn 0.598546 -0.760173 -0.252744
vn 0.441555 0.058361 -0.895334
vn 0.598546 -0.760173 -0.252744
vn 0.145443 0.004106 -0.989358
vn 0.145443 0.004106 -0.989358
vn 0.632364 -0.601208 -0.488533
vn -0.345204 -0.275894 -0.897060
vn 0.145443 0.004106 -0.989358
vn 0.598546 -0.760173 -0.252744
vn 0.632364 -0.601208 -0.488533
vn -0.697253 0.362135 0.618625
vn 0.785408 0.084413 0.613196
vn 0.736793 0.143005 0.660822
vn -0.697253 0.362135 0.618625
vn 0.736793 0.143005 0.660822
vn -0.643366 0.330166 0.690703
vn -0.643366 0.330166 0.690703
vn 0.736793 0.143005 0.660822
vn 0.637549 0.185915 0.747641
vn -0.960461 0.274030 0.049222
vn -0.697253 0.362135 0.618625
vn -0.643366 0.330166 0.690703
vn -0.643366 0.330166 0.690703
vn 0.637549 0.185915 0.747641
vn -0.658581 0.339348 0.671650
vn -0.960461 0.274030 0.049222
vn -0.643366 0.330166 0.690703
vn -0.964893 0.184348 0.187074
vn -0.964893 0.184348 0.187074
vn -0.643366 0.330166 0.690703
vn -0.658581 0.339348 0.671650
vn -0.961948 0.270810 0.036313
vn -0.960461 0.274030 0.049222
vn -0.964893 0.184348 0.187074
vn -0.964893 0.184348 0.187074
vn -0.658581 0.339348 0.671650
vn -0.936732 0.155229 0.313745
vn -0.961948 0.270810 0.036313
vn -0.964893 0.184348 0.187074
vn -0.975242 0.166185 0.145896
vn -0.975242 0.166185 0.145896
vn -0.964893 0.184348 0.187074
vn -0.936732 0.155229 0.313745
vn -0.964036 0.264330 0.027659
vn -0.961948 0.270810 0.036313
vn -0.975242 0.166185 0.145896
vn -0.975242 0.166185 0.145896
vn -0.936732 0.155229 0.313745
vn -0.975120 0.086722 0.204013
vn -0.964036 0.264330 0.027659
vn -0.975242 0.166185 0.145896
vn -0.983385 0.153378 0.097103
vn -0.983385 0.153378 0.097103
vn -0.975242 0.166185 0.145896
vn -0.975120 0.086722 0.204013
vn -0.853296 -0.182005 -0.488631
vn -0.964036 0.264330 0.027659
vn -0.983385 0.153378 0.097103
vn -0.983385 0.153378 0.097103
vn -0.975120 0.086722 0.204013
vn -0.998518 0.031664 0.044273
vn -0.853296 -0.182005 -0.488631
vn -0.983385 0.153378 0.097103
vn -0.803271 -0.293849 -0.518081
vn -0.803271 -0.293849 -0.518081
vn -0.983385 0.153378 0.097103
vn -0.998518 0.031664 0.044273
vn -0.803271 -0.293849 -0.518081
vn -0.998518 0.031664 0.044273
vn -0.674492 -0.343805 -0.653344
vn -0.658581 0.339348 0.671650
vn 0.637549 0.185915 0.747641
vn 0.432905 0.164998 0.886210
vn -0.658581 0.339348 0.671650
vn 0.432905 0.164998 0.886210
vn -0.447495 0.601601 0.661683
vn -0.936732 0.155229 0.313745
vn -0.658581 0.339348 0.671650
vn -0.447495 0.601601 0.661683
vn -0.936732 0.155229 0.313745
vn -0.447495 0.601601 0.661683
vn -0.916003 0.334506 0.221460
vn -0.975120 0.086722 0.204013
vn -0.936732 0.155229 0.313745
vn -0.916003 0.334506 0.221460
vn -0.975120 0.086722 0.204013
vn -0.916003 0.334506 0.221460
vn -0.974624 0.223806 -0.004407
vn -0.998518 0.031664 0.044273
vn -0.975120 0.086722 0.204013
vn -0.974624 0.223806 -0.004407
vn -0.998518 0.031664 0.044273
vn -0.974624 0.223806 -0.004407
vn -0.959625 0.104577 -0.261118
vn -0.674492 -0.343805 -0.653344
vn -0.998518 0.031664 0.044273
vn -0.959625 0.104577 -0.261118
vn -0.674492 -0.343805 -0.653344
vn -0.959625 0.104577 -0.261118
vn -0.345204 -0.275894 -0.897060
vn -0.345204 -0.275894 -0.897060
vn 0.658441 -0.482632 -0.577513
vn -0.674492 -0.343805 -0.653344
vn -0.345204 -0.275894 -0.897060
vn 0.632364 -0.601208 -0.488533
vn 0.658441 -0.482632 -0.577513
vn 0.432905 0.164998 0.886210
vn 0.658441 -0.482632 -0.577513
vn 0.632364 -0.601208 -0.488533
vn 0.432905 0.164998 0.886210
vn 0.637549 0.185915 0.747641
vn 0.658441 -0.482632 -0.577513
vn 0.598546 -0.760173 -0.252744
vn 0.432905 0.164998 0.886210
vn 0.632364 -0.601208 -0.488533
vn 0.598546 -0.760173 -0.252744
vn 0.457907 0.086809 0.884751
vn 0.432905 0.164998 0.886210
vn 0.145443 0.004106 -0.989358
vn 0.485953 0.570306 -0.662269
vn 0.441555 0.058361 -0.895334
vn 0.145443 0.004106 -0.989358
vn -0.597232 0.465789 -0.652958
vn 0.485953 0.570306 -0.662269
vn -0.597232 0.465789 -0.652958
vn 0.640554 0.304983 -0.704753
vn 0.485953 0.570306 -0.662269
vn -0.597232 0.465789 -0.652958
vn -0.545341 0.519571 -0.657760
vn 0.640554 0.304983 -0.704753
vn -0.545341 0.519571 -0.657760
vn 0.415635 0.199862 -0.887301
vn 0.640554 0.304983 -0.704753
vn -0.545341 0.519571 -0.657760
vn -0.694690 0.558007 -0.453909
vn 0.415635 0.199862 -0.887301
vn -0.694690 0.558007 -0.453909
vn 0.334974 0.789347 -0.514513
vn 0.415635 0.199862 -0.887301
vn -0.694690 0.558007 -0.453909
vn 0.097052 0.969357 -0.225672
vn 0.334974 0.789347 -0.514513
vn 0.097052 0.969357 -0.225672
vn 0.089265 0.001734 0.996006
vn 0.334974 0.789347 -0.514513
vn 0.097052 0.969357 -0.225672
vn 0.457907 0.086809 0.884751
vn 0.089265 0.001734 0.996006
vn 0.415635 0.199862 -0.887301
vn 0.334974 0.789347 -0.514513
vn 0.800398 0.598391 -0.035937
vn 0.640554 0.304983 -0.704753
vn 0.415635 0.199862 -0.887301
vn 0.800398 0.598391 -0.035937
vn 0.485953 0.570306 -0.662269
vn 0.640554 0.304983 -0.704753
vn 0.993879 -0.051059 -0.097963
vn 0.640554 0.304983 -0.704753
vn 0.800398 0.598391 -0.035937
vn 0.993879 -0.051059 -0.097963
vn 0.485953 0.570306 -0.662269
vn 0.993879 -0.051059 -0.097963
vn 0.683721 -0.120712 -0.719690
vn 0.441555 0.058361 -0.895334
vn 0.485953 0.570306 -0.662269
vn 0.683721 -0.120712 -0.719690
vn 0.800398 0.598391 -0.035937
vn 0.235256 -0.465451 0.853235
vn 0.993879 -0.051059 -0.097963
vn 0.800398 0.598391 -0.035937
vn -0.365770 0.058785 0.928847
vn 0.235256 -0.465451 0.853235
vn 0.334974 0.789347 -0.514513
vn -0.365770 0.058785 0.928847
vn 0.800398 0.598391 -0.035937
vn 0.334974 0.789347 -0.514513
vn 0.089265 0.001734 0.996006
vn -0.365770 0.058785 0.928847
vn -0.345204 -0.275894 -0.897060
vn -0.597232 0.465789 -0.652958
vn 0.145443 0.004106 -0.989358
vn -0.345204 -0.275894 -0.897060
vn -0.959625 0.104577 -0.261118
vn -0.597232 0.465789 -0.652958
vn -0.959625 0.104577 -0.261118
vn -0.545341 0.519571 -0.657760
vn -0.597232 0.465789 -0.652958
vn -0.959625 0.104577 -0.261118
vn -0.974624 0.223806 -0.004407
vn -0.545341 0.519571 -0.657760
vn -0.974624 0.223806 -0.004407
vn -0.694690 0.558007 -0.453909
vn -0.545341 0.519571 -0.657760
vn -0.974624 0.223806 -0.004407
vn -0.916003 0.334506 0.221460
vn -0.694690 0.558007 -0.453909
vn -0.916003 0.334506 0.221460
vn 0.097052 0.969357 -0.225672
vn -0.694690 0.558007 -0.453909
vn -0.916003 0.334506 0.221460
vn -0.447495 0.601601 0.661683
vn 0.097052 0.969357 -0.225672
vn -0.447495 0.601601 0.661683
vn 0.457907 0.086809 0.884751
vn 0.097052 0.969357 -0.225672
vn -0.447495 0.601601 0.661683
vn 0.432905 0.164998 0.886210
vn 0.457907 0.086809 0.884751
vn 0.683721 -0.120712 -0.719690
vn 0.338748 -0.940088 0.038539
vn 0.441555 0.058361 -0.895334
vn 0.683721 -0.120712 -0.719690
vn -0.276119 -0.945481 0.172699
vn 0.338748 -0.940088 0.038539
vn 0.993879 -0.051059 -0.097963
vn -0.276119 -0.945481 0.172699
vn 0.683721 -0.120712 -0.719690
vn 0.993879 -0.051059 -0.097963
vn 0.235256 -0.465451 0.853235
vn -0.276119 -0.945481 0.172699
vn -0.365770 0.058785 0.928847
vn -0.276119 -0.945481 0.172699
vn 0.235256 -0.465451 0.853235
vn 0.089265 0.001734 0.996006
vn -0.276119 -0.945481 0.172699
vn -0.365770 0.058785 0.928847
vn -0.276119 -0.945481 0.172699
vn 0.089265 0.001734 0.996006
vn 0.338748 -0.940088 0.038539
vn 0.717730 -0.457124 -0.525263
vn 0.736793 0.143005 0.660822
vn 0.785401 0.084417 0.613204
vn 0.678993 -0.460356 -0.571875
vn 0.736793 0.143005 0.660822
vn 0.717730 -0.457124 -0.525263
vn 0.678993 -0.460356 -0.571875
vn 0.637549 0.185915 0.747641
vn 0.736793 0.143005 0.660822
vn 0.637549 0.185915 0.747641
vn 0.678993 -0.460356 -0.571875
vn 0.658441 -0.482632 -0.577513
vn -0.674492 -0.343805 -0.653344
vn 0.658441 -0.482632 -0.577513
vn 0.678993 -0.460356 -0.571875
vn -0.674492 -0.343805 -0.653344
vn 0.678993 -0.460356 -0.571875
vn -0.803271 -0.293849 -0.518081
vn -0.803271 -0.293849 -0.518081
vn 0.678993 -0.460356 -0.571875
vn 0.717730 -0.457124 -0.525263
vn -0.803271 -0.293849 -0.518081
vn 0.717730 -0.457124 -0.525263
vn -0.853294 -0.182007 -0.488634
vn 0.598546 -0.760173 -0.252744
vn 0.089265 0.001734 0.996006
vn 0.457907 0.086809 0.884751
vn 0.598546 -0.760173 -0.252744
vn 0.338748 -0.940088 0.038539
vn 0.089265 0.001734 0.996006
vn 0.441555 0.058361 -0.895334
vn 0.338748 -0.940088 0.038539
vn 0.598546 -0.760173 -0.252744
vn 0.441555 0.058361 -0.895334
vn 0.598546 -0.760173 -0.252744
vn 0.145443 0.004106 -0.989358
vn 0.145443 0.004106 -0.989358
vn 0.632364 -0.601208 -0.488533
vn -0.345204 -0.275894 -0.897060
vn 0.145443 0.004106 -0.989358
vn 0.598546 -0.760173 -0.252744
vn 0.632364 -0.601208 -0.488533
vn -0.697251 0.362135 0.618627
vn 0.785401 0.084417 0.613204
vn 0.736793 0.143005 0.660822
vn -0.697251 0.362135 0.618627
vn 0.736793 0.143005 0.660822
vn -0.643366 0.330166 0.690703
vn -0.643366 0.330166 0.690703
vn 0.736793 0.143005 0.660822
vn 0.637549 0.185915 0.747641
vn -0.960461 0.274030 0.049223
vn -0.697251 0.362135 0.618627
vn -0.643366 0.330166 0.690703
vn -0.643366 0.330166 0.690703
vn 0.637549 0.185915 0.747641
vn -0.658581 0.339348 0.671650
vn -0.960461 0.274030 0.049223
vn -0.643366 0.330166 0.690703
vn -0.964893 0.184348 0.187074
vn -0.964893 0.184348 0.187074
vn -0.643366 0.330166 0.690703
vn -0.658581 0.339348 0.671650
vn -0.961948 0.270810 0.036315
vn -0.960461 0.274030 0.049223
vn -0.964893 0.184348 0.187074
vn -0.964893 0.184348 0.187074
vn -0.658581 0.339348 0.671650
vn -0.936732 0.155229 0.313745
vn -0.961948 0.270810 0.036315
vn -0.964893 0.184348 0.187074
vn -0.975242 0.166185 0.145896
vn -0.975242 0.166185 0.145896
vn -0.964893 0.184348 0.187074
vn -0.936732 0.155229 0.313745
vn -0.964036 0.264330 0.027658
vn -0.961948 0.270810 0.036315
vn -0.975242 0.166185 0.145896
vn -0.975242 0.166185 0.145896
vn -0.936732 0.155229 0.313745
vn -0.975120 0.086722 0.204013
vn -0.964036 0.264330 0.027658
vn -0.975242 0.166185 0.145896
vn -0.983385 0.153378 0.097103
vn -0.983385 0.153378 0.097103
vn -0.975242 0.166185 0.145896
vn -0.975120 0.086722 0.204013
vn -0.853294 -0.182007 -0.488634
vn -0.964036 0.264330 0.027658
vn -0.983385 0.153378 0.097103
vn -0.983385 0.153378 0.097103
vn -0.975120 0.086722 0.204013
vn -0.998518 0.031664 0.044273
vn -0.853294 -0.182007 -0.488634
vn -0.983385 0.153378 0.097103
vn -0.803271 -0.293849 -0.518081
vn -0.803271 -0.293849 -0.518081
vn -0.983385 0.153378 0.097103
vn -0.998518 0.031664 0.044273
vn -0.803271 -0.293849 -0.518081
vn -0.998518 0.031664 0.044273
vn -0.674492 -0.343805 -0.653344
vn -0.658581 0.339348 0.671650
vn 0.637549 0.185915 0.747641
vn 0.432905 0.164998 0.886210
vn -0.658581 0.339348 0.671650
vn 0.432905 0.164998 0.886210
vn -0.447495 0.601601 0.661683
vn -0.936732 0.155229 0.313745
vn -0.658581 0.339348 0.671650
vn -0.447495 0.601601 0.661683
vn -0.936732 0.155229 0.313745
vn -0.447495 0.601601 0.661683
vn -0.916003 0.334506 0.221460
vn -0.975120 0.086722 0.204013
vn -0.936732 0.155229 0.313745
vn -0.916003 0.334506 0.221460
vn -0.975120 0.086722 0.204013
vn -0.916003 0.334506 0.221460
vn -0.974624 0.223806 -0.004407
vn -0.998518 0.031664 0.044273
vn -0.975120 0.086722 0.204013
vn -0.974624 0.223806 -0.004407
vn -0.998518 0.031664 0.044273
vn -0.974624 0.223806 -0.004407
vn -0.959625 0.104577 -0.261118
vn -0.674492 -0.343805 -0.653344
vn -0.998518 0.031664 0.044273
vn -0.959625 0.104577 -0.261118
vn -0.674492 -0.343805 -0.653344
vn -0.959625 0.104577 -0.261118
vn -0.345204 -0.275894 -0.897060
vn -0.345204 -0.275894 -0.897060
vn 0.658441 -0.482632 -0.577513
vn -0.674492 -0.343805 -0.653344
vn -0.345204 -0.275894 -0.897060
vn 0.632364 -0.601208 -0.488533
vn 0.658441 -0.482632 -0.577513
vn 0.432905 0.164998 0.886210
vn 0.658441 -0.482632 -0.577513
vn 0.632364 -0.601208 -0.488533
vn 0.432905 0.164998 0.886210
vn 0.637549 0.185915 0.747641
vn 0.658441 -0.482632 -0.577513
vn 0.598546 -0.760173 -0.252744
vn 0.432905 0.164998 0.886210
vn 0.632364 -0.601208 -0.488533
vn 0.598546 -0.760173 -0.252744
vn 0.457907 0.086809 0.884751
vn 0.432905 0.164998 0.886210
s off
g corn_stalk group40
usemtl corn_stalkSG
f 1/1/1 3/3/2 2/2/3
f 1/1/4 2/2/5 4/4/6
f 5/5/7 1/1/8 4/4/9
f 4/4/10 2/2/11 6/6/12
f 5/5/13 4/4/14 7/7/15
f 8/8/16 5/5/17 7/7/18
f 4/4/19 6/6/20 9/9/21
f 7/7/22 4/4/23 9/9/24
f 9/9/25 6/6/26 10/10/27
f 9/9/28 10/10/29 11/11/30
f 12/12/31 9/9/32 11/11/33
f 7/7/34 9/9/35 12/12/36
f 12/12/37 11/11/38 13/13/39
f 8/8/40 7/7/41 14/14/42
f 14/14/43 7/7/44 12/12/45
f 14/14/46 15/15/47 8/8/48
f 16/16/49 12/12/50 13/13/51
f 14/14/52 12/12/53 16/16/54
f 16/16/55 13/13/56 17/17/57
f 14/14/58 18/18/59 15/15/60
f 16/16/61 18/18/62 14/14/63
f 18/18/64 19/19/65 15/15/66
f 17/17/67 20/20/68 16/16/69
f 16/16/70 20/20/71 18/18/72
f 17/17/73 21/21/74 20/20/75
f 18/18/76 22/22/77 19/19/78
f 20/20/79 22/22/80 18/18/81
f 22/22/82 23/23/83 19/19/84
f 22/22/85 24/24/86 23/23/87
f 21/21/88 25/25/89 20/20/90
f 20/20/91 25/25/92 22/22/93
f 25/25/94 24/24/95 22/22/96
f 21/21/97 26/26/98 25/25/99
f 25/25/100 27/27/101 24/24/102
f 26/26/103 27/27/104 25/25/105
f 26/26/106 28/28/107 27/27/108
f 11/29/109 10/31/110 29/30/111
f 11/29/112 29/30/113 30/32/114
f 30/32/115 29/30/116 31/33/117
f 13/34/118 11/29/119 30/32/120
f 30/32/121 31/33/122 32/35/123
f 13/34/124 30/32/125 33/36/126
f 33/36/127 30/32/128 32/35/129
f 17/37/130 13/34/131 33/36/132
f 33/36/133 32/35/134 34/38/135
f 17/37/136 33/36/137 35/39/138
f 35/39/139 33/36/140 34/38/141
f 35/39/142 21/40/143 17/37/144
f 35/39/145 34/38/146 36/41/147
f 35/39/148 37/42/149 21/40/150
f 36/41/151 37/42/152 35/39/153
f 37/42/154 26/43/155 21/40/156
f 36/41/157 38/44/158 37/42/159
f 37/42/160 39/45/161 26/43/162
f 38/44/163 39/45/164 37/42/165
f 39/45/166 28/46/167 26/43/168
f 38/44/169 40/47/170 39/45/171
f 39/45/172 41/48/173 28/46/174
f 40/47/175 41/48/176 39/45/177
f 40/47/178 42/49/179 41/48/180
f 32/50/181 31/52/182 43/51/183
f 32/50/184 43/51/185 44/53/186
f 44/53/187 43/51/188 3/54/189
f 34/55/190 32/50/191 44/53/192
f 44/53/193 3/54/194 1/56/195
f 34/55/196 44/53/197 45/57/198
f 45/57/199 44/53/200 1/56/201
f 36/58/202 34/55/203 45/57/204
f 45/57/205 1/56/206 5/59/207
f 36/58/208 45/57/209 46/60/210
f 46/60/211 45/57/212 5/59/213
f 46/60/214 38/61/215 36/58/216
f 46/60/217 5/59/218 8/62/219
f 46/60/220 47/63/221 38/61/222
f 8/62/223 47/63/224 46/60/225
f 47/63/226 40/64/227 38/61/228
f 8/62/229 15/65/230 47/63/231
f 47/63/232 48/66/233 40/64/234
f 15/65/235 48/66/236 47/63/237
f 48/66/238 42/67/239 40/64/240
f 15/65/241 19/68/242 48/66/243
f 48/66/244 49/69/245 42/67/246
f 19/68/247 49/69/248 48/66/249
f 19/68/250 23/70/251 49/69/252
f 3/71/253 6/73/254 2/72/255
f 6/73/256 3/71/257 43/74/258
f 6/73/259 43/74/260 10/75/261
f 10/75/262 43/74/263 31/76/264
f 10/75/265 31/76/266 29/77/267
f 27/78/268 23/80/269 24/79/270
f 23/80/271 27/78/272 49/81/273
f 49/81/274 27/78/275 28/82/276
f 49/81/277 28/82/278 42/83/279
f 42/83/280 28/82/281 41/84/282
f 50/85/283 52/87/284 51/86/285
f 50/85/286 53/88/287 52/87/288
f 53/88/289 54/89/290 52/87/291
f 53/88/292 55/90/293 54/89/294
f 55/90/295 56/91/296 54/89/297
f 55/90/298 57/92/299 56/91/300
f 57/92/301 58/93/302 56/91/303
f 57/92/304 59/94/305 58/93/306
f 59/94/307 60/95/308 58/93/309
f 59/94/310 61/96/311 60/95/312
f 56/91/313 58/93/314 62/97/315
f 54/89/316 56/91/317 62/97/318
f 52/87/319 54/89/320 63/98/321
f 54/89/322 62/97/323 63/98/324
f 52/87/325 63/98/326 64/99/327
f 51/100/328 52/87/329 64/99/330
f 62/97/331 65/101/332 63/98/333
f 62/97/334 66/102/335 65/101/336
f 58/103/337 66/102/338 62/97/339
f 58/103/340 60/104/341 66/102/342
f 67/105/343 53/107/344 50/106/345
f 67/105/346 68/108/347 53/107/348
f 68/108/349 55/109/350 53/107/351
f 68/108/352 69/110/353 55/109/354
f 69/110/355 57/111/356 55/109/357
f 69/110/358 70/112/359 57/111/360
f 70/112/361 59/113/362 57/111/363
f 70/112/364 71/114/365 59/113/366
f 71/114/367 61/115/368 59/113/369
f 71/114/370 72/116/371 61/115/372
f 64/117/373 73/119/374 51/118/375
f 64/117/376 74/120/377 73/119/378
f 63/121/379 74/120/380 64/117/381
f 63/121/382 65/122/383 74/120/384
f 74/120/385 65/122/386 66/123/387
f 66/123/388 73/124/389 74/120/390
f 73/124/391 66/123/392 60/125/393
f 75/126/394 77/128/395 76/127/396
f 77/128/397 75/126/398 78/129/399
f 77/128/400 78/129/401 79/130/402
f 79/130/403 78/129/404 80/131/405
f 81/132/406 80/131/407 78/129/408
f 81/132/409 78/129/410 82/133/411
f 82/133/412 78/129/413 75/126/414
f 82/133/415 75/126/416 83/134/417
f 84/135/418 60/137/419 61/136/420
f 84/135/421 73/138/422 60/137/423
f 51/139/424 73/138/425 84/135/426
f 51/139/427 84/135/428 50/140/429
f 50/141/430 85/143/431 67/142/432
f 50/141/433 84/144/434 85/143/435
f 86/145/436 76/147/437 77/146/438
f 86/145/439 77/146/440 87/148/441
f 87/148/442 77/146/443 79/149/444
f 88/150/445 86/145/446 87/148/447
f 87/148/448 79/149/449 89/151/450
f 88/150/451 87/148/452 90/152/453
f 90/152/454 87/148/455 89/151/456
f 91/153/457 88/150/458 90/152/459
f 90/152/460 89/151/461 92/154/462
f 91/153/463 90/152/464 93/155/465
f 93/155/466 90/152/467 92/154/468
f 94/156/469 91/153/470 93/155/471
f 93/155/472 92/154/473 95/157/474
f 94/156/475 93/155/476 96/158/477
f 96/158/478 93/155/479 95/157/480
f 83/159/481 94/156/482 96/158/483
f 96/158/484 95/157/485 97/160/486
f 83/159/487 96/158/488 82/161/489
f 82/161/490 96/158/491 97/160/492
f 82/161/493 97/160/494 81/162/495
f 89/163/496 79/165/497 72/164/498
f 89/163/499 72/164/500 71/166/501
f 92/167/502 89/163/503 71/166/504
f 92/167/505 71/166/506 70/168/507
f 95/169/508 92/167/509 70/168/510
f 95/169/511 70/168/512 69/170/513
f 97/171/514 95/169/515 69/170/516
f 97/171/517 69/170/518 68/172/519
f 81/173/520 97/171/521 68/172/522
f 81/173/523 68/172/524 67/174/525
f 67/175/526 80/177/527 81/176/528
f 67/175/529 85/178/530 80/177/531
f 72/179/532 80/181/533 85/180/534
f 72/179/535 79/182/536 80/181/537
f 84/183/538 72/185/539 85/184/540
f 84/183/541 61/186/542 72/185/543
f 98/187/544 100/189/545 99/188/546
f 98/187/547 101/190/548 100/189/549
f 101/190/550 102/191/551 100/189/552
f 101/190/553 103/192/554 102/191/555
f 103/192/556 104/193/557 102/191/558
f 103/192/559 105/194/560 104/193/561
f 105/194/562 106/195/563 104/193/564
f 105/194/565 107/196/566 106/195/567
f 107/196/568 108/197/569 106/195/570
f 107/196/571 109/198/572 108/197/573
f 104/193/574 106/195/575 110/199/576
f 102/191/577 104/193/578 110/199/579
f 100/189/580 102/191/581 111/200/582
f 102/191/583 110/199/584 111/200/585
f 100/189/586 111/200/587 112/201/588
f 99/202/589 100/189/590 112/201/591
f 110/199/592 113/203/593 111/200/594
f 110/199/595 114/204/596 113/203/597
f 106/205/598 114/204/599 110/199/600
f 106/205/601 108/206/602 114/204/603
f 115/207/604 101/209/605 98/208/606
f 115/207/607 116/210/608 101/209/609
f 116/210/610 103/211/611 101/209/612
f 116/210/613 117/212/614 103/211/615
f 117/212/616 105/213/617 103/211/618
f 117/212/619 118/214/620 105/213/621
f 118/214/622 107/215/623 105/213/624
f 118/214/625 119/216/626 107/215/627
f 119/216/628 109/217/629 107/215/630
f 119/216/631 120/218/632 109/217/633
f 112/219/634 121/221/635 99/220/636
f 112/219/637 122/222/638 121/221/639
f 111/223/640 122/222/641 112/219/642
f 111/223/643 113/224/644 122/222/645
f 114/225/646 122/222/647 113/224/648
f 122/222/649 114/225/650 121/226/651
f 121/226/652 114/225/653 108/227/654
f 123/228/655 125/230/656 124/229/657
f 125/230/658 123/228/659 126/231/660
f 125/230/661 126/231/662 127/232/663
f 127/232/664 126/231/665 128/233/666
f 129/234/667 128/233/668 126/231/669
f 129/234/670 126/231/671 130/235/672
f 130/235/673 126/231/674 123/228/675
f 130/235/676 123/228/677 131/236/678
f 132/237/679 108/239/680 109/238/681
f 132/237/682 121/240/683 108/239/684
f 99/241/685 121/240/686 132/237/687
f 99/241/688 132/237/689 98/242/690
f 98/243/691 133/245/692 115/244/693
f 98/243/694 132/246/695 133/245/696
f 134/247/697 124/249/698 125/248/699
f 134/247/700 125/248/701 135/250/702
f 135/250/703 125/248/704 127/251/705
f 136/252/706 134/247/707 135/250/708
f 135/250/709 127/251/710 137/253/711
f 136/252/712 135/250/713 138/254/714
f 138/254/715 135/250/716 137/253/717
f 139/255/718 136/252/719 138/254/720
f 138/254/721 137/253/722 140/256/723
f 139/255/724 138/254/725 141/257/726
f 141/257/727 138/254/728 140/256/729
f 142/258/730 139/255/731 141/257/732
f 141/257/733 140/256/734 143/259/735
f 142/258/736 141/257/737 144/260/738
f 144/260/739 141/257/740 143/259/741
f 131/261/742 142/258/743 144/260/744
f 144/260/745 143/259/746 145/262/747
f 131/261/748 144/260/749 130/263/750
f 130/263/751 144/260/752 145/262/753
f 130/263/754 145/262/755 129/264/756
f 137/265/757 127/267/758 120/266/759
f 137/265/760 120/266/761 119/268/762
f 140/269/763 137/265/764 119/268/765
f 140/269/766 119/268/767 118/270/768
f 143/271/769 140/269/770 118/270/771
f 143/271/772 118/270/773 117/272/774
f 145/273/775 143/271/776 117/272/777
f 145/273/778 117/272/779 116/274/780
f 129/275/781 145/273/782 116/274/783
f 129/275/784 116/274/785 115/276/786
f 115/277/787 128/279/788 129/278/789
f 115/277/790 133/280/791 128/279/792
f 120/281/793 128/283/794 133/282/795
f 120/281/796 127/284/797 128/283/798
f 132/285/799 120/287/800 133/286/801
f 132/285/802 109/288/803 120/287/804
f 146/289/805 148/291/806 147/290/807
f 146/289/808 149/292/809 148/291/810
f 149/292/811 150/293/812 148/291/813
f 149/292/814 151/294/815 150/293/816
f 151/294/817 152/295/818 150/293/819
f 151/294/820 153/296/821 152/295/822
f 153/296/823 154/297/824 152/295/825
f 153/296/826 155/298/827 154/297/828
f 155/298/829 156/299/830 154/297/831
f 155/298/832 157/300/833 156/299/834
f 152/295/835 154/297/836 158/301/837
f 150/293/838 152/295/839 158/301/840
f 148/291/841 150/293/842 159/302/843
f 150/293/844 158/301/845 159/302/846
f 148/291/847 159/302/848 160/303/849
f 147/304/850 148/291/851 160/303/852
f 158/301/853 161/305/854 159/302/855
f 158/301/856 162/306/857 161/305/858
f 154/307/859 162/306/860 158/301/861
f 154/307/862 156/308/863 162/306/864
f 163/309/865 149/311/866 146/310/867
f 163/309/868 164/312/869 149/311/870
f 164/312/871 151/313/872 149/311/873
f 164/312/874 165/314/875 151/313/876
f 165/314/877 153/315/878 151/313/879
f 165/314/880 166/316/881 153/315/882
f 166/316/883 155/317/884 153/315/885
f 166/316/886 167/318/887 155/317/888
f 167/318/889 157/319/890 155/317/891
f 167/318/892 168/320/893 157/319/894
f 160/321/895 169/323/896 147/322/897
f 160/321/898 170/324/899 169/323/900
f 159/325/901 170/324/902 160/321/903
f 159/325/904 161/326/905 170/324/906
f 170/324/907 161/326/908 162/327/909
f 162/327/910 169/328/911 170/324/912
f 169/328/913 162/327/914 156/329/915
f 171/330/916 173/332/917 172/331/918
f 173/332/919 171/330/920 174/333/921
f 173/332/922 174/333/923 175/334/924
f 175/334/925 174/333/926 176/335/927
f 177/336/928 176/335/929 174/333/930
f 177/336/931 174/333/932 178/337/933
f 178/337/934 174/333/935 171/330/936
f 178/337/937 171/330/938 179/338/939
f 180/339/940 156/341/941 157/340/942
f 180/339/943 169/342/944 156/341/945
f 147/343/946 169/342/947 180/339/948
f 147/343/949 180/339/950 146/344/951
f 146/345/952 181/347/953 163/346/954
f 146/345/955 180/348/956 181/347/957
f 182/349/958 172/351/959 173/350/960
f 182/349/961 173/350/962 183/352/963
f 183/352/964 173/350/965 175/353/966
f 184/354/967 182/349/968 183/352/969
f 183/352/970 175/353/971 185/355/972
f 184/354/973 183/352/974 186/356/975
f 186/356/976 183/352/977 185/355/978
f 187/357/979 184/354/980 186/356/981
f 186/356/982 185/355/983 188/358/984
f 187/357/985 186/356/986 189/359/987
f 189/359/988 186/356/989 188/358/990
f 190/360/991 187/357/992 189/359/993
f 189/359/994 188/358/995 191/361/996
f 190/360/997 189/359/998 192/362/999
f 192/362/1000 189/359/1001 191/361/1002
f 179/363/1003 190/360/1004 192/362/1005
f 192/362/1006 191/361/1007 193/364/1008
f 179/363/1009 192/362/1010 178/365/1011
f 178/365/1012 192/362/1013 193/364/1014
f 178/365/1015 193/364/1016 177/366/1017
f 185/367/1018 175/369/1019 168/368/1020
f 185/367/1021 168/368/1022 167/370/1023
f 188/371/1024 185/367/1025 167/370/1026
f 188/371/1027 167/370/1028 166/372/1029
f 191/373/1030 188/371/1031 166/372/1032
f 191/373/1033 166/372/1034 165/374/1035
f 193/375/1036 191/373/1037 165/374/1038
f 193/375/1039 165/374/1040 164/376/1041
f 177/377/1042 193/375/1043 164/376/1044
f 177/377/1045 164/376/1046 163/378/1047
f 163/379/1048 176/381/1049 177/380/1050
f 163/379/1051 181/382/1052 176/381/1053
f 168/383/1054 176/385/1055 181/384/1056
f 168/383/1057 175/386/1058 176/385/1059
f 180/387/1060 168/389/1061 181/388/1062
f 180/387/1063 157/390/1064 168/389/1065
f 194/391/1066 196/393/1067 195/392/1068
f 194/391/1069 197/394/1070 196/393/1071
f 197/394/1072 198/395/1073 196/393/1074
f 197/394/1075 199/396/1076 198/395/1077
f 199/396/1078 200/397/1079 198/395/1080
f 199/396/1081 201/398/1082 200/397/1083
f 201/398/1084 202/399/1085 200/397/1086
f 201/398/1087 203/400/1088 202/399/1089
f 203/400/1090 204/401/1091 202/399/1092
f 203/400/1093 205/402/1094 204/401/1095
f 200/397/1096 202/399/1097 206/403/1098
f 198/395/1099 200/397/1100 206/403/1101
f 196/393/1102 198/395/1103 207/404/1104
f 198/395/1105 206/403/1106 207/404/1107
f 196/393/1108 207/404/1109 208/405/1110
f 195/406/1111 196/393/1112 208/405/1113
f 206/403/1114 209/407/1115 207/404/1116
f 206/403/1117 210/408/1118 209/407/1119
f 202/409/1120 210/408/1121 206/403/1122
f 202/409/1123 204/410/1124 210/408/1125
f 211/411/1126 197/413/1127 194/412/1128
f 211/411/1129 212/414/1130 197/413/1131
f 212/414/1132 199/415/1133 197/413/1134
f 212/414/1135 213/416/1136 199/415/1137
f 213/416/1138 201/417/1139 199/415/1140
f 213/416/1141 214/418/1142 201/417/1143
f 214/418/1144 203/419/1145 201/417/1146
f 214/418/1147 215/420/1148 203/419/1149
f 215/420/1150 205/421/1151 203/419/1152
f 215/420/1153 216/422/1154 205/421/1155
f 208/423/1156 217/425/1157 195/424/1158
f 208/423/1159 218/426/1160 217/425/1161
f 207/427/1162 218/426/1163 208/423/1164
f 207/427/1165 209/428/1166 218/426/1167
f 210/429/1168 218/426/1169 209/428/1170
f 210/429/1171 217/430/1172 218/426/1173
f 217/430/1174 210/429/1175 204/431/1176
f 219/432/1177 221/434/1178 220/433/1179
f 221/434/1180 219/432/1181 222/435/1182
f 221/434/1183 222/435/1184 223/436/1185
f 223/436/1186 222/435/1187 224/437/1188
f 225/438/1189 224/437/1190 222/435/1191
f 225/438/1192 222/435/1193 226/439/1194
f 226/439/1195 222/435/1196 219/432/1197
f 226/439/1198 219/432/1199 227/440/1200
f 228/441/1201 204/443/1202 205/442/1203
f 228/441/1204 217/444/1205 204/443/1206
f 195/445/1207 217/444/1208 228/441/1209
f 195/445/1210 228/441/1211 194/446/1212
f 194/447/1213 229/449/1214 211/448/1215
f 194/447/1216 228/450/1217 229/449/1218
f 230/451/1219 220/453/1220 221/452/1221
f 230/451/1222 221/452/1223 231/454/1224
f 231/454/1225 221/452/1226 223/455/1227
f 232/456/1228 230/451/1229 231/454/1230
f 231/454/1231 223/455/1232 233/457/1233
f 232/456/1234 231/454/1235 234/458/1236
f 234/458/1237 231/454/1238 233/457/1239
f 235/459/1240 232/456/1241 234/458/1242
f 234/458/1243 233/457/1244 236/460/1245
f 235/459/1246 234/458/1247 237/461/1248
f 237/461/1249 234/458/1250 236/460/1251
f 238/462/1252 235/459/1253 237/461/1254
f 237/461/1255 236/460/1256 239/463/1257
f 238/462/1258 237/461/1259 240/464/1260
f 240/464/1261 237/461/1262 239/463/1263
f 227/465/1264 238/462/1265 240/464/1266
f 240/464/1267 239/463/1268 241/466/1269
f 227/465/1270 240/464/1271 226/467/1272
f 226/467/1273 240/464/1274 241/466/1275
f 226/467/1276 241/466/1277 225/468/1278
f 233/469/1279 223/471/1280 216/470/1281
f 233/469/1282 216/470/1283 215/472/1284
f 236/473/1285 233/469/1286 215/472/1287
f 236/473/1288 215/472/1289 214/474/1290
f 239/475/1291 236/473/1292 214/474/1293
f 239/475/1294 214/474/1295 213/476/1296
f 241/477/1297 239/475/1298 213/476/1299
f 241/477/1300 213/476/1301 212/478/1302
f 225/479/1303 241/477/1304 212/478/1305
f 225/479/1306 212/478/1307 211/480/1308
f 211/481/1309 224/483/1310 225/482/1311
f 211/481/1312 229/484/1313 224/483/1314
f 216/485/1315 224/487/1316 229/486/1317
f 216/485/1318 223/488/1319 224/487/1320
f 228/489/1321 216/491/1322 229/490/1323
f 228/489/1324 205/492/1325 216/491/1326
f 242/493/1327 244/495/1328 243/494/1329
f 242/493/1330 245/496/1331 244/495/1332
f 245/496/1333 246/497/1334 244/495/1335
f 245/496/1336 247/498/1337 246/497/1338
f 247/498/1339 248/499/1340 246/497/1341
f 247/498/1342 249/500/1343 248/499/1344
f 249/500/1345 250/501/1346 248/499/1347
f 249/500/1348 251/502/1349 250/501/1350
f 251/502/1351 252/503/1352 250/501/1353
f 251/502/1354 253/504/1355 252/503/1356
f 248/499/1357 250/501/1358 254/505/1359
f 246/497/1360 248/499/1361 254/505/1362
f 244/495/1363 246/497/1364 255/506/1365
f 246/497/1366 254/505/1367 255/506/1368
f 244/495/1369 255/506/1370 256/507/1371
f 243/508/1372 244/495/1373 256/507/1374
f 254/505/1375 257/509/1376 255/506/1377
f 254/505/1378 258/510/1379 257/509/1380
f 250/511/1381 258/510/1382 254/505/1383
f 250/511/1384 252/512/1385 258/510/1386
f 259/513/1387 245/515/1388 242/514/1389
f 259/513/1390 260/516/1391 245/515/1392
f 260/516/1393 247/517/1394 245/515/1395
f 260/516/1396 261/518/1397 247/517/1398
f 261/518/1399 249/519/1400 247/517/1401
f 261/518/1402 262/520/1403 249/519/1404
f 262/520/1405 251/521/1406 249/519/1407
f 262/520/1408 263/522/1409 251/521/1410
f 263/522/1411 253/523/1412 251/521/1413
f 263/522/1414 264/524/1415 253/523/1416
f 256/525/1417 265/527/1418 243/526/1419
f 256/525/1420 266/528/1421 265/527/1422
f 255/529/1423 266/528/1424 256/525/1425
f 255/529/1426 257/530/1427 266/528/1428
f 258/531/1429 266/528/1430 257/530/1431
f 266/528/1432 258/531/1433 265/532/1434
f 265/532/1435 258/531/1436 252/533/1437
f 267/534/1438 269/536/1439 268/535/1440
f 269/536/1441 267/534/1442 270/537/1443
f 269/536/1444 270/537/1445 271/538/1446
f 271/538/1447 270/537/1448 272/539/1449
f 273/540/1450 269/536/1451 271/538/1452
f 273/540/1453 271/538/1454 274/541/1455
f 274/541/1456 271/538/1457 272/539/1458
f 274/541/1459 272/539/1460 275/542/1461
f 264/543/1462 269/536/1463 276/544/1464
f 264/543/1465 268/545/1466 269/536/1467
f 277/546/1468 252/548/1469 253/547/1470
f 277/546/1471 265/549/1472 252/548/1473
f 243/550/1474 265/549/1475 277/546/1476
f 243/550/1477 277/546/1478 242/551/1479
f 242/552/1480 276/554/1481 259/553/1482
f 242/552/1483 277/555/1484 276/554/1485
f 278/556/1486 270/558/1487 267/557/1488
f 278/556/1489 267/557/1490 279/559/1491
f 279/559/1492 267/557/1493 268/560/1494
f 280/561/1495 278/556/1496 279/559/1497
f 279/559/1498 268/560/1499 281/562/1500
f 280/561/1501 279/559/1502 282/563/1503
f 282/563/1504 279/559/1505 281/562/1506
f 283/564/1507 280/561/1508 282/563/1509
f 282/563/1510 281/562/1511 284/565/1512
f 283/564/1513 282/563/1514 285/566/1515
f 285/566/1516 282/563/1517 284/565/1518
f 286/567/1519 283/564/1520 285/566/1521
f 285/566/1522 284/565/1523 287/568/1524
f 286/567/1525 285/566/1526 288/569/1527
f 288/569/1528 285/566/1529 287/568/1530
f 275/570/1531 286/567/1532 288/569/1533
f 288/569/1534 287/568/1535 289/571/1536
f 275/570/1537 288/569/1538 274/572/1539
f 274/572/1540 288/569/1541 289/571/1542
f 274/572/1543 289/571/1544 273/573/1545
f 281/574/1546 268/576/1547 264/575/1548
f 281/574/1549 264/575/1550 263/577/1551
f 284/578/1552 281/574/1553 263/577/1554
f 284/578/1555 263/577/1556 262/579/1557
f 287/580/1558 284/578/1559 262/579/1560
f 287/580/1561 262/579/1562 261/581/1563
f 289/582/1564 287/580/1565 261/581/1566
f 289/582/1567 261/581/1568 260/583/1569
f 273/584/1570 289/582/1571 260/583/1572
f 273/584/1573 260/583/1574 259/585/1575
f 259/586/1576 269/588/1577 273/587/1578
f 259/586/1579 276/589/1580 269/588/1581
f 277/590/1582 264/592/1583 276/591/1584
f 277/590/1585 253/593/1586 264/592/1587
f 290/594/1588 292/596/1589 291/595/1590
f 290/594/1591 293/597/1592 292/596/1593
f 293/597/1594 294/598/1595 292/596/1596
f 293/597/1597 295/599/1598 294/598/1599
f 295/599/1600 296/600/1601 294/598/1602
f 295/599/1603 297/601/1604 296/600/1605
f 297/601/1606 298/602/1607 296/600/1608
f 297/601/1609 299/603/1610 298/602/1611
f 299/603/1612 300/604/1613 298/602/1614
f 299/603/1615 301/605/1616 300/604/1617
f 296/600/1618 298/602/1619 302/606/1620
f 294/598/1621 296/600/1622 302/606/1623
f 292/596/1624 294/598/1625 303/607/1626
f 294/598/1627 302/606/1628 303/607/1629
f 292/596/1630 303/607/1631 304/608/1632
f 291/609/1633 292/596/1634 304/608/1635
f 302/606/1636 305/610/1637 303/607/1638
f 302/606/1639 306/611/1640 305/610/1641
f 298/612/1642 306/611/1643 302/606/1644
f 298/612/1645 300/613/1646 306/611/1647
f 307/614/1648 293/616/1649 290/615/1650
f 307/614/1651 308/617/1652 293/616/1653
f 308/617/1654 295/618/1655 293/616/1656
f 308/617/1657 309/619/1658 295/618/1659
f 309/619/1660 297/620/1661 295/618/1662
f 309/619/1663 310/621/1664 297/620/1665
f 310/621/1666 299/622/1667 297/620/1668
f 310/621/1669 311/623/1670 299/622/1671
f 311/623/1672 301/624/1673 299/622/1674
f 311/623/1675 312/625/1676 301/624/1677
f 304/626/1678 313/628/1679 291/627/1680
f 304/626/1681 314/629/1682 313/628/1683
f 303/630/1684 314/629/1685 304/626/1686
f 303/630/1687 305/631/1688 314/629/1689
f 314/629/1690 305/631/1691 306/632/1692
f 306/632/1693 313/633/1694 314/629/1695
f 313/633/1696 306/632/1697 300/634/1698
f 315/635/1699 317/637/1700 316/636/1701
f 317/637/1702 315/635/1703 318/638/1704
f 317/637/1705 318/638/1706 319/639/1707
f 319/639/1708 318/638/1709 320/640/1710
f 321/641/1711 320/640/1712 318/638/1713
f 321/641/1714 318/638/1715 322/642/1716
f 322/642/1717 318/638/1718 315/635/1719
f 322/642/1720 315/635/1721 323/643/1722
f 324/644/1723 300/646/1724 301/645/1725
f 324/644/1726 313/647/1727 300/646/1728
f 291/648/1729 313/647/1730 324/644/1731
f 291/648/1732 324/644/1733 290/649/1734
f 290/650/1735 325/652/1736 307/651/1737
f 290/650/1738 324/653/1739 325/652/1740
f 326/654/1741 316/656/1742 317/655/1743
f 326/654/1744 317/655/1745 327/657/1746
f 327/657/1747 317/655/1748 319/658/1749
f 328/659/1750 326/654/1751 327/657/1752
f 327/657/1753 319/658/1754 329/660/1755
f 328/659/1756 327/657/1757 330/661/1758
f 330/661/1759 327/657/1760 329/660/1761
f 331/662/1762 328/659/1763 330/661/1764
f 330/661/1765 329/660/1766 332/663/1767
f 331/662/1768 330/661/1769 333/664/1770
f 333/664/1771 330/661/1772 332/663/1773
f 334/665/1774 331/662/1775 333/664/1776
f 333/664/1777 332/663/1778 335/666/1779
f 334/665/1780 333/664/1781 336/667/1782
f 336/667/1783 333/664/1784 335/666/1785
f 323/668/1786 334/665/1787 336/667/1788
f 336/667/1789 335/666/1790 337/669/1791
f 323/668/1792 336/667/1793 322/670/1794
f 322/670/1795 336/667/1796 337/669/1797
f 322/670/1798 337/669/1799 321/671/1800
f 329/672/1801 319/674/1802 312/673/1803
f 329/672/1804 312/673/1805 311/675/1806
f 332/676/1807 329/672/1808 311/675/1809
f 332/676/1810 311/675/1811 310/677/1812
f 335/678/1813 332/676/1814 310/677/1815
f 335/678/1816 310/677/1817 309/679/1818
f 337/680/1819 335/678/1820 309/679/1821
f 337/680/1822 309/679/1823 308/681/1824
f 321/682/1825 337/680/1826 308/681/1827
f 321/682/1828 308/681/1829 307/683/1830
f 307/684/1831 320/686/1832 321/685/1833
f 307/684/1834 325/687/1835 320/686/1836
f 312/688/1837 320/690/1838 325/689/1839
f 312/688/1840 319/691/1841 320/690/1842
f 324/692/1843 312/694/1844 325/693/1845
f 324/692/1846 301/695/1847 312/694/1848
f 338/696/1849 340/698/1850 339/697/1851
f 338/696/1852 341/699/1853 340/698/1854
f 341/699/1855 342/700/1856 340/698/1857
f 341/699/1858 343/701/1859 342/700/1860
f 343/701/1861 344/702/1862 342/700/1863
f 343/701/1864 345/703/1865 344/702/1866
f 345/703/1867 346/704/1868 344/702/1869
f 345/703/1870 347/705/1871 346/704/1872
f 347/705/1873 348/706/1874 346/704/1875
f 347/705/1876 349/707/1877 348/706/1878
f 344/702/1879 346/704/1880 350/708/1881
f 342/700/1882 344/702/1883 350/708/1884
f 340/698/1885 342/700/1886 351/709/1887
f 342/700/1888 350/708/1889 351/709/1890
f 340/698/1891 351/709/1892 352/710/1893
f 339/711/1894 340/698/1895 352/710/1896
f 350/708/1897 353/712/1898 351/709/1899
f 350/708/1900 354/713/1901 353/712/1902
f 346/714/1903 354/713/1904 350/708/1905
f 346/714/1906 348/715/1907 354/713/1908
f 355/716/1909 341/718/1910 338/717/1911
f 355/716/1912 356/719/1913 341/718/1914
f 356/719/1915 343/720/1916 341/718/1917
f 356/719/1918 357/721/1919 343/720/1920
f 357/721/1921 345/722/1922 343/720/1923
f 357/721/1924 358/723/1925 345/722/1926
f 358/723/1927 347/724/1928 345/722/1929
f 358/723/1930 359/725/1931 347/724/1932
f 359/725/1933 349/726/1934 347/724/1935
f 359/725/1936 360/727/1937 349/726/1938
f 352/728/1939 361/730/1940 339/729/1941
f 352/728/1942 362/731/1943 361/730/1944
f 351/732/1945 362/731/1946 352/728/1947
f 351/732/1948 353/733/1949 362/731/1950
f 354/734/1951 362/731/1952 353/733/1953
f 348/735/1954 362/731/1955 354/734/1956
f 362/731/1957 348/735/1958 361/736/1959
f 363/737/1960 365/739/1961 364/738/1962
f 365/739/1963 363/737/1964 366/740/1965
f 365/739/1966 366/740/1967 367/741/1968
f 367/741/1969 366/740/1970 368/742/1971
f 369/743/1972 368/742/1973 366/740/1974
f 369/743/1975 366/740/1976 370/744/1977
f 370/744/1978 366/740/1979 363/737/1980
f 370/744/1981 363/737/1982 371/745/1983
f 372/746/1984 348/748/1985 349/747/1986
f 372/746/1987 361/749/1988 348/748/1989
f 339/750/1990 361/749/1991 372/746/1992
f 339/750/1993 372/746/1994 338/751/1995
f 338/752/1996 373/754/1997 355/753/1998
f 338/752/1999 372/755/2000 373/754/2001
f 374/756/2002 364/758/2003 365/757/2004
f 374/756/2005 365/757/2006 375/759/2007
f 375/759/2008 365/757/2009 367/760/2010
f 376/761/2011 374/756/2012 375/759/2013
f 375/759/2014 367/760/2015 377/762/2016
f 376/761/2017 375/759/2018 378/763/2019
f 378/763/2020 375/759/2021 377/762/2022
f 379/764/2023 376/761/2024 378/763/2025
f 378/763/2026 377/762/2027 380/765/2028
f 379/764/2029 378/763/2030 381/766/2031
f 381/766/2032 378/763/2033 380/765/2034
f 382/767/2035 379/764/2036 381/766/2037
f 381/766/2038 380/765/2039 383/768/2040
f 382/767/2041 381/766/2042 384/769/2043
f 384/769/2044 381/766/2045 383/768/2046
f 371/770/2047 382/767/2048 384/769/2049
f 384/769/2050 383/768/2051 385/771/2052
f 371/770/2053 384/769/2054 370/772/2055
f 370/772/2056 384/769/2057 385/771/2058
f 370/772/2059 385/771/2060 369/773/2061
f 377/774/2062 367/776/2063 360/775/2064
f 377/774/2065 360/775/2066 359/777/2067
f 380/778/2068 377/774/2069 359/777/2070
f 380/778/2071 359/777/2072 358/779/2073
f 383/780/2074 380/778/2075 358/779/2076
f 383/780/2077 358/779/2078 357/781/2079
f 385/782/2080 383/780/2081 357/781/2082
f 385/782/2083 357/781/2084 356/783/2085
f 369/784/2086 385/782/2087 356/783/2088
f 369/784/2089 356/783/2090 355/785/2091
f 355/786/2092 368/788/2093 369/787/2094
f 355/786/2095 373/789/2096 368/788/2097
f 360/790/2098 368/792/2099 373/791/2100
f 360/790/2101 367/793/2102 368/792/2103
f 372/794/2104 360/796/2105 373/795/2106
f 372/794/2107 349/797/2108 360/796/2109
f 386/798/2110 388/800/2111 387/799/2112
f 386/798/2113 389/801/2114 388/800/2115
f 389/801/2116 390/802/2117 388/800/2118
f 389/801/2119 391/803/2120 390/802/2121
f 391/803/2122 392/804/2123 390/802/2124
f 391/803/2125 393/805/2126 392/804/2127
f 393/805/2128 394/806/2129 392/804/2130
f 393/805/2131 395/807/2132 394/806/2133
f 395/807/2134 396/808/2135 394/806/2136
f 395/807/2137 397/809/2138 396/808/2139
f 392/804/2140 394/806/2141 398/810/2142
f 390/802/2143 392/804/2144 398/810/2145
f 388/800/2146 390/802/2147 399/811/2148
f 390/802/2149 398/810/2150 399/811/2151
f 388/800/2152 399/811/2153 400/812/2154
f 387/813/2155 388/800/2156 400/812/2157
f 398/810/2158 401/814/2159 399/811/2160
f 398/810/2161 402/815/2162 401/814/2163
f 394/816/2164 402/815/2165 398/810/2166
f 394/816/2167 396/817/2168 402/815/2169
f 403/818/2170 389/820/2171 386/819/2172
f 403/818/2173 404/821/2174 389/820/2175
f 404/821/2176 391/822/2177 389/820/2178
f 404/821/2179 405/823/2180 391/822/2181
f 405/823/2182 393/824/2183 391/822/2184
f 405/823/2185 406/825/2186 393/824/2187
f 406/825/2188 395/826/2189 393/824/2190
f 406/825/2191 407/827/2192 395/826/2193
f 407/827/2194 397/828/2195 395/826/2196
f 407/827/2197 408/829/2198 397/828/2199
f 400/830/2200 409/832/2201 387/831/2202
f 400/830/2203 410/833/2204 409/832/2205
f 399/834/2206 410/833/2207 400/830/2208
f 399/834/2209 401/835/2210 410/833/2211
f 402/836/2212 410/833/2213 401/835/2214
f 410/833/2215 402/836/2216 396/837/2217
f 410/833/2218 396/837/2219 409/838/2220
f 411/839/2221 413/841/2222 412/840/2223
f 414/842/2224 413/841/2225 411/839/2226
f 414/842/2227 415/843/2228 413/841/2229
f 415/843/2230 414/842/2231 416/844/2232
f 417/845/2233 413/841/2234 415/843/2235
f 417/845/2236 415/843/2237 418/846/2238
f 418/846/2239 415/843/2240 416/844/2241
f 418/846/2242 416/844/2243 419/847/2244
f 408/848/2245 413/841/2246 420/849/2247
f 408/848/2248 412/850/2249 413/841/2250
f 421/851/2251 396/853/2252 397/852/2253
f 421/851/2254 409/854/2255 396/853/2256
f 387/855/2257 409/854/2258 421/851/2259
f 387/855/2260 421/851/2261 386/856/2262
f 386/857/2263 420/859/2264 403/858/2265
f 386/857/2266 421/860/2267 420/859/2268
f 422/861/2269 414/863/2270 411/862/2271
f 422/861/2272 411/862/2273 423/864/2274
f 423/864/2275 411/862/2276 412/865/2277
f 424/866/2278 422/861/2279 423/864/2280
f 423/864/2281 412/865/2282 425/867/2283
f 424/866/2284 423/864/2285 426/868/2286
f 426/868/2287 423/864/2288 425/867/2289
f 427/869/2290 424/866/2291 426/868/2292
f 426/868/2293 425/867/2294 428/870/2295
f 427/869/2296 426/868/2297 429/871/2298
f 429/871/2299 426/868/2300 428/870/2301
f 430/872/2302 427/869/2303 429/871/2304
f 429/871/2305 428/870/2306 431/873/2307
f 430/872/2308 429/871/2309 432/874/2310
f 432/874/2311 429/871/2312 431/873/2313
f 419/875/2314 430/872/2315 432/874/2316
f 432/874/2317 431/873/2318 433/876/2319
f 419/875/2320 432/874/2321 418/877/2322
f 418/877/2323 432/874/2324 433/876/2325
f 418/877/2326 433/876/2327 417/878/2328
f 425/879/2329 412/881/2330 408/880/2331
f 425/879/2332 408/880/2333 407/882/2334
f 428/883/2335 425/879/2336 407/882/2337
f 428/883/2338 407/882/2339 406/884/2340
f 431/885/2341 428/883/2342 406/884/2343
f 431/885/2344 406/884/2345 405/886/2346
f 433/887/2347 431/885/2348 405/886/2349
f 433/887/2350 405/886/2351 404/888/2352
f 417/889/2353 433/887/2354 404/888/2355
f 417/889/2356 404/888/2357 403/890/2358
f 403/891/2359 413/893/2360 417/892/2361
f 403/891/2362 420/894/2363 413/893/2364
f 421/895/2365 408/897/2366 420/896/2367
f 421/895/2368 397/898/2369 408/897/2370
f 434/899/2371 436/901/2372 435/900/2373
f 434/899/2374 437/902/2375 436/901/2376
f 437/902/2377 438/903/2378 436/901/2379
f 437/902/2380 439/904/2381 438/903/2382
f 439/904/2383 440/905/2384 438/903/2385
f 439/904/2386 441/906/2387 440/905/2388
f 441/906/2389 442/907/2390 440/905/2391
f 441/906/2392 443/908/2393 442/907/2394
f 443/908/2395 444/909/2396 442/907/2397
f 443/908/2398 445/910/2399 444/909/2400
f 440/905/2401 442/907/2402 446/911/2403
f 438/903/2404 440/905/2405 446/911/2406
f 436/901/2407 438/903/2408 447/912/2409
f 438/903/2410 446/911/2411 447/912/2412
f 436/901/2413 447/912/2414 448/913/2415
f 435/914/2416 436/901/2417 448/913/2418
f 446/911/2419 449/915/2420 447/912/2421
f 446/911/2422 450/916/2423 449/915/2424
f 442/917/2425 450/916/2426 446/911/2427
f 442/917/2428 444/918/2429 450/916/2430
f 451/919/2431 437/921/2432 434/920/2433
f 451/919/2434 452/922/2435 437/921/2436
f 452/922/2437 439/923/2438 437/921/2439
f 452/922/2440 453/924/2441 439/923/2442
f 453/924/2443 441/925/2444 439/923/2445
f 453/924/2446 454/926/2447 441/925/2448
f 454/926/2449 443/927/2450 441/925/2451
f 454/926/2452 455/928/2453 443/927/2454
f 455/928/2455 445/929/2456 443/927/2457
f 455/928/2458 456/930/2459 445/929/2460
f 448/931/2461 457/933/2462 435/932/2463
f 448/931/2464 458/934/2465 457/933/2466
f 447/935/2467 458/934/2468 448/931/2469
f 447/935/2470 449/936/2471 458/934/2472
f 450/937/2473 458/934/2474 449/936/2475
f 458/934/2476 450/937/2477 457/938/2478
f 457/938/2479 450/937/2480 444/939/2481
f 459/940/2482 461/942/2483 460/941/2484
f 459/940/2485 462/943/2486 461/942/2487
f 463/944/2488 462/943/2489 459/940/2490
f 464/945/2491 461/942/2492 462/943/2493
f 462/943/2494 463/944/2495 465/946/2496
f 464/945/2497 462/943/2498 466/947/2499
f 466/947/2500 462/943/2501 465/946/2502
f 466/947/2503 465/946/2504 467/948/2505
f 468/949/2506 444/951/2507 445/950/2508
f 468/949/2509 457/952/2510 444/951/2511
f 435/953/2512 457/952/2513 468/949/2514
f 435/953/2515 468/949/2516 434/954/2517
f 434/955/2518 469/957/2519 451/956/2520
f 434/955/2521 468/958/2522 469/957/2523
f 470/959/2524 463/961/2525 459/960/2526
f 470/959/2527 459/960/2528 471/962/2529
f 471/962/2530 459/960/2531 460/963/2532
f 472/964/2533 470/959/2534 471/962/2535
f 471/962/2536 460/963/2537 473/965/2538
f 472/964/2539 471/962/2540 474/966/2541
f 474/966/2542 471/962/2543 473/965/2544
f 475/967/2545 472/964/2546 474/966/2547
f 474/966/2548 473/965/2549 476/968/2550
f 475/967/2551 474/966/2552 477/969/2553
f 477/969/2554 474/966/2555 476/968/2556
f 478/970/2557 475/967/2558 477/969/2559
f 477/969/2560 476/968/2561 479/971/2562
f 478/970/2563 477/969/2564 480/972/2565
f 480/972/2566 477/969/2567 479/971/2568
f 467/973/2569 478/970/2570 480/972/2571
f 480/972/2572 479/971/2573 481/974/2574
f 467/973/2575 480/972/2576 466/975/2577
f 466/975/2578 480/972/2579 481/974/2580
f 466/975/2581 481/974/2582 464/976/2583
f 473/977/2584 460/979/2585 456/978/2586
f 473/977/2587 456/978/2588 455/980/2589
f 476/981/2590 473/977/2591 455/980/2592
f 476/981/2593 455/980/2594 454/982/2595
f 479/983/2596 476/981/2597 454/982/2598
f 479/983/2599 454/982/2600 453/984/2601
f 481/985/2602 479/983/2603 453/984/2604
f 481/985/2605 453/984/2606 452/986/2607
f 464/987/2608 481/985/2609 452/986/2610
f 464/987/2611 452/986/2612 451/988/2613
f 451/989/2614 461/991/2615 464/990/2616
f 451/989/2617 469/992/2618 461/991/2619
f 456/993/2620 461/995/2621 469/994/2622
f 456/993/2623 460/996/2624 461/995/2625
f 468/997/2626 456/999/2627 469/998/2628
f 468/997/2629 445/1000/2630 456/999/2631
f 482/1001/2632 484/1003/2633 483/1002/2634
f 482/1001/2635 485/1004/2636 484/1003/2637
f 485/1004/2638 486/1005/2639 484/1003/2640
f 485/1004/2641 487/1006/2642 486/1005/2643
f 487/1006/2644 488/1007/2645 486/1005/2646
f 487/1006/2647 489/1008/2648 488/1007/2649
f 489/1008/2650 490/1009/2651 488/1007/2652
f 489/1008/2653 491/1010/2654 490/1009/2655
f 491/1010/2656 492/1011/2657 490/1009/2658
f 491/1010/2659 493/1012/2660 492/1011/2661
f 488/1007/2662 490/1009/2663 494/1013/2664
f 486/1005/2665 488/1007/2666 494/1013/2667
f 484/1003/2668 486/1005/2669 495/1014/2670
f 486/1005/2671 494/1013/2672 495/1014/2673
f 484/1003/2674 495/1014/2675 496/1015/2676
f 483/1016/2677 484/1003/2678 496/1015/2679
f 494/1013/2680 497/1017/2681 495/1014/2682
f 494/1013/2683 498/1018/2684 497/1017/2685
f 490/1019/2686 498/1018/2687 494/1013/2688
f 490/1019/2689 492/1020/2690 498/1018/2691
f 499/1021/2692 485/1023/2693 482/1022/2694
f 499/1021/2695 500/1024/2696 485/1023/2697
f 500/1024/2698 487/1025/2699 485/1023/2700
f 500/1024/2701 501/1026/2702 487/1025/2703
f 501/1026/2704 489/1027/2705 487/1025/2706
f 501/1026/2707 502/1028/2708 489/1027/2709
f 502/1028/2710 491/1029/2711 489/1027/2712
f 502/1028/2713 503/1030/2714 491/1029/2715
f 503/1030/2716 493/1031/2717 491/1029/2718
f 503/1030/2719 504/1032/2720 493/1031/2721
f 496/1033/2722 505/1035/2723 483/1034/2724
f 496/1033/2725 506/1036/2726 505/1035/2727
f 495/1037/2728 506/1036/2729 496/1033/2730
f 495/1037/2731 497/1038/2732 506/1036/2733
f 498/1039/2734 506/1036/2735 497/1038/2736
f 492/1040/2737 506/1036/2738 498/1039/2739
f 506/1036/2740 492/1040/2741 505/1041/2742
f 507/1042/2743 509/1044/2744 508/1043/2745
f 507/1042/2746 510/1045/2747 509/1044/2748
f 511/1046/2749 510/1045/2750 507/1042/2751
f 510/1045/2752 511/1046/2753 512/1047/2754
f 513/1048/2755 512/1047/2756 511/1046/2757
f 513/1048/2758 511/1046/2759 514/1049/2760
f 514/1049/2761 511/1046/2762 507/1042/2763
f 514/1049/2764 507/1042/2765 515/1050/2766
f 516/1051/2767 492/1053/2768 493/1052/2769
f 516/1051/2770 505/1054/2771 492/1053/2772
f 483/1055/2773 505/1054/2774 516/1051/2775
f 483/1055/2776 516/1051/2777 482/1056/2778
f 482/1057/2779 517/1059/2780 499/1058/2781
f 482/1057/2782 516/1060/2783 517/1059/2784
f 518/1061/2785 508/1063/2786 509/1062/2787
f 518/1061/2788 509/1062/2789 519/1064/2790
f 519/1064/2791 509/1062/2792 510/1065/2793
f 520/1066/2794 518/1061/2795 519/1064/2796
f 519/1064/2797 510/1065/2798 521/1067/2799
f 520/1066/2800 519/1064/2801 522/1068/2802
f 522/1068/2803 519/1064/2804 521/1067/2805
f 523/1069/2806 520/1066/2807 522/1068/2808
f 522/1068/2809 521/1067/2810 524/1070/2811
f 523/1069/2812 522/1068/2813 525/1071/2814
f 525/1071/2815 522/1068/2816 524/1070/2817
f 526/1072/2818 523/1069/2819 525/1071/2820
f 525/1071/2821 524/1070/2822 527/1073/2823
f 526/1072/2824 525/1071/2825 528/1074/2826
f 528/1074/2827 525/1071/2828 527/1073/2829
f 515/1075/2830 526/1072/2831 528/1074/2832
f 528/1074/2833 527/1073/2834 529/1076/2835
f 515/1075/2836 528/1074/2837 514/1077/2838
f 514/1077/2839 528/1074/2840 529/1076/2841
f 514/1077/2842 529/1076/2843 513/1078/2844
f 521/1079/2845 510/1081/2846 504/1080/2847
f 521/1079/2848 504/1080/2849 503/1082/2850
f 524/1083/2851 521/1079/2852 503/1082/2853
f 524/1083/2854 503/1082/2855 502/1084/2856
f 527/1085/2857 524/1083/2858 502/1084/2859
f 527/1085/2860 502/1084/2861 501/1086/2862
f 529/1087/2863 527/1085/2864 501/1086/2865
f 529/1087/2866 501/1086/2867 500/1088/2868
f 513/1089/2869 529/1087/2870 500/1088/2871
f 513/1089/2872 500/1088/2873 499/1090/2874
f 499/1091/2875 512/1093/2876 513/1092/2877
f 499/1091/2878 517/1094/2879 512/1093/2880
f 504/1095/2881 512/1097/2882 517/1096/2883
f 504/1095/2884 510/1098/2885 512/1097/2886
f 516/1099/2887 504/1101/2888 517/1100/2889
f 516/1099/2890 493/1102/2891 504/1101/2892
f 530/1103/2893 532/1105/2894 531/1104/2895
f 530/1103/2896 531/1104/2897 533/1106/2898
f 534/1107/2899 530/1103/2900 533/1106/2901
f 533/1106/2902 531/1104/2903 535/1108/2904
f 534/1107/2905 533/1106/2906 536/1109/2907
f 537/1110/2908 534/1107/2909 536/1109/2910
f 533/1106/2911 535/1108/2912 538/1111/2913
f 536/1109/2914 533/1106/2915 538/1111/2916
f 538/1111/2917 535/1108/2918 539/1112/2919
f 538/1111/2920 539/1112/2921 540/1113/2922
f 541/1114/2923 538/1111/2924 540/1113/2925
f 536/1109/2926 538/1111/2927 541/1114/2928
f 541/1114/2929 540/1113/2930 542/1115/2931
f 537/1110/2932 536/1109/2933 543/1116/2934
f 543/1116/2935 536/1109/2936 541/1114/2937
f 543/1116/2938 544/1117/2939 537/1110/2940
f 545/1118/2941 541/1114/2942 542/1115/2943
f 543/1116/2944 541/1114/2945 545/1118/2946
f 545/1118/2947 542/1115/2948 546/1119/2949
f 543/1116/2950 547/1120/2951 544/1117/2952
f 545/1118/2953 547/1120/2954 543/1116/2955
f 547/1120/2956 548/1121/2957 544/1117/2958
f 546/1119/2959 549/1122/2960 545/1118/2961
f 545/1118/2962 549/1122/2963 547/1120/2964
f 546/1119/2965 550/1123/2966 549/1122/2967
f 547/1120/2968 551/1124/2969 548/1121/2970
f 549/1122/2971 551/1124/2972 547/1120/2973
f 551/1124/2974 552/1125/2975 548/1121/2976
f 551/1124/2977 553/1126/2978 552/1125/2979
f 550/1123/2980 554/1127/2981 549/1122/2982
f 549/1122/2983 554/1127/2984 551/1124/2985
f 554/1127/2986 553/1126/2987 551/1124/2988
f 550/1123/2989 555/1128/2990 554/1127/2991
f 554/1127/2992 556/1129/2993 553/1126/2994
f 555/1128/2995 556/1129/2996 554/1127/2997
f 555/1128/2998 557/1130/2999 556/1129/3000
f 540/1131/3001 539/1133/3002 558/1132/3003
f 540/1131/3004 558/1132/3005 559/1134/3006
f 559/1134/3007 558/1132/3008 560/1135/3009
f 542/1136/3010 540/1131/3011 559/1134/3012
f 559/1134/3013 560/1135/3014 561/1137/3015
f 542/1136/3016 559/1134/3017 562/1138/3018
f 562/1138/3019 559/1134/3020 561/1137/3021
f 546/1139/3022 542/1136/3023 562/1138/3024
f 562/1138/3025 561/1137/3026 563/1140/3027
f 546/1139/3028 562/1138/3029 564/1141/3030
f 564/1141/3031 562/1138/3032 563/1140/3033
f 564/1141/3034 550/1142/3035 546/1139/3036
f 564/1141/3037 563/1140/3038 565/1143/3039
f 564/1141/3040 566/1144/3041 550/1142/3042
f 565/1143/3043 566/1144/3044 564/1141/3045
f 566/1144/3046 555/1145/3047 550/1142/3048
f 565/1143/3049 567/1146/3050 566/1144/3051
f 566/1144/3052 568/1147/3053 555/1145/3054
f 567/1146/3055 568/1147/3056 566/1144/3057
f 568/1147/3058 557/1148/3059 555/1145/3060
f 567/1146/3061 569/1149/3062 568/1147/3063
f 568/1147/3064 570/1150/3065 557/1148/3066
f 569/1149/3067 570/1150/3068 568/1147/3069
f 569/1149/3070 571/1151/3071 570/1150/3072
f 561/1152/3073 560/1154/3074 572/1153/3075
f 561/1152/3076 572/1153/3077 573/1155/3078
f 573/1155/3079 572/1153/3080 532/1156/3081
f 563/1157/3082 561/1152/3083 573/1155/3084
f 573/1155/3085 532/1156/3086 530/1158/3087
f 563/1157/3088 573/1155/3089 574/1159/3090
f 574/1159/3091 573/1155/3092 530/1158/3093
f 565/1160/3094 563/1157/3095 574/1159/3096
f 574/1159/3097 530/1158/3098 534/1161/3099
f 565/1160/3100 574/1159/3101 575/1162/3102
f 575/1162/3103 574/1159/3104 534/1161/3105
f 575/1162/3106 567/1163/3107 565/1160/3108
f 575/1162/3109 534/1161/3110 537/1164/3111
f 575/1162/3112 576/1165/3113 567/1163/3114
f 537/1164/3115 576/1165/3116 575/1162/3117
f 576/1165/3118 569/1166/3119 567/1163/3120
f 537/1164/3121 544/1167/3122 576/1165/3123
f 576/1165/3124 577/1168/3125 569/1166/3126
f 544/1167/3127 577/1168/3128 576/1165/3129
f 577/1168/3130 571/1169/3131 569/1166/3132
f 544/1167/3133 548/1170/3134 577/1168/3135
f 577/1168/3136 578/1171/3137 571/1169/3138
f 548/1170/3139 578/1171/3140 577/1168/3141
f 548/1170/3142 552/1172/3143 578/1171/3144
f 558/1173/3145 572/1175/3146 560/1174/3147
f 572/1175/3148 558/1173/3149 532/1176/3150
f 532/1176/3151 558/1173/3152 539/1177/3153
f 532/1176/3154 539/1177/3155 531/1178/3156
f 531/1178/3157 539/1177/3158 535/1179/3159
f 578/1180/3160 570/1182/3161 571/1181/3162
f 570/1182/3163 578/1180/3164 552/1183/3165
f 570/1182/3166 552/1183/3167 557/1184/3168
f 557/1184/3169 552/1183/3170 553/1185/3171
f 557/1184/3172 553/1185/3173 556/1186/3174
f 579/1187/3175 581/1189/3176 580/1188/3177
f 579/1187/3178 582/1190/3179 581/1189/3180
f 582/1190/3181 583/1191/3182 581/1189/3183
f 582/1190/3184 584/1192/3185 583/1191/3186
f 584/1192/3187 585/1193/3188 583/1191/3189
f 584/1192/3190 586/1194/3191 585/1193/3192
f 586/1194/3193 587/1195/3194 585/1193/3195
f 586/1194/3196 588/1196/3197 587/1195/3198
f 588/1196/3199 589/1197/3200 587/1195/3201
f 588/1196/3202 590/1198/3203 589/1197/3204
f 585/1193/3205 587/1195/3206 591/1199/3207
f 583/1191/3208 585/1193/3209 591/1199/3210
f 581/1189/3211 583/1191/3212 592/1200/3213
f 583/1191/3214 591/1199/3215 592/1200/3216
f 581/1189/3217 592/1200/3218 593/1201/3219
f 580/1202/3220 581/1189/3221 593/1201/3222
f 591/1199/3223 594/1203/3224 592/1200/3225
f 591/1199/3226 595/1204/3227 594/1203/3228
f 587/1205/3229 595/1204/3230 591/1199/3231
f 587/1205/3232 589/1206/3233 595/1204/3234
f 596/1207/3235 582/1209/3236 579/1208/3237
f 596/1207/3238 597/1210/3239 582/1209/3240
f 597/1210/3241 584/1211/3242 582/1209/3243
f 597/1210/3244 598/1212/3245 584/1211/3246
f 598/1212/3247 586/1213/3248 584/1211/3249
f 598/1212/3250 599/1214/3251 586/1213/3252
f 599/1214/3253 588/1215/3254 586/1213/3255
f 599/1214/3256 600/1216/3257 588/1215/3258
f 600/1216/3259 590/1217/3260 588/1215/3261
f 600/1216/3262 601/1218/3263 590/1217/3264
f 593/1219/3265 602/1221/3266 580/1220/3267
f 593/1219/3268 603/1222/3269 602/1221/3270
f 592/1223/3271 603/1222/3272 593/1219/3273
f 592/1223/3274 594/1224/3275 603/1222/3276
f 595/1225/3277 603/1222/3278 594/1224/3279
f 603/1222/3280 595/1225/3281 589/1226/3282
f 603/1222/3283 589/1226/3284 602/1227/3285
f 604/1228/3286 606/1230/3287 605/1229/3288
f 607/1231/3289 606/1230/3290 604/1228/3291
f 606/1230/3292 607/1231/3293 608/1232/3294
f 607/1231/3295 604/1228/3296 609/1233/3297
f 610/1234/3298 607/1231/3299 609/1233/3300
f 610/1234/3301 609/1233/3302 611/1235/3303
f 611/1235/3304 609/1233/3305 604/1228/3306
f 611/1235/3307 604/1228/3308 612/1236/3309
f 601/1237/3310 607/1231/3311 613/1238/3312
f 601/1237/3313 608/1239/3314 607/1231/3315
f 614/1240/3316 589/1242/3317 590/1241/3318
f 614/1240/3319 602/1243/3320 589/1242/3321
f 580/1244/3322 602/1243/3323 614/1240/3324
f 580/1244/3325 614/1240/3326 579/1245/3327
f 579/1246/3328 613/1248/3329 596/1247/3330
f 579/1246/3331 614/1249/3332 613/1248/3333
f 615/1250/3334 605/1252/3335 606/1251/3336
f 615/1250/3337 606/1251/3338 616/1253/3339
f 616/1253/3340 606/1251/3341 608/1254/3342
f 617/1255/3343 615/1250/3344 616/1253/3345
f 616/1253/3346 608/1254/3347 618/1256/3348
f 617/1255/3349 616/1253/3350 619/1257/3351
f 619/1257/3352 616/1253/3353 618/1256/3354
f 620/1258/3355 617/1255/3356 619/1257/3357
f 619/1257/3358 618/1256/3359 621/1259/3360
f 620/1258/3361 619/1257/3362 622/1260/3363
f 622/1260/3364 619/1257/3365 621/1259/3366
f 623/1261/3367 620/1258/3368 622/1260/3369
f 622/1260/3370 621/1259/3371 624/1262/3372
f 623/1261/3373 622/1260/3374 625/1263/3375
f 625/1263/3376 622/1260/3377 624/1262/3378
f 612/1264/3379 623/1261/3380 625/1263/3381
f 625/1263/3382 624/1262/3383 626/1265/3384
f 612/1264/3385 625/1263/3386 611/1266/3387
f 611/1266/3388 625/1263/3389 626/1265/3390
f 611/1266/3391 626/1265/3392 610/1267/3393
f 618/1268/3394 608/1270/3395 601/1269/3396
f 618/1268/3397 601/1269/3398 600/1271/3399
f 621/1272/3400 618/1268/3401 600/1271/3402
f 621/1272/3403 600/1271/3404 599/1273/3405
f 624/1274/3406 621/1272/3407 599/1273/3408
f 624/1274/3409 599/1273/3410 598/1275/3411
f 626/1276/3412 624/1274/3413 598/1275/3414
f 626/1276/3415 598/1275/3416 597/1277/3417
f 610/1278/3418 626/1276/3419 597/1277/3420
f 610/1278/3421 597/1277/3422 596/1279/3423
f 596/1280/3424 607/1282/3425 610/1281/3426
f 596/1280/3427 613/1283/3428 607/1282/3429
f 614/1284/3430 601/1286/3431 613/1285/3432
f 614/1284/3433 590/1287/3434 601/1286/3435
f 627/1288/3436 629/1290/3437 628/1289/3438
f 627/1288/3439 630/1291/3440 629/1290/3441
f 630/1291/3442 631/1292/3443 629/1290/3444
f 630/1291/3445 632/1293/3446 631/1292/3447
f 632/1293/3448 633/1294/3449 631/1292/3450
f 632/1293/3451 634/1295/3452 633/1294/3453
f 634/1295/3454 635/1296/3455 633/1294/3456
f 634/1295/3457 636/1297/3458 635/1296/3459
f 636/1297/3460 637/1298/3461 635/1296/3462
f 636/1297/3463 638/1299/3464 637/1298/3465
f 633/1294/3466 635/1296/3467 639/1300/3468
f 631/1292/3469 633/1294/3470 639/1300/3471
f 629/1290/3472 631/1292/3473 640/1301/3474
f 631/1292/3475 639/1300/3476 640/1301/3477
f 629/1290/3478 640/1301/3479 641/1302/3480
f 628/1303/3481 629/1290/3482 641/1302/3483
f 639/1300/3484 642/1304/3485 640/1301/3486
f 639/1300/3487 643/1305/3488 642/1304/3489
f 635/1306/3490 643/1305/3491 639/1300/3492
f 635/1306/3493 637/1307/3494 643/1305/3495
f 644/1308/3496 630/1310/3497 627/1309/3498
f 644/1308/3499 645/1311/3500 630/1310/3501
f 645/1311/3502 632/1312/3503 630/1310/3504
f 645/1311/3505 646/1313/3506 632/1312/3507
f 646/1313/3508 634/1314/3509 632/1312/3510
f 646/1313/3511 647/1315/3512 634/1314/3513
f 647/1315/3514 636/1316/3515 634/1314/3516
f 647/1315/3517 648/1317/3518 636/1316/3519
f 648/1317/3520 638/1318/3521 636/1316/3522
f 648/1317/3523 649/1319/3524 638/1318/3525
f 641/1320/3526 650/1322/3527 628/1321/3528
f 641/1320/3529 651/1323/3530 650/1322/3531
f 640/1324/3532 651/1323/3533 641/1320/3534
f 640/1324/3535 642/1325/3536 651/1323/3537
f 643/1326/3538 651/1323/3539 642/1325/3540
f 651/1323/3541 643/1326/3542 650/1327/3543
f 650/1327/3544 643/1326/3545 637/1328/3546
f 652/1329/3547 654/1331/3548 653/1330/3549
f 654/1331/3550 652/1329/3551 655/1332/3552
f 654/1331/3553 655/1332/3554 656/1333/3555
f 656/1333/3556 655/1332/3557 657/1334/3558
f 658/1335/3559 654/1331/3560 656/1333/3561
f 658/1335/3562 656/1333/3563 659/1336/3564
f 659/1336/3565 656/1333/3566 657/1334/3567
f 659/1336/3568 657/1334/3569 660/1337/3570
f 649/1338/3571 654/1331/3572 661/1339/3573
f 649/1338/3574 653/1340/3575 654/1331/3576
f 662/1341/3577 637/1343/3578 638/1342/3579
f 662/1341/3580 650/1344/3581 637/1343/3582
f 628/1345/3583 650/1344/3584 662/1341/3585
f 628/1345/3586 662/1341/3587 627/1346/3588
f 627/1347/3589 661/1349/3590 644/1348/3591
f 627/1347/3592 662/1350/3593 661/1349/3594
f 663/1351/3595 655/1353/3596 652/1352/3597
f 663/1351/3598 652/1352/3599 664/1354/3600
f 664/1354/3601 652/1352/3602 653/1355/3603
f 665/1356/3604 663/1351/3605 664/1354/3606
f 664/1354/3607 653/1355/3608 666/1357/3609
f 665/1356/3610 664/1354/3611 667/1358/3612
f 667/1358/3613 664/1354/3614 666/1357/3615
f 668/1359/3616 665/1356/3617 667/1358/3618
f 667/1358/3619 666/1357/3620 669/1360/3621
f 668/1359/3622 667/1358/3623 670/1361/3624
f 670/1361/3625 667/1358/3626 669/1360/3627
f 671/1362/3628 668/1359/3629 670/1361/3630
f 670/1361/3631 669/1360/3632 672/1363/3633
f 671/1362/3634 670/1361/3635 673/1364/3636
f 673/1364/3637 670/1361/3638 672/1363/3639
f 660/1365/3640 671/1362/3641 673/1364/3642
f 673/1364/3643 672/1363/3644 674/1366/3645
f 660/1365/3646 673/1364/3647 659/1367/3648
f 659/1367/3649 673/1364/3650 674/1366/3651
f 659/1367/3652 674/1366/3653 658/1368/3654
f 666/1369/3655 653/1371/3656 649/1370/3657
f 666/1369/3658 649/1370/3659 648/1372/3660
f 669/1373/3661 666/1369/3662 648/1372/3663
f 669/1373/3664 648/1372/3665 647/1374/3666
f 672/1375/3667 669/1373/3668 647/1374/3669
f 672/1375/3670 647/1374/3671 646/1376/3672
f 674/1377/3673 672/1375/3674 646/1376/3675
f 674/1377/3676 646/1376/3677 645/1378/3678
f 658/1379/3679 674/1377/3680 645/1378/3681
f 658/1379/3682 645/1378/3683 644/1380/3684
f 644/1381/3685 654/1383/3686 658/1382/3687
f 644/1381/3688 661/1384/3689 654/1383/3690
f 662/1385/3691 649/1387/3692 661/1386/3693
f 662/1385/3694 638/1388/3695 649/1387/3696
f 675/1389/3697 677/1391/3698 676/1390/3699
f 675/1389/3700 678/1392/3701 677/1391/3702
f 678/1392/3703 679/1393/3704 677/1391/3705
f 678/1392/3706 680/1394/3707 679/1393/3708
f 680/1394/3709 681/1395/3710 679/1393/3711
f 680/1394/3712 682/1396/3713 681/1395/3714
f 682/1396/3715 683/1397/3716 681/1395/3717
f 682/1396/3718 684/1398/3719 683/1397/3720
f 684/1398/3721 685/1399/3722 683/1397/3723
f 684/1398/3724 686/1400/3725 685/1399/3726
f 681/1395/3727 683/1397/3728 687/1401/3729
f 679/1393/3730 681/1395/3731 687/1401/3732
f 677/1391/3733 679/1393/3734 688/1402/3735
f 679/1393/3736 687/1401/3737 688/1402/3738
f 677/1391/3739 688/1402/3740 689/1403/3741
f 676/1404/3742 677/1391/3743 689/1403/3744
f 687/1401/3745 690/1405/3746 688/1402/3747
f 687/1401/3748 691/1406/3749 690/1405/3750
f 683/1407/3751 691/1406/3752 687/1401/3753
f 683/1407/3754 685/1408/3755 691/1406/3756
f 692/1409/3757 678/1411/3758 675/1410/3759
f 692/1409/3760 693/1412/3761 678/1411/3762
f 693/1412/3763 680/1413/3764 678/1411/3765
f 693/1412/3766 694/1414/3767 680/1413/3768
f 694/1414/3769 682/1415/3770 680/1413/3771
f 694/1414/3772 695/1416/3773 682/1415/3774
f 695/1416/3775 684/1417/3776 682/1415/3777
f 695/1416/3778 696/1418/3779 684/1417/3780
f 696/1418/3781 686/1419/3782 684/1417/3783
f 696/1418/3784 697/1420/3785 686/1419/3786
f 689/1421/3787 698/1423/3788 676/1422/3789
f 689/1421/3790 699/1424/3791 698/1423/3792
f 688/1425/3793 699/1424/3794 689/1421/3795
f 688/1425/3796 690/1426/3797 699/1424/3798
f 691/1427/3799 699/1424/3800 690/1426/3801
f 699/1424/3802 691/1427/3803 685/1428/3804
f 699/1424/3805 685/1428/3806 698/1429/3807
f 700/1430/3808 702/1432/3809 701/1431/3810
f 702/1432/3811 700/1430/3812 703/1433/3813
f 702/1432/3814 703/1433/3815 704/1434/3816
f 704/1434/3817 703/1433/3818 705/1435/3819
f 706/1436/3820 705/1435/3821 703/1433/3822
f 706/1436/3823 703/1433/3824 707/1437/3825
f 707/1437/3826 703/1433/3827 700/1430/3828
f 707/1437/3829 700/1430/3830 708/1438/3831
f 709/1439/3832 685/1441/3833 686/1440/3834
f 709/1439/3835 698/1442/3836 685/1441/3837
f 676/1443/3838 698/1442/3839 709/1439/3840
f 676/1443/3841 709/1439/3842 675/1444/3843
f 675/1445/3844 710/1447/3845 692/1446/3846
f 675/1445/3847 709/1448/3848 710/1447/3849
f 711/1449/3850 701/1451/3851 702/1450/3852
f 711/1449/3853 702/1450/3854 712/1452/3855
f 712/1452/3856 702/1450/3857 704/1453/3858
f 713/1454/3859 711/1449/3860 712/1452/3861
f 712/1452/3862 704/1453/3863 714/1455/3864
f 713/1454/3865 712/1452/3866 715/1456/3867
f 715/1456/3868 712/1452/3869 714/1455/3870
f 716/1457/3871 713/1454/3872 715/1456/3873
f 715/1456/3874 714/1455/3875 717/1458/3876
f 716/1457/3877 715/1456/3878 718/1459/3879
f 718/1459/3880 715/1456/3881 717/1458/3882
f 719/1460/3883 716/1457/3884 718/1459/3885
f 718/1459/3886 717/1458/3887 720/1461/3888
f 719/1460/3889 718/1459/3890 721/1462/3891
f 721/1462/3892 718/1459/3893 720/1461/3894
f 708/1463/3895 719/1460/3896 721/1462/3897
f 721/1462/3898 720/1461/3899 722/1464/3900
f 708/1463/3901 721/1462/3902 707/1465/3903
f 707/1465/3904 721/1462/3905 722/1464/3906
f 707/1465/3907 722/1464/3908 706/1466/3909
f 714/1467/3910 704/1469/3911 697/1468/3912
f 714/1467/3913 697/1468/3914 696/1470/3915
f 717/1471/3916 714/1467/3917 696/1470/3918
f 717/1471/3919 696/1470/3920 695/1472/3921
f 720/1473/3922 717/1471/3923 695/1472/3924
f 720/1473/3925 695/1472/3926 694/1474/3927
f 722/1475/3928 720/1473/3929 694/1474/3930
f 722/1475/3931 694/1474/3932 693/1476/3933
f 706/1477/3934 722/1475/3935 693/1476/3936
f 706/1477/3937 693/1476/3938 692/1478/3939
f 692/1479/3940 705/1481/3941 706/1480/3942
f 692/1479/3943 710/1482/3944 705/1481/3945
f 697/1483/3946 705/1485/3947 710/1484/3948
f 697/1483/3949 704/1486/3950 705/1485/3951
f 709/1487/3952 697/1489/3953 710/1488/3954
f 709/1487/3955 686/1490/3956 697/1489/3957
f 723/1491/3958 725/1493/3959 724/1492/3960
f 723/1491/3961 724/1492/3962 726/1494/3963
f 727/1495/3964 723/1491/3965 726/1494/3966
f 726/1494/3967 724/1492/3968 728/1496/3969
f 727/1495/3970 726/1494/3971 729/1497/3972
f 730/1498/3973 727/1495/3974 729/1497/3975
f 726/1494/3976 728/1496/3977 731/1499/3978
f 729/1497/3979 726/1494/3980 731/1499/3981
f 731/1499/3982 728/1496/3983 732/1500/3984
f 731/1499/3985 732/1500/3986 733/1501/3987
f 734/1502/3988 731/1499/3989 733/1501/3990
f 729/1497/3991 731/1499/3992 734/1502/3993
f 734/1502/3994 733/1501/3995 735/1503/3996
f 730/1498/3997 729/1497/3998 736/1504/3999
f 736/1504/4000 729/1497/4001 734/1502/4002
f 736/1504/4003 737/1505/4004 730/1498/4005
f 738/1506/4006 734/1502/4007 735/1503/4008
f 736/1504/4009 734/1502/4010 738/1506/4011
f 738/1506/4012 735/1503/4013 739/1507/4014
f 736/1504/4015 740/1508/4016 737/1505/4017
f 738/1506/4018 740/1508/4019 736/1504/4020
f 740/1508/4021 741/1509/4022 737/1505/4023
f 739/1507/4024 742/1510/4025 738/1506/4026
f 738/1506/4027 742/1510/4028 740/1508/4029
f 739/1507/4030 743/1511/4031 742/1510/4032
f 740/1508/4033 744/1512/4034 741/1509/4035
f 742/1510/4036 744/1512/4037 740/1508/4038
f 744/1512/4039 745/1513/4040 741/1509/4041
f 744/1512/4042 746/1514/4043 745/1513/4044
f 743/1511/4045 747/1515/4046 742/1510/4047
f 742/1510/4048 747/1515/4049 744/1512/4050
f 747/1515/4051 746/1514/4052 744/1512/4053
f 743/1511/4054 748/1516/4055 747/1515/4056
f 747/1515/4057 749/1517/4058 746/1514/4059
f 748/1516/4060 749/1517/4061 747/1515/4062
f 748/1516/4063 750/1518/4064 749/1517/4065
f 733/1519/4066 732/1521/4067 751/1520/4068
f 733/1519/4069 751/1520/4070 752/1522/4071
f 752/1522/4072 751/1520/4073 753/1523/4074
f 735/1524/4075 733/1519/4076 752/1522/4077
f 752/1522/4078 753/1523/4079 754/1525/4080
f 735/1524/4081 752/1522/4082 755/1526/4083
f 755/1526/4084 752/1522/4085 754/1525/4086
f 739/1527/4087 735/1524/4088 755/1526/4089
f 755/1526/4090 754/1525/4091 756/1528/4092
f 739/1527/4093 755/1526/4094 757/1529/4095
f 757/1529/4096 755/1526/4097 756/1528/4098
f 757/1529/4099 743/1530/4100 739/1527/4101
f 757/1529/4102 756/1528/4103 758/1531/4104
f 757/1529/4105 759/1532/4106 743/1530/4107
f 758/1531/4108 759/1532/4109 757/1529/4110
f 759/1532/4111 748/1533/4112 743/1530/4113
f 758/1531/4114 760/1534/4115 759/1532/4116
f 759/1532/4117 761/1535/4118 748/1533/4119
f 760/1534/4120 761/1535/4121 759/1532/4122
f 761/1535/4123 750/1536/4124 748/1533/4125
f 760/1534/4126 762/1537/4127 761/1535/4128
f 761/1535/4129 763/1538/4130 750/1536/4131
f 762/1537/4132 763/1538/4133 761/1535/4134
f 762/1537/4135 764/1539/4136 763/1538/4137
f 754/1540/4138 753/1542/4139 765/1541/4140
f 754/1540/4141 765/1541/4142 766/1543/4143
f 766/1543/4144 765/1541/4145 725/1544/4146
f 756/1545/4147 754/1540/4148 766/1543/4149
f 766/1543/4150 725/1544/4151 723/1546/4152
f 756/1545/4153 766/1543/4154 767/1547/4155
f 767/1547/4156 766/1543/4157 723/1546/4158
f 758/1548/4159 756/1545/4160 767/1547/4161
f 767/1547/4162 723/1546/4163 727/1549/4164
f 758/1548/4165 767/1547/4166 768/1550/4167
f 768/1550/4168 767/1547/4169 727/1549/4170
f 768/1550/4171 760/1551/4172 758/1548/4173
f 768/1550/4174 727/1549/4175 730/1552/4176
f 768/1550/4177 769/1553/4178 760/1551/4179
f 730/1552/4180 769/1553/4181 768/1550/4182
f 769/1553/4183 762/1554/4184 760/1551/4185
f 730/1552/4186 737/1555/4187 769/1553/4188
f 769/1553/4189 770/1556/4190 762/1554/4191
f 737/1555/4192 770/1556/4193 769/1553/4194
f 770/1556/4195 764/1557/4196 762/1554/4197
f 737/1555/4198 741/1558/4199 770/1556/4200
f 770/1556/4201 771/1559/4202 764/1557/4203
f 741/1558/4204 771/1559/4205 770/1556/4206
f 741/1558/4207 745/1560/4208 771/1559/4209
f 765/1561/4210 724/1563/4211 725/1562/4212
f 724/1563/4213 765/1561/4214 753/1564/4215
f 724/1563/4216 753/1564/4217 728/1565/4218
f 728/1565/4219 753/1564/4220 751/1566/4221
f 728/1565/4222 751/1566/4223 732/1567/4224
f 746/1568/4225 771/1570/4226 745/1569/4227
f 771/1570/4228 746/1568/4229 764/1571/4230
f 764/1571/4231 746/1568/4232 749/1572/4233
f 764/1571/4234 749/1572/4235 763/1573/4236
f 763/1573/4237 749/1572/4238 750/1574/4239
f 772/1575/4240 774/1577/4241 773/1576/4242
f 772/1575/4243 775/1578/4244 774/1577/4245
f 775/1578/4246 776/1579/4247 774/1577/4248
f 775/1578/4249 777/1580/4250 776/1579/4251
f 777/1580/4252 778/1581/4253 776/1579/4254
f 777/1580/4255 779/1582/4256 778/1581/4257
f 779/1582/4258 780/1583/4259 778/1581/4260
f 779/1582/4261 781/1584/4262 780/1583/4263
f 781/1584/4264 782/1585/4265 780/1583/4266
f 781/1584/4267 783/1586/4268 782/1585/4269
f 778/1581/4270 780/1583/4271 784/1587/4272
f 776/1579/4273 778/1581/4274 784/1587/4275
f 774/1577/4276 776/1579/4277 785/1588/4278
f 776/1579/4279 784/1587/4280 785/1588/4281
f 774/1577/4282 785/1588/4283 786/1589/4284
f 773/1590/4285 774/1577/4286 786/1589/4287
f 784/1587/4288 787/1591/4289 785/1588/4290
f 784/1587/4291 788/1592/4292 787/1591/4293
f 780/1593/4294 788/1592/4295 784/1587/4296
f 780/1593/4297 782/1594/4298 788/1592/4299
f 789/1595/4300 775/1597/4301 772/1596/4302
f 789/1595/4303 790/1598/4304 775/1597/4305
f 790/1598/4306 777/1599/4307 775/1597/4308
f 790/1598/4309 791/1600/4310 777/1599/4311
f 791/1600/4312 779/1601/4313 777/1599/4314
f 791/1600/4315 792/1602/4316 779/1601/4317
f 792/1602/4318 781/1603/4319 779/1601/4320
f 792/1602/4321 793/1604/4322 781/1603/4323
f 793/1604/4324 783/1605/4325 781/1603/4326
f 793/1604/4327 794/1606/4328 783/1605/4329
f 786/1607/4330 795/1609/4331 773/1608/4332
f 786/1607/4333 796/1610/4334 795/1609/4335
f 785/1611/4336 796/1610/4337 786/1607/4338
f 785/1611/4339 787/1612/4340 796/1610/4341
f 788/1613/4342 796/1610/4343 787/1612/4344
f 782/1614/4345 796/1610/4346 788/1613/4347
f 796/1610/4348 782/1614/4349 795/1615/4350
f 797/1616/4351 799/1618/4352 798/1617/4353
f 799/1618/4354 800/1619/4355 798/1617/4356
f 801/1620/4357 800/1619/4358 799/1618/4359
f 800/1619/4360 801/1620/4361 802/1621/4362
f 803/1622/4363 802/1621/4364 801/1620/4365
f 803/1622/4366 801/1620/4367 804/1623/4368
f 804/1623/4369 801/1620/4370 799/1618/4371
f 804/1623/4372 799/1618/4373 805/1624/4374
f 806/1625/4375 782/1627/4376 783/1626/4377
f 806/1625/4378 795/1628/4379 782/1627/4380
f 773/1629/4381 795/1628/4382 806/1625/4383
f 773/1629/4384 806/1625/4385 772/1630/4386
f 772/1631/4387 807/1633/4388 789/1632/4389
f 772/1631/4390 806/1634/4391 807/1633/4392
f 808/1635/4393 797/1637/4394 798/1636/4395
f 808/1635/4396 798/1636/4397 809/1638/4398
f 809/1638/4399 798/1636/4400 800/1639/4401
f 810/1640/4402 808/1635/4403 809/1638/4404
f 809/1638/4405 800/1639/4406 811/1641/4407
f 810/1640/4408 809/1638/4409 812/1642/4410
f 812/1642/4411 809/1638/4412 811/1641/4413
f 813/1643/4414 810/1640/4415 812/1642/4416
f 812/1642/4417 811/1641/4418 814/1644/4419
f 813/1643/4420 812/1642/4421 815/1645/4422
f 815/1645/4423 812/1642/4424 814/1644/4425
f 816/1646/4426 813/1643/4427 815/1645/4428
f 815/1645/4429 814/1644/4430 817/1647/4431
f 816/1646/4432 815/1645/4433 818/1648/4434
f 818/1648/4435 815/1645/4436 817/1647/4437
f 805/1649/4438 816/1646/4439 818/1648/4440
f 818/1648/4441 817/1647/4442 819/1650/4443
f 805/1649/4444 818/1648/4445 804/1651/4446
f 804/1651/4447 818/1648/4448 819/1650/4449
f 804/1651/4450 819/1650/4451 803/1652/4452
f 811/1653/4453 800/1655/4454 794/1654/4455
f 811/1653/4456 794/1654/4457 793/1656/4458
f 814/1657/4459 811/1653/4460 793/1656/4461
f 814/1657/4462 793/1656/4463 792/1658/4464
f 817/1659/4465 814/1657/4466 792/1658/4467
f 817/1659/4468 792/1658/4469 791/1660/4470
f 819/1661/4471 817/1659/4472 791/1660/4473
f 819/1661/4474 791/1660/4475 790/1662/4476
f 803/1663/4477 819/1661/4478 790/1662/4479
f 803/1663/4480 790/1662/4481 789/1664/4482
f 789/1665/4483 802/1667/4484 803/1666/4485
f 789/1665/4486 807/1668/4487 802/1667/4488
f 794/1669/4489 802/1671/4490 807/1670/4491
f 794/1669/4492 800/1672/4493 802/1671/4494
f 806/1673/4495 794/1675/4496 807/1674/4497
f 806/1673/4498 783/1676/4499 794/1675/4500
f 820/1677/4501 822/1679/4502 821/1678/4503
f 820/1677/4504 821/1678/4505 823/1680/4506
f 824/1681/4507 820/1677/4508 823/1680/4509
f 824/1681/4510 823/1680/4511 825/1682/4512
f 826/1683/4513 824/1681/4514 825/1682/4515
f 826/1683/4516 825/1682/4517 827/1684/4518
f 828/1685/4519 826/1683/4520 827/1684/4521
f 828/1685/4522 827/1684/4523 829/1686/4524
f 830/1687/4525 828/1689/4526 829/1688/4527
f 830/1687/4528 829/1688/4529 831/1690/4530
f 832/1691/4531 830/1687/4532 831/1690/4533
f 832/1691/4534 831/1690/4535 833/1692/4536
f 822/1693/4537 832/1691/4538 833/1692/4539
f 822/1693/4540 833/1692/4541 821/1694/4542
f 831/1690/4543 821/1694/4544 833/1692/4545
f 821/1694/4546 831/1690/4547 823/1695/4548
f 823/1695/4549 831/1690/4550 829/1688/4551
f 823/1695/4552 829/1688/4553 825/1696/4554
f 825/1696/4555 829/1688/4556 827/1697/4557
f 834/1698/4558 836/1700/4559 835/1699/4560
f 834/1698/4561 837/1701/4562 836/1700/4563
f 837/1701/4564 838/1702/4565 836/1700/4566
f 837/1701/4567 839/1703/4568 838/1702/4569
f 839/1703/4570 840/1704/4571 838/1702/4572
f 839/1703/4573 841/1705/4574 840/1704/4575
f 841/1705/4576 842/1706/4577 840/1704/4578
f 841/1705/4579 843/1707/4580 842/1706/4581
f 843/1707/4582 844/1708/4583 842/1706/4584
f 843/1707/4585 845/1709/4586 844/1708/4587
f 840/1704/4588 842/1706/4589 846/1710/4590
f 838/1702/4591 840/1704/4592 846/1710/4593
f 836/1700/4594 838/1702/4595 847/1711/4596
f 838/1702/4597 846/1710/4598 847/1711/4599
f 836/1700/4600 847/1711/4601 848/1712/4602
f 835/1713/4603 836/1700/4604 848/1712/4605
f 846/1710/4606 849/1714/4607 847/1711/4608
f 846/1710/4609 850/1715/4610 849/1714/4611
f 842/1716/4612 850/1715/4613 846/1710/4614
f 842/1716/4615 844/1717/4616 850/1715/4617
f 851/1718/4618 837/1720/4619 834/1719/4620
f 851/1718/4621 852/1721/4622 837/1720/4623
f 852/1721/4624 839/1722/4625 837/1720/4626
f 852/1721/4627 853/1723/4628 839/1722/4629
f 853/1723/4630 841/1724/4631 839/1722/4632
f 853/1723/4633 854/1725/4634 841/1724/4635
f 854/1725/4636 843/1726/4637 841/1724/4638
f 854/1725/4639 855/1727/4640 843/1726/4641
f 855/1727/4642 845/1728/4643 843/1726/4644
f 855/1727/4645 856/1729/4646 845/1728/4647
f 848/1730/4648 857/1732/4649 835/1731/4650
f 848/1730/4651 858/1733/4652 857/1732/4653
f 847/1734/4654 858/1733/4655 848/1730/4656
f 847/1734/4657 849/1735/4658 858/1733/4659
f 850/1736/4660 858/1733/4661 849/1735/4662
f 844/1737/4663 858/1733/4664 850/1736/4665
f 858/1733/4666 844/1737/4667 857/1738/4668
f 859/1739/4669 861/1741/4670 860/1740/4671
f 861/1741/4672 859/1739/4673 862/1742/4674
f 861/1741/4675 862/1742/4676 863/1743/4677
f 863/1743/4678 862/1742/4679 864/1744/4680
f 865/1745/4681 864/1744/4682 862/1742/4683
f 865/1745/4684 862/1742/4685 866/1746/4686
f 866/1746/4687 862/1742/4688 859/1739/4689
f 866/1746/4690 859/1739/4691 867/1747/4692
f 868/1748/4693 844/1750/4694 845/1749/4695
f 868/1748/4696 857/1751/4697 844/1750/4698
f 835/1752/4699 857/1751/4700 868/1748/4701
f 835/1752/4702 868/1748/4703 834/1753/4704
f 834/1754/4705 869/1756/4706 851/1755/4707
f 834/1754/4708 868/1757/4709 869/1756/4710
f 870/1758/4711 860/1760/4712 861/1759/4713
f 870/1758/4714 861/1759/4715 871/1761/4716
f 871/1761/4717 861/1759/4718 863/1762/4719
f 872/1763/4720 870/1758/4721 871/1761/4722
f 871/1761/4723 863/1762/4724 873/1764/4725
f 872/1763/4726 871/1761/4727 874/1765/4728
f 874/1765/4729 871/1761/4730 873/1764/4731
f 875/1766/4732 872/1763/4733 874/1765/4734
f 874/1765/4735 873/1764/4736 876/1767/4737
f 875/1766/4738 874/1765/4739 877/1768/4740
f 877/1768/4741 874/1765/4742 876/1767/4743
f 878/1769/4744 875/1766/4745 877/1768/4746
f 877/1768/4747 876/1767/4748 879/1770/4749
f 878/1769/4750 877/1768/4751 880/1771/4752
f 880/1771/4753 877/1768/4754 879/1770/4755
f 867/1772/4756 878/1769/4757 880/1771/4758
f 880/1771/4759 879/1770/4760 881/1773/4761
f 867/1772/4762 880/1771/4763 866/1774/4764
f 866/1774/4765 880/1771/4766 881/1773/4767
f 866/1774/4768 881/1773/4769 865/1775/4770
f 873/1776/4771 863/1778/4772 856/1777/4773
f 873/1776/4774 856/1777/4775 855/1779/4776
f 876/1780/4777 873/1776/4778 855/1779/4779
f 876/1780/4780 855/1779/4781 854/1781/4782
f 879/1782/4783 876/1780/4784 854/1781/4785
f 879/1782/4786 854/1781/4787 853/1783/4788
f 881/1784/4789 879/1782/4790 853/1783/4791
f 881/1784/4792 853/1783/4793 852/1785/4794
f 865/1786/4795 881/1784/4796 852/1785/4797
f 865/1786/4798 852/1785/4799 851/1787/4800
f 851/1788/4801 864/1790/4802 865/1789/4803
f 851/1788/4804 869/1791/4805 864/1790/4806
f 856/1792/4807 864/1794/4808 869/1793/4809
f 856/1792/4810 863/1795/4811 864/1794/4812
f 868/1796/4813 856/1798/4814 869/1797/4815
f 868/1796/4816 845/1799/4817 856/1798/4818
f 882/1800/4819 884/1802/4820 883/1801/4821
f 882/1800/4822 885/1803/4823 884/1802/4824
f 885/1803/4825 886/1804/4826 884/1802/4827
f 885/1803/4828 887/1805/4829 886/1804/4830
f 887/1805/4831 888/1806/4832 886/1804/4833
f 887/1805/4834 889/1807/4835 888/1806/4836
f 889/1807/4837 890/1808/4838 888/1806/4839
f 889/1807/4840 891/1809/4841 890/1808/4842
f 891/1809/4843 892/1810/4844 890/1808/4845
f 891/1809/4846 893/1811/4847 892/1810/4848
f 888/1806/4849 890/1808/4850 894/1812/4851
f 886/1804/4852 888/1806/4853 894/1812/4854
f 884/1802/4855 886/1804/4856 895/1813/4857
f 886/1804/4858 894/1812/4859 895/1813/4860
f 884/1802/4861 895/1813/4862 896/1814/4863
f 883/1815/4864 884/1802/4865 896/1814/4866
f 894/1812/4867 897/1816/4868 895/1813/4869
f 894/1812/4870 898/1817/4871 897/1816/4872
f 890/1818/4873 898/1817/4874 894/1812/4875
f 890/1818/4876 892/1819/4877 898/1817/4878
f 899/1820/4879 885/1822/4880 882/1821/4881
f 899/1820/4882 900/1823/4883 885/1822/4884
f 900/1823/4885 887/1824/4886 885/1822/4887
f 900/1823/4888 901/1825/4889 887/1824/4890
f 901/1825/4891 889/1826/4892 887/1824/4893
f 901/1825/4894 902/1827/4895 889/1826/4896
f 902/1827/4897 891/1828/4898 889/1826/4899
f 902/1827/4900 903/1829/4901 891/1828/4902
f 903/1829/4903 893/1830/4904 891/1828/4905
f 903/1829/4906 904/1831/4907 893/1830/4908
f 896/1832/4909 905/1834/4910 883/1833/4911
f 896/1832/4912 906/1835/4913 905/1834/4914
f 895/1836/4915 906/1835/4916 896/1832/4917
f 895/1836/4918 897/1837/4919 906/1835/4920
f 898/1838/4921 906/1835/4922 897/1837/4923
f 906/1835/4924 898/1838/4925 892/1839/4926
f 906/1835/4927 892/1839/4928 905/1840/4929
f 907/1841/4930 909/1843/4931 908/1842/4932
f 909/1843/4933 907/1841/4934 910/1844/4935
f 909/1843/4936 910/1844/4937 911/1845/4938
f 911/1845/4939 910/1844/4940 912/1846/4941
f 913/1847/4942 912/1846/4943 910/1844/4944
f 913/1847/4945 910/1844/4946 914/1848/4947
f 914/1848/4948 910/1844/4949 907/1841/4950
f 914/1848/4951 907/1841/4952 915/1849/4953
f 916/1850/4954 892/1852/4955 893/1851/4956
f 916/1850/4957 905/1853/4958 892/1852/4959
f 883/1854/4960 905/1853/4961 916/1850/4962
f 883/1854/4963 916/1850/4964 882/1855/4965
f 882/1856/4966 917/1858/4967 899/1857/4968
f 882/1856/4969 916/1859/4970 917/1858/4971
f 918/1860/4972 908/1862/4973 909/1861/4974
f 918/1860/4975 909/1861/4976 919/1863/4977
f 919/1863/4978 909/1861/4979 911/1864/4980
f 920/1865/4981 918/1860/4982 919/1863/4983
f 919/1863/4984 911/1864/4985 921/1866/4986
f 920/1865/4987 919/1863/4988 922/1867/4989
f 922/1867/4990 919/1863/4991 921/1866/4992
f 923/1868/4993 920/1865/4994 922/1867/4995
f 922/1867/4996 921/1866/4997 924/1869/4998
f 923/1868/4999 922/1867/5000 925/1870/5001
f 925/1870/5002 922/1867/5003 924/1869/5004
f 926/1871/5005 923/1868/5006 925/1870/5007
f 925/1870/5008 924/1869/5009 927/1872/5010
f 926/1871/5011 925/1870/5012 928/1873/5013
f 928/1873/5014 925/1870/5015 927/1872/5016
f 915/1874/5017 926/1871/5018 928/1873/5019
f 928/1873/5020 927/1872/5021 929/1875/5022
f 915/1874/5023 928/1873/5024 914/1876/5025
f 914/1876/5026 928/1873/5027 929/1875/5028
f 914/1876/5029 929/1875/5030 913/1877/5031
f 921/1878/5032 911/1880/5033 904/1879/5034
f 921/1878/5035 904/1879/5036 903/1881/5037
f 924/1882/5038 921/1878/5039 903/1881/5040
f 924/1882/5041 903/1881/5042 902/1883/5043
f 927/1884/5044 924/1882/5045 902/1883/5046
f 927/1884/5047 902/1883/5048 901/1885/5049
f 929/1886/5050 927/1884/5051 901/1885/5052
f 929/1886/5053 901/1885/5054 900/1887/5055
f 913/1888/5056 929/1886/5057 900/1887/5058
f 913/1888/5059 900/1887/5060 899/1889/5061
f 899/1890/5062 912/1892/5063 913/1891/5064
f 899/1890/5065 917/1893/5066 912/1892/5067
f 904/1894/5068 912/1896/5069 917/1895/5070
f 904/1894/5071 911/1897/5072 912/1896/5073
f 916/1898/5074 904/1900/5075 917/1899/5076
f 916/1898/5077 893/1901/5078 904/1900/5079
f 930/1902/5080 932/1904/5081 931/1903/5082
f 930/1902/5083 933/1905/5084 932/1904/5085
f 933/1905/5086 934/1906/5087 932/1904/5088
f 933/1905/5089 935/1907/5090 934/1906/5091
f 935/1907/5092 936/1908/5093 934/1906/5094
f 935/1907/5095 937/1909/5096 936/1908/5097
f 937/1909/5098 938/1910/5099 936/1908/5100
f 937/1909/5101 939/1911/5102 938/1910/5103
f 939/1911/5104 940/1912/5105 938/1910/5106
f 939/1911/5107 941/1913/5108 940/1912/5109
f 936/1908/5110 938/1910/5111 942/1914/5112
f 934/1906/5113 936/1908/5114 942/1914/5115
f 932/1904/5116 934/1906/5117 943/1915/5118
f 934/1906/5119 942/1914/5120 943/1915/5121
f 932/1904/5122 943/1915/5123 944/1916/5124
f 931/1917/5125 932/1904/5126 944/1916/5127
f 942/1914/5128 945/1918/5129 943/1915/5130
f 942/1914/5131 946/1919/5132 945/1918/5133
f 938/1920/5134 946/1919/5135 942/1914/5136
f 938/1920/5137 940/1921/5138 946/1919/5139
f 947/1922/5140 933/1924/5141 930/1923/5142
f 947/1922/5143 948/1925/5144 933/1924/5145
f 948/1925/5146 935/1926/5147 933/1924/5148
f 948/1925/5149 949/1927/5150 935/1926/5151
f 949/1927/5152 937/1928/5153 935/1926/5154
f 949/1927/5155 950/1929/5156 937/1928/5157
f 950/1929/5158 939/1930/5159 937/1928/5160
f 950/1929/5161 951/1931/5162 939/1930/5163
f 951/1931/5164 941/1932/5165 939/1930/5166
f 951/1931/5167 952/1933/5168 941/1932/5169
f 944/1934/5170 953/1936/5171 931/1935/5172
f 944/1934/5173 954/1937/5174 953/1936/5175
f 943/1938/5176 954/1937/5177 944/1934/5178
f 943/1938/5179 945/1939/5180 954/1937/5181
f 946/1940/5182 954/1937/5183 945/1939/5184
f 954/1937/5185 946/1940/5186 953/1941/5187
f 953/1941/5188 946/1940/5189 940/1942/5190
f 955/1943/5191 957/1945/5192 956/1944/5193
f 957/1945/5194 955/1943/5195 958/1946/5196
f 958/1946/5197 955/1943/5198 959/1947/5199
f 958/1946/5200 959/1947/5201 960/1948/5202
f 961/1949/5203 958/1946/5204 960/1948/5205
f 961/1949/5206 960/1948/5207 962/1950/5208
f 962/1950/5209 960/1948/5210 959/1947/5211
f 962/1950/5212 959/1947/5213 963/1951/5214
f 964/1952/5215 940/1954/5216 941/1953/5217
f 964/1952/5218 953/1955/5219 940/1954/5220
f 931/1956/5221 953/1955/5222 964/1952/5223
f 931/1956/5224 964/1952/5225 930/1957/5226
f 930/1958/5227 965/1960/5228 947/1959/5229
f 930/1958/5230 964/1961/5231 965/1960/5232
f 966/1962/5233 955/1964/5234 956/1963/5235
f 966/1962/5236 956/1963/5237 967/1965/5238
f 967/1965/5239 956/1963/5240 957/1966/5241
f 968/1967/5242 966/1962/5243 967/1965/5244
f 967/1965/5245 957/1966/5246 969/1968/5247
f 968/1967/5248 967/1965/5249 970/1969/5250
f 970/1969/5251 967/1965/5252 969/1968/5253
f 971/1970/5254 968/1967/5255 970/1969/5256
f 970/1969/5257 969/1968/5258 972/1971/5259
f 971/1970/5260 970/1969/5261 973/1972/5262
f 973/1972/5263 970/1969/5264 972/1971/5265
f 974/1973/5266 971/1970/5267 973/1972/5268
f 973/1972/5269 972/1971/5270 975/1974/5271
f 974/1973/5272 973/1972/5273 976/1975/5274
f 976/1975/5275 973/1972/5276 975/1974/5277
f 963/1976/5278 974/1973/5279 976/1975/5280
f 976/1975/5281 975/1974/5282 977/1977/5283
f 963/1976/5284 976/1975/5285 962/1978/5286
f 962/1978/5287 976/1975/5288 977/1977/5289
f 962/1978/5290 977/1977/5291 961/1979/5292
f 969/1980/5293 957/1982/5294 952/1981/5295
f 969/1980/5296 952/1981/5297 951/1983/5298
f 972/1984/5299 969/1980/5300 951/1983/5301
f 972/1984/5302 951/1983/5303 950/1985/5304
f 975/1986/5305 972/1984/5306 950/1985/5307
f 975/1986/5308 950/1985/5309 949/1987/5310
f 977/1988/5311 975/1986/5312 949/1987/5313
f 977/1988/5314 949/1987/5315 948/1989/5316
f 961/1990/5317 977/1988/5318 948/1989/5319
f 961/1990/5320 948/1989/5321 947/1991/5322
f 947/1992/5323 958/1994/5324 961/1993/5325
f 947/1992/5326 965/1995/5327 958/1994/5328
f 952/1996/5329 958/1998/5330 965/1997/5331
f 952/1996/5332 957/1999/5333 958/1998/5334
f 964/2000/5335 952/2002/5336 965/2001/5337
f 964/2000/5338 941/2003/5339 952/2002/5340
f 978/2004/5341 980/2006/5342 979/2005/5343
f 978/2004/5344 981/2007/5345 980/2006/5346
f 981/2007/5347 982/2008/5348 980/2006/5349
f 981/2007/5350 983/2009/5351 982/2008/5352
f 983/2009/5353 984/2010/5354 982/2008/5355
f 983/2009/5356 985/2011/5357 984/2010/5358
f 985/2011/5359 986/2012/5360 984/2010/5361
f 985/2011/5362 987/2013/5363 986/2012/5364
f 987/2013/5365 988/2014/5366 986/2012/5367
f 987/2013/5368 989/2015/5369 988/2014/5370
f 984/2010/5371 986/2012/5372 990/2016/5373
f 982/2008/5374 984/2010/5375 990/2016/5376
f 980/2006/5377 982/2008/5378 991/2017/5379
f 982/2008/5380 990/2016/5381 991/2017/5382
f 980/2006/5383 991/2017/5384 992/2018/5385
f 979/2019/5386 980/2006/5387 992/2018/5388
f 990/2016/5389 993/2020/5390 991/2017/5391
f 990/2016/5392 994/2021/5393 993/2020/5394
f 986/2022/5395 994/2021/5396 990/2016/5397
f 986/2022/5398 988/2023/5399 994/2021/5400
f 995/2024/5401 981/2026/5402 978/2025/5403
f 995/2024/5404 996/2027/5405 981/2026/5406
f 996/2027/5407 983/2028/5408 981/2026/5409
f 996/2027/5410 997/2029/5411 983/2028/5412
f 997/2029/5413 985/2030/5414 983/2028/5415
f 997/2029/5416 998/2031/5417 985/2030/5418
f 998/2031/5419 987/2032/5420 985/2030/5421
f 998/2031/5422 999/2033/5423 987/2032/5424
f 999/2033/5425 989/2034/5426 987/2032/5427
f 999/2033/5428 1000/2035/5429 989/2034/5430
f 992/2036/5431 1001/2038/5432 979/2037/5433
f 992/2036/5434 1002/2039/5435 1001/2038/5436
f 991/2040/5437 1002/2039/5438 992/2036/5439
f 991/2040/5440 993/2041/5441 1002/2039/5442
f 994/2042/5443 1002/2039/5444 993/2041/5445
f 1002/2039/5446 994/2042/5447 1001/2043/5448
f 1001/2043/5449 994/2042/5450 988/2044/5451
f 1003/2045/5452 1005/2047/5453 1004/2046/5454
f 1005/2047/5455 1003/2045/5456 1006/2048/5457
f 1005/2047/5458 1006/2048/5459 1007/2049/5460
f 1007/2049/5461 1006/2048/5462 1008/2050/5463
f 1009/2051/5464 1005/2047/5465 1007/2049/5466
f 1009/2051/5467 1007/2049/5468 1010/2052/5469
f 1010/2052/5470 1007/2049/5471 1008/2050/5472
f 1010/2052/5473 1008/2050/5474 1011/2053/5475
f 1000/2054/5476 1005/2047/5477 1012/2055/5478
f 1000/2054/5479 1004/2056/5480 1005/2047/5481
f 1013/2057/5482 988/2059/5483 989/2058/5484
f 1013/2057/5485 1001/2060/5486 988/2059/5487
f 979/2061/5488 1001/2060/5489 1013/2057/5490
f 979/2061/5491 1013/2057/5492 978/2062/5493
f 978/2063/5494 1012/2065/5495 995/2064/5496
f 978/2063/5497 1013/2066/5498 1012/2065/5499
f 1014/2067/5500 1006/2069/5501 1003/2068/5502
f 1014/2067/5503 1003/2068/5504 1015/2070/5505
f 1015/2070/5506 1003/2068/5507 1004/2071/5508
f 1016/2072/5509 1014/2067/5510 1015/2070/5511
f 1015/2070/5512 1004/2071/5513 1017/2073/5514
f 1016/2072/5515 1015/2070/5516 1018/2074/5517
f 1018/2074/5518 1015/2070/5519 1017/2073/5520
f 1019/2075/5521 1016/2072/5522 1018/2074/5523
f 1018/2074/5524 1017/2073/5525 1020/2076/5526
f 1019/2075/5527 1018/2074/5528 1021/2077/5529
f 1021/2077/5530 1018/2074/5531 1020/2076/5532
f 1022/2078/5533 1019/2075/5534 1021/2077/5535
f 1021/2077/5536 1020/2076/5537 1023/2079/5538
f 1022/2078/5539 1021/2077/5540 1024/2080/5541
f 1024/2080/5542 1021/2077/5543 1023/2079/5544
f 1011/2081/5545 1022/2078/5546 1024/2080/5547
f 1024/2080/5548 1023/2079/5549 1025/2082/5550
f 1011/2081/5551 1024/2080/5552 1010/2083/5553
f 1010/2083/5554 1024/2080/5555 1025/2082/5556
f 1010/2083/5557 1025/2082/5558 1009/2084/5559
f 1017/2085/5560 1004/2087/5561 1000/2086/5562
f 1017/2085/5563 1000/2086/5564 999/2088/5565
f 1020/2089/5566 1017/2085/5567 999/2088/5568
f 1020/2089/5569 999/2088/5570 998/2090/5571
f 1023/2091/5572 1020/2089/5573 998/2090/5574
f 1023/2091/5575 998/2090/5576 997/2092/5577
f 1025/2093/5578 1023/2091/5579 997/2092/5580
f 1025/2093/5581 997/2092/5582 996/2094/5583
f 1009/2095/5584 1025/2093/5585 996/2094/5586
f 1009/2095/5587 996/2094/5588 995/2096/5589
f 995/2097/5590 1005/2099/5591 1009/2098/5592
f 995/2097/5593 1012/2100/5594 1005/2099/5595
f 1013/2101/5596 1000/2103/5597 1012/2102/5598
f 1013/2101/5599 989/2104/5600 1000/2103/5601
f 1026/2105/5602 1028/2107/5603 1027/2106/5604
f 1026/2105/5605 1029/2108/5606 1028/2107/5607
f 1029/2108/5608 1030/2109/5609 1028/2107/5610
f 1029/2108/5611 1031/2110/5612 1030/2109/5613
f 1031/2110/5614 1032/2111/5615 1030/2109/5616
f 1031/2110/5617 1033/2112/5618 1032/2111/5619
f 1033/2112/5620 1034/2113/5621 1032/2111/5622
f 1033/2112/5623 1035/2114/5624 1034/2113/5625
f 1035/2114/5626 1036/2115/5627 1034/2113/5628
f 1035/2114/5629 1037/2116/5630 1036/2115/5631
f 1032/2111/5632 1034/2113/5633 1038/2117/5634
f 1030/2109/5635 1032/2111/5636 1038/2117/5637
f 1028/2107/5638 1030/2109/5639 1039/2118/5640
f 1030/2109/5641 1038/2117/5642 1039/2118/5643
f 1028/2107/5644 1039/2118/5645 1040/2119/5646
f 1027/2120/5647 1028/2107/5648 1040/2119/5649
f 1038/2117/5650 1041/2121/5651 1039/2118/5652
f 1038/2117/5653 1042/2122/5654 1041/2121/5655
f 1034/2123/5656 1042/2122/5657 1038/2117/5658
f 1034/2123/5659 1036/2124/5660 1042/2122/5661
f 1043/2125/5662 1029/2127/5663 1026/2126/5664
f 1043/2125/5665 1044/2128/5666 1029/2127/5667
f 1044/2128/5668 1031/2129/5669 1029/2127/5670
f 1044/2128/5671 1045/2130/5672 1031/2129/5673
f 1045/2130/5674 1033/2131/5675 1031/2129/5676
f 1045/2130/5677 1046/2132/5678 1033/2131/5679
f 1046/2132/5680 1035/2133/5681 1033/2131/5682
f 1046/2132/5683 1047/2134/5684 1035/2133/5685
f 1047/2134/5686 1037/2135/5687 1035/2133/5688
f 1047/2134/5689 1048/2136/5690 1037/2135/5691
f 1040/2137/5692 1049/2139/5693 1027/2138/5694
f 1040/2137/5695 1050/2140/5696 1049/2139/5697
f 1039/2141/5698 1050/2140/5699 1040/2137/5700
f 1039/2141/5701 1041/2142/5702 1050/2140/5703
f 1050/2140/5704 1041/2142/5705 1042/2143/5706
f 1042/2143/5707 1049/2144/5708 1050/2140/5709
f 1049/2144/5710 1042/2143/5711 1036/2145/5712
f 1051/2146/5713 1053/2148/5714 1052/2147/5715
f 1053/2148/5716 1051/2146/5717 1054/2149/5718
f 1053/2148/5719 1054/2149/5720 1055/2150/5721
f 1055/2150/5722 1054/2149/5723 1056/2151/5724
f 1057/2152/5725 1056/2151/5726 1054/2149/5727
f 1057/2152/5728 1054/2149/5729 1058/2153/5730
f 1058/2153/5731 1054/2149/5732 1051/2146/5733
f 1058/2153/5734 1051/2146/5735 1059/2154/5736
f 1060/2155/5737 1036/2157/5738 1037/2156/5739
f 1060/2155/5740 1049/2158/5741 1036/2157/5742
f 1027/2159/5743 1049/2158/5744 1060/2155/5745
f 1027/2159/5746 1060/2155/5747 1026/2160/5748
f 1026/2161/5749 1061/2163/5750 1043/2162/5751
f 1026/2161/5752 1060/2164/5753 1061/2163/5754
f 1062/2165/5755 1052/2167/5756 1053/2166/5757
f 1062/2165/5758 1053/2166/5759 1063/2168/5760
f 1063/2168/5761 1053/2166/5762 1055/2169/5763
f 1064/2170/5764 1062/2165/5765 1063/2168/5766
f 1063/2168/5767 1055/2169/5768 1065/2171/5769
f 1064/2170/5770 1063/2168/5771 1066/2172/5772
f 1066/2172/5773 1063/2168/5774 1065/2171/5775
f 1067/2173/5776 1064/2170/5777 1066/2172/5778
f 1066/2172/5779 1065/2171/5780 1068/2174/5781
f 1067/2173/5782 1066/2172/5783 1069/2175/5784
f 1069/2175/5785 1066/2172/5786 1068/2174/5787
f 1070/2176/5788 1067/2173/5789 1069/2175/5790
f 1069/2175/5791 1068/2174/5792 1071/2177/5793
f 1070/2176/5794 1069/2175/5795 1072/2178/5796
f 1072/2178/5797 1069/2175/5798 1071/2177/5799
f 1059/2179/5800 1070/2176/5801 1072/2178/5802
f 1072/2178/5803 1071/2177/5804 1073/2180/5805
f 1059/2179/5806 1072/2178/5807 1058/2181/5808
f 1058/2181/5809 1072/2178/5810 1073/2180/5811
f 1058/2181/5812 1073/2180/5813 1057/2182/5814
f 1065/2183/5815 1055/2185/5816 1048/2184/5817
f 1065/2183/5818 1048/2184/5819 1047/2186/5820
f 1068/2187/5821 1065/2183/5822 1047/2186/5823
f 1068/2187/5824 1047/2186/5825 1046/2188/5826
f 1071/2189/5827 1068/2187/5828 1046/2188/5829
f 1071/2189/5830 1046/2188/5831 1045/2190/5832
f 1073/2191/5833 1071/2189/5834 1045/2190/5835
f 1073/2191/5836 1045/2190/5837 1044/2192/5838
f 1057/2193/5839 1073/2191/5840 1044/2192/5841
f 1057/2193/5842 1044/2192/5843 1043/2194/5844
f 1043/2195/5845 1056/2197/5846 1057/2196/5847
f 1043/2195/5848 1061/2198/5849 1056/2197/5850
f 1048/2199/5851 1056/2201/5852 1061/2200/5853
f 1048/2199/5854 1055/2202/5855 1056/2201/5856
f 1060/2203/5857 1048/2205/5858 1061/2204/5859
f 1060/2203/5860 1037/2206/5861 1048/2205/5862
f 1074/2207/5863 1076/2209/5864 1075/2208/5865
f 1074/2207/5866 1077/2210/5867 1076/2209/5868
f 1077/2210/5869 1078/2211/5870 1076/2209/5871
f 1077/2210/5872 1079/2212/5873 1078/2211/5874
f 1079/2212/5875 1080/2213/5876 1078/2211/5877
f 1079/2212/5878 1081/2214/5879 1080/2213/5880
f 1081/2214/5881 1082/2215/5882 1080/2213/5883
f 1081/2214/5884 1083/2216/5885 1082/2215/5886
f 1083/2216/5887 1084/2217/5888 1082/2215/5889
f 1083/2216/5890 1085/2218/5891 1084/2217/5892
f 1080/2213/5893 1082/2215/5894 1086/2219/5895
f 1078/2211/5896 1080/2213/5897 1086/2219/5898
f 1076/2209/5899 1078/2211/5900 1087/2220/5901
f 1078/2211/5902 1086/2219/5903 1087/2220/5904
f 1076/2209/5905 1087/2220/5906 1088/2221/5907
f 1075/2222/5908 1076/2209/5909 1088/2221/5910
f 1086/2219/5911 1089/2223/5912 1087/2220/5913
f 1086/2219/5914 1090/2224/5915 1089/2223/5916
f 1082/2225/5917 1090/2224/5918 1086/2219/5919
f 1082/2225/5920 1084/2226/5921 1090/2224/5922
f 1091/2227/5923 1077/2229/5924 1074/2228/5925
f 1091/2227/5926 1092/2230/5927 1077/2229/5928
f 1092/2230/5929 1079/2231/5930 1077/2229/5931
f 1092/2230/5932 1093/2232/5933 1079/2231/5934
f 1093/2232/5935 1081/2233/5936 1079/2231/5937
f 1093/2232/5938 1094/2234/5939 1081/2233/5940
f 1094/2234/5941 1083/2235/5942 1081/2233/5943
f 1094/2234/5944 1095/2236/5945 1083/2235/5946
f 1095/2236/5947 1085/2237/5948 1083/2235/5949
f 1095/2236/5950 1096/2238/5951 1085/2237/5952
f 1088/2239/5953 1097/2241/5954 1075/2240/5955
f 1088/2239/5956 1098/2242/5957 1097/2241/5958
f 1087/2243/5959 1098/2242/5960 1088/2239/5961
f 1087/2243/5962 1089/2244/5963 1098/2242/5964
f 1089/2244/5965 1090/2245/5966 1098/2242/5967
f 1090/2245/5968 1097/2246/5969 1098/2242/5970
f 1097/2246/5971 1090/2245/5972 1084/2247/5973
f 1099/2248/5974 1101/2250/5975 1100/2249/5976
f 1099/2248/5977 1102/2251/5978 1101/2250/5979
f 1103/2252/5980 1102/2251/5981 1099/2248/5982
f 1104/2253/5983 1101/2250/5984 1102/2251/5985
f 1102/2251/5986 1103/2252/5987 1105/2254/5988
f 1104/2253/5989 1102/2251/5990 1106/2255/5991
f 1106/2255/5992 1102/2251/5993 1105/2254/5994
f 1106/2255/5995 1105/2254/5996 1107/2256/5997
f 1108/2257/5998 1084/2259/5999 1085/2258/6000
f 1108/2257/6001 1097/2260/6002 1084/2259/6003
f 1075/2261/6004 1097/2260/6005 1108/2257/6006
f 1075/2261/6007 1108/2257/6008 1074/2262/6009
f 1074/2263/6010 1109/2265/6011 1091/2264/6012
f 1074/2263/6013 1108/2266/6014 1109/2265/6015
f 1110/2267/6016 1103/2269/6017 1099/2268/6018
f 1110/2267/6019 1099/2268/6020 1111/2270/6021
f 1111/2270/6022 1099/2268/6023 1100/2271/6024
f 1112/2272/6025 1110/2267/6026 1111/2270/6027
f 1111/2270/6028 1100/2271/6029 1113/2273/6030
f 1112/2272/6031 1111/2270/6032 1114/2274/6033
f 1114/2274/6034 1111/2270/6035 1113/2273/6036
f 1115/2275/6037 1112/2272/6038 1114/2274/6039
f 1114/2274/6040 1113/2273/6041 1116/2276/6042
f 1115/2275/6043 1114/2274/6044 1117/2277/6045
f 1117/2277/6046 1114/2274/6047 1116/2276/6048
f 1118/2278/6049 1115/2275/6050 1117/2277/6051
f 1117/2277/6052 1116/2276/6053 1119/2279/6054
f 1118/2278/6055 1117/2277/6056 1120/2280/6057
f 1120/2280/6058 1117/2277/6059 1119/2279/6060
f 1107/2281/6061 1118/2278/6062 1120/2280/6063
f 1120/2280/6064 1119/2279/6065 1121/2282/6066
f 1107/2281/6067 1120/2280/6068 1106/2283/6069
f 1106/2283/6070 1120/2280/6071 1121/2282/6072
f 1106/2283/6073 1121/2282/6074 1104/2284/6075
f 1113/2285/6076 1100/2287/6077 1096/2286/6078
f 1113/2285/6079 1096/2286/6080 1095/2288/6081
f 1116/2289/6082 1113/2285/6083 1095/2288/6084
f 1116/2289/6085 1095/2288/6086 1094/2290/6087
f 1119/2291/6088 1116/2289/6089 1094/2290/6090
f 1119/2291/6091 1094/2290/6092 1093/2292/6093
f 1121/2293/6094 1119/2291/6095 1093/2292/6096
f 1121/2293/6097 1093/2292/6098 1092/2294/6099
f 1104/2295/6100 1121/2293/6101 1092/2294/6102
f 1104/2295/6103 1092/2294/6104 1091/2296/6105
f 1091/2297/6106 1101/2299/6107 1104/2298/6108
f 1091/2297/6109 1109/2300/6110 1101/2299/6111
f 1096/2301/6112 1101/2303/6113 1109/2302/6114
f 1096/2301/6115 1100/2304/6116 1101/2303/6117
f 1108/2305/6118 1096/2307/6119 1109/2306/6120
f 1108/2305/6121 1085/2308/6122 1096/2307/6123
f 1122/2309/6124 1124/2311/6125 1123/2310/6126
f 1122/2309/6127 1125/2312/6128 1124/2311/6129
f 1125/2312/6130 1126/2313/6131 1124/2311/6132
f 1125/2312/6133 1127/2314/6134 1126/2313/6135
f 1127/2314/6136 1128/2315/6137 1126/2313/6138
f 1127/2314/6139 1129/2316/6140 1128/2315/6141
f 1129/2316/6142 1130/2317/6143 1128/2315/6144
f 1129/2316/6145 1131/2318/6146 1130/2317/6147
f 1131/2318/6148 1132/2319/6149 1130/2317/6150
f 1131/2318/6151 1133/2320/6152 1132/2319/6153
f 1128/2315/6154 1130/2317/6155 1134/2321/6156
f 1126/2313/6157 1128/2315/6158 1134/2321/6159
f 1124/2311/6160 1126/2313/6161 1135/2322/6162
f 1126/2313/6163 1134/2321/6164 1135/2322/6165
f 1124/2311/6166 1135/2322/6167 1136/2323/6168
f 1123/2324/6169 1124/2311/6170 1136/2323/6171
f 1134/2321/6172 1137/2325/6173 1135/2322/6174
f 1134/2321/6175 1138/2326/6176 1137/2325/6177
f 1130/2327/6178 1138/2326/6179 1134/2321/6180
f 1130/2327/6181 1132/2328/6182 1138/2326/6183
f 1139/2329/6184 1125/2331/6185 1122/2330/6186
f 1139/2329/6187 1140/2332/6188 1125/2331/6189
f 1140/2332/6190 1127/2333/6191 1125/2331/6192
f 1140/2332/6193 1141/2334/6194 1127/2333/6195
f 1141/2334/6196 1129/2335/6197 1127/2333/6198
f 1141/2334/6199 1142/2336/6200 1129/2335/6201
f 1142/2336/6202 1131/2337/6203 1129/2335/6204
f 1142/2336/6205 1143/2338/6206 1131/2337/6207
f 1143/2338/6208 1133/2339/6209 1131/2337/6210
f 1143/2338/6211 1144/2340/6212 1133/2339/6213
f 1136/2341/6214 1145/2343/6215 1123/2342/6216
f 1136/2341/6217 1146/2344/6218 1145/2343/6219
f 1135/2345/6220 1146/2344/6221 1136/2341/6222
f 1135/2345/6223 1137/2346/6224 1146/2344/6225
f 1137/2346/6226 1138/2347/6227 1146/2344/6228
f 1138/2347/6229 1145/2348/6230 1146/2344/6231
f 1145/2348/6232 1138/2347/6233 1132/2349/6234
f 1147/2350/6235 1149/2352/6236 1148/2351/6237
f 1149/2352/6238 1147/2350/6239 1150/2353/6240
f 1149/2352/6241 1150/2353/6242 1151/2354/6243
f 1151/2354/6244 1150/2353/6245 1152/2355/6246
f 1153/2356/6247 1149/2352/6248 1151/2354/6249
f 1153/2356/6250 1151/2354/6251 1154/2357/6252
f 1154/2357/6253 1151/2354/6254 1152/2355/6255
f 1154/2357/6256 1152/2355/6257 1155/2358/6258
f 1144/2359/6259 1149/2352/6260 1156/2360/6261
f 1144/2359/6262 1148/2361/6263 1149/2352/6264
f 1157/2362/6265 1132/2364/6266 1133/2363/6267
f 1157/2362/6268 1145/2365/6269 1132/2364/6270
f 1123/2366/6271 1145/2365/6272 1157/2362/6273
f 1123/2366/6274 1157/2362/6275 1122/2367/6276
f 1122/2368/6277 1156/2370/6278 1139/2369/6279
f 1122/2368/6280 1157/2371/6281 1156/2370/6282
f 1158/2372/6283 1150/2374/6284 1147/2373/6285
f 1158/2372/6286 1147/2373/6287 1159/2375/6288
f 1159/2375/6289 1147/2373/6290 1148/2376/6291
f 1160/2377/6292 1158/2372/6293 1159/2375/6294
f 1159/2375/6295 1148/2376/6296 1161/2378/6297
f 1160/2377/6298 1159/2375/6299 1162/2379/6300
f 1162/2379/6301 1159/2375/6302 1161/2378/6303
f 1163/2380/6304 1160/2377/6305 1162/2379/6306
f 1162/2379/6307 1161/2378/6308 1164/2381/6309
f 1163/2380/6310 1162/2379/6311 1165/2382/6312
f 1165/2382/6313 1162/2379/6314 1164/2381/6315
f 1166/2383/6316 1163/2380/6317 1165/2382/6318
f 1165/2382/6319 1164/2381/6320 1167/2384/6321
f 1166/2383/6322 1165/2382/6323 1168/2385/6324
f 1168/2385/6325 1165/2382/6326 1167/2384/6327
f 1155/2386/6328 1166/2383/6329 1168/2385/6330
f 1168/2385/6331 1167/2384/6332 1169/2387/6333
f 1155/2386/6334 1168/2385/6335 1154/2388/6336
f 1154/2388/6337 1168/2385/6338 1169/2387/6339
f 1154/2388/6340 1169/2387/6341 1153/2389/6342
f 1161/2390/6343 1148/2392/6344 1144/2391/6345
f 1161/2390/6346 1144/2391/6347 1143/2393/6348
f 1164/2394/6349 1161/2390/6350 1143/2393/6351
f 1164/2394/6352 1143/2393/6353 1142/2395/6354
f 1167/2396/6355 1164/2394/6356 1142/2395/6357
f 1167/2396/6358 1142/2395/6359 1141/2397/6360
f 1169/2398/6361 1167/2396/6362 1141/2397/6363
f 1169/2398/6364 1141/2397/6365 1140/2399/6366
f 1153/2400/6367 1169/2398/6368 1140/2399/6369
f 1153/2400/6370 1140/2399/6371 1139/2401/6372
f 1139/2402/6373 1149/2404/6374 1153/2403/6375
f 1139/2402/6376 1156/2405/6377 1149/2404/6378
f 1157/2406/6379 1144/2408/6380 1156/2407/6381
f 1157/2406/6382 1133/2409/6383 1144/2408/6384
f 1170/2410/6385 1172/2412/6386 1171/2411/6387
f 1170/2410/6388 1173/2413/6389 1172/2412/6390
f 1173/2413/6391 1174/2414/6392 1172/2412/6393
f 1173/2413/6394 1175/2415/6395 1174/2414/6396
f 1175/2415/6397 1176/2416/6398 1174/2414/6399
f 1175/2415/6400 1177/2417/6401 1176/2416/6402
f 1177/2417/6403 1178/2418/6404 1176/2416/6405
f 1177/2417/6406 1179/2419/6407 1178/2418/6408
f 1179/2419/6409 1180/2420/6410 1178/2418/6411
f 1179/2419/6412 1181/2421/6413 1180/2420/6414
f 1176/2416/6415 1178/2418/6416 1182/2422/6417
f 1174/2414/6418 1176/2416/6419 1182/2422/6420
f 1172/2412/6421 1174/2414/6422 1183/2423/6423
f 1174/2414/6424 1182/2422/6425 1183/2423/6426
f 1172/2412/6427 1183/2423/6428 1184/2424/6429
f 1171/2425/6430 1172/2412/6431 1184/2424/6432
f 1182/2422/6433 1185/2426/6434 1183/2423/6435
f 1182/2422/6436 1186/2427/6437 1185/2426/6438
f 1178/2428/6439 1186/2427/6440 1182/2422/6441
f 1178/2428/6442 1180/2429/6443 1186/2427/6444
f 1187/2430/6445 1173/2432/6446 1170/2431/6447
f 1187/2430/6448 1188/2433/6449 1173/2432/6450
f 1188/2433/6451 1175/2434/6452 1173/2432/6453
f 1188/2433/6454 1189/2435/6455 1175/2434/6456
f 1189/2435/6457 1177/2436/6458 1175/2434/6459
f 1189/2435/6460 1190/2437/6461 1177/2436/6462
f 1190/2437/6463 1179/2438/6464 1177/2436/6465
f 1190/2437/6466 1191/2439/6467 1179/2438/6468
f 1191/2439/6469 1181/2440/6470 1179/2438/6471
f 1191/2439/6472 1192/2441/6473 1181/2440/6474
f 1184/2442/6475 1193/2444/6476 1171/2443/6477
f 1184/2442/6478 1194/2445/6479 1193/2444/6480
f 1183/2446/6481 1194/2445/6482 1184/2442/6483
f 1183/2446/6484 1185/2447/6485 1194/2445/6486
f 1194/2445/6487 1185/2447/6488 1186/2448/6489
f 1186/2448/6490 1193/2449/6491 1194/2445/6492
f 1193/2449/6493 1186/2448/6494 1180/2450/6495
f 1195/2451/6496 1197/2453/6497 1196/2452/6498
f 1198/2454/6499 1197/2453/6500 1195/2451/6501
f 1198/2454/6502 1199/2455/6503 1197/2453/6504
f 1199/2455/6505 1198/2454/6506 1200/2456/6507
f 1201/2457/6508 1200/2456/6509 1198/2454/6510
f 1201/2457/6511 1198/2454/6512 1202/2458/6513
f 1202/2458/6514 1198/2454/6515 1195/2451/6516
f 1202/2458/6517 1195/2451/6518 1203/2459/6519
f 1204/2460/6520 1180/2462/6521 1181/2461/6522
f 1204/2460/6523 1193/2463/6524 1180/2462/6525
f 1171/2464/6526 1193/2463/6527 1204/2460/6528
f 1171/2464/6529 1204/2460/6530 1170/2465/6531
f 1170/2466/6532 1205/2468/6533 1187/2467/6534
f 1170/2466/6535 1204/2469/6536 1205/2468/6537
f 1206/2470/6538 1196/2472/6539 1197/2471/6540
f 1206/2470/6541 1197/2471/6542 1207/2473/6543
f 1207/2473/6544 1197/2471/6545 1199/2474/6546
f 1208/2475/6547 1206/2470/6548 1207/2473/6549
f 1207/2473/6550 1199/2474/6551 1209/2476/6552
f 1208/2475/6553 1207/2473/6554 1210/2477/6555
f 1210/2477/6556 1207/2473/6557 1209/2476/6558
f 1211/2478/6559 1208/2475/6560 1210/2477/6561
f 1210/2477/6562 1209/2476/6563 1212/2479/6564
f 1211/2478/6565 1210/2477/6566 1213/2480/6567
f 1213/2480/6568 1210/2477/6569 1212/2479/6570
f 1214/2481/6571 1211/2478/6572 1213/2480/6573
f 1213/2480/6574 1212/2479/6575 1215/2482/6576
f 1214/2481/6577 1213/2480/6578 1216/2483/6579
f 1216/2483/6580 1213/2480/6581 1215/2482/6582
f 1203/2484/6583 1214/2481/6584 1216/2483/6585
f 1216/2483/6586 1215/2482/6587 1217/2485/6588
f 1203/2484/6589 1216/2483/6590 1202/2486/6591
f 1202/2486/6592 1216/2483/6593 1217/2485/6594
f 1202/2486/6595 1217/2485/6596 1201/2487/6597
f 1209/2488/6598 1199/2490/6599 1192/2489/6600
f 1209/2488/6601 1192/2489/6602 1191/2491/6603
f 1212/2492/6604 1209/2488/6605 1191/2491/6606
f 1212/2492/6607 1191/2491/6608 1190/2493/6609
f 1215/2494/6610 1212/2492/6611 1190/2493/6612
f 1215/2494/6613 1190/2493/6614 1189/2495/6615
f 1217/2496/6616 1215/2494/6617 1189/2495/6618
f 1217/2496/6619 1189/2495/6620 1188/2497/6621
f 1201/2498/6622 1217/2496/6623 1188/2497/6624
f 1201/2498/6625 1188/2497/6626 1187/2499/6627
f 1187/2500/6628 1200/2502/6629 1201/2501/6630
f 1187/2500/6631 1205/2503/6632 1200/2502/6633
f 1192/2504/6634 1200/2506/6635 1205/2505/6636
f 1192/2504/6637 1199/2507/6638 1200/2506/6639
f 1204/2508/6640 1192/2510/6641 1205/2509/6642
f 1204/2508/6643 1181/2511/6644 1192/2510/6645
f 1218/2512/6646 1220/2514/6647 1219/2513/6648
f 1218/2512/6649 1221/2515/6650 1220/2514/6651
f 1221/2515/6652 1222/2516/6653 1220/2514/6654
f 1221/2515/6655 1223/2517/6656 1222/2516/6657
f 1223/2517/6658 1224/2518/6659 1222/2516/6660
f 1223/2517/6661 1225/2519/6662 1224/2518/6663
f 1225/2519/6664 1226/2520/6665 1224/2518/6666
f 1225/2519/6667 1227/2521/6668 1226/2520/6669
f 1227/2521/6670 1228/2522/6671 1226/2520/6672
f 1227/2521/6673 1229/2523/6674 1228/2522/6675
f 1224/2518/6676 1226/2520/6677 1230/2524/6678
f 1222/2516/6679 1224/2518/6680 1230/2524/6681
f 1220/2514/6682 1222/2516/6683 1231/2525/6684
f 1222/2516/6685 1230/2524/6686 1231/2525/6687
f 1220/2514/6688 1231/2525/6689 1232/2526/6690
f 1219/2527/6691 1220/2514/6692 1232/2526/6693
f 1230/2524/6694 1233/2528/6695 1231/2525/6696
f 1230/2524/6697 1234/2529/6698 1233/2528/6699
f 1226/2530/6700 1234/2529/6701 1230/2524/6702
f 1226/2530/6703 1228/2531/6704 1234/2529/6705
f 1235/2532/6706 1221/2534/6707 1218/2533/6708
f 1235/2532/6709 1236/2535/6710 1221/2534/6711
f 1236/2535/6712 1223/2536/6713 1221/2534/6714
f 1236/2535/6715 1237/2537/6716 1223/2536/6717
f 1237/2537/6718 1225/2538/6719 1223/2536/6720
f 1237/2537/6721 1238/2539/6722 1225/2538/6723
f 1238/2539/6724 1227/2540/6725 1225/2538/6726
f 1238/2539/6727 1239/2541/6728 1227/2540/6729
f 1239/2541/6730 1229/2542/6731 1227/2540/6732
f 1239/2541/6733 1240/2543/6734 1229/2542/6735
f 1232/2544/6736 1241/2546/6737 1219/2545/6738
f 1232/2544/6739 1242/2547/6740 1241/2546/6741
f 1231/2548/6742 1242/2547/6743 1232/2544/6744
f 1231/2548/6745 1233/2549/6746 1242/2547/6747
f 1234/2550/6748 1242/2547/6749 1233/2549/6750
f 1242/2547/6751 1234/2550/6752 1241/2551/6753
f 1241/2551/6754 1234/2550/6755 1228/2552/6756
f 1243/2553/6757 1245/2555/6758 1244/2554/6759
f 1243/2553/6760 1246/2556/6761 1245/2555/6762
f 1247/2557/6763 1246/2556/6764 1243/2553/6765
f 1248/2558/6766 1245/2555/6767 1246/2556/6768
f 1246/2556/6769 1247/2557/6770 1249/2559/6771
f 1248/2558/6772 1246/2556/6773 1250/2560/6774
f 1250/2560/6775 1246/2556/6776 1249/2559/6777
f 1250/2560/6778 1249/2559/6779 1251/2561/6780
f 1252/2562/6781 1228/2564/6782 1229/2563/6783
f 1252/2562/6784 1241/2565/6785 1228/2564/6786
f 1219/2566/6787 1241/2565/6788 1252/2562/6789
f 1219/2566/6790 1252/2562/6791 1218/2567/6792
f 1218/2568/6793 1253/2570/6794 1235/2569/6795
f 1218/2568/6796 1252/2571/6797 1253/2570/6798
f 1254/2572/6799 1247/2574/6800 1243/2573/6801
f 1254/2572/6802 1243/2573/6803 1255/2575/6804
f 1255/2575/6805 1243/2573/6806 1244/2576/6807
f 1256/2577/6808 1254/2572/6809 1255/2575/6810
f 1255/2575/6811 1244/2576/6812 1257/2578/6813
f 1256/2577/6814 1255/2575/6815 1258/2579/6816
f 1258/2579/6817 1255/2575/6818 1257/2578/6819
f 1259/2580/6820 1256/2577/6821 1258/2579/6822
f 1258/2579/6823 1257/2578/6824 1260/2581/6825
f 1259/2580/6826 1258/2579/6827 1261/2582/6828
f 1261/2582/6829 1258/2579/6830 1260/2581/6831
f 1262/2583/6832 1259/2580/6833 1261/2582/6834
f 1261/2582/6835 1260/2581/6836 1263/2584/6837
f 1262/2583/6838 1261/2582/6839 1264/2585/6840
f 1264/2585/6841 1261/2582/6842 1263/2584/6843
f 1251/2586/6844 1262/2583/6845 1264/2585/6846
f 1264/2585/6847 1263/2584/6848 1265/2587/6849
f 1251/2586/6850 1264/2585/6851 1250/2588/6852
f 1250/2588/6853 1264/2585/6854 1265/2587/6855
f 1250/2588/6856 1265/2587/6857 1248/2589/6858
f 1257/2590/6859 1244/2592/6860 1240/2591/6861
f 1257/2590/6862 1240/2591/6863 1239/2593/6864
f 1260/2594/6865 1257/2590/6866 1239/2593/6867
f 1260/2594/6868 1239/2593/6869 1238/2595/6870
f 1263/2596/6871 1260/2594/6872 1238/2595/6873
f 1263/2596/6874 1238/2595/6875 1237/2597/6876
f 1265/2598/6877 1263/2596/6878 1237/2597/6879
f 1265/2598/6880 1237/2597/6881 1236/2599/6882
f 1248/2600/6883 1265/2598/6884 1236/2599/6885
f 1248/2600/6886 1236/2599/6887 1235/2601/6888
f 1235/2602/6889 1245/2604/6890 1248/2603/6891
f 1235/2602/6892 1253/2605/6893 1245/2604/6894
f 1240/2606/6895 1245/2608/6896 1253/2607/6897
f 1240/2606/6898 1244/2609/6899 1245/2608/6900
f 1252/2610/6901 1240/2612/6902 1253/2611/6903
f 1252/2610/6904 1229/2613/6905 1240/2612/6906
f 1266/2614/6907 1268/2616/6908 1267/2615/6909
f 1266/2614/6910 1267/2615/6911 1269/2617/6912
f 1270/2618/6913 1266/2614/6914 1269/2617/6915
f 1269/2617/6916 1267/2615/6917 1271/2619/6918
f 1270/2618/6919 1269/2617/6920 1272/2620/6921
f 1273/2621/6922 1270/2618/6923 1272/2620/6924
f 1269/2617/6925 1271/2619/6926 1274/2622/6927
f 1272/2620/6928 1269/2617/6929 1274/2622/6930
f 1274/2622/6931 1271/2619/6932 1275/2623/6933
f 1274/2622/6934 1275/2623/6935 1276/2624/6936
f 1277/2625/6937 1274/2622/6938 1276/2624/6939
f 1272/2620/6940 1274/2622/6941 1277/2625/6942
f 1277/2625/6943 1276/2624/6944 1278/2626/6945
f 1273/2621/6946 1272/2620/6947 1279/2627/6948
f 1279/2627/6949 1272/2620/6950 1277/2625/6951
f 1279/2627/6952 1280/2628/6953 1273/2621/6954
f 1281/2629/6955 1277/2625/6956 1278/2626/6957
f 1279/2627/6958 1277/2625/6959 1281/2629/6960
f 1281/2629/6961 1278/2626/6962 1282/2630/6963
f 1279/2627/6964 1283/2631/6965 1280/2628/6966
f 1281/2629/6967 1283/2631/6968 1279/2627/6969
f 1283/2631/6970 1284/2632/6971 1280/2628/6972
f 1282/2630/6973 1285/2633/6974 1281/2629/6975
f 1281/2629/6976 1285/2633/6977 1283/2631/6978
f 1282/2630/6979 1286/2634/6980 1285/2633/6981
f 1283/2631/6982 1287/2635/6983 1284/2632/6984
f 1285/2633/6985 1287/2635/6986 1283/2631/6987
f 1287/2635/6988 1288/2636/6989 1284/2632/6990
f 1287/2635/6991 1289/2637/6992 1288/2636/6993
f 1286/2634/6994 1290/2638/6995 1285/2633/6996
f 1285/2633/6997 1290/2638/6998 1287/2635/6999
f 1290/2638/7000 1289/2637/7001 1287/2635/7002
f 1286/2634/7003 1291/2639/7004 1290/2638/7005
f 1290/2638/7006 1292/2640/7007 1289/2637/7008
f 1291/2639/7009 1292/2640/7010 1290/2638/7011
f 1291/2639/7012 1293/2641/7013 1292/2640/7014
f 1276/2642/7015 1275/2644/7016 1294/2643/7017
f 1276/2642/7018 1294/2643/7019 1295/2645/7020
f 1295/2645/7021 1294/2643/7022 1296/2646/7023
f 1278/2647/7024 1276/2642/7025 1295/2645/7026
f 1295/2645/7027 1296/2646/7028 1297/2648/7029
f 1278/2647/7030 1295/2645/7031 1298/2649/7032
f 1298/2649/7033 1295/2645/7034 1297/2648/7035
f 1282/2650/7036 1278/2647/7037 1298/2649/7038
f 1298/2649/7039 1297/2648/7040 1299/2651/7041
f 1282/2650/7042 1298/2649/7043 1300/2652/7044
f 1300/2652/7045 1298/2649/7046 1299/2651/7047
f 1300/2652/7048 1286/2653/7049 1282/2650/7050
f 1300/2652/7051 1299/2651/7052 1301/2654/7053
f 1300/2652/7054 1302/2655/7055 1286/2653/7056
f 1301/2654/7057 1302/2655/7058 1300/2652/7059
f 1302/2655/7060 1291/2656/7061 1286/2653/7062
f 1301/2654/7063 1303/2657/7064 1302/2655/7065
f 1302/2655/7066 1304/2658/7067 1291/2656/7068
f 1303/2657/7069 1304/2658/7070 1302/2655/7071
f 1304/2658/7072 1293/2659/7073 1291/2656/7074
f 1303/2657/7075 1305/2660/7076 1304/2658/7077
f 1304/2658/7078 1306/2661/7079 1293/2659/7080
f 1305/2660/7081 1306/2661/7082 1304/2658/7083
f 1305/2660/7084 1307/2662/7085 1306/2661/7086
f 1297/2663/7087 1296/2665/7088 1308/2664/7089
f 1297/2663/7090 1308/2664/7091 1309/2666/7092
f 1309/2666/7093 1308/2664/7094 1268/2667/7095
f 1299/2668/7096 1297/2663/7097 1309/2666/7098
f 1309/2666/7099 1268/2667/7100 1266/2669/7101
f 1299/2668/7102 1309/2666/7103 1310/2670/7104
f 1310/2670/7105 1309/2666/7106 1266/2669/7107
f 1301/2671/7108 1299/2668/7109 1310/2670/7110
f 1310/2670/7111 1266/2669/7112 1270/2672/7113
f 1301/2671/7114 1310/2670/7115 1311/2673/7116
f 1311/2673/7117 1310/2670/7118 1270/2672/7119
f 1311/2673/7120 1303/2674/7121 1301/2671/7122
f 1311/2673/7123 1270/2672/7124 1273/2675/7125
f 1311/2673/7126 1312/2676/7127 1303/2674/7128
f 1273/2675/7129 1312/2676/7130 1311/2673/7131
f 1312/2676/7132 1305/2677/7133 1303/2674/7134
f 1273/2675/7135 1280/2678/7136 1312/2676/7137
f 1312/2676/7138 1313/2679/7139 1305/2677/7140
f 1280/2678/7141 1313/2679/7142 1312/2676/7143
f 1313/2679/7144 1307/2680/7145 1305/2677/7146
f 1280/2678/7147 1284/2681/7148 1313/2679/7149
f 1313/2679/7150 1314/2682/7151 1307/2680/7152
f 1284/2681/7153 1314/2682/7154 1313/2679/7155
f 1284/2681/7156 1288/2683/7157 1314/2682/7158
f 1296/2684/7159 1268/2686/7160 1308/2685/7161
f 1268/2686/7162 1296/2684/7163 1267/2687/7164
f 1267/2687/7165 1296/2684/7166 1294/2688/7167
f 1267/2687/7168 1294/2688/7169 1271/2689/7170
f 1271/2689/7171 1294/2688/7172 1275/2690/7173
f 1288/2691/7174 1307/2693/7175 1314/2692/7176
f 1307/2693/7177 1288/2691/7178 1289/2694/7179
f 1307/2693/7180 1289/2694/7181 1306/2695/7182
f 1306/2695/7183 1289/2694/7184 1292/2696/7185
f 1306/2695/7186 1292/2696/7187 1293/2697/7188
usemtl corn_stalkSG1
f 1315/2698/7189 1317/2700/7190 1316/2699/7191
f 1315/2698/7192 1318/2701/7193 1317/2700/7194
f 1318/2701/7195 1319/2702/7196 1317/2700/7197
f 1318/2701/7198 1320/2703/7199 1319/2702/7200
f 1320/2703/7201 1321/2704/7202 1319/2702/7203
f 1320/2703/7204 1322/2705/7205 1321/2704/7206
f 1322/2705/7207 1323/2706/7208 1321/2704/7209
f 1322/2705/7210 1324/2707/7211 1323/2706/7212
f 1324/2707/7213 1325/2708/7214 1323/2706/7215
f 1324/2707/7216 1326/2709/7217 1325/2708/7218
f 1321/2704/7219 1323/2706/7220 1327/2710/7221
f 1319/2702/7222 1321/2704/7223 1327/2710/7224
f 1317/2700/7225 1319/2702/7226 1328/2711/7227
f 1319/2702/7228 1327/2710/7229 1328/2711/7230
f 1317/2700/7231 1328/2711/7232 1329/2712/7233
f 1316/2713/7234 1317/2700/7235 1329/2712/7236
f 1327/2710/7237 1330/2714/7238 1328/2711/7239
f 1327/2710/7240 1331/2715/7241 1330/2714/7242
f 1323/2716/7243 1331/2715/7244 1327/2710/7245
f 1323/2716/7246 1325/2717/7247 1331/2715/7248
f 1332/2718/7249 1318/2720/7250 1315/2719/7251
f 1332/2718/7252 1333/2721/7253 1318/2720/7254
f 1333/2721/7255 1320/2722/7256 1318/2720/7257
f 1333/2721/7258 1334/2723/7259 1320/2722/7260
f 1334/2723/7261 1322/2724/7262 1320/2722/7263
f 1334/2723/7264 1335/2725/7265 1322/2724/7266
f 1335/2725/7267 1324/2726/7268 1322/2724/7269
f 1335/2725/7270 1336/2727/7271 1324/2726/7272
f 1336/2727/7273 1326/2728/7274 1324/2726/7275
f 1336/2727/7276 1337/2729/7277 1326/2728/7278
f 1329/2730/7279 1338/2732/7280 1316/2731/7281
f 1329/2730/7282 1339/2733/7283 1338/2732/7284
f 1328/2734/7285 1339/2733/7286 1329/2730/7287
f 1328/2734/7288 1330/2735/7289 1339/2733/7290
f 1331/2736/7291 1339/2733/7292 1330/2735/7293
f 1325/2737/7294 1339/2733/7295 1331/2736/7296
f 1339/2733/7297 1325/2737/7298 1338/2738/7299
f 1340/2739/7300 1342/2741/7301 1341/2740/7302
f 1343/2742/7303 1342/2741/7304 1340/2739/7305
f 1343/2742/7306 1344/2743/7307 1342/2741/7308
f 1344/2743/7309 1343/2742/7310 1345/2744/7311
f 1346/2745/7312 1345/2744/7313 1343/2742/7314
f 1346/2745/7315 1343/2742/7316 1347/2746/7317
f 1347/2746/7318 1343/2742/7319 1340/2739/7320
f 1347/2746/7321 1340/2739/7322 1348/2747/7323
f 1349/2748/7324 1325/2750/7325 1326/2749/7326
f 1349/2748/7327 1338/2751/7328 1325/2750/7329
f 1316/2752/7330 1338/2751/7331 1349/2748/7332
f 1316/2752/7333 1349/2748/7334 1315/2753/7335
f 1315/2754/7336 1350/2756/7337 1332/2755/7338
f 1315/2754/7339 1349/2757/7340 1350/2756/7341
f 1351/2758/7342 1341/2760/7343 1342/2759/7344
f 1351/2758/7345 1342/2759/7346 1352/2761/7347
f 1352/2761/7348 1342/2759/7349 1344/2762/7350
f 1353/2763/7351 1351/2758/7352 1352/2761/7353
f 1352/2761/7354 1344/2762/7355 1354/2764/7356
f 1353/2763/7357 1352/2761/7358 1355/2765/7359
f 1355/2765/7360 1352/2761/7361 1354/2764/7362
f 1356/2766/7363 1353/2763/7364 1355/2765/7365
f 1355/2765/7366 1354/2764/7367 1357/2767/7368
f 1356/2766/7369 1355/2765/7370 1358/2768/7371
f 1358/2768/7372 1355/2765/7373 1357/2767/7374
f 1359/2769/7375 1356/2766/7376 1358/2768/7377
f 1358/2768/7378 1357/2767/7379 1360/2770/7380
f 1359/2769/7381 1358/2768/7382 1361/2771/7383
f 1361/2771/7384 1358/2768/7385 1360/2770/7386
f 1348/2772/7387 1359/2769/7388 1361/2771/7389
f 1361/2771/7390 1360/2770/7391 1362/2773/7392
f 1348/2772/7393 1361/2771/7394 1347/2774/7395
f 1347/2774/7396 1361/2771/7397 1362/2773/7398
f 1347/2774/7399 1362/2773/7400 1346/2775/7401
f 1354/2776/7402 1344/2778/7403 1337/2777/7404
f 1354/2776/7405 1337/2777/7406 1336/2779/7407
f 1357/2780/7408 1354/2776/7409 1336/2779/7410
f 1357/2780/7411 1336/2779/7412 1335/2781/7413
f 1360/2782/7414 1357/2780/7415 1335/2781/7416
f 1360/2782/7417 1335/2781/7418 1334/2783/7419
f 1362/2784/7420 1360/2782/7421 1334/2783/7422
f 1362/2784/7423 1334/2783/7424 1333/2785/7425
f 1346/2786/7426 1362/2784/7427 1333/2785/7428
f 1346/2786/7429 1333/2785/7430 1332/2787/7431
f 1332/2788/7432 1345/2790/7433 1346/2789/7434
f 1332/2788/7435 1350/2791/7436 1345/2790/7437
f 1337/2792/7438 1345/2794/7439 1350/2793/7440
f 1337/2792/7441 1344/2795/7442 1345/2794/7443
f 1349/2796/7444 1337/2798/7445 1350/2797/7446
f 1349/2796/7447 1326/2799/7448 1337/2798/7449
f 1363/2800/7450 1365/2802/7451 1364/2801/7452
f 1363/2800/7453 1366/2803/7454 1365/2802/7455
f 1366/2803/7456 1367/2804/7457 1365/2802/7458
f 1366/2803/7459 1368/2805/7460 1367/2804/7461
f 1368/2805/7462 1369/2806/7463 1367/2804/7464
f 1368/2805/7465 1370/2807/7466 1369/2806/7467
f 1370/2807/7468 1371/2808/7469 1369/2806/7470
f 1370/2807/7471 1372/2809/7472 1371/2808/7473
f 1372/2809/7474 1373/2810/7475 1371/2808/7476
f 1372/2809/7477 1374/2811/7478 1373/2810/7479
f 1369/2806/7480 1371/2808/7481 1375/2812/7482
f 1367/2804/7483 1369/2806/7484 1375/2812/7485
f 1365/2802/7486 1367/2804/7487 1376/2813/7488
f 1367/2804/7489 1375/2812/7490 1376/2813/7491
f 1365/2802/7492 1376/2813/7493 1377/2814/7494
f 1364/2815/7495 1365/2802/7496 1377/2814/7497
f 1375/2812/7498 1378/2816/7499 1376/2813/7500
f 1375/2812/7501 1379/2817/7502 1378/2816/7503
f 1371/2818/7504 1379/2817/7505 1375/2812/7506
f 1371/2818/7507 1373/2819/7508 1379/2817/7509
f 1380/2820/7510 1366/2822/7511 1363/2821/7512
f 1380/2820/7513 1381/2823/7514 1366/2822/7515
f 1381/2823/7516 1368/2824/7517 1366/2822/7518
f 1381/2823/7519 1382/2825/7520 1368/2824/7521
f 1382/2825/7522 1370/2826/7523 1368/2824/7524
f 1382/2825/7525 1383/2827/7526 1370/2826/7527
f 1383/2827/7528 1372/2828/7529 1370/2826/7530
f 1383/2827/7531 1384/2829/7532 1372/2828/7533
f 1384/2829/7534 1374/2830/7535 1372/2828/7536
f 1384/2829/7537 1385/2831/7538 1374/2830/7539
f 1377/2832/7540 1386/2834/7541 1364/2833/7542
f 1377/2832/7543 1387/2835/7544 1386/2834/7545
f 1376/2836/7546 1387/2835/7547 1377/2832/7548
f 1376/2836/7549 1378/2837/7550 1387/2835/7551
f 1379/2838/7552 1387/2835/7553 1378/2837/7554
f 1373/2839/7555 1387/2835/7556 1379/2838/7557
f 1387/2835/7558 1373/2839/7559 1386/2840/7560
f 1388/2841/7561 1390/2843/7562 1389/2842/7563
f 1391/2844/7564 1390/2843/7565 1388/2841/7566
f 1391/2844/7567 1392/2845/7568 1390/2843/7569
f 1392/2845/7570 1391/2844/7571 1393/2846/7572
f 1394/2847/7573 1393/2846/7574 1391/2844/7575
f 1394/2847/7576 1391/2844/7577 1395/2848/7578
f 1395/2848/7579 1391/2844/7580 1388/2841/7581
f 1395/2848/7582 1388/2841/7583 1396/2849/7584
f 1397/2850/7585 1373/2852/7586 1374/2851/7587
f 1397/2850/7588 1386/2853/7589 1373/2852/7590
f 1364/2854/7591 1386/2853/7592 1397/2850/7593
f 1364/2854/7594 1397/2850/7595 1363/2855/7596
f 1363/2856/7597 1398/2858/7598 1380/2857/7599
f 1363/2856/7600 1397/2859/7601 1398/2858/7602
f 1399/2860/7603 1389/2862/7604 1390/2861/7605
f 1399/2860/7606 1390/2861/7607 1400/2863/7608
f 1400/2863/7609 1390/2861/7610 1392/2864/7611
f 1401/2865/7612 1399/2860/7613 1400/2863/7614
f 1400/2863/7615 1392/2864/7616 1402/2866/7617
f 1401/2865/7618 1400/2863/7619 1403/2867/7620
f 1403/2867/7621 1400/2863/7622 1402/2866/7623
f 1404/2868/7624 1401/2865/7625 1403/2867/7626
f 1403/2867/7627 1402/2866/7628 1405/2869/7629
f 1404/2868/7630 1403/2867/7631 1406/2870/7632
f 1406/2870/7633 1403/2867/7634 1405/2869/7635
f 1407/2871/7636 1404/2868/7637 1406/2870/7638
f 1406/2870/7639 1405/2869/7640 1408/2872/7641
f 1407/2871/7642 1406/2870/7643 1409/2873/7644
f 1409/2873/7645 1406/2870/7646 1408/2872/7647
f 1396/2874/7648 1407/2871/7649 1409/2873/7650
f 1409/2873/7651 1408/2872/7652 1410/2875/7653
f 1396/2874/7654 1409/2873/7655 1395/2876/7656
f 1395/2876/7657 1409/2873/7658 1410/2875/7659
f 1395/2876/7660 1410/2875/7661 1394/2877/7662
f 1402/2878/7663 1392/2880/7664 1385/2879/7665
f 1402/2878/7666 1385/2879/7667 1384/2881/7668
f 1405/2882/7669 1402/2878/7670 1384/2881/7671
f 1405/2882/7672 1384/2881/7673 1383/2883/7674
f 1408/2884/7675 1405/2882/7676 1383/2883/7677
f 1408/2884/7678 1383/2883/7679 1382/2885/7680
f 1410/2886/7681 1408/2884/7682 1382/2885/7683
f 1410/2886/7684 1382/2885/7685 1381/2887/7686
f 1394/2888/7687 1410/2886/7688 1381/2887/7689
f 1394/2888/7690 1381/2887/7691 1380/2889/7692
f 1380/2890/7693 1393/2892/7694 1394/2891/7695
f 1380/2890/7696 1398/2893/7697 1393/2892/7698
f 1385/2894/7699 1393/2896/7700 1398/2895/7701
f 1385/2894/7702 1392/2897/7703 1393/2896/7704
f 1397/2898/7705 1385/2900/7706 1398/2899/7707
f 1397/2898/7708 1374/2901/7709 1385/2900/7710
