# This file uses centimeters as units for non-parametric coordinates.

mtllib gazebo.mtl
g default
v -72.068659 371.934026 -496.822119
v -105.245203 434.050473 -537.868998
v -109.253542 434.335114 -533.016518
v -76.076970 372.218614 -491.969640
v -101.464663 437.950932 -535.021493
v -105.473003 438.235521 -530.169013
v -68.288093 375.834437 -493.974608
v -72.296430 376.119026 -489.122128
vt 0.375000 0.000000
vt 0.375000 0.250000
vt 0.625000 0.250000
vt 0.625000 0.000000
vt 0.375000 0.250000
vt 0.375000 0.500000
vt 0.625000 0.500000
vt 0.625000 0.250000
vt 0.375000 0.500000
vt 0.375000 0.750000
vt 0.625000 0.750000
vt 0.625000 0.500000
vt 0.375000 0.750000
vt 0.375000 1.000000
vt 0.625000 1.000000
vt 0.625000 0.750000
vt 0.625000 0.000000
vt 0.625000 0.250000
vt 0.875000 0.250000
vt 0.875000 0.000000
vt 0.125000 0.000000
vt 0.125000 0.250000
vt 0.375000 0.250000
vt 0.375000 0.000000
vn -0.612427 -0.636712 -0.468542
vn -0.612427 -0.636712 -0.468542
vn -0.612427 -0.636712 -0.468542
vn -0.612427 -0.636712 -0.468542
vn -0.612427 -0.636712 -0.468542
vn -0.612427 -0.636712 -0.468542
vn -0.468854 0.770162 -0.432466
vn -0.468854 0.770162 -0.432466
vn -0.468854 0.770162 -0.432466
vn -0.468854 0.770162 -0.432466
vn -0.468854 0.770162 -0.432466
vn -0.468854 0.770162 -0.432466
vn 0.612425 0.636714 0.468542
vn 0.612425 0.636714 0.468542
vn 0.612425 0.636714 0.468542
vn 0.612425 0.636714 0.468542
vn 0.612425 0.636714 0.468542
vn 0.612425 0.636714 0.468542
vn 0.468854 -0.770166 0.432458
vn 0.468854 -0.770166 0.432458
vn 0.468854 -0.770166 0.432458
vn 0.468854 -0.770166 0.432458
vn 0.468854 -0.770166 0.432458
vn 0.468854 -0.770166 0.432458
vn -0.674079 0.121441 0.728608
vn -0.674079 0.121441 0.728608
vn -0.674079 0.121441 0.728608
vn -0.674079 0.121441 0.728608
vn -0.674079 0.121441 0.728608
vn -0.674079 0.121441 0.728608
vn 0.674080 -0.121441 -0.728607
vn 0.674080 -0.121441 -0.728607
vn 0.674080 -0.121441 -0.728607
vn 0.674080 -0.121441 -0.728607
vn 0.674080 -0.121441 -0.728607
vn 0.674080 -0.121441 -0.728607
s off
g pCube37 group12 beams gazebo group23
usemtl pCube37SG
f 1/1/1 3/3/2 2/2/3
f 1/1/4 4/4/5 3/3/6
f 2/5/7 6/7/8 5/6/9
f 2/5/10 3/8/11 6/7/12
f 5/9/13 8/11/14 7/10/15
f 5/9/16 6/12/17 8/11/18
f 7/13/19 4/15/20 1/14/21
f 7/13/22 8/16/23 4/15/24
f 4/17/25 6/19/26 3/18/27
f 4/17/28 8/20/29 6/19/30
f 7/21/31 2/23/32 5/22/33
f 7/21/34 1/24/35 2/23/36
g default
v -165.300076 374.036475 -716.064047
v -163.786552 433.751037 -660.068936
v -157.516614 433.308995 -660.473202
v -159.030152 373.594437 -716.468311
v -163.721188 437.910049 -664.528538
v -157.451264 437.468010 -664.932831
v -165.234727 378.195491 -720.523663
v -158.964774 377.753449 -720.927927
vt 0.375000 0.000000
vt 0.375000 0.250000
vt 0.625000 0.250000
vt 0.625000 0.000000
vt 0.375000 0.250000
vt 0.375000 0.500000
vt 0.625000 0.500000
vt 0.625000 0.250000
vt 0.375000 0.500000
vt 0.375000 0.750000
vt 0.625000 0.750000
vt 0.625000 0.500000
vt 0.375000 0.750000
vt 0.375000 1.000000
vt 0.625000 1.000000
vt 0.625000 0.750000
vt 0.625000 0.000000
vt 0.625000 0.250000
vt 0.875000 0.250000
vt 0.875000 0.000000
vt 0.125000 0.000000
vt 0.125000 0.250000
vt 0.375000 0.250000
vt 0.375000 0.000000
vn -0.001188 -0.684009 0.729473
vn -0.001188 -0.684009 0.729473
vn -0.001188 -0.684009 0.729473
vn -0.001188 -0.684009 0.729473
vn -0.001188 -0.684009 0.729473
vn -0.001188 -0.684009 0.729473
vn 0.095103 0.727317 0.679680
vn 0.095103 0.727317 0.679680
vn 0.095103 0.727317 0.679680
vn 0.095103 0.727317 0.679680
vn 0.095103 0.727317 0.679680
vn 0.095103 0.727317 0.679680
vn 0.001190 0.684007 -0.729475
vn 0.001190 0.684007 -0.729475
vn 0.001190 0.684007 -0.729475
vn 0.001190 0.684007 -0.729475
vn 0.001190 0.684007 -0.729475
vn 0.001190 0.684007 -0.729475
vn -0.095100 -0.727316 -0.679682
vn -0.095100 -0.727316 -0.679682
vn -0.095100 -0.727316 -0.679682
vn -0.095100 -0.727316 -0.679682
vn -0.095100 -0.727316 -0.679682
vn -0.095100 -0.727316 -0.679682
vn 0.999771 -0.020848 -0.004790
vn 0.999771 -0.020848 -0.004790
vn 0.999771 -0.020848 -0.004790
vn 0.999771 -0.020848 -0.004790
vn 0.999771 -0.020848 -0.004790
vn 0.999771 -0.020848 -0.004790
vn -0.999771 0.020850 0.004791
vn -0.999771 0.020850 0.004791
vn -0.999771 0.020850 0.004791
vn -0.999771 0.020850 0.004791
vn -0.999771 0.020850 0.004791
vn -0.999771 0.020850 0.004791
s off
g group12 beams gazebo group23 pCube38
usemtl pCube37SG
f 9/25/37 11/27/38 10/26/39
f 9/25/40 12/28/41 11/27/42
f 10/29/43 14/31/44 13/30/45
f 10/29/46 11/32/47 14/31/48
f 13/33/49 16/35/50 15/34/51
f 13/33/52 14/36/53 16/35/54
f 15/37/55 12/39/56 9/38/57
f 15/37/58 16/40/59 12/39/60
f 12/41/61 14/43/62 11/42/63
f 12/41/64 16/44/65 14/43/66
f 15/45/67 10/47/68 13/46/69
f 15/45/70 9/48/71 10/47/72
g default
v -68.419011 28.378543 -481.826626
v -68.419011 440.949223 -481.826626
v -58.488732 440.949223 -491.756905
v -58.488732 28.378543 -491.756905
v -78.349290 440.949223 -491.756905
v -68.419011 440.949223 -501.687184
v -78.349290 28.378543 -491.756905
v -68.419011 28.378543 -501.687184
vt 0.375000 0.000000
vt 0.375000 0.250000
vt 0.625000 0.250000
vt 0.625000 0.000000
vt 0.375000 0.250000
vt 0.375000 0.500000
vt 0.625000 0.500000
vt 0.625000 0.250000
vt 0.375000 0.500000
vt 0.375000 0.750000
vt 0.625000 0.750000
vt 0.625000 0.500000
vt 0.375000 0.750000
vt 0.375000 1.000000
vt 0.625000 1.000000
vt 0.625000 0.750000
vt 0.625000 0.000000
vt 0.625000 0.250000
vt 0.875000 0.250000
vt 0.875000 0.000000
vt 0.125000 0.000000
vt 0.125000 0.250000
vt 0.375000 0.250000
vt 0.375000 0.000000
vn 0.707107 0.000000 0.707107
vn 0.707107 0.000000 0.707107
vn 0.707107 0.000000 0.707107
vn 0.707107 0.000000 0.707107
vn 0.707107 0.000000 0.707107
vn 0.707107 0.000000 0.707107
vn 0.000000 1.000000 0.000000
vn 0.000000 1.000000 0.000000
vn 0.000000 1.000000 0.000000
vn 0.000000 1.000000 0.000000
vn 0.000000 1.000000 0.000000
vn 0.000000 1.000000 0.000000
vn -0.707107 0.000000 -0.707107
vn -0.707107 0.000000 -0.707107
vn -0.707107 0.000000 -0.707107
vn -0.707107 0.000000 -0.707107
vn -0.707107 0.000000 -0.707107
vn -0.707107 0.000000 -0.707107
vn -0.000000 -1.000000 -0.000000
vn -0.000000 -1.000000 -0.000000
vn -0.000000 -1.000000 -0.000000
vn -0.000000 -1.000000 -0.000000
vn -0.000000 -1.000000 -0.000000
vn -0.000000 -1.000000 -0.000000
vn 0.707107 0.000000 -0.707107
vn 0.707107 0.000000 -0.707107
vn 0.707107 0.000000 -0.707107
vn 0.707107 0.000000 -0.707107
vn 0.707107 0.000000 -0.707107
vn 0.707107 0.000000 -0.707107
vn -0.707107 0.000000 0.707107
vn -0.707107 0.000000 0.707107
vn -0.707107 0.000000 0.707107
vn -0.707107 0.000000 0.707107
vn -0.707107 0.000000 0.707107
vn -0.707107 0.000000 0.707107
s off
g beams gazebo group23 pCube8
usemtl pCube37SG
f 17/49/73 19/51/74 18/50/75
f 17/49/76 20/52/77 19/51/78
f 18/53/79 22/55/80 21/54/81
f 18/53/82 19/56/83 22/55/84
f 21/57/85 24/59/86 23/58/87
f 21/57/88 22/60/89 24/59/90
f 23/61/91 20/63/92 17/62/93
f 23/61/94 24/64/95 20/63/96
f 20/65/97 22/67/98 19/66/99
f 20/65/100 24/68/101 22/67/102
f 23/69/103 18/71/104 21/70/105
f 23/69/106 17/72/107 18/71/108
g default
v 167.095049 28.378543 -390.090529
v 167.095049 440.949223 -390.090529
v 167.095049 440.949223 -404.134064
v 167.095049 28.378543 -404.134064
v 153.051514 440.949223 -390.090529
v 153.051514 440.949223 -404.134064
v 153.051514 28.378543 -390.090529
v 153.051514 28.378543 -404.134064
vt 0.375000 0.000000
vt 0.375000 0.250000
vt 0.625000 0.250000
vt 0.625000 0.000000
vt 0.375000 0.250000
vt 0.375000 0.500000
vt 0.625000 0.500000
vt 0.625000 0.250000
vt 0.375000 0.500000
vt 0.375000 0.750000
vt 0.625000 0.750000
vt 0.625000 0.500000
vt 0.375000 0.750000
vt 0.375000 1.000000
vt 0.625000 1.000000
vt 0.625000 0.750000
vt 0.625000 0.000000
vt 0.625000 0.250000
vt 0.875000 0.250000
vt 0.875000 0.000000
vt 0.125000 0.000000
vt 0.125000 0.250000
vt 0.375000 0.250000
vt 0.375000 0.000000
vn 1.000000 0.000000 0.000000
vn 1.000000 0.000000 0.000000
vn 1.000000 0.000000 0.000000
vn 1.000000 0.000000 0.000000
vn 1.000000 0.000000 0.000000
vn 1.000000 0.000000 0.000000
vn 0.000000 1.000000 0.000000
vn 0.000000 1.000000 0.000000
vn 0.000000 1.000000 0.000000
vn 0.000000 1.000000 0.000000
vn 0.000000 1.000000 0.000000
vn 0.000000 1.000000 0.000000
vn -1.000000 0.000000 -0.000000
vn -1.000000 0.000000 -0.000000
vn -1.000000 0.000000 -0.000000
vn -1.000000 0.000000 -0.000000
vn -1.000000 0.000000 -0.000000
vn -1.000000 0.000000 -0.000000
vn 0.000000 -1.000000 -0.000000
vn 0.000000 -1.000000 -0.000000
vn 0.000000 -1.000000 -0.000000
vn 0.000000 -1.000000 -0.000000
vn 0.000000 -1.000000 -0.000000
vn 0.000000 -1.000000 -0.000000
vn 0.000000 0.000000 -1.000000
vn 0.000000 0.000000 -1.000000
vn 0.000000 0.000000 -1.000000
vn 0.000000 0.000000 -1.000000
vn 0.000000 0.000000 -1.000000
vn 0.000000 0.000000 -1.000000
vn 0.000000 0.000000 1.000000
vn 0.000000 0.000000 1.000000
vn 0.000000 0.000000 1.000000
vn 0.000000 0.000000 1.000000
vn 0.000000 0.000000 1.000000
vn 0.000000 0.000000 1.000000
s off
g beams gazebo group23 pCube9
usemtl pCube37SG
f 25/73/109 27/75/110 26/74/111
f 25/73/112 28/76/113 27/75/114
f 26/77/115 30/79/116 29/78/117
f 26/77/118 27/80/119 30/79/120
f 29/81/121 32/83/122 31/82/123
f 29/81/124 30/84/125 32/83/126
f 31/85/127 28/87/128 25/86/129
f 31/85/130 32/88/131 28/87/132
f 28/89/133 30/91/134 27/90/135
f 28/89/136 32/92/137 30/91/138
f 31/93/139 26/95/140 29/94/141
f 31/93/142 25/96/143 26/95/144
g default
v 398.495872 28.378543 -491.756907
v 398.495872 440.949223 -491.756907
v 388.565593 440.949223 -501.687185
v 388.565593 28.378543 -501.687185
v 388.565593 440.949223 -481.826628
v 378.635315 440.949223 -491.756907
v 388.565593 28.378543 -481.826628
v 378.635315 28.378543 -491.756907
vt 0.375000 0.000000
vt 0.375000 0.250000
vt 0.625000 0.250000
vt 0.625000 0.000000
vt 0.375000 0.250000
vt 0.375000 0.500000
vt 0.625000 0.500000
vt 0.625000 0.250000
vt 0.375000 0.500000
vt 0.375000 0.750000
vt 0.625000 0.750000
vt 0.625000 0.500000
vt 0.375000 0.750000
vt 0.375000 1.000000
vt 0.625000 1.000000
vt 0.625000 0.750000
vt 0.625000 0.000000
vt 0.625000 0.250000
vt 0.875000 0.250000
vt 0.875000 0.000000
vt 0.125000 0.000000
vt 0.125000 0.250000
vt 0.375000 0.250000
vt 0.375000 0.000000
vn 0.707107 0.000000 -0.707107
vn 0.707107 0.000000 -0.707107
vn 0.707107 0.000000 -0.707107
vn 0.707107 0.000000 -0.707107
vn 0.707107 0.000000 -0.707107
vn 0.707107 0.000000 -0.707107
vn 0.000000 1.000000 -0.000000
vn 0.000000 1.000000 -0.000000
vn 0.000000 1.000000 -0.000000
vn 0.000000 1.000000 -0.000000
vn 0.000000 1.000000 -0.000000
vn 0.000000 1.000000 -0.000000
vn -0.707107 0.000000 0.707107
vn -0.707107 0.000000 0.707107
vn -0.707107 0.000000 0.707107
vn -0.707107 0.000000 0.707107
vn -0.707107 0.000000 0.707107
vn -0.707107 0.000000 0.707107
vn -0.000000 -1.000000 0.000000
vn -0.000000 -1.000000 0.000000
vn -0.000000 -1.000000 0.000000
vn -0.000000 -1.000000 0.000000
vn -0.000000 -1.000000 0.000000
vn -0.000000 -1.000000 0.000000
vn -0.707107 0.000000 -0.707107
vn -0.707107 0.000000 -0.707107
vn -0.707107 0.000000 -0.707107
vn -0.707107 0.000000 -0.707107
vn -0.707107 0.000000 -0.707107
vn -0.707107 0.000000 -0.707107
vn 0.707107 0.000000 0.707107
vn 0.707107 0.000000 0.707107
vn 0.707107 0.000000 0.707107
vn 0.707107 0.000000 0.707107
vn 0.707107 0.000000 0.707107
vn 0.707107 0.000000 0.707107
s off
g beams gazebo group23 pCube10
usemtl pCube37SG
f 33/97/145 35/99/146 34/98/147
f 33/97/148 36/100/149 35/99/150
f 34/101/151 38/103/152 37/102/153
f 34/101/154 35/104/155 38/103/156
f 37/105/157 40/107/158 39/106/159
f 37/105/160 38/108/161 40/107/162
f 39/109/163 36/111/164 33/110/165
f 39/109/166 40/112/167 36/111/168
f 36/113/169 38/115/170 35/114/171
f 36/113/172 40/116/173 38/115/174
f 39/117/175 34/119/176 37/118/177
f 39/117/178 33/120/179 34/119/180
g default
v 490.231943 28.378543 -727.270975
v 490.231943 440.949223 -727.270975
v 476.188408 440.949223 -727.270975
v 476.188408 28.378543 -727.270975
v 490.231943 440.949223 -713.227440
v 476.188408 440.949223 -713.227440
v 490.231943 28.378543 -713.227440
v 476.188408 28.378543 -713.227440
vt 0.375000 0.000000
vt 0.375000 0.250000
vt 0.625000 0.250000
vt 0.625000 0.000000
vt 0.375000 0.250000
vt 0.375000 0.500000
vt 0.625000 0.500000
vt 0.625000 0.250000
vt 0.375000 0.500000
vt 0.375000 0.750000
vt 0.625000 0.750000
vt 0.625000 0.500000
vt 0.375000 0.750000
vt 0.375000 1.000000
vt 0.625000 1.000000
vt 0.625000 0.750000
vt 0.625000 0.000000
vt 0.625000 0.250000
vt 0.875000 0.250000
vt 0.875000 0.000000
vt 0.125000 0.000000
vt 0.125000 0.250000
vt 0.375000 0.250000
vt 0.375000 0.000000
vn 0.000000 0.000000 -1.000000
vn 0.000000 0.000000 -1.000000
vn 0.000000 0.000000 -1.000000
vn 0.000000 0.000000 -1.000000
vn 0.000000 0.000000 -1.000000
vn 0.000000 0.000000 -1.000000
vn 0.000000 1.000000 0.000000
vn 0.000000 1.000000 0.000000
vn 0.000000 1.000000 0.000000
vn 0.000000 1.000000 0.000000
vn 0.000000 1.000000 0.000000
vn 0.000000 1.000000 0.000000
vn 0.000000 0.000000 1.000000
vn 0.000000 0.000000 1.000000
vn 0.000000 0.000000 1.000000
vn 0.000000 0.000000 1.000000
vn 0.000000 0.000000 1.000000
vn 0.000000 0.000000 1.000000
vn 0.000000 -1.000000 -0.000000
vn 0.000000 -1.000000 -0.000000
vn 0.000000 -1.000000 -0.000000
vn 0.000000 -1.000000 -0.000000
vn 0.000000 -1.000000 -0.000000
vn 0.000000 -1.000000 -0.000000
vn -1.000000 0.000000 -0.000000
vn -1.000000 0.000000 -0.000000
vn -1.000000 0.000000 -0.000000
vn -1.000000 0.000000 -0.000000
vn -1.000000 0.000000 -0.000000
vn -1.000000 0.000000 -0.000000
vn 1.000000 0.000000 0.000000
vn 1.000000 0.000000 0.000000
vn 1.000000 0.000000 0.000000
vn 1.000000 0.000000 0.000000
vn 1.000000 0.000000 0.000000
vn 1.000000 0.000000 0.000000
s off
g beams gazebo group23 pCube11
usemtl pCube37SG
f 41/121/181 43/123/182 42/122/183
f 41/121/184 44/124/185 43/123/186
f 42/125/187 46/127/188 45/126/189
f 42/125/190 43/128/191 46/127/192
f 45/129/193 48/131/194 47/130/195
f 45/129/196 46/132/197 48/131/198
f 47/133/199 44/135/200 41/134/201
f 47/133/202 48/136/203 44/135/204
f 44/137/205 46/139/206 43/138/207
f 44/137/208 48/140/209 46/139/210
f 47/141/211 42/143/212 45/142/213
f 47/141/214 41/144/215 42/143/216
g default
v 388.565593 28.378543 -958.671790
v 388.565593 440.949223 -958.671790
v 378.635315 440.949223 -948.741511
v 378.635315 28.378543 -948.741511
v 398.495872 440.949223 -948.741511
v 388.565593 440.949223 -938.811232
v 398.495872 28.378543 -948.741511
v 388.565593 28.378543 -938.811232
vt 0.375000 0.000000
vt 0.375000 0.250000
vt 0.625000 0.250000
vt 0.625000 0.000000
vt 0.375000 0.250000
vt 0.375000 0.500000
vt 0.625000 0.500000
vt 0.625000 0.250000
vt 0.375000 0.500000
vt 0.375000 0.750000
vt 0.625000 0.750000
vt 0.625000 0.500000
vt 0.375000 0.750000
vt 0.375000 1.000000
vt 0.625000 1.000000
vt 0.625000 0.750000
vt 0.625000 0.000000
vt 0.625000 0.250000
vt 0.875000 0.250000
vt 0.875000 0.000000
vt 0.125000 0.000000
vt 0.125000 0.250000
vt 0.375000 0.250000
vt 0.375000 0.000000
vn -0.707107 0.000000 -0.707107
vn -0.707107 0.000000 -0.707107
vn -0.707107 0.000000 -0.707107
vn -0.707107 0.000000 -0.707107
vn -0.707107 0.000000 -0.707107
vn -0.707107 0.000000 -0.707107
vn -0.000000 1.000000 -0.000000
vn -0.000000 1.000000 -0.000000
vn -0.000000 1.000000 -0.000000
vn -0.000000 1.000000 -0.000000
vn -0.000000 1.000000 -0.000000
vn -0.000000 1.000000 -0.000000
vn 0.707107 0.000000 0.707107
vn 0.707107 0.000000 0.707107
vn 0.707107 0.000000 0.707107
vn 0.707107 0.000000 0.707107
vn 0.707107 0.000000 0.707107
vn 0.707107 0.000000 0.707107
vn 0.000000 -1.000000 0.000000
vn 0.000000 -1.000000 0.000000
vn 0.000000 -1.000000 0.000000
vn 0.000000 -1.000000 0.000000
vn 0.000000 -1.000000 0.000000
vn 0.000000 -1.000000 0.000000
vn -0.707107 0.000000 0.707107
vn -0.707107 0.000000 0.707107
vn -0.707107 0.000000 0.707107
vn -0.707107 0.000000 0.707107
vn -0.707107 0.000000 0.707107
vn -0.707107 0.000000 0.707107
vn 0.707107 0.000000 -0.707107
vn 0.707107 0.000000 -0.707107
vn 0.707107 0.000000 -0.707107
vn 0.707107 0.000000 -0.707107
vn 0.707107 0.000000 -0.707107
vn 0.707107 0.000000 -0.707107
s off
g beams gazebo group23 pCube12
usemtl pCube37SG
f 49/145/217 51/147/218 50/146/219
f 49/145/220 52/148/221 51/147/222
f 50/149/223 54/151/224 53/150/225
f 50/149/226 51/152/227 54/151/228
f 53/153/229 56/155/230 55/154/231
f 53/153/232 54/156/233 56/155/234
f 55/157/235 52/159/236 49/158/237
f 55/157/238 56/160/239 52/159/240
f 52/161/241 54/163/242 51/162/243
f 52/161/244 56/164/245 54/163/246
f 55/165/247 50/167/248 53/166/249
f 55/165/250 49/168/251 50/167/252
g default
v 153.051514 28.378543 -1050.407889
v 153.051514 440.949223 -1050.407889
v 153.051514 440.949223 -1036.364354
v 153.051514 28.378543 -1036.364354
v 167.095049 440.949223 -1050.407889
v 167.095049 440.949223 -1036.364354
v 167.095049 28.378543 -1050.407889
v 167.095049 28.378543 -1036.364354
vt 0.375000 0.000000
vt 0.375000 0.250000
vt 0.625000 0.250000
vt 0.625000 0.000000
vt 0.375000 0.250000
vt 0.375000 0.500000
vt 0.625000 0.500000
vt 0.625000 0.250000
vt 0.375000 0.500000
vt 0.375000 0.750000
vt 0.625000 0.750000
vt 0.625000 0.500000
vt 0.375000 0.750000
vt 0.375000 1.000000
vt 0.625000 1.000000
vt 0.625000 0.750000
vt 0.625000 0.000000
vt 0.625000 0.250000
vt 0.875000 0.250000
vt 0.875000 0.000000
vt 0.125000 0.000000
vt 0.125000 0.250000
vt 0.375000 0.250000
vt 0.375000 0.000000
vn -1.000000 0.000000 -0.000000
vn -1.000000 0.000000 -0.000000
vn -1.000000 0.000000 -0.000000
vn -1.000000 0.000000 -0.000000
vn -1.000000 0.000000 -0.000000
vn -1.000000 0.000000 -0.000000
vn 0.000000 1.000000 0.000000
vn 0.000000 1.000000 0.000000
vn 0.000000 1.000000 0.000000
vn 0.000000 1.000000 0.000000
vn 0.000000 1.000000 0.000000
vn 0.000000 1.000000 0.000000
vn 1.000000 0.000000 0.000000
vn 1.000000 0.000000 0.000000
vn 1.000000 0.000000 0.000000
vn 1.000000 0.000000 0.000000
vn 1.000000 0.000000 0.000000
vn 1.000000 0.000000 0.000000
vn 0.000000 -1.000000 -0.000000
vn 0.000000 -1.000000 -0.000000
vn 0.000000 -1.000000 -0.000000
vn 0.000000 -1.000000 -0.000000
vn 0.000000 -1.000000 -0.000000
vn 0.000000 -1.000000 -0.000000
vn 0.000000 0.000000 1.000000
vn 0.000000 0.000000 1.000000
vn 0.000000 0.000000 1.000000
vn 0.000000 0.000000 1.000000
vn 0.000000 0.000000 1.000000
vn 0.000000 0.000000 1.000000
vn 0.000000 0.000000 -1.000000
vn 0.000000 0.000000 -1.000000
vn 0.000000 0.000000 -1.000000
vn 0.000000 0.000000 -1.000000
vn 0.000000 0.000000 -1.000000
vn 0.000000 0.000000 -1.000000
s off
g beams gazebo group23 pCube13
usemtl pCube37SG
f 57/169/253 59/171/254 58/170/255
f 57/169/256 60/172/257 59/171/258
f 58/173/259 62/175/260 61/174/261
f 58/173/262 59/176/263 62/175/264
f 61/177/265 64/179/266 63/178/267
f 61/177/268 62/180/269 64/179/270
f 63/181/271 60/183/272 57/182/273
f 63/181/274 64/184/275 60/183/276
f 60/185/277 62/187/278 59/186/279
f 60/185/280 64/188/281 62/187/282
f 63/189/283 58/191/284 61/190/285
f 63/189/286 57/192/287 58/191/288
g default
v -78.349304 28.378543 -948.741511
v -78.349304 440.949223 -948.741511
v -68.419025 440.949223 -938.811232
v -68.419025 28.378543 -938.811232
v -68.419025 440.949223 -958.671790
v -58.488746 440.949223 -948.741511
v -68.419025 28.378543 -958.671790
v -58.488746 28.378543 -948.741511
vt 0.375000 0.000000
vt 0.375000 0.250000
vt 0.625000 0.250000
vt 0.625000 0.000000
vt 0.375000 0.250000
vt 0.375000 0.500000
vt 0.625000 0.500000
vt 0.625000 0.250000
vt 0.375000 0.500000
vt 0.375000 0.750000
vt 0.625000 0.750000
vt 0.625000 0.500000
vt 0.375000 0.750000
vt 0.375000 1.000000
vt 0.625000 1.000000
vt 0.625000 0.750000
vt 0.625000 0.000000
vt 0.625000 0.250000
vt 0.875000 0.250000
vt 0.875000 0.000000
vt 0.125000 0.000000
vt 0.125000 0.250000
vt 0.375000 0.250000
vt 0.375000 0.000000
vn -0.707107 0.000000 0.707107
vn -0.707107 0.000000 0.707107
vn -0.707107 0.000000 0.707107
vn -0.707107 0.000000 0.707107
vn -0.707107 0.000000 0.707107
vn -0.707107 0.000000 0.707107
vn 0.000000 1.000000 -0.000000
vn 0.000000 1.000000 -0.000000
vn 0.000000 1.000000 -0.000000
vn 0.000000 1.000000 -0.000000
vn 0.000000 1.000000 -0.000000
vn 0.000000 1.000000 -0.000000
vn 0.707107 0.000000 -0.707107
vn 0.707107 0.000000 -0.707107
vn 0.707107 0.000000 -0.707107
vn 0.707107 0.000000 -0.707107
vn 0.707107 0.000000 -0.707107
vn 0.707107 0.000000 -0.707107
vn -0.000000 -1.000000 0.000000
vn -0.000000 -1.000000 0.000000
vn -0.000000 -1.000000 0.000000
vn -0.000000 -1.000000 0.000000
vn -0.000000 -1.000000 0.000000
vn -0.000000 -1.000000 0.000000
vn 0.707107 0.000000 0.707107
vn 0.707107 0.000000 0.707107
vn 0.707107 0.000000 0.707107
vn 0.707107 0.000000 0.707107
vn 0.707107 0.000000 0.707107
vn 0.707107 0.000000 0.707107
vn -0.707107 0.000000 -0.707107
vn -0.707107 0.000000 -0.707107
vn -0.707107 0.000000 -0.707107
vn -0.707107 0.000000 -0.707107
vn -0.707107 0.000000 -0.707107
vn -0.707107 0.000000 -0.707107
s off
g beams gazebo group23 pCube14
usemtl pCube37SG
f 65/193/289 67/195/290 66/194/291
f 65/193/292 68/196/293 67/195/294
f 66/197/295 70/199/296 69/198/297
f 66/197/298 67/200/299 70/199/300
f 69/201/301 72/203/302 71/202/303
f 69/201/304 70/204/305 72/203/306
f 71/205/307 68/207/308 65/206/309
f 71/205/310 72/208/311 68/207/312
f 68/209/313 70/211/314 67/210/315
f 68/209/316 72/212/317 70/211/318
f 71/213/319 66/215/320 69/214/321
f 71/213/322 65/216/323 66/215/324
g default
v -170.085389 28.378543 -713.227440
v -170.085389 440.949223 -713.227440
v -156.041854 440.949223 -713.227440
v -156.041854 28.378543 -713.227440
v -170.085389 440.949223 -727.270975
v -156.041854 440.949223 -727.270975
v -170.085389 28.378543 -727.270975
v -156.041854 28.378543 -727.270975
vt 0.375000 0.000000
vt 0.375000 0.250000
vt 0.625000 0.250000
vt 0.625000 0.000000
vt 0.375000 0.250000
vt 0.375000 0.500000
vt 0.625000 0.500000
vt 0.625000 0.250000
vt 0.375000 0.500000
vt 0.375000 0.750000
vt 0.625000 0.750000
vt 0.625000 0.500000
vt 0.375000 0.750000
vt 0.375000 1.000000
vt 0.625000 1.000000
vt 0.625000 0.750000
vt 0.625000 0.000000
vt 0.625000 0.250000
vt 0.875000 0.250000
vt 0.875000 0.000000
vt 0.125000 0.000000
vt 0.125000 0.250000
vt 0.375000 0.250000
vt 0.375000 0.000000
vn 0.000000 0.000000 1.000000
vn 0.000000 0.000000 1.000000
vn 0.000000 0.000000 1.000000
vn 0.000000 0.000000 1.000000
vn 0.000000 0.000000 1.000000
vn 0.000000 0.000000 1.000000
vn 0.000000 1.000000 -0.000000
vn 0.000000 1.000000 -0.000000
vn 0.000000 1.000000 -0.000000
vn 0.000000 1.000000 -0.000000
vn 0.000000 1.000000 -0.000000
vn 0.000000 1.000000 -0.000000
vn 0.000000 0.000000 -1.000000
vn 0.000000 0.000000 -1.000000
vn 0.000000 0.000000 -1.000000
vn 0.000000 0.000000 -1.000000
vn 0.000000 0.000000 -1.000000
vn 0.000000 0.000000 -1.000000
vn 0.000000 -1.000000 0.000000
vn 0.000000 -1.000000 0.000000
vn 0.000000 -1.000000 0.000000
vn 0.000000 -1.000000 0.000000
vn 0.000000 -1.000000 0.000000
vn 0.000000 -1.000000 0.000000
vn 1.000000 0.000000 0.000000
vn 1.000000 0.000000 0.000000
vn 1.000000 0.000000 0.000000
vn 1.000000 0.000000 0.000000
vn 1.000000 0.000000 0.000000
vn 1.000000 0.000000 0.000000
vn -1.000000 0.000000 0.000000
vn -1.000000 0.000000 0.000000
vn -1.000000 0.000000 0.000000
vn -1.000000 0.000000 0.000000
vn -1.000000 0.000000 0.000000
vn -1.000000 0.000000 0.000000
s off
g beams gazebo group23 pCube15
usemtl pCube37SG
f 73/217/325 75/219/326 74/218/327
f 73/217/328 76/220/329 75/219/330
f 74/221/331 78/223/332 77/222/333
f 74/221/334 75/224/335 78/223/336
f 77/225/337 80/227/338 79/226/339
f 77/225/340 78/228/341 80/227/342
f 79/229/343 76/231/344 73/230/345
f 79/229/346 80/232/347 76/231/348
f 76/233/349 78/235/350 75/234/351
f 76/233/352 80/236/353 78/235/354
f 79/237/355 74/239/356 77/238/357
f 79/237/358 73/240/359 74/239/360
g default
v 391.605118 371.933978 -943.005853
v 424.524548 434.050495 -901.752465
v 428.563111 434.335098 -906.579805
v 395.643685 372.218584 -947.833192
v 420.761872 437.950913 -904.623548
v 424.800437 438.235519 -909.450885
v 387.842443 375.834395 -945.876935
v 391.881010 376.119001 -950.704275
vt 0.375000 0.000000
vt 0.375000 0.250000
vt 0.625000 0.250000
vt 0.625000 0.000000
vt 0.375000 0.250000
vt 0.375000 0.500000
vt 0.625000 0.500000
vt 0.625000 0.250000
vt 0.375000 0.500000
vt 0.375000 0.750000
vt 0.625000 0.750000
vt 0.625000 0.500000
vt 0.375000 0.750000
vt 0.375000 1.000000
vt 0.625000 1.000000
vt 0.625000 0.750000
vt 0.625000 0.000000
vt 0.625000 0.250000
vt 0.875000 0.250000
vt 0.875000 0.000000
vt 0.125000 0.000000
vt 0.125000 0.250000
vt 0.375000 0.250000
vt 0.375000 0.000000
vn 0.609486 -0.636713 0.472359
vn 0.609486 -0.636713 0.472359
vn 0.609486 -0.636713 0.472359
vn 0.609486 -0.636713 0.472359
vn 0.609486 -0.636713 0.472359
vn 0.609486 -0.636713 0.472359
vn 0.466142 0.770164 0.435383
vn 0.466142 0.770164 0.435383
vn 0.466142 0.770164 0.435383
vn 0.466142 0.770164 0.435383
vn 0.466142 0.770164 0.435383
vn 0.466142 0.770164 0.435383
vn -0.609486 0.636713 -0.472359
vn -0.609486 0.636713 -0.472359
vn -0.609486 0.636713 -0.472359
vn -0.609486 0.636713 -0.472359
vn -0.609486 0.636713 -0.472359
vn -0.609486 0.636713 -0.472359
vn -0.466142 -0.770164 -0.435383
vn -0.466142 -0.770164 -0.435383
vn -0.466142 -0.770164 -0.435383
vn -0.466142 -0.770164 -0.435383
vn -0.466142 -0.770164 -0.435383
vn -0.466142 -0.770164 -0.435383
vn 0.678619 0.121440 -0.724381
vn 0.678619 0.121440 -0.724381
vn 0.678619 0.121440 -0.724381
vn 0.678619 0.121440 -0.724381
vn 0.678619 0.121440 -0.724381
vn 0.678619 0.121440 -0.724381
vn -0.678619 -0.121440 0.724381
vn -0.678619 -0.121440 0.724381
vn -0.678619 -0.121440 0.724381
vn -0.678619 -0.121440 0.724381
vn -0.678619 -0.121440 0.724381
vn -0.678619 -0.121440 0.724381
s off
g beams gazebo group23 pCube35
usemtl pCube37SG
f 81/241/361 83/243/362 82/242/363
f 81/241/364 84/244/365 83/243/366
f 82/245/367 86/247/368 85/246/369
f 82/245/370 83/248/371 86/247/372
f 85/249/373 88/251/374 87/250/375
f 85/249/376 86/252/377 88/251/378
f 87/253/379 84/255/380 81/254/381
f 87/253/382 88/256/383 84/255/384
f 84/257/385 86/259/386 83/258/387
f 84/257/388 88/260/389 86/259/390
f 87/261/391 82/263/392 85/262/393
f 87/261/394 81/264/395 82/263/396
g default
v 483.464773 374.036422 -723.185646
v 482.301172 433.751032 -779.189139
v 476.028834 433.309006 -778.824041
v 477.192432 373.594398 -722.820551
v 482.207947 437.910044 -774.730030
v 475.935609 437.468020 -774.364936
v 483.371548 378.195433 -718.726538
v 477.099207 377.753409 -718.361443
vt 0.375000 0.000000
vt 0.375000 0.250000
vt 0.625000 0.250000
vt 0.625000 0.000000
vt 0.375000 0.250000
vt 0.375000 0.500000
vt 0.625000 0.500000
vt 0.625000 0.250000
vt 0.375000 0.500000
vt 0.375000 0.750000
vt 0.625000 0.750000
vt 0.625000 0.500000
vt 0.375000 0.750000
vt 0.375000 1.000000
vt 0.625000 1.000000
vt 0.625000 0.750000
vt 0.625000 0.000000
vt 0.625000 0.250000
vt 0.875000 0.250000
vt 0.875000 0.000000
vt 0.125000 0.000000
vt 0.125000 0.250000
vt 0.375000 0.250000
vt 0.375000 0.000000
vn 0.005744 -0.684007 -0.729453
vn 0.005744 -0.684007 -0.729453
vn 0.005744 -0.684007 -0.729453
vn 0.005744 -0.684007 -0.729453
vn 0.005744 -0.684007 -0.729453
vn 0.005744 -0.684007 -0.729453
vn -0.090851 0.727314 -0.680265
vn -0.090851 0.727314 -0.680265
vn -0.090851 0.727314 -0.680265
vn -0.090851 0.727314 -0.680265
vn -0.090851 0.727314 -0.680265
vn -0.090851 0.727314 -0.680265
vn -0.005744 0.684007 0.729453
vn -0.005744 0.684007 0.729453
vn -0.005744 0.684007 0.729453
vn -0.005744 0.684007 0.729453
vn -0.005744 0.684007 0.729453
vn -0.005744 0.684007 0.729453
vn 0.090851 -0.727314 0.680265
vn 0.090851 -0.727314 0.680265
vn 0.090851 -0.727314 0.680265
vn 0.090851 -0.727314 0.680265
vn 0.090851 -0.727314 0.680265
vn 0.090851 -0.727314 0.680265
vn -0.999782 -0.020848 -0.001457
vn -0.999782 -0.020848 -0.001457
vn -0.999782 -0.020848 -0.001457
vn -0.999782 -0.020848 -0.001457
vn -0.999782 -0.020848 -0.001457
vn -0.999782 -0.020848 -0.001457
vn 0.999782 0.020848 0.001457
vn 0.999782 0.020848 0.001457
vn 0.999782 0.020848 0.001457
vn 0.999782 0.020848 0.001457
vn 0.999782 0.020848 0.001457
vn 0.999782 0.020848 0.001457
s off
g beams gazebo group23 pCube36
usemtl pCube37SG
f 89/265/397 91/267/398 90/266/399
f 89/265/400 92/268/401 91/267/402
f 90/269/403 94/271/404 93/270/405
f 90/269/406 91/272/407 94/271/408
f 93/273/409 96/275/410 95/274/411
f 93/273/412 94/276/413 96/275/414
f 95/277/415 92/279/416 89/278/417
f 95/277/418 96/280/419 92/279/420
f 92/281/421 94/283/422 91/282/423
f 92/281/424 96/284/425 94/283/426
f 95/285/427 90/287/428 93/286/429
f 95/285/430 89/288/431 90/287/432
g default
v 369.975673 39.574691 -477.796285
v 369.975673 145.198006 -477.796285
v 368.218863 145.198006 -482.188664
v 368.218863 39.574691 -482.188664
v 365.583327 145.198006 -476.039467
v 363.826496 145.198006 -480.431831
v 365.583327 39.574691 -476.039467
v 363.826496 39.574691 -480.431831
v 344.563352 39.574691 -467.270905
v 344.563352 145.198006 -467.270905
v 342.806516 145.198006 -471.663269
v 342.806516 39.574691 -471.663269
v 340.170985 145.198006 -465.514072
v 338.414154 145.198006 -469.906436
v 340.170985 39.574691 -465.514072
v 338.414154 39.574691 -469.906436
v 319.151025 39.574691 -456.745492
v 319.151025 145.198006 -456.745492
v 317.394177 145.198006 -461.137871
v 317.394177 39.574691 -461.137871
v 314.758646 145.198006 -454.988659
v 313.001828 145.198006 -459.381053
v 314.758646 39.574691 -454.988659
v 313.001828 39.574691 -459.381053
v 293.738681 39.574691 -446.220110
v 293.738681 145.198006 -446.220110
v 291.981879 145.198006 -450.612443
v 291.981879 39.574691 -450.612443
v 289.346325 145.198006 -444.463277
v 287.589491 145.198006 -448.855641
v 289.346325 39.574691 -444.463277
v 287.589491 39.574691 -448.855641
v 268.326354 39.574691 -435.694698
v 268.326354 145.198006 -435.694698
v 266.569545 145.198006 -440.087061
v 266.569545 39.574691 -440.087061
v 263.933991 145.198006 -433.937864
v 262.177180 145.198006 -438.330228
v 263.933991 39.574691 -433.937864
v 262.177180 39.574691 -438.330228
v 242.914046 39.574691 -425.169283
v 242.914046 145.198006 -425.169283
v 241.157197 145.198006 -429.561649
v 241.157197 39.574691 -429.561649
v 238.521659 145.198006 -423.412481
v 236.764841 145.198006 -427.804815
v 238.521659 39.574691 -423.412481
v 236.764841 39.574691 -427.804815
v 217.501689 39.574691 -414.643903
v 217.501689 145.198006 -414.643903
v 215.744878 145.198006 -419.036235
v 215.744878 39.574691 -419.036235
v 213.109333 145.198006 -412.887070
v 211.352507 145.198006 -417.279434
v 213.109333 39.574691 -412.887070
v 211.352507 39.574691 -417.279434
v 192.089368 39.574691 -404.118490
v 192.089368 145.198006 -404.118490
v 190.332537 145.198006 -408.510854
v 190.332537 39.574691 -408.510854
v 187.696991 145.198006 -402.361687
v 185.940190 145.198006 -406.754051
v 187.696991 39.574691 -402.361687
v 185.940190 39.574691 -406.754051
v 387.955572 138.594432 -484.116603
v 387.955572 149.711361 -484.116603
v 385.091277 149.711361 -491.031612
v 385.091277 138.594432 -491.031612
v 167.931950 149.711361 -392.979836
v 165.067655 149.711361 -399.894845
v 167.931950 138.594432 -392.979836
v 165.067655 138.594432 -399.894845
vt 0.688410 0.001992
vt 0.688410 0.321030
vt 0.701678 0.321030
vt 0.701678 0.001992
vt 0.379614 0.684276
vt 0.366346 0.678970
vt 0.361040 0.692237
vt 0.374307 0.697544
vt 0.721757 0.321030
vt 0.721757 0.001992
vt 0.708490 0.001992
vt 0.708490 0.321030
vt 0.342026 0.697544
vt 0.355293 0.692237
vt 0.349987 0.678970
vt 0.336720 0.684276
vt 0.741837 0.321030
vt 0.741837 0.001992
vt 0.728570 0.001992
vt 0.728570 0.321030
vt 0.748650 0.001992
vt 0.748650 0.321030
vt 0.761917 0.321030
vt 0.761917 0.001992
vt 0.768729 0.001992
vt 0.768729 0.321030
vt 0.781996 0.321030
vt 0.781996 0.001992
vt 0.330973 0.684276
vt 0.317706 0.678970
vt 0.312399 0.692237
vt 0.325667 0.697544
vt 0.802076 0.321030
vt 0.802076 0.001992
vt 0.788809 0.001992
vt 0.788809 0.321030
vt 0.293386 0.697544
vt 0.306653 0.692237
vt 0.301346 0.678970
vt 0.288079 0.684276
vt 0.822156 0.321030
vt 0.822156 0.001992
vt 0.808889 0.001992
vt 0.808889 0.321030
vt 0.828968 0.001992
vt 0.828968 0.321030
vt 0.842236 0.321030
vt 0.842236 0.001992
vt 0.849048 0.001992
vt 0.849048 0.321030
vt 0.862316 0.321030
vt 0.862316 0.001992
vt 0.501215 0.684276
vt 0.487948 0.678970
vt 0.482641 0.692237
vt 0.495908 0.697544
vt 0.882395 0.321030
vt 0.882395 0.001992
vt 0.869128 0.001992
vt 0.869128 0.321030
vt 0.463627 0.697544
vt 0.476895 0.692237
vt 0.471588 0.678970
vt 0.458321 0.684276
vt 0.902475 0.321030
vt 0.902475 0.001992
vt 0.889208 0.001992
vt 0.889208 0.321030
vt 0.909287 0.001992
vt 0.909287 0.321030
vt 0.922555 0.321030
vt 0.922555 0.001992
vt 0.921488 0.324769
vt 0.921488 0.643807
vt 0.934756 0.643807
vt 0.934756 0.324769
vt 0.269065 0.678970
vt 0.263759 0.692237
vt 0.277026 0.697544
vt 0.282333 0.684276
vt 0.915742 0.643807
vt 0.915742 0.324769
vt 0.902475 0.324769
vt 0.902475 0.643807
vt 0.258012 0.692237
vt 0.252706 0.678970
vt 0.239439 0.684276
vt 0.244745 0.697544
vt 0.896728 0.643807
vt 0.896728 0.324769
vt 0.883461 0.324769
vt 0.883461 0.643807
vt 0.864447 0.324769
vt 0.864447 0.643807
vt 0.877715 0.643807
vt 0.877715 0.324769
vt 0.845434 0.324769
vt 0.845434 0.643807
vt 0.858701 0.643807
vt 0.858701 0.324769
vt 0.452574 0.684276
vt 0.439307 0.678970
vt 0.434001 0.692237
vt 0.447268 0.697544
vt 0.839687 0.643807
vt 0.839687 0.324769
vt 0.826420 0.324769
vt 0.826420 0.643807
vt 0.414987 0.697544
vt 0.428254 0.692237
vt 0.422948 0.678970
vt 0.409680 0.684276
vt 0.820673 0.643807
vt 0.820673 0.324769
vt 0.807406 0.324769
vt 0.807406 0.643807
vt 0.788392 0.324769
vt 0.788392 0.643807
vt 0.801660 0.643807
vt 0.801660 0.324769
vt 0.769379 0.324769
vt 0.769379 0.643807
vt 0.782646 0.643807
vt 0.782646 0.324769
vt 0.390667 0.678970
vt 0.385360 0.692237
vt 0.398627 0.697544
vt 0.403934 0.684276
vt 0.763632 0.643807
vt 0.763632 0.324769
vt 0.750365 0.324769
vt 0.750365 0.643807
vt 0.233692 0.692237
vt 0.228386 0.678970
vt 0.215118 0.684276
vt 0.220425 0.697544
vt 0.744619 0.643807
vt 0.744619 0.324769
vt 0.731351 0.324769
vt 0.731351 0.643807
vt 0.712338 0.324769
vt 0.712338 0.643807
vt 0.725605 0.643807
vt 0.725605 0.324769
vt 0.693324 0.324769
vt 0.693324 0.643807
vt 0.706591 0.643807
vt 0.706591 0.324769
vt 0.196105 0.678970
vt 0.190798 0.692237
vt 0.204065 0.697544
vt 0.209372 0.684276
vt 0.687578 0.989356
vt 0.687578 0.670318
vt 0.674310 0.670318
vt 0.674310 0.989356
vt 0.185052 0.692237
vt 0.179745 0.678970
vt 0.166478 0.684276
vt 0.171784 0.697544
vt 0.668564 0.989356
vt 0.668564 0.670318
vt 0.655297 0.670318
vt 0.655297 0.989356
vt 0.636283 0.670318
vt 0.636283 0.989356
vt 0.649550 0.989356
vt 0.649550 0.670318
vt 0.617269 0.670318
vt 0.617269 0.989356
vt 0.630537 0.989356
vt 0.630537 0.670318
vt 0.147464 0.678970
vt 0.142158 0.692237
vt 0.155425 0.697544
vt 0.160731 0.684276
vt 0.611523 0.998008
vt 0.611523 0.678970
vt 0.598256 0.678970
vt 0.598256 0.998008
vt 0.136411 0.692237
vt 0.131105 0.678970
vt 0.117837 0.684276
vt 0.123144 0.697544
vt 0.592509 0.998008
vt 0.592509 0.678970
vt 0.579242 0.678970
vt 0.579242 0.998008
vt 0.560228 0.678970
vt 0.560228 0.998008
vt 0.573496 0.998008
vt 0.573496 0.678970
vt 0.533595 0.678970
vt 0.533595 0.712549
vt 0.554482 0.712549
vt 0.554482 0.678970
vt 0.277147 0.001992
vt 0.001866 0.666580
vt 0.022753 0.675231
vt 0.298034 0.010644
vt 0.527848 0.712549
vt 0.527848 0.678970
vt 0.506961 0.678970
vt 0.506961 0.712549
vt 0.601238 0.666580
vt 0.325957 0.001992
vt 0.305070 0.010644
vt 0.580351 0.675231
vt 0.641670 0.001992
vt 0.608091 0.001992
vt 0.608091 0.666580
vt 0.641670 0.666580
vt 0.648251 0.666580
vt 0.681830 0.666580
vt 0.681830 0.001992
vt 0.648251 0.001992
vn 0.928486 0.000000 -0.371366
vn 0.928486 0.000000 -0.371366
vn 0.928486 0.000000 -0.371366
vn 0.928486 0.000000 -0.371366
vn 0.928486 0.000000 -0.371366
vn 0.928486 0.000000 -0.371366
vn -0.000000 1.000000 0.000000
vn -0.000000 1.000000 0.000000
vn -0.000000 1.000000 0.000000
vn -0.000000 1.000000 0.000000
vn -0.000000 1.000000 0.000000
vn -0.000000 1.000000 0.000000
vn -0.928485 0.000000 0.371369
vn -0.928485 0.000000 0.371369
vn -0.928485 0.000000 0.371369
vn -0.928485 0.000000 0.371369
vn -0.928485 0.000000 0.371369
vn -0.928485 0.000000 0.371369
vn 0.000000 -1.000000 0.000000
vn 0.000000 -1.000000 0.000000
vn 0.000000 -1.000000 0.000000
vn 0.000000 -1.000000 0.000000
vn 0.000000 -1.000000 0.000000
vn 0.000000 -1.000000 0.000000
vn -0.371369 0.000000 -0.928486
vn -0.371369 0.000000 -0.928486
vn -0.371369 0.000000 -0.928486
vn -0.371369 0.000000 -0.928486
vn -0.371369 0.000000 -0.928486
vn -0.371369 0.000000 -0.928486
vn 0.371370 0.000000 0.928485
vn 0.371370 0.000000 0.928485
vn 0.371370 0.000000 0.928485
vn 0.371370 0.000000 0.928485
vn 0.371370 0.000000 0.928485
vn 0.371370 0.000000 0.928485
vn 0.928485 0.000000 -0.371370
vn 0.928485 0.000000 -0.371370
vn 0.928485 0.000000 -0.371370
vn 0.928485 0.000000 -0.371370
vn 0.928485 0.000000 -0.371370
vn 0.928485 0.000000 -0.371370
vn -0.000000 1.000000 0.000000
vn -0.000000 1.000000 0.000000
vn -0.000000 1.000000 0.000000
vn -0.000000 1.000000 0.000000
vn -0.000000 1.000000 0.000000
vn -0.000000 1.000000 0.000000
vn -0.928485 0.000000 0.371370
vn -0.928485 0.000000 0.371370
vn -0.928485 0.000000 0.371370
vn -0.928485 0.000000 0.371370
vn -0.928485 0.000000 0.371370
vn -0.928485 0.000000 0.371370
vn 0.000000 -1.000000 0.000000
vn 0.000000 -1.000000 0.000000
vn 0.000000 -1.000000 0.000000
vn 0.000000 -1.000000 0.000000
vn 0.000000 -1.000000 0.000000
vn 0.000000 -1.000000 0.000000
vn -0.371372 0.000000 -0.928484
vn -0.371372 0.000000 -0.928484
vn -0.371372 0.000000 -0.928484
vn -0.371372 0.000000 -0.928484
vn -0.371372 0.000000 -0.928484
vn -0.371372 0.000000 -0.928484
vn 0.371372 0.000000 0.928484
vn 0.371372 0.000000 0.928484
vn 0.371372 0.000000 0.928484
vn 0.371372 0.000000 0.928484
vn 0.371372 0.000000 0.928484
vn 0.371372 0.000000 0.928484
vn 0.928484 0.000000 -0.371372
vn 0.928484 0.000000 -0.371372
vn 0.928484 0.000000 -0.371372
vn 0.928484 0.000000 -0.371372
vn 0.928484 0.000000 -0.371372
vn 0.928484 0.000000 -0.371372
vn -0.000000 1.000000 0.000000
vn -0.000000 1.000000 0.000000
vn -0.000000 1.000000 0.000000
vn -0.000000 1.000000 0.000000
vn -0.000000 1.000000 0.000000
vn -0.000000 1.000000 0.000000
vn -0.928487 0.000000 0.371365
vn -0.928487 0.000000 0.371365
vn -0.928487 0.000000 0.371365
vn -0.928487 0.000000 0.371365
vn -0.928487 0.000000 0.371365
vn -0.928487 0.000000 0.371365
vn 0.000000 -1.000000 0.000000
vn 0.000000 -1.000000 0.000000
vn 0.000000 -1.000000 0.000000
vn 0.000000 -1.000000 0.000000
vn 0.000000 -1.000000 0.000000
vn 0.000000 -1.000000 0.000000
vn -0.371370 0.000000 -0.928485
vn -0.371370 0.000000 -0.928485
vn -0.371370 0.000000 -0.928485
vn -0.371370 0.000000 -0.928485
vn -0.371370 0.000000 -0.928485
vn -0.371370 0.000000 -0.928485
vn 0.371371 0.000000 0.928485
vn 0.371371 0.000000 0.928485
vn 0.371371 0.000000 0.928485
vn 0.371371 0.000000 0.928485
vn 0.371371 0.000000 0.928485
vn 0.371371 0.000000 0.928485
vn 0.928486 0.000000 -0.371366
vn 0.928486 0.000000 -0.371366
vn 0.928486 0.000000 -0.371366
vn 0.928486 0.000000 -0.371366
vn 0.928486 0.000000 -0.371366
vn 0.928486 0.000000 -0.371366
vn -0.000000 1.000000 0.000000
vn -0.000000 1.000000 0.000000
vn -0.000000 1.000000 0.000000
vn -0.000000 1.000000 0.000000
vn -0.000000 1.000000 0.000000
vn -0.000000 1.000000 0.000000
vn -0.928485 0.000000 0.371370
vn -0.928485 0.000000 0.371370
vn -0.928485 0.000000 0.371370
vn -0.928485 0.000000 0.371370
vn -0.928485 0.000000 0.371370
vn -0.928485 0.000000 0.371370
vn 0.000000 -1.000000 0.000000
vn 0.000000 -1.000000 0.000000
vn 0.000000 -1.000000 0.000000
vn 0.000000 -1.000000 0.000000
vn 0.000000 -1.000000 0.000000
vn 0.000000 -1.000000 0.000000
vn -0.371363 0.000000 -0.928488
vn -0.371363 0.000000 -0.928488
vn -0.371363 0.000000 -0.928488
vn -0.371363 0.000000 -0.928488
vn -0.371363 0.000000 -0.928488
vn -0.371363 0.000000 -0.928488
vn 0.371369 0.000000 0.928485
vn 0.371369 0.000000 0.928485
vn 0.371369 0.000000 0.928485
vn 0.371369 0.000000 0.928485
vn 0.371369 0.000000 0.928485
vn 0.371369 0.000000 0.928485
vn 0.928486 0.000000 -0.371366
vn 0.928486 0.000000 -0.371366
vn 0.928486 0.000000 -0.371366
vn 0.928486 0.000000 -0.371366
vn 0.928486 0.000000 -0.371366
vn 0.928486 0.000000 -0.371366
vn -0.000000 1.000000 0.000000
vn -0.000000 1.000000 0.000000
vn -0.000000 1.000000 0.000000
vn -0.000000 1.000000 0.000000
vn -0.000000 1.000000 0.000000
vn -0.000000 1.000000 0.000000
vn -0.928486 0.000000 0.371366
vn -0.928486 0.000000 0.371366
vn -0.928486 0.000000 0.371366
vn -0.928486 0.000000 0.371366
vn -0.928486 0.000000 0.371366
vn -0.928486 0.000000 0.371366
vn 0.000000 -1.000000 0.000000
vn 0.000000 -1.000000 0.000000
vn 0.000000 -1.000000 0.000000
vn 0.000000 -1.000000 0.000000
vn 0.000000 -1.000000 0.000000
vn 0.000000 -1.000000 0.000000
vn -0.371369 0.000000 -0.928486
vn -0.371369 0.000000 -0.928486
vn -0.371369 0.000000 -0.928486
vn -0.371369 0.000000 -0.928486
vn -0.371369 0.000000 -0.928486
vn -0.371369 0.000000 -0.928486
vn 0.371369 0.000000 0.928486
vn 0.371369 0.000000 0.928486
vn 0.371369 0.000000 0.928486
vn 0.371369 0.000000 0.928486
vn 0.371369 0.000000 0.928486
vn 0.371369 0.000000 0.928486
vn 0.928484 0.000000 -0.371373
vn 0.928484 0.000000 -0.371373
vn 0.928484 0.000000 -0.371373
vn 0.928484 0.000000 -0.371373
vn 0.928484 0.000000 -0.371373
vn 0.928484 0.000000 -0.371373
vn -0.000000 1.000000 0.000000
vn -0.000000 1.000000 0.000000
vn -0.000000 1.000000 0.000000
vn -0.000000 1.000000 0.000000
vn -0.000000 1.000000 0.000000
vn -0.000000 1.000000 0.000000
vn -0.928485 0.000000 0.371369
vn -0.928485 0.000000 0.371369
vn -0.928485 0.000000 0.371369
vn -0.928485 0.000000 0.371369
vn -0.928485 0.000000 0.371369
vn -0.928485 0.000000 0.371369
vn 0.000000 -1.000000 0.000000
vn 0.000000 -1.000000 0.000000
vn 0.000000 -1.000000 0.000000
vn 0.000000 -1.000000 0.000000
vn 0.000000 -1.000000 0.000000
vn 0.000000 -1.000000 0.000000
vn -0.371369 0.000000 -0.928485
vn -0.371369 0.000000 -0.928485
vn -0.371369 0.000000 -0.928485
vn -0.371369 0.000000 -0.928485
vn -0.371369 0.000000 -0.928485
vn -0.371369 0.000000 -0.928485
vn 0.371363 0.000000 0.928488
vn 0.371363 0.000000 0.928488
vn 0.371363 0.000000 0.928488
vn 0.371363 0.000000 0.928488
vn 0.371363 0.000000 0.928488
vn 0.371363 0.000000 0.928488
vn 0.928485 0.000000 -0.371369
vn 0.928485 0.000000 -0.371369
vn 0.928485 0.000000 -0.371369
vn 0.928485 0.000000 -0.371369
vn 0.928485 0.000000 -0.371369
vn 0.928485 0.000000 -0.371369
vn -0.000000 1.000000 0.000000
vn -0.000000 1.000000 0.000000
vn -0.000000 1.000000 0.000000
vn -0.000000 1.000000 0.000000
vn -0.000000 1.000000 0.000000
vn -0.000000 1.000000 0.000000
vn -0.928485 0.000000 0.371369
vn -0.928485 0.000000 0.371369
vn -0.928485 0.000000 0.371369
vn -0.928485 0.000000 0.371369
vn -0.928485 0.000000 0.371369
vn -0.928485 0.000000 0.371369
vn 0.000000 -1.000000 0.000000
vn 0.000000 -1.000000 0.000000
vn 0.000000 -1.000000 0.000000
vn 0.000000 -1.000000 0.000000
vn 0.000000 -1.000000 0.000000
vn 0.000000 -1.000000 0.000000
vn -0.371364 0.000000 -0.928487
vn -0.371364 0.000000 -0.928487
vn -0.371364 0.000000 -0.928487
vn -0.371364 0.000000 -0.928487
vn -0.371364 0.000000 -0.928487
vn -0.371364 0.000000 -0.928487
vn 0.371373 0.000000 0.928484
vn 0.371373 0.000000 0.928484
vn 0.371373 0.000000 0.928484
vn 0.371373 0.000000 0.928484
vn 0.371373 0.000000 0.928484
vn 0.371373 0.000000 0.928484
vn 0.928485 0.000000 -0.371369
vn 0.928485 0.000000 -0.371369
vn 0.928485 0.000000 -0.371369
vn 0.928485 0.000000 -0.371369
vn 0.928485 0.000000 -0.371369
vn 0.928485 0.000000 -0.371369
vn -0.000000 1.000000 0.000000
vn -0.000000 1.000000 0.000000
vn -0.000000 1.000000 0.000000
vn -0.000000 1.000000 0.000000
vn -0.000000 1.000000 0.000000
vn -0.000000 1.000000 0.000000
vn -0.928487 0.000000 0.371365
vn -0.928487 0.000000 0.371365
vn -0.928487 0.000000 0.371365
vn -0.928487 0.000000 0.371365
vn -0.928487 0.000000 0.371365
vn -0.928487 0.000000 0.371365
vn 0.000000 -1.000000 0.000000
vn 0.000000 -1.000000 0.000000
vn 0.000000 -1.000000 0.000000
vn 0.000000 -1.000000 0.000000
vn 0.000000 -1.000000 0.000000
vn 0.000000 -1.000000 0.000000
vn -0.371366 0.000000 -0.928486
vn -0.371366 0.000000 -0.928486
vn -0.371366 0.000000 -0.928486
vn -0.371366 0.000000 -0.928486
vn -0.371366 0.000000 -0.928486
vn -0.371366 0.000000 -0.928486
vn 0.371360 0.000000 0.928489
vn 0.371360 0.000000 0.928489
vn 0.371360 0.000000 0.928489
vn 0.371360 0.000000 0.928489
vn 0.371360 0.000000 0.928489
vn 0.371360 0.000000 0.928489
vn 0.923879 0.000000 -0.382684
vn 0.923879 0.000000 -0.382684
vn 0.923879 0.000000 -0.382684
vn 0.923879 0.000000 -0.382684
vn 0.923879 0.000000 -0.382684
vn 0.923879 0.000000 -0.382684
vn -0.000000 1.000000 0.000000
vn -0.000000 1.000000 0.000000
vn -0.000000 1.000000 0.000000
vn -0.000000 1.000000 0.000000
vn -0.000000 1.000000 0.000000
vn -0.000000 1.000000 0.000000
vn -0.923879 0.000000 0.382684
vn -0.923879 0.000000 0.382684
vn -0.923879 0.000000 0.382684
vn -0.923879 0.000000 0.382684
vn -0.923879 0.000000 0.382684
vn -0.923879 0.000000 0.382684
vn 0.000000 -1.000000 0.000000
vn 0.000000 -1.000000 0.000000
vn 0.000000 -1.000000 0.000000
vn 0.000000 -1.000000 0.000000
vn 0.000000 -1.000000 0.000000
vn 0.000000 -1.000000 0.000000
vn -0.382683 0.000000 -0.923880
vn -0.382683 0.000000 -0.923880
vn -0.382683 0.000000 -0.923880
vn -0.382683 0.000000 -0.923880
vn -0.382683 0.000000 -0.923880
vn -0.382683 0.000000 -0.923880
vn 0.382683 0.000000 0.923880
vn 0.382683 0.000000 0.923880
vn 0.382683 0.000000 0.923880
vn 0.382683 0.000000 0.923880
vn 0.382683 0.000000 0.923880
vn 0.382683 0.000000 0.923880
s off
g gazebo group23 fence1_group3_group4_pCube33
usemtl pCube37SG
f 97/289/433 99/291/434 98/290/435
f 97/289/436 100/292/437 99/291/438
f 98/293/439 102/295/440 101/294/441
f 98/293/442 99/296/443 102/295/444
f 101/297/445 104/299/446 103/298/447
f 101/297/448 102/300/449 104/299/450
f 103/301/451 100/303/452 97/302/453
f 103/301/454 104/304/455 100/303/456
f 100/305/457 102/307/458 99/306/459
f 100/305/460 104/308/461 102/307/462
f 103/309/463 98/311/464 101/310/465
f 103/309/466 97/312/467 98/311/468
f 105/313/469 107/315/470 106/314/471
f 105/313/472 108/316/473 107/315/474
f 106/317/475 110/319/476 109/318/477
f 106/317/478 107/320/479 110/319/480
f 109/321/481 112/323/482 111/322/483
f 109/321/484 110/324/485 112/323/486
f 111/325/487 108/327/488 105/326/489
f 111/325/490 112/328/491 108/327/492
f 108/329/493 110/331/494 107/330/495
f 108/329/496 112/332/497 110/331/498
f 111/333/499 106/335/500 109/334/501
f 111/333/502 105/336/503 106/335/504
f 113/337/505 115/339/506 114/338/507
f 113/337/508 116/340/509 115/339/510
f 114/341/511 118/343/512 117/342/513
f 114/341/514 115/344/515 118/343/516
f 117/345/517 120/347/518 119/346/519
f 117/345/520 118/348/521 120/347/522
f 119/349/523 116/351/524 113/350/525
f 119/349/526 120/352/527 116/351/528
f 116/353/529 118/355/530 115/354/531
f 116/353/532 120/356/533 118/355/534
f 119/357/535 114/359/536 117/358/537
f 119/357/538 113/360/539 114/359/540
f 121/361/541 123/363/542 122/362/543
f 121/361/544 124/364/545 123/363/546
f 122/365/547 126/367/548 125/366/549
f 122/365/550 123/368/551 126/367/552
f 125/369/553 128/371/554 127/370/555
f 125/369/556 126/372/557 128/371/558
f 127/373/559 124/375/560 121/374/561
f 127/373/562 128/376/563 124/375/564
f 124/377/565 126/379/566 123/378/567
f 124/377/568 128/380/569 126/379/570
f 127/381/571 122/383/572 125/382/573
f 127/381/574 121/384/575 122/383/576
f 129/385/577 131/387/578 130/386/579
f 129/385/580 132/388/581 131/387/582
f 130/389/583 134/391/584 133/390/585
f 130/389/586 131/392/587 134/391/588
f 133/393/589 136/395/590 135/394/591
f 133/393/592 134/396/593 136/395/594
f 135/397/595 132/399/596 129/398/597
f 135/397/598 136/400/599 132/399/600
f 132/401/601 134/403/602 131/402/603
f 132/401/604 136/404/605 134/403/606
f 135/405/607 130/407/608 133/406/609
f 135/405/610 129/408/611 130/407/612
f 137/409/613 139/411/614 138/410/615
f 137/409/616 140/412/617 139/411/618
f 138/413/619 142/415/620 141/414/621
f 138/413/622 139/416/623 142/415/624
f 141/417/625 144/419/626 143/418/627
f 141/417/628 142/420/629 144/419/630
f 143/421/631 140/423/632 137/422/633
f 143/421/634 144/424/635 140/423/636
f 140/425/637 142/427/638 139/426/639
f 140/425/640 144/428/641 142/427/642
f 143/429/643 138/431/644 141/430/645
f 143/429/646 137/432/647 138/431/648
f 145/433/649 147/435/650 146/434/651
f 145/433/652 148/436/653 147/435/654
f 146/437/655 150/439/656 149/438/657
f 146/437/658 147/440/659 150/439/660
f 149/441/661 152/443/662 151/442/663
f 149/441/664 150/444/665 152/443/666
f 151/445/667 148/447/668 145/446/669
f 151/445/670 152/448/671 148/447/672
f 148/449/673 150/451/674 147/450/675
f 148/449/676 152/452/677 150/451/678
f 151/453/679 146/455/680 149/454/681
f 151/453/682 145/456/683 146/455/684
f 153/457/685 155/459/686 154/458/687
f 153/457/688 156/460/689 155/459/690
f 154/461/691 158/463/692 157/462/693
f 154/461/694 155/464/695 158/463/696
f 157/465/697 160/467/698 159/466/699
f 157/465/700 158/468/701 160/467/702
f 159/469/703 156/471/704 153/470/705
f 159/469/706 160/472/707 156/471/708
f 156/473/709 158/475/710 155/474/711
f 156/473/712 160/476/713 158/475/714
f 159/477/715 154/479/716 157/478/717
f 159/477/718 153/480/719 154/479/720
f 161/481/721 163/483/722 162/482/723
f 161/481/724 164/484/725 163/483/726
f 162/485/727 166/487/728 165/486/729
f 162/485/730 163/488/731 166/487/732
f 165/489/733 168/491/734 167/490/735
f 165/489/736 166/492/737 168/491/738
f 167/493/739 164/495/740 161/494/741
f 167/493/742 168/496/743 164/495/744
f 164/497/745 166/499/746 163/498/747
f 164/497/748 168/500/749 166/499/750
f 167/501/751 162/503/752 165/502/753
f 167/501/754 161/504/755 162/503/756
g default
v 135.095869 39.574691 -401.984783
v 135.095869 145.198006 -401.984783
v 136.959483 145.198006 -406.332908
v 136.959483 39.574691 -406.332908
v 130.747736 145.198006 -403.848389
v 132.611350 145.198006 -408.196517
v 130.747736 39.574691 -403.848389
v 132.611350 39.574691 -408.196517
v 109.684056 39.574691 -412.511440
v 109.684056 145.198006 -412.511440
v 111.547665 145.198006 -416.859566
v 111.547665 39.574691 -416.859566
v 105.335918 145.198006 -414.375046
v 107.199537 145.198006 -418.723175
v 105.335918 39.574691 -414.375046
v 107.199537 39.574691 -418.723175
v 84.272243 39.574691 -423.038069
v 84.272243 145.198006 -423.038069
v 86.135852 145.198006 -427.386227
v 86.135852 39.574691 -427.386227
v 79.924100 145.198006 -424.901708
v 81.787714 145.198006 -429.249834
v 79.924100 39.574691 -424.901708
v 81.787714 39.574691 -429.249834
v 58.860423 39.574691 -433.564728
v 58.860423 145.198006 -433.564728
v 60.724038 145.198006 -437.912855
v 60.724038 39.574691 -437.912855
v 54.512289 145.198006 -435.428336
v 56.375904 145.198006 -439.776494
v 54.512289 39.574691 -435.428336
v 56.375904 39.574691 -439.776494
v 33.448611 39.574691 -444.091388
v 33.448611 145.198006 -444.091388
v 35.312227 145.198006 -448.439515
v 35.312227 39.574691 -448.439515
v 29.100476 145.198006 -445.954995
v 30.964084 145.198006 -450.303122
v 29.100476 39.574691 -445.954995
v 30.964084 39.574691 -450.303122
v 8.036790 39.574691 -454.618017
v 8.036790 145.198006 -454.618017
v 9.900399 145.198006 -458.966175
v 9.900399 39.574691 -458.966175
v 3.688665 145.198006 -456.481656
v 5.552271 145.198006 -460.829783
v 3.688665 39.574691 -456.481656
v 5.552271 39.574691 -460.829783
v -17.375023 39.574691 -465.144692
v -17.375023 145.198006 -465.144692
v -15.511414 145.198006 -469.492820
v -15.511414 39.574691 -469.492820
v -21.723146 145.198006 -467.008283
v -19.859542 145.198006 -471.356441
v -21.723146 39.574691 -467.008283
v -19.859542 39.574691 -471.356441
v -42.786825 39.574691 -475.671339
v -42.786825 145.198006 -475.671339
v -40.923222 145.198006 -480.019465
v -40.923222 39.574691 -480.019465
v -47.134968 145.198006 -477.534946
v -45.271345 145.198006 -481.883074
v -47.134968 39.574691 -477.534946
v -45.271345 39.574691 -481.883074
v 152.278696 138.594432 -393.740224
v 152.278696 149.711361 -393.740224
v 155.142991 149.711361 -400.655233
v 155.142991 138.594432 -400.655233
v -67.744925 149.711361 -484.876992
v -64.880630 149.711361 -491.792001
v -67.744925 138.594432 -484.876992
v -64.880630 138.594432 -491.792001
vt 0.688225 0.001992
vt 0.688225 0.321031
vt 0.701358 0.321031
vt 0.701358 0.001992
vt 0.435891 0.684599
vt 0.441520 0.697732
vt 0.454653 0.692103
vt 0.449024 0.678970
vt 0.721433 0.321031
vt 0.721433 0.001992
vt 0.708299 0.001992
vt 0.708299 0.321031
vt 0.424517 0.697732
vt 0.430146 0.684599
vt 0.417012 0.678970
vt 0.411383 0.692103
vt 0.741507 0.321031
vt 0.741507 0.001992
vt 0.728373 0.001992
vt 0.728373 0.321031
vt 0.748448 0.001992
vt 0.748448 0.321031
vt 0.761581 0.321031
vt 0.761581 0.001992
vt 0.768522 0.001992
vt 0.768522 0.321031
vt 0.781656 0.321031
vt 0.781656 0.001992
vt 0.386876 0.684599
vt 0.392505 0.697732
vt 0.405638 0.692103
vt 0.400009 0.678970
vt 0.801730 0.321031
vt 0.801730 0.001992
vt 0.788596 0.001992
vt 0.788596 0.321031
vt 0.375502 0.697732
vt 0.381131 0.684599
vt 0.367997 0.678970
vt 0.362368 0.692103
vt 0.821804 0.321031
vt 0.821804 0.001992
vt 0.808671 0.001992
vt 0.808671 0.321031
vt 0.828745 0.001992
vt 0.828745 0.321031
vt 0.841879 0.321031
vt 0.841879 0.001992
vt 0.848819 0.001992
vt 0.848819 0.321031
vt 0.861953 0.321031
vt 0.861953 0.001992
vt 0.498040 0.678969
vt 0.484906 0.684599
vt 0.490535 0.697732
vt 0.503669 0.692103
vt 0.882027 0.321031
vt 0.882027 0.001992
vt 0.868893 0.001992
vt 0.868893 0.321031
vt 0.460398 0.692103
vt 0.473532 0.697732
vt 0.479161 0.684599
vt 0.466027 0.678970
vt 0.902101 0.321031
vt 0.902101 0.001992
vt 0.888968 0.001992
vt 0.888968 0.321031
vt 0.909042 0.001992
vt 0.909042 0.321031
vt 0.922176 0.321031
vt 0.922176 0.001992
vt 0.921370 0.324768
vt 0.921370 0.643807
vt 0.934504 0.643807
vt 0.934504 0.324768
vt 0.350994 0.678970
vt 0.337860 0.684599
vt 0.343489 0.697732
vt 0.356623 0.692103
vt 0.915625 0.643807
vt 0.915625 0.324768
vt 0.902491 0.324768
vt 0.902491 0.643807
vt 0.313352 0.692103
vt 0.326486 0.697732
vt 0.332115 0.684599
vt 0.318982 0.678970
vt 0.896746 0.643807
vt 0.896746 0.324768
vt 0.883613 0.324768
vt 0.883613 0.643807
vt 0.864734 0.324768
vt 0.864734 0.643807
vt 0.877868 0.643807
vt 0.877868 0.324768
vt 0.845856 0.324768
vt 0.845856 0.643807
vt 0.858989 0.643807
vt 0.858989 0.324768
vt 0.190814 0.684599
vt 0.196443 0.697732
vt 0.209577 0.692103
vt 0.203948 0.678970
vt 0.840111 0.643807
vt 0.840111 0.324768
vt 0.826977 0.324768
vt 0.826977 0.643807
vt 0.179440 0.697732
vt 0.185069 0.684599
vt 0.171936 0.678970
vt 0.166307 0.692103
vt 0.821232 0.643807
vt 0.821232 0.324768
vt 0.808099 0.324768
vt 0.808099 0.643807
vt 0.789220 0.324768
vt 0.789220 0.643807
vt 0.802354 0.643807
vt 0.802354 0.324768
vt 0.770342 0.324768
vt 0.770342 0.643807
vt 0.783475 0.643807
vt 0.783475 0.324768
vt 0.301978 0.678970
vt 0.288845 0.684599
vt 0.294474 0.697732
vt 0.307608 0.692103
vt 0.764597 0.643807
vt 0.764597 0.324768
vt 0.751463 0.324768
vt 0.751463 0.643807
vt 0.264337 0.692103
vt 0.277471 0.697732
vt 0.283100 0.684599
vt 0.269966 0.678970
vt 0.745718 0.643807
vt 0.745718 0.324768
vt 0.732584 0.324768
vt 0.732584 0.643807
vt 0.713706 0.324768
vt 0.713706 0.643807
vt 0.726840 0.643807
vt 0.726840 0.324768
vt 0.694827 0.324768
vt 0.694827 0.643807
vt 0.707961 0.643807
vt 0.707961 0.324768
vt 0.154933 0.678970
vt 0.141799 0.684599
vt 0.147428 0.697732
vt 0.160562 0.692103
vt 0.689082 0.989356
vt 0.689082 0.670318
vt 0.675949 0.670318
vt 0.675949 0.989356
vt 0.117291 0.692103
vt 0.130425 0.697732
vt 0.136054 0.684599
vt 0.122920 0.678970
vt 0.670204 0.989356
vt 0.670204 0.670318
vt 0.657070 0.670318
vt 0.657070 0.989356
vt 0.638192 0.670318
vt 0.638192 0.989356
vt 0.651325 0.989356
vt 0.651325 0.670318
vt 0.619313 0.670318
vt 0.619313 0.989356
vt 0.632447 0.989356
vt 0.632447 0.670318
vt 0.239830 0.684599
vt 0.245459 0.697732
vt 0.258592 0.692103
vt 0.252963 0.678970
vt 0.613568 0.998008
vt 0.613568 0.678970
vt 0.600435 0.678970
vt 0.600435 0.998008
vt 0.228456 0.697732
vt 0.234085 0.684599
vt 0.220951 0.678970
vt 0.215322 0.692103
vt 0.594690 0.998008
vt 0.594690 0.678969
vt 0.581556 0.678969
vt 0.581556 0.998008
vt 0.562678 0.678970
vt 0.562678 0.998008
vt 0.575811 0.998008
vt 0.575811 0.678970
vt 0.536046 0.678970
vt 0.536046 0.712549
vt 0.556933 0.712549
vt 0.556933 0.678970
vt 0.001865 0.010644
vt 0.277147 0.675232
vt 0.298034 0.666580
vt 0.022752 0.001992
vt 0.530301 0.712549
vt 0.530301 0.678970
vt 0.509414 0.678970
vt 0.509414 0.712549
vt 0.325875 0.675232
vt 0.601156 0.010644
vt 0.580269 0.001992
vt 0.304988 0.666580
vt 0.641506 0.001992
vt 0.607927 0.001992
vt 0.607927 0.666580
vt 0.641506 0.666580
vt 0.648076 0.666580
vt 0.681655 0.666580
vt 0.681655 0.001992
vt 0.648076 0.001992
vn 0.919135 -0.000000 0.393942
vn 0.919135 -0.000000 0.393942
vn 0.919135 -0.000000 0.393942
vn 0.919135 -0.000000 0.393942
vn 0.919135 -0.000000 0.393942
vn 0.919135 -0.000000 0.393942
vn 0.000000 1.000000 0.000000
vn 0.000000 1.000000 0.000000
vn 0.000000 1.000000 0.000000
vn 0.000000 1.000000 0.000000
vn 0.000000 1.000000 0.000000
vn 0.000000 1.000000 0.000000
vn -0.919135 0.000000 -0.393942
vn -0.919135 0.000000 -0.393942
vn -0.919135 0.000000 -0.393942
vn -0.919135 0.000000 -0.393942
vn -0.919135 0.000000 -0.393942
vn -0.919135 0.000000 -0.393942
vn -0.000000 -1.000000 0.000000
vn -0.000000 -1.000000 0.000000
vn -0.000000 -1.000000 0.000000
vn -0.000000 -1.000000 0.000000
vn -0.000000 -1.000000 0.000000
vn -0.000000 -1.000000 0.000000
vn 0.393942 0.000000 -0.919135
vn 0.393942 0.000000 -0.919135
vn 0.393942 0.000000 -0.919135
vn 0.393942 0.000000 -0.919135
vn 0.393942 0.000000 -0.919135
vn 0.393942 0.000000 -0.919135
vn -0.393942 -0.000000 0.919135
vn -0.393942 -0.000000 0.919135
vn -0.393942 -0.000000 0.919135
vn -0.393942 -0.000000 0.919135
vn -0.393942 -0.000000 0.919135
vn -0.393942 -0.000000 0.919135
vn 0.919136 -0.000000 0.393941
vn 0.919136 -0.000000 0.393941
vn 0.919136 -0.000000 0.393941
vn 0.919136 -0.000000 0.393941
vn 0.919136 -0.000000 0.393941
vn 0.919136 -0.000000 0.393941
vn 0.000000 1.000000 0.000000
vn 0.000000 1.000000 0.000000
vn 0.000000 1.000000 0.000000
vn 0.000000 1.000000 0.000000
vn 0.000000 1.000000 0.000000
vn 0.000000 1.000000 0.000000
vn -0.919135 0.000000 -0.393943
vn -0.919135 0.000000 -0.393943
vn -0.919135 0.000000 -0.393943
vn -0.919135 0.000000 -0.393943
vn -0.919135 0.000000 -0.393943
vn -0.919135 0.000000 -0.393943
vn -0.000000 -1.000000 0.000000
vn -0.000000 -1.000000 0.000000
vn -0.000000 -1.000000 0.000000
vn -0.000000 -1.000000 0.000000
vn -0.000000 -1.000000 0.000000
vn -0.000000 -1.000000 0.000000
vn 0.393942 0.000000 -0.919135
vn 0.393942 0.000000 -0.919135
vn 0.393942 0.000000 -0.919135
vn 0.393942 0.000000 -0.919135
vn 0.393942 0.000000 -0.919135
vn 0.393942 0.000000 -0.919135
vn -0.393942 -0.000000 0.919135
vn -0.393942 -0.000000 0.919135
vn -0.393942 -0.000000 0.919135
vn -0.393942 -0.000000 0.919135
vn -0.393942 -0.000000 0.919135
vn -0.393942 -0.000000 0.919135
vn 0.919137 -0.000000 0.393938
vn 0.919137 -0.000000 0.393938
vn 0.919137 -0.000000 0.393938
vn 0.919137 -0.000000 0.393938
vn 0.919137 -0.000000 0.393938
vn 0.919137 -0.000000 0.393938
vn 0.000000 1.000000 0.000000
vn 0.000000 1.000000 0.000000
vn 0.000000 1.000000 0.000000
vn 0.000000 1.000000 0.000000
vn 0.000000 1.000000 0.000000
vn 0.000000 1.000000 0.000000
vn -0.919134 0.000000 -0.393944
vn -0.919134 0.000000 -0.393944
vn -0.919134 0.000000 -0.393944
vn -0.919134 0.000000 -0.393944
vn -0.919134 0.000000 -0.393944
vn -0.919134 0.000000 -0.393944
vn -0.000000 -1.000000 0.000000
vn -0.000000 -1.000000 0.000000
vn -0.000000 -1.000000 0.000000
vn -0.000000 -1.000000 0.000000
vn -0.000000 -1.000000 0.000000
vn -0.000000 -1.000000 0.000000
vn 0.393938 0.000000 -0.919137
vn 0.393938 0.000000 -0.919137
vn 0.393938 0.000000 -0.919137
vn 0.393938 0.000000 -0.919137
vn 0.393938 0.000000 -0.919137
vn 0.393938 0.000000 -0.919137
vn -0.393948 -0.000000 0.919133
vn -0.393948 -0.000000 0.919133
vn -0.393948 -0.000000 0.919133
vn -0.393948 -0.000000 0.919133
vn -0.393948 -0.000000 0.919133
vn -0.393948 -0.000000 0.919133
vn 0.919135 -0.000000 0.393943
vn 0.919135 -0.000000 0.393943
vn 0.919135 -0.000000 0.393943
vn 0.919135 -0.000000 0.393943
vn 0.919135 -0.000000 0.393943
vn 0.919135 -0.000000 0.393943
vn 0.000000 1.000000 0.000000
vn 0.000000 1.000000 0.000000
vn 0.000000 1.000000 0.000000
vn 0.000000 1.000000 0.000000
vn 0.000000 1.000000 0.000000
vn 0.000000 1.000000 0.000000
vn -0.919136 0.000000 -0.393941
vn -0.919136 0.000000 -0.393941
vn -0.919136 0.000000 -0.393941
vn -0.919136 0.000000 -0.393941
vn -0.919136 0.000000 -0.393941
vn -0.919136 0.000000 -0.393941
vn -0.000000 -1.000000 0.000000
vn -0.000000 -1.000000 0.000000
vn -0.000000 -1.000000 0.000000
vn -0.000000 -1.000000 0.000000
vn -0.000000 -1.000000 0.000000
vn -0.000000 -1.000000 0.000000
vn 0.393945 0.000000 -0.919134
vn 0.393945 0.000000 -0.919134
vn 0.393945 0.000000 -0.919134
vn 0.393945 0.000000 -0.919134
vn 0.393945 0.000000 -0.919134
vn 0.393945 0.000000 -0.919134
vn -0.393942 -0.000000 0.919135
vn -0.393942 -0.000000 0.919135
vn -0.393942 -0.000000 0.919135
vn -0.393942 -0.000000 0.919135
vn -0.393942 -0.000000 0.919135
vn -0.393942 -0.000000 0.919135
vn 0.919134 -0.000000 0.393944
vn 0.919134 -0.000000 0.393944
vn 0.919134 -0.000000 0.393944
vn 0.919134 -0.000000 0.393944
vn 0.919134 -0.000000 0.393944
vn 0.919134 -0.000000 0.393944
vn 0.000000 1.000000 0.000000
vn 0.000000 1.000000 0.000000
vn 0.000000 1.000000 0.000000
vn 0.000000 1.000000 0.000000
vn 0.000000 1.000000 0.000000
vn 0.000000 1.000000 0.000000
vn -0.919136 0.000000 -0.393941
vn -0.919136 0.000000 -0.393941
vn -0.919136 0.000000 -0.393941
vn -0.919136 0.000000 -0.393941
vn -0.919136 0.000000 -0.393941
vn -0.919136 0.000000 -0.393941
vn -0.000000 -1.000000 0.000000
vn -0.000000 -1.000000 0.000000
vn -0.000000 -1.000000 0.000000
vn -0.000000 -1.000000 0.000000
vn -0.000000 -1.000000 0.000000
vn -0.000000 -1.000000 0.000000
vn 0.393941 0.000000 -0.919136
vn 0.393941 0.000000 -0.919136
vn 0.393941 0.000000 -0.919136
vn 0.393941 0.000000 -0.919136
vn 0.393941 0.000000 -0.919136
vn 0.393941 0.000000 -0.919136
vn -0.393938 -0.000000 0.919137
vn -0.393938 -0.000000 0.919137
vn -0.393938 -0.000000 0.919137
vn -0.393938 -0.000000 0.919137
vn -0.393938 -0.000000 0.919137
vn -0.393938 -0.000000 0.919137
vn 0.919136 -0.000000 0.393940
vn 0.919136 -0.000000 0.393940
vn 0.919136 -0.000000 0.393940
vn 0.919136 -0.000000 0.393940
vn 0.919136 -0.000000 0.393940
vn 0.919136 -0.000000 0.393940
vn 0.000000 1.000000 0.000000
vn 0.000000 1.000000 0.000000
vn 0.000000 1.000000 0.000000
vn 0.000000 1.000000 0.000000
vn 0.000000 1.000000 0.000000
vn 0.000000 1.000000 0.000000
vn -0.919136 0.000000 -0.393941
vn -0.919136 0.000000 -0.393941
vn -0.919136 0.000000 -0.393941
vn -0.919136 0.000000 -0.393941
vn -0.919136 0.000000 -0.393941
vn -0.919136 0.000000 -0.393941
vn -0.000000 -1.000000 0.000000
vn -0.000000 -1.000000 0.000000
vn -0.000000 -1.000000 0.000000
vn -0.000000 -1.000000 0.000000
vn -0.000000 -1.000000 0.000000
vn -0.000000 -1.000000 0.000000
vn 0.393942 0.000000 -0.919135
vn 0.393942 0.000000 -0.919135
vn 0.393942 0.000000 -0.919135
vn 0.393942 0.000000 -0.919135
vn 0.393942 0.000000 -0.919135
vn 0.393942 0.000000 -0.919135
vn -0.393946 -0.000000 0.919134
vn -0.393946 -0.000000 0.919134
vn -0.393946 -0.000000 0.919134
vn -0.393946 -0.000000 0.919134
vn -0.393946 -0.000000 0.919134
vn -0.393946 -0.000000 0.919134
vn 0.919136 -0.000000 0.393941
vn 0.919136 -0.000000 0.393941
vn 0.919136 -0.000000 0.393941
vn 0.919136 -0.000000 0.393941
vn 0.919136 -0.000000 0.393941
vn 0.919136 -0.000000 0.393941
vn 0.000000 1.000000 0.000000
vn 0.000000 1.000000 0.000000
vn 0.000000 1.000000 0.000000
vn 0.000000 1.000000 0.000000
vn 0.000000 1.000000 0.000000
vn 0.000000 1.000000 0.000000
vn -0.919136 0.000000 -0.393940
vn -0.919136 0.000000 -0.393940
vn -0.919136 0.000000 -0.393940
vn -0.919136 0.000000 -0.393940
vn -0.919136 0.000000 -0.393940
vn -0.919136 0.000000 -0.393940
vn -0.000000 -1.000000 0.000000
vn -0.000000 -1.000000 0.000000
vn -0.000000 -1.000000 0.000000
vn -0.000000 -1.000000 0.000000
vn -0.000000 -1.000000 0.000000
vn -0.000000 -1.000000 0.000000
vn 0.393942 0.000000 -0.919135
vn 0.393942 0.000000 -0.919135
vn 0.393942 0.000000 -0.919135
vn 0.393942 0.000000 -0.919135
vn 0.393942 0.000000 -0.919135
vn 0.393942 0.000000 -0.919135
vn -0.393939 -0.000000 0.919137
vn -0.393939 -0.000000 0.919137
vn -0.393939 -0.000000 0.919137
vn -0.393939 -0.000000 0.919137
vn -0.393939 -0.000000 0.919137
vn -0.393939 -0.000000 0.919137
vn 0.919136 -0.000000 0.393941
vn 0.919136 -0.000000 0.393941
vn 0.919136 -0.000000 0.393941
vn 0.919136 -0.000000 0.393941
vn 0.919136 -0.000000 0.393941
vn 0.919136 -0.000000 0.393941
vn 0.000000 1.000000 0.000000
vn 0.000000 1.000000 0.000000
vn 0.000000 1.000000 0.000000
vn 0.000000 1.000000 0.000000
vn 0.000000 1.000000 0.000000
vn 0.000000 1.000000 0.000000
vn -0.919134 0.000000 -0.393944
vn -0.919134 0.000000 -0.393944
vn -0.919134 0.000000 -0.393944
vn -0.919134 0.000000 -0.393944
vn -0.919134 0.000000 -0.393944
vn -0.919134 0.000000 -0.393944
vn -0.000000 -1.000000 0.000000
vn -0.000000 -1.000000 0.000000
vn -0.000000 -1.000000 0.000000
vn -0.000000 -1.000000 0.000000
vn -0.000000 -1.000000 0.000000
vn -0.000000 -1.000000 0.000000
vn 0.393942 0.000000 -0.919135
vn 0.393942 0.000000 -0.919135
vn 0.393942 0.000000 -0.919135
vn 0.393942 0.000000 -0.919135
vn 0.393942 0.000000 -0.919135
vn 0.393942 0.000000 -0.919135
vn -0.393941 -0.000000 0.919136
vn -0.393941 -0.000000 0.919136
vn -0.393941 -0.000000 0.919136
vn -0.393941 -0.000000 0.919136
vn -0.393941 -0.000000 0.919136
vn -0.393941 -0.000000 0.919136
vn 0.923880 -0.000000 0.382683
vn 0.923880 -0.000000 0.382683
vn 0.923880 -0.000000 0.382683
vn 0.923880 -0.000000 0.382683
vn 0.923880 -0.000000 0.382683
vn 0.923880 -0.000000 0.382683
vn 0.000000 1.000000 0.000000
vn 0.000000 1.000000 0.000000
vn 0.000000 1.000000 0.000000
vn 0.000000 1.000000 0.000000
vn 0.000000 1.000000 0.000000
vn 0.000000 1.000000 0.000000
vn -0.923879 0.000000 -0.382684
vn -0.923879 0.000000 -0.382684
vn -0.923879 0.000000 -0.382684
vn -0.923879 0.000000 -0.382684
vn -0.923879 0.000000 -0.382684
vn -0.923879 0.000000 -0.382684
vn -0.000000 -1.000000 0.000000
vn -0.000000 -1.000000 0.000000
vn -0.000000 -1.000000 0.000000
vn -0.000000 -1.000000 0.000000
vn -0.000000 -1.000000 0.000000
vn -0.000000 -1.000000 0.000000
vn 0.382683 0.000000 -0.923880
vn 0.382683 0.000000 -0.923880
vn 0.382683 0.000000 -0.923880
vn 0.382683 0.000000 -0.923880
vn 0.382683 0.000000 -0.923880
vn 0.382683 0.000000 -0.923880
vn -0.382683 -0.000000 0.923880
vn -0.382683 -0.000000 0.923880
vn -0.382683 -0.000000 0.923880
vn -0.382683 -0.000000 0.923880
vn -0.382683 -0.000000 0.923880
vn -0.382683 -0.000000 0.923880
s off
g gazebo group23 fence2_group3_group4_pCube33
usemtl pCube37SG
f 169/505/757 171/507/758 170/506/759
f 169/505/760 172/508/761 171/507/762
f 170/509/763 174/511/764 173/510/765
f 170/509/766 171/512/767 174/511/768
f 173/513/769 176/515/770 175/514/771
f 173/513/772 174/516/773 176/515/774
f 175/517/775 172/519/776 169/518/777
f 175/517/778 176/520/779 172/519/780
f 172/521/781 174/523/782 171/522/783
f 172/521/784 176/524/785 174/523/786
f 175/525/787 170/527/788 173/526/789
f 175/525/790 169/528/791 170/527/792
f 177/529/793 179/531/794 178/530/795
f 177/529/796 180/532/797 179/531/798
f 178/533/799 182/535/800 181/534/801
f 178/533/802 179/536/803 182/535/804
f 181/537/805 184/539/806 183/538/807
f 181/537/808 182/540/809 184/539/810
f 183/541/811 180/543/812 177/542/813
f 183/541/814 184/544/815 180/543/816
f 180/545/817 182/547/818 179/546/819
f 180/545/820 184/548/821 182/547/822
f 183/549/823 178/551/824 181/550/825
f 183/549/826 177/552/827 178/551/828
f 185/553/829 187/555/830 186/554/831
f 185/553/832 188/556/833 187/555/834
f 186/557/835 190/559/836 189/558/837
f 186/557/838 187/560/839 190/559/840
f 189/561/841 192/563/842 191/562/843
f 189/561/844 190/564/845 192/563/846
f 191/565/847 188/567/848 185/566/849
f 191/565/850 192/568/851 188/567/852
f 188/569/853 190/571/854 187/570/855
f 188/569/856 192/572/857 190/571/858
f 191/573/859 186/575/860 189/574/861
f 191/573/862 185/576/863 186/575/864
f 193/577/865 195/579/866 194/578/867
f 193/577/868 196/580/869 195/579/870
f 194/581/871 198/583/872 197/582/873
f 194/581/874 195/584/875 198/583/876
f 197/585/877 200/587/878 199/586/879
f 197/585/880 198/588/881 200/587/882
f 199/589/883 196/591/884 193/590/885
f 199/589/886 200/592/887 196/591/888
f 196/593/889 198/595/890 195/594/891
f 196/593/892 200/596/893 198/595/894
f 199/597/895 194/599/896 197/598/897
f 199/597/898 193/600/899 194/599/900
f 201/601/901 203/603/902 202/602/903
f 201/601/904 204/604/905 203/603/906
f 202/605/907 206/607/908 205/606/909
f 202/605/910 203/608/911 206/607/912
f 205/609/913 208/611/914 207/610/915
f 205/609/916 206/612/917 208/611/918
f 207/613/919 204/615/920 201/614/921
f 207/613/922 208/616/923 204/615/924
f 204/617/925 206/619/926 203/618/927
f 204/617/928 208/620/929 206/619/930
f 207/621/931 202/623/932 205/622/933
f 207/621/934 201/624/935 202/623/936
f 209/625/937 211/627/938 210/626/939
f 209/625/940 212/628/941 211/627/942
f 210/629/943 214/631/944 213/630/945
f 210/629/946 211/632/947 214/631/948
f 213/633/949 216/635/950 215/634/951
f 213/633/952 214/636/953 216/635/954
f 215/637/955 212/639/956 209/638/957
f 215/637/958 216/640/959 212/639/960
f 212/641/961 214/643/962 211/642/963
f 212/641/964 216/644/965 214/643/966
f 215/645/967 210/647/968 213/646/969
f 215/645/970 209/648/971 210/647/972
f 217/649/973 219/651/974 218/650/975
f 217/649/976 220/652/977 219/651/978
f 218/653/979 222/655/980 221/654/981
f 218/653/982 219/656/983 222/655/984
f 221/657/985 224/659/986 223/658/987
f 221/657/988 222/660/989 224/659/990
f 223/661/991 220/663/992 217/662/993
f 223/661/994 224/664/995 220/663/996
f 220/665/997 222/667/998 219/666/999
f 220/665/1000 224/668/1001 222/667/1002
f 223/669/1003 218/671/1004 221/670/1005
f 223/669/1006 217/672/1007 218/671/1008
f 225/673/1009 227/675/1010 226/674/1011
f 225/673/1012 228/676/1013 227/675/1014
f 226/677/1015 230/679/1016 229/678/1017
f 226/677/1018 227/680/1019 230/679/1020
f 229/681/1021 232/683/1022 231/682/1023
f 229/681/1024 230/684/1025 232/683/1026
f 231/685/1027 228/687/1028 225/686/1029
f 231/685/1030 232/688/1031 228/687/1032
f 228/689/1033 230/691/1034 227/690/1035
f 228/689/1036 232/692/1037 230/691/1038
f 231/693/1039 226/695/1040 229/694/1041
f 231/693/1042 225/696/1043 226/695/1044
f 233/697/1045 235/699/1046 234/698/1047
f 233/697/1048 236/700/1049 235/699/1050
f 234/701/1051 238/703/1052 237/702/1053
f 234/701/1054 235/704/1055 238/703/1056
f 237/705/1057 240/707/1058 239/706/1059
f 237/705/1060 238/708/1061 240/707/1062
f 239/709/1063 236/711/1064 233/710/1065
f 239/709/1066 240/712/1067 236/711/1068
f 236/713/1069 238/715/1070 235/714/1071
f 236/713/1072 240/716/1073 238/715/1074
f 239/717/1075 234/719/1076 237/718/1077
f 239/717/1078 233/720/1079 234/719/1080
g default
v 185.252173 39.574691 -1041.502028
v 185.252173 145.198006 -1041.502028
v 183.388559 145.198006 -1037.153900
v 183.388559 39.574691 -1037.153900
v 189.600306 145.198006 -1039.638419
v 187.736692 145.198006 -1035.290293
v 189.600306 39.574691 -1039.638419
v 187.736692 39.574691 -1035.290293
v 210.663986 39.574691 -1030.975368
v 210.663986 145.198006 -1030.975368
v 208.800377 145.198006 -1026.627240
v 208.800377 39.574691 -1026.627240
v 215.012124 145.198006 -1029.111759
v 213.148505 145.198006 -1024.763633
v 215.012124 39.574691 -1029.111759
v 213.148505 39.574691 -1024.763633
v 236.075799 39.574691 -1020.448739
v 236.075799 145.198006 -1020.448739
v 234.212190 145.198006 -1016.100581
v 234.212190 39.574691 -1016.100581
v 240.423942 145.198006 -1018.585100
v 238.560328 145.198006 -1014.236974
v 240.423942 39.574691 -1018.585100
v 238.560328 39.574691 -1014.236974
v 261.487620 39.574691 -1009.922079
v 261.487620 145.198006 -1009.922079
v 259.624004 145.198006 -1005.573952
v 259.624004 39.574691 -1005.573952
v 265.835754 145.198006 -1008.058472
v 263.972139 145.198006 -1003.710314
v 265.835754 39.574691 -1008.058472
v 263.972139 39.574691 -1003.710314
v 286.899432 39.574691 -999.395419
v 286.899432 145.198006 -999.395419
v 285.035817 145.198006 -995.047293
v 285.035817 39.574691 -995.047293
v 291.247558 145.198006 -997.531812
v 289.383958 145.198006 -993.183685
v 291.247558 39.574691 -997.531812
v 289.383958 39.574691 -993.183685
v 312.311244 39.574691 -988.868791
v 312.311244 145.198006 -988.868791
v 310.447636 145.198006 -984.520633
v 310.447636 39.574691 -984.520633
v 316.659370 145.198006 -987.005152
v 314.795764 145.198006 -982.657025
v 316.659370 39.574691 -987.005152
v 314.795764 39.574691 -982.657025
v 337.723055 39.574691 -978.342116
v 337.723055 145.198006 -978.342116
v 335.859451 145.198006 -973.993988
v 335.859451 39.574691 -973.993988
v 342.071178 145.198006 -976.478525
v 340.207574 145.198006 -972.130367
v 342.071178 39.574691 -976.478525
v 340.207574 39.574691 -972.130367
v 363.134867 39.574691 -967.815471
v 363.134867 145.198006 -967.815471
v 361.271254 145.198006 -963.467346
v 361.271254 39.574691 -963.467346
v 367.483010 145.198006 -965.951865
v 365.619387 145.198006 -961.603737
v 367.483010 39.574691 -965.951865
v 365.619387 39.574691 -961.603737
v 168.069346 138.594432 -1049.746586
v 168.069346 149.711361 -1049.746586
v 165.205051 149.711361 -1042.831577
v 165.205051 138.594432 -1042.831577
v 388.092967 149.711361 -958.609819
v 385.228682 149.711361 -951.694810
v 388.092967 138.594432 -958.609819
v 385.228682 138.594432 -951.694810
vt 0.688225 0.001992
vt 0.688225 0.321031
vt 0.701358 0.321031
vt 0.701358 0.001992
vt 0.503669 0.692103
vt 0.498040 0.678970
vt 0.484906 0.684599
vt 0.490535 0.697732
vt 0.721433 0.321031
vt 0.721433 0.001992
vt 0.708299 0.001992
vt 0.708299 0.321031
vt 0.466028 0.678970
vt 0.460399 0.692103
vt 0.473532 0.697732
vt 0.479161 0.684599
vt 0.728373 0.001992
vt 0.728373 0.321031
vt 0.741507 0.321031
vt 0.741507 0.001992
vt 0.761581 0.321031
vt 0.761581 0.001992
vt 0.748448 0.001992
vt 0.748448 0.321031
vt 0.768522 0.001992
vt 0.768522 0.321031
vt 0.781656 0.321031
vt 0.781656 0.001992
vt 0.441520 0.697732
vt 0.454654 0.692103
vt 0.449024 0.678970
vt 0.435891 0.684599
vt 0.801730 0.321031
vt 0.801730 0.001992
vt 0.788596 0.001992
vt 0.788596 0.321031
vt 0.430146 0.684599
vt 0.417012 0.678970
vt 0.411383 0.692103
vt 0.424517 0.697732
vt 0.808671 0.001992
vt 0.808671 0.321031
vt 0.821804 0.321031
vt 0.821804 0.001992
vt 0.841879 0.321031
vt 0.841879 0.001992
vt 0.828745 0.001992
vt 0.828745 0.321031
vt 0.848819 0.001992
vt 0.848819 0.321031
vt 0.861953 0.321031
vt 0.861953 0.001992
vt 0.392505 0.697732
vt 0.405638 0.692103
vt 0.400009 0.678970
vt 0.386875 0.684599
vt 0.882027 0.321031
vt 0.882027 0.001992
vt 0.868893 0.001992
vt 0.868893 0.321031
vt 0.381131 0.684599
vt 0.367997 0.678970
vt 0.362368 0.692103
vt 0.375501 0.697732
vt 0.888968 0.001992
vt 0.888968 0.321031
vt 0.902102 0.321031
vt 0.902102 0.001992
vt 0.922176 0.321031
vt 0.922176 0.001992
vt 0.909042 0.001992
vt 0.909042 0.321031
vt 0.921370 0.324768
vt 0.921370 0.643807
vt 0.934504 0.643807
vt 0.934504 0.324768
vt 0.343489 0.697732
vt 0.356623 0.692103
vt 0.350994 0.678970
vt 0.337860 0.684599
vt 0.915625 0.643807
vt 0.915625 0.324768
vt 0.902491 0.324768
vt 0.902491 0.643807
vt 0.332115 0.684598
vt 0.318981 0.678969
vt 0.313352 0.692103
vt 0.326486 0.697732
vt 0.883613 0.324768
vt 0.883613 0.643807
vt 0.896746 0.643807
vt 0.896746 0.324768
vt 0.877868 0.643807
vt 0.877868 0.324768
vt 0.864734 0.324768
vt 0.864734 0.643807
vt 0.845856 0.324768
vt 0.845856 0.643807
vt 0.858989 0.643807
vt 0.858989 0.324768
vt 0.209577 0.692103
vt 0.203948 0.678970
vt 0.190814 0.684599
vt 0.196443 0.697732
vt 0.840111 0.643807
vt 0.840111 0.324768
vt 0.826977 0.324768
vt 0.826977 0.643807
vt 0.171936 0.678970
vt 0.166307 0.692103
vt 0.179440 0.697732
vt 0.185069 0.684599
vt 0.808099 0.324768
vt 0.808099 0.643807
vt 0.821232 0.643807
vt 0.821232 0.324768
vt 0.802354 0.643807
vt 0.802354 0.324768
vt 0.789220 0.324768
vt 0.789220 0.643807
vt 0.770341 0.324768
vt 0.770341 0.643807
vt 0.783475 0.643807
vt 0.783475 0.324768
vt 0.294474 0.697732
vt 0.307607 0.692103
vt 0.301978 0.678970
vt 0.288845 0.684599
vt 0.764597 0.643807
vt 0.764597 0.324768
vt 0.751463 0.324768
vt 0.751463 0.643807
vt 0.283100 0.684599
vt 0.269966 0.678970
vt 0.264337 0.692103
vt 0.277471 0.697732
vt 0.732584 0.324768
vt 0.732584 0.643807
vt 0.745718 0.643807
vt 0.745718 0.324768
vt 0.726839 0.643807
vt 0.726839 0.324768
vt 0.713706 0.324768
vt 0.713706 0.643807
vt 0.694827 0.324768
vt 0.694827 0.643807
vt 0.707961 0.643807
vt 0.707961 0.324768
vt 0.245459 0.697732
vt 0.258592 0.692103
vt 0.252963 0.678970
vt 0.239829 0.684599
vt 0.689082 0.989356
vt 0.689082 0.670318
vt 0.675949 0.670318
vt 0.675949 0.989356
vt 0.234085 0.684599
vt 0.220951 0.678970
vt 0.215322 0.692103
vt 0.228456 0.697732
vt 0.657070 0.670318
vt 0.657070 0.989356
vt 0.670204 0.989356
vt 0.670204 0.670318
vt 0.651325 0.989356
vt 0.651325 0.670318
vt 0.638192 0.670318
vt 0.638192 0.989356
vt 0.619313 0.670318
vt 0.619313 0.989356
vt 0.632447 0.989356
vt 0.632447 0.670318
vt 0.147428 0.697732
vt 0.160562 0.692103
vt 0.154933 0.678970
vt 0.141799 0.684599
vt 0.613568 0.998008
vt 0.613568 0.678970
vt 0.600435 0.678970
vt 0.600435 0.998008
vt 0.136054 0.684599
vt 0.122920 0.678970
vt 0.117291 0.692103
vt 0.130425 0.697732
vt 0.581556 0.678970
vt 0.581556 0.998008
vt 0.594690 0.998008
vt 0.594690 0.678970
vt 0.575811 0.998008
vt 0.575811 0.678969
vt 0.562678 0.678969
vt 0.562678 0.998008
vt 0.536046 0.678970
vt 0.536046 0.712549
vt 0.556933 0.712549
vt 0.556933 0.678970
vt 0.601156 0.666580
vt 0.325875 0.001992
vt 0.304988 0.010644
vt 0.580269 0.675232
vt 0.530301 0.712549
vt 0.530301 0.678970
vt 0.509414 0.678970
vt 0.509414 0.712549
vt 0.277147 0.001992
vt 0.001865 0.666580
vt 0.022752 0.675232
vt 0.298034 0.010644
vt 0.607927 0.666580
vt 0.641506 0.666580
vt 0.641506 0.001992
vt 0.607927 0.001992
vt 0.681655 0.001992
vt 0.648076 0.001992
vt 0.648076 0.666580
vt 0.681655 0.666580
vn -0.919135 0.000000 -0.393942
vn -0.919135 0.000000 -0.393942
vn -0.919135 0.000000 -0.393942
vn -0.919135 0.000000 -0.393942
vn -0.919135 0.000000 -0.393942
vn -0.919135 0.000000 -0.393942
vn -0.000000 1.000000 -0.000000
vn -0.000000 1.000000 -0.000000
vn -0.000000 1.000000 -0.000000
vn -0.000000 1.000000 -0.000000
vn -0.000000 1.000000 -0.000000
vn -0.000000 1.000000 -0.000000
vn 0.919135 0.000000 0.393942
vn 0.919135 0.000000 0.393942
vn 0.919135 0.000000 0.393942
vn 0.919135 0.000000 0.393942
vn 0.919135 0.000000 0.393942
vn 0.919135 0.000000 0.393942
vn 0.000000 -1.000000 0.000000
vn 0.000000 -1.000000 0.000000
vn 0.000000 -1.000000 0.000000
vn 0.000000 -1.000000 0.000000
vn 0.000000 -1.000000 0.000000
vn 0.000000 -1.000000 0.000000
vn -0.393942 0.000000 0.919135
vn -0.393942 0.000000 0.919135
vn -0.393942 0.000000 0.919135
vn -0.393942 0.000000 0.919135
vn -0.393942 0.000000 0.919135
vn -0.393942 0.000000 0.919135
vn 0.393942 0.000000 -0.919135
vn 0.393942 0.000000 -0.919135
vn 0.393942 0.000000 -0.919135
vn 0.393942 0.000000 -0.919135
vn 0.393942 0.000000 -0.919135
vn 0.393942 0.000000 -0.919135
vn -0.919135 0.000000 -0.393943
vn -0.919135 0.000000 -0.393943
vn -0.919135 0.000000 -0.393943
vn -0.919135 0.000000 -0.393943
vn -0.919135 0.000000 -0.393943
vn -0.919135 0.000000 -0.393943
vn -0.000000 1.000000 -0.000000
vn -0.000000 1.000000 -0.000000
vn -0.000000 1.000000 -0.000000
vn -0.000000 1.000000 -0.000000
vn -0.000000 1.000000 -0.000000
vn -0.000000 1.000000 -0.000000
vn 0.919134 0.000000 0.393944
vn 0.919134 0.000000 0.393944
vn 0.919134 0.000000 0.393944
vn 0.919134 0.000000 0.393944
vn 0.919134 0.000000 0.393944
vn 0.919134 0.000000 0.393944
vn 0.000000 -1.000000 0.000000
vn 0.000000 -1.000000 0.000000
vn 0.000000 -1.000000 0.000000
vn 0.000000 -1.000000 0.000000
vn 0.000000 -1.000000 0.000000
vn 0.000000 -1.000000 0.000000
vn -0.393942 0.000000 0.919135
vn -0.393942 0.000000 0.919135
vn -0.393942 0.000000 0.919135
vn -0.393942 0.000000 0.919135
vn -0.393942 0.000000 0.919135
vn -0.393942 0.000000 0.919135
vn 0.393942 0.000000 -0.919135
vn 0.393942 0.000000 -0.919135
vn 0.393942 0.000000 -0.919135
vn 0.393942 0.000000 -0.919135
vn 0.393942 0.000000 -0.919135
vn 0.393942 0.000000 -0.919135
vn -0.919136 0.000000 -0.393940
vn -0.919136 0.000000 -0.393940
vn -0.919136 0.000000 -0.393940
vn -0.919136 0.000000 -0.393940
vn -0.919136 0.000000 -0.393940
vn -0.919136 0.000000 -0.393940
vn -0.000000 1.000000 -0.000000
vn -0.000000 1.000000 -0.000000
vn -0.000000 1.000000 -0.000000
vn -0.000000 1.000000 -0.000000
vn -0.000000 1.000000 -0.000000
vn -0.000000 1.000000 -0.000000
vn 0.919135 0.000000 0.393943
vn 0.919135 0.000000 0.393943
vn 0.919135 0.000000 0.393943
vn 0.919135 0.000000 0.393943
vn 0.919135 0.000000 0.393943
vn 0.919135 0.000000 0.393943
vn 0.000000 -1.000000 0.000000
vn 0.000000 -1.000000 0.000000
vn 0.000000 -1.000000 0.000000
vn 0.000000 -1.000000 0.000000
vn 0.000000 -1.000000 0.000000
vn 0.000000 -1.000000 0.000000
vn -0.393942 0.000000 0.919135
vn -0.393942 0.000000 0.919135
vn -0.393942 0.000000 0.919135
vn -0.393942 0.000000 0.919135
vn -0.393942 0.000000 0.919135
vn -0.393942 0.000000 0.919135
vn 0.393945 0.000000 -0.919134
vn 0.393945 0.000000 -0.919134
vn 0.393945 0.000000 -0.919134
vn 0.393945 0.000000 -0.919134
vn 0.393945 0.000000 -0.919134
vn 0.393945 0.000000 -0.919134
vn -0.919135 0.000000 -0.393943
vn -0.919135 0.000000 -0.393943
vn -0.919135 0.000000 -0.393943
vn -0.919135 0.000000 -0.393943
vn -0.919135 0.000000 -0.393943
vn -0.919135 0.000000 -0.393943
vn -0.000000 1.000000 -0.000000
vn -0.000000 1.000000 -0.000000
vn -0.000000 1.000000 -0.000000
vn -0.000000 1.000000 -0.000000
vn -0.000000 1.000000 -0.000000
vn -0.000000 1.000000 -0.000000
vn 0.919136 0.000000 0.393940
vn 0.919136 0.000000 0.393940
vn 0.919136 0.000000 0.393940
vn 0.919136 0.000000 0.393940
vn 0.919136 0.000000 0.393940
vn 0.919136 0.000000 0.393940
vn 0.000000 -1.000000 0.000000
vn 0.000000 -1.000000 0.000000
vn 0.000000 -1.000000 0.000000
vn 0.000000 -1.000000 0.000000
vn 0.000000 -1.000000 0.000000
vn 0.000000 -1.000000 0.000000
vn -0.393949 0.000000 0.919132
vn -0.393949 0.000000 0.919132
vn -0.393949 0.000000 0.919132
vn -0.393949 0.000000 0.919132
vn -0.393949 0.000000 0.919132
vn -0.393949 0.000000 0.919132
vn 0.393942 0.000000 -0.919135
vn 0.393942 0.000000 -0.919135
vn 0.393942 0.000000 -0.919135
vn 0.393942 0.000000 -0.919135
vn 0.393942 0.000000 -0.919135
vn 0.393942 0.000000 -0.919135
vn -0.919135 0.000000 -0.393943
vn -0.919135 0.000000 -0.393943
vn -0.919135 0.000000 -0.393943
vn -0.919135 0.000000 -0.393943
vn -0.919135 0.000000 -0.393943
vn -0.919135 0.000000 -0.393943
vn -0.000000 1.000000 -0.000000
vn -0.000000 1.000000 -0.000000
vn -0.000000 1.000000 -0.000000
vn -0.000000 1.000000 -0.000000
vn -0.000000 1.000000 -0.000000
vn -0.000000 1.000000 -0.000000
vn 0.919136 0.000000 0.393940
vn 0.919136 0.000000 0.393940
vn 0.919136 0.000000 0.393940
vn 0.919136 0.000000 0.393940
vn 0.919136 0.000000 0.393940
vn 0.919136 0.000000 0.393940
vn 0.000000 -1.000000 0.000000
vn 0.000000 -1.000000 0.000000
vn 0.000000 -1.000000 0.000000
vn 0.000000 -1.000000 0.000000
vn 0.000000 -1.000000 0.000000
vn 0.000000 -1.000000 0.000000
vn -0.393941 0.000000 0.919136
vn -0.393941 0.000000 0.919136
vn -0.393941 0.000000 0.919136
vn -0.393941 0.000000 0.919136
vn -0.393941 0.000000 0.919136
vn -0.393941 0.000000 0.919136
vn 0.393942 0.000000 -0.919135
vn 0.393942 0.000000 -0.919135
vn 0.393942 0.000000 -0.919135
vn 0.393942 0.000000 -0.919135
vn 0.393942 0.000000 -0.919135
vn 0.393942 0.000000 -0.919135
vn -0.919137 0.000000 -0.393938
vn -0.919137 0.000000 -0.393938
vn -0.919137 0.000000 -0.393938
vn -0.919137 0.000000 -0.393938
vn -0.919137 0.000000 -0.393938
vn -0.919137 0.000000 -0.393938
vn -0.000000 1.000000 -0.000000
vn -0.000000 1.000000 -0.000000
vn -0.000000 1.000000 -0.000000
vn -0.000000 1.000000 -0.000000
vn -0.000000 1.000000 -0.000000
vn -0.000000 1.000000 -0.000000
vn 0.919135 0.000000 0.393943
vn 0.919135 0.000000 0.393943
vn 0.919135 0.000000 0.393943
vn 0.919135 0.000000 0.393943
vn 0.919135 0.000000 0.393943
vn 0.919135 0.000000 0.393943
vn 0.000000 -1.000000 0.000000
vn 0.000000 -1.000000 0.000000
vn 0.000000 -1.000000 0.000000
vn 0.000000 -1.000000 0.000000
vn 0.000000 -1.000000 0.000000
vn 0.000000 -1.000000 0.000000
vn -0.393939 0.000000 0.919137
vn -0.393939 0.000000 0.919137
vn -0.393939 0.000000 0.919137
vn -0.393939 0.000000 0.919137
vn -0.393939 0.000000 0.919137
vn -0.393939 0.000000 0.919137
vn 0.393949 0.000000 -0.919132
vn 0.393949 0.000000 -0.919132
vn 0.393949 0.000000 -0.919132
vn 0.393949 0.000000 -0.919132
vn 0.393949 0.000000 -0.919132
vn 0.393949 0.000000 -0.919132
vn -0.919135 0.000000 -0.393943
vn -0.919135 0.000000 -0.393943
vn -0.919135 0.000000 -0.393943
vn -0.919135 0.000000 -0.393943
vn -0.919135 0.000000 -0.393943
vn -0.919135 0.000000 -0.393943
vn -0.000000 1.000000 -0.000000
vn -0.000000 1.000000 -0.000000
vn -0.000000 1.000000 -0.000000
vn -0.000000 1.000000 -0.000000
vn -0.000000 1.000000 -0.000000
vn -0.000000 1.000000 -0.000000
vn 0.919136 0.000000 0.393940
vn 0.919136 0.000000 0.393940
vn 0.919136 0.000000 0.393940
vn 0.919136 0.000000 0.393940
vn 0.919136 0.000000 0.393940
vn 0.919136 0.000000 0.393940
vn 0.000000 -1.000000 0.000000
vn 0.000000 -1.000000 0.000000
vn 0.000000 -1.000000 0.000000
vn 0.000000 -1.000000 0.000000
vn 0.000000 -1.000000 0.000000
vn 0.000000 -1.000000 0.000000
vn -0.393946 0.000000 0.919134
vn -0.393946 0.000000 0.919134
vn -0.393946 0.000000 0.919134
vn -0.393946 0.000000 0.919134
vn -0.393946 0.000000 0.919134
vn -0.393946 0.000000 0.919134
vn 0.393939 0.000000 -0.919137
vn 0.393939 0.000000 -0.919137
vn 0.393939 0.000000 -0.919137
vn 0.393939 0.000000 -0.919137
vn 0.393939 0.000000 -0.919137
vn 0.393939 0.000000 -0.919137
vn -0.919135 0.000000 -0.393943
vn -0.919135 0.000000 -0.393943
vn -0.919135 0.000000 -0.393943
vn -0.919135 0.000000 -0.393943
vn -0.919135 0.000000 -0.393943
vn -0.919135 0.000000 -0.393943
vn -0.000000 1.000000 -0.000000
vn -0.000000 1.000000 -0.000000
vn -0.000000 1.000000 -0.000000
vn -0.000000 1.000000 -0.000000
vn -0.000000 1.000000 -0.000000
vn -0.000000 1.000000 -0.000000
vn 0.919134 0.000000 0.393944
vn 0.919134 0.000000 0.393944
vn 0.919134 0.000000 0.393944
vn 0.919134 0.000000 0.393944
vn 0.919134 0.000000 0.393944
vn 0.919134 0.000000 0.393944
vn 0.000000 -1.000000 0.000000
vn 0.000000 -1.000000 0.000000
vn 0.000000 -1.000000 0.000000
vn 0.000000 -1.000000 0.000000
vn 0.000000 -1.000000 0.000000
vn 0.000000 -1.000000 0.000000
vn -0.393942 0.000000 0.919135
vn -0.393942 0.000000 0.919135
vn -0.393942 0.000000 0.919135
vn -0.393942 0.000000 0.919135
vn -0.393942 0.000000 0.919135
vn -0.393942 0.000000 0.919135
vn 0.393938 0.000000 -0.919137
vn 0.393938 0.000000 -0.919137
vn 0.393938 0.000000 -0.919137
vn 0.393938 0.000000 -0.919137
vn 0.393938 0.000000 -0.919137
vn 0.393938 0.000000 -0.919137
vn -0.923879 0.000000 -0.382684
vn -0.923879 0.000000 -0.382684
vn -0.923879 0.000000 -0.382684
vn -0.923879 0.000000 -0.382684
vn -0.923879 0.000000 -0.382684
vn -0.923879 0.000000 -0.382684
vn -0.000000 1.000000 -0.000000
vn -0.000000 1.000000 -0.000000
vn -0.000000 1.000000 -0.000000
vn -0.000000 1.000000 -0.000000
vn -0.000000 1.000000 -0.000000
vn -0.000000 1.000000 -0.000000
vn 0.923880 0.000000 0.382683
vn 0.923880 0.000000 0.382683
vn 0.923880 0.000000 0.382683
vn 0.923880 0.000000 0.382683
vn 0.923880 0.000000 0.382683
vn 0.923880 0.000000 0.382683
vn 0.000000 -1.000000 0.000000
vn 0.000000 -1.000000 0.000000
vn 0.000000 -1.000000 0.000000
vn 0.000000 -1.000000 0.000000
vn 0.000000 -1.000000 0.000000
vn 0.000000 -1.000000 0.000000
vn -0.382683 0.000000 0.923880
vn -0.382683 0.000000 0.923880
vn -0.382683 0.000000 0.923880
vn -0.382683 0.000000 0.923880
vn -0.382683 0.000000 0.923880
vn -0.382683 0.000000 0.923880
vn 0.382683 0.000000 -0.923880
vn 0.382683 0.000000 -0.923880
vn 0.382683 0.000000 -0.923880
vn 0.382683 0.000000 -0.923880
vn 0.382683 0.000000 -0.923880
vn 0.382683 0.000000 -0.923880
s off
g gazebo group23 fence3_group3_group4_pCube33
usemtl pCube37SG
f 241/721/1081 243/723/1082 242/722/1083
f 241/721/1084 244/724/1085 243/723/1086
f 242/725/1087 246/727/1088 245/726/1089
f 242/725/1090 243/728/1091 246/727/1092
f 245/729/1093 248/731/1094 247/730/1095
f 245/729/1096 246/732/1097 248/731/1098
f 247/733/1099 244/735/1100 241/734/1101
f 247/733/1102 248/736/1103 244/735/1104
f 244/737/1105 246/739/1106 243/738/1107
f 244/737/1108 248/740/1109 246/739/1110
f 247/741/1111 242/743/1112 245/742/1113
f 247/741/1114 241/744/1115 242/743/1116
f 249/745/1117 251/747/1118 250/746/1119
f 249/745/1120 252/748/1121 251/747/1122
f 250/749/1123 254/751/1124 253/750/1125
f 250/749/1126 251/752/1127 254/751/1128
f 253/753/1129 256/755/1130 255/754/1131
f 253/753/1132 254/756/1133 256/755/1134
f 255/757/1135 252/759/1136 249/758/1137
f 255/757/1138 256/760/1139 252/759/1140
f 252/761/1141 254/763/1142 251/762/1143
f 252/761/1144 256/764/1145 254/763/1146
f 255/765/1147 250/767/1148 253/766/1149
f 255/765/1150 249/768/1151 250/767/1152
f 257/769/1153 259/771/1154 258/770/1155
f 257/769/1156 260/772/1157 259/771/1158
f 258/773/1159 262/775/1160 261/774/1161
f 258/773/1162 259/776/1163 262/775/1164
f 261/777/1165 264/779/1166 263/778/1167
f 261/777/1168 262/780/1169 264/779/1170
f 263/781/1171 260/783/1172 257/782/1173
f 263/781/1174 264/784/1175 260/783/1176
f 260/785/1177 262/787/1178 259/786/1179
f 260/785/1180 264/788/1181 262/787/1182
f 263/789/1183 258/791/1184 261/790/1185
f 263/789/1186 257/792/1187 258/791/1188
f 265/793/1189 267/795/1190 266/794/1191
f 265/793/1192 268/796/1193 267/795/1194
f 266/797/1195 270/799/1196 269/798/1197
f 266/797/1198 267/800/1199 270/799/1200
f 269/801/1201 272/803/1202 271/802/1203
f 269/801/1204 270/804/1205 272/803/1206
f 271/805/1207 268/807/1208 265/806/1209
f 271/805/1210 272/808/1211 268/807/1212
f 268/809/1213 270/811/1214 267/810/1215
f 268/809/1216 272/812/1217 270/811/1218
f 271/813/1219 266/815/1220 269/814/1221
f 271/813/1222 265/816/1223 266/815/1224
f 273/817/1225 275/819/1226 274/818/1227
f 273/817/1228 276/820/1229 275/819/1230
f 274/821/1231 278/823/1232 277/822/1233
f 274/821/1234 275/824/1235 278/823/1236
f 277/825/1237 280/827/1238 279/826/1239
f 277/825/1240 278/828/1241 280/827/1242
f 279/829/1243 276/831/1244 273/830/1245
f 279/829/1246 280/832/1247 276/831/1248
f 276/833/1249 278/835/1250 275/834/1251
f 276/833/1252 280/836/1253 278/835/1254
f 279/837/1255 274/839/1256 277/838/1257
f 279/837/1258 273/840/1259 274/839/1260
f 281/841/1261 283/843/1262 282/842/1263
f 281/841/1264 284/844/1265 283/843/1266
f 282/845/1267 286/847/1268 285/846/1269
f 282/845/1270 283/848/1271 286/847/1272
f 285/849/1273 288/851/1274 287/850/1275
f 285/849/1276 286/852/1277 288/851/1278
f 287/853/1279 284/855/1280 281/854/1281
f 287/853/1282 288/856/1283 284/855/1284
f 284/857/1285 286/859/1286 283/858/1287
f 284/857/1288 288/860/1289 286/859/1290
f 287/861/1291 282/863/1292 285/862/1293
f 287/861/1294 281/864/1295 282/863/1296
f 289/865/1297 291/867/1298 290/866/1299
f 289/865/1300 292/868/1301 291/867/1302
f 290/869/1303 294/871/1304 293/870/1305
f 290/869/1306 291/872/1307 294/871/1308
f 293/873/1309 296/875/1310 295/874/1311
f 293/873/1312 294/876/1313 296/875/1314
f 295/877/1315 292/879/1316 289/878/1317
f 295/877/1318 296/880/1319 292/879/1320
f 292/881/1321 294/883/1322 291/882/1323
f 292/881/1324 296/884/1325 294/883/1326
f 295/885/1327 290/887/1328 293/886/1329
f 295/885/1330 289/888/1331 290/887/1332
f 297/889/1333 299/891/1334 298/890/1335
f 297/889/1336 300/892/1337 299/891/1338
f 298/893/1339 302/895/1340 301/894/1341
f 298/893/1342 299/896/1343 302/895/1344
f 301/897/1345 304/899/1346 303/898/1347
f 301/897/1348 302/900/1349 304/899/1350
f 303/901/1351 300/903/1352 297/902/1353
f 303/901/1354 304/904/1355 300/903/1356
f 300/905/1357 302/907/1358 299/906/1359
f 300/905/1360 304/908/1361 302/907/1362
f 303/909/1363 298/911/1364 301/910/1365
f 303/909/1366 297/912/1367 298/911/1368
f 305/913/1369 307/915/1370 306/914/1371
f 305/913/1372 308/916/1373 307/915/1374
f 306/917/1375 310/919/1376 309/918/1377
f 306/917/1378 307/920/1379 310/919/1380
f 309/921/1381 312/923/1382 311/922/1383
f 309/921/1384 310/924/1385 312/923/1386
f 311/925/1387 308/927/1388 305/926/1389
f 311/925/1390 312/928/1391 308/927/1392
f 308/929/1393 310/931/1394 307/930/1395
f 308/929/1396 312/932/1397 310/931/1398
f 311/933/1399 306/935/1400 309/934/1401
f 311/933/1402 305/936/1403 306/935/1404
g default
v -159.422105 39.574691 -743.229339
v -159.422105 145.198006 -743.229339
v -155.073977 145.198006 -741.365725
v -155.073977 39.574691 -741.365725
v -157.558496 145.198006 -747.577472
v -153.210371 145.198006 -745.713858
v -157.558496 39.574691 -747.577472
v -153.210371 39.574691 -745.713858
v -148.895445 39.574691 -768.641152
v -148.895445 145.198006 -768.641152
v -144.547317 145.198006 -766.777543
v -144.547317 39.574691 -766.777543
v -147.031837 145.198006 -772.989285
v -142.683711 145.198006 -771.125671
v -147.031837 39.574691 -772.989285
v -142.683711 39.574691 -771.125671
v -138.368815 39.574691 -794.052962
v -138.368815 145.198006 -794.052962
v -134.020658 145.198006 -792.189356
v -134.020658 39.574691 -792.189356
v -136.505177 145.198006 -798.401105
v -132.157050 145.198006 -796.537489
v -136.505177 39.574691 -798.401105
v -132.157050 39.574691 -796.537489
v -127.842156 39.574691 -819.464782
v -127.842156 145.198006 -819.464782
v -123.494029 145.198006 -817.601168
v -123.494029 39.574691 -817.601168
v -125.978549 145.198006 -823.812918
v -121.630391 145.198006 -821.949301
v -125.978549 39.574691 -823.812918
v -121.630391 39.574691 -821.949301
v -117.315496 39.574691 -844.876595
v -117.315496 145.198006 -844.876595
v -112.967370 145.198006 -843.012979
v -112.967370 39.574691 -843.012979
v -115.451889 145.198006 -849.224729
v -111.103762 145.198006 -847.361122
v -115.451889 39.574691 -849.224729
v -111.103762 39.574691 -847.361122
v -106.788867 39.574691 -870.288413
v -106.788867 145.198006 -870.288413
v -102.440709 145.198006 -868.424806
v -102.440709 39.574691 -868.424806
v -104.925228 145.198006 -874.636541
v -100.577087 145.198006 -872.772932
v -104.925228 39.574691 -874.636541
v -100.577087 39.574691 -872.772932
v -96.262176 39.574691 -895.700225
v -96.262176 145.198006 -895.700225
v -91.914051 145.198006 -893.836617
v -91.914051 39.574691 -893.836617
v -94.398585 145.198006 -900.048353
v -90.050427 145.198006 -898.184745
v -94.398585 39.574691 -900.048353
v -90.050427 39.574691 -898.184745
v -85.735531 39.574691 -921.112033
v -85.735531 145.198006 -921.112033
v -81.387406 145.198006 -919.248429
v -81.387406 39.574691 -919.248429
v -83.871925 145.198006 -925.460176
v -79.523797 145.198006 -923.596552
v -83.871925 39.574691 -925.460176
v -79.523797 39.574691 -923.596552
v -167.666666 138.594432 -726.046512
v -167.666666 149.711361 -726.046512
v -160.751652 149.711361 -723.182217
v -160.751652 138.594432 -723.182217
v -76.529894 149.711361 -946.070133
v -69.614885 149.711361 -943.205838
v -76.529894 138.594432 -946.070133
v -69.614885 138.594432 -943.205838
vt 0.688225 0.001992
vt 0.688225 0.321031
vt 0.701358 0.321031
vt 0.701358 0.001992
vt 0.392504 0.697732
vt 0.405638 0.692103
vt 0.400009 0.678970
vt 0.386875 0.684599
vt 0.708299 0.001992
vt 0.708299 0.321031
vt 0.721433 0.321031
vt 0.721433 0.001992
vt 0.362367 0.692103
vt 0.375501 0.697732
vt 0.381130 0.684599
vt 0.367997 0.678970
vt 0.728373 0.001992
vt 0.728373 0.321031
vt 0.741507 0.321031
vt 0.741507 0.001992
vt 0.748448 0.001992
vt 0.748448 0.321031
vt 0.761581 0.321031
vt 0.761581 0.001992
vt 0.768522 0.001992
vt 0.768522 0.321031
vt 0.781656 0.321031
vt 0.781656 0.001992
vt 0.190814 0.684599
vt 0.196443 0.697732
vt 0.209577 0.692103
vt 0.203948 0.678970
vt 0.788596 0.001992
vt 0.788596 0.321031
vt 0.801730 0.321031
vt 0.801730 0.001992
vt 0.171936 0.678970
vt 0.166306 0.692103
vt 0.179440 0.697732
vt 0.185069 0.684599
vt 0.808671 0.001992
vt 0.808671 0.321031
vt 0.821804 0.321031
vt 0.821804 0.001992
vt 0.828745 0.001992
vt 0.828745 0.321031
vt 0.841879 0.321031
vt 0.841879 0.001992
vt 0.848819 0.001992
vt 0.848819 0.321031
vt 0.861953 0.321031
vt 0.861953 0.001992
vt 0.337860 0.684599
vt 0.343489 0.697732
vt 0.356623 0.692103
vt 0.350994 0.678969
vt 0.868893 0.001992
vt 0.868893 0.321031
vt 0.882027 0.321031
vt 0.882027 0.001992
vt 0.318981 0.678970
vt 0.313352 0.692103
vt 0.326486 0.697732
vt 0.332115 0.684599
vt 0.888968 0.001992
vt 0.888968 0.321031
vt 0.902102 0.321031
vt 0.902102 0.001992
vt 0.909042 0.001992
vt 0.909042 0.321031
vt 0.922176 0.321031
vt 0.922176 0.001992
vt 0.921370 0.324768
vt 0.921370 0.643807
vt 0.934504 0.643807
vt 0.934504 0.324768
vt 0.441520 0.697732
vt 0.454653 0.692103
vt 0.449024 0.678970
vt 0.435891 0.684599
vt 0.902491 0.324768
vt 0.902491 0.643807
vt 0.915625 0.643807
vt 0.915625 0.324768
vt 0.411383 0.692103
vt 0.424517 0.697732
vt 0.430146 0.684599
vt 0.417012 0.678970
vt 0.883613 0.324768
vt 0.883613 0.643807
vt 0.896746 0.643807
vt 0.896746 0.324768
vt 0.864734 0.324768
vt 0.864734 0.643807
vt 0.877868 0.643807
vt 0.877868 0.324768
vt 0.845856 0.324768
vt 0.845856 0.643807
vt 0.858989 0.643807
vt 0.858989 0.324768
vt 0.288844 0.684599
vt 0.294473 0.697732
vt 0.307607 0.692103
vt 0.301978 0.678970
vt 0.826977 0.324768
vt 0.826977 0.643807
vt 0.840111 0.643807
vt 0.840111 0.324768
vt 0.269966 0.678970
vt 0.264337 0.692103
vt 0.277471 0.697732
vt 0.283100 0.684599
vt 0.808098 0.324768
vt 0.808098 0.643807
vt 0.821232 0.643807
vt 0.821232 0.324768
vt 0.789220 0.324768
vt 0.789220 0.643807
vt 0.802354 0.643807
vt 0.802354 0.324768
vt 0.770341 0.324768
vt 0.770341 0.643807
vt 0.783475 0.643807
vt 0.783475 0.324768
vt 0.490535 0.697732
vt 0.503669 0.692103
vt 0.498040 0.678970
vt 0.484906 0.684599
vt 0.751463 0.324768
vt 0.751463 0.643807
vt 0.764596 0.643807
vt 0.764596 0.324768
vt 0.460398 0.692103
vt 0.473532 0.697732
vt 0.479161 0.684599
vt 0.466027 0.678970
vt 0.732584 0.324768
vt 0.732584 0.643807
vt 0.745718 0.643807
vt 0.745718 0.324768
vt 0.713706 0.324768
vt 0.713706 0.643807
vt 0.726839 0.643807
vt 0.726839 0.324768
vt 0.694827 0.324768
vt 0.694827 0.643807
vt 0.707961 0.643807
vt 0.707961 0.324768
vt 0.245458 0.697732
vt 0.258592 0.692103
vt 0.252963 0.678970
vt 0.239829 0.684599
vt 0.675949 0.670318
vt 0.675949 0.989356
vt 0.689082 0.989356
vt 0.689082 0.670318
vt 0.215322 0.692103
vt 0.228455 0.697732
vt 0.234084 0.684599
vt 0.220951 0.678969
vt 0.657070 0.670318
vt 0.657070 0.989356
vt 0.670204 0.989356
vt 0.670204 0.670318
vt 0.638191 0.670318
vt 0.638191 0.989356
vt 0.651325 0.989356
vt 0.651325 0.670318
vt 0.619313 0.670318
vt 0.619313 0.989356
vt 0.632447 0.989356
vt 0.632447 0.670318
vt 0.141799 0.684599
vt 0.147428 0.697732
vt 0.160562 0.692103
vt 0.154933 0.678970
vt 0.600434 0.678969
vt 0.600434 0.998008
vt 0.613568 0.998008
vt 0.613568 0.678969
vt 0.122920 0.678970
vt 0.117291 0.692103
vt 0.130425 0.697732
vt 0.136054 0.684599
vt 0.581556 0.678970
vt 0.581556 0.998008
vt 0.594689 0.998008
vt 0.594689 0.678970
vt 0.562677 0.678970
vt 0.562677 0.998008
vt 0.575811 0.998008
vt 0.575811 0.678970
vt 0.536045 0.678970
vt 0.536045 0.712549
vt 0.556932 0.712549
vt 0.556932 0.678970
vt 0.001865 0.010644
vt 0.277147 0.675232
vt 0.298034 0.666580
vt 0.022752 0.001992
vt 0.509414 0.678970
vt 0.509414 0.712549
vt 0.530301 0.712549
vt 0.530301 0.678970
vt 0.580269 0.001992
vt 0.304988 0.666580
vt 0.325875 0.675232
vt 0.601156 0.010644
vt 0.607927 0.666580
vt 0.641506 0.666580
vt 0.641506 0.001992
vt 0.607927 0.001992
vt 0.648076 0.666580
vt 0.681655 0.666580
vt 0.681655 0.001992
vt 0.648076 0.001992
vn -0.393943 0.000000 0.919135
vn -0.393943 0.000000 0.919135
vn -0.393943 0.000000 0.919135
vn -0.393943 0.000000 0.919135
vn -0.393943 0.000000 0.919135
vn -0.393943 0.000000 0.919135
vn -0.000000 1.000000 0.000000
vn -0.000000 1.000000 0.000000
vn -0.000000 1.000000 0.000000
vn -0.000000 1.000000 0.000000
vn -0.000000 1.000000 0.000000
vn -0.000000 1.000000 0.000000
vn 0.393942 0.000000 -0.919135
vn 0.393942 0.000000 -0.919135
vn 0.393942 0.000000 -0.919135
vn 0.393942 0.000000 -0.919135
vn 0.393942 0.000000 -0.919135
vn 0.393942 0.000000 -0.919135
vn 0.000000 -1.000000 -0.000000
vn 0.000000 -1.000000 -0.000000
vn 0.000000 -1.000000 -0.000000
vn 0.000000 -1.000000 -0.000000
vn 0.000000 -1.000000 -0.000000
vn 0.000000 -1.000000 -0.000000
vn 0.919136 0.000000 0.393941
vn 0.919136 0.000000 0.393941
vn 0.919136 0.000000 0.393941
vn 0.919136 0.000000 0.393941
vn 0.919136 0.000000 0.393941
vn 0.919136 0.000000 0.393941
vn -0.919136 0.000000 -0.393941
vn -0.919136 0.000000 -0.393941
vn -0.919136 0.000000 -0.393941
vn -0.919136 0.000000 -0.393941
vn -0.919136 0.000000 -0.393941
vn -0.919136 0.000000 -0.393941
vn -0.393941 0.000000 0.919136
vn -0.393941 0.000000 0.919136
vn -0.393941 0.000000 0.919136
vn -0.393941 0.000000 0.919136
vn -0.393941 0.000000 0.919136
vn -0.393941 0.000000 0.919136
vn -0.000000 1.000000 0.000000
vn -0.000000 1.000000 0.000000
vn -0.000000 1.000000 0.000000
vn -0.000000 1.000000 0.000000
vn -0.000000 1.000000 0.000000
vn -0.000000 1.000000 0.000000
vn 0.393943 0.000000 -0.919135
vn 0.393943 0.000000 -0.919135
vn 0.393943 0.000000 -0.919135
vn 0.393943 0.000000 -0.919135
vn 0.393943 0.000000 -0.919135
vn 0.393943 0.000000 -0.919135
vn 0.000000 -1.000000 -0.000000
vn 0.000000 -1.000000 -0.000000
vn 0.000000 -1.000000 -0.000000
vn 0.000000 -1.000000 -0.000000
vn 0.000000 -1.000000 -0.000000
vn 0.000000 -1.000000 -0.000000
vn 0.919135 0.000000 0.393942
vn 0.919135 0.000000 0.393942
vn 0.919135 0.000000 0.393942
vn 0.919135 0.000000 0.393942
vn 0.919135 0.000000 0.393942
vn 0.919135 0.000000 0.393942
vn -0.919136 0.000000 -0.393941
vn -0.919136 0.000000 -0.393941
vn -0.919136 0.000000 -0.393941
vn -0.919136 0.000000 -0.393941
vn -0.919136 0.000000 -0.393941
vn -0.919136 0.000000 -0.393941
vn -0.393939 0.000000 0.919137
vn -0.393939 0.000000 0.919137
vn -0.393939 0.000000 0.919137
vn -0.393939 0.000000 0.919137
vn -0.393939 0.000000 0.919137
vn -0.393939 0.000000 0.919137
vn -0.000000 1.000000 0.000000
vn -0.000000 1.000000 0.000000
vn -0.000000 1.000000 0.000000
vn -0.000000 1.000000 0.000000
vn -0.000000 1.000000 0.000000
vn -0.000000 1.000000 0.000000
vn 0.393942 0.000000 -0.919135
vn 0.393942 0.000000 -0.919135
vn 0.393942 0.000000 -0.919135
vn 0.393942 0.000000 -0.919135
vn 0.393942 0.000000 -0.919135
vn 0.393942 0.000000 -0.919135
vn 0.000000 -1.000000 -0.000000
vn 0.000000 -1.000000 -0.000000
vn 0.000000 -1.000000 -0.000000
vn 0.000000 -1.000000 -0.000000
vn 0.000000 -1.000000 -0.000000
vn 0.000000 -1.000000 -0.000000
vn 0.919136 0.000000 0.393941
vn 0.919136 0.000000 0.393941
vn 0.919136 0.000000 0.393941
vn 0.919136 0.000000 0.393941
vn 0.919136 0.000000 0.393941
vn 0.919136 0.000000 0.393941
vn -0.919134 0.000000 -0.393946
vn -0.919134 0.000000 -0.393946
vn -0.919134 0.000000 -0.393946
vn -0.919134 0.000000 -0.393946
vn -0.919134 0.000000 -0.393946
vn -0.919134 0.000000 -0.393946
vn -0.393942 0.000000 0.919135
vn -0.393942 0.000000 0.919135
vn -0.393942 0.000000 0.919135
vn -0.393942 0.000000 0.919135
vn -0.393942 0.000000 0.919135
vn -0.393942 0.000000 0.919135
vn -0.000000 1.000000 0.000000
vn -0.000000 1.000000 0.000000
vn -0.000000 1.000000 0.000000
vn -0.000000 1.000000 0.000000
vn -0.000000 1.000000 0.000000
vn -0.000000 1.000000 0.000000
vn 0.393940 0.000000 -0.919136
vn 0.393940 0.000000 -0.919136
vn 0.393940 0.000000 -0.919136
vn 0.393940 0.000000 -0.919136
vn 0.393940 0.000000 -0.919136
vn 0.393940 0.000000 -0.919136
vn 0.000000 -1.000000 -0.000000
vn 0.000000 -1.000000 -0.000000
vn 0.000000 -1.000000 -0.000000
vn 0.000000 -1.000000 -0.000000
vn 0.000000 -1.000000 -0.000000
vn 0.000000 -1.000000 -0.000000
vn 0.919133 0.000000 0.393947
vn 0.919133 0.000000 0.393947
vn 0.919133 0.000000 0.393947
vn 0.919133 0.000000 0.393947
vn 0.919133 0.000000 0.393947
vn 0.919133 0.000000 0.393947
vn -0.919136 0.000000 -0.393941
vn -0.919136 0.000000 -0.393941
vn -0.919136 0.000000 -0.393941
vn -0.919136 0.000000 -0.393941
vn -0.919136 0.000000 -0.393941
vn -0.919136 0.000000 -0.393941
vn -0.393942 0.000000 0.919135
vn -0.393942 0.000000 0.919135
vn -0.393942 0.000000 0.919135
vn -0.393942 0.000000 0.919135
vn -0.393942 0.000000 0.919135
vn -0.393942 0.000000 0.919135
vn -0.000000 1.000000 0.000000
vn -0.000000 1.000000 0.000000
vn -0.000000 1.000000 0.000000
vn -0.000000 1.000000 0.000000
vn -0.000000 1.000000 0.000000
vn -0.000000 1.000000 0.000000
vn 0.393942 0.000000 -0.919135
vn 0.393942 0.000000 -0.919135
vn 0.393942 0.000000 -0.919135
vn 0.393942 0.000000 -0.919135
vn 0.393942 0.000000 -0.919135
vn 0.393942 0.000000 -0.919135
vn 0.000000 -1.000000 -0.000000
vn 0.000000 -1.000000 -0.000000
vn 0.000000 -1.000000 -0.000000
vn 0.000000 -1.000000 -0.000000
vn 0.000000 -1.000000 -0.000000
vn 0.000000 -1.000000 -0.000000
vn 0.919136 0.000000 0.393940
vn 0.919136 0.000000 0.393940
vn 0.919136 0.000000 0.393940
vn 0.919136 0.000000 0.393940
vn 0.919136 0.000000 0.393940
vn 0.919136 0.000000 0.393940
vn -0.919136 0.000000 -0.393940
vn -0.919136 0.000000 -0.393940
vn -0.919136 0.000000 -0.393940
vn -0.919136 0.000000 -0.393940
vn -0.919136 0.000000 -0.393940
vn -0.919136 0.000000 -0.393940
vn -0.393940 0.000000 0.919136
vn -0.393940 0.000000 0.919136
vn -0.393940 0.000000 0.919136
vn -0.393940 0.000000 0.919136
vn -0.393940 0.000000 0.919136
vn -0.393940 0.000000 0.919136
vn -0.000000 1.000000 0.000000
vn -0.000000 1.000000 0.000000
vn -0.000000 1.000000 0.000000
vn -0.000000 1.000000 0.000000
vn -0.000000 1.000000 0.000000
vn -0.000000 1.000000 0.000000
vn 0.393939 0.000000 -0.919136
vn 0.393939 0.000000 -0.919136
vn 0.393939 0.000000 -0.919136
vn 0.393939 0.000000 -0.919136
vn 0.393939 0.000000 -0.919136
vn 0.393939 0.000000 -0.919136
vn 0.000000 -1.000000 -0.000000
vn 0.000000 -1.000000 -0.000000
vn 0.000000 -1.000000 -0.000000
vn 0.000000 -1.000000 -0.000000
vn 0.000000 -1.000000 -0.000000
vn 0.000000 -1.000000 -0.000000
vn 0.919134 0.000000 0.393944
vn 0.919134 0.000000 0.393944
vn 0.919134 0.000000 0.393944
vn 0.919134 0.000000 0.393944
vn 0.919134 0.000000 0.393944
vn 0.919134 0.000000 0.393944
vn -0.919133 0.000000 -0.393948
vn -0.919133 0.000000 -0.393948
vn -0.919133 0.000000 -0.393948
vn -0.919133 0.000000 -0.393948
vn -0.919133 0.000000 -0.393948
vn -0.919133 0.000000 -0.393948
vn -0.393942 0.000000 0.919135
vn -0.393942 0.000000 0.919135
vn -0.393942 0.000000 0.919135
vn -0.393942 0.000000 0.919135
vn -0.393942 0.000000 0.919135
vn -0.393942 0.000000 0.919135
vn -0.000000 1.000000 0.000000
vn -0.000000 1.000000 0.000000
vn -0.000000 1.000000 0.000000
vn -0.000000 1.000000 0.000000
vn -0.000000 1.000000 0.000000
vn -0.000000 1.000000 0.000000
vn 0.393940 0.000000 -0.919136
vn 0.393940 0.000000 -0.919136
vn 0.393940 0.000000 -0.919136
vn 0.393940 0.000000 -0.919136
vn 0.393940 0.000000 -0.919136
vn 0.393940 0.000000 -0.919136
vn 0.000000 -1.000000 -0.000000
vn 0.000000 -1.000000 -0.000000
vn 0.000000 -1.000000 -0.000000
vn 0.000000 -1.000000 -0.000000
vn 0.000000 -1.000000 -0.000000
vn 0.000000 -1.000000 -0.000000
vn 0.919134 0.000000 0.393944
vn 0.919134 0.000000 0.393944
vn 0.919134 0.000000 0.393944
vn 0.919134 0.000000 0.393944
vn 0.919134 0.000000 0.393944
vn 0.919134 0.000000 0.393944
vn -0.919137 0.000000 -0.393938
vn -0.919137 0.000000 -0.393938
vn -0.919137 0.000000 -0.393938
vn -0.919137 0.000000 -0.393938
vn -0.919137 0.000000 -0.393938
vn -0.919137 0.000000 -0.393938
vn -0.393939 0.000000 0.919137
vn -0.393939 0.000000 0.919137
vn -0.393939 0.000000 0.919137
vn -0.393939 0.000000 0.919137
vn -0.393939 0.000000 0.919137
vn -0.393939 0.000000 0.919137
vn -0.000000 1.000000 0.000000
vn -0.000000 1.000000 0.000000
vn -0.000000 1.000000 0.000000
vn -0.000000 1.000000 0.000000
vn -0.000000 1.000000 0.000000
vn -0.000000 1.000000 0.000000
vn 0.393946 0.000000 -0.919134
vn 0.393946 0.000000 -0.919134
vn 0.393946 0.000000 -0.919134
vn 0.393946 0.000000 -0.919134
vn 0.393946 0.000000 -0.919134
vn 0.393946 0.000000 -0.919134
vn 0.000000 -1.000000 -0.000000
vn 0.000000 -1.000000 -0.000000
vn 0.000000 -1.000000 -0.000000
vn 0.000000 -1.000000 -0.000000
vn 0.000000 -1.000000 -0.000000
vn 0.000000 -1.000000 -0.000000
vn 0.919135 0.000000 0.393943
vn 0.919135 0.000000 0.393943
vn 0.919135 0.000000 0.393943
vn 0.919135 0.000000 0.393943
vn 0.919135 0.000000 0.393943
vn 0.919135 0.000000 0.393943
vn -0.919136 0.000000 -0.393940
vn -0.919136 0.000000 -0.393940
vn -0.919136 0.000000 -0.393940
vn -0.919136 0.000000 -0.393940
vn -0.919136 0.000000 -0.393940
vn -0.919136 0.000000 -0.393940
vn -0.382684 0.000000 0.923879
vn -0.382684 0.000000 0.923879
vn -0.382684 0.000000 0.923879
vn -0.382684 0.000000 0.923879
vn -0.382684 0.000000 0.923879
vn -0.382684 0.000000 0.923879
vn -0.000000 1.000000 0.000000
vn -0.000000 1.000000 0.000000
vn -0.000000 1.000000 0.000000
vn -0.000000 1.000000 0.000000
vn -0.000000 1.000000 0.000000
vn -0.000000 1.000000 0.000000
vn 0.382684 0.000000 -0.923879
vn 0.382684 0.000000 -0.923879
vn 0.382684 0.000000 -0.923879
vn 0.382684 0.000000 -0.923879
vn 0.382684 0.000000 -0.923879
vn 0.382684 0.000000 -0.923879
vn 0.000000 -1.000000 -0.000000
vn 0.000000 -1.000000 -0.000000
vn 0.000000 -1.000000 -0.000000
vn 0.000000 -1.000000 -0.000000
vn 0.000000 -1.000000 -0.000000
vn 0.000000 -1.000000 -0.000000
vn 0.923880 0.000000 0.382683
vn 0.923880 0.000000 0.382683
vn 0.923880 0.000000 0.382683
vn 0.923880 0.000000 0.382683
vn 0.923880 0.000000 0.382683
vn 0.923880 0.000000 0.382683
vn -0.923880 0.000000 -0.382683
vn -0.923880 0.000000 -0.382683
vn -0.923880 0.000000 -0.382683
vn -0.923880 0.000000 -0.382683
vn -0.923880 0.000000 -0.382683
vn -0.923880 0.000000 -0.382683
s off
g gazebo group23 fence5_group3_group4_pCube33
usemtl pCube37SG
f 313/937/1405 315/939/1406 314/938/1407
f 313/937/1408 316/940/1409 315/939/1410
f 314/941/1411 318/943/1412 317/942/1413
f 314/941/1414 315/944/1415 318/943/1416
f 317/945/1417 320/947/1418 319/946/1419
f 317/945/1420 318/948/1421 320/947/1422
f 319/949/1423 316/951/1424 313/950/1425
f 319/949/1426 320/952/1427 316/951/1428
f 316/953/1429 318/955/1430 315/954/1431
f 316/953/1432 320/956/1433 318/955/1434
f 319/957/1435 314/959/1436 317/958/1437
f 319/957/1438 313/960/1439 314/959/1440
f 321/961/1441 323/963/1442 322/962/1443
f 321/961/1444 324/964/1445 323/963/1446
f 322/965/1447 326/967/1448 325/966/1449
f 322/965/1450 323/968/1451 326/967/1452
f 325/969/1453 328/971/1454 327/970/1455
f 325/969/1456 326/972/1457 328/971/1458
f 327/973/1459 324/975/1460 321/974/1461
f 327/973/1462 328/976/1463 324/975/1464
f 324/977/1465 326/979/1466 323/978/1467
f 324/977/1468 328/980/1469 326/979/1470
f 327/981/1471 322/983/1472 325/982/1473
f 327/981/1474 321/984/1475 322/983/1476
f 329/985/1477 331/987/1478 330/986/1479
f 329/985/1480 332/988/1481 331/987/1482
f 330/989/1483 334/991/1484 333/990/1485
f 330/989/1486 331/992/1487 334/991/1488
f 333/993/1489 336/995/1490 335/994/1491
f 333/993/1492 334/996/1493 336/995/1494
f 335/997/1495 332/999/1496 329/998/1497
f 335/997/1498 336/1000/1499 332/999/1500
f 332/1001/1501 334/1003/1502 331/1002/1503
f 332/1001/1504 336/1004/1505 334/1003/1506
f 335/1005/1507 330/1007/1508 333/1006/1509
f 335/1005/1510 329/1008/1511 330/1007/1512
f 337/1009/1513 339/1011/1514 338/1010/1515
f 337/1009/1516 340/1012/1517 339/1011/1518
f 338/1013/1519 342/1015/1520 341/1014/1521
f 338/1013/1522 339/1016/1523 342/1015/1524
f 341/1017/1525 344/1019/1526 343/1018/1527
f 341/1017/1528 342/1020/1529 344/1019/1530
f 343/1021/1531 340/1023/1532 337/1022/1533
f 343/1021/1534 344/1024/1535 340/1023/1536
f 340/1025/1537 342/1027/1538 339/1026/1539
f 340/1025/1540 344/1028/1541 342/1027/1542
f 343/1029/1543 338/1031/1544 341/1030/1545
f 343/1029/1546 337/1032/1547 338/1031/1548
f 345/1033/1549 347/1035/1550 346/1034/1551
f 345/1033/1552 348/1036/1553 347/1035/1554
f 346/1037/1555 350/1039/1556 349/1038/1557
f 346/1037/1558 347/1040/1559 350/1039/1560
f 349/1041/1561 352/1043/1562 351/1042/1563
f 349/1041/1564 350/1044/1565 352/1043/1566
f 351/1045/1567 348/1047/1568 345/1046/1569
f 351/1045/1570 352/1048/1571 348/1047/1572
f 348/1049/1573 350/1051/1574 347/1050/1575
f 348/1049/1576 352/1052/1577 350/1051/1578
f 351/1053/1579 346/1055/1580 349/1054/1581
f 351/1053/1582 345/1056/1583 346/1055/1584
f 353/1057/1585 355/1059/1586 354/1058/1587
f 353/1057/1588 356/1060/1589 355/1059/1590
f 354/1061/1591 358/1063/1592 357/1062/1593
f 354/1061/1594 355/1064/1595 358/1063/1596
f 357/1065/1597 360/1067/1598 359/1066/1599
f 357/1065/1600 358/1068/1601 360/1067/1602
f 359/1069/1603 356/1071/1604 353/1070/1605
f 359/1069/1606 360/1072/1607 356/1071/1608
f 356/1073/1609 358/1075/1610 355/1074/1611
f 356/1073/1612 360/1076/1613 358/1075/1614
f 359/1077/1615 354/1079/1616 357/1078/1617
f 359/1077/1618 353/1080/1619 354/1079/1620
f 361/1081/1621 363/1083/1622 362/1082/1623
f 361/1081/1624 364/1084/1625 363/1083/1626
f 362/1085/1627 366/1087/1628 365/1086/1629
f 362/1085/1630 363/1088/1631 366/1087/1632
f 365/1089/1633 368/1091/1634 367/1090/1635
f 365/1089/1636 366/1092/1637 368/1091/1638
f 367/1093/1639 364/1095/1640 361/1094/1641
f 367/1093/1642 368/1096/1643 364/1095/1644
f 364/1097/1645 366/1099/1646 363/1098/1647
f 364/1097/1648 368/1100/1649 366/1099/1650
f 367/1101/1651 362/1103/1652 365/1102/1653
f 367/1101/1654 361/1104/1655 362/1103/1656
f 369/1105/1657 371/1107/1658 370/1106/1659
f 369/1105/1660 372/1108/1661 371/1107/1662
f 370/1109/1663 374/1111/1664 373/1110/1665
f 370/1109/1666 371/1112/1667 374/1111/1668
f 373/1113/1669 376/1115/1670 375/1114/1671
f 373/1113/1672 374/1116/1673 376/1115/1674
f 375/1117/1675 372/1119/1676 369/1118/1677
f 375/1117/1678 376/1120/1679 372/1119/1680
f 372/1121/1681 374/1123/1682 371/1122/1683
f 372/1121/1684 376/1124/1685 374/1123/1686
f 375/1125/1687 370/1127/1688 373/1126/1689
f 375/1125/1690 369/1128/1691 370/1127/1692
f 377/1129/1693 379/1131/1694 378/1130/1695
f 377/1129/1696 380/1132/1697 379/1131/1698
f 378/1133/1699 382/1135/1700 381/1134/1701
f 378/1133/1702 379/1136/1703 382/1135/1704
f 381/1137/1705 384/1139/1706 383/1138/1707
f 381/1137/1708 382/1140/1709 384/1139/1710
f 383/1141/1711 380/1143/1712 377/1142/1713
f 383/1141/1714 384/1144/1715 380/1143/1716
f 380/1145/1717 382/1147/1718 379/1146/1719
f 380/1145/1720 384/1148/1721 382/1147/1722
f 383/1149/1723 378/1151/1724 381/1150/1725
f 383/1149/1726 377/1152/1727 378/1151/1728
g default
v 479.212215 39.574691 -696.315378
v 479.212215 145.198006 -696.315378
v 474.864089 145.198006 -698.178992
v 474.864089 39.574691 -698.178992
v 477.348609 145.198006 -691.967245
v 473.000481 145.198006 -693.830859
v 477.348609 39.574691 -691.967245
v 473.000481 39.574691 -693.830859
v 468.685555 39.574691 -670.903565
v 468.685555 145.198006 -670.903565
v 464.337430 145.198006 -672.767174
v 464.337430 39.574691 -672.767174
v 466.821949 145.198006 -666.555432
v 462.473821 145.198006 -668.419046
v 466.821949 39.574691 -666.555432
v 462.473821 39.574691 -668.419046
v 458.158928 39.574691 -645.491752
v 458.158928 145.198006 -645.491752
v 453.810770 145.198006 -647.355361
v 453.810770 39.574691 -647.355361
v 456.295289 145.198006 -641.143609
v 451.947162 145.198006 -643.007223
v 456.295289 39.574691 -641.143609
v 451.947162 39.574691 -643.007223
v 447.632268 39.574691 -620.079931
v 447.632268 145.198006 -620.079931
v 443.284141 145.198006 -621.943545
v 443.284141 39.574691 -621.943545
v 445.768660 145.198006 -615.731795
v 441.420502 145.198006 -617.595412
v 445.768660 39.574691 -615.731795
v 441.420502 39.574691 -617.595412
v 437.105608 39.574691 -594.668118
v 437.105608 145.198006 -594.668118
v 432.757481 145.198006 -596.531734
v 432.757481 39.574691 -596.531734
v 435.242000 145.198006 -590.319984
v 430.893874 145.198006 -592.183592
v 435.242000 39.574691 -590.319984
v 430.893874 39.574691 -592.183592
v 426.578979 39.574691 -569.256307
v 426.578979 145.198006 -569.256307
v 422.230821 145.198006 -571.119916
v 422.230821 39.574691 -571.119916
v 424.715341 145.198006 -564.908181
v 420.367214 145.198006 -566.771788
v 424.715341 39.574691 -564.908181
v 420.367214 39.574691 -566.771788
v 416.052303 39.574691 -543.844496
v 416.052303 145.198006 -543.844496
v 411.704178 145.198006 -545.708100
v 411.704178 39.574691 -545.708100
v 414.188712 145.198006 -539.496363
v 409.840554 145.198006 -541.359977
v 414.188712 39.574691 -539.496363
v 409.840554 39.574691 -541.359977
v 405.525658 39.574691 -518.432684
v 405.525658 145.198006 -518.432684
v 401.177533 145.198006 -520.296288
v 401.177533 39.574691 -520.296288
v 403.662052 145.198006 -514.084541
v 399.313924 145.198006 -515.948164
v 403.662052 39.574691 -514.084541
v 399.313924 39.574691 -515.948164
v 487.456773 138.594432 -713.498205
v 487.456773 149.711361 -713.498205
v 480.541764 149.711361 -716.362500
v 480.541764 138.594432 -716.362500
v 396.320006 149.711361 -493.474584
v 389.404997 149.711361 -496.338879
v 396.320006 138.594432 -493.474584
v 389.404997 138.594432 -496.338879
vt 0.701358 0.321031
vt 0.701358 0.001992
vt 0.688224 0.001992
vt 0.688224 0.321031
vt 0.449024 0.678969
vt 0.435891 0.684599
vt 0.441520 0.697732
vt 0.454653 0.692103
vt 0.721433 0.321031
vt 0.721433 0.001992
vt 0.708299 0.001992
vt 0.708299 0.321031
vt 0.430146 0.684599
vt 0.417012 0.678969
vt 0.411383 0.692103
vt 0.424517 0.697732
vt 0.728373 0.001992
vt 0.728373 0.321031
vt 0.741507 0.321031
vt 0.741507 0.001992
vt 0.748447 0.001992
vt 0.748447 0.321031
vt 0.761581 0.321031
vt 0.761581 0.001992
vt 0.781655 0.321031
vt 0.781655 0.001992
vt 0.768522 0.001992
vt 0.768522 0.321031
vt 0.209577 0.692103
vt 0.203948 0.678969
vt 0.190814 0.684599
vt 0.196443 0.697732
vt 0.801730 0.321031
vt 0.801730 0.001992
vt 0.788596 0.001992
vt 0.788596 0.321031
vt 0.179440 0.697732
vt 0.185069 0.684599
vt 0.171936 0.678969
vt 0.166307 0.692103
vt 0.808670 0.001992
vt 0.808670 0.321031
vt 0.821804 0.321031
vt 0.821804 0.001992
vt 0.828745 0.001992
vt 0.828745 0.321031
vt 0.841878 0.321031
vt 0.841878 0.001992
vt 0.861953 0.321031
vt 0.861953 0.001992
vt 0.848819 0.001992
vt 0.848819 0.321031
vt 0.400009 0.678970
vt 0.386875 0.684599
vt 0.392505 0.697732
vt 0.405638 0.692103
vt 0.882027 0.321031
vt 0.882027 0.001992
vt 0.868893 0.001992
vt 0.868893 0.321031
vt 0.381130 0.684599
vt 0.367997 0.678969
vt 0.362368 0.692103
vt 0.375501 0.697732
vt 0.888968 0.001992
vt 0.888968 0.321031
vt 0.902101 0.321031
vt 0.902101 0.001992
vt 0.909042 0.001992
vt 0.909042 0.321031
vt 0.922176 0.321031
vt 0.922176 0.001992
vt 0.934503 0.643807
vt 0.934503 0.324768
vt 0.921370 0.324768
vt 0.921370 0.643807
vt 0.498040 0.678969
vt 0.484906 0.684599
vt 0.490535 0.697732
vt 0.503669 0.692103
vt 0.915625 0.643807
vt 0.915625 0.324768
vt 0.902491 0.324768
vt 0.902491 0.643807
vt 0.479161 0.684599
vt 0.466027 0.678969
vt 0.460398 0.692103
vt 0.473532 0.697732
vt 0.883613 0.324768
vt 0.883613 0.643807
vt 0.896746 0.643807
vt 0.896746 0.324768
vt 0.864734 0.324768
vt 0.864734 0.643807
vt 0.877868 0.643807
vt 0.877868 0.324768
vt 0.858989 0.643807
vt 0.858989 0.324768
vt 0.845855 0.324768
vt 0.845855 0.643807
vt 0.258592 0.692103
vt 0.252963 0.678969
vt 0.239830 0.684599
vt 0.245459 0.697732
vt 0.840111 0.643807
vt 0.840111 0.324768
vt 0.826977 0.324768
vt 0.826977 0.643807
vt 0.228455 0.697732
vt 0.234085 0.684599
vt 0.220951 0.678969
vt 0.215322 0.692103
vt 0.808098 0.324768
vt 0.808098 0.643807
vt 0.821232 0.643807
vt 0.821232 0.324768
vt 0.789220 0.324768
vt 0.789220 0.643807
vt 0.802354 0.643807
vt 0.802354 0.324768
vt 0.783475 0.643807
vt 0.783475 0.324768
vt 0.770341 0.324768
vt 0.770341 0.643807
vt 0.350994 0.678970
vt 0.337860 0.684599
vt 0.343489 0.697732
vt 0.356623 0.692103
vt 0.764596 0.643807
vt 0.764596 0.324768
vt 0.751463 0.324768
vt 0.751463 0.643807
vt 0.332115 0.684599
vt 0.318982 0.678969
vt 0.313352 0.692103
vt 0.326486 0.697732
vt 0.732584 0.324768
vt 0.732584 0.643807
vt 0.745718 0.643807
vt 0.745718 0.324768
vt 0.713706 0.324768
vt 0.713706 0.643807
vt 0.726839 0.643807
vt 0.726839 0.324768
vt 0.707961 0.643807
vt 0.707961 0.324768
vt 0.694827 0.324768
vt 0.694827 0.643807
vt 0.160562 0.692103
vt 0.154933 0.678970
vt 0.141799 0.684599
vt 0.147428 0.697732
vt 0.689082 0.989356
vt 0.689082 0.670318
vt 0.675949 0.670318
vt 0.675949 0.989356
vt 0.130425 0.697732
vt 0.136054 0.684599
vt 0.122920 0.678969
vt 0.117291 0.692103
vt 0.657070 0.670318
vt 0.657070 0.989356
vt 0.670204 0.989356
vt 0.670204 0.670318
vt 0.638192 0.670318
vt 0.638192 0.989356
vt 0.651325 0.989356
vt 0.651325 0.670318
vt 0.632447 0.989356
vt 0.632447 0.670318
vt 0.619313 0.670318
vt 0.619313 0.989356
vt 0.307608 0.692103
vt 0.301978 0.678969
vt 0.288845 0.684599
vt 0.294474 0.697732
vt 0.613568 0.998008
vt 0.613568 0.678970
vt 0.600434 0.678970
vt 0.600434 0.998008
vt 0.277471 0.697732
vt 0.283100 0.684599
vt 0.269966 0.678969
vt 0.264337 0.692103
vt 0.581556 0.678970
vt 0.581556 0.998008
vt 0.594690 0.998008
vt 0.594690 0.678970
vt 0.562677 0.678970
vt 0.562677 0.998008
vt 0.575811 0.998008
vt 0.575811 0.678970
vt 0.556932 0.712548
vt 0.556932 0.678969
vt 0.536045 0.678969
vt 0.536045 0.712548
vt 0.298034 0.666580
vt 0.022752 0.001992
vt 0.001865 0.010644
vt 0.277147 0.675232
vt 0.530301 0.712548
vt 0.530301 0.678969
vt 0.509414 0.678969
vt 0.509414 0.712548
vt 0.325875 0.675232
vt 0.601156 0.010644
vt 0.580269 0.001992
vt 0.304988 0.666580
vt 0.648076 0.666580
vt 0.681655 0.666580
vt 0.681655 0.001992
vt 0.648076 0.001992
vt 0.607927 0.666580
vt 0.641506 0.666580
vt 0.641506 0.001992
vt 0.607927 0.001992
vn 0.393943 0.000000 -0.919135
vn 0.393943 0.000000 -0.919135
vn 0.393943 0.000000 -0.919135
vn 0.393943 0.000000 -0.919135
vn 0.393943 0.000000 -0.919135
vn 0.393943 0.000000 -0.919135
vn 0.000000 1.000000 -0.000000
vn 0.000000 1.000000 -0.000000
vn 0.000000 1.000000 -0.000000
vn 0.000000 1.000000 -0.000000
vn 0.000000 1.000000 -0.000000
vn 0.000000 1.000000 -0.000000
vn -0.393942 0.000000 0.919135
vn -0.393942 0.000000 0.919135
vn -0.393942 0.000000 0.919135
vn -0.393942 0.000000 0.919135
vn -0.393942 0.000000 0.919135
vn -0.393942 0.000000 0.919135
vn 0.000000 -1.000000 0.000000
vn 0.000000 -1.000000 0.000000
vn 0.000000 -1.000000 0.000000
vn 0.000000 -1.000000 0.000000
vn 0.000000 -1.000000 0.000000
vn 0.000000 -1.000000 0.000000
vn -0.919136 0.000000 -0.393941
vn -0.919136 0.000000 -0.393941
vn -0.919136 0.000000 -0.393941
vn -0.919136 0.000000 -0.393941
vn -0.919136 0.000000 -0.393941
vn -0.919136 0.000000 -0.393941
vn 0.919136 0.000000 0.393941
vn 0.919136 0.000000 0.393941
vn 0.919136 0.000000 0.393941
vn 0.919136 0.000000 0.393941
vn 0.919136 0.000000 0.393941
vn 0.919136 0.000000 0.393941
vn 0.393942 0.000000 -0.919135
vn 0.393942 0.000000 -0.919135
vn 0.393942 0.000000 -0.919135
vn 0.393942 0.000000 -0.919135
vn 0.393942 0.000000 -0.919135
vn 0.393942 0.000000 -0.919135
vn 0.000000 1.000000 -0.000000
vn 0.000000 1.000000 -0.000000
vn 0.000000 1.000000 -0.000000
vn 0.000000 1.000000 -0.000000
vn 0.000000 1.000000 -0.000000
vn 0.000000 1.000000 -0.000000
vn -0.393943 0.000000 0.919135
vn -0.393943 0.000000 0.919135
vn -0.393943 0.000000 0.919135
vn -0.393943 0.000000 0.919135
vn -0.393943 0.000000 0.919135
vn -0.393943 0.000000 0.919135
vn 0.000000 -1.000000 0.000000
vn 0.000000 -1.000000 0.000000
vn 0.000000 -1.000000 0.000000
vn 0.000000 -1.000000 0.000000
vn 0.000000 -1.000000 0.000000
vn 0.000000 -1.000000 0.000000
vn -0.919135 0.000000 -0.393942
vn -0.919135 0.000000 -0.393942
vn -0.919135 0.000000 -0.393942
vn -0.919135 0.000000 -0.393942
vn -0.919135 0.000000 -0.393942
vn -0.919135 0.000000 -0.393942
vn 0.919136 0.000000 0.393941
vn 0.919136 0.000000 0.393941
vn 0.919136 0.000000 0.393941
vn 0.919136 0.000000 0.393941
vn 0.919136 0.000000 0.393941
vn 0.919136 0.000000 0.393941
vn 0.393939 0.000000 -0.919137
vn 0.393939 0.000000 -0.919137
vn 0.393939 0.000000 -0.919137
vn 0.393939 0.000000 -0.919137
vn 0.393939 0.000000 -0.919137
vn 0.393939 0.000000 -0.919137
vn 0.000000 1.000000 -0.000000
vn 0.000000 1.000000 -0.000000
vn 0.000000 1.000000 -0.000000
vn 0.000000 1.000000 -0.000000
vn 0.000000 1.000000 -0.000000
vn 0.000000 1.000000 -0.000000
vn -0.393943 0.000000 0.919135
vn -0.393943 0.000000 0.919135
vn -0.393943 0.000000 0.919135
vn -0.393943 0.000000 0.919135
vn -0.393943 0.000000 0.919135
vn -0.393943 0.000000 0.919135
vn 0.000000 -1.000000 0.000000
vn 0.000000 -1.000000 0.000000
vn 0.000000 -1.000000 0.000000
vn 0.000000 -1.000000 0.000000
vn 0.000000 -1.000000 0.000000
vn 0.000000 -1.000000 0.000000
vn -0.919136 0.000000 -0.393941
vn -0.919136 0.000000 -0.393941
vn -0.919136 0.000000 -0.393941
vn -0.919136 0.000000 -0.393941
vn -0.919136 0.000000 -0.393941
vn -0.919136 0.000000 -0.393941
vn 0.919134 0.000000 0.393946
vn 0.919134 0.000000 0.393946
vn 0.919134 0.000000 0.393946
vn 0.919134 0.000000 0.393946
vn 0.919134 0.000000 0.393946
vn 0.919134 0.000000 0.393946
vn 0.393944 0.000000 -0.919134
vn 0.393944 0.000000 -0.919134
vn 0.393944 0.000000 -0.919134
vn 0.393944 0.000000 -0.919134
vn 0.393944 0.000000 -0.919134
vn 0.393944 0.000000 -0.919134
vn 0.000000 1.000000 -0.000000
vn 0.000000 1.000000 -0.000000
vn 0.000000 1.000000 -0.000000
vn 0.000000 1.000000 -0.000000
vn 0.000000 1.000000 -0.000000
vn 0.000000 1.000000 -0.000000
vn -0.393942 0.000000 0.919135
vn -0.393942 0.000000 0.919135
vn -0.393942 0.000000 0.919135
vn -0.393942 0.000000 0.919135
vn -0.393942 0.000000 0.919135
vn -0.393942 0.000000 0.919135
vn 0.000000 -1.000000 0.000000
vn 0.000000 -1.000000 0.000000
vn 0.000000 -1.000000 0.000000
vn 0.000000 -1.000000 0.000000
vn 0.000000 -1.000000 0.000000
vn 0.000000 -1.000000 0.000000
vn -0.919133 0.000000 -0.393947
vn -0.919133 0.000000 -0.393947
vn -0.919133 0.000000 -0.393947
vn -0.919133 0.000000 -0.393947
vn -0.919133 0.000000 -0.393947
vn -0.919133 0.000000 -0.393947
vn 0.919136 0.000000 0.393941
vn 0.919136 0.000000 0.393941
vn 0.919136 0.000000 0.393941
vn 0.919136 0.000000 0.393941
vn 0.919136 0.000000 0.393941
vn 0.919136 0.000000 0.393941
vn 0.393942 0.000000 -0.919135
vn 0.393942 0.000000 -0.919135
vn 0.393942 0.000000 -0.919135
vn 0.393942 0.000000 -0.919135
vn 0.393942 0.000000 -0.919135
vn 0.393942 0.000000 -0.919135
vn 0.000000 1.000000 -0.000000
vn 0.000000 1.000000 -0.000000
vn 0.000000 1.000000 -0.000000
vn 0.000000 1.000000 -0.000000
vn 0.000000 1.000000 -0.000000
vn 0.000000 1.000000 -0.000000
vn -0.393941 0.000000 0.919136
vn -0.393941 0.000000 0.919136
vn -0.393941 0.000000 0.919136
vn -0.393941 0.000000 0.919136
vn -0.393941 0.000000 0.919136
vn -0.393941 0.000000 0.919136
vn 0.000000 -1.000000 0.000000
vn 0.000000 -1.000000 0.000000
vn 0.000000 -1.000000 0.000000
vn 0.000000 -1.000000 0.000000
vn 0.000000 -1.000000 0.000000
vn 0.000000 -1.000000 0.000000
vn -0.919136 0.000000 -0.393940
vn -0.919136 0.000000 -0.393940
vn -0.919136 0.000000 -0.393940
vn -0.919136 0.000000 -0.393940
vn -0.919136 0.000000 -0.393940
vn -0.919136 0.000000 -0.393940
vn 0.919136 0.000000 0.393941
vn 0.919136 0.000000 0.393941
vn 0.919136 0.000000 0.393941
vn 0.919136 0.000000 0.393941
vn 0.919136 0.000000 0.393941
vn 0.919136 0.000000 0.393941
vn 0.393940 0.000000 -0.919136
vn 0.393940 0.000000 -0.919136
vn 0.393940 0.000000 -0.919136
vn 0.393940 0.000000 -0.919136
vn 0.393940 0.000000 -0.919136
vn 0.393940 0.000000 -0.919136
vn 0.000000 1.000000 -0.000000
vn 0.000000 1.000000 -0.000000
vn 0.000000 1.000000 -0.000000
vn 0.000000 1.000000 -0.000000
vn 0.000000 1.000000 -0.000000
vn 0.000000 1.000000 -0.000000
vn -0.393941 0.000000 0.919136
vn -0.393941 0.000000 0.919136
vn -0.393941 0.000000 0.919136
vn -0.393941 0.000000 0.919136
vn -0.393941 0.000000 0.919136
vn -0.393941 0.000000 0.919136
vn 0.000000 -1.000000 0.000000
vn 0.000000 -1.000000 0.000000
vn 0.000000 -1.000000 0.000000
vn 0.000000 -1.000000 0.000000
vn 0.000000 -1.000000 0.000000
vn 0.000000 -1.000000 0.000000
vn -0.919136 0.000000 -0.393941
vn -0.919136 0.000000 -0.393941
vn -0.919136 0.000000 -0.393941
vn -0.919136 0.000000 -0.393941
vn -0.919136 0.000000 -0.393941
vn -0.919136 0.000000 -0.393941
vn 0.919133 0.000000 0.393948
vn 0.919133 0.000000 0.393948
vn 0.919133 0.000000 0.393948
vn 0.919133 0.000000 0.393948
vn 0.919133 0.000000 0.393948
vn 0.919133 0.000000 0.393948
vn 0.393942 0.000000 -0.919135
vn 0.393942 0.000000 -0.919135
vn 0.393942 0.000000 -0.919135
vn 0.393942 0.000000 -0.919135
vn 0.393942 0.000000 -0.919135
vn 0.393942 0.000000 -0.919135
vn 0.000000 1.000000 -0.000000
vn 0.000000 1.000000 -0.000000
vn 0.000000 1.000000 -0.000000
vn 0.000000 1.000000 -0.000000
vn 0.000000 1.000000 -0.000000
vn 0.000000 1.000000 -0.000000
vn -0.393937 0.000000 0.919138
vn -0.393937 0.000000 0.919138
vn -0.393937 0.000000 0.919138
vn -0.393937 0.000000 0.919138
vn -0.393937 0.000000 0.919138
vn -0.393937 0.000000 0.919138
vn 0.000000 -1.000000 0.000000
vn 0.000000 -1.000000 0.000000
vn 0.000000 -1.000000 0.000000
vn 0.000000 -1.000000 0.000000
vn 0.000000 -1.000000 0.000000
vn 0.000000 -1.000000 0.000000
vn -0.919134 0.000000 -0.393944
vn -0.919134 0.000000 -0.393944
vn -0.919134 0.000000 -0.393944
vn -0.919134 0.000000 -0.393944
vn -0.919134 0.000000 -0.393944
vn -0.919134 0.000000 -0.393944
vn 0.919136 0.000000 0.393940
vn 0.919136 0.000000 0.393940
vn 0.919136 0.000000 0.393940
vn 0.919136 0.000000 0.393940
vn 0.919136 0.000000 0.393940
vn 0.919136 0.000000 0.393940
vn 0.393942 0.000000 -0.919135
vn 0.393942 0.000000 -0.919135
vn 0.393942 0.000000 -0.919135
vn 0.393942 0.000000 -0.919135
vn 0.393942 0.000000 -0.919135
vn 0.393942 0.000000 -0.919135
vn 0.000000 1.000000 -0.000000
vn 0.000000 1.000000 -0.000000
vn 0.000000 1.000000 -0.000000
vn 0.000000 1.000000 -0.000000
vn 0.000000 1.000000 -0.000000
vn 0.000000 1.000000 -0.000000
vn -0.393942 0.000000 0.919135
vn -0.393942 0.000000 0.919135
vn -0.393942 0.000000 0.919135
vn -0.393942 0.000000 0.919135
vn -0.393942 0.000000 0.919135
vn -0.393942 0.000000 0.919135
vn 0.000000 -1.000000 0.000000
vn 0.000000 -1.000000 0.000000
vn 0.000000 -1.000000 0.000000
vn 0.000000 -1.000000 0.000000
vn 0.000000 -1.000000 0.000000
vn 0.000000 -1.000000 0.000000
vn -0.919136 0.000000 -0.393941
vn -0.919136 0.000000 -0.393941
vn -0.919136 0.000000 -0.393941
vn -0.919136 0.000000 -0.393941
vn -0.919136 0.000000 -0.393941
vn -0.919136 0.000000 -0.393941
vn 0.919136 0.000000 0.393941
vn 0.919136 0.000000 0.393941
vn 0.919136 0.000000 0.393941
vn 0.919136 0.000000 0.393941
vn 0.919136 0.000000 0.393941
vn 0.919136 0.000000 0.393941
vn 0.382684 0.000000 -0.923879
vn 0.382684 0.000000 -0.923879
vn 0.382684 0.000000 -0.923879
vn 0.382684 0.000000 -0.923879
vn 0.382684 0.000000 -0.923879
vn 0.382684 0.000000 -0.923879
vn 0.000000 1.000000 -0.000000
vn 0.000000 1.000000 -0.000000
vn 0.000000 1.000000 -0.000000
vn 0.000000 1.000000 -0.000000
vn 0.000000 1.000000 -0.000000
vn 0.000000 1.000000 -0.000000
vn -0.382684 0.000000 0.923879
vn -0.382684 0.000000 0.923879
vn -0.382684 0.000000 0.923879
vn -0.382684 0.000000 0.923879
vn -0.382684 0.000000 0.923879
vn -0.382684 0.000000 0.923879
vn 0.000000 -1.000000 0.000000
vn 0.000000 -1.000000 0.000000
vn 0.000000 -1.000000 0.000000
vn 0.000000 -1.000000 0.000000
vn 0.000000 -1.000000 0.000000
vn 0.000000 -1.000000 0.000000
vn -0.923880 0.000000 -0.382683
vn -0.923880 0.000000 -0.382683
vn -0.923880 0.000000 -0.382683
vn -0.923880 0.000000 -0.382683
vn -0.923880 0.000000 -0.382683
vn -0.923880 0.000000 -0.382683
vn 0.923880 0.000000 0.382683
vn 0.923880 0.000000 0.382683
vn 0.923880 0.000000 0.382683
vn 0.923880 0.000000 0.382683
vn 0.923880 0.000000 0.382683
vn 0.923880 0.000000 0.382683
s off
g gazebo group23 fence_group3_group4_pCube33
usemtl pCube37SG
f 385/1153/1729 387/1155/1730 386/1154/1731
f 385/1153/1732 388/1156/1733 387/1155/1734
f 386/1157/1735 390/1159/1736 389/1158/1737
f 386/1157/1738 387/1160/1739 390/1159/1740
f 389/1161/1741 392/1163/1742 391/1162/1743
f 389/1161/1744 390/1164/1745 392/1163/1746
f 391/1165/1747 388/1167/1748 385/1166/1749
f 391/1165/1750 392/1168/1751 388/1167/1752
f 388/1169/1753 390/1171/1754 387/1170/1755
f 388/1169/1756 392/1172/1757 390/1171/1758
f 391/1173/1759 386/1175/1760 389/1174/1761
f 391/1173/1762 385/1176/1763 386/1175/1764
f 393/1177/1765 395/1179/1766 394/1178/1767
f 393/1177/1768 396/1180/1769 395/1179/1770
f 394/1181/1771 398/1183/1772 397/1182/1773
f 394/1181/1774 395/1184/1775 398/1183/1776
f 397/1185/1777 400/1187/1778 399/1186/1779
f 397/1185/1780 398/1188/1781 400/1187/1782
f 399/1189/1783 396/1191/1784 393/1190/1785
f 399/1189/1786 400/1192/1787 396/1191/1788
f 396/1193/1789 398/1195/1790 395/1194/1791
f 396/1193/1792 400/1196/1793 398/1195/1794
f 399/1197/1795 394/1199/1796 397/1198/1797
f 399/1197/1798 393/1200/1799 394/1199/1800
f 401/1201/1801 403/1203/1802 402/1202/1803
f 401/1201/1804 404/1204/1805 403/1203/1806
f 402/1205/1807 406/1207/1808 405/1206/1809
f 402/1205/1810 403/1208/1811 406/1207/1812
f 405/1209/1813 408/1211/1814 407/1210/1815
f 405/1209/1816 406/1212/1817 408/1211/1818
f 407/1213/1819 404/1215/1820 401/1214/1821
f 407/1213/1822 408/1216/1823 404/1215/1824
f 404/1217/1825 406/1219/1826 403/1218/1827
f 404/1217/1828 408/1220/1829 406/1219/1830
f 407/1221/1831 402/1223/1832 405/1222/1833
f 407/1221/1834 401/1224/1835 402/1223/1836
f 409/1225/1837 411/1227/1838 410/1226/1839
f 409/1225/1840 412/1228/1841 411/1227/1842
f 410/1229/1843 414/1231/1844 413/1230/1845
f 410/1229/1846 411/1232/1847 414/1231/1848
f 413/1233/1849 416/1235/1850 415/1234/1851
f 413/1233/1852 414/1236/1853 416/1235/1854
f 415/1237/1855 412/1239/1856 409/1238/1857
f 415/1237/1858 416/1240/1859 412/1239/1860
f 412/1241/1861 414/1243/1862 411/1242/1863
f 412/1241/1864 416/1244/1865 414/1243/1866
f 415/1245/1867 410/1247/1868 413/1246/1869
f 415/1245/1870 409/1248/1871 410/1247/1872
f 417/1249/1873 419/1251/1874 418/1250/1875
f 417/1249/1876 420/1252/1877 419/1251/1878
f 418/1253/1879 422/1255/1880 421/1254/1881
f 418/1253/1882 419/1256/1883 422/1255/1884
f 421/1257/1885 424/1259/1886 423/1258/1887
f 421/1257/1888 422/1260/1889 424/1259/1890
f 423/1261/1891 420/1263/1892 417/1262/1893
f 423/1261/1894 424/1264/1895 420/1263/1896
f 420/1265/1897 422/1267/1898 419/1266/1899
f 420/1265/1900 424/1268/1901 422/1267/1902
f 423/1269/1903 418/1271/1904 421/1270/1905
f 423/1269/1906 417/1272/1907 418/1271/1908
f 425/1273/1909 427/1275/1910 426/1274/1911
f 425/1273/1912 428/1276/1913 427/1275/1914
f 426/1277/1915 430/1279/1916 429/1278/1917
f 426/1277/1918 427/1280/1919 430/1279/1920
f 429/1281/1921 432/1283/1922 431/1282/1923
f 429/1281/1924 430/1284/1925 432/1283/1926
f 431/1285/1927 428/1287/1928 425/1286/1929
f 431/1285/1930 432/1288/1931 428/1287/1932
f 428/1289/1933 430/1291/1934 427/1290/1935
f 428/1289/1936 432/1292/1937 430/1291/1938
f 431/1293/1939 426/1295/1940 429/1294/1941
f 431/1293/1942 425/1296/1943 426/1295/1944
f 433/1297/1945 435/1299/1946 434/1298/1947
f 433/1297/1948 436/1300/1949 435/1299/1950
f 434/1301/1951 438/1303/1952 437/1302/1953
f 434/1301/1954 435/1304/1955 438/1303/1956
f 437/1305/1957 440/1307/1958 439/1306/1959
f 437/1305/1960 438/1308/1961 440/1307/1962
f 439/1309/1963 436/1311/1964 433/1310/1965
f 439/1309/1966 440/1312/1967 436/1311/1968
f 436/1313/1969 438/1315/1970 435/1314/1971
f 436/1313/1972 440/1316/1973 438/1315/1974
f 439/1317/1975 434/1319/1976 437/1318/1977
f 439/1317/1978 433/1320/1979 434/1319/1980
f 441/1321/1981 443/1323/1982 442/1322/1983
f 441/1321/1984 444/1324/1985 443/1323/1986
f 442/1325/1987 446/1327/1988 445/1326/1989
f 442/1325/1990 443/1328/1991 446/1327/1992
f 445/1329/1993 448/1331/1994 447/1330/1995
f 445/1329/1996 446/1332/1997 448/1331/1998
f 447/1333/1999 444/1335/2000 441/1334/2001
f 447/1333/2002 448/1336/2003 444/1335/2004
f 444/1337/2005 446/1339/2006 443/1338/2007
f 444/1337/2008 448/1340/2009 446/1339/2010
f 447/1341/2011 442/1343/2012 445/1342/2013
f 447/1341/2014 441/1344/2015 442/1343/2016
f 449/1345/2017 451/1347/2018 450/1346/2019
f 449/1345/2020 452/1348/2021 451/1347/2022
f 450/1349/2023 454/1351/2024 453/1350/2025
f 450/1349/2026 451/1352/2027 454/1351/2028
f 453/1353/2029 456/1355/2030 455/1354/2031
f 453/1353/2032 454/1356/2033 456/1355/2034
f 455/1357/2035 452/1359/2036 449/1358/2037
f 455/1357/2038 456/1360/2039 452/1359/2040
f 452/1361/2041 454/1363/2042 451/1362/2043
f 452/1361/2044 456/1364/2045 454/1363/2046
f 455/1365/2047 450/1367/2048 453/1366/2049
f 455/1365/2050 449/1368/2051 450/1367/2052
g default
v 292.204372 39.379868 -720.604791
v 292.332831 39.379868 -720.294736
v 292.204398 39.379868 -720.604765
v 515.727792 35.114926 -721.153313
v 593.375454 -0.000001 -754.450740
v 516.074023 -0.000001 -720.317114
v 411.936150 -0.000001 -971.729924
v 489.237618 -0.000001 -1005.863570
v 411.936150 35.114926 -971.729924
v -90.960587 -0.000001 -468.833218
v -168.602987 -0.000001 -439.065523
v -90.960587 30.209492 -468.833218
v -195.098428 30.209490 -720.246003
v -272.740879 -0.000001 -690.478320
v -195.098428 -0.000001 -720.317127
v 516.074023 -0.000001 -720.246003
v 411.936150 -0.000001 -468.833218
v 411.936150 39.379868 -468.833218
v 160.452210 39.379868 -364.695300
v 160.452210 -0.000001 -364.695300
v 160.523360 -0.000001 -364.695300
v 160.523360 39.379868 -364.695300
v -90.960587 -0.000001 -971.729924
v -90.960587 39.379868 -971.729924
v 160.452210 -0.000001 -1075.867803
v 160.452210 39.379868 -1075.867803
v 160.523360 39.379868 -1075.867803
v 160.523360 -0.000001 -1075.867803
v -68.307501 39.379868 -491.486304
v -163.063642 39.379868 -720.249209
v 160.455429 39.379868 -396.730087
v 389.283058 39.379868 -491.486304
v 160.520141 39.379868 -396.730087
v 253.720150 39.379868 -627.049174
v 160.500956 39.379868 -588.436532
v 160.474613 39.379868 -588.436532
v 292.332831 39.379868 -720.268380
v 483.724193 39.379868 -721.074772
v 159.693174 39.379868 -595.696892
v 67.255420 39.379868 -627.049174
v 160.071533 39.379868 -719.865326
v 160.487798 39.379868 -720.281578
v 28.642726 39.379868 -720.268380
v 160.073284 39.379868 -720.436135
v 28.642726 39.379868 -720.294736
v 160.074057 39.379868 -720.695306
v -68.307501 39.379868 -949.076825
v 160.332905 39.379868 -720.436470
v 160.643076 39.379868 -720.436869
v 253.720150 39.379868 -813.513939
v 389.283058 39.379868 -949.076825
v 160.500956 39.379868 -852.126590
v 160.520141 39.379868 -1043.833004
v 160.474613 39.379868 -852.126590
v 67.255420 39.379868 -813.513939
v 160.455429 39.379868 -1043.833004
v 484.039239 -0.000001 -720.313921
v 484.039239 -0.000001 -720.249209
v 389.283058 -0.000001 -949.076825
v 389.283058 -0.000001 -491.486304
v 160.520141 -0.000001 -1043.833004
v 160.520141 -0.000001 -396.730087
v 160.455429 -0.000001 -1043.833004
v 160.455429 -0.000001 -396.730087
v -68.307501 -0.000001 -949.076825
v -68.307501 -0.000001 -491.486304
v -163.063642 -0.000001 -720.249209
v -163.063642 -0.000001 -720.313921
v 160.500956 -0.000001 -852.126590
v 160.474613 -0.000001 -852.126590
v 67.255420 -0.000001 -813.513939
v 160.487798 -0.000001 -720.281552
v 253.720150 -0.000001 -813.513939
v 292.332831 -0.000001 -720.294736
v 28.642726 -0.000001 -720.294736
v 28.642726 -0.000001 -720.268380
v 67.255420 -0.000001 -627.049174
v 160.474613 -0.000001 -588.436532
v 160.500956 -0.000001 -588.436532
v 253.720150 -0.000001 -627.049174
v 292.332831 -0.000001 -720.268380
vt 0.062604 0.766347
vt 0.062693 0.766560
vt 0.062604 0.766347
vt 0.016178 0.762356
vt 0.069513 0.600846
vt 0.016416 0.600846
vt 0.810747 0.547515
vt 0.810747 0.494417
vt 0.649238 0.547515
vt 0.816882 0.839851
vt 0.816882 0.893183
vt 0.955829 0.839851
vt 0.055324 0.766347
vt 0.001992 0.905294
vt 0.055324 0.905294
vt 0.248964 0.762356
vt 0.248390 0.600846
vt 0.248341 0.600846
vt 0.075649 0.600846
vt 0.075649 0.781972
vt 0.816882 0.839851
vt 0.955829 0.839851
vt 0.998008 0.667159
vt 0.816882 0.667159
vt 0.816882 0.667110
vt 0.998008 0.667110
vt 0.998008 0.494417
vt 0.816882 0.494417
vt 0.581308 0.793986
vt 0.442361 0.794035
vt 0.442361 0.966728
vt 0.623486 0.966728
vt 0.629622 0.892949
vt 0.810747 0.892949
vt 0.810747 0.720256
vt 0.629622 0.720256
vt 0.629622 0.720207
vt 0.810747 0.720207
vt 0.810747 0.547515
vt 0.649238 0.547515
vt 0.623486 0.636854
vt 0.581308 0.621294
vt 0.581308 0.793986
vt 0.623486 0.793988
vt 0.719442 0.023934
vt 0.719440 0.001930
vt 0.546748 0.073461
vt 0.562308 0.089021
vt 0.876621 0.089021
vt 0.892182 0.073461
vt 0.719489 0.001930
vt 0.719487 0.023934
vt 0.719440 0.001930
vt 0.719442 0.023934
vt 0.783505 0.182137
vt 0.719474 0.155615
vt 0.719456 0.155615
vt 0.562308 0.089021
vt 0.810028 0.246169
vt 0.941492 0.246723
vt 0.718919 0.160602
vt 0.655424 0.182137
vt 0.497221 0.246155
vt 0.719179 0.245892
vt 0.719465 0.246178
vt 0.810028 0.246187
vt 0.628902 0.246169
vt 0.719180 0.246284
vt 0.628902 0.246187
vt 0.719180 0.246462
vt 0.562308 0.403335
vt 0.719358 0.246284
vt 0.719571 0.246284
vt 0.809939 0.246400
vt 0.809939 0.246400
vt 0.783505 0.310218
vt 0.876621 0.403335
vt 0.719474 0.336741
vt 0.719487 0.468421
vt 0.719456 0.336741
vt 0.655424 0.310218
vt 0.719442 0.468421
vt 0.719489 0.490426
vt 0.719440 0.490426
vt 0.546748 0.418895
vt 0.941492 0.246723
vt 0.963475 0.246776
vt 0.892182 0.073461
vt 0.876621 0.089021
vt 0.623486 0.793988
vt 0.581308 0.793986
vt 0.623486 0.966728
vt 0.623486 0.951167
vt 0.719487 0.468421
vt 0.719489 0.490426
vt 0.892182 0.418895
vt 0.876621 0.403335
vt 0.436225 0.639853
vt 0.416609 0.624292
vt 0.416609 0.796411
vt 0.436225 0.796465
vt 0.416609 0.624292
vt 0.255100 0.600846
vt 0.255100 0.773539
vt 0.416609 0.796411
vt 0.246216 0.055027
vt 0.222770 0.001930
vt 0.050077 0.073461
vt 0.073523 0.126558
vt 0.246218 0.077031
vt 0.246262 0.077031
vt 0.246265 0.055027
vt 0.089083 0.142118
vt 0.001992 0.299251
vt 0.403397 0.142118
vt 0.418957 0.126558
vt 0.023996 0.299253
vt 0.001992 0.299300
vt 0.468484 0.299253
vt 0.490488 0.299251
vt 0.023996 0.299297
vt 0.073523 0.471992
vt 0.468484 0.299297
vt 0.490488 0.299300
vt 0.089083 0.456432
vt 0.246216 0.543523
vt 0.403397 0.456432
vt 0.418957 0.471992
vt 0.439404 0.525324
vt 0.266712 0.596855
vt 0.246262 0.521519
vt 0.246218 0.521519
vt 0.155677 0.299266
vt 0.155677 0.299284
vt 0.182200 0.363315
vt 0.246240 0.299275
vt 0.182200 0.235235
vt 0.246231 0.208712
vt 0.246231 0.389838
vt 0.246249 0.389838
vt 0.310280 0.363315
vt 0.336803 0.299284
vt 0.336803 0.299266
vt 0.310280 0.235235
vt 0.246249 0.208712
vt 0.581308 0.621294
vt 0.442361 0.600846
vt 0.442361 0.773539
vt 0.581308 0.793986
vn 0.000000 1.000000 0.000000
vn 0.000000 1.000000 0.000000
vn 0.000000 1.000000 0.000000
vn 0.403804 0.025759 0.914483
vn 0.403804 0.025759 0.914483
vn 0.403804 0.025759 0.914483
vn -0.403938 0.000000 -0.914786
vn -0.403938 0.000000 -0.914786
vn -0.403938 0.000000 -0.914786
vn 0.357986 0.000000 0.933727
vn 0.357986 0.000000 0.933727
vn 0.357986 0.000000 0.933727
vn -0.915853 0.000445 -0.401515
vn -0.886744 0.000622 -0.462261
vn -0.358730 0.002197 -0.933439
vn 0.924338 0.008942 0.381470
vn 0.924356 0.008942 0.381427
vn 0.999951 0.009856 0.000000
vn 0.924338 0.008942 0.381470
vn 0.924356 0.008942 0.381427
vn 0.924338 0.008942 0.381470
vn 0.924338 0.008942 0.381470
vn 0.924338 0.008942 0.381470
vn 0.924338 0.008942 0.381470
vn -0.382681 0.000000 0.923881
vn -0.382559 0.000000 0.923931
vn -0.382681 0.000000 0.923880
vn -0.382681 0.000000 0.923881
vn -0.382577 0.000000 0.923924
vn -0.382559 0.000000 0.923931
vn -0.382559 0.000000 0.923931
vn -0.382577 0.000000 0.923924
vn 0.382589 0.000000 0.923919
vn -0.382559 0.000000 0.923931
vn 0.382589 0.000000 0.923919
vn 0.382589 0.000000 0.923919
vn 0.382589 0.000000 0.923919
vn 0.382681 0.000000 0.923880
vn 0.382589 0.000000 0.923919
vn 0.382589 0.000000 0.923919
vn 0.382681 0.000000 0.923880
vn 0.382681 0.000000 0.923880
vn -0.915853 0.000445 -0.401515
vn -0.923902 0.000390 -0.382629
vn -0.886744 0.000622 -0.462261
vn -0.915853 0.000445 -0.401515
vn -0.923902 0.000390 -0.382629
vn -0.923902 0.000390 -0.382629
vn -0.382681 0.000000 -0.923880
vn -0.382589 0.000000 -0.923919
vn -0.382681 0.000000 -0.923880
vn -0.382681 0.000000 -0.923880
vn -0.382589 0.000000 -0.923919
vn -0.382589 0.000000 -0.923919
vn -0.382589 0.000000 -0.923919
vn -0.382589 0.000000 -0.923919
vn 0.382576 0.000000 -0.923924
vn -0.382589 0.000000 -0.923919
vn 0.382576 0.000000 -0.923924
vn 0.382583 0.000000 -0.923921
vn 0.382576 0.000000 -0.923924
vn 0.382681 0.000000 -0.923880
vn 0.382583 0.000000 -0.923921
vn 0.382576 0.000000 -0.923924
vn 0.382681 0.000000 -0.923880
vn 0.382681 0.000000 -0.923880
vn -0.273427 0.955202 0.113257
vn -0.273427 0.955202 0.113257
vn -0.273427 0.955202 0.113257
vn -0.273427 0.955202 0.113257
vn -0.273427 0.955202 0.113257
vn -0.273427 0.955202 0.113257
vn -0.074682 0.988062 0.134744
vn -0.074683 0.988062 0.134744
vn -0.074682 0.988062 0.134744
vn -0.074682 0.988062 0.134744
vn -0.074683 0.988062 0.134744
vn -0.074683 0.988062 0.134744
vn 0.000000 1.000000 0.000000
vn 0.000000 1.000000 0.000000
vn 0.000000 1.000000 0.000000
vn 0.000000 1.000000 0.000000
vn 0.000000 1.000000 0.000000
vn 0.000000 1.000000 0.000000
vn 0.000000 1.000000 0.000000
vn 0.000000 1.000000 0.000000
vn 0.000000 1.000000 0.000000
vn 0.000000 1.000000 0.000000
vn 0.000000 1.000000 0.000000
vn 0.000000 1.000000 0.000000
vn 0.000000 1.000000 0.000000
vn 0.000000 1.000000 0.000000
vn 0.000000 1.000000 0.000000
vn 0.000000 1.000000 0.000000
vn 0.000000 1.000000 0.000000
vn 0.000000 1.000000 0.000000
vn 0.000000 1.000000 0.000000
vn 0.000000 1.000000 0.000000
vn 0.000000 1.000000 0.000000
vn 0.000000 1.000000 0.000000
vn 0.000000 1.000000 0.000000
vn 0.000000 1.000000 0.000000
vn 0.000000 1.000000 0.000000
vn 0.000000 1.000000 0.000000
vn 0.000000 1.000000 0.000000
vn 0.000000 1.000000 0.000000
vn 0.000000 1.000000 0.000000
vn 0.000000 1.000000 0.000000
vn 0.000000 1.000000 0.000000
vn 0.000000 1.000000 0.000000
vn 0.000000 1.000000 0.000000
vn 0.000000 1.000000 0.000000
vn 0.000000 1.000000 0.000000
vn 0.000000 1.000000 0.000000
vn 0.000000 1.000000 0.000000
vn 0.000000 1.000000 0.000000
vn 0.000000 1.000000 0.000000
vn 0.000000 1.000000 0.000000
vn 0.000000 1.000000 0.000000
vn 0.000000 1.000000 0.000000
vn 0.000000 1.000000 0.000000
vn 0.000000 1.000000 0.000000
vn 0.000000 1.000000 0.000000
vn 0.000000 1.000000 0.000000
vn 0.000000 1.000000 0.000000
vn 0.000000 1.000000 0.000000
vn 0.000000 1.000000 0.000000
vn 0.000000 1.000000 0.000000
vn 0.000000 1.000000 0.000000
vn 0.000000 1.000000 0.000000
vn 0.000000 1.000000 0.000000
vn 0.000000 1.000000 0.000000
vn 0.000000 1.000000 0.000000
vn 0.000000 1.000000 0.000000
vn 0.000000 1.000000 0.000000
vn 0.000000 1.000000 0.000000
vn 0.000000 1.000000 0.000000
vn 0.000000 1.000000 0.000000
vn 0.000000 1.000000 0.000000
vn 0.000000 1.000000 0.000000
vn 0.000000 1.000000 0.000000
vn 0.000000 1.000000 0.000000
vn 0.000000 1.000000 0.000000
vn 0.000000 1.000000 0.000000
vn 0.000000 1.000000 0.000000
vn 0.000000 1.000000 0.000000
vn 0.000000 1.000000 0.000000
vn 0.000000 1.000000 0.000000
vn 0.000000 1.000000 0.000000
vn 0.000000 1.000000 0.000000
vn 0.000000 1.000000 0.000000
vn 0.000000 1.000000 0.000000
vn 0.000000 1.000000 0.000000
vn 0.000000 1.000000 0.000000
vn 0.000000 1.000000 0.000000
vn 0.000000 1.000000 0.000000
vn 0.000000 1.000000 0.000000
vn 0.000000 1.000000 0.000000
vn 0.000000 1.000000 0.000000
vn 0.000000 1.000000 0.000000
vn 0.000000 1.000000 0.000000
vn 0.000000 1.000000 0.000000
vn 0.000000 1.000000 0.000000
vn 0.000000 1.000000 0.000000
vn 0.000000 1.000000 0.000000
vn 0.000000 1.000000 0.000000
vn 0.000000 1.000000 0.000000
vn 0.000000 1.000000 0.000000
vn 0.000000 1.000000 0.000000
vn 0.000000 1.000000 0.000000
vn 0.000000 1.000000 0.000000
vn 0.000000 1.000000 0.000000
vn 0.000000 1.000000 0.000000
vn 0.000000 1.000000 0.000000
vn 0.000000 1.000000 0.000000
vn 0.000000 1.000000 0.000000
vn 0.000000 1.000000 0.000000
vn 0.000000 1.000000 0.000000
vn 0.000000 1.000000 0.000000
vn 0.000000 1.000000 0.000000
vn 0.000000 1.000000 0.000000
vn 0.000000 1.000000 0.000000
vn 0.000000 1.000000 0.000000
vn 0.000000 1.000000 0.000000
vn 0.000000 1.000000 0.000000
vn 0.000000 1.000000 0.000000
vn 0.000000 1.000000 0.000000
vn 0.000000 1.000000 0.000000
vn 0.000000 1.000000 0.000000
vn 0.000000 1.000000 0.000000
vn 0.000000 1.000000 0.000000
vn 0.000000 1.000000 0.000000
vn 0.000000 1.000000 0.000000
vn 0.000000 1.000000 0.000000
vn 0.000000 1.000000 0.000000
vn 0.000000 1.000000 0.000000
vn 0.000000 1.000000 0.000000
vn 0.000000 1.000000 0.000000
vn 0.000000 1.000000 0.000000
vn 0.000000 1.000000 0.000000
vn 0.000000 1.000000 0.000000
vn 0.000000 1.000000 0.000000
vn 0.000000 1.000000 0.000000
vn 0.000000 1.000000 0.000000
vn 0.000000 1.000000 0.000000
vn 0.000000 1.000000 0.000000
vn 0.000000 1.000000 0.000000
vn 0.000000 1.000000 0.000000
vn 0.000000 1.000000 0.000000
vn 0.000000 1.000000 0.000000
vn 0.000000 1.000000 0.000000
vn 0.000000 1.000000 0.000000
vn 0.000000 1.000000 0.000000
vn 0.000000 1.000000 0.000000
vn 0.000000 1.000000 0.000000
vn 0.000000 1.000000 0.000000
vn 0.000000 1.000000 0.000000
vn 0.000000 1.000000 0.000000
vn 0.000000 1.000000 0.000000
vn 0.000000 1.000000 0.000000
vn 0.000000 1.000000 0.000000
vn 0.000000 1.000000 0.000000
vn 0.000000 1.000000 0.000000
vn 0.000000 1.000000 0.000000
vn 0.000000 1.000000 0.000000
vn 0.000000 1.000000 0.000000
vn 0.000000 1.000000 0.000000
vn 0.000000 1.000000 0.000000
vn 0.000000 1.000000 0.000000
vn 0.000000 1.000000 0.000000
vn 0.000000 1.000000 0.000000
vn 0.000000 1.000000 0.000000
vn 0.000000 1.000000 0.000000
vn 0.000000 1.000000 0.000000
vn 0.000000 1.000000 0.000000
vn 0.000000 1.000000 0.000000
vn 0.000000 1.000000 0.000000
vn 0.000000 1.000000 0.000000
vn 0.000000 1.000000 0.000000
vn 0.000000 1.000000 0.000000
vn 0.000000 1.000000 0.000000
vn 0.000000 1.000000 0.000000
vn 0.000000 1.000000 0.000000
vn 0.000000 1.000000 0.000000
vn 0.000000 1.000000 0.000000
vn 0.000000 1.000000 0.000000
vn 0.000000 1.000000 0.000000
vn 0.000000 1.000000 0.000000
vn 0.000000 1.000000 0.000000
vn 0.069641 0.997375 0.019820
vn 0.069641 0.997375 0.019820
vn 0.069641 0.997375 0.019820
vn 0.069641 0.997375 0.019820
vn 0.069641 0.997375 0.019820
vn 0.069641 0.997375 0.019820
vn -0.148097 0.988061 -0.042462
vn -0.148097 0.988061 -0.042462
vn -0.148097 0.988061 -0.042462
vn -0.148097 0.988061 -0.042462
vn -0.148097 0.988061 -0.042462
vn -0.148097 0.988061 -0.042462
vn 0.035061 0.997381 -0.063258
vn 0.035061 0.997381 -0.063258
vn 0.035061 0.997381 -0.063258
vn 0.035061 0.997381 -0.063258
vn 0.035061 0.997381 -0.063258
vn 0.035061 0.997381 -0.063258
vn 0.131768 0.989777 -0.054580
vn 0.131768 0.989777 -0.054580
vn 0.131768 0.989777 -0.054580
vn 0.131768 0.989777 -0.054580
vn 0.131768 0.989777 -0.054580
vn 0.131768 0.989777 -0.054580
vn 0.354608 0.923406 -0.146883
vn 0.354608 0.923406 -0.146883
vn 0.354608 0.923406 -0.146883
vn 0.354608 0.923406 -0.146883
vn 0.354608 0.923406 -0.146883
vn 0.354608 0.923406 -0.146883
vn -0.000000 -1.000000 0.000000
vn -0.000000 -1.000000 0.000000
vn -0.000000 -1.000000 0.000000
vn -0.000000 -1.000000 0.000000
vn -0.000000 -1.000000 0.000000
vn -0.000000 -1.000000 0.000000
vn -0.000000 -1.000000 0.000000
vn -0.000000 -1.000000 0.000000
vn -0.000000 -1.000000 0.000000
vn -0.000000 -1.000000 0.000000
vn -0.000000 -1.000000 0.000000
vn -0.000000 -1.000000 0.000000
vn -0.000000 -1.000000 0.000000
vn -0.000000 -1.000000 0.000000
vn -0.000000 -1.000000 0.000000
vn -0.000000 -1.000000 0.000000
vn -0.000000 -1.000000 0.000000
vn -0.000000 -1.000000 0.000000
vn -0.000000 -1.000000 0.000000
vn -0.000000 -1.000000 0.000000
vn -0.000000 -1.000000 0.000000
vn -0.000000 -1.000000 0.000000
vn -0.000000 -1.000000 0.000000
vn -0.000000 -1.000000 0.000000
vn -0.000000 -1.000000 0.000000
vn -0.000000 -1.000000 0.000000
vn -0.000000 -1.000000 0.000000
vn -0.000000 -1.000000 0.000000
vn -0.000000 -1.000000 0.000000
vn -0.000000 -1.000000 0.000000
vn -0.000000 -1.000000 0.000000
vn -0.000000 -1.000000 0.000000
vn -0.000000 -1.000000 0.000000
vn -0.000000 -1.000000 0.000000
vn -0.000000 -1.000000 0.000000
vn -0.000000 -1.000000 0.000000
vn -0.000000 -1.000000 0.000000
vn -0.000000 -1.000000 0.000000
vn -0.000000 -1.000000 0.000000
vn -0.000000 -1.000000 0.000000
vn -0.000000 -1.000000 0.000000
vn -0.000000 -1.000000 0.000000
vn -0.000000 -1.000000 0.000000
vn -0.000000 -1.000000 0.000000
vn -0.000000 -1.000000 0.000000
vn -0.000000 -1.000000 0.000000
vn -0.000000 -1.000000 0.000000
vn -0.000000 -1.000000 0.000000
vn -0.000000 -1.000000 0.000000
vn -0.000000 -1.000000 0.000000
vn -0.000000 -1.000000 0.000000
vn -0.000000 -1.000000 0.000000
vn -0.000000 -1.000000 0.000000
vn -0.000000 -1.000000 0.000000
vn -0.000000 -1.000000 0.000000
vn -0.000000 -1.000000 0.000000
vn -0.000000 -1.000000 0.000000
vn -0.000000 -1.000000 0.000000
vn -0.000000 -1.000000 0.000000
vn -0.000000 -1.000000 0.000000
vn -0.000000 -1.000000 0.000000
vn -0.000000 -1.000000 0.000000
vn -0.000000 -1.000000 0.000000
vn -0.000000 -1.000000 0.000000
vn -0.000000 -1.000000 0.000000
vn -0.000000 -1.000000 0.000000
vn -0.000000 -1.000000 0.000000
vn -0.000000 -1.000000 0.000000
vn -0.000000 -1.000000 0.000000
vn -0.000000 -1.000000 0.000000
vn -0.000000 -1.000000 0.000000
vn -0.000000 -1.000000 0.000000
vn -0.000000 -1.000000 0.000000
vn -0.000000 -1.000000 0.000000
vn -0.000000 -1.000000 0.000000
vn -0.000000 -1.000000 0.000000
vn -0.000000 -1.000000 0.000000
vn -0.000000 -1.000000 0.000000
vn -0.000000 -1.000000 0.000000
vn -0.000000 -1.000000 0.000000
vn -0.000000 -1.000000 0.000000
vn -0.000000 -1.000000 0.000000
vn -0.000000 -1.000000 0.000000
vn -0.000000 -1.000000 0.000000
vn -0.000000 -1.000000 0.000000
vn -0.000000 -1.000000 0.000000
vn -0.000000 -1.000000 0.000000
vn -0.000000 -1.000000 0.000000
vn -0.000000 -1.000000 0.000000
vn -0.000000 -1.000000 0.000000
vn -0.000000 -1.000000 0.000000
vn -0.000000 -1.000000 0.000000
vn -0.000000 -1.000000 0.000000
vn -0.000000 -1.000000 0.000000
vn -0.000000 -1.000000 0.000000
vn -0.000000 -1.000000 0.000000
vn -0.000000 -1.000000 0.000000
vn -0.000000 -1.000000 0.000000
vn -0.000000 -1.000000 0.000000
vn -0.000000 -1.000000 0.000000
vn -0.000000 -1.000000 0.000000
vn -0.000000 -1.000000 0.000000
vn -0.000000 -1.000000 0.000000
vn -0.000000 -1.000000 0.000000
vn -0.000000 -1.000000 0.000000
vn -0.000000 -1.000000 0.000000
vn -0.000000 -1.000000 0.000000
vn -0.000000 -1.000000 0.000000
vn -0.000000 -1.000000 0.000000
vn -0.000000 -1.000000 0.000000
vn -0.000000 -1.000000 0.000000
vn -0.000000 -1.000000 0.000000
vn -0.000000 -1.000000 0.000000
vn -0.000000 -1.000000 0.000000
vn -0.000000 -1.000000 0.000000
vn -0.000000 -1.000000 0.000000
vn -0.000000 -1.000000 0.000000
vn -0.000000 -1.000000 0.000000
vn -0.000000 -1.000000 0.000000
vn -0.000000 -1.000000 0.000000
vn -0.000000 -1.000000 0.000000
vn -0.000000 -1.000000 0.000000
vn -0.000000 -1.000000 0.000000
vn -0.000000 -1.000000 0.000000
vn -0.000000 -1.000000 0.000000
vn -0.000000 -1.000000 0.000000
vn -0.000000 -1.000000 0.000000
vn -0.000000 -1.000000 0.000000
vn -0.000000 -1.000000 0.000000
vn -0.000000 -1.000000 0.000000
vn -0.000000 -1.000000 0.000000
vn -0.000000 -1.000000 0.000000
vn -0.000000 -1.000000 0.000000
vn -0.000000 -1.000000 0.000000
vn -0.000000 -1.000000 0.000000
vn -0.000000 -1.000000 0.000000
vn -0.000000 -1.000000 0.000000
vn -0.000000 -1.000000 0.000000
vn -0.000000 -1.000000 0.000000
vn -0.000000 -1.000000 0.000000
vn -0.000000 -1.000000 0.000000
vn -0.000000 -1.000000 0.000000
vn -0.000000 -1.000000 0.000000
vn -0.000000 -1.000000 0.000000
vn -0.000000 -1.000000 0.000000
vn -0.000000 -1.000000 0.000000
vn -0.000000 -1.000000 0.000000
vn -0.000000 -1.000000 0.000000
vn -0.000000 -1.000000 0.000000
vn -0.000000 -1.000000 0.000000
vn -0.000000 -1.000000 0.000000
vn -0.000000 -1.000000 0.000000
vn -0.000000 -1.000000 0.000000
vn -0.000000 -1.000000 0.000000
vn -0.000000 -1.000000 0.000000
vn -0.000000 -1.000000 0.000000
vn -0.000000 -1.000000 0.000000
vn -0.000000 -1.000000 0.000000
vn -0.000000 -1.000000 0.000000
vn -0.000000 -1.000000 0.000000
vn -0.000000 -1.000000 0.000000
vn -0.000000 -1.000000 0.000000
vn -0.000000 -1.000000 0.000000
vn -0.000000 -1.000000 0.000000
vn -0.000000 -1.000000 0.000000
vn -0.000000 -1.000000 0.000000
vn -0.000000 -1.000000 0.000000
vn -0.000000 -1.000000 0.000000
vn -0.000000 -1.000000 0.000000
vn -0.000000 -1.000000 0.000000
vn -0.000000 -1.000000 0.000000
vn -0.000000 -1.000000 0.000000
vn -0.000000 -1.000000 0.000000
vn -0.000000 -1.000000 0.000000
vn -0.000000 -1.000000 0.000000
vn -0.000000 -1.000000 0.000000
vn -0.000000 -1.000000 0.000000
vn -0.000000 -1.000000 0.000000
vn -0.000000 -1.000000 0.000000
vn -0.000000 -1.000000 0.000000
vn -0.000000 -1.000000 0.000000
vn -0.000000 -1.000000 0.000000
vn -0.000000 -1.000000 0.000000
vn -0.000000 -1.000000 0.000000
vn -0.000000 -1.000000 0.000000
vn -0.000000 -1.000000 0.000000
vn -0.000000 -1.000000 0.000000
vn -0.000000 -1.000000 0.000000
vn -0.000000 -1.000000 0.000000
vn -0.315569 0.939856 0.130712
vn -0.315569 0.939856 0.130712
vn -0.315569 0.939856 0.130712
vn -0.315569 0.939856 0.130712
vn -0.315569 0.939856 0.130712
vn -0.315569 0.939856 0.130712
s off
g gazebo group23 floor
usemtl floorSG
f 457/1369/2053 459/1371/2054 458/1370/2055
f 460/1372/2056 462/1374/2057 461/1373/2058
f 463/1375/2059 465/1377/2060 464/1376/2061
f 466/1378/2062 468/1380/2063 467/1379/2064
f 469/1381/2065 471/1383/2066 470/1382/2067
f 460/1384/2068 472/1386/2069 462/1385/2070
f 473/1387/2071 472/1386/2072 460/1384/2073
f 473/1387/2074 460/1384/2075 474/1388/2076
f 466/1389/2077 475/1391/2078 468/1390/2079
f 466/1389/2080 476/1392/2081 475/1391/2082
f 475/1391/2083 476/1392/2084 477/1393/2085
f 475/1391/2086 477/1393/2087 478/1394/2088
f 477/1393/2089 474/1395/2090 478/1394/2091
f 477/1393/2092 473/1396/2093 474/1395/2094
f 469/1397/2095 479/1399/2096 471/1398/2097
f 469/1397/2098 480/1400/2099 479/1399/2100
f 480/1401/2101 481/1403/2102 479/1402/2103
f 480/1401/2104 482/1404/2105 481/1403/2106
f 481/1403/2107 482/1404/2108 483/1405/2109
f 481/1403/2110 483/1405/2111 484/1406/2112
f 483/1405/2113 463/1407/2114 484/1406/2115
f 483/1405/2116 465/1408/2117 463/1407/2118
f 485/1409/2119 469/1411/2120 468/1410/2121
f 485/1409/2122 486/1412/2123 469/1411/2124
f 487/1413/2125 468/1415/2126 475/1414/2127
f 487/1413/2128 485/1416/2129 468/1415/2130
f 488/1417/2131 478/1419/2132 474/1418/2133
f 488/1417/2134 489/1420/2135 478/1419/2136
f 489/1420/2137 475/1421/2138 478/1419/2139
f 489/1420/2140 487/1422/2141 475/1421/2142
f 490/1423/2143 489/1420/2144 488/1417/2145
f 491/1424/2146 487/1422/2147 489/1420/2148
f 490/1423/2149 491/1424/2150 489/1420/2151
f 491/1424/2152 492/1425/2153 487/1422/2154
f 492/1425/2155 485/1426/2156 487/1422/2157
f 493/1427/2158 490/1423/2159 488/1417/2160
f 493/1427/2161 488/1417/2162 494/1428/2163
f 490/1423/2164 495/1429/2165 491/1424/2166
f 491/1424/2167 495/1429/2168 492/1425/2169
f 492/1425/2170 496/1430/2171 485/1426/2172
f 496/1430/2173 486/1431/2174 485/1426/2175
f 492/1425/2176 495/1429/2177 497/1432/2178
f 490/1423/2179 497/1432/2180 495/1429/2181
f 492/1425/2182 497/1432/2183 496/1430/2184
f 493/1427/2185 498/1433/2186 490/1423/2187
f 497/1432/2188 490/1423/2189 498/1433/2190
f 458/1434/2191 493/1427/2192 494/1428/2193
f 458/1434/2194 498/1433/2195 493/1427/2196
f 496/1430/2197 499/1435/2198 486/1431/2199
f 496/1430/2200 497/1432/2201 500/1436/2202
f 496/1430/2203 500/1436/2204 499/1435/2205
f 499/1435/2206 501/1437/2207 486/1431/2208
f 500/1436/2209 501/1437/2210 499/1435/2211
f 502/1438/2212 501/1437/2213 500/1436/2214
f 501/1437/2215 503/1439/2216 486/1431/2217
f 497/1432/2218 504/1440/2219 500/1436/2220
f 497/1432/2221 498/1433/2222 504/1440/2223
f 504/1440/2224 502/1438/2225 500/1436/2226
f 498/1433/2227 505/1441/2228 504/1440/2229
f 458/1434/2230 505/1441/2231 498/1433/2232
f 505/1441/2233 502/1438/2234 504/1440/2235
f 459/1442/2236 505/1441/2237 458/1434/2238
f 457/1443/2239 458/1434/2240 494/1428/2241
f 505/1441/2242 459/1442/2243 457/1443/2244
f 506/1444/2245 457/1443/2246 494/1428/2247
f 506/1444/2248 505/1441/2249 457/1443/2250
f 506/1444/2251 502/1438/2252 505/1441/2253
f 506/1444/2254 494/1428/2255 507/1445/2256
f 508/1446/2257 506/1444/2258 507/1445/2259
f 508/1446/2260 502/1438/2261 506/1444/2262
f 508/1446/2263 507/1445/2264 509/1447/2265
f 502/1438/2266 508/1446/2267 510/1448/2268
f 510/1448/2269 508/1446/2270 509/1447/2271
f 502/1438/2272 510/1448/2273 511/1449/2274
f 501/1437/2275 502/1438/2276 511/1449/2277
f 501/1437/2278 511/1449/2279 503/1439/2280
f 510/1448/2281 509/1447/2282 512/1450/2283
f 511/1449/2284 510/1448/2285 512/1450/2286
f 511/1449/2287 512/1450/2288 503/1439/2289
f 512/1450/2290 509/1447/2291 483/1451/2292
f 512/1450/2293 483/1451/2294 482/1452/2295
f 503/1439/2296 512/1450/2297 482/1452/2298
f 503/1439/2299 482/1452/2300 480/1453/2301
f 494/1454/2302 474/1456/2303 460/1455/2304
f 494/1454/2305 488/1457/2306 474/1456/2307
f 486/1458/2308 480/1460/2309 469/1459/2310
f 486/1458/2311 503/1461/2312 480/1460/2313
f 509/1462/2314 465/1464/2315 483/1463/2316
f 509/1462/2317 507/1465/2318 465/1464/2319
f 507/1466/2320 460/1468/2321 465/1467/2322
f 507/1466/2323 494/1469/2324 460/1468/2325
f 465/1470/2326 461/1472/2327 464/1471/2328
f 465/1470/2329 460/1473/2330 461/1472/2331
f 462/1474/2332 464/1476/2333 461/1475/2334
f 462/1474/2335 463/1477/2336 464/1476/2337
f 513/1478/2338 463/1477/2339 462/1474/2340
f 514/1479/2341 513/1478/2342 462/1474/2343
f 514/1479/2344 462/1474/2345 472/1480/2346
f 513/1478/2347 515/1481/2348 463/1477/2349
f 515/1481/2350 484/1482/2351 463/1477/2352
f 516/1483/2353 514/1479/2354 472/1480/2355
f 516/1483/2356 472/1480/2357 473/1484/2358
f 515/1481/2359 517/1485/2360 484/1482/2361
f 517/1485/2362 481/1486/2363 484/1482/2364
f 518/1487/2365 516/1483/2366 473/1484/2367
f 518/1487/2368 473/1484/2369 477/1488/2370
f 517/1485/2371 519/1489/2372 481/1486/2373
f 519/1489/2374 479/1490/2375 481/1486/2376
f 520/1491/2377 518/1487/2378 477/1488/2379
f 520/1491/2380 477/1488/2381 476/1492/2382
f 519/1489/2383 521/1493/2384 479/1490/2385
f 521/1493/2386 471/1494/2387 479/1490/2388
f 522/1495/2389 520/1491/2390 476/1492/2391
f 522/1495/2392 476/1492/2393 466/1496/2394
f 471/1494/2395 466/1496/2396 467/1497/2397
f 471/1494/2398 467/1497/2399 470/1498/2400
f 523/1499/2401 466/1496/2402 471/1494/2403
f 523/1499/2404 522/1495/2405 466/1496/2406
f 521/1493/2407 524/1500/2408 471/1494/2409
f 524/1500/2410 523/1499/2411 471/1494/2412
f 525/1501/2413 519/1489/2414 517/1485/2415
f 526/1502/2416 521/1493/2417 519/1489/2418
f 525/1501/2419 526/1502/2420 519/1489/2421
f 526/1502/2422 527/1503/2423 521/1493/2424
f 527/1503/2425 524/1500/2426 521/1493/2427
f 525/1501/2428 527/1503/2429 526/1502/2430
f 525/1501/2431 528/1504/2432 527/1503/2433
f 529/1505/2434 528/1504/2435 525/1501/2436
f 529/1505/2437 525/1501/2438 517/1485/2439
f 529/1505/2440 517/1485/2441 515/1481/2442
f 530/1506/2443 529/1505/2444 515/1481/2445
f 530/1506/2446 528/1504/2447 529/1505/2448
f 530/1506/2449 515/1481/2450 513/1478/2451
f 531/1507/2452 523/1499/2453 524/1500/2454
f 527/1503/2455 531/1507/2456 524/1500/2457
f 531/1507/2458 532/1508/2459 523/1499/2460
f 527/1503/2461 532/1508/2462 531/1507/2463
f 527/1503/2464 528/1504/2465 532/1508/2466
f 532/1508/2467 522/1495/2468 523/1499/2469
f 532/1508/2470 533/1509/2471 522/1495/2472
f 532/1508/2473 528/1504/2474 533/1509/2475
f 533/1509/2476 520/1491/2477 522/1495/2478
f 533/1509/2479 534/1510/2480 520/1491/2481
f 528/1504/2482 534/1510/2483 533/1509/2484
f 534/1510/2485 518/1487/2486 520/1491/2487
f 534/1510/2488 535/1511/2489 518/1487/2490
f 528/1504/2491 535/1511/2492 534/1510/2493
f 535/1511/2494 516/1483/2495 518/1487/2496
f 528/1504/2497 536/1512/2498 535/1511/2499
f 535/1511/2500 536/1512/2501 516/1483/2502
f 530/1506/2503 536/1512/2504 528/1504/2505
f 536/1512/2506 514/1479/2507 516/1483/2508
f 530/1506/2509 537/1513/2510 536/1512/2511
f 536/1512/2512 537/1513/2513 514/1479/2514
f 537/1513/2515 530/1506/2516 513/1478/2517
f 537/1513/2518 513/1478/2519 514/1479/2520
f 468/1514/2521 470/1516/2522 467/1515/2523
f 468/1514/2524 469/1517/2525 470/1516/2526
g default
v 210.680491 637.946131 -720.404735
v 210.729434 637.946131 -720.286587
v 210.680501 637.946131 -720.404728
v -195.098448 426.071072 -720.246004
v -90.960556 465.450943 -468.833229
v -90.960556 426.071072 -468.833229
v -195.098448 465.450943 -720.246004
v -195.098448 465.450943 -720.317121
v -195.098448 426.071072 -720.317121
v -90.960556 426.071072 -971.729896
v -90.960556 465.450943 -971.729896
v 160.452219 465.450943 -364.695337
v 160.452219 426.071072 -364.695337
v 160.523336 426.071072 -364.695337
v 160.523336 465.450943 -364.695337
v 411.936111 465.450943 -468.833229
v 411.936111 426.071072 -468.833229
v 516.074003 465.450943 -720.246004
v 516.074003 426.071072 -720.246004
v 516.074003 426.071072 -720.317121
v 516.074003 465.450943 -720.317121
v 411.936111 465.450943 -971.729896
v 411.936111 426.071072 -971.729896
v 515.727755 465.450943 -721.153317
v 160.452219 426.071072 -1075.867788
v 160.452219 465.450943 -1075.867788
v 160.523336 465.450943 -1075.867788
v 160.523336 426.071072 -1075.867788
v 160.492802 637.946131 -670.039906
v 160.520133 465.450943 -396.730123
v 160.455422 465.450943 -396.730123
v 160.482753 637.946131 -670.039906
v 160.482753 637.946131 -770.523219
v 160.455422 465.450943 -1043.833002
v 160.520133 465.450943 -1043.833002
v 160.492802 637.946131 -770.523219
v 484.039217 465.450943 -720.313918
v 484.039217 465.450943 -720.249207
v 210.729434 637.946131 -720.276538
v 110.246121 637.946131 -720.276538
v -163.063662 465.450943 -720.249207
v -163.063662 465.450943 -720.313918
v 110.246121 637.946131 -720.286587
v 124.960096 637.946131 -684.753881
v -68.307470 465.450943 -491.486315
v 196.015459 637.946131 -684.753881
v 389.283025 465.450943 -491.486315
v -68.307470 465.450943 -949.076810
v 124.960096 637.946131 -755.809244
v 389.283025 465.450943 -949.076810
v 196.015459 637.946131 -755.809244
v 483.724154 465.450943 -721.074781
v 160.546953 637.946131 -720.340743
v 160.330123 637.946131 -720.439230
v 160.487784 637.946131 -720.281569
v 160.329827 637.946131 -720.340466
v 160.428761 637.946131 -720.340592
v 160.329164 637.946131 -720.122950
v 160.184973 637.946131 -672.806591
v 389.283025 426.071072 -949.076810
v 160.520133 426.071072 -1043.833002
v 484.039217 426.071072 -720.313918
v 160.455422 426.071072 -1043.833002
v 484.039217 426.071072 -720.249207
v -68.307470 426.071072 -949.076810
v 389.283025 426.071072 -491.486315
v -163.063662 426.071072 -720.313918
v 160.520133 426.071072 -396.730123
v -163.063662 426.071072 -720.249207
v 160.455422 426.071072 -396.730123
v -68.307470 426.071072 -491.486315
v 253.720149 426.071072 -627.049191
v 160.500962 426.071072 -588.436542
v 160.487777 426.071072 -720.281562
v 160.474593 426.071072 -588.436542
v 67.255406 426.071072 -627.049191
v 28.642757 426.071072 -720.268378
v 292.332798 426.071072 -720.268378
v 292.332798 426.071072 -720.294747
v 253.720149 426.071072 -813.513934
v 160.500962 426.071072 -852.126583
v 28.642757 426.071072 -720.294747
v 67.255406 426.071072 -813.513934
v 160.474593 426.071072 -852.126583
vt 0.000000 0.000000
vt 0.000060 0.000144
vt 0.000000 0.000000
vt 0.684841 0.071132
vt 0.759372 0.000071
vt 0.684841 0.000071
vt 0.759372 0.071132
vt 0.759372 0.071152
vt 0.684841 0.071152
vt 0.684841 0.142213
vt 0.759372 0.142213
vt 0.533495 0.142213
vt 0.608026 0.142213
vt 0.608026 0.071152
vt 0.533495 0.071152
vt 0.533495 0.071132
vt 0.608026 0.071132
vt 0.608026 0.000071
vt 0.533495 0.000071
vt 0.457822 0.142213
vt 0.532353 0.142213
vt 0.532353 0.071152
vt 0.457822 0.071152
vt 0.457822 0.071132
vt 0.532353 0.071132
vt 0.532353 0.000071
vt 0.457822 0.000071
vt 0.532353 0.070896
vt 0.609168 0.142213
vt 0.683699 0.142213
vt 0.683699 0.071152
vt 0.609168 0.071152
vt 0.609168 0.071132
vt 0.683699 0.071132
vt 0.683699 0.000071
vt 0.609168 0.000071
vt 0.249991 0.157365
vt 0.250005 0.022592
vt 0.249959 0.022592
vt 0.249973 0.157365
vt 0.249973 0.342742
vt 0.249959 0.477515
vt 0.250005 0.477515
vt 0.249991 0.342742
vt 0.342671 0.250063
vt 0.477444 0.250076
vt 0.477444 0.250031
vt 0.342671 0.250044
vt 0.157293 0.250044
vt 0.022521 0.250031
vt 0.022521 0.250076
vt 0.157293 0.250063
vt 0.184439 0.184510
vt 0.089136 0.089207
vt 0.022521 0.250031
vt 0.157293 0.250044
vt 0.249973 0.157365
vt 0.249959 0.022592
vt 0.089136 0.089207
vt 0.184439 0.184510
vt 0.315526 0.184510
vt 0.410829 0.089207
vt 0.250005 0.022592
vt 0.249991 0.157365
vt 0.342671 0.250044
vt 0.477444 0.250031
vt 0.410829 0.089207
vt 0.315526 0.184510
vt 0.157293 0.250063
vt 0.022521 0.250076
vt 0.089136 0.410900
vt 0.184439 0.315597
vt 0.184439 0.315597
vt 0.089136 0.410900
vt 0.249959 0.477515
vt 0.249973 0.342742
vt 0.249991 0.342742
vt 0.250005 0.477515
vt 0.410829 0.410900
vt 0.315526 0.315597
vt 0.315526 0.315597
vt 0.410829 0.410900
vt 0.477222 0.250611
vt 0.342581 0.250281
vt 0.477222 0.250611
vt 0.477444 0.250076
vt 0.342671 0.250063
vt 0.250091 0.250163
vt 0.342581 0.250281
vt 0.342581 0.250281
vt 0.342671 0.250063
vt 0.315526 0.315597
vt 0.249691 0.250344
vt 0.249991 0.342742
vt 0.249973 0.342742
vt 0.184439 0.315597
vt 0.157293 0.250063
vt 0.249982 0.250053
vt 0.342671 0.250044
vt 0.315526 0.184510
vt 0.249691 0.250162
vt 0.157293 0.250044
vt 0.184439 0.184510
vt 0.249873 0.250162
vt 0.249690 0.249761
vt 0.249973 0.157365
vt 0.249424 0.162469
vt 0.249991 0.157365
vt 0.410829 0.410900
vt 0.499721 0.250666
vt 0.477222 0.250611
vt 0.426754 0.426825
vt 0.499964 0.250078
vt 0.250005 0.477515
vt 0.477444 0.250076
vt 0.250007 0.500036
vt 0.499964 0.250028
vt 0.249959 0.477515
vt 0.477444 0.250031
vt 0.249957 0.500036
vt 0.426754 0.073282
vt 0.089136 0.410900
vt 0.410829 0.089207
vt 0.073210 0.426825
vt 0.250007 0.000071
vt 0.022521 0.250076
vt 0.250005 0.022592
vt 0.000000 0.250078
vt 0.249957 0.000071
vt 0.022521 0.250031
vt 0.249959 0.022592
vt 0.000000 0.250028
vt 0.073210 0.073282
vt 0.089136 0.089207
vt 0.410828 0.589172
vt 0.426754 0.573246
vt 0.250007 0.500036
vt 0.250005 0.522557
vt 0.249957 0.500036
vt 0.477443 0.749995
vt 0.499964 0.749993
vt 0.249959 0.522557
vt 0.073210 0.573246
vt 0.477443 0.750041
vt 0.499964 0.750043
vt 0.089136 0.589172
vt 0.000000 0.749993
vt 0.410828 0.910864
vt 0.426754 0.926790
vt 0.022521 0.749995
vt 0.000000 0.750043
vt 0.250005 0.977479
vt 0.250007 1.000000
vt 0.022521 0.750041
vt 0.073210 0.926790
vt 0.249959 0.977479
vt 0.249957 1.000000
vt 0.089136 0.910864
vt 0.315526 0.815562
vt 0.249991 0.842707
vt 0.249982 0.750018
vt 0.249973 0.842707
vt 0.184438 0.815562
vt 0.157293 0.750027
vt 0.342671 0.750027
vt 0.342671 0.750009
vt 0.315526 0.684474
vt 0.249991 0.657329
vt 0.157293 0.750009
vt 0.184438 0.684474
vt 0.249973 0.657329
vn 0.000000 1.000000 0.000000
vn 0.000000 1.000000 0.000000
vn 0.000000 1.000000 0.000000
vn -0.923919 0.000000 0.382589
vn -0.923880 0.000000 0.382681
vn -0.923880 0.000000 0.382681
vn -0.923919 0.000000 0.382589
vn -0.923880 0.000000 0.382681
vn -0.923919 0.000000 0.382589
vn -0.923919 0.000000 -0.382589
vn -0.923919 0.000000 0.382589
vn -0.923919 0.000000 0.382589
vn -0.923919 0.000000 -0.382589
vn -0.923919 0.000000 -0.382589
vn -0.923919 0.000000 0.382589
vn -0.923919 0.000000 -0.382589
vn -0.923880 0.000000 -0.382681
vn -0.923919 0.000000 -0.382589
vn -0.923919 0.000000 -0.382589
vn -0.923880 0.000000 -0.382681
vn -0.923880 0.000000 -0.382681
vn -0.382681 0.000000 0.923880
vn -0.382589 0.000000 0.923919
vn -0.382681 0.000000 0.923880
vn -0.382681 0.000000 0.923880
vn -0.382589 0.000000 0.923919
vn -0.382589 0.000000 0.923919
vn -0.382589 0.000000 0.923919
vn -0.382589 0.000000 0.923919
vn 0.382589 0.000000 0.923919
vn -0.382589 0.000000 0.923919
vn 0.382589 0.000000 0.923919
vn 0.382589 0.000000 0.923919
vn 0.382589 0.000000 0.923919
vn 0.382681 0.000000 0.923880
vn 0.382589 0.000000 0.923919
vn 0.382589 0.000000 0.923919
vn 0.382681 0.000000 0.923880
vn 0.382681 0.000000 0.923880
vn 0.923880 0.000000 0.382681
vn 0.923919 0.000000 0.382589
vn 0.923880 0.000000 0.382681
vn 0.923880 0.000000 0.382681
vn 0.923919 0.000000 0.382589
vn 0.923919 0.000000 0.382589
vn 0.923919 0.000000 0.382589
vn 0.923919 0.000000 0.382589
vn 0.923919 0.000000 -0.382589
vn 0.923919 0.000000 0.382589
vn 0.923919 0.000000 -0.382589
vn 0.923919 0.000000 -0.382589
vn 0.923919 0.000000 -0.382589
vn 0.923880 0.000000 -0.382681
vn 0.923919 0.000000 -0.382589
vn 0.923880 0.000000 -0.382681
vn 0.923919 0.000000 -0.382589
vn 0.923880 0.000000 -0.382681
vn 0.923919 0.000000 -0.382589
vn 0.923880 0.000000 -0.382681
vn 0.923880 0.000000 -0.382681
vn -0.382681 0.000000 -0.923880
vn -0.382589 0.000000 -0.923919
vn -0.382681 0.000000 -0.923880
vn -0.382681 0.000000 -0.923880
vn -0.382589 0.000000 -0.923919
vn -0.382589 0.000000 -0.923919
vn -0.382589 0.000000 -0.923919
vn -0.382589 0.000000 -0.923919
vn 0.382589 0.000000 -0.923919
vn -0.382589 0.000000 -0.923919
vn 0.382589 0.000000 -0.923919
vn 0.382589 0.000000 -0.923919
vn 0.382589 0.000000 -0.923919
vn 0.382681 0.000000 -0.923880
vn 0.382589 0.000000 -0.923919
vn 0.382589 0.000000 -0.923919
vn 0.382681 0.000000 -0.923880
vn 0.382681 0.000000 -0.923880
vn -0.000000 0.845659 0.533724
vn -0.000000 0.845659 0.533724
vn -0.000000 0.845659 0.533724
vn -0.000000 0.845659 0.533724
vn -0.000000 0.845659 0.533724
vn -0.000000 0.845659 0.533724
vn 0.000000 0.845659 -0.533724
vn 0.000000 0.845659 -0.533724
vn 0.000000 0.845659 -0.533724
vn 0.000000 0.845659 -0.533724
vn 0.000000 0.845659 -0.533724
vn 0.000000 0.845659 -0.533724
vn 0.533724 0.845659 0.000000
vn 0.533724 0.845659 0.000000
vn 0.533724 0.845659 0.000000
vn 0.533724 0.845659 0.000000
vn 0.533724 0.845659 0.000000
vn 0.533724 0.845659 0.000000
vn -0.533724 0.845659 0.000000
vn -0.533724 0.845659 0.000000
vn -0.533724 0.845659 0.000000
vn -0.533724 0.845659 0.000000
vn -0.533724 0.845659 0.000000
vn -0.533724 0.845659 0.000000
vn -0.521126 0.825732 0.215856
vn -0.521126 0.825732 0.215857
vn -0.521126 0.825732 0.215857
vn -0.521126 0.825732 0.215856
vn -0.521126 0.825732 0.215857
vn -0.521126 0.825732 0.215857
vn -0.215857 0.825732 0.521126
vn -0.215857 0.825732 0.521126
vn -0.215857 0.825732 0.521126
vn -0.215857 0.825732 0.521126
vn -0.215857 0.825732 0.521126
vn -0.215857 0.825732 0.521126
vn 0.215857 0.825732 0.521126
vn 0.215857 0.825732 0.521126
vn 0.215857 0.825732 0.521126
vn 0.215857 0.825732 0.521126
vn 0.215857 0.825732 0.521126
vn 0.215857 0.825732 0.521126
vn 0.521126 0.825732 0.215856
vn 0.521126 0.825732 0.215857
vn 0.521126 0.825732 0.215857
vn 0.521126 0.825732 0.215856
vn 0.521126 0.825732 0.215856
vn 0.521126 0.825732 0.215857
vn -0.521126 0.825732 -0.215856
vn -0.521126 0.825732 -0.215857
vn -0.521126 0.825732 -0.215857
vn -0.521126 0.825732 -0.215856
vn -0.521126 0.825732 -0.215856
vn -0.521126 0.825732 -0.215857
vn -0.215857 0.825732 -0.521126
vn -0.215857 0.825732 -0.521126
vn -0.215857 0.825732 -0.521126
vn -0.215857 0.825732 -0.521126
vn -0.215857 0.825732 -0.521126
vn -0.215857 0.825732 -0.521126
vn 0.215857 0.825732 -0.521126
vn 0.215857 0.825732 -0.521126
vn 0.215857 0.825732 -0.521126
vn 0.215857 0.825732 -0.521126
vn 0.215857 0.825732 -0.521126
vn 0.215857 0.825732 -0.521126
vn 0.521126 0.825732 -0.215857
vn 0.521126 0.825732 -0.215857
vn 0.521126 0.825732 -0.215857
vn 0.521126 0.825732 -0.215857
vn 0.521126 0.825732 -0.215857
vn 0.521126 0.825732 -0.215857
vn 0.521126 0.825732 -0.215857
vn 0.521130 0.825738 -0.215825
vn 0.521130 0.825738 -0.215825
vn 0.521126 0.825732 -0.215857
vn 0.521130 0.825738 -0.215825
vn 0.521130 0.825738 -0.215825
vn 0.000000 1.000000 0.000000
vn 0.000000 1.000000 0.000000
vn 0.000000 1.000000 0.000000
vn 0.000000 1.000000 0.000000
vn 0.000000 1.000000 0.000000
vn 0.000000 1.000000 0.000000
vn 0.000000 1.000000 0.000000
vn 0.000000 1.000000 0.000000
vn 0.000000 1.000000 0.000000
vn 0.000000 1.000000 0.000000
vn 0.000000 1.000000 0.000000
vn 0.000000 1.000000 0.000000
vn 0.000000 1.000000 0.000000
vn 0.000000 1.000000 0.000000
vn 0.000000 1.000000 0.000000
vn 0.000000 1.000000 0.000000
vn 0.000000 1.000000 0.000000
vn 0.000000 1.000000 0.000000
vn 0.000000 1.000000 0.000000
vn 0.000000 1.000000 0.000000
vn 0.000000 1.000000 0.000000
vn 0.000000 1.000000 0.000000
vn 0.000000 1.000000 0.000000
vn 0.000000 1.000000 0.000000
vn 0.000000 1.000000 0.000000
vn 0.000000 1.000000 0.000000
vn 0.000000 1.000000 0.000000
vn 0.000000 1.000000 0.000000
vn 0.000000 1.000000 0.000000
vn 0.000000 1.000000 0.000000
vn 0.000000 1.000000 0.000000
vn 0.000000 1.000000 0.000000
vn 0.000000 1.000000 0.000000
vn 0.000000 1.000000 0.000000
vn 0.000000 1.000000 0.000000
vn 0.000000 1.000000 0.000000
vn 0.000000 1.000000 0.000000
vn 0.000000 1.000000 0.000000
vn 0.000000 1.000000 0.000000
vn 0.000000 1.000000 0.000000
vn 0.000000 1.000000 0.000000
vn 0.000000 1.000000 0.000000
vn 0.000000 1.000000 0.000000
vn 0.000000 1.000000 0.000000
vn 0.000000 1.000000 0.000000
vn 0.000000 1.000000 0.000000
vn 0.000000 1.000000 0.000000
vn 0.000000 1.000000 0.000000
vn 0.000000 1.000000 0.000000
vn 0.000000 1.000000 0.000000
vn 0.000000 1.000000 0.000000
vn 0.000000 1.000000 0.000000
vn 0.000000 1.000000 0.000000
vn 0.000000 1.000000 0.000000
vn 0.000000 1.000000 0.000000
vn 0.000000 1.000000 0.000000
vn 0.000000 1.000000 0.000000
vn 0.000000 1.000000 0.000000
vn 0.000000 1.000000 0.000000
vn 0.000000 1.000000 0.000000
vn 0.000000 1.000000 0.000000
vn 0.000000 1.000000 0.000000
vn 0.000000 1.000000 0.000000
vn 0.000000 1.000000 0.000000
vn 0.000000 1.000000 0.000000
vn 0.000000 1.000000 0.000000
vn 0.000000 1.000000 0.000000
vn 0.000000 1.000000 0.000000
vn 0.000000 1.000000 0.000000
vn 0.000000 1.000000 0.000000
vn 0.000000 1.000000 0.000000
vn 0.000000 1.000000 0.000000
vn 0.000000 1.000000 0.000000
vn 0.000000 1.000000 0.000000
vn 0.000000 1.000000 0.000000
vn 0.000000 1.000000 0.000000
vn 0.000000 1.000000 0.000000
vn 0.000000 1.000000 0.000000
vn 0.000000 1.000000 0.000000
vn 0.000000 1.000000 0.000000
vn 0.000000 1.000000 0.000000
vn 0.000000 1.000000 0.000000
vn 0.000000 1.000000 0.000000
vn 0.000000 1.000000 0.000000
vn 0.000000 1.000000 0.000000
vn 0.000000 1.000000 0.000000
vn 0.000000 1.000000 0.000000
vn 0.000000 1.000000 0.000000
vn 0.000000 1.000000 0.000000
vn 0.000000 1.000000 0.000000
vn 0.000000 1.000000 0.000000
vn 0.000000 1.000000 0.000000
vn 0.000000 1.000000 0.000000
vn 0.000000 1.000000 0.000000
vn 0.000000 1.000000 0.000000
vn 0.000000 1.000000 0.000000
vn 0.000000 1.000000 0.000000
vn 0.000000 1.000000 0.000000
vn 0.000000 1.000000 0.000000
vn 0.000000 1.000000 0.000000
vn 0.000000 1.000000 0.000000
vn 0.000000 1.000000 0.000000
vn 0.000000 1.000000 0.000000
vn 0.000000 1.000000 0.000000
vn 0.000000 1.000000 0.000000
vn 0.000000 1.000000 0.000000
vn 0.000000 1.000000 0.000000
vn 0.000000 1.000000 0.000000
vn 0.000000 1.000000 0.000000
vn 0.000000 1.000000 0.000000
vn 0.000000 1.000000 0.000000
vn 0.000000 1.000000 0.000000
vn 0.000000 1.000000 0.000000
vn 0.000000 1.000000 0.000000
vn 0.000000 1.000000 0.000000
vn 0.000000 1.000000 0.000000
vn 0.000000 1.000000 0.000000
vn 0.000000 1.000000 0.000000
vn 0.000000 1.000000 0.000000
vn 0.000000 1.000000 0.000000
vn 0.000000 1.000000 0.000000
vn 0.000000 1.000000 0.000000
vn 0.000000 1.000000 0.000000
vn 0.000000 1.000000 0.000000
vn 0.000000 1.000000 0.000000
vn 0.000000 1.000000 0.000000
vn 0.000000 1.000000 0.000000
vn 0.000000 1.000000 0.000000
vn 0.000000 1.000000 0.000000
vn 0.000000 1.000000 0.000000
vn 0.000000 1.000000 0.000000
vn 0.000000 1.000000 0.000000
vn 0.000000 1.000000 0.000000
vn 0.000000 1.000000 0.000000
vn 0.000000 1.000000 0.000000
vn 0.000000 1.000000 0.000000
vn 0.000000 1.000000 0.000000
vn 0.000000 1.000000 0.000000
vn 0.000000 1.000000 0.000000
vn 0.000000 1.000000 0.000000
vn 0.000000 1.000000 0.000000
vn 0.000000 1.000000 0.000000
vn 0.000000 1.000000 0.000000
vn 0.000000 1.000000 0.000000
vn 0.000000 1.000000 0.000000
vn 0.000000 1.000000 0.000000
vn 0.000000 1.000000 0.000000
vn 0.000000 1.000000 0.000000
vn 0.000000 1.000000 0.000000
vn 0.000000 1.000000 0.000000
vn 0.000000 1.000000 0.000000
vn 0.000000 1.000000 0.000000
vn 0.000000 1.000000 0.000000
vn 0.000000 1.000000 0.000000
vn 0.000000 1.000000 0.000000
vn 0.000000 1.000000 0.000000
vn -0.000000 -1.000000 0.000000
vn -0.000000 -1.000000 0.000000
vn -0.000000 -1.000000 0.000000
vn -0.000000 -1.000000 0.000000
vn -0.000000 -1.000000 0.000000
vn -0.000000 -1.000000 0.000000
vn -0.000000 -1.000000 0.000000
vn -0.000000 -1.000000 0.000000
vn -0.000000 -1.000000 0.000000
vn -0.000000 -1.000000 0.000000
vn -0.000000 -1.000000 0.000000
vn -0.000000 -1.000000 0.000000
vn -0.000000 -1.000000 0.000000
vn -0.000000 -1.000000 0.000000
vn -0.000000 -1.000000 0.000000
vn -0.000000 -1.000000 0.000000
vn -0.000000 -1.000000 0.000000
vn -0.000000 -1.000000 0.000000
vn -0.000000 -1.000000 0.000000
vn -0.000000 -1.000000 0.000000
vn -0.000000 -1.000000 0.000000
vn -0.000000 -1.000000 0.000000
vn -0.000000 -1.000000 0.000000
vn -0.000000 -1.000000 0.000000
vn -0.000000 -1.000000 0.000000
vn -0.000000 -1.000000 0.000000
vn -0.000000 -1.000000 0.000000
vn -0.000000 -1.000000 0.000000
vn -0.000000 -1.000000 0.000000
vn -0.000000 -1.000000 0.000000
vn -0.000000 -1.000000 0.000000
vn -0.000000 -1.000000 0.000000
vn -0.000000 -1.000000 0.000000
vn -0.000000 -1.000000 0.000000
vn -0.000000 -1.000000 0.000000
vn -0.000000 -1.000000 0.000000
vn -0.000000 -1.000000 0.000000
vn -0.000000 -1.000000 0.000000
vn -0.000000 -1.000000 0.000000
vn -0.000000 -1.000000 0.000000
vn -0.000000 -1.000000 0.000000
vn -0.000000 -1.000000 0.000000
vn -0.000000 -1.000000 0.000000
vn -0.000000 -1.000000 0.000000
vn -0.000000 -1.000000 0.000000
vn -0.000000 -1.000000 0.000000
vn -0.000000 -1.000000 0.000000
vn -0.000000 -1.000000 0.000000
vn -0.000000 -1.000000 0.000000
vn -0.000000 -1.000000 0.000000
vn -0.000000 -1.000000 0.000000
vn -0.000000 -1.000000 0.000000
vn -0.000000 -1.000000 0.000000
vn -0.000000 -1.000000 0.000000
vn -0.000000 -1.000000 0.000000
vn -0.000000 -1.000000 0.000000
vn -0.000000 -1.000000 0.000000
vn -0.000000 -1.000000 0.000000
vn -0.000000 -1.000000 0.000000
vn -0.000000 -1.000000 0.000000
vn -0.000000 -1.000000 0.000000
vn -0.000000 -1.000000 0.000000
vn -0.000000 -1.000000 0.000000
vn -0.000000 -1.000000 0.000000
vn -0.000000 -1.000000 0.000000
vn -0.000000 -1.000000 0.000000
vn -0.000000 -1.000000 0.000000
vn -0.000000 -1.000000 0.000000
vn -0.000000 -1.000000 0.000000
vn -0.000000 -1.000000 0.000000
vn -0.000000 -1.000000 0.000000
vn -0.000000 -1.000000 0.000000
vn -0.000000 -1.000000 0.000000
vn -0.000000 -1.000000 0.000000
vn -0.000000 -1.000000 0.000000
vn -0.000000 -1.000000 0.000000
vn -0.000000 -1.000000 0.000000
vn -0.000000 -1.000000 0.000000
vn -0.000000 -1.000000 0.000000
vn -0.000000 -1.000000 0.000000
vn -0.000000 -1.000000 0.000000
vn -0.000000 -1.000000 0.000000
vn -0.000000 -1.000000 0.000000
vn -0.000000 -1.000000 0.000000
vn -0.000000 -1.000000 0.000000
vn -0.000000 -1.000000 0.000000
vn -0.000000 -1.000000 0.000000
vn -0.000000 -1.000000 0.000000
vn -0.000000 -1.000000 0.000000
vn -0.000000 -1.000000 0.000000
vn -0.000000 -1.000000 0.000000
vn -0.000000 -1.000000 0.000000
vn -0.000000 -1.000000 0.000000
vn -0.000000 -1.000000 0.000000
vn -0.000000 -1.000000 0.000000
vn -0.000000 -1.000000 0.000000
vn -0.000000 -1.000000 0.000000
vn -0.000000 -1.000000 0.000000
vn -0.000000 -1.000000 0.000000
vn -0.000000 -1.000000 0.000000
vn -0.000000 -1.000000 0.000000
vn -0.000000 -1.000000 0.000000
vn -0.000000 -1.000000 0.000000
vn -0.000000 -1.000000 0.000000
vn -0.000000 -1.000000 0.000000
vn -0.000000 -1.000000 0.000000
vn -0.000000 -1.000000 0.000000
vn -0.000000 -1.000000 0.000000
vn -0.000000 -1.000000 0.000000
vn -0.000000 -1.000000 0.000000
vn -0.000000 -1.000000 0.000000
vn -0.000000 -1.000000 0.000000
vn -0.000000 -1.000000 0.000000
vn -0.000000 -1.000000 0.000000
vn -0.000000 -1.000000 0.000000
vn -0.000000 -1.000000 0.000000
vn -0.000000 -1.000000 0.000000
vn -0.000000 -1.000000 0.000000
vn -0.000000 -1.000000 0.000000
vn -0.000000 -1.000000 0.000000
vn -0.000000 -1.000000 0.000000
vn -0.000000 -1.000000 0.000000
vn -0.000000 -1.000000 0.000000
vn -0.000000 -1.000000 0.000000
vn -0.000000 -1.000000 0.000000
vn -0.000000 -1.000000 0.000000
vn -0.000000 -1.000000 0.000000
vn -0.000000 -1.000000 0.000000
vn -0.000000 -1.000000 0.000000
vn -0.000000 -1.000000 0.000000
vn -0.000000 -1.000000 0.000000
vn -0.000000 -1.000000 0.000000
vn -0.000000 -1.000000 0.000000
vn -0.000000 -1.000000 0.000000
vn -0.000000 -1.000000 0.000000
vn -0.000000 -1.000000 0.000000
vn -0.000000 -1.000000 0.000000
vn -0.000000 -1.000000 0.000000
vn -0.000000 -1.000000 0.000000
vn -0.000000 -1.000000 0.000000
vn -0.000000 -1.000000 0.000000
vn -0.000000 -1.000000 0.000000
vn -0.000000 -1.000000 0.000000
vn -0.000000 -1.000000 0.000000
vn -0.000000 -1.000000 0.000000
vn -0.000000 -1.000000 0.000000
vn -0.000000 -1.000000 0.000000
vn -0.000000 -1.000000 0.000000
vn -0.000000 -1.000000 0.000000
vn -0.000000 -1.000000 0.000000
vn -0.000000 -1.000000 0.000000
vn -0.000000 -1.000000 0.000000
vn -0.000000 -1.000000 0.000000
vn -0.000000 -1.000000 0.000000
vn -0.000000 -1.000000 0.000000
vn -0.000000 -1.000000 0.000000
vn -0.000000 -1.000000 0.000000
vn -0.000000 -1.000000 0.000000
vn -0.000000 -1.000000 0.000000
vn -0.000000 -1.000000 0.000000
vn -0.000000 -1.000000 0.000000
vn -0.000000 -1.000000 0.000000
vn -0.000000 -1.000000 0.000000
vn -0.000000 -1.000000 0.000000
vn -0.000000 -1.000000 0.000000
vn -0.000000 -1.000000 0.000000
vn -0.000000 -1.000000 0.000000
vn -0.000000 -1.000000 0.000000
vn -0.000000 -1.000000 0.000000
vn -0.000000 -1.000000 0.000000
vn -0.000000 -1.000000 0.000000
vn -0.000000 -1.000000 0.000000
vn -0.000000 -1.000000 0.000000
vn -0.000000 -1.000000 0.000000
vn -0.000000 -1.000000 0.000000
vn -0.000000 -1.000000 0.000000
vn -0.000000 -1.000000 0.000000
vn -0.000000 -1.000000 0.000000
vn -0.000000 -1.000000 0.000000
vn -0.000000 -1.000000 0.000000
s off
g gazebo group23 floor1
usemtl floor1SG
f 538/1518/2527 540/1520/2528 539/1519/2529
f 541/1521/2530 543/1523/2531 542/1522/2532
f 541/1521/2533 542/1522/2534 544/1524/2535
f 545/1525/2536 541/1521/2537 544/1524/2538
f 545/1525/2539 546/1526/2540 541/1521/2541
f 545/1525/2542 547/1527/2543 546/1526/2544
f 545/1525/2545 548/1528/2546 547/1527/2547
f 543/1529/2548 549/1531/2549 542/1530/2550
f 543/1529/2551 550/1532/2552 549/1531/2553
f 549/1531/2554 550/1532/2555 551/1533/2556
f 549/1531/2557 551/1533/2558 552/1534/2559
f 551/1533/2560 553/1535/2561 552/1534/2562
f 551/1533/2563 554/1536/2564 553/1535/2565
f 554/1537/2566 555/1539/2567 553/1538/2568
f 554/1537/2569 556/1540/2570 555/1539/2571
f 555/1539/2572 556/1540/2573 557/1541/2574
f 555/1539/2575 557/1541/2576 558/1542/2577
f 557/1541/2578 559/1543/2579 558/1542/2580
f 559/1543/2581 557/1541/2582 560/1544/2583
f 558/1542/2584 559/1543/2585 561/1545/2586
f 548/1546/2587 562/1548/2588 547/1547/2589
f 548/1546/2590 563/1549/2591 562/1548/2592
f 562/1548/2593 563/1549/2594 564/1550/2595
f 562/1548/2596 564/1550/2597 565/1551/2598
f 564/1550/2599 560/1552/2600 565/1551/2601
f 564/1550/2602 559/1553/2603 560/1552/2604
f 566/1554/2605 568/1556/2606 567/1555/2607
f 566/1554/2608 569/1557/2609 568/1556/2610
f 570/1558/2611 572/1560/2612 571/1559/2613
f 570/1558/2614 573/1561/2615 572/1560/2616
f 539/1562/2617 575/1564/2618 574/1563/2619
f 539/1562/2620 576/1565/2621 575/1564/2622
f 577/1566/2623 579/1568/2624 578/1567/2625
f 577/1566/2626 580/1569/2627 579/1568/2628
f 581/1570/2629 578/1572/2630 582/1571/2631
f 581/1570/2632 577/1573/2633 578/1572/2634
f 569/1574/2635 582/1576/2636 568/1575/2637
f 569/1574/2638 581/1577/2639 582/1576/2640
f 583/1578/2641 567/1580/2642 584/1579/2643
f 583/1578/2644 566/1581/2645 567/1580/2646
f 576/1582/2647 584/1584/2648 575/1583/2649
f 576/1582/2650 583/1585/2651 584/1584/2652
f 580/1586/2653 585/1588/2654 579/1587/2655
f 580/1586/2656 586/1589/2657 585/1588/2658
f 586/1590/2659 571/1592/2660 585/1591/2661
f 586/1590/2662 570/1593/2663 571/1592/2664
f 573/1594/2665 587/1596/2666 572/1595/2667
f 573/1594/2668 588/1597/2669 587/1596/2670
f 588/1598/2671 589/1600/2672 587/1599/2673
f 588/1598/2674 538/1601/2675 589/1600/2676
f 538/1601/2677 574/1603/2678 589/1602/2679
f 538/1601/2680 539/1604/2681 574/1603/2682
f 590/1605/2683 540/1607/2684 538/1606/2685
f 540/1607/2686 590/1605/2687 539/1608/2688
f 588/1609/2689 590/1605/2690 538/1606/2691
f 588/1609/2692 591/1610/2693 590/1605/2694
f 573/1611/2695 591/1610/2696 588/1609/2697
f 591/1610/2698 573/1611/2699 570/1612/2700
f 591/1610/2701 570/1612/2702 586/1613/2703
f 580/1614/2704 591/1610/2705 586/1613/2706
f 539/1608/2707 590/1605/2708 592/1615/2709
f 539/1608/2710 592/1615/2711 576/1616/2712
f 576/1616/2713 592/1615/2714 583/1617/2715
f 591/1610/2716 580/1614/2717 593/1618/2718
f 593/1618/2719 580/1614/2720 577/1619/2721
f 581/1620/2722 593/1618/2723 577/1619/2724
f 590/1605/2725 591/1610/2726 594/1621/2727
f 592/1615/2728 590/1605/2729 594/1621/2730
f 594/1621/2731 591/1610/2732 593/1618/2733
f 581/1620/2734 595/1622/2735 593/1618/2736
f 595/1622/2737 594/1621/2738 593/1618/2739
f 595/1622/2740 592/1615/2741 594/1621/2742
f 595/1622/2743 583/1617/2744 592/1615/2745
f 569/1623/2746 595/1622/2747 581/1620/2748
f 583/1617/2749 595/1622/2750 596/1624/2751
f 569/1623/2752 596/1624/2753 595/1622/2754
f 583/1617/2755 596/1624/2756 566/1625/2757
f 566/1625/2758 596/1624/2759 569/1623/2760
f 587/1626/2761 589/1628/2762 561/1627/2763
f 587/1626/2764 561/1627/2765 559/1629/2766
f 589/1628/2767 558/1630/2768 561/1627/2769
f 572/1631/2770 587/1626/2771 559/1629/2772
f 589/1628/2773 574/1632/2774 558/1630/2775
f 572/1631/2776 559/1629/2777 564/1633/2778
f 574/1632/2779 555/1634/2780 558/1630/2781
f 571/1635/2782 572/1631/2783 564/1633/2784
f 574/1632/2785 575/1636/2786 555/1634/2787
f 571/1635/2788 564/1633/2789 563/1637/2790
f 575/1636/2791 553/1638/2792 555/1634/2793
f 585/1639/2794 571/1635/2795 563/1637/2796
f 575/1636/2797 584/1640/2798 553/1638/2799
f 585/1639/2800 563/1637/2801 548/1641/2802
f 584/1640/2803 552/1642/2804 553/1638/2805
f 579/1643/2806 585/1639/2807 548/1641/2808
f 584/1640/2809 567/1644/2810 552/1642/2811
f 579/1643/2812 548/1641/2813 545/1645/2814
f 567/1644/2815 549/1646/2816 552/1642/2817
f 578/1647/2818 579/1643/2819 545/1645/2820
f 567/1644/2821 568/1648/2822 549/1646/2823
f 578/1647/2824 545/1645/2825 544/1649/2826
f 568/1648/2827 542/1650/2828 549/1646/2829
f 582/1651/2830 578/1647/2831 544/1649/2832
f 568/1648/2833 582/1651/2834 542/1650/2835
f 582/1651/2836 544/1649/2837 542/1650/2838
f 597/1652/2839 565/1654/2840 560/1653/2841
f 597/1652/2842 598/1655/2843 565/1654/2844
f 598/1655/2845 562/1656/2846 565/1654/2847
f 599/1657/2848 597/1652/2849 560/1653/2850
f 599/1657/2851 560/1653/2852 557/1658/2853
f 598/1655/2854 600/1659/2855 562/1656/2856
f 600/1659/2857 547/1660/2858 562/1656/2859
f 601/1661/2860 599/1657/2861 557/1658/2862
f 601/1661/2863 557/1658/2864 556/1662/2865
f 600/1659/2866 602/1663/2867 547/1660/2868
f 602/1663/2869 546/1664/2870 547/1660/2871
f 603/1665/2872 601/1661/2873 556/1662/2874
f 603/1665/2875 556/1662/2876 554/1666/2877
f 602/1663/2878 604/1667/2879 546/1664/2880
f 604/1667/2881 541/1668/2882 546/1664/2883
f 605/1669/2884 603/1665/2885 554/1666/2886
f 605/1669/2887 554/1666/2888 551/1670/2889
f 604/1667/2890 606/1671/2891 541/1668/2892
f 606/1671/2893 543/1672/2894 541/1668/2895
f 607/1673/2896 605/1669/2897 551/1670/2898
f 607/1673/2899 551/1670/2900 550/1674/2901
f 608/1675/2902 550/1674/2903 543/1672/2904
f 606/1671/2905 608/1675/2906 543/1672/2907
f 608/1675/2908 607/1673/2909 550/1674/2910
f 609/1676/2911 601/1661/2912 603/1665/2913
f 610/1677/2914 603/1665/2915 605/1669/2916
f 610/1677/2917 609/1676/2918 603/1665/2919
f 611/1678/2920 609/1676/2921 610/1677/2922
f 611/1678/2923 610/1677/2924 612/1679/2925
f 612/1679/2926 610/1677/2927 605/1669/2928
f 612/1679/2929 605/1669/2930 607/1673/2931
f 613/1680/2932 612/1679/2933 607/1673/2934
f 613/1680/2935 607/1673/2936 608/1675/2937
f 611/1678/2938 612/1679/2939 613/1680/2940
f 614/1681/2941 613/1680/2942 608/1675/2943
f 614/1681/2944 608/1675/2945 606/1671/2946
f 614/1681/2947 611/1678/2948 613/1680/2949
f 609/1676/2950 615/1682/2951 601/1661/2952
f 615/1682/2953 599/1657/2954 601/1661/2955
f 616/1683/2956 615/1682/2957 609/1676/2958
f 615/1682/2959 616/1683/2960 599/1657/2961
f 616/1683/2962 609/1676/2963 611/1678/2964
f 616/1683/2965 597/1652/2966 599/1657/2967
f 616/1683/2968 617/1684/2969 597/1652/2970
f 616/1683/2971 611/1678/2972 617/1684/2973
f 617/1684/2974 598/1655/2975 597/1652/2976
f 617/1684/2977 618/1685/2978 598/1655/2979
f 617/1684/2980 611/1678/2981 618/1685/2982
f 618/1685/2983 600/1659/2984 598/1655/2985
f 619/1686/2986 614/1681/2987 606/1671/2988
f 619/1686/2989 606/1671/2990 604/1667/2991
f 620/1687/2992 611/1678/2993 614/1681/2994
f 620/1687/2995 614/1681/2996 619/1686/2997
f 620/1687/2998 619/1686/2999 604/1667/3000
f 618/1685/3001 611/1678/3002 620/1687/3003
f 620/1687/3004 604/1667/3005 602/1663/3006
f 618/1685/3007 621/1688/3008 600/1659/3009
f 618/1685/3010 620/1687/3011 621/1688/3012
f 621/1688/3013 602/1663/3014 600/1659/3015
f 621/1688/3016 620/1687/3017 602/1663/3018
g default
v -49.066601 39.574691 -962.489915
v -49.066601 145.198006 -962.489915
v -47.309790 145.198006 -958.097536
v -47.309790 39.574691 -958.097536
v -44.674255 145.198006 -964.246733
v -42.917424 145.198006 -959.854369
v -44.674255 39.574691 -964.246733
v -42.917424 39.574691 -959.854369
v -23.654275 39.574691 -973.015298
v -23.654275 145.198006 -973.015298
v -21.897444 145.198006 -968.622934
v -21.897444 39.574691 -968.622934
v -19.261918 145.198006 -974.772131
v -17.505082 145.198006 -970.379767
v -19.261918 39.574691 -974.772131
v -17.505082 39.574691 -970.379767
v 1.758047 39.574691 -983.540695
v 1.758047 145.198006 -983.540695
v 3.514895 145.198006 -979.148331
v 3.514895 39.574691 -979.148331
v 6.150426 145.198006 -985.297529
v 7.907242 145.198006 -980.905149
v 6.150426 39.574691 -985.297529
v 7.907242 39.574691 -980.905149
v 27.170389 39.574691 -994.066077
v 27.170389 145.198006 -994.066077
v 28.927207 145.198006 -989.673745
v 28.927207 39.574691 -989.673745
v 31.562761 145.198006 -995.822911
v 33.319594 145.198006 -991.430547
v 31.562761 39.574691 -995.822911
v 33.319594 39.574691 -991.430547
v 52.582732 39.574691 -1004.591491
v 52.582732 145.198006 -1004.591491
v 54.339541 145.198006 -1000.199126
v 54.339541 39.574691 -1000.199126
v 56.975095 145.198006 -1006.348324
v 58.731906 145.198006 -1001.955960
v 56.975095 39.574691 -1006.348324
v 58.731906 39.574691 -1001.955960
v 77.995041 39.574691 -1015.116902
v 77.995041 145.198006 -1015.116902
v 79.751890 145.198006 -1010.724539
v 79.751890 39.574691 -1010.724539
v 82.387428 145.198006 -1016.873705
v 84.144246 145.198006 -1012.481372
v 82.387428 39.574691 -1016.873705
v 84.144246 39.574691 -1012.481372
v 103.407398 39.574691 -1025.642285
v 103.407398 145.198006 -1025.642285
v 105.164209 145.198006 -1021.249950
v 105.164209 39.574691 -1021.249950
v 107.799754 145.198006 -1027.399118
v 109.556580 145.198006 -1023.006754
v 107.799754 39.574691 -1027.399118
v 109.556580 39.574691 -1023.006754
v 128.819714 39.574691 -1036.167697
v 128.819714 145.198006 -1036.167697
v 130.576545 145.198006 -1031.775333
v 130.576545 39.574691 -1031.775333
v 133.212091 145.198006 -1037.924498
v 134.968892 145.198006 -1033.532134
v 133.212091 39.574691 -1037.924498
v 134.968892 39.574691 -1033.532134
v -67.046490 138.594432 -956.169584
v -67.046490 149.711361 -956.169584
v -64.182205 149.711361 -949.254575
v -64.182205 138.594432 -949.254575
v 152.977132 149.711361 -1047.306352
v 155.841427 149.711361 -1040.391343
v 152.977132 138.594432 -1047.306352
v 155.841427 138.594432 -1040.391343
vt 0.688410 0.001992
vt 0.688410 0.321030
vt 0.701678 0.321030
vt 0.701678 0.001992
vt 0.482641 0.692237
vt 0.495908 0.697544
vt 0.501215 0.684276
vt 0.487947 0.678970
vt 0.721757 0.321030
vt 0.721757 0.001992
vt 0.708490 0.001992
vt 0.708490 0.321030
vt 0.471588 0.678970
vt 0.458321 0.684276
vt 0.463627 0.697544
vt 0.476894 0.692237
vt 0.728570 0.001992
vt 0.728570 0.321030
vt 0.741837 0.321030
vt 0.741837 0.001992
vt 0.761917 0.321030
vt 0.761917 0.001992
vt 0.748650 0.001992
vt 0.748650 0.321030
vt 0.768729 0.001992
vt 0.768729 0.321030
vt 0.781997 0.321030
vt 0.781997 0.001992
vt 0.434000 0.692237
vt 0.447268 0.697544
vt 0.452574 0.684276
vt 0.439307 0.678970
vt 0.802076 0.321030
vt 0.802076 0.001992
vt 0.788809 0.001992
vt 0.788809 0.321030
vt 0.422947 0.678970
vt 0.409680 0.684276
vt 0.414987 0.697544
vt 0.428254 0.692237
vt 0.808889 0.001992
vt 0.808889 0.321030
vt 0.822156 0.321030
vt 0.822156 0.001992
vt 0.842236 0.321030
vt 0.842236 0.001992
vt 0.828968 0.001992
vt 0.828968 0.321030
vt 0.849048 0.001992
vt 0.849048 0.321030
vt 0.862315 0.321030
vt 0.862315 0.001992
vt 0.385360 0.692237
vt 0.398627 0.697544
vt 0.403934 0.684276
vt 0.390666 0.678970
vt 0.882395 0.321030
vt 0.882395 0.001992
vt 0.869128 0.001992
vt 0.869128 0.321030
vt 0.374307 0.678970
vt 0.361040 0.684276
vt 0.366346 0.697544
vt 0.379613 0.692237
vt 0.889208 0.001992
vt 0.889208 0.321030
vt 0.902475 0.321030
vt 0.902475 0.001992
vt 0.922555 0.321030
vt 0.922555 0.001992
vt 0.909287 0.001992
vt 0.909287 0.321030
vt 0.921488 0.324769
vt 0.921488 0.643807
vt 0.934756 0.643807
vt 0.934756 0.324769
vt 0.349987 0.697544
vt 0.355293 0.684276
vt 0.342026 0.678970
vt 0.336719 0.692237
vt 0.915742 0.643807
vt 0.915742 0.324769
vt 0.902475 0.324769
vt 0.902475 0.643807
vt 0.312399 0.684276
vt 0.317706 0.697544
vt 0.330973 0.692237
vt 0.325666 0.678970
vt 0.883461 0.324769
vt 0.883461 0.643807
vt 0.896728 0.643807
vt 0.896728 0.324769
vt 0.877715 0.643807
vt 0.877715 0.324769
vt 0.864447 0.324769
vt 0.864447 0.643807
vt 0.845434 0.324769
vt 0.845434 0.643807
vt 0.858701 0.643807
vt 0.858701 0.324769
vt 0.239439 0.692237
vt 0.252706 0.697544
vt 0.258012 0.684276
vt 0.244745 0.678970
vt 0.839687 0.643807
vt 0.839687 0.324769
vt 0.826420 0.324769
vt 0.826420 0.643807
vt 0.228386 0.678970
vt 0.215118 0.684276
vt 0.220425 0.697544
vt 0.233692 0.692237
vt 0.807406 0.324769
vt 0.807406 0.643807
vt 0.820673 0.643807
vt 0.820673 0.324769
vt 0.801660 0.643807
vt 0.801660 0.324769
vt 0.788392 0.324769
vt 0.788392 0.643807
vt 0.769379 0.324769
vt 0.769379 0.643807
vt 0.782646 0.643807
vt 0.782646 0.324769
vt 0.301346 0.697544
vt 0.306653 0.684276
vt 0.293386 0.678970
vt 0.288079 0.692237
vt 0.763632 0.643807
vt 0.763632 0.324769
vt 0.750365 0.324769
vt 0.750365 0.643807
vt 0.263759 0.684276
vt 0.269065 0.697544
vt 0.282333 0.692237
vt 0.277026 0.678970
vt 0.731351 0.324769
vt 0.731351 0.643807
vt 0.744619 0.643807
vt 0.744619 0.324769
vt 0.725605 0.643807
vt 0.725605 0.324769
vt 0.712338 0.324769
vt 0.712338 0.643807
vt 0.693324 0.324769
vt 0.693324 0.643807
vt 0.706591 0.643807
vt 0.706591 0.324769
vt 0.204065 0.697544
vt 0.209372 0.684276
vt 0.196105 0.678970
vt 0.190798 0.692237
vt 0.687578 0.989356
vt 0.687578 0.670318
vt 0.674310 0.670318
vt 0.674310 0.989356
vt 0.166478 0.684276
vt 0.171785 0.697544
vt 0.185052 0.692237
vt 0.179745 0.678970
vt 0.655297 0.670318
vt 0.655297 0.989356
vt 0.668564 0.989356
vt 0.668564 0.670318
vt 0.649550 0.989356
vt 0.649550 0.670318
vt 0.636283 0.670318
vt 0.636283 0.989356
vt 0.617269 0.670318
vt 0.617269 0.989356
vt 0.630536 0.989356
vt 0.630536 0.670318
vt 0.155425 0.697544
vt 0.160732 0.684276
vt 0.147465 0.678970
vt 0.142158 0.692237
vt 0.611523 0.998008
vt 0.611523 0.678970
vt 0.598256 0.678970
vt 0.598256 0.998008
vt 0.117838 0.684276
vt 0.123144 0.697544
vt 0.136412 0.692237
vt 0.131105 0.678970
vt 0.579242 0.678970
vt 0.579242 0.998008
vt 0.592509 0.998008
vt 0.592509 0.678970
vt 0.573495 0.998008
vt 0.573495 0.678970
vt 0.560228 0.678970
vt 0.560228 0.998008
vt 0.533595 0.678970
vt 0.533595 0.712549
vt 0.554482 0.712549
vt 0.554482 0.678970
vt 0.325957 0.675231
vt 0.601238 0.010644
vt 0.580351 0.001992
vt 0.305070 0.666580
vt 0.527848 0.712549
vt 0.527848 0.678970
vt 0.506961 0.678970
vt 0.506961 0.712549
vt 0.001866 0.010644
vt 0.277147 0.675231
vt 0.298034 0.666580
vt 0.022753 0.001992
vt 0.608091 0.666580
vt 0.641670 0.666580
vt 0.641670 0.001992
vt 0.608091 0.001992
vt 0.681830 0.001992
vt 0.648251 0.001992
vt 0.648251 0.666580
vt 0.681830 0.666580
vn -0.928486 -0.000000 0.371366
vn -0.928486 -0.000000 0.371366
vn -0.928486 -0.000000 0.371366
vn -0.928486 -0.000000 0.371366
vn -0.928486 -0.000000 0.371366
vn -0.928486 -0.000000 0.371366
vn -0.000000 1.000000 0.000000
vn -0.000000 1.000000 0.000000
vn -0.000000 1.000000 0.000000
vn -0.000000 1.000000 0.000000
vn -0.000000 1.000000 0.000000
vn -0.000000 1.000000 0.000000
vn 0.928485 0.000000 -0.371370
vn 0.928485 0.000000 -0.371370
vn 0.928485 0.000000 -0.371370
vn 0.928485 0.000000 -0.371370
vn 0.928485 0.000000 -0.371370
vn 0.928485 0.000000 -0.371370
vn 0.000000 -1.000000 0.000000
vn 0.000000 -1.000000 0.000000
vn 0.000000 -1.000000 0.000000
vn 0.000000 -1.000000 0.000000
vn 0.000000 -1.000000 0.000000
vn 0.000000 -1.000000 0.000000
vn 0.371369 -0.000000 0.928486
vn 0.371369 -0.000000 0.928486
vn 0.371369 -0.000000 0.928486
vn 0.371369 -0.000000 0.928486
vn 0.371369 -0.000000 0.928486
vn 0.371369 -0.000000 0.928486
vn -0.371366 0.000000 -0.928486
vn -0.371366 0.000000 -0.928486
vn -0.371366 0.000000 -0.928486
vn -0.371366 0.000000 -0.928486
vn -0.371366 0.000000 -0.928486
vn -0.371366 0.000000 -0.928486
vn -0.928485 -0.000000 0.371370
vn -0.928485 -0.000000 0.371370
vn -0.928485 -0.000000 0.371370
vn -0.928485 -0.000000 0.371370
vn -0.928485 -0.000000 0.371370
vn -0.928485 -0.000000 0.371370
vn -0.000000 1.000000 0.000000
vn -0.000000 1.000000 0.000000
vn -0.000000 1.000000 0.000000
vn -0.000000 1.000000 0.000000
vn -0.000000 1.000000 0.000000
vn -0.000000 1.000000 0.000000
vn 0.928485 0.000000 -0.371369
vn 0.928485 0.000000 -0.371369
vn 0.928485 0.000000 -0.371369
vn 0.928485 0.000000 -0.371369
vn 0.928485 0.000000 -0.371369
vn 0.928485 0.000000 -0.371369
vn 0.000000 -1.000000 0.000000
vn 0.000000 -1.000000 0.000000
vn 0.000000 -1.000000 0.000000
vn 0.000000 -1.000000 0.000000
vn 0.000000 -1.000000 0.000000
vn 0.000000 -1.000000 0.000000
vn 0.371369 -0.000000 0.928486
vn 0.371369 -0.000000 0.928486
vn 0.371369 -0.000000 0.928486
vn 0.371369 -0.000000 0.928486
vn 0.371369 -0.000000 0.928486
vn 0.371369 -0.000000 0.928486
vn -0.371372 0.000000 -0.928484
vn -0.371372 0.000000 -0.928484
vn -0.371372 0.000000 -0.928484
vn -0.371372 0.000000 -0.928484
vn -0.371372 0.000000 -0.928484
vn -0.371372 0.000000 -0.928484
vn -0.928484 -0.000000 0.371373
vn -0.928484 -0.000000 0.371373
vn -0.928484 -0.000000 0.371373
vn -0.928484 -0.000000 0.371373
vn -0.928484 -0.000000 0.371373
vn -0.928484 -0.000000 0.371373
vn -0.000000 1.000000 0.000000
vn -0.000000 1.000000 0.000000
vn -0.000000 1.000000 0.000000
vn -0.000000 1.000000 0.000000
vn -0.000000 1.000000 0.000000
vn -0.000000 1.000000 0.000000
vn 0.928486 0.000000 -0.371366
vn 0.928486 0.000000 -0.371366
vn 0.928486 0.000000 -0.371366
vn 0.928486 0.000000 -0.371366
vn 0.928486 0.000000 -0.371366
vn 0.928486 0.000000 -0.371366
vn 0.000000 -1.000000 0.000000
vn 0.000000 -1.000000 0.000000
vn 0.000000 -1.000000 0.000000
vn 0.000000 -1.000000 0.000000
vn 0.000000 -1.000000 0.000000
vn 0.000000 -1.000000 0.000000
vn 0.371370 -0.000000 0.928485
vn 0.371370 -0.000000 0.928485
vn 0.371370 -0.000000 0.928485
vn 0.371370 -0.000000 0.928485
vn 0.371370 -0.000000 0.928485
vn 0.371370 -0.000000 0.928485
vn -0.371371 0.000000 -0.928485
vn -0.371371 0.000000 -0.928485
vn -0.371371 0.000000 -0.928485
vn -0.371371 0.000000 -0.928485
vn -0.371371 0.000000 -0.928485
vn -0.371371 0.000000 -0.928485
vn -0.928485 -0.000000 0.371369
vn -0.928485 -0.000000 0.371369
vn -0.928485 -0.000000 0.371369
vn -0.928485 -0.000000 0.371369
vn -0.928485 -0.000000 0.371369
vn -0.928485 -0.000000 0.371369
vn -0.000000 1.000000 0.000000
vn -0.000000 1.000000 0.000000
vn -0.000000 1.000000 0.000000
vn -0.000000 1.000000 0.000000
vn -0.000000 1.000000 0.000000
vn -0.000000 1.000000 0.000000
vn 0.928485 0.000000 -0.371370
vn 0.928485 0.000000 -0.371370
vn 0.928485 0.000000 -0.371370
vn 0.928485 0.000000 -0.371370
vn 0.928485 0.000000 -0.371370
vn 0.928485 0.000000 -0.371370
vn 0.000000 -1.000000 0.000000
vn 0.000000 -1.000000 0.000000
vn 0.000000 -1.000000 0.000000
vn 0.000000 -1.000000 0.000000
vn 0.000000 -1.000000 0.000000
vn 0.000000 -1.000000 0.000000
vn 0.371363 -0.000000 0.928488
vn 0.371363 -0.000000 0.928488
vn 0.371363 -0.000000 0.928488
vn 0.371363 -0.000000 0.928488
vn 0.371363 -0.000000 0.928488
vn 0.371363 -0.000000 0.928488
vn -0.371368 0.000000 -0.928486
vn -0.371368 0.000000 -0.928486
vn -0.371368 0.000000 -0.928486
vn -0.371368 0.000000 -0.928486
vn -0.371368 0.000000 -0.928486
vn -0.371368 0.000000 -0.928486
vn -0.928486 -0.000000 0.371366
vn -0.928486 -0.000000 0.371366
vn -0.928486 -0.000000 0.371366
vn -0.928486 -0.000000 0.371366
vn -0.928486 -0.000000 0.371366
vn -0.928486 -0.000000 0.371366
vn -0.000000 1.000000 0.000000
vn -0.000000 1.000000 0.000000
vn -0.000000 1.000000 0.000000
vn -0.000000 1.000000 0.000000
vn -0.000000 1.000000 0.000000
vn -0.000000 1.000000 0.000000
vn 0.928486 0.000000 -0.371366
vn 0.928486 0.000000 -0.371366
vn 0.928486 0.000000 -0.371366
vn 0.928486 0.000000 -0.371366
vn 0.928486 0.000000 -0.371366
vn 0.928486 0.000000 -0.371366
vn 0.000000 -1.000000 0.000000
vn 0.000000 -1.000000 0.000000
vn 0.000000 -1.000000 0.000000
vn 0.000000 -1.000000 0.000000
vn 0.000000 -1.000000 0.000000
vn 0.000000 -1.000000 0.000000
vn 0.371369 -0.000000 0.928486
vn 0.371369 -0.000000 0.928486
vn 0.371369 -0.000000 0.928486
vn 0.371369 -0.000000 0.928486
vn 0.371369 -0.000000 0.928486
vn 0.371369 -0.000000 0.928486
vn -0.371369 0.000000 -0.928486
vn -0.371369 0.000000 -0.928486
vn -0.371369 0.000000 -0.928486
vn -0.371369 0.000000 -0.928486
vn -0.371369 0.000000 -0.928486
vn -0.371369 0.000000 -0.928486
vn -0.928484 -0.000000 0.371373
vn -0.928484 -0.000000 0.371373
vn -0.928484 -0.000000 0.371373
vn -0.928484 -0.000000 0.371373
vn -0.928484 -0.000000 0.371373
vn -0.928484 -0.000000 0.371373
vn -0.000000 1.000000 0.000000
vn -0.000000 1.000000 0.000000
vn -0.000000 1.000000 0.000000
vn -0.000000 1.000000 0.000000
vn -0.000000 1.000000 0.000000
vn -0.000000 1.000000 0.000000
vn 0.928485 0.000000 -0.371369
vn 0.928485 0.000000 -0.371369
vn 0.928485 0.000000 -0.371369
vn 0.928485 0.000000 -0.371369
vn 0.928485 0.000000 -0.371369
vn 0.928485 0.000000 -0.371369
vn 0.000000 -1.000000 0.000000
vn 0.000000 -1.000000 0.000000
vn 0.000000 -1.000000 0.000000
vn 0.000000 -1.000000 0.000000
vn 0.000000 -1.000000 0.000000
vn 0.000000 -1.000000 0.000000
vn 0.371369 -0.000000 0.928485
vn 0.371369 -0.000000 0.928485
vn 0.371369 -0.000000 0.928485
vn 0.371369 -0.000000 0.928485
vn 0.371369 -0.000000 0.928485
vn 0.371369 -0.000000 0.928485
vn -0.371363 0.000000 -0.928488
vn -0.371363 0.000000 -0.928488
vn -0.371363 0.000000 -0.928488
vn -0.371363 0.000000 -0.928488
vn -0.371363 0.000000 -0.928488
vn -0.371363 0.000000 -0.928488
vn -0.928485 -0.000000 0.371369
vn -0.928485 -0.000000 0.371369
vn -0.928485 -0.000000 0.371369
vn -0.928485 -0.000000 0.371369
vn -0.928485 -0.000000 0.371369
vn -0.928485 -0.000000 0.371369
vn -0.000000 1.000000 0.000000
vn -0.000000 1.000000 0.000000
vn -0.000000 1.000000 0.000000
vn -0.000000 1.000000 0.000000
vn -0.000000 1.000000 0.000000
vn -0.000000 1.000000 0.000000
vn 0.928485 0.000000 -0.371369
vn 0.928485 0.000000 -0.371369
vn 0.928485 0.000000 -0.371369
vn 0.928485 0.000000 -0.371369
vn 0.928485 0.000000 -0.371369
vn 0.928485 0.000000 -0.371369
vn 0.000000 -1.000000 0.000000
vn 0.000000 -1.000000 0.000000
vn 0.000000 -1.000000 0.000000
vn 0.000000 -1.000000 0.000000
vn 0.000000 -1.000000 0.000000
vn 0.000000 -1.000000 0.000000
vn 0.371364 -0.000000 0.928487
vn 0.371364 -0.000000 0.928487
vn 0.371364 -0.000000 0.928487
vn 0.371364 -0.000000 0.928487
vn 0.371364 -0.000000 0.928487
vn 0.371364 -0.000000 0.928487
vn -0.371373 0.000000 -0.928484
vn -0.371373 0.000000 -0.928484
vn -0.371373 0.000000 -0.928484
vn -0.371373 0.000000 -0.928484
vn -0.371373 0.000000 -0.928484
vn -0.371373 0.000000 -0.928484
vn -0.928485 -0.000000 0.371370
vn -0.928485 -0.000000 0.371370
vn -0.928485 -0.000000 0.371370
vn -0.928485 -0.000000 0.371370
vn -0.928485 -0.000000 0.371370
vn -0.928485 -0.000000 0.371370
vn -0.000000 1.000000 0.000000
vn -0.000000 1.000000 0.000000
vn -0.000000 1.000000 0.000000
vn -0.000000 1.000000 0.000000
vn -0.000000 1.000000 0.000000
vn -0.000000 1.000000 0.000000
vn 0.928487 0.000000 -0.371365
vn 0.928487 0.000000 -0.371365
vn 0.928487 0.000000 -0.371365
vn 0.928487 0.000000 -0.371365
vn 0.928487 0.000000 -0.371365
vn 0.928487 0.000000 -0.371365
vn 0.000000 -1.000000 0.000000
vn 0.000000 -1.000000 0.000000
vn 0.000000 -1.000000 0.000000
vn 0.000000 -1.000000 0.000000
vn 0.000000 -1.000000 0.000000
vn 0.000000 -1.000000 0.000000
vn 0.371366 -0.000000 0.928486
vn 0.371366 -0.000000 0.928486
vn 0.371366 -0.000000 0.928486
vn 0.371366 -0.000000 0.928486
vn 0.371366 -0.000000 0.928486
vn 0.371366 -0.000000 0.928486
vn -0.371364 0.000000 -0.928487
vn -0.371364 0.000000 -0.928487
vn -0.371364 0.000000 -0.928487
vn -0.371364 0.000000 -0.928487
vn -0.371364 0.000000 -0.928487
vn -0.371364 0.000000 -0.928487
vn -0.923879 -0.000000 0.382684
vn -0.923879 -0.000000 0.382684
vn -0.923879 -0.000000 0.382684
vn -0.923879 -0.000000 0.382684
vn -0.923879 -0.000000 0.382684
vn -0.923879 -0.000000 0.382684
vn -0.000000 1.000000 0.000000
vn -0.000000 1.000000 0.000000
vn -0.000000 1.000000 0.000000
vn -0.000000 1.000000 0.000000
vn -0.000000 1.000000 0.000000
vn -0.000000 1.000000 0.000000
vn 0.923879 0.000000 -0.382684
vn 0.923879 0.000000 -0.382684
vn 0.923879 0.000000 -0.382684
vn 0.923879 0.000000 -0.382684
vn 0.923879 0.000000 -0.382684
vn 0.923879 0.000000 -0.382684
vn 0.000000 -1.000000 0.000000
vn 0.000000 -1.000000 0.000000
vn 0.000000 -1.000000 0.000000
vn 0.000000 -1.000000 0.000000
vn 0.000000 -1.000000 0.000000
vn 0.000000 -1.000000 0.000000
vn 0.382683 -0.000000 0.923880
vn 0.382683 -0.000000 0.923880
vn 0.382683 -0.000000 0.923880
vn 0.382683 -0.000000 0.923880
vn 0.382683 -0.000000 0.923880
vn 0.382683 -0.000000 0.923880
vn -0.382683 0.000000 -0.923880
vn -0.382683 0.000000 -0.923880
vn -0.382683 0.000000 -0.923880
vn -0.382683 0.000000 -0.923880
vn -0.382683 0.000000 -0.923880
vn -0.382683 0.000000 -0.923880
s off
g gazebo group23 pCube33
usemtl pCube37SG
f 622/1689/3019 624/1691/3020 623/1690/3021
f 622/1689/3022 625/1692/3023 624/1691/3024
f 623/1693/3025 627/1695/3026 626/1694/3027
f 623/1693/3028 624/1696/3029 627/1695/3030
f 626/1697/3031 629/1699/3032 628/1698/3033
f 626/1697/3034 627/1700/3035 629/1699/3036
f 628/1701/3037 625/1703/3038 622/1702/3039
f 628/1701/3040 629/1704/3041 625/1703/3042
f 625/1705/3043 627/1707/3044 624/1706/3045
f 625/1705/3046 629/1708/3047 627/1707/3048
f 628/1709/3049 623/1711/3050 626/1710/3051
f 628/1709/3052 622/1712/3053 623/1711/3054
f 630/1713/3055 632/1715/3056 631/1714/3057
f 630/1713/3058 633/1716/3059 632/1715/3060
f 631/1717/3061 635/1719/3062 634/1718/3063
f 631/1717/3064 632/1720/3065 635/1719/3066
f 634/1721/3067 637/1723/3068 636/1722/3069
f 634/1721/3070 635/1724/3071 637/1723/3072
f 636/1725/3073 633/1727/3074 630/1726/3075
f 636/1725/3076 637/1728/3077 633/1727/3078
f 633/1729/3079 635/1731/3080 632/1730/3081
f 633/1729/3082 637/1732/3083 635/1731/3084
f 636/1733/3085 631/1735/3086 634/1734/3087
f 636/1733/3088 630/1736/3089 631/1735/3090
f 638/1737/3091 640/1739/3092 639/1738/3093
f 638/1737/3094 641/1740/3095 640/1739/3096
f 639/1741/3097 643/1743/3098 642/1742/3099
f 639/1741/3100 640/1744/3101 643/1743/3102
f 642/1745/3103 645/1747/3104 644/1746/3105
f 642/1745/3106 643/1748/3107 645/1747/3108
f 644/1749/3109 641/1751/3110 638/1750/3111
f 644/1749/3112 645/1752/3113 641/1751/3114
f 641/1753/3115 643/1755/3116 640/1754/3117
f 641/1753/3118 645/1756/3119 643/1755/3120
f 644/1757/3121 639/1759/3122 642/1758/3123
f 644/1757/3124 638/1760/3125 639/1759/3126
f 646/1761/3127 648/1763/3128 647/1762/3129
f 646/1761/3130 649/1764/3131 648/1763/3132
f 647/1765/3133 651/1767/3134 650/1766/3135
f 647/1765/3136 648/1768/3137 651/1767/3138
f 650/1769/3139 653/1771/3140 652/1770/3141
f 650/1769/3142 651/1772/3143 653/1771/3144
f 652/1773/3145 649/1775/3146 646/1774/3147
f 652/1773/3148 653/1776/3149 649/1775/3150
f 649/1777/3151 651/1779/3152 648/1778/3153
f 649/1777/3154 653/1780/3155 651/1779/3156
f 652/1781/3157 647/1783/3158 650/1782/3159
f 652/1781/3160 646/1784/3161 647/1783/3162
f 654/1785/3163 656/1787/3164 655/1786/3165
f 654/1785/3166 657/1788/3167 656/1787/3168
f 655/1789/3169 659/1791/3170 658/1790/3171
f 655/1789/3172 656/1792/3173 659/1791/3174
f 658/1793/3175 661/1795/3176 660/1794/3177
f 658/1793/3178 659/1796/3179 661/1795/3180
f 660/1797/3181 657/1799/3182 654/1798/3183
f 660/1797/3184 661/1800/3185 657/1799/3186
f 657/1801/3187 659/1803/3188 656/1802/3189
f 657/1801/3190 661/1804/3191 659/1803/3192
f 660/1805/3193 655/1807/3194 658/1806/3195
f 660/1805/3196 654/1808/3197 655/1807/3198
f 662/1809/3199 664/1811/3200 663/1810/3201
f 662/1809/3202 665/1812/3203 664/1811/3204
f 663/1813/3205 667/1815/3206 666/1814/3207
f 663/1813/3208 664/1816/3209 667/1815/3210
f 666/1817/3211 669/1819/3212 668/1818/3213
f 666/1817/3214 667/1820/3215 669/1819/3216
f 668/1821/3217 665/1823/3218 662/1822/3219
f 668/1821/3220 669/1824/3221 665/1823/3222
f 665/1825/3223 667/1827/3224 664/1826/3225
f 665/1825/3226 669/1828/3227 667/1827/3228
f 668/1829/3229 663/1831/3230 666/1830/3231
f 668/1829/3232 662/1832/3233 663/1831/3234
f 670/1833/3235 672/1835/3236 671/1834/3237
f 670/1833/3238 673/1836/3239 672/1835/3240
f 671/1837/3241 675/1839/3242 674/1838/3243
f 671/1837/3244 672/1840/3245 675/1839/3246
f 674/1841/3247 677/1843/3248 676/1842/3249
f 674/1841/3250 675/1844/3251 677/1843/3252
f 676/1845/3253 673/1847/3254 670/1846/3255
f 676/1845/3256 677/1848/3257 673/1847/3258
f 673/1849/3259 675/1851/3260 672/1850/3261
f 673/1849/3262 677/1852/3263 675/1851/3264
f 676/1853/3265 671/1855/3266 674/1854/3267
f 676/1853/3268 670/1856/3269 671/1855/3270
f 678/1857/3271 680/1859/3272 679/1858/3273
f 678/1857/3274 681/1860/3275 680/1859/3276
f 679/1861/3277 683/1863/3278 682/1862/3279
f 679/1861/3280 680/1864/3281 683/1863/3282
f 682/1865/3283 685/1867/3284 684/1866/3285
f 682/1865/3286 683/1868/3287 685/1867/3288
f 684/1869/3289 681/1871/3290 678/1870/3291
f 684/1869/3292 685/1872/3293 681/1871/3294
f 681/1873/3295 683/1875/3296 680/1874/3297
f 681/1873/3298 685/1876/3299 683/1875/3300
f 684/1877/3301 679/1879/3302 682/1878/3303
f 684/1877/3304 678/1880/3305 679/1879/3306
f 686/1881/3307 688/1883/3308 687/1882/3309
f 686/1881/3310 689/1884/3311 688/1883/3312
f 687/1885/3313 691/1887/3314 690/1886/3315
f 687/1885/3316 688/1888/3317 691/1887/3318
f 690/1889/3319 693/1891/3320 692/1890/3321
f 690/1889/3322 691/1892/3323 693/1891/3324
f 692/1893/3325 689/1895/3326 686/1894/3327
f 692/1893/3328 693/1896/3329 689/1895/3330
f 689/1897/3331 691/1899/3332 688/1898/3333
f 689/1897/3334 693/1900/3335 691/1899/3336
f 692/1901/3337 687/1903/3338 690/1902/3339
f 692/1901/3340 686/1904/3341 687/1903/3342
