# This file uses centimeters as units for non-parametric coordinates.

mtllib tomato_rock.mtl
g default
v 12.655824 -20.378760 -9.194993
v 0.000000 -20.632783 0.000000
v 14.877812 -20.378760 -4.834094
v 25.000017 -19.622944 -18.163574
v 29.389284 -19.622944 -9.549156
v 36.728630 -18.383945 -26.684909
v 43.177094 -18.383945 -14.029087
v 47.552860 -16.692273 -34.549172
v 55.901737 -16.692273 -18.163574
v 57.206180 -14.589581 -41.562719
v 67.249891 -14.589581 -21.850815
v 65.450897 -12.127646 -47.552855
v 76.942137 -12.127646 -25.000014
v 72.083993 -9.367088 -52.372079
v 84.739813 -9.367088 -27.533632
v 76.942137 -6.375880 -55.901732
v 90.450906 -6.375880 -29.389279
v 79.905721 -3.227677 -58.054901
v 93.934803 -3.227677 -30.521266
v 80.901756 0.000000 -58.778558
v 95.105711 0.000000 -30.901718
v 79.905721 3.227677 -58.054901
v 93.934803 3.227677 -30.521266
v 76.942137 6.375880 -55.901732
v 90.450906 6.375880 -29.389279
v 72.083993 9.367088 -52.372079
v 84.739813 9.367088 -27.533632
v 65.450897 12.127646 -47.552855
v 76.942137 12.127646 -25.000014
v 57.206180 14.589581 -41.562719
v 67.249891 14.589581 -21.850815
v 47.552860 16.692273 -34.549172
v 55.901737 16.692273 -18.163574
v 36.728630 18.383945 -26.684909
v 43.177094 18.383945 -14.029087
v 25.000017 19.622944 -18.163574
v 29.389284 19.622944 -9.549156
v 12.655824 20.378760 -9.194993
v 14.877812 20.378760 -4.834094
v 0.000000 20.632783 0.000000
v 9.194993 20.378760 -12.655822
v 18.163574 19.622944 -25.000017
v 26.684909 18.383945 -36.728625
v 34.549172 16.692273 -47.552855
v 4.834094 20.378760 -14.877810
v 9.549155 19.622944 -29.389279
v 41.562719 14.589581 -57.206171
v 14.029085 18.383945 -43.177084
v 0.000000 20.378760 -15.643455
v 0.000000 19.622944 -30.901716
v 18.163571 16.692273 -55.901727
v 47.552855 12.127646 -65.450887
v -4.834094 20.378760 -14.877810
v 0.000000 18.383945 -45.399071
v 21.850812 14.589581 -67.249886
v 52.372079 9.367088 -72.083983
v -9.549155 19.622944 -29.389277
v 0.000000 16.692273 -58.778553
v 25.000012 12.127646 -76.942127
v 55.901732 6.375880 -76.942127
v -9.194991 20.378760 -12.655820
v -14.029085 18.383945 -43.177079
v 0.000000 14.589581 -70.710706
v 27.533630 9.367088 -84.739793
v 58.054901 3.227677 -79.905716
v -18.163570 19.622944 -25.000012
v -18.163571 16.692273 -55.901722
v 0.000000 12.127646 -80.901741
v 29.389277 6.375880 -90.450896
v 58.778558 0.000000 -80.901746
v -12.655819 20.378760 -9.194990
v -21.850812 14.589581 -67.249886
v 0.000000 9.367088 -89.100701
v 30.521264 3.227677 -93.934793
v 58.054901 -3.227677 -79.905716
v -25.000012 12.127646 -76.942127
v 0.000000 6.375880 -95.105691
v 30.901713 0.000000 -95.105701
v 55.901732 -6.375880 -76.942127
v -27.533630 9.367088 -84.739793
v 0.000000 3.227677 -98.768885
v 30.521264 -3.227677 -93.934793
v 52.372079 -9.367088 -72.083983
v -29.389277 6.375880 -90.450887
v 0.000000 0.000000 -100.000047
v 29.389277 -6.375880 -90.450896
v 47.552855 -12.127646 -65.450887
v -30.521264 3.227677 -93.934793
v 0.000000 -3.227677 -98.768885
v 27.533630 -9.367088 -84.739793
v 41.562719 -14.589581 -57.206171
v -30.901713 0.000000 -95.105691
v 0.000000 -6.375880 -95.105691
v 25.000012 -12.127646 -76.942127
v 34.549172 -16.692273 -47.552855
v -30.521264 -3.227677 -93.934793
v 0.000000 -9.367088 -89.100701
v 21.850812 -14.589581 -67.249886
v 26.684909 -18.383945 -36.728625
v -29.389277 -6.375880 -90.450887
v 0.000000 -12.127646 -80.901741
v 18.163571 -16.692273 -55.901727
v 18.163574 -19.622944 -25.000017
v -27.533630 -9.367088 -84.739793
v 0.000000 -14.589581 -70.710706
v 14.029085 -18.383945 -43.177084
v 9.194993 -20.378760 -12.655822
v 9.549155 -19.622944 -29.389279
v 0.000000 -16.692273 -58.778553
v -25.000012 -12.127646 -76.942127
v 4.834094 -20.378760 -14.877810
v 0.000000 -18.383945 -45.399071
v -21.850812 -14.589581 -67.249886
v 0.000000 -19.622944 -30.901716
v -18.163571 -16.692273 -55.901722
v 0.000000 -20.378760 -15.643455
v -14.029085 -18.383945 -43.177079
v -9.549155 -19.622944 -29.389277
v -4.834094 -20.378760 -14.877810
v -47.552846 -12.127646 -65.450873
v -41.562709 -14.589581 -57.206161
v -34.549164 -16.692273 -47.552846
v -26.684904 -18.383945 -36.728617
v -18.163570 -19.622944 -25.000012
v -52.372069 -9.367088 -72.083968
v -9.194991 -20.378760 -12.655820
v -55.901722 -6.375880 -76.942113
v -58.054886 -3.227677 -79.905701
v -58.778548 0.000000 -80.901732
v -58.054886 3.227677 -79.905701
v -55.901722 6.375880 -76.942113
v -52.372069 9.367088 -72.083968
v -47.552846 12.127646 -65.450873
v -41.562709 14.589581 -57.206161
v -34.549164 16.692273 -47.552846
v -26.684904 18.383945 -36.728617
v -25.000009 19.622944 -18.163568
v -36.728615 18.383945 -26.684899
v -47.552841 16.692273 -34.549159
v -57.206156 14.589581 -41.562704
v -65.450873 12.127646 -47.552841
v -14.877807 20.378760 -4.834092
v -29.389272 19.622944 -9.549153
v -43.177074 18.383945 -14.029080
v -55.901713 16.692273 -18.163566
v -15.643452 20.378760 0.000000
v -30.901708 19.622944 0.000000
v -72.083968 9.367088 -52.372064
v -67.249867 14.589581 -21.850805
v -45.399061 18.383945 0.000000
v -14.877807 20.378760 4.834092
v -29.389272 19.622944 9.549153
v -58.778539 16.692273 0.000000
v -76.942113 12.127646 -25.000004
v -76.942113 6.375880 -55.901713
v -12.655818 20.378760 9.194990
v -43.177074 18.383945 14.029080
v -70.710692 14.589581 0.000000
v -84.739783 9.367088 -27.533622
v -79.905692 3.227677 -58.054882
v -25.000007 19.622944 18.163566
v -55.901713 16.692273 18.163566
v -80.901722 12.127646 0.000000
v -90.450877 6.375880 -29.389269
v -80.901722 0.000000 -58.778539
v -9.194990 20.378760 12.655816
v -67.249867 14.589581 21.850805
v -89.100672 9.367088 0.000000
v -93.934764 3.227677 -30.521254
v -79.905692 -3.227677 -58.054882
v -76.942113 12.127646 25.000004
v -95.105672 6.375880 0.000000
v -95.105672 0.000000 -30.901706
v -76.942113 -6.375880 -55.901713
v -84.739783 9.367088 27.533622
v -98.768855 3.227677 0.000000
v -93.934764 -3.227677 -30.521254
v -72.083968 -9.367088 -52.372064
v -90.450877 6.375880 29.389269
v -100.000017 0.000000 0.000000
v -90.450877 -6.375880 -29.389269
v -65.450873 -12.127646 -47.552841
v -93.934764 3.227677 30.521254
v -98.768855 -3.227677 0.000000
v -84.739783 -9.367088 -27.533622
v -57.206156 -14.589581 -41.562704
v -95.105672 0.000000 30.901706
v -95.105672 -6.375880 0.000000
v -76.942113 -12.127646 -25.000004
v -47.552841 -16.692273 -34.549159
v -93.934764 -3.227677 30.521254
v -89.100672 -9.367088 0.000000
v -67.249867 -14.589581 -21.850805
v -36.728615 -18.383945 -26.684899
v -90.450877 -6.375880 29.389269
v -80.901722 -12.127646 0.000000
v -55.901713 -16.692273 -18.163566
v -25.000009 -19.622944 -18.163568
v -84.739783 -9.367088 27.533622
v -70.710692 -14.589581 0.000000
v -43.177074 -18.383945 -14.029080
v -12.655819 -20.378760 -9.194990
v -29.389272 -19.622944 -9.549153
v -58.778539 -16.692273 0.000000
v -76.942113 -12.127646 25.000004
v -14.877807 -20.378760 -4.834092
v -45.399061 -18.383945 0.000000
v -67.249867 -14.589581 21.850805
v -30.901708 -19.622944 0.000000
v -55.901713 -16.692273 18.163566
v -15.643452 -20.378760 0.000000
v -43.177074 -18.383945 14.029080
v -29.389272 -19.622944 9.549153
v -14.877807 -20.378760 4.834092
v -65.450868 -12.127646 47.552836
v -57.206151 -14.589581 41.562699
v -47.552836 -16.692273 34.549155
v -36.728610 -18.383945 26.684897
v -25.000007 -19.622944 18.163566
v -72.083958 -9.367088 52.372059
v -12.655818 -20.378760 9.194990
v -76.942108 -6.375880 55.901708
v -79.905682 -3.227677 58.054877
v -80.901717 0.000000 58.778539
v -79.905682 3.227677 58.054877
v -76.942108 6.375880 55.901708
v -72.083958 9.367088 52.372059
v -65.450868 12.127646 47.552836
v -57.206151 14.589581 41.562699
v -47.552836 16.692273 34.549155
v -36.728610 18.383945 26.684897
v -18.163566 19.622944 25.000004
v -26.684897 18.383945 36.728610
v -34.549155 16.692273 47.552831
v -41.562699 14.589581 57.206151
v -47.552836 12.127646 65.450858
v -4.834092 20.378760 14.877805
v -9.549153 19.622944 29.389269
v -14.029080 18.383945 43.177069
v -18.163566 16.692273 55.901708
v -0.000000 20.378760 15.643449
v -0.000001 19.622944 30.901703
v -52.372059 9.367088 72.083953
v -21.850805 14.589581 67.249862
v -0.000001 18.383945 45.399057
v 4.834090 20.378760 14.877805
v 9.549150 19.622944 29.389267
v -0.000002 16.692273 58.778534
v -25.000004 12.127646 76.942098
v -55.901708 6.375880 76.942098
v 9.194988 20.378760 12.655816
v 14.029077 18.383945 43.177064
v -0.000002 14.589581 70.710682
v -27.533622 9.367088 84.739764
v -58.054877 3.227677 79.905677
v 18.163564 19.622944 25.000004
v 18.163563 16.692273 55.901708
v -0.000002 12.127646 80.901707
v -29.389269 6.375880 90.450867
v -58.778539 0.000000 80.901707
v 12.655815 20.378760 9.194989
v 21.850800 14.589581 67.249852
v -0.000003 9.367088 89.100662
v -30.521254 3.227677 93.934764
v -58.054877 -3.227677 79.905677
v 24.999999 12.127646 76.942098
v -0.000003 6.375880 95.105662
v -30.901706 0.000000 95.105662
v -55.901708 -6.375880 76.942098
v 27.533615 9.367088 84.739764
v -0.000003 3.227677 98.768845
v -30.521254 -3.227677 93.934764
v -52.372059 -9.367088 72.083953
v 29.389260 6.375880 90.450857
v -0.000003 0.000000 100.000017
v -29.389269 -6.375880 90.450867
v -47.552836 -12.127646 65.450858
v 30.521247 3.227677 93.934754
v -0.000003 -3.227677 98.768845
v -27.533622 -9.367088 84.739764
v -41.562699 -14.589581 57.206151
v 30.901696 0.000000 95.105662
v -0.000003 -6.375880 95.105662
v -25.000004 -12.127646 76.942098
v -34.549155 -16.692273 47.552831
v 30.521247 -3.227677 93.934754
v -0.000003 -9.367088 89.100662
v -21.850805 -14.589581 67.249862
v -26.684897 -18.383945 36.728610
v 29.389260 -6.375880 90.450857
v -0.000002 -12.127646 80.901707
v -18.163566 -16.692273 55.901708
v -18.163566 -19.622944 25.000004
v 27.533615 -9.367088 84.739764
v -0.000002 -14.589581 70.710682
v -14.029080 -18.383945 43.177069
v -9.194990 -20.378760 12.655816
v -9.549153 -19.622944 29.389269
v -0.000002 -16.692273 58.778534
v 24.999999 -12.127646 76.942098
v -4.834092 -20.378760 14.877805
v -0.000001 -18.383945 45.399057
v 21.850800 -14.589581 67.249852
v -0.000001 -19.622944 30.901703
v 18.163563 -16.692273 55.901708
v -0.000000 -20.378760 15.643449
v 14.029077 -18.383945 43.177064
v 9.549150 -19.622944 29.389267
v 4.834090 -20.378760 14.877805
v 47.552826 -12.127646 65.450858
v 41.562694 -14.589581 57.206146
v 34.549147 -16.692273 47.552831
v 26.684892 -18.383945 36.728608
v 18.163564 -19.622944 25.000004
v 52.372050 -9.367088 72.083944
v 9.194988 -20.378760 12.655816
v 55.901698 -6.375880 76.942093
v 58.054867 -3.227677 79.905677
v 58.778524 0.000000 80.901702
v 58.054867 3.227677 79.905677
v 55.901698 6.375880 76.942093
v 52.372050 9.367088 72.083944
v 47.552826 12.127646 65.450858
v 41.562694 14.589581 57.206146
v 34.549147 16.692273 47.552831
v 26.684892 18.383945 36.728608
v 25.000002 19.622944 18.163566
v 36.728603 18.383945 26.684894
v 47.552826 16.692273 34.549152
v 57.206141 14.589581 41.562699
v 65.450848 12.127646 47.552831
v 14.877804 20.378760 4.834091
v 29.389264 19.622944 9.549151
v 43.177064 18.383945 14.029078
v 55.901703 16.692273 18.163564
v 15.643448 20.378760 0.000000
v 30.901701 19.622944 0.000000
v 45.399052 18.383945 0.000000
v 58.778524 16.692273 0.000000
v 67.249852 14.589581 21.850800
v 70.710677 14.589581 0.000000
v 76.942093 12.127646 25.000002
v 80.901702 12.127646 0.000000
v 72.083944 9.367088 52.372054
v 84.739764 9.367088 27.533618
v 89.100652 9.367088 0.000000
v 76.942093 6.375880 55.901703
v 90.450848 6.375880 29.389262
v 95.105652 6.375880 0.000000
v 79.905667 3.227677 58.054872
v 93.934744 3.227677 30.521249
v 98.768836 3.227677 0.000000
v 80.901702 0.000000 58.778529
v 95.105652 0.000000 30.901701
v 99.999998 0.000000 0.000000
v 79.905667 -3.227677 58.054872
v 93.934744 -3.227677 30.521249
v 98.768836 -3.227677 0.000000
v 76.942093 -6.375880 55.901703
v 90.450848 -6.375880 29.389262
v 95.105652 -6.375880 0.000000
v 72.083944 -9.367088 52.372054
v 84.739764 -9.367088 27.533618
v 89.100652 -9.367088 0.000000
v 65.450848 -12.127646 47.552831
v 76.942093 -12.127646 25.000002
v 80.901702 -12.127646 0.000000
v 57.206141 -14.589581 41.562699
v 67.249852 -14.589581 21.850800
v 70.710677 -14.589581 0.000000
v 47.552826 -16.692273 34.549152
v 55.901703 -16.692273 18.163564
v 58.778524 -16.692273 0.000000
v 36.728603 -18.383945 26.684894
v 43.177064 -18.383945 14.029078
v 45.399052 -18.383945 0.000000
v 25.000002 -19.622944 18.163566
v 29.389264 -19.622944 9.549151
v 30.901701 -19.622944 0.000000
v 12.655815 -20.378760 9.194989
v 14.877804 -20.378760 4.834091
v 15.643448 -20.378760 0.000000
vt 0.050000 0.050000
vt 0.025000 0.000000
vt 0.000000 0.050000
vt 0.050000 0.100000
vt 0.000000 0.100000
vt 0.050000 0.150000
vt 0.000000 0.150000
vt 0.050000 0.200000
vt 0.000000 0.200000
vt 0.050000 0.250000
vt 0.000000 0.250000
vt 0.050000 0.300000
vt 0.000000 0.300000
vt 0.050000 0.350000
vt 0.000000 0.350000
vt 0.050000 0.400000
vt 0.000000 0.400000
vt 0.050000 0.450000
vt 0.000000 0.450000
vt 0.050000 0.500000
vt 0.000000 0.500000
vt 0.050000 0.550000
vt 0.000000 0.550000
vt 0.050000 0.600000
vt 0.000000 0.600000
vt 0.050000 0.650000
vt 0.000000 0.650000
vt 0.050000 0.700000
vt 0.000000 0.700000
vt 0.050000 0.750000
vt 0.000000 0.750000
vt 0.050000 0.800000
vt 0.000000 0.800000
vt 0.050000 0.850000
vt 0.000000 0.850000
vt 0.050000 0.900000
vt 0.000000 0.900000
vt 0.050000 0.950000
vt 0.000000 0.950000
vt 0.025000 1.000000
vt 0.100000 0.950000
vt 0.075000 1.000000
vt 0.100000 0.900000
vt 0.100000 0.850000
vt 0.100000 0.800000
vt 0.150000 0.950000
vt 0.125000 1.000000
vt 0.150000 0.900000
vt 0.100000 0.750000
vt 0.150000 0.850000
vt 0.200000 0.950000
vt 0.175000 1.000000
vt 0.200000 0.900000
vt 0.150000 0.800000
vt 0.100000 0.700000
vt 0.250000 0.950000
vt 0.225000 1.000000
vt 0.200000 0.850000
vt 0.150000 0.750000
vt 0.100000 0.650000
vt 0.250000 0.900000
vt 0.200000 0.800000
vt 0.150000 0.700000
vt 0.100000 0.600000
vt 0.300000 0.950000
vt 0.275000 1.000000
vt 0.250000 0.850000
vt 0.200000 0.750000
vt 0.150000 0.650000
vt 0.100000 0.550000
vt 0.300000 0.900000
vt 0.250000 0.800000
vt 0.200000 0.700000
vt 0.150000 0.600000
vt 0.100000 0.500000
vt 0.350000 0.950000
vt 0.325000 1.000000
vt 0.250000 0.750000
vt 0.200000 0.650000
vt 0.150000 0.550000
vt 0.100000 0.450000
vt 0.250000 0.700000
vt 0.200000 0.600000
vt 0.150000 0.500000
vt 0.100000 0.400000
vt 0.250000 0.650000
vt 0.200000 0.550000
vt 0.150000 0.450000
vt 0.100000 0.350000
vt 0.250000 0.600000
vt 0.200000 0.500000
vt 0.150000 0.400000
vt 0.100000 0.300000
vt 0.250000 0.550000
vt 0.200000 0.450000
vt 0.150000 0.350000
vt 0.100000 0.250000
vt 0.250000 0.500000
vt 0.200000 0.400000
vt 0.150000 0.300000
vt 0.100000 0.200000
vt 0.250000 0.450000
vt 0.200000 0.350000
vt 0.150000 0.250000
vt 0.100000 0.150000
vt 0.250000 0.400000
vt 0.200000 0.300000
vt 0.150000 0.200000
vt 0.100000 0.100000
vt 0.250000 0.350000
vt 0.200000 0.250000
vt 0.150000 0.150000
vt 0.100000 0.050000
vt 0.075000 0.000000
vt 0.150000 0.100000
vt 0.200000 0.200000
vt 0.250000 0.300000
vt 0.150000 0.050000
vt 0.125000 0.000000
vt 0.200000 0.150000
vt 0.250000 0.250000
vt 0.200000 0.100000
vt 0.250000 0.200000
vt 0.200000 0.050000
vt 0.175000 0.000000
vt 0.250000 0.150000
vt 0.250000 0.100000
vt 0.250000 0.050000
vt 0.225000 0.000000
vt 0.300000 0.300000
vt 0.300000 0.250000
vt 0.300000 0.200000
vt 0.300000 0.150000
vt 0.300000 0.100000
vt 0.300000 0.350000
vt 0.300000 0.050000
vt 0.275000 0.000000
vt 0.300000 0.400000
vt 0.300000 0.450000
vt 0.300000 0.500000
vt 0.300000 0.550000
vt 0.300000 0.600000
vt 0.300000 0.650000
vt 0.300000 0.700000
vt 0.300000 0.750000
vt 0.300000 0.800000
vt 0.300000 0.850000
vt 0.350000 0.900000
vt 0.350000 0.850000
vt 0.350000 0.800000
vt 0.350000 0.750000
vt 0.350000 0.700000
vt 0.400000 0.950000
vt 0.375000 1.000000
vt 0.400000 0.900000
vt 0.400000 0.850000
vt 0.400000 0.800000
vt 0.450000 0.950000
vt 0.425000 1.000000
vt 0.450000 0.900000
vt 0.350000 0.650000
vt 0.400000 0.750000
vt 0.450000 0.850000
vt 0.500000 0.950000
vt 0.475000 1.000000
vt 0.500000 0.900000
vt 0.450000 0.800000
vt 0.400000 0.700000
vt 0.350000 0.600000
vt 0.550000 0.950000
vt 0.525000 1.000000
vt 0.500000 0.850000
vt 0.450000 0.750000
vt 0.400000 0.650000
vt 0.350000 0.550000
vt 0.550000 0.900000
vt 0.500000 0.800000
vt 0.450000 0.700000
vt 0.400000 0.600000
vt 0.350000 0.500000
vt 0.600000 0.950000
vt 0.575000 1.000000
vt 0.500000 0.750000
vt 0.450000 0.650000
vt 0.400000 0.550000
vt 0.350000 0.450000
vt 0.500000 0.700000
vt 0.450000 0.600000
vt 0.400000 0.500000
vt 0.350000 0.400000
vt 0.500000 0.650000
vt 0.450000 0.550000
vt 0.400000 0.450000
vt 0.350000 0.350000
vt 0.500000 0.600000
vt 0.450000 0.500000
vt 0.400000 0.400000
vt 0.350000 0.300000
vt 0.500000 0.550000
vt 0.450000 0.450000
vt 0.400000 0.350000
vt 0.350000 0.250000
vt 0.500000 0.500000
vt 0.450000 0.400000
vt 0.400000 0.300000
vt 0.350000 0.200000
vt 0.500000 0.450000
vt 0.450000 0.350000
vt 0.400000 0.250000
vt 0.350000 0.150000
vt 0.500000 0.400000
vt 0.450000 0.300000
vt 0.400000 0.200000
vt 0.350000 0.100000
vt 0.500000 0.350000
vt 0.450000 0.250000
vt 0.400000 0.150000
vt 0.350000 0.050000
vt 0.325000 0.000000
vt 0.400000 0.100000
vt 0.450000 0.200000
vt 0.500000 0.300000
vt 0.400000 0.050000
vt 0.375000 0.000000
vt 0.450000 0.150000
vt 0.500000 0.250000
vt 0.450000 0.100000
vt 0.500000 0.200000
vt 0.450000 0.050000
vt 0.425000 0.000000
vt 0.500000 0.150000
vt 0.500000 0.100000
vt 0.500000 0.050000
vt 0.475000 0.000000
vt 0.550000 0.300000
vt 0.550000 0.250000
vt 0.550000 0.200000
vt 0.550000 0.150000
vt 0.550000 0.100000
vt 0.550000 0.350000
vt 0.550000 0.050000
vt 0.525000 0.000000
vt 0.550000 0.400000
vt 0.550000 0.450000
vt 0.550000 0.500000
vt 0.550000 0.550000
vt 0.550000 0.600000
vt 0.550000 0.650000
vt 0.550000 0.700000
vt 0.550000 0.750000
vt 0.550000 0.800000
vt 0.550000 0.850000
vt 0.600000 0.900000
vt 0.600000 0.850000
vt 0.600000 0.800000
vt 0.600000 0.750000
vt 0.600000 0.700000
vt 0.650000 0.950000
vt 0.625000 1.000000
vt 0.650000 0.900000
vt 0.650000 0.850000
vt 0.650000 0.800000
vt 0.700000 0.950000
vt 0.675000 1.000000
vt 0.700000 0.900000
vt 0.600000 0.650000
vt 0.650000 0.750000
vt 0.700000 0.850000
vt 0.750000 0.950000
vt 0.725000 1.000000
vt 0.750000 0.900000
vt 0.700000 0.800000
vt 0.650000 0.700000
vt 0.600000 0.600000
vt 0.800000 0.950000
vt 0.775000 1.000000
vt 0.750000 0.850000
vt 0.700000 0.750000
vt 0.650000 0.650000
vt 0.600000 0.550000
vt 0.800000 0.900000
vt 0.750000 0.800000
vt 0.700000 0.700000
vt 0.650000 0.600000
vt 0.600000 0.500000
vt 0.850000 0.950000
vt 0.825000 1.000000
vt 0.750000 0.750000
vt 0.700000 0.650000
vt 0.650000 0.550000
vt 0.600000 0.450000
vt 0.750000 0.700000
vt 0.700000 0.600000
vt 0.650000 0.500000
vt 0.600000 0.400000
vt 0.750000 0.650000
vt 0.700000 0.550000
vt 0.650000 0.450000
vt 0.600000 0.350000
vt 0.750000 0.600000
vt 0.700000 0.500000
vt 0.650000 0.400000
vt 0.600000 0.300000
vt 0.750000 0.550000
vt 0.700000 0.450000
vt 0.650000 0.350000
vt 0.600000 0.250000
vt 0.750000 0.500000
vt 0.700000 0.400000
vt 0.650000 0.300000
vt 0.600000 0.200000
vt 0.750000 0.450000
vt 0.700000 0.350000
vt 0.650000 0.250000
vt 0.600000 0.150000
vt 0.750000 0.400000
vt 0.700000 0.300000
vt 0.650000 0.200000
vt 0.600000 0.100000
vt 0.750000 0.350000
vt 0.700000 0.250000
vt 0.650000 0.150000
vt 0.600000 0.050000
vt 0.575000 0.000000
vt 0.650000 0.100000
vt 0.700000 0.200000
vt 0.750000 0.300000
vt 0.650000 0.050000
vt 0.625000 0.000000
vt 0.700000 0.150000
vt 0.750000 0.250000
vt 0.700000 0.100000
vt 0.750000 0.200000
vt 0.700000 0.050000
vt 0.675000 0.000000
vt 0.750000 0.150000
vt 0.750000 0.100000
vt 0.750000 0.050000
vt 0.725000 0.000000
vt 0.800000 0.300000
vt 0.800000 0.250000
vt 0.800000 0.200000
vt 0.800000 0.150000
vt 0.800000 0.100000
vt 0.800000 0.350000
vt 0.800000 0.050000
vt 0.775000 0.000000
vt 0.800000 0.400000
vt 0.800000 0.450000
vt 0.800000 0.500000
vt 0.800000 0.550000
vt 0.800000 0.600000
vt 0.800000 0.650000
vt 0.800000 0.700000
vt 0.800000 0.750000
vt 0.800000 0.800000
vt 0.800000 0.850000
vt 0.850000 0.900000
vt 0.850000 0.850000
vt 0.850000 0.800000
vt 0.850000 0.750000
vt 0.850000 0.700000
vt 0.900000 0.950000
vt 0.875000 1.000000
vt 0.900000 0.900000
vt 0.900000 0.850000
vt 0.900000 0.800000
vt 0.950000 0.950000
vt 0.925000 1.000000
vt 0.950000 0.900000
vt 1.000000 0.950000
vt 0.975000 1.000000
vt 1.000000 0.900000
vt 0.950000 0.850000
vt 1.000000 0.850000
vt 0.950000 0.800000
vt 1.000000 0.800000
vt 0.900000 0.750000
vt 0.950000 0.750000
vt 1.000000 0.750000
vt 0.900000 0.700000
vt 0.950000 0.700000
vt 1.000000 0.700000
vt 0.850000 0.650000
vt 0.900000 0.650000
vt 0.950000 0.650000
vt 1.000000 0.650000
vt 0.850000 0.600000
vt 0.900000 0.600000
vt 0.950000 0.600000
vt 1.000000 0.600000
vt 0.850000 0.550000
vt 0.900000 0.550000
vt 0.950000 0.550000
vt 1.000000 0.550000
vt 0.850000 0.500000
vt 0.900000 0.500000
vt 0.950000 0.500000
vt 1.000000 0.500000
vt 0.850000 0.450000
vt 0.900000 0.450000
vt 0.950000 0.450000
vt 1.000000 0.450000
vt 0.850000 0.400000
vt 0.900000 0.400000
vt 0.950000 0.400000
vt 1.000000 0.400000
vt 0.850000 0.350000
vt 0.900000 0.350000
vt 0.950000 0.350000
vt 1.000000 0.350000
vt 0.850000 0.300000
vt 0.900000 0.300000
vt 0.950000 0.300000
vt 1.000000 0.300000
vt 0.850000 0.250000
vt 0.900000 0.250000
vt 0.950000 0.250000
vt 1.000000 0.250000
vt 0.850000 0.200000
vt 0.900000 0.200000
vt 0.950000 0.200000
vt 1.000000 0.200000
vt 0.850000 0.150000
vt 0.900000 0.150000
vt 0.950000 0.150000
vt 1.000000 0.150000
vt 0.850000 0.100000
vt 0.900000 0.100000
vt 0.950000 0.100000
vt 1.000000 0.100000
vt 0.850000 0.050000
vt 0.825000 0.000000
vt 0.900000 0.050000
vt 0.875000 0.000000
vt 0.950000 0.050000
vt 0.925000 0.000000
vt 1.000000 0.050000
vt 0.975000 0.000000
vn 0.034107 -0.999111 -0.024780
vn 0.040095 -0.999111 -0.013028
vn 0.000000 -1.000000 0.000000
vn 0.040095 -0.999111 -0.013028
vn 0.034107 -0.999111 -0.024780
vn 0.058908 -0.997346 -0.042799
vn 0.040095 -0.999111 -0.013028
vn 0.058908 -0.997346 -0.042799
vn 0.069251 -0.997346 -0.022501
vn 0.069251 -0.997346 -0.022501
vn 0.058908 -0.997346 -0.042799
vn 0.088530 -0.993995 -0.064321
vn 0.069251 -0.997346 -0.022501
vn 0.088530 -0.993995 -0.064321
vn 0.104074 -0.993995 -0.033815
vn 0.104074 -0.993995 -0.033815
vn 0.088530 -0.993995 -0.064321
vn 0.123614 -0.988258 -0.089811
vn 0.104074 -0.993995 -0.033815
vn 0.123614 -0.988258 -0.089811
vn 0.145317 -0.988258 -0.047216
vn 0.145317 -0.988258 -0.047216
vn 0.123614 -0.988258 -0.089811
vn 0.167185 -0.978414 -0.121467
vn 0.145317 -0.988258 -0.047216
vn 0.167185 -0.978414 -0.121467
vn 0.196538 -0.978414 -0.063859
vn 0.196538 -0.978414 -0.063859
vn 0.167185 -0.978414 -0.121467
vn 0.224964 -0.960561 -0.163446
vn 0.196538 -0.978414 -0.063859
vn 0.224964 -0.960561 -0.163446
vn 0.264461 -0.960561 -0.085928
vn 0.264461 -0.960561 -0.085928
vn 0.224964 -0.960561 -0.163446
vn 0.308028 -0.924681 -0.223796
vn 0.264461 -0.960561 -0.085928
vn 0.308028 -0.924681 -0.223796
vn 0.362109 -0.924681 -0.117656
vn 0.362109 -0.924681 -0.117656
vn 0.308028 -0.924681 -0.223796
vn 0.438389 -0.840456 -0.318509
vn 0.362109 -0.924681 -0.117656
vn 0.438389 -0.840456 -0.318509
vn 0.515358 -0.840456 -0.167449
vn 0.515358 -0.840456 -0.167449
vn 0.438389 -0.840456 -0.318509
vn 0.645149 -0.603387 -0.468728
vn 0.515358 -0.840456 -0.167449
vn 0.645149 -0.603387 -0.468728
vn 0.758419 -0.603386 -0.246425
vn 0.758419 -0.603386 -0.246425
vn 0.645149 -0.603387 -0.468728
vn 0.809017 0.000000 -0.587785
vn 0.758419 -0.603386 -0.246425
vn 0.809017 0.000000 -0.587785
vn 0.951057 0.000000 -0.309016
vn 0.951057 0.000000 -0.309016
vn 0.809017 0.000000 -0.587785
vn 0.645149 0.603387 -0.468729
vn 0.951057 0.000000 -0.309016
vn 0.645149 0.603387 -0.468729
vn 0.758419 0.603386 -0.246424
vn 0.758419 0.603386 -0.246424
vn 0.645149 0.603387 -0.468729
vn 0.438390 0.840456 -0.318509
vn 0.758419 0.603386 -0.246424
vn 0.438390 0.840456 -0.318509
vn 0.515358 0.840456 -0.167449
vn 0.515358 0.840456 -0.167449
vn 0.438390 0.840456 -0.318509
vn 0.308028 0.924681 -0.223796
vn 0.515358 0.840456 -0.167449
vn 0.308028 0.924681 -0.223796
vn 0.362109 0.924681 -0.117656
vn 0.362109 0.924681 -0.117656
vn 0.308028 0.924681 -0.223796
vn 0.224964 0.960561 -0.163446
vn 0.362109 0.924681 -0.117656
vn 0.224964 0.960561 -0.163446
vn 0.264461 0.960561 -0.085928
vn 0.264461 0.960561 -0.085928
vn 0.224964 0.960561 -0.163446
vn 0.167185 0.978414 -0.121467
vn 0.264461 0.960561 -0.085928
vn 0.167185 0.978414 -0.121467
vn 0.196538 0.978414 -0.063859
vn 0.196538 0.978414 -0.063859
vn 0.167185 0.978414 -0.121467
vn 0.123614 0.988258 -0.089811
vn 0.196538 0.978414 -0.063859
vn 0.123614 0.988258 -0.089811
vn 0.145317 0.988258 -0.047216
vn 0.145317 0.988258 -0.047216
vn 0.123614 0.988258 -0.089811
vn 0.088530 0.993995 -0.064321
vn 0.145317 0.988258 -0.047216
vn 0.088530 0.993995 -0.064321
vn 0.104074 0.993995 -0.033815
vn 0.104074 0.993995 -0.033815
vn 0.088530 0.993995 -0.064321
vn 0.058908 0.997346 -0.042799
vn 0.104074 0.993995 -0.033815
vn 0.058908 0.997346 -0.042799
vn 0.069251 0.997346 -0.022501
vn 0.069251 0.997346 -0.022501
vn 0.058908 0.997346 -0.042799
vn 0.034107 0.999111 -0.024780
vn 0.069251 0.997346 -0.022501
vn 0.034107 0.999111 -0.024780
vn 0.040095 0.999111 -0.013028
vn 0.040095 0.999111 -0.013028
vn 0.034107 0.999111 -0.024780
vn 0.000000 1.000000 0.000000
vn 0.058908 0.997346 -0.042799
vn 0.024780 0.999111 -0.034107
vn 0.034107 0.999111 -0.024780
vn 0.034107 0.999111 -0.024780
vn 0.024780 0.999111 -0.034107
vn 0.000000 1.000000 0.000000
vn 0.088530 0.993995 -0.064321
vn 0.042799 0.997346 -0.058908
vn 0.058908 0.997346 -0.042799
vn 0.058908 0.997346 -0.042799
vn 0.042799 0.997346 -0.058908
vn 0.024780 0.999111 -0.034107
vn 0.123614 0.988258 -0.089811
vn 0.064321 0.993995 -0.088530
vn 0.088530 0.993995 -0.064321
vn 0.088530 0.993995 -0.064321
vn 0.064321 0.993995 -0.088530
vn 0.042799 0.997346 -0.058908
vn 0.167185 0.978414 -0.121467
vn 0.089811 0.988258 -0.123614
vn 0.123614 0.988258 -0.089811
vn 0.123614 0.988258 -0.089811
vn 0.089811 0.988258 -0.123614
vn 0.064321 0.993995 -0.088530
vn 0.042799 0.997346 -0.058908
vn 0.013028 0.999111 -0.040095
vn 0.024780 0.999111 -0.034107
vn 0.024780 0.999111 -0.034107
vn 0.013028 0.999111 -0.040095
vn 0.000000 1.000000 0.000000
vn 0.064321 0.993995 -0.088530
vn 0.022501 0.997346 -0.069251
vn 0.042799 0.997346 -0.058908
vn 0.042799 0.997346 -0.058908
vn 0.022501 0.997346 -0.069251
vn 0.013028 0.999111 -0.040095
vn 0.167185 0.978414 -0.121467
vn 0.121467 0.978414 -0.167185
vn 0.089811 0.988258 -0.123614
vn 0.224964 0.960561 -0.163446
vn 0.121467 0.978414 -0.167185
vn 0.167185 0.978414 -0.121467
vn 0.089811 0.988258 -0.123614
vn 0.033816 0.993995 -0.104074
vn 0.064321 0.993995 -0.088530
vn 0.064321 0.993995 -0.088530
vn 0.033816 0.993995 -0.104074
vn 0.022501 0.997346 -0.069251
vn 0.022501 0.997346 -0.069251
vn 0.000000 0.999111 -0.042158
vn 0.013028 0.999111 -0.040095
vn 0.013028 0.999111 -0.040095
vn 0.000000 0.999111 -0.042158
vn 0.000000 1.000000 0.000000
vn 0.022501 0.997346 -0.069251
vn 0.000000 0.997346 -0.072814
vn 0.000000 0.999111 -0.042158
vn 0.033816 0.993995 -0.104074
vn 0.000000 0.997346 -0.072814
vn 0.022501 0.997346 -0.069251
vn 0.089811 0.988258 -0.123614
vn 0.047216 0.988258 -0.145317
vn 0.033816 0.993995 -0.104074
vn 0.121467 0.978414 -0.167185
vn 0.047216 0.988258 -0.145317
vn 0.089811 0.988258 -0.123614
vn 0.224964 0.960561 -0.163446
vn 0.163446 0.960561 -0.224964
vn 0.121467 0.978414 -0.167185
vn 0.308028 0.924681 -0.223796
vn 0.163446 0.960561 -0.224964
vn 0.224964 0.960561 -0.163446
vn 0.000000 0.997346 -0.072814
vn -0.013028 0.999111 -0.040095
vn 0.000000 0.999111 -0.042158
vn 0.000000 0.999111 -0.042158
vn -0.013028 0.999111 -0.040095
vn 0.000000 1.000000 0.000000
vn 0.033816 0.993995 -0.104074
vn 0.000000 0.993995 -0.109429
vn 0.000000 0.997346 -0.072814
vn 0.047216 0.988258 -0.145317
vn 0.000000 0.993995 -0.109429
vn 0.033816 0.993995 -0.104074
vn 0.121467 0.978414 -0.167185
vn 0.063859 0.978414 -0.196538
vn 0.047216 0.988258 -0.145317
vn 0.163446 0.960561 -0.224964
vn 0.063859 0.978414 -0.196538
vn 0.121467 0.978414 -0.167185
vn 0.308028 0.924681 -0.223796
vn 0.223796 0.924680 -0.308028
vn 0.163446 0.960561 -0.224964
vn 0.438390 0.840456 -0.318509
vn 0.223796 0.924680 -0.308028
vn 0.308028 0.924681 -0.223796
vn 0.000000 0.997346 -0.072814
vn -0.022501 0.997346 -0.069251
vn -0.013028 0.999111 -0.040095
vn 0.000000 0.993995 -0.109429
vn -0.022501 0.997346 -0.069251
vn 0.000000 0.997346 -0.072814
vn 0.047216 0.988258 -0.145317
vn 0.000000 0.988258 -0.152795
vn 0.000000 0.993995 -0.109429
vn 0.063859 0.978414 -0.196538
vn 0.000000 0.988258 -0.152795
vn 0.047216 0.988258 -0.145317
vn 0.163446 0.960561 -0.224964
vn 0.085929 0.960561 -0.264461
vn 0.063859 0.978414 -0.196538
vn 0.223796 0.924680 -0.308028
vn 0.085929 0.960561 -0.264461
vn 0.163446 0.960561 -0.224964
vn 0.438390 0.840456 -0.318509
vn 0.318508 0.840456 -0.438389
vn 0.223796 0.924680 -0.308028
vn 0.645149 0.603387 -0.468729
vn 0.318508 0.840456 -0.438389
vn 0.438390 0.840456 -0.318509
vn -0.022501 0.997346 -0.069251
vn -0.024780 0.999111 -0.034107
vn -0.013028 0.999111 -0.040095
vn -0.013028 0.999111 -0.040095
vn -0.024780 0.999111 -0.034107
vn 0.000000 1.000000 0.000000
vn 0.000000 0.993995 -0.109429
vn -0.033816 0.993995 -0.104074
vn -0.022501 0.997346 -0.069251
vn 0.000000 0.988258 -0.152795
vn -0.033816 0.993995 -0.104074
vn 0.000000 0.993995 -0.109429
vn 0.063859 0.978414 -0.196538
vn 0.000000 0.978414 -0.206652
vn 0.000000 0.988258 -0.152795
vn 0.085929 0.960561 -0.264461
vn 0.000000 0.978414 -0.206652
vn 0.063859 0.978414 -0.196538
vn 0.223796 0.924680 -0.308028
vn 0.117656 0.924680 -0.362109
vn 0.085929 0.960561 -0.264461
vn 0.318508 0.840456 -0.438389
vn 0.117656 0.924680 -0.362109
vn 0.223796 0.924680 -0.308028
vn 0.645149 0.603387 -0.468729
vn 0.468728 0.603387 -0.645150
vn 0.318508 0.840456 -0.438389
vn 0.809017 0.000000 -0.587785
vn 0.468728 0.603387 -0.645150
vn 0.645149 0.603387 -0.468729
vn -0.022501 0.997346 -0.069251
vn -0.042799 0.997346 -0.058908
vn -0.024780 0.999111 -0.034107
vn -0.033816 0.993995 -0.104074
vn -0.042799 0.997346 -0.058908
vn -0.022501 0.997346 -0.069251
vn 0.000000 0.988258 -0.152795
vn -0.047216 0.988258 -0.145317
vn -0.033816 0.993995 -0.104074
vn 0.000000 0.978414 -0.206652
vn -0.047216 0.988258 -0.145317
vn 0.000000 0.988258 -0.152795
vn 0.085929 0.960561 -0.264461
vn 0.000000 0.960561 -0.278071
vn 0.000000 0.978414 -0.206652
vn 0.117656 0.924680 -0.362109
vn 0.000000 0.960561 -0.278071
vn 0.085929 0.960561 -0.264461
vn 0.318508 0.840456 -0.438389
vn 0.167450 0.840456 -0.515358
vn 0.117656 0.924680 -0.362109
vn 0.468728 0.603387 -0.645150
vn 0.167450 0.840456 -0.515358
vn 0.318508 0.840456 -0.438389
vn 0.809017 0.000000 -0.587785
vn 0.587785 0.000000 -0.809017
vn 0.468728 0.603387 -0.645150
vn 0.645149 -0.603387 -0.468728
vn 0.587785 0.000000 -0.809017
vn 0.809017 0.000000 -0.587785
vn -0.042799 0.997346 -0.058908
vn -0.034107 0.999111 -0.024780
vn -0.024780 0.999111 -0.034107
vn -0.024780 0.999111 -0.034107
vn -0.034107 0.999111 -0.024780
vn 0.000000 1.000000 0.000000
vn 0.000000 0.978414 -0.206652
vn -0.063859 0.978414 -0.196538
vn -0.047216 0.988258 -0.145317
vn 0.000000 0.960561 -0.278071
vn -0.063859 0.978414 -0.196538
vn 0.000000 0.978414 -0.206652
vn 0.117656 0.924680 -0.362109
vn 0.000000 0.924680 -0.380744
vn 0.000000 0.960561 -0.278071
vn 0.167450 0.840456 -0.515358
vn 0.000000 0.924680 -0.380744
vn 0.117656 0.924680 -0.362109
vn 0.468728 0.603387 -0.645150
vn 0.246425 0.603387 -0.758419
vn 0.167450 0.840456 -0.515358
vn 0.587785 0.000000 -0.809017
vn 0.246425 0.603387 -0.758419
vn 0.468728 0.603387 -0.645150
vn 0.645149 -0.603387 -0.468728
vn 0.468728 -0.603387 -0.645150
vn 0.587785 0.000000 -0.809017
vn 0.438389 -0.840456 -0.318509
vn 0.468728 -0.603387 -0.645150
vn 0.645149 -0.603387 -0.468728
vn 0.000000 0.960561 -0.278071
vn -0.085929 0.960561 -0.264461
vn -0.063859 0.978414 -0.196538
vn 0.000000 0.924680 -0.380744
vn -0.085929 0.960561 -0.264461
vn 0.000000 0.960561 -0.278071
vn 0.167450 0.840456 -0.515358
vn 0.000000 0.840456 -0.541879
vn 0.000000 0.924680 -0.380744
vn 0.246425 0.603387 -0.758419
vn 0.000000 0.840456 -0.541879
vn 0.167450 0.840456 -0.515358
vn 0.587785 0.000000 -0.809017
vn 0.309017 0.000000 -0.951057
vn 0.246425 0.603387 -0.758419
vn 0.468728 -0.603387 -0.645150
vn 0.309017 0.000000 -0.951057
vn 0.587785 0.000000 -0.809017
vn 0.438389 -0.840456 -0.318509
vn 0.318509 -0.840456 -0.438389
vn 0.468728 -0.603387 -0.645150
vn 0.308028 -0.924681 -0.223796
vn 0.318509 -0.840456 -0.438389
vn 0.438389 -0.840456 -0.318509
vn 0.000000 0.924680 -0.380744
vn -0.117656 0.924680 -0.362109
vn -0.085929 0.960561 -0.264461
vn 0.000000 0.840456 -0.541879
vn -0.117656 0.924680 -0.362109
vn 0.000000 0.924680 -0.380744
vn 0.246425 0.603387 -0.758419
vn 0.000000 0.603387 -0.797449
vn 0.000000 0.840456 -0.541879
vn 0.309017 0.000000 -0.951057
vn 0.000000 0.603387 -0.797449
vn 0.246425 0.603387 -0.758419
vn 0.468728 -0.603387 -0.645150
vn 0.246425 -0.603387 -0.758419
vn 0.309017 0.000000 -0.951057
vn 0.318509 -0.840456 -0.438389
vn 0.246425 -0.603387 -0.758419
vn 0.468728 -0.603387 -0.645150
vn 0.308028 -0.924681 -0.223796
vn 0.223796 -0.924680 -0.308028
vn 0.318509 -0.840456 -0.438389
vn 0.224964 -0.960561 -0.163446
vn 0.223796 -0.924680 -0.308028
vn 0.308028 -0.924681 -0.223796
vn 0.000000 0.840456 -0.541879
vn -0.167450 0.840456 -0.515358
vn -0.117656 0.924680 -0.362109
vn 0.000000 0.603387 -0.797449
vn -0.167450 0.840456 -0.515358
vn 0.000000 0.840456 -0.541879
vn 0.309017 0.000000 -0.951057
vn 0.000000 0.000000 -1.000000
vn 0.000000 0.603387 -0.797449
vn 0.246425 -0.603387 -0.758419
vn 0.000000 0.000000 -1.000000
vn 0.309017 0.000000 -0.951057
vn 0.318509 -0.840456 -0.438389
vn 0.167450 -0.840456 -0.515358
vn 0.246425 -0.603387 -0.758419
vn 0.223796 -0.924680 -0.308028
vn 0.167450 -0.840456 -0.515358
vn 0.318509 -0.840456 -0.438389
vn 0.224964 -0.960561 -0.163446
vn 0.163446 -0.960561 -0.224964
vn 0.223796 -0.924680 -0.308028
vn 0.167185 -0.978414 -0.121467
vn 0.163446 -0.960561 -0.224964
vn 0.224964 -0.960561 -0.163446
vn 0.000000 0.603387 -0.797449
vn -0.246425 0.603387 -0.758419
vn -0.167450 0.840456 -0.515358
vn 0.000000 0.000000 -1.000000
vn -0.246425 0.603387 -0.758419
vn 0.000000 0.603387 -0.797449
vn 0.246425 -0.603387 -0.758419
vn 0.000000 -0.603387 -0.797449
vn 0.000000 0.000000 -1.000000
vn 0.167450 -0.840456 -0.515358
vn 0.000000 -0.603387 -0.797449
vn 0.246425 -0.603387 -0.758419
vn 0.223796 -0.924680 -0.308028
vn 0.117656 -0.924680 -0.362109
vn 0.167450 -0.840456 -0.515358
vn 0.163446 -0.960561 -0.224964
vn 0.117656 -0.924680 -0.362109
vn 0.223796 -0.924680 -0.308028
vn 0.167185 -0.978414 -0.121467
vn 0.121467 -0.978414 -0.167185
vn 0.163446 -0.960561 -0.224964
vn 0.123614 -0.988258 -0.089811
vn 0.121467 -0.978414 -0.167185
vn 0.167185 -0.978414 -0.121467
vn 0.000000 0.000000 -1.000000
vn -0.309017 0.000000 -0.951056
vn -0.246425 0.603387 -0.758419
vn 0.000000 -0.603387 -0.797449
vn -0.309017 0.000000 -0.951056
vn 0.000000 0.000000 -1.000000
vn 0.167450 -0.840456 -0.515358
vn 0.000000 -0.840456 -0.541879
vn 0.000000 -0.603387 -0.797449
vn 0.117656 -0.924680 -0.362109
vn 0.000000 -0.840456 -0.541879
vn 0.167450 -0.840456 -0.515358
vn 0.163446 -0.960561 -0.224964
vn 0.085929 -0.960561 -0.264461
vn 0.117656 -0.924680 -0.362109
vn 0.121467 -0.978414 -0.167185
vn 0.085929 -0.960561 -0.264461
vn 0.163446 -0.960561 -0.224964
vn 0.123614 -0.988258 -0.089811
vn 0.089811 -0.988258 -0.123614
vn 0.121467 -0.978414 -0.167185
vn 0.088530 -0.993995 -0.064321
vn 0.089811 -0.988258 -0.123614
vn 0.123614 -0.988258 -0.089811
vn 0.000000 -0.603387 -0.797449
vn -0.246425 -0.603387 -0.758419
vn -0.309017 0.000000 -0.951056
vn 0.000000 -0.840456 -0.541879
vn -0.246425 -0.603387 -0.758419
vn 0.000000 -0.603387 -0.797449
vn 0.117656 -0.924680 -0.362109
vn 0.000000 -0.924680 -0.380744
vn 0.000000 -0.840456 -0.541879
vn 0.085929 -0.960561 -0.264461
vn 0.000000 -0.924680 -0.380744
vn 0.117656 -0.924680 -0.362109
vn 0.121467 -0.978414 -0.167185
vn 0.063859 -0.978414 -0.196538
vn 0.085929 -0.960561 -0.264461
vn 0.089811 -0.988258 -0.123614
vn 0.063859 -0.978414 -0.196538
vn 0.121467 -0.978414 -0.167185
vn 0.088530 -0.993995 -0.064321
vn 0.064321 -0.993995 -0.088530
vn 0.089811 -0.988258 -0.123614
vn 0.058908 -0.997346 -0.042799
vn 0.064321 -0.993995 -0.088530
vn 0.088530 -0.993995 -0.064321
vn 0.000000 -0.840456 -0.541879
vn -0.167450 -0.840456 -0.515358
vn -0.246425 -0.603387 -0.758419
vn 0.000000 -0.924680 -0.380744
vn -0.167450 -0.840456 -0.515358
vn 0.000000 -0.840456 -0.541879
vn 0.085929 -0.960561 -0.264461
vn 0.000000 -0.960561 -0.278071
vn 0.000000 -0.924680 -0.380744
vn 0.063859 -0.978414 -0.196538
vn 0.000000 -0.960561 -0.278071
vn 0.085929 -0.960561 -0.264461
vn 0.089811 -0.988258 -0.123614
vn 0.047216 -0.988258 -0.145317
vn 0.063859 -0.978414 -0.196538
vn 0.064321 -0.993995 -0.088530
vn 0.047216 -0.988258 -0.145317
vn 0.089811 -0.988258 -0.123614
vn 0.058908 -0.997346 -0.042799
vn 0.042799 -0.997346 -0.058908
vn 0.064321 -0.993995 -0.088530
vn 0.034107 -0.999111 -0.024780
vn 0.042799 -0.997346 -0.058908
vn 0.058908 -0.997346 -0.042799
vn 0.000000 -0.924680 -0.380744
vn -0.117656 -0.924680 -0.362109
vn -0.167450 -0.840456 -0.515358
vn 0.000000 -0.960561 -0.278071
vn -0.117656 -0.924680 -0.362109
vn 0.000000 -0.924680 -0.380744
vn 0.063859 -0.978414 -0.196538
vn 0.000000 -0.978414 -0.206652
vn 0.000000 -0.960561 -0.278071
vn 0.047216 -0.988258 -0.145317
vn 0.000000 -0.978414 -0.206652
vn 0.063859 -0.978414 -0.196538
vn 0.064321 -0.993995 -0.088530
vn 0.033816 -0.993995 -0.104074
vn 0.047216 -0.988258 -0.145317
vn 0.042799 -0.997346 -0.058908
vn 0.033816 -0.993995 -0.104074
vn 0.064321 -0.993995 -0.088530
vn 0.034107 -0.999111 -0.024780
vn 0.024780 -0.999111 -0.034107
vn 0.042799 -0.997346 -0.058908
vn 0.024780 -0.999111 -0.034107
vn 0.034107 -0.999111 -0.024780
vn 0.000000 -1.000000 0.000000
vn 0.024780 -0.999111 -0.034107
vn 0.022501 -0.997346 -0.069251
vn 0.042799 -0.997346 -0.058908
vn 0.042799 -0.997346 -0.058908
vn 0.022501 -0.997346 -0.069251
vn 0.033816 -0.993995 -0.104074
vn 0.033816 -0.993995 -0.104074
vn 0.000000 -0.988258 -0.152795
vn 0.047216 -0.988258 -0.145317
vn 0.047216 -0.988258 -0.145317
vn 0.000000 -0.988258 -0.152795
vn 0.000000 -0.978414 -0.206652
vn 0.000000 -0.978414 -0.206652
vn -0.085929 -0.960561 -0.264461
vn 0.000000 -0.960561 -0.278071
vn 0.000000 -0.960561 -0.278071
vn -0.085929 -0.960561 -0.264461
vn -0.117656 -0.924680 -0.362109
vn 0.024780 -0.999111 -0.034107
vn 0.013028 -0.999111 -0.040095
vn 0.022501 -0.997346 -0.069251
vn 0.013028 -0.999111 -0.040095
vn 0.024780 -0.999111 -0.034107
vn 0.000000 -1.000000 0.000000
vn 0.022501 -0.997346 -0.069251
vn 0.000000 -0.993995 -0.109429
vn 0.033816 -0.993995 -0.104074
vn 0.033816 -0.993995 -0.104074
vn 0.000000 -0.993995 -0.109429
vn 0.000000 -0.988258 -0.152795
vn 0.000000 -0.988258 -0.152795
vn -0.063859 -0.978414 -0.196538
vn 0.000000 -0.978414 -0.206652
vn 0.000000 -0.978414 -0.206652
vn -0.063859 -0.978414 -0.196538
vn -0.085929 -0.960561 -0.264461
vn 0.013028 -0.999111 -0.040095
vn 0.000000 -0.997346 -0.072814
vn 0.022501 -0.997346 -0.069251
vn 0.022501 -0.997346 -0.069251
vn 0.000000 -0.997346 -0.072814
vn 0.000000 -0.993995 -0.109429
vn 0.000000 -0.993995 -0.109429
vn -0.047216 -0.988258 -0.145317
vn 0.000000 -0.988258 -0.152795
vn 0.000000 -0.988258 -0.152795
vn -0.047216 -0.988258 -0.145317
vn -0.063859 -0.978414 -0.196538
vn 0.013028 -0.999111 -0.040095
vn 0.000000 -0.999111 -0.042158
vn 0.000000 -0.997346 -0.072814
vn 0.000000 -0.999111 -0.042158
vn 0.013028 -0.999111 -0.040095
vn 0.000000 -1.000000 0.000000
vn 0.000000 -0.997346 -0.072814
vn -0.033816 -0.993995 -0.104074
vn 0.000000 -0.993995 -0.109429
vn 0.000000 -0.993995 -0.109429
vn -0.033816 -0.993995 -0.104074
vn -0.047216 -0.988258 -0.145317
vn 0.000000 -0.999111 -0.042158
vn -0.022501 -0.997346 -0.069251
vn 0.000000 -0.997346 -0.072814
vn 0.000000 -0.997346 -0.072814
vn -0.022501 -0.997346 -0.069251
vn -0.033816 -0.993995 -0.104074
vn 0.000000 -0.999111 -0.042158
vn -0.013028 -0.999111 -0.040095
vn -0.022501 -0.997346 -0.069251
vn -0.013028 -0.999111 -0.040095
vn 0.000000 -0.999111 -0.042158
vn 0.000000 -1.000000 0.000000
vn -0.063859 -0.978414 -0.196538
vn -0.163446 -0.960561 -0.224964
vn -0.085929 -0.960561 -0.264461
vn -0.047216 -0.988258 -0.145317
vn -0.121467 -0.978414 -0.167185
vn -0.063859 -0.978414 -0.196538
vn -0.063859 -0.978414 -0.196538
vn -0.121467 -0.978414 -0.167185
vn -0.163446 -0.960561 -0.224964
vn -0.033816 -0.993995 -0.104074
vn -0.089811 -0.988258 -0.123614
vn -0.047216 -0.988258 -0.145317
vn -0.047216 -0.988258 -0.145317
vn -0.089811 -0.988258 -0.123614
vn -0.121467 -0.978414 -0.167185
vn -0.022501 -0.997346 -0.069251
vn -0.064321 -0.993995 -0.088530
vn -0.033816 -0.993995 -0.104074
vn -0.033816 -0.993995 -0.104074
vn -0.064321 -0.993995 -0.088530
vn -0.089811 -0.988258 -0.123614
vn -0.013028 -0.999111 -0.040095
vn -0.042799 -0.997346 -0.058908
vn -0.022501 -0.997346 -0.069251
vn -0.022501 -0.997346 -0.069251
vn -0.042799 -0.997346 -0.058908
vn -0.064321 -0.993995 -0.088530
vn -0.085929 -0.960561 -0.264461
vn -0.163446 -0.960561 -0.224964
vn -0.223796 -0.924680 -0.308028
vn -0.085929 -0.960561 -0.264461
vn -0.223796 -0.924680 -0.308028
vn -0.117656 -0.924680 -0.362109
vn -0.013028 -0.999111 -0.040095
vn -0.024780 -0.999111 -0.034107
vn -0.042799 -0.997346 -0.058908
vn -0.024780 -0.999111 -0.034107
vn -0.013028 -0.999111 -0.040095
vn 0.000000 -1.000000 0.000000
vn -0.117656 -0.924680 -0.362109
vn -0.223796 -0.924680 -0.308028
vn -0.318509 -0.840456 -0.438389
vn -0.117656 -0.924680 -0.362109
vn -0.318509 -0.840456 -0.438389
vn -0.167450 -0.840456 -0.515358
vn -0.167450 -0.840456 -0.515358
vn -0.318509 -0.840456 -0.438389
vn -0.468729 -0.603387 -0.645149
vn -0.167450 -0.840456 -0.515358
vn -0.468729 -0.603387 -0.645149
vn -0.246425 -0.603387 -0.758419
vn -0.246425 -0.603387 -0.758419
vn -0.468729 -0.603387 -0.645149
vn -0.587786 0.000000 -0.809017
vn -0.246425 -0.603387 -0.758419
vn -0.587786 0.000000 -0.809017
vn -0.309017 0.000000 -0.951056
vn -0.309017 0.000000 -0.951056
vn -0.587786 0.000000 -0.809017
vn -0.468729 0.603387 -0.645149
vn -0.309017 0.000000 -0.951056
vn -0.468729 0.603387 -0.645149
vn -0.246425 0.603387 -0.758419
vn -0.246425 0.603387 -0.758419
vn -0.468729 0.603387 -0.645149
vn -0.318509 0.840456 -0.438389
vn -0.246425 0.603387 -0.758419
vn -0.318509 0.840456 -0.438389
vn -0.167450 0.840456 -0.515358
vn -0.167450 0.840456 -0.515358
vn -0.318509 0.840456 -0.438389
vn -0.223796 0.924680 -0.308028
vn -0.167450 0.840456 -0.515358
vn -0.223796 0.924680 -0.308028
vn -0.117656 0.924680 -0.362109
vn -0.117656 0.924680 -0.362109
vn -0.223796 0.924680 -0.308028
vn -0.163446 0.960561 -0.224964
vn -0.117656 0.924680 -0.362109
vn -0.163446 0.960561 -0.224964
vn -0.085929 0.960561 -0.264461
vn -0.085929 0.960561 -0.264461
vn -0.163446 0.960561 -0.224964
vn -0.121467 0.978414 -0.167185
vn -0.085929 0.960561 -0.264461
vn -0.121467 0.978414 -0.167185
vn -0.063859 0.978414 -0.196538
vn -0.063859 0.978414 -0.196538
vn -0.121467 0.978414 -0.167185
vn -0.089811 0.988258 -0.123614
vn -0.063859 0.978414 -0.196538
vn -0.089811 0.988258 -0.123614
vn -0.047216 0.988258 -0.145317
vn -0.047216 0.988258 -0.145317
vn -0.089811 0.988258 -0.123614
vn -0.064321 0.993995 -0.088530
vn -0.047216 0.988258 -0.145317
vn -0.064321 0.993995 -0.088530
vn -0.033816 0.993995 -0.104074
vn -0.033816 0.993995 -0.104074
vn -0.064321 0.993995 -0.088530
vn -0.042799 0.997346 -0.058908
vn -0.064321 0.993995 -0.088530
vn -0.058908 0.997346 -0.042799
vn -0.042799 0.997346 -0.058908
vn -0.042799 0.997346 -0.058908
vn -0.058908 0.997346 -0.042799
vn -0.034107 0.999111 -0.024780
vn -0.089811 0.988258 -0.123614
vn -0.088530 0.993995 -0.064321
vn -0.064321 0.993995 -0.088530
vn -0.064321 0.993995 -0.088530
vn -0.088530 0.993995 -0.064321
vn -0.058908 0.997346 -0.042799
vn -0.121467 0.978414 -0.167185
vn -0.123614 0.988258 -0.089811
vn -0.089811 0.988258 -0.123614
vn -0.089811 0.988258 -0.123614
vn -0.123614 0.988258 -0.089811
vn -0.088530 0.993995 -0.064321
vn -0.163446 0.960561 -0.224964
vn -0.167185 0.978414 -0.121467
vn -0.121467 0.978414 -0.167185
vn -0.121467 0.978414 -0.167185
vn -0.167185 0.978414 -0.121467
vn -0.123614 0.988258 -0.089811
vn -0.223796 0.924680 -0.308028
vn -0.224964 0.960561 -0.163446
vn -0.163446 0.960561 -0.224964
vn -0.163446 0.960561 -0.224964
vn -0.224964 0.960561 -0.163446
vn -0.167185 0.978414 -0.121467
vn -0.058908 0.997346 -0.042799
vn -0.040095 0.999111 -0.013028
vn -0.034107 0.999111 -0.024780
vn -0.034107 0.999111 -0.024780
vn -0.040095 0.999111 -0.013028
vn 0.000000 1.000000 0.000000
vn -0.088530 0.993995 -0.064321
vn -0.069251 0.997346 -0.022501
vn -0.058908 0.997346 -0.042799
vn -0.058908 0.997346 -0.042799
vn -0.069251 0.997346 -0.022501
vn -0.040095 0.999111 -0.013028
vn -0.123614 0.988258 -0.089811
vn -0.104074 0.993995 -0.033815
vn -0.088530 0.993995 -0.064321
vn -0.088530 0.993995 -0.064321
vn -0.104074 0.993995 -0.033815
vn -0.069251 0.997346 -0.022501
vn -0.167185 0.978414 -0.121467
vn -0.145317 0.988258 -0.047216
vn -0.123614 0.988258 -0.089811
vn -0.123614 0.988258 -0.089811
vn -0.145317 0.988258 -0.047216
vn -0.104074 0.993995 -0.033815
vn -0.069251 0.997346 -0.022501
vn -0.042158 0.999111 0.000000
vn -0.040095 0.999111 -0.013028
vn -0.040095 0.999111 -0.013028
vn -0.042158 0.999111 0.000000
vn 0.000000 1.000000 0.000000
vn -0.104074 0.993995 -0.033815
vn -0.072814 0.997346 0.000000
vn -0.069251 0.997346 -0.022501
vn -0.069251 0.997346 -0.022501
vn -0.072814 0.997346 0.000000
vn -0.042158 0.999111 0.000000
vn -0.223796 0.924680 -0.308028
vn -0.308029 0.924680 -0.223796
vn -0.224964 0.960561 -0.163446
vn -0.318509 0.840456 -0.438389
vn -0.308029 0.924680 -0.223796
vn -0.223796 0.924680 -0.308028
vn -0.224964 0.960561 -0.163446
vn -0.196538 0.978414 -0.063859
vn -0.167185 0.978414 -0.121467
vn -0.167185 0.978414 -0.121467
vn -0.196538 0.978414 -0.063859
vn -0.145317 0.988258 -0.047216
vn -0.145317 0.988258 -0.047216
vn -0.109429 0.993995 0.000000
vn -0.104074 0.993995 -0.033815
vn -0.104074 0.993995 -0.033815
vn -0.109429 0.993995 0.000000
vn -0.072814 0.997346 0.000000
vn -0.072814 0.997346 0.000000
vn -0.040095 0.999111 0.013028
vn -0.042158 0.999111 0.000000
vn -0.042158 0.999111 0.000000
vn -0.040095 0.999111 0.013028
vn 0.000000 1.000000 0.000000
vn -0.072814 0.997346 0.000000
vn -0.069251 0.997346 0.022501
vn -0.040095 0.999111 0.013028
vn -0.109429 0.993995 0.000000
vn -0.069251 0.997346 0.022501
vn -0.072814 0.997346 0.000000
vn -0.145317 0.988258 -0.047216
vn -0.152795 0.988258 0.000000
vn -0.109429 0.993995 0.000000
vn -0.196538 0.978414 -0.063859
vn -0.152795 0.988258 0.000000
vn -0.145317 0.988258 -0.047216
vn -0.224964 0.960561 -0.163446
vn -0.264461 0.960561 -0.085929
vn -0.196538 0.978414 -0.063859
vn -0.308029 0.924680 -0.223796
vn -0.264461 0.960561 -0.085929
vn -0.224964 0.960561 -0.163446
vn -0.318509 0.840456 -0.438389
vn -0.438390 0.840456 -0.318509
vn -0.308029 0.924680 -0.223796
vn -0.468729 0.603387 -0.645149
vn -0.438390 0.840456 -0.318509
vn -0.318509 0.840456 -0.438389
vn -0.069251 0.997346 0.022501
vn -0.034107 0.999111 0.024780
vn -0.040095 0.999111 0.013028
vn -0.040095 0.999111 0.013028
vn -0.034107 0.999111 0.024780
vn 0.000000 1.000000 0.000000
vn -0.109429 0.993995 0.000000
vn -0.104074 0.993995 0.033816
vn -0.069251 0.997346 0.022501
vn -0.152795 0.988258 0.000000
vn -0.104074 0.993995 0.033816
vn -0.109429 0.993995 0.000000
vn -0.196538 0.978414 -0.063859
vn -0.206652 0.978414 0.000000
vn -0.152795 0.988258 0.000000
vn -0.264461 0.960561 -0.085929
vn -0.206652 0.978414 0.000000
vn -0.196538 0.978414 -0.063859
vn -0.308029 0.924680 -0.223796
vn -0.362109 0.924680 -0.117656
vn -0.264461 0.960561 -0.085929
vn -0.438390 0.840456 -0.318509
vn -0.362109 0.924680 -0.117656
vn -0.308029 0.924680 -0.223796
vn -0.468729 0.603387 -0.645149
vn -0.645150 0.603387 -0.468728
vn -0.438390 0.840456 -0.318509
vn -0.587786 0.000000 -0.809017
vn -0.645150 0.603387 -0.468728
vn -0.468729 0.603387 -0.645149
vn -0.069251 0.997346 0.022501
vn -0.058908 0.997346 0.042799
vn -0.034107 0.999111 0.024780
vn -0.104074 0.993995 0.033816
vn -0.058908 0.997346 0.042799
vn -0.069251 0.997346 0.022501
vn -0.152795 0.988258 0.000000
vn -0.145317 0.988258 0.047216
vn -0.104074 0.993995 0.033816
vn -0.206652 0.978414 0.000000
vn -0.145317 0.988258 0.047216
vn -0.152795 0.988258 0.000000
vn -0.264461 0.960561 -0.085929
vn -0.278071 0.960560 0.000000
vn -0.206652 0.978414 0.000000
vn -0.362109 0.924680 -0.117656
vn -0.278071 0.960560 0.000000
vn -0.264461 0.960561 -0.085929
vn -0.438390 0.840456 -0.318509
vn -0.515358 0.840456 -0.167450
vn -0.362109 0.924680 -0.117656
vn -0.645150 0.603387 -0.468728
vn -0.515358 0.840456 -0.167450
vn -0.438390 0.840456 -0.318509
vn -0.587786 0.000000 -0.809017
vn -0.809017 0.000000 -0.587785
vn -0.645150 0.603387 -0.468728
vn -0.468729 -0.603387 -0.645149
vn -0.809017 0.000000 -0.587785
vn -0.587786 0.000000 -0.809017
vn -0.058908 0.997346 0.042799
vn -0.024780 0.999111 0.034107
vn -0.034107 0.999111 0.024780
vn -0.034107 0.999111 0.024780
vn -0.024780 0.999111 0.034107
vn 0.000000 1.000000 0.000000
vn -0.206652 0.978414 0.000000
vn -0.196538 0.978414 0.063859
vn -0.145317 0.988258 0.047216
vn -0.278071 0.960560 0.000000
vn -0.196538 0.978414 0.063859
vn -0.206652 0.978414 0.000000
vn -0.362109 0.924680 -0.117656
vn -0.380744 0.924680 0.000000
vn -0.278071 0.960560 0.000000
vn -0.515358 0.840456 -0.167450
vn -0.380744 0.924680 0.000000
vn -0.362109 0.924680 -0.117656
vn -0.645150 0.603387 -0.468728
vn -0.758419 0.603387 -0.246425
vn -0.515358 0.840456 -0.167450
vn -0.809017 0.000000 -0.587785
vn -0.758419 0.603387 -0.246425
vn -0.645150 0.603387 -0.468728
vn -0.468729 -0.603387 -0.645149
vn -0.645150 -0.603387 -0.468728
vn -0.809017 0.000000 -0.587785
vn -0.318509 -0.840456 -0.438389
vn -0.645150 -0.603387 -0.468728
vn -0.468729 -0.603387 -0.645149
vn -0.278071 0.960560 0.000000
vn -0.264461 0.960560 0.085929
vn -0.196538 0.978414 0.063859
vn -0.380744 0.924680 0.000000
vn -0.264461 0.960560 0.085929
vn -0.278071 0.960560 0.000000
vn -0.515358 0.840456 -0.167450
vn -0.541880 0.840456 0.000000
vn -0.380744 0.924680 0.000000
vn -0.758419 0.603387 -0.246425
vn -0.541880 0.840456 0.000000
vn -0.515358 0.840456 -0.167450
vn -0.809017 0.000000 -0.587785
vn -0.951057 0.000000 -0.309017
vn -0.758419 0.603387 -0.246425
vn -0.645150 -0.603387 -0.468728
vn -0.951057 0.000000 -0.309017
vn -0.809017 0.000000 -0.587785
vn -0.318509 -0.840456 -0.438389
vn -0.438390 -0.840456 -0.318509
vn -0.645150 -0.603387 -0.468728
vn -0.223796 -0.924680 -0.308028
vn -0.438390 -0.840456 -0.318509
vn -0.318509 -0.840456 -0.438389
vn -0.380744 0.924680 0.000000
vn -0.362109 0.924680 0.117656
vn -0.264461 0.960560 0.085929
vn -0.541880 0.840456 0.000000
vn -0.362109 0.924680 0.117656
vn -0.380744 0.924680 0.000000
vn -0.758419 0.603387 -0.246425
vn -0.797449 0.603386 0.000000
vn -0.541880 0.840456 0.000000
vn -0.951057 0.000000 -0.309017
vn -0.797449 0.603386 0.000000
vn -0.758419 0.603387 -0.246425
vn -0.645150 -0.603387 -0.468728
vn -0.758419 -0.603387 -0.246425
vn -0.951057 0.000000 -0.309017
vn -0.438390 -0.840456 -0.318509
vn -0.758419 -0.603387 -0.246425
vn -0.645150 -0.603387 -0.468728
vn -0.223796 -0.924680 -0.308028
vn -0.308028 -0.924680 -0.223796
vn -0.438390 -0.840456 -0.318509
vn -0.163446 -0.960561 -0.224964
vn -0.308028 -0.924680 -0.223796
vn -0.223796 -0.924680 -0.308028
vn -0.541880 0.840456 0.000000
vn -0.515358 0.840456 0.167450
vn -0.362109 0.924680 0.117656
vn -0.797449 0.603386 0.000000
vn -0.515358 0.840456 0.167450
vn -0.541880 0.840456 0.000000
vn -0.951057 0.000000 -0.309017
vn -1.000000 0.000000 0.000000
vn -0.797449 0.603386 0.000000
vn -0.758419 -0.603387 -0.246425
vn -1.000000 0.000000 0.000000
vn -0.951057 0.000000 -0.309017
vn -0.438390 -0.840456 -0.318509
vn -0.515358 -0.840456 -0.167450
vn -0.758419 -0.603387 -0.246425
vn -0.308028 -0.924680 -0.223796
vn -0.515358 -0.840456 -0.167450
vn -0.438390 -0.840456 -0.318509
vn -0.163446 -0.960561 -0.224964
vn -0.224964 -0.960561 -0.163446
vn -0.308028 -0.924680 -0.223796
vn -0.121467 -0.978414 -0.167185
vn -0.224964 -0.960561 -0.163446
vn -0.163446 -0.960561 -0.224964
vn -0.797449 0.603386 0.000000
vn -0.758419 0.603386 0.246425
vn -0.515358 0.840456 0.167450
vn -1.000000 0.000000 0.000000
vn -0.758419 0.603386 0.246425
vn -0.797449 0.603386 0.000000
vn -0.758419 -0.603387 -0.246425
vn -0.797449 -0.603387 0.000000
vn -1.000000 0.000000 0.000000
vn -0.515358 -0.840456 -0.167450
vn -0.797449 -0.603387 0.000000
vn -0.758419 -0.603387 -0.246425
vn -0.308028 -0.924680 -0.223796
vn -0.362109 -0.924680 -0.117656
vn -0.515358 -0.840456 -0.167450
vn -0.224964 -0.960561 -0.163446
vn -0.362109 -0.924680 -0.117656
vn -0.308028 -0.924680 -0.223796
vn -0.121467 -0.978414 -0.167185
vn -0.167185 -0.978414 -0.121467
vn -0.224964 -0.960561 -0.163446
vn -0.089811 -0.988258 -0.123614
vn -0.167185 -0.978414 -0.121467
vn -0.121467 -0.978414 -0.167185
vn -1.000000 0.000000 0.000000
vn -0.951056 0.000000 0.309017
vn -0.758419 0.603386 0.246425
vn -0.797449 -0.603387 0.000000
vn -0.951056 0.000000 0.309017
vn -1.000000 0.000000 0.000000
vn -0.515358 -0.840456 -0.167450
vn -0.541880 -0.840456 0.000000
vn -0.797449 -0.603387 0.000000
vn -0.362109 -0.924680 -0.117656
vn -0.541880 -0.840456 0.000000
vn -0.515358 -0.840456 -0.167450
vn -0.224964 -0.960561 -0.163446
vn -0.264461 -0.960561 -0.085929
vn -0.362109 -0.924680 -0.117656
vn -0.167185 -0.978414 -0.121467
vn -0.264461 -0.960561 -0.085929
vn -0.224964 -0.960561 -0.163446
vn -0.089811 -0.988258 -0.123614
vn -0.123614 -0.988258 -0.089811
vn -0.167185 -0.978414 -0.121467
vn -0.064321 -0.993995 -0.088530
vn -0.123614 -0.988258 -0.089811
vn -0.089811 -0.988258 -0.123614
vn -0.797449 -0.603387 0.000000
vn -0.758419 -0.603386 0.246425
vn -0.951056 0.000000 0.309017
vn -0.541880 -0.840456 0.000000
vn -0.758419 -0.603386 0.246425
vn -0.797449 -0.603387 0.000000
vn -0.362109 -0.924680 -0.117656
vn -0.380744 -0.924680 0.000000
vn -0.541880 -0.840456 0.000000
vn -0.264461 -0.960561 -0.085929
vn -0.380744 -0.924680 0.000000
vn -0.362109 -0.924680 -0.117656
vn -0.167185 -0.978414 -0.121467
vn -0.196538 -0.978414 -0.063859
vn -0.264461 -0.960561 -0.085929
vn -0.123614 -0.988258 -0.089811
vn -0.196538 -0.978414 -0.063859
vn -0.167185 -0.978414 -0.121467
vn -0.064321 -0.993995 -0.088530
vn -0.088530 -0.993995 -0.064321
vn -0.123614 -0.988258 -0.089811
vn -0.042799 -0.997346 -0.058908
vn -0.088530 -0.993995 -0.064321
vn -0.064321 -0.993995 -0.088530
vn -0.541880 -0.840456 0.000000
vn -0.515358 -0.840456 0.167450
vn -0.758419 -0.603386 0.246425
vn -0.380744 -0.924680 0.000000
vn -0.515358 -0.840456 0.167450
vn -0.541880 -0.840456 0.000000
vn -0.264461 -0.960561 -0.085929
vn -0.278071 -0.960561 0.000000
vn -0.380744 -0.924680 0.000000
vn -0.196538 -0.978414 -0.063859
vn -0.278071 -0.960561 0.000000
vn -0.264461 -0.960561 -0.085929
vn -0.123614 -0.988258 -0.089811
vn -0.145317 -0.988258 -0.047216
vn -0.196538 -0.978414 -0.063859
vn -0.088530 -0.993995 -0.064321
vn -0.145317 -0.988258 -0.047216
vn -0.123614 -0.988258 -0.089811
vn -0.042799 -0.997346 -0.058908
vn -0.058908 -0.997346 -0.042799
vn -0.088530 -0.993995 -0.064321
vn -0.024780 -0.999111 -0.034107
vn -0.058908 -0.997346 -0.042799
vn -0.042799 -0.997346 -0.058908
vn -0.380744 -0.924680 0.000000
vn -0.362109 -0.924680 0.117656
vn -0.515358 -0.840456 0.167450
vn -0.278071 -0.960561 0.000000
vn -0.362109 -0.924680 0.117656
vn -0.380744 -0.924680 0.000000
vn -0.196538 -0.978414 -0.063859
vn -0.206652 -0.978414 0.000000
vn -0.278071 -0.960561 0.000000
vn -0.145317 -0.988258 -0.047216
vn -0.206652 -0.978414 0.000000
vn -0.196538 -0.978414 -0.063859
vn -0.088530 -0.993995 -0.064321
vn -0.104074 -0.993995 -0.033816
vn -0.145317 -0.988258 -0.047216
vn -0.058908 -0.997346 -0.042799
vn -0.104074 -0.993995 -0.033816
vn -0.088530 -0.993995 -0.064321
vn -0.024780 -0.999111 -0.034107
vn -0.034107 -0.999111 -0.024780
vn -0.058908 -0.997346 -0.042799
vn -0.034107 -0.999111 -0.024780
vn -0.024780 -0.999111 -0.034107
vn 0.000000 -1.000000 0.000000
vn -0.034107 -0.999111 -0.024780
vn -0.069251 -0.997346 -0.022501
vn -0.058908 -0.997346 -0.042799
vn -0.058908 -0.997346 -0.042799
vn -0.069251 -0.997346 -0.022501
vn -0.104074 -0.993995 -0.033816
vn -0.104074 -0.993995 -0.033816
vn -0.152795 -0.988258 0.000000
vn -0.145317 -0.988258 -0.047216
vn -0.145317 -0.988258 -0.047216
vn -0.152795 -0.988258 0.000000
vn -0.206652 -0.978414 0.000000
vn -0.206652 -0.978414 0.000000
vn -0.264461 -0.960560 0.085929
vn -0.278071 -0.960561 0.000000
vn -0.278071 -0.960561 0.000000
vn -0.264461 -0.960560 0.085929
vn -0.362109 -0.924680 0.117656
vn -0.034107 -0.999111 -0.024780
vn -0.040095 -0.999111 -0.013028
vn -0.069251 -0.997346 -0.022501
vn -0.040095 -0.999111 -0.013028
vn -0.034107 -0.999111 -0.024780
vn 0.000000 -1.000000 0.000000
vn -0.069251 -0.997346 -0.022501
vn -0.109429 -0.993995 0.000000
vn -0.104074 -0.993995 -0.033816
vn -0.104074 -0.993995 -0.033816
vn -0.109429 -0.993995 0.000000
vn -0.152795 -0.988258 0.000000
vn -0.152795 -0.988258 0.000000
vn -0.196538 -0.978414 0.063859
vn -0.206652 -0.978414 0.000000
vn -0.206652 -0.978414 0.000000
vn -0.196538 -0.978414 0.063859
vn -0.264461 -0.960560 0.085929
vn -0.040095 -0.999111 -0.013028
vn -0.072814 -0.997346 0.000000
vn -0.069251 -0.997346 -0.022501
vn -0.069251 -0.997346 -0.022501
vn -0.072814 -0.997346 0.000000
vn -0.109429 -0.993995 0.000000
vn -0.109429 -0.993995 0.000000
vn -0.145317 -0.988258 0.047216
vn -0.152795 -0.988258 0.000000
vn -0.152795 -0.988258 0.000000
vn -0.145317 -0.988258 0.047216
vn -0.196538 -0.978414 0.063859
vn -0.040095 -0.999111 -0.013028
vn -0.042158 -0.999111 0.000000
vn -0.072814 -0.997346 0.000000
vn -0.042158 -0.999111 0.000000
vn -0.040095 -0.999111 -0.013028
vn 0.000000 -1.000000 0.000000
vn -0.072814 -0.997346 0.000000
vn -0.104074 -0.993995 0.033816
vn -0.109429 -0.993995 0.000000
vn -0.109429 -0.993995 0.000000
vn -0.104074 -0.993995 0.033816
vn -0.145317 -0.988258 0.047216
vn -0.042158 -0.999111 0.000000
vn -0.069251 -0.997346 0.022501
vn -0.072814 -0.997346 0.000000
vn -0.072814 -0.997346 0.000000
vn -0.069251 -0.997346 0.022501
vn -0.104074 -0.993995 0.033816
vn -0.042158 -0.999111 0.000000
vn -0.040095 -0.999111 0.013028
vn -0.069251 -0.997346 0.022501
vn -0.040095 -0.999111 0.013028
vn -0.042158 -0.999111 0.000000
vn 0.000000 -1.000000 0.000000
vn -0.196538 -0.978414 0.063859
vn -0.224964 -0.960560 0.163446
vn -0.264461 -0.960560 0.085929
vn -0.145317 -0.988258 0.047216
vn -0.167185 -0.978414 0.121467
vn -0.196538 -0.978414 0.063859
vn -0.196538 -0.978414 0.063859
vn -0.167185 -0.978414 0.121467
vn -0.224964 -0.960560 0.163446
vn -0.104074 -0.993995 0.033816
vn -0.123614 -0.988258 0.089811
vn -0.145317 -0.988258 0.047216
vn -0.145317 -0.988258 0.047216
vn -0.123614 -0.988258 0.089811
vn -0.167185 -0.978414 0.121467
vn -0.069251 -0.997346 0.022501
vn -0.088530 -0.993995 0.064321
vn -0.104074 -0.993995 0.033816
vn -0.104074 -0.993995 0.033816
vn -0.088530 -0.993995 0.064321
vn -0.123614 -0.988258 0.089811
vn -0.040095 -0.999111 0.013028
vn -0.058908 -0.997346 0.042799
vn -0.069251 -0.997346 0.022501
vn -0.069251 -0.997346 0.022501
vn -0.058908 -0.997346 0.042799
vn -0.088530 -0.993995 0.064321
vn -0.264461 -0.960560 0.085929
vn -0.224964 -0.960560 0.163446
vn -0.308028 -0.924680 0.223796
vn -0.264461 -0.960560 0.085929
vn -0.308028 -0.924680 0.223796
vn -0.362109 -0.924680 0.117656
vn -0.040095 -0.999111 0.013028
vn -0.034107 -0.999111 0.024780
vn -0.058908 -0.997346 0.042799
vn -0.034107 -0.999111 0.024780
vn -0.040095 -0.999111 0.013028
vn 0.000000 -1.000000 0.000000
vn -0.362109 -0.924680 0.117656
vn -0.308028 -0.924680 0.223796
vn -0.438390 -0.840456 0.318509
vn -0.362109 -0.924680 0.117656
vn -0.438390 -0.840456 0.318509
vn -0.515358 -0.840456 0.167450
vn -0.515358 -0.840456 0.167450
vn -0.438390 -0.840456 0.318509
vn -0.645150 -0.603386 0.468729
vn -0.515358 -0.840456 0.167450
vn -0.645150 -0.603386 0.468729
vn -0.758419 -0.603386 0.246425
vn -0.758419 -0.603386 0.246425
vn -0.645150 -0.603386 0.468729
vn -0.809017 0.000000 0.587785
vn -0.758419 -0.603386 0.246425
vn -0.809017 0.000000 0.587785
vn -0.951056 0.000000 0.309017
vn -0.951056 0.000000 0.309017
vn -0.809017 0.000000 0.587785
vn -0.645150 0.603386 0.468729
vn -0.951056 0.000000 0.309017
vn -0.645150 0.603386 0.468729
vn -0.758419 0.603386 0.246425
vn -0.758419 0.603386 0.246425
vn -0.645150 0.603386 0.468729
vn -0.438390 0.840456 0.318509
vn -0.758419 0.603386 0.246425
vn -0.438390 0.840456 0.318509
vn -0.515358 0.840456 0.167450
vn -0.515358 0.840456 0.167450
vn -0.438390 0.840456 0.318509
vn -0.308028 0.924680 0.223796
vn -0.515358 0.840456 0.167450
vn -0.308028 0.924680 0.223796
vn -0.362109 0.924680 0.117656
vn -0.362109 0.924680 0.117656
vn -0.308028 0.924680 0.223796
vn -0.224964 0.960561 0.163446
vn -0.362109 0.924680 0.117656
vn -0.224964 0.960561 0.163446
vn -0.264461 0.960560 0.085929
vn -0.264461 0.960560 0.085929
vn -0.224964 0.960561 0.163446
vn -0.167185 0.978414 0.121467
vn -0.264461 0.960560 0.085929
vn -0.167185 0.978414 0.121467
vn -0.196538 0.978414 0.063859
vn -0.196538 0.978414 0.063859
vn -0.167185 0.978414 0.121467
vn -0.123614 0.988258 0.089811
vn -0.196538 0.978414 0.063859
vn -0.123614 0.988258 0.089811
vn -0.145317 0.988258 0.047216
vn -0.145317 0.988258 0.047216
vn -0.123614 0.988258 0.089811
vn -0.088530 0.993995 0.064321
vn -0.145317 0.988258 0.047216
vn -0.088530 0.993995 0.064321
vn -0.104074 0.993995 0.033816
vn -0.104074 0.993995 0.033816
vn -0.088530 0.993995 0.064321
vn -0.058908 0.997346 0.042799
vn -0.088530 0.993995 0.064321
vn -0.042799 0.997346 0.058908
vn -0.058908 0.997346 0.042799
vn -0.058908 0.997346 0.042799
vn -0.042799 0.997346 0.058908
vn -0.024780 0.999111 0.034107
vn -0.123614 0.988258 0.089811
vn -0.064321 0.993995 0.088530
vn -0.088530 0.993995 0.064321
vn -0.088530 0.993995 0.064321
vn -0.064321 0.993995 0.088530
vn -0.042799 0.997346 0.058908
vn -0.167185 0.978414 0.121467
vn -0.089811 0.988258 0.123614
vn -0.123614 0.988258 0.089811
vn -0.123614 0.988258 0.089811
vn -0.089811 0.988258 0.123614
vn -0.064321 0.993995 0.088530
vn -0.224964 0.960561 0.163446
vn -0.121467 0.978414 0.167185
vn -0.167185 0.978414 0.121467
vn -0.167185 0.978414 0.121467
vn -0.121467 0.978414 0.167185
vn -0.089811 0.988258 0.123614
vn -0.308028 0.924680 0.223796
vn -0.163446 0.960560 0.224964
vn -0.224964 0.960561 0.163446
vn -0.224964 0.960561 0.163446
vn -0.163446 0.960560 0.224964
vn -0.121467 0.978414 0.167185
vn -0.042799 0.997346 0.058908
vn -0.013028 0.999111 0.040095
vn -0.024780 0.999111 0.034107
vn -0.024780 0.999111 0.034107
vn -0.013028 0.999111 0.040095
vn 0.000000 1.000000 0.000000
vn -0.064321 0.993995 0.088530
vn -0.022501 0.997346 0.069251
vn -0.042799 0.997346 0.058908
vn -0.042799 0.997346 0.058908
vn -0.022501 0.997346 0.069251
vn -0.013028 0.999111 0.040095
vn -0.089811 0.988258 0.123614
vn -0.033816 0.993995 0.104074
vn -0.064321 0.993995 0.088530
vn -0.064321 0.993995 0.088530
vn -0.033816 0.993995 0.104074
vn -0.022501 0.997346 0.069251
vn -0.121467 0.978414 0.167185
vn -0.047216 0.988258 0.145317
vn -0.089811 0.988258 0.123614
vn -0.089811 0.988258 0.123614
vn -0.047216 0.988258 0.145317
vn -0.033816 0.993995 0.104074
vn -0.022501 0.997346 0.069251
vn 0.000000 0.999111 0.042158
vn -0.013028 0.999111 0.040095
vn -0.013028 0.999111 0.040095
vn 0.000000 0.999111 0.042158
vn 0.000000 1.000000 0.000000
vn -0.033816 0.993995 0.104074
vn 0.000000 0.997346 0.072814
vn -0.022501 0.997346 0.069251
vn -0.022501 0.997346 0.069251
vn 0.000000 0.997346 0.072814
vn 0.000000 0.999111 0.042158
vn -0.308028 0.924680 0.223796
vn -0.223796 0.924680 0.308028
vn -0.163446 0.960560 0.224964
vn -0.438390 0.840456 0.318509
vn -0.223796 0.924680 0.308028
vn -0.308028 0.924680 0.223796
vn -0.163446 0.960560 0.224964
vn -0.063859 0.978414 0.196538
vn -0.121467 0.978414 0.167185
vn -0.121467 0.978414 0.167185
vn -0.063859 0.978414 0.196538
vn -0.047216 0.988258 0.145317
vn -0.047216 0.988258 0.145317
vn 0.000000 0.993995 0.109430
vn -0.033816 0.993995 0.104074
vn -0.033816 0.993995 0.104074
vn 0.000000 0.993995 0.109430
vn 0.000000 0.997346 0.072814
vn 0.000000 0.997346 0.072814
vn 0.013028 0.999111 0.040095
vn 0.000000 0.999111 0.042158
vn 0.000000 0.999111 0.042158
vn 0.013028 0.999111 0.040095
vn 0.000000 1.000000 0.000000
vn 0.000000 0.997346 0.072814
vn 0.022501 0.997346 0.069251
vn 0.013028 0.999111 0.040095
vn 0.000000 0.993995 0.109430
vn 0.022501 0.997346 0.069251
vn 0.000000 0.997346 0.072814
vn -0.047216 0.988258 0.145317
vn 0.000000 0.988258 0.152795
vn 0.000000 0.993995 0.109430
vn -0.063859 0.978414 0.196538
vn 0.000000 0.988258 0.152795
vn -0.047216 0.988258 0.145317
vn -0.163446 0.960560 0.224964
vn -0.085929 0.960560 0.264461
vn -0.063859 0.978414 0.196538
vn -0.223796 0.924680 0.308028
vn -0.085929 0.960560 0.264461
vn -0.163446 0.960560 0.224964
vn -0.438390 0.840456 0.318509
vn -0.318509 0.840456 0.438390
vn -0.223796 0.924680 0.308028
vn -0.645150 0.603386 0.468729
vn -0.318509 0.840456 0.438390
vn -0.438390 0.840456 0.318509
vn 0.022501 0.997346 0.069251
vn 0.024780 0.999111 0.034107
vn 0.013028 0.999111 0.040095
vn 0.013028 0.999111 0.040095
vn 0.024780 0.999111 0.034107
vn 0.000000 1.000000 0.000000
vn 0.000000 0.993995 0.109430
vn 0.033816 0.993995 0.104074
vn 0.022501 0.997346 0.069251
vn 0.000000 0.988258 0.152795
vn 0.033816 0.993995 0.104074
vn 0.000000 0.993995 0.109430
vn -0.063859 0.978414 0.196538
vn 0.000000 0.978414 0.206652
vn 0.000000 0.988258 0.152795
vn -0.085929 0.960560 0.264461
vn 0.000000 0.978414 0.206652
vn -0.063859 0.978414 0.196538
vn -0.223796 0.924680 0.308028
vn -0.117656 0.924680 0.362109
vn -0.085929 0.960560 0.264461
vn -0.318509 0.840456 0.438390
vn -0.117656 0.924680 0.362109
vn -0.223796 0.924680 0.308028
vn -0.645150 0.603386 0.468729
vn -0.468729 0.603386 0.645150
vn -0.318509 0.840456 0.438390
vn -0.809017 0.000000 0.587785
vn -0.468729 0.603386 0.645150
vn -0.645150 0.603386 0.468729
vn 0.022501 0.997346 0.069251
vn 0.042799 0.997346 0.058908
vn 0.024780 0.999111 0.034107
vn 0.033816 0.993995 0.104074
vn 0.042799 0.997346 0.058908
vn 0.022501 0.997346 0.069251
vn 0.000000 0.988258 0.152795
vn 0.047216 0.988258 0.145317
vn 0.033816 0.993995 0.104074
vn 0.000000 0.978414 0.206652
vn 0.047216 0.988258 0.145317
vn 0.000000 0.988258 0.152795
vn -0.085929 0.960560 0.264461
vn 0.000000 0.960561 0.278071
vn 0.000000 0.978414 0.206652
vn -0.117656 0.924680 0.362109
vn 0.000000 0.960561 0.278071
vn -0.085929 0.960560 0.264461
vn -0.318509 0.840456 0.438390
vn -0.167450 0.840456 0.515358
vn -0.117656 0.924680 0.362109
vn -0.468729 0.603386 0.645150
vn -0.167450 0.840456 0.515358
vn -0.318509 0.840456 0.438390
vn -0.809017 0.000000 0.587785
vn -0.587785 0.000000 0.809017
vn -0.468729 0.603386 0.645150
vn -0.645150 -0.603386 0.468729
vn -0.587785 0.000000 0.809017
vn -0.809017 0.000000 0.587785
vn 0.042799 0.997346 0.058908
vn 0.034107 0.999111 0.024780
vn 0.024780 0.999111 0.034107
vn 0.024780 0.999111 0.034107
vn 0.034107 0.999111 0.024780
vn 0.000000 1.000000 0.000000
vn 0.000000 0.978414 0.206652
vn 0.063859 0.978414 0.196538
vn 0.047216 0.988258 0.145317
vn 0.000000 0.960561 0.278071
vn 0.063859 0.978414 0.196538
vn 0.000000 0.978414 0.206652
vn -0.117656 0.924680 0.362109
vn 0.000000 0.924680 0.380744
vn 0.000000 0.960561 0.278071
vn -0.167450 0.840456 0.515358
vn 0.000000 0.924680 0.380744
vn -0.117656 0.924680 0.362109
vn -0.468729 0.603386 0.645150
vn -0.246425 0.603387 0.758419
vn -0.167450 0.840456 0.515358
vn -0.587785 0.000000 0.809017
vn -0.246425 0.603387 0.758419
vn -0.468729 0.603386 0.645150
vn -0.645150 -0.603386 0.468729
vn -0.468729 -0.603386 0.645150
vn -0.587785 0.000000 0.809017
vn -0.438390 -0.840456 0.318509
vn -0.468729 -0.603386 0.645150
vn -0.645150 -0.603386 0.468729
vn 0.000000 0.960561 0.278071
vn 0.085929 0.960561 0.264461
vn 0.063859 0.978414 0.196538
vn 0.000000 0.924680 0.380744
vn 0.085929 0.960561 0.264461
vn 0.000000 0.960561 0.278071
vn -0.167450 0.840456 0.515358
vn 0.000000 0.840456 0.541879
vn 0.000000 0.924680 0.380744
vn -0.246425 0.603387 0.758419
vn 0.000000 0.840456 0.541879
vn -0.167450 0.840456 0.515358
vn -0.587785 0.000000 0.809017
vn -0.309017 0.000000 0.951056
vn -0.246425 0.603387 0.758419
vn -0.468729 -0.603386 0.645150
vn -0.309017 0.000000 0.951056
vn -0.587785 0.000000 0.809017
vn -0.438390 -0.840456 0.318509
vn -0.318509 -0.840456 0.438390
vn -0.468729 -0.603386 0.645150
vn -0.308028 -0.924680 0.223796
vn -0.318509 -0.840456 0.438390
vn -0.438390 -0.840456 0.318509
vn 0.000000 0.924680 0.380744
vn 0.117656 0.924680 0.362109
vn 0.085929 0.960561 0.264461
vn 0.000000 0.840456 0.541879
vn 0.117656 0.924680 0.362109
vn 0.000000 0.924680 0.380744
vn -0.246425 0.603387 0.758419
vn 0.000000 0.603387 0.797449
vn 0.000000 0.840456 0.541879
vn -0.309017 0.000000 0.951056
vn 0.000000 0.603387 0.797449
vn -0.246425 0.603387 0.758419
vn -0.468729 -0.603386 0.645150
vn -0.246425 -0.603387 0.758419
vn -0.309017 0.000000 0.951056
vn -0.318509 -0.840456 0.438390
vn -0.246425 -0.603387 0.758419
vn -0.468729 -0.603386 0.645150
vn -0.308028 -0.924680 0.223796
vn -0.223796 -0.924680 0.308028
vn -0.318509 -0.840456 0.438390
vn -0.224964 -0.960560 0.163446
vn -0.223796 -0.924680 0.308028
vn -0.308028 -0.924680 0.223796
vn 0.000000 0.840456 0.541879
vn 0.167450 0.840456 0.515358
vn 0.117656 0.924680 0.362109
vn 0.000000 0.603387 0.797449
vn 0.167450 0.840456 0.515358
vn 0.000000 0.840456 0.541879
vn -0.309017 0.000000 0.951056
vn 0.000000 0.000000 1.000000
vn 0.000000 0.603387 0.797449
vn -0.246425 -0.603387 0.758419
vn 0.000000 0.000000 1.000000
vn -0.309017 0.000000 0.951056
vn -0.318509 -0.840456 0.438390
vn -0.167450 -0.840456 0.515358
vn -0.246425 -0.603387 0.758419
vn -0.223796 -0.924680 0.308028
vn -0.167450 -0.840456 0.515358
vn -0.318509 -0.840456 0.438390
vn -0.224964 -0.960560 0.163446
vn -0.163446 -0.960560 0.224964
vn -0.223796 -0.924680 0.308028
vn -0.167185 -0.978414 0.121467
vn -0.163446 -0.960560 0.224964
vn -0.224964 -0.960560 0.163446
vn 0.000000 0.603387 0.797449
vn 0.246425 0.603386 0.758419
vn 0.167450 0.840456 0.515358
vn 0.000000 0.000000 1.000000
vn 0.246425 0.603386 0.758419
vn 0.000000 0.603387 0.797449
vn -0.246425 -0.603387 0.758419
vn 0.000000 -0.603387 0.797449
vn 0.000000 0.000000 1.000000
vn -0.167450 -0.840456 0.515358
vn 0.000000 -0.603387 0.797449
vn -0.246425 -0.603387 0.758419
vn -0.223796 -0.924680 0.308028
vn -0.117656 -0.924680 0.362109
vn -0.167450 -0.840456 0.515358
vn -0.163446 -0.960560 0.224964
vn -0.117656 -0.924680 0.362109
vn -0.223796 -0.924680 0.308028
vn -0.167185 -0.978414 0.121467
vn -0.121467 -0.978414 0.167185
vn -0.163446 -0.960560 0.224964
vn -0.123614 -0.988258 0.089811
vn -0.121467 -0.978414 0.167185
vn -0.167185 -0.978414 0.121467
vn 0.000000 0.000000 1.000000
vn 0.309017 0.000000 0.951056
vn 0.246425 0.603386 0.758419
vn 0.000000 -0.603387 0.797449
vn 0.309017 0.000000 0.951056
vn 0.000000 0.000000 1.000000
vn -0.167450 -0.840456 0.515358
vn 0.000000 -0.840456 0.541879
vn 0.000000 -0.603387 0.797449
vn -0.117656 -0.924680 0.362109
vn 0.000000 -0.840456 0.541879
vn -0.167450 -0.840456 0.515358
vn -0.163446 -0.960560 0.224964
vn -0.085929 -0.960561 0.264461
vn -0.117656 -0.924680 0.362109
vn -0.121467 -0.978414 0.167185
vn -0.085929 -0.960561 0.264461
vn -0.163446 -0.960560 0.224964
vn -0.123614 -0.988258 0.089811
vn -0.089811 -0.988258 0.123614
vn -0.121467 -0.978414 0.167185
vn -0.088530 -0.993995 0.064321
vn -0.089811 -0.988258 0.123614
vn -0.123614 -0.988258 0.089811
vn 0.000000 -0.603387 0.797449
vn 0.246425 -0.603386 0.758419
vn 0.309017 0.000000 0.951056
vn 0.000000 -0.840456 0.541879
vn 0.246425 -0.603386 0.758419
vn 0.000000 -0.603387 0.797449
vn -0.117656 -0.924680 0.362109
vn 0.000000 -0.924680 0.380744
vn 0.000000 -0.840456 0.541879
vn -0.085929 -0.960561 0.264461
vn 0.000000 -0.924680 0.380744
vn -0.117656 -0.924680 0.362109
vn -0.121467 -0.978414 0.167185
vn -0.063859 -0.978414 0.196538
vn -0.085929 -0.960561 0.264461
vn -0.089811 -0.988258 0.123614
vn -0.063859 -0.978414 0.196538
vn -0.121467 -0.978414 0.167185
vn -0.088530 -0.993995 0.064321
vn -0.064321 -0.993995 0.088530
vn -0.089811 -0.988258 0.123614
vn -0.058908 -0.997346 0.042799
vn -0.064321 -0.993995 0.088530
vn -0.088530 -0.993995 0.064321
vn 0.000000 -0.840456 0.541879
vn 0.167450 -0.840456 0.515358
vn 0.246425 -0.603386 0.758419
vn 0.000000 -0.924680 0.380744
vn 0.167450 -0.840456 0.515358
vn 0.000000 -0.840456 0.541879
vn -0.085929 -0.960561 0.264461
vn 0.000000 -0.960560 0.278071
vn 0.000000 -0.924680 0.380744
vn -0.063859 -0.978414 0.196538
vn 0.000000 -0.960560 0.278071
vn -0.085929 -0.960561 0.264461
vn -0.089811 -0.988258 0.123614
vn -0.047216 -0.988258 0.145317
vn -0.063859 -0.978414 0.196538
vn -0.064321 -0.993995 0.088530
vn -0.047216 -0.988258 0.145317
vn -0.089811 -0.988258 0.123614
vn -0.058908 -0.997346 0.042799
vn -0.042799 -0.997346 0.058908
vn -0.064321 -0.993995 0.088530
vn -0.034107 -0.999111 0.024780
vn -0.042799 -0.997346 0.058908
vn -0.058908 -0.997346 0.042799
vn 0.000000 -0.924680 0.380744
vn 0.117656 -0.924680 0.362109
vn 0.167450 -0.840456 0.515358
vn 0.000000 -0.960560 0.278071
vn 0.117656 -0.924680 0.362109
vn 0.000000 -0.924680 0.380744
vn -0.063859 -0.978414 0.196538
vn 0.000000 -0.978414 0.206652
vn 0.000000 -0.960560 0.278071
vn -0.047216 -0.988258 0.145317
vn 0.000000 -0.978414 0.206652
vn -0.063859 -0.978414 0.196538
vn -0.064321 -0.993995 0.088530
vn -0.033816 -0.993995 0.104074
vn -0.047216 -0.988258 0.145317
vn -0.042799 -0.997346 0.058908
vn -0.033816 -0.993995 0.104074
vn -0.064321 -0.993995 0.088530
vn -0.034107 -0.999111 0.024780
vn -0.024780 -0.999111 0.034107
vn -0.042799 -0.997346 0.058908
vn -0.024780 -0.999111 0.034107
vn -0.034107 -0.999111 0.024780
vn 0.000000 -1.000000 0.000000
vn -0.024780 -0.999111 0.034107
vn -0.022501 -0.997346 0.069251
vn -0.042799 -0.997346 0.058908
vn -0.042799 -0.997346 0.058908
vn -0.022501 -0.997346 0.069251
vn -0.033816 -0.993995 0.104074
vn -0.033816 -0.993995 0.104074
vn 0.000000 -0.988258 0.152795
vn -0.047216 -0.988258 0.145317
vn -0.047216 -0.988258 0.145317
vn 0.000000 -0.988258 0.152795
vn 0.000000 -0.978414 0.206652
vn 0.000000 -0.978414 0.206652
vn 0.085929 -0.960561 0.264461
vn 0.000000 -0.960560 0.278071
vn 0.000000 -0.960560 0.278071
vn 0.085929 -0.960561 0.264461
vn 0.117656 -0.924680 0.362109
vn -0.024780 -0.999111 0.034107
vn -0.013028 -0.999111 0.040095
vn -0.022501 -0.997346 0.069251
vn -0.013028 -0.999111 0.040095
vn -0.024780 -0.999111 0.034107
vn 0.000000 -1.000000 0.000000
vn -0.022501 -0.997346 0.069251
vn 0.000000 -0.993995 0.109430
vn -0.033816 -0.993995 0.104074
vn -0.033816 -0.993995 0.104074
vn 0.000000 -0.993995 0.109430
vn 0.000000 -0.988258 0.152795
vn 0.000000 -0.988258 0.152795
vn 0.063859 -0.978414 0.196538
vn 0.000000 -0.978414 0.206652
vn 0.000000 -0.978414 0.206652
vn 0.063859 -0.978414 0.196538
vn 0.085929 -0.960561 0.264461
vn -0.013028 -0.999111 0.040095
vn 0.000000 -0.997346 0.072814
vn -0.022501 -0.997346 0.069251
vn -0.022501 -0.997346 0.069251
vn 0.000000 -0.997346 0.072814
vn 0.000000 -0.993995 0.109430
vn 0.000000 -0.993995 0.109430
vn 0.047216 -0.988258 0.145317
vn 0.000000 -0.988258 0.152795
vn 0.000000 -0.988258 0.152795
vn 0.047216 -0.988258 0.145317
vn 0.063859 -0.978414 0.196538
vn -0.013028 -0.999111 0.040095
vn 0.000000 -0.999111 0.042158
vn 0.000000 -0.997346 0.072814
vn 0.000000 -0.999111 0.042158
vn -0.013028 -0.999111 0.040095
vn 0.000000 -1.000000 0.000000
vn 0.000000 -0.997346 0.072814
vn 0.033816 -0.993995 0.104074
vn 0.000000 -0.993995 0.109430
vn 0.000000 -0.993995 0.109430
vn 0.033816 -0.993995 0.104074
vn 0.047216 -0.988258 0.145317
vn 0.000000 -0.999111 0.042158
vn 0.022501 -0.997346 0.069251
vn 0.000000 -0.997346 0.072814
vn 0.000000 -0.997346 0.072814
vn 0.022501 -0.997346 0.069251
vn 0.033816 -0.993995 0.104074
vn 0.000000 -0.999111 0.042158
vn 0.013028 -0.999111 0.040095
vn 0.022501 -0.997346 0.069251
vn 0.013028 -0.999111 0.040095
vn 0.000000 -0.999111 0.042158
vn 0.000000 -1.000000 0.000000
vn 0.063859 -0.978414 0.196538
vn 0.163446 -0.960561 0.224964
vn 0.085929 -0.960561 0.264461
vn 0.047216 -0.988258 0.145317
vn 0.121467 -0.978414 0.167185
vn 0.063859 -0.978414 0.196538
vn 0.063859 -0.978414 0.196538
vn 0.121467 -0.978414 0.167185
vn 0.163446 -0.960561 0.224964
vn 0.033816 -0.993995 0.104074
vn 0.089811 -0.988258 0.123614
vn 0.047216 -0.988258 0.145317
vn 0.047216 -0.988258 0.145317
vn 0.089811 -0.988258 0.123614
vn 0.121467 -0.978414 0.167185
vn 0.022501 -0.997346 0.069251
vn 0.064321 -0.993995 0.088530
vn 0.033816 -0.993995 0.104074
vn 0.033816 -0.993995 0.104074
vn 0.064321 -0.993995 0.088530
vn 0.089811 -0.988258 0.123614
vn 0.013028 -0.999111 0.040095
vn 0.042799 -0.997346 0.058908
vn 0.022501 -0.997346 0.069251
vn 0.022501 -0.997346 0.069251
vn 0.042799 -0.997346 0.058908
vn 0.064321 -0.993995 0.088530
vn 0.085929 -0.960561 0.264461
vn 0.163446 -0.960561 0.224964
vn 0.223796 -0.924680 0.308029
vn 0.085929 -0.960561 0.264461
vn 0.223796 -0.924680 0.308029
vn 0.117656 -0.924680 0.362109
vn 0.013028 -0.999111 0.040095
vn 0.024780 -0.999111 0.034107
vn 0.042799 -0.997346 0.058908
vn 0.024780 -0.999111 0.034107
vn 0.013028 -0.999111 0.040095
vn 0.000000 -1.000000 0.000000
vn 0.117656 -0.924680 0.362109
vn 0.223796 -0.924680 0.308029
vn 0.318509 -0.840456 0.438390
vn 0.117656 -0.924680 0.362109
vn 0.318509 -0.840456 0.438390
vn 0.167450 -0.840456 0.515358
vn 0.167450 -0.840456 0.515358
vn 0.318509 -0.840456 0.438390
vn 0.468729 -0.603386 0.645150
vn 0.167450 -0.840456 0.515358
vn 0.468729 -0.603386 0.645150
vn 0.246425 -0.603386 0.758419
vn 0.246425 -0.603386 0.758419
vn 0.468729 -0.603386 0.645150
vn 0.587785 0.000000 0.809017
vn 0.246425 -0.603386 0.758419
vn 0.587785 0.000000 0.809017
vn 0.309017 0.000000 0.951056
vn 0.309017 0.000000 0.951056
vn 0.587785 0.000000 0.809017
vn 0.468729 0.603386 0.645150
vn 0.309017 0.000000 0.951056
vn 0.468729 0.603386 0.645150
vn 0.246425 0.603386 0.758419
vn 0.246425 0.603386 0.758419
vn 0.468729 0.603386 0.645150
vn 0.318509 0.840456 0.438390
vn 0.246425 0.603386 0.758419
vn 0.318509 0.840456 0.438390
vn 0.167450 0.840456 0.515358
vn 0.167450 0.840456 0.515358
vn 0.318509 0.840456 0.438390
vn 0.223796 0.924680 0.308029
vn 0.167450 0.840456 0.515358
vn 0.223796 0.924680 0.308029
vn 0.117656 0.924680 0.362109
vn 0.117656 0.924680 0.362109
vn 0.223796 0.924680 0.308029
vn 0.163446 0.960560 0.224964
vn 0.117656 0.924680 0.362109
vn 0.163446 0.960560 0.224964
vn 0.085929 0.960561 0.264461
vn 0.085929 0.960561 0.264461
vn 0.163446 0.960560 0.224964
vn 0.121467 0.978414 0.167185
vn 0.085929 0.960561 0.264461
vn 0.121467 0.978414 0.167185
vn 0.063859 0.978414 0.196538
vn 0.063859 0.978414 0.196538
vn 0.121467 0.978414 0.167185
vn 0.089811 0.988258 0.123614
vn 0.063859 0.978414 0.196538
vn 0.089811 0.988258 0.123614
vn 0.047216 0.988258 0.145317
vn 0.047216 0.988258 0.145317
vn 0.089811 0.988258 0.123614
vn 0.064321 0.993995 0.088530
vn 0.047216 0.988258 0.145317
vn 0.064321 0.993995 0.088530
vn 0.033816 0.993995 0.104074
vn 0.033816 0.993995 0.104074
vn 0.064321 0.993995 0.088530
vn 0.042799 0.997346 0.058908
vn 0.064321 0.993995 0.088530
vn 0.058908 0.997346 0.042799
vn 0.042799 0.997346 0.058908
vn 0.042799 0.997346 0.058908
vn 0.058908 0.997346 0.042799
vn 0.034107 0.999111 0.024780
vn 0.089811 0.988258 0.123614
vn 0.088530 0.993995 0.064321
vn 0.064321 0.993995 0.088530
vn 0.064321 0.993995 0.088530
vn 0.088530 0.993995 0.064321
vn 0.058908 0.997346 0.042799
vn 0.121467 0.978414 0.167185
vn 0.123614 0.988258 0.089811
vn 0.089811 0.988258 0.123614
vn 0.089811 0.988258 0.123614
vn 0.123614 0.988258 0.089811
vn 0.088530 0.993995 0.064321
vn 0.163446 0.960560 0.224964
vn 0.167185 0.978414 0.121467
vn 0.121467 0.978414 0.167185
vn 0.121467 0.978414 0.167185
vn 0.167185 0.978414 0.121467
vn 0.123614 0.988258 0.089811
vn 0.223796 0.924680 0.308029
vn 0.224964 0.960560 0.163446
vn 0.163446 0.960560 0.224964
vn 0.163446 0.960560 0.224964
vn 0.224964 0.960560 0.163446
vn 0.167185 0.978414 0.121467
vn 0.058908 0.997346 0.042799
vn 0.040095 0.999111 0.013028
vn 0.034107 0.999111 0.024780
vn 0.034107 0.999111 0.024780
vn 0.040095 0.999111 0.013028
vn 0.000000 1.000000 0.000000
vn 0.088530 0.993995 0.064321
vn 0.069251 0.997346 0.022501
vn 0.058908 0.997346 0.042799
vn 0.058908 0.997346 0.042799
vn 0.069251 0.997346 0.022501
vn 0.040095 0.999111 0.013028
vn 0.123614 0.988258 0.089811
vn 0.104074 0.993995 0.033816
vn 0.088530 0.993995 0.064321
vn 0.088530 0.993995 0.064321
vn 0.104074 0.993995 0.033816
vn 0.069251 0.997346 0.022501
vn 0.167185 0.978414 0.121467
vn 0.145317 0.988258 0.047216
vn 0.123614 0.988258 0.089811
vn 0.123614 0.988258 0.089811
vn 0.145317 0.988258 0.047216
vn 0.104074 0.993995 0.033816
vn 0.069251 0.997346 0.022501
vn 0.042158 0.999111 0.000000
vn 0.040095 0.999111 0.013028
vn 0.040095 0.999111 0.013028
vn 0.042158 0.999111 0.000000
vn 0.000000 1.000000 0.000000
vn 0.104074 0.993995 0.033816
vn 0.072814 0.997346 0.000000
vn 0.069251 0.997346 0.022501
vn 0.069251 0.997346 0.022501
vn 0.072814 0.997346 0.000000
vn 0.042158 0.999111 0.000000
vn 0.072814 0.997346 0.000000
vn 0.040095 0.999111 -0.013028
vn 0.042158 0.999111 0.000000
vn 0.042158 0.999111 0.000000
vn 0.040095 0.999111 -0.013028
vn 0.000000 1.000000 0.000000
vn 0.072814 0.997346 0.000000
vn 0.069251 0.997346 -0.022501
vn 0.040095 0.999111 -0.013028
vn 0.104074 0.993995 0.033816
vn 0.109429 0.993995 0.000000
vn 0.072814 0.997346 0.000000
vn 0.109429 0.993995 0.000000
vn 0.069251 0.997346 -0.022501
vn 0.072814 0.997346 0.000000
vn 0.145317 0.988258 0.047216
vn 0.109429 0.993995 0.000000
vn 0.104074 0.993995 0.033816
vn 0.109429 0.993995 0.000000
vn 0.104074 0.993995 -0.033815
vn 0.069251 0.997346 -0.022501
vn 0.152795 0.988258 0.000000
vn 0.104074 0.993995 -0.033815
vn 0.109429 0.993995 0.000000
vn 0.145317 0.988258 0.047216
vn 0.152795 0.988258 0.000000
vn 0.109429 0.993995 0.000000
vn 0.152795 0.988258 0.000000
vn 0.145317 0.988258 -0.047216
vn 0.104074 0.993995 -0.033815
vn 0.167185 0.978414 0.121467
vn 0.196538 0.978414 0.063859
vn 0.145317 0.988258 0.047216
vn 0.196538 0.978414 0.063859
vn 0.152795 0.988258 0.000000
vn 0.145317 0.988258 0.047216
vn 0.224964 0.960560 0.163446
vn 0.196538 0.978414 0.063859
vn 0.167185 0.978414 0.121467
vn 0.206652 0.978414 0.000000
vn 0.145317 0.988258 -0.047216
vn 0.152795 0.988258 0.000000
vn 0.196538 0.978414 0.063859
vn 0.206652 0.978414 0.000000
vn 0.152795 0.988258 0.000000
vn 0.206652 0.978414 0.000000
vn 0.196538 0.978414 -0.063859
vn 0.145317 0.988258 -0.047216
vn 0.224964 0.960560 0.163446
vn 0.264461 0.960560 0.085929
vn 0.196538 0.978414 0.063859
vn 0.264461 0.960560 0.085929
vn 0.206652 0.978414 0.000000
vn 0.196538 0.978414 0.063859
vn 0.278071 0.960561 0.000000
vn 0.196538 0.978414 -0.063859
vn 0.206652 0.978414 0.000000
vn 0.264461 0.960560 0.085929
vn 0.278071 0.960561 0.000000
vn 0.206652 0.978414 0.000000
vn 0.278071 0.960561 0.000000
vn 0.264461 0.960561 -0.085928
vn 0.196538 0.978414 -0.063859
vn 0.308028 0.924680 0.223796
vn 0.264461 0.960560 0.085929
vn 0.224964 0.960560 0.163446
vn 0.223796 0.924680 0.308029
vn 0.308028 0.924680 0.223796
vn 0.224964 0.960560 0.163446
vn 0.318509 0.840456 0.438390
vn 0.308028 0.924680 0.223796
vn 0.223796 0.924680 0.308029
vn 0.362109 0.924680 0.117656
vn 0.278071 0.960561 0.000000
vn 0.264461 0.960560 0.085929
vn 0.308028 0.924680 0.223796
vn 0.362109 0.924680 0.117656
vn 0.264461 0.960560 0.085929
vn 0.380744 0.924680 0.000000
vn 0.264461 0.960561 -0.085928
vn 0.278071 0.960561 0.000000
vn 0.362109 0.924680 0.117656
vn 0.380744 0.924680 0.000000
vn 0.278071 0.960561 0.000000
vn 0.380744 0.924680 0.000000
vn 0.362109 0.924681 -0.117656
vn 0.264461 0.960561 -0.085928
vn 0.318509 0.840456 0.438390
vn 0.438390 0.840456 0.318509
vn 0.308028 0.924680 0.223796
vn 0.438390 0.840456 0.318509
vn 0.362109 0.924680 0.117656
vn 0.308028 0.924680 0.223796
vn 0.468729 0.603386 0.645150
vn 0.438390 0.840456 0.318509
vn 0.318509 0.840456 0.438390
vn 0.515358 0.840456 0.167450
vn 0.380744 0.924680 0.000000
vn 0.362109 0.924680 0.117656
vn 0.438390 0.840456 0.318509
vn 0.515358 0.840456 0.167450
vn 0.362109 0.924680 0.117656
vn 0.541880 0.840456 0.000000
vn 0.362109 0.924681 -0.117656
vn 0.380744 0.924680 0.000000
vn 0.515358 0.840456 0.167450
vn 0.541880 0.840456 0.000000
vn 0.380744 0.924680 0.000000
vn 0.541880 0.840456 0.000000
vn 0.515358 0.840456 -0.167449
vn 0.362109 0.924681 -0.117656
vn 0.468729 0.603386 0.645150
vn 0.645150 0.603386 0.468729
vn 0.438390 0.840456 0.318509
vn 0.645150 0.603386 0.468729
vn 0.515358 0.840456 0.167450
vn 0.438390 0.840456 0.318509
vn 0.587785 0.000000 0.809017
vn 0.645150 0.603386 0.468729
vn 0.468729 0.603386 0.645150
vn 0.758419 0.603386 0.246425
vn 0.541880 0.840456 0.000000
vn 0.515358 0.840456 0.167450
vn 0.645150 0.603386 0.468729
vn 0.758419 0.603386 0.246425
vn 0.515358 0.840456 0.167450
vn 0.797449 0.603386 0.000000
vn 0.515358 0.840456 -0.167449
vn 0.541880 0.840456 0.000000
vn 0.758419 0.603386 0.246425
vn 0.797449 0.603386 0.000000
vn 0.541880 0.840456 0.000000
vn 0.797449 0.603386 0.000000
vn 0.758419 0.603386 -0.246424
vn 0.515358 0.840456 -0.167449
vn 0.587785 0.000000 0.809017
vn 0.809017 0.000000 0.587785
vn 0.645150 0.603386 0.468729
vn 0.809017 0.000000 0.587785
vn 0.758419 0.603386 0.246425
vn 0.645150 0.603386 0.468729
vn 0.468729 -0.603386 0.645150
vn 0.809017 0.000000 0.587785
vn 0.587785 0.000000 0.809017
vn 0.951056 0.000000 0.309017
vn 0.797449 0.603386 0.000000
vn 0.758419 0.603386 0.246425
vn 0.809017 0.000000 0.587785
vn 0.951056 0.000000 0.309017
vn 0.758419 0.603386 0.246425
vn 1.000000 0.000000 0.000000
vn 0.758419 0.603386 -0.246424
vn 0.797449 0.603386 0.000000
vn 0.951056 0.000000 0.309017
vn 1.000000 0.000000 0.000000
vn 0.797449 0.603386 0.000000
vn 1.000000 0.000000 0.000000
vn 0.951057 0.000000 -0.309016
vn 0.758419 0.603386 -0.246424
vn 0.468729 -0.603386 0.645150
vn 0.645150 -0.603386 0.468729
vn 0.809017 0.000000 0.587785
vn 0.645150 -0.603386 0.468729
vn 0.951056 0.000000 0.309017
vn 0.809017 0.000000 0.587785
vn 0.318509 -0.840456 0.438390
vn 0.645150 -0.603386 0.468729
vn 0.468729 -0.603386 0.645150
vn 0.758419 -0.603386 0.246425
vn 1.000000 0.000000 0.000000
vn 0.951056 0.000000 0.309017
vn 0.645150 -0.603386 0.468729
vn 0.758419 -0.603386 0.246425
vn 0.951056 0.000000 0.309017
vn 0.797449 -0.603386 0.000000
vn 0.951057 0.000000 -0.309016
vn 1.000000 0.000000 0.000000
vn 0.758419 -0.603386 0.246425
vn 0.797449 -0.603386 0.000000
vn 1.000000 0.000000 0.000000
vn 0.797449 -0.603386 0.000000
vn 0.758419 -0.603386 -0.246425
vn 0.951057 0.000000 -0.309016
vn 0.318509 -0.840456 0.438390
vn 0.438390 -0.840456 0.318509
vn 0.645150 -0.603386 0.468729
vn 0.438390 -0.840456 0.318509
vn 0.758419 -0.603386 0.246425
vn 0.645150 -0.603386 0.468729
vn 0.223796 -0.924680 0.308029
vn 0.438390 -0.840456 0.318509
vn 0.318509 -0.840456 0.438390
vn 0.515358 -0.840456 0.167450
vn 0.797449 -0.603386 0.000000
vn 0.758419 -0.603386 0.246425
vn 0.438390 -0.840456 0.318509
vn 0.515358 -0.840456 0.167450
vn 0.758419 -0.603386 0.246425
vn 0.541880 -0.840456 0.000000
vn 0.758419 -0.603386 -0.246425
vn 0.797449 -0.603386 0.000000
vn 0.515358 -0.840456 0.167450
vn 0.541880 -0.840456 0.000000
vn 0.797449 -0.603386 0.000000
vn 0.541880 -0.840456 0.000000
vn 0.515358 -0.840456 -0.167449
vn 0.758419 -0.603386 -0.246425
vn 0.223796 -0.924680 0.308029
vn 0.308028 -0.924680 0.223796
vn 0.438390 -0.840456 0.318509
vn 0.308028 -0.924680 0.223796
vn 0.515358 -0.840456 0.167450
vn 0.438390 -0.840456 0.318509
vn 0.163446 -0.960561 0.224964
vn 0.308028 -0.924680 0.223796
vn 0.223796 -0.924680 0.308029
vn 0.362109 -0.924680 0.117656
vn 0.541880 -0.840456 0.000000
vn 0.515358 -0.840456 0.167450
vn 0.308028 -0.924680 0.223796
vn 0.362109 -0.924680 0.117656
vn 0.515358 -0.840456 0.167450
vn 0.380744 -0.924681 0.000000
vn 0.515358 -0.840456 -0.167449
vn 0.541880 -0.840456 0.000000
vn 0.362109 -0.924680 0.117656
vn 0.380744 -0.924681 0.000000
vn 0.541880 -0.840456 0.000000
vn 0.380744 -0.924681 0.000000
vn 0.362109 -0.924681 -0.117656
vn 0.515358 -0.840456 -0.167449
vn 0.163446 -0.960561 0.224964
vn 0.224964 -0.960560 0.163446
vn 0.308028 -0.924680 0.223796
vn 0.224964 -0.960560 0.163446
vn 0.362109 -0.924680 0.117656
vn 0.308028 -0.924680 0.223796
vn 0.121467 -0.978414 0.167185
vn 0.224964 -0.960560 0.163446
vn 0.163446 -0.960561 0.224964
vn 0.264461 -0.960560 0.085929
vn 0.380744 -0.924681 0.000000
vn 0.362109 -0.924680 0.117656
vn 0.224964 -0.960560 0.163446
vn 0.264461 -0.960560 0.085929
vn 0.362109 -0.924680 0.117656
vn 0.278071 -0.960561 0.000000
vn 0.362109 -0.924681 -0.117656
vn 0.380744 -0.924681 0.000000
vn 0.264461 -0.960560 0.085929
vn 0.278071 -0.960561 0.000000
vn 0.380744 -0.924681 0.000000
vn 0.278071 -0.960561 0.000000
vn 0.264461 -0.960561 -0.085928
vn 0.362109 -0.924681 -0.117656
vn 0.121467 -0.978414 0.167185
vn 0.167185 -0.978414 0.121467
vn 0.224964 -0.960560 0.163446
vn 0.167185 -0.978414 0.121467
vn 0.264461 -0.960560 0.085929
vn 0.224964 -0.960560 0.163446
vn 0.089811 -0.988258 0.123614
vn 0.167185 -0.978414 0.121467
vn 0.121467 -0.978414 0.167185
vn 0.196538 -0.978414 0.063859
vn 0.278071 -0.960561 0.000000
vn 0.264461 -0.960560 0.085929
vn 0.167185 -0.978414 0.121467
vn 0.196538 -0.978414 0.063859
vn 0.264461 -0.960560 0.085929
vn 0.206652 -0.978414 0.000000
vn 0.264461 -0.960561 -0.085928
vn 0.278071 -0.960561 0.000000
vn 0.196538 -0.978414 0.063859
vn 0.206652 -0.978414 0.000000
vn 0.278071 -0.960561 0.000000
vn 0.206652 -0.978414 0.000000
vn 0.196538 -0.978414 -0.063859
vn 0.264461 -0.960561 -0.085928
vn 0.089811 -0.988258 0.123614
vn 0.123614 -0.988258 0.089811
vn 0.167185 -0.978414 0.121467
vn 0.123614 -0.988258 0.089811
vn 0.196538 -0.978414 0.063859
vn 0.167185 -0.978414 0.121467
vn 0.064321 -0.993995 0.088530
vn 0.123614 -0.988258 0.089811
vn 0.089811 -0.988258 0.123614
vn 0.145317 -0.988258 0.047216
vn 0.206652 -0.978414 0.000000
vn 0.196538 -0.978414 0.063859
vn 0.123614 -0.988258 0.089811
vn 0.145317 -0.988258 0.047216
vn 0.196538 -0.978414 0.063859
vn 0.152795 -0.988258 0.000000
vn 0.196538 -0.978414 -0.063859
vn 0.206652 -0.978414 0.000000
vn 0.145317 -0.988258 0.047216
vn 0.152795 -0.988258 0.000000
vn 0.206652 -0.978414 0.000000
vn 0.152795 -0.988258 0.000000
vn 0.145317 -0.988258 -0.047216
vn 0.196538 -0.978414 -0.063859
vn 0.064321 -0.993995 0.088530
vn 0.088530 -0.993995 0.064321
vn 0.123614 -0.988258 0.089811
vn 0.088530 -0.993995 0.064321
vn 0.145317 -0.988258 0.047216
vn 0.123614 -0.988258 0.089811
vn 0.042799 -0.997346 0.058908
vn 0.088530 -0.993995 0.064321
vn 0.064321 -0.993995 0.088530
vn 0.104074 -0.993995 0.033816
vn 0.152795 -0.988258 0.000000
vn 0.145317 -0.988258 0.047216
vn 0.088530 -0.993995 0.064321
vn 0.104074 -0.993995 0.033816
vn 0.145317 -0.988258 0.047216
vn 0.109429 -0.993995 0.000000
vn 0.145317 -0.988258 -0.047216
vn 0.152795 -0.988258 0.000000
vn 0.104074 -0.993995 0.033816
vn 0.109429 -0.993995 0.000000
vn 0.152795 -0.988258 0.000000
vn 0.109429 -0.993995 0.000000
vn 0.104074 -0.993995 -0.033815
vn 0.145317 -0.988258 -0.047216
vn 0.042799 -0.997346 0.058908
vn 0.058908 -0.997346 0.042799
vn 0.088530 -0.993995 0.064321
vn 0.058908 -0.997346 0.042799
vn 0.104074 -0.993995 0.033816
vn 0.088530 -0.993995 0.064321
vn 0.024780 -0.999111 0.034107
vn 0.058908 -0.997346 0.042799
vn 0.042799 -0.997346 0.058908
vn 0.069251 -0.997346 0.022501
vn 0.109429 -0.993995 0.000000
vn 0.104074 -0.993995 0.033816
vn 0.058908 -0.997346 0.042799
vn 0.069251 -0.997346 0.022501
vn 0.104074 -0.993995 0.033816
vn 0.072814 -0.997346 0.000000
vn 0.104074 -0.993995 -0.033815
vn 0.109429 -0.993995 0.000000
vn 0.069251 -0.997346 0.022501
vn 0.072814 -0.997346 0.000000
vn 0.109429 -0.993995 0.000000
vn 0.072814 -0.997346 0.000000
vn 0.069251 -0.997346 -0.022501
vn 0.104074 -0.993995 -0.033815
vn 0.024780 -0.999111 0.034107
vn 0.034107 -0.999111 0.024780
vn 0.058908 -0.997346 0.042799
vn 0.034107 -0.999111 0.024780
vn 0.069251 -0.997346 0.022501
vn 0.058908 -0.997346 0.042799
vn 0.034107 -0.999111 0.024780
vn 0.024780 -0.999111 0.034107
vn 0.000000 -1.000000 0.000000
vn 0.034107 -0.999111 0.024780
vn 0.040095 -0.999111 0.013028
vn 0.069251 -0.997346 0.022501
vn 0.040095 -0.999111 0.013028
vn 0.072814 -0.997346 0.000000
vn 0.069251 -0.997346 0.022501
vn 0.040095 -0.999111 0.013028
vn 0.034107 -0.999111 0.024780
vn 0.000000 -1.000000 0.000000
vn 0.042158 -0.999111 0.000000
vn 0.069251 -0.997346 -0.022501
vn 0.072814 -0.997346 0.000000
vn 0.040095 -0.999111 0.013028
vn 0.042158 -0.999111 0.000000
vn 0.072814 -0.997346 0.000000
vn 0.042158 -0.999111 0.000000
vn 0.040095 -0.999111 0.013028
vn 0.000000 -1.000000 0.000000
vn 0.042158 -0.999111 0.000000
vn 0.040095 -0.999111 -0.013028
vn 0.069251 -0.997346 -0.022501
vn 0.040095 -0.999111 -0.013028
vn 0.042158 -0.999111 0.000000
vn 0.000000 -1.000000 0.000000
s off
g tomatorock group36
usemtl tomatorockSG
f 1/1/1 3/3/2 2/2/3
f 3/3/4 1/1/5 4/4/6
f 3/3/7 4/4/8 5/5/9
f 5/5/10 4/4/11 6/6/12
f 5/5/13 6/6/14 7/7/15
f 7/7/16 6/6/17 8/8/18
f 7/7/19 8/8/20 9/9/21
f 9/9/22 8/8/23 10/10/24
f 9/9/25 10/10/26 11/11/27
f 11/11/28 10/10/29 12/12/30
f 11/11/31 12/12/32 13/13/33
f 13/13/34 12/12/35 14/14/36
f 13/13/37 14/14/38 15/15/39
f 15/15/40 14/14/41 16/16/42
f 15/15/43 16/16/44 17/17/45
f 17/17/46 16/16/47 18/18/48
f 17/17/49 18/18/50 19/19/51
f 19/19/52 18/18/53 20/20/54
f 19/19/55 20/20/56 21/21/57
f 21/21/58 20/20/59 22/22/60
f 21/21/61 22/22/62 23/23/63
f 23/23/64 22/22/65 24/24/66
f 23/23/67 24/24/68 25/25/69
f 25/25/70 24/24/71 26/26/72
f 25/25/73 26/26/74 27/27/75
f 27/27/76 26/26/77 28/28/78
f 27/27/79 28/28/80 29/29/81
f 29/29/82 28/28/83 30/30/84
f 29/29/85 30/30/86 31/31/87
f 31/31/88 30/30/89 32/32/90
f 31/31/91 32/32/92 33/33/93
f 33/33/94 32/32/95 34/34/96
f 33/33/97 34/34/98 35/35/99
f 35/35/100 34/34/101 36/36/102
f 35/35/103 36/36/104 37/37/105
f 37/37/106 36/36/107 38/38/108
f 37/37/109 38/38/110 39/39/111
f 39/39/112 38/38/113 40/40/114
f 36/36/115 41/41/116 38/38/117
f 38/38/118 41/41/119 40/42/120
f 34/34/121 42/43/122 36/36/123
f 36/36/124 42/43/125 41/41/126
f 32/32/127 43/44/128 34/34/129
f 34/34/130 43/44/131 42/43/132
f 30/30/133 44/45/134 32/32/135
f 32/32/136 44/45/137 43/44/138
f 42/43/139 45/46/140 41/41/141
f 41/41/142 45/46/143 40/47/144
f 43/44/145 46/48/146 42/43/147
f 42/43/148 46/48/149 45/46/150
f 30/30/151 47/49/152 44/45/153
f 28/28/154 47/49/155 30/30/156
f 44/45/157 48/50/158 43/44/159
f 43/44/160 48/50/161 46/48/162
f 46/48/163 49/51/164 45/46/165
f 45/46/166 49/51/167 40/52/168
f 46/48/169 50/53/170 49/51/171
f 48/50/172 50/53/173 46/48/174
f 44/45/175 51/54/176 48/50/177
f 47/49/178 51/54/179 44/45/180
f 28/28/181 52/55/182 47/49/183
f 26/26/184 52/55/185 28/28/186
f 50/53/187 53/56/188 49/51/189
f 49/51/190 53/56/191 40/57/192
f 48/50/193 54/58/194 50/53/195
f 51/54/196 54/58/197 48/50/198
f 47/49/199 55/59/200 51/54/201
f 52/55/202 55/59/203 47/49/204
f 26/26/205 56/60/206 52/55/207
f 24/24/208 56/60/209 26/26/210
f 50/53/211 57/61/212 53/56/213
f 54/58/214 57/61/215 50/53/216
f 51/54/217 58/62/218 54/58/219
f 55/59/220 58/62/221 51/54/222
f 52/55/223 59/63/224 55/59/225
f 56/60/226 59/63/227 52/55/228
f 24/24/229 60/64/230 56/60/231
f 22/22/232 60/64/233 24/24/234
f 57/61/235 61/65/236 53/56/237
f 53/56/238 61/65/239 40/66/240
f 54/58/241 62/67/242 57/61/243
f 58/62/244 62/67/245 54/58/246
f 55/59/247 63/68/248 58/62/249
f 59/63/250 63/68/251 55/59/252
f 56/60/253 64/69/254 59/63/255
f 60/64/256 64/69/257 56/60/258
f 22/22/259 65/70/260 60/64/261
f 20/20/262 65/70/263 22/22/264
f 57/61/265 66/71/266 61/65/267
f 62/67/268 66/71/269 57/61/270
f 58/62/271 67/72/272 62/67/273
f 63/68/274 67/72/275 58/62/276
f 59/63/277 68/73/278 63/68/279
f 64/69/280 68/73/281 59/63/282
f 60/64/283 69/74/284 64/69/285
f 65/70/286 69/74/287 60/64/288
f 20/20/289 70/75/290 65/70/291
f 18/18/292 70/75/293 20/20/294
f 66/71/295 71/76/296 61/65/297
f 61/65/298 71/76/299 40/77/300
f 63/68/301 72/78/302 67/72/303
f 68/73/304 72/78/305 63/68/306
f 64/69/307 73/79/308 68/73/309
f 69/74/310 73/79/311 64/69/312
f 65/70/313 74/80/314 69/74/315
f 70/75/316 74/80/317 65/70/318
f 18/18/319 75/81/320 70/75/321
f 16/16/322 75/81/323 18/18/324
f 68/73/325 76/82/326 72/78/327
f 73/79/328 76/82/329 68/73/330
f 69/74/331 77/83/332 73/79/333
f 74/80/334 77/83/335 69/74/336
f 70/75/337 78/84/338 74/80/339
f 75/81/340 78/84/341 70/75/342
f 16/16/343 79/85/344 75/81/345
f 14/14/346 79/85/347 16/16/348
f 73/79/349 80/86/350 76/82/351
f 77/83/352 80/86/353 73/79/354
f 74/80/355 81/87/356 77/83/357
f 78/84/358 81/87/359 74/80/360
f 75/81/361 82/88/362 78/84/363
f 79/85/364 82/88/365 75/81/366
f 14/14/367 83/89/368 79/85/369
f 12/12/370 83/89/371 14/14/372
f 77/83/373 84/90/374 80/86/375
f 81/87/376 84/90/377 77/83/378
f 78/84/379 85/91/380 81/87/381
f 82/88/382 85/91/383 78/84/384
f 79/85/385 86/92/386 82/88/387
f 83/89/388 86/92/389 79/85/390
f 12/12/391 87/93/392 83/89/393
f 10/10/394 87/93/395 12/12/396
f 81/87/397 88/94/398 84/90/399
f 85/91/400 88/94/401 81/87/402
f 82/88/403 89/95/404 85/91/405
f 86/92/406 89/95/407 82/88/408
f 83/89/409 90/96/410 86/92/411
f 87/93/412 90/96/413 83/89/414
f 10/10/415 91/97/416 87/93/417
f 8/8/418 91/97/419 10/10/420
f 85/91/421 92/98/422 88/94/423
f 89/95/424 92/98/425 85/91/426
f 86/92/427 93/99/428 89/95/429
f 90/96/430 93/99/431 86/92/432
f 87/93/433 94/100/434 90/96/435
f 91/97/436 94/100/437 87/93/438
f 8/8/439 95/101/440 91/97/441
f 6/6/442 95/101/443 8/8/444
f 89/95/445 96/102/446 92/98/447
f 93/99/448 96/102/449 89/95/450
f 90/96/451 97/103/452 93/99/453
f 94/100/454 97/103/455 90/96/456
f 91/97/457 98/104/458 94/100/459
f 95/101/460 98/104/461 91/97/462
f 6/6/463 99/105/464 95/101/465
f 4/4/466 99/105/467 6/6/468
f 93/99/469 100/106/470 96/102/471
f 97/103/472 100/106/473 93/99/474
f 94/100/475 101/107/476 97/103/477
f 98/104/478 101/107/479 94/100/480
f 95/101/481 102/108/482 98/104/483
f 99/105/484 102/108/485 95/101/486
f 4/4/487 103/109/488 99/105/489
f 1/1/490 103/109/491 4/4/492
f 97/103/493 104/110/494 100/106/495
f 101/107/496 104/110/497 97/103/498
f 98/104/499 105/111/500 101/107/501
f 102/108/502 105/111/503 98/104/504
f 99/105/505 106/112/506 102/108/507
f 103/109/508 106/112/509 99/105/510
f 1/1/511 107/113/512 103/109/513
f 107/113/514 1/1/515 2/114/516
f 107/113/517 108/115/518 103/109/519
f 103/109/520 108/115/521 106/112/522
f 106/112/523 109/116/524 102/108/525
f 102/108/526 109/116/527 105/111/528
f 105/111/529 110/117/530 101/107/531
f 101/107/532 110/117/533 104/110/534
f 107/113/535 111/118/536 108/115/537
f 111/118/538 107/113/539 2/119/540
f 108/115/541 112/120/542 106/112/543
f 106/112/544 112/120/545 109/116/546
f 109/116/547 113/121/548 105/111/549
f 105/111/550 113/121/551 110/117/552
f 111/118/553 114/122/554 108/115/555
f 108/115/556 114/122/557 112/120/558
f 112/120/559 115/123/560 109/116/561
f 109/116/562 115/123/563 113/121/564
f 111/118/565 116/124/566 114/122/567
f 116/124/568 111/118/569 2/125/570
f 114/122/571 117/126/572 112/120/573
f 112/120/574 117/126/575 115/123/576
f 116/124/577 118/127/578 114/122/579
f 114/122/580 118/127/581 117/126/582
f 116/124/583 119/128/584 118/127/585
f 119/128/586 116/124/587 2/129/588
f 113/121/589 120/130/590 110/117/591
f 115/123/592 121/131/593 113/121/594
f 113/121/595 121/131/596 120/130/597
f 117/126/598 122/132/599 115/123/600
f 115/123/601 122/132/602 121/131/603
f 118/127/604 123/133/605 117/126/606
f 117/126/607 123/133/608 122/132/609
f 119/128/610 124/134/611 118/127/612
f 118/127/613 124/134/614 123/133/615
f 110/117/616 120/130/617 125/135/618
f 110/117/619 125/135/620 104/110/621
f 119/128/622 126/136/623 124/134/624
f 126/136/625 119/128/626 2/137/627
f 104/110/628 125/135/629 127/138/630
f 104/110/631 127/138/632 100/106/633
f 100/106/634 127/138/635 128/139/636
f 100/106/637 128/139/638 96/102/639
f 96/102/640 128/139/641 129/140/642
f 96/102/643 129/140/644 92/98/645
f 92/98/646 129/140/647 130/141/648
f 92/98/649 130/141/650 88/94/651
f 88/94/652 130/141/653 131/142/654
f 88/94/655 131/142/656 84/90/657
f 84/90/658 131/142/659 132/143/660
f 84/90/661 132/143/662 80/86/663
f 80/86/664 132/143/665 133/144/666
f 80/86/667 133/144/668 76/82/669
f 76/82/670 133/144/671 134/145/672
f 76/82/673 134/145/674 72/78/675
f 72/78/676 134/145/677 135/146/678
f 72/78/679 135/146/680 67/72/681
f 67/72/682 135/146/683 136/147/684
f 67/72/685 136/147/686 62/67/687
f 62/67/688 136/147/689 66/71/690
f 136/147/691 137/148/692 66/71/693
f 66/71/694 137/148/695 71/76/696
f 135/146/697 138/149/698 136/147/699
f 136/147/700 138/149/701 137/148/702
f 134/145/703 139/150/704 135/146/705
f 135/146/706 139/150/707 138/149/708
f 133/144/709 140/151/710 134/145/711
f 134/145/712 140/151/713 139/150/714
f 132/143/715 141/152/716 133/144/717
f 133/144/718 141/152/719 140/151/720
f 137/148/721 142/153/722 71/76/723
f 71/76/724 142/153/725 40/154/726
f 138/149/727 143/155/728 137/148/729
f 137/148/730 143/155/731 142/153/732
f 139/150/733 144/156/734 138/149/735
f 138/149/736 144/156/737 143/155/738
f 140/151/739 145/157/740 139/150/741
f 139/150/742 145/157/743 144/156/744
f 143/155/745 146/158/746 142/153/747
f 142/153/748 146/158/749 40/159/750
f 144/156/751 147/160/752 143/155/753
f 143/155/754 147/160/755 146/158/756
f 132/143/757 148/161/758 141/152/759
f 131/142/760 148/161/761 132/143/762
f 141/152/763 149/162/764 140/151/765
f 140/151/766 149/162/767 145/157/768
f 145/157/769 150/163/770 144/156/771
f 144/156/772 150/163/773 147/160/774
f 147/160/775 151/164/776 146/158/777
f 146/158/778 151/164/779 40/165/780
f 147/160/781 152/166/782 151/164/783
f 150/163/784 152/166/785 147/160/786
f 145/157/787 153/167/788 150/163/789
f 149/162/790 153/167/791 145/157/792
f 141/152/793 154/168/794 149/162/795
f 148/161/796 154/168/797 141/152/798
f 131/142/799 155/169/800 148/161/801
f 130/141/802 155/169/803 131/142/804
f 152/166/805 156/170/806 151/164/807
f 151/164/808 156/170/809 40/171/810
f 150/163/811 157/172/812 152/166/813
f 153/167/814 157/172/815 150/163/816
f 149/162/817 158/173/818 153/167/819
f 154/168/820 158/173/821 149/162/822
f 148/161/823 159/174/824 154/168/825
f 155/169/826 159/174/827 148/161/828
f 130/141/829 160/175/830 155/169/831
f 129/140/832 160/175/833 130/141/834
f 152/166/835 161/176/836 156/170/837
f 157/172/838 161/176/839 152/166/840
f 153/167/841 162/177/842 157/172/843
f 158/173/844 162/177/845 153/167/846
f 154/168/847 163/178/848 158/173/849
f 159/174/850 163/178/851 154/168/852
f 155/169/853 164/179/854 159/174/855
f 160/175/856 164/179/857 155/169/858
f 129/140/859 165/180/860 160/175/861
f 128/139/862 165/180/863 129/140/864
f 161/176/865 166/181/866 156/170/867
f 156/170/868 166/181/869 40/182/870
f 158/173/871 167/183/872 162/177/873
f 163/178/874 167/183/875 158/173/876
f 159/174/877 168/184/878 163/178/879
f 164/179/880 168/184/881 159/174/882
f 160/175/883 169/185/884 164/179/885
f 165/180/886 169/185/887 160/175/888
f 128/139/889 170/186/890 165/180/891
f 127/138/892 170/186/893 128/139/894
f 163/178/895 171/187/896 167/183/897
f 168/184/898 171/187/899 163/178/900
f 164/179/901 172/188/902 168/184/903
f 169/185/904 172/188/905 164/179/906
f 165/180/907 173/189/908 169/185/909
f 170/186/910 173/189/911 165/180/912
f 127/138/913 174/190/914 170/186/915
f 125/135/916 174/190/917 127/138/918
f 168/184/919 175/191/920 171/187/921
f 172/188/922 175/191/923 168/184/924
f 169/185/925 176/192/926 172/188/927
f 173/189/928 176/192/929 169/185/930
f 170/186/931 177/193/932 173/189/933
f 174/190/934 177/193/935 170/186/936
f 125/135/937 178/194/938 174/190/939
f 120/130/940 178/194/941 125/135/942
f 172/188/943 179/195/944 175/191/945
f 176/192/946 179/195/947 172/188/948
f 173/189/949 180/196/950 176/192/951
f 177/193/952 180/196/953 173/189/954
f 174/190/955 181/197/956 177/193/957
f 178/194/958 181/197/959 174/190/960
f 120/130/961 182/198/962 178/194/963
f 121/131/964 182/198/965 120/130/966
f 176/192/967 183/199/968 179/195/969
f 180/196/970 183/199/971 176/192/972
f 177/193/973 184/200/974 180/196/975
f 181/197/976 184/200/977 177/193/978
f 178/194/979 185/201/980 181/197/981
f 182/198/982 185/201/983 178/194/984
f 121/131/985 186/202/986 182/198/987
f 122/132/988 186/202/989 121/131/990
f 180/196/991 187/203/992 183/199/993
f 184/200/994 187/203/995 180/196/996
f 181/197/997 188/204/998 184/200/999
f 185/201/1000 188/204/1001 181/197/1002
f 182/198/1003 189/205/1004 185/201/1005
f 186/202/1006 189/205/1007 182/198/1008
f 122/132/1009 190/206/1010 186/202/1011
f 123/133/1012 190/206/1013 122/132/1014
f 184/200/1015 191/207/1016 187/203/1017
f 188/204/1018 191/207/1019 184/200/1020
f 185/201/1021 192/208/1022 188/204/1023
f 189/205/1024 192/208/1025 185/201/1026
f 186/202/1027 193/209/1028 189/205/1029
f 190/206/1030 193/209/1031 186/202/1032
f 123/133/1033 194/210/1034 190/206/1035
f 124/134/1036 194/210/1037 123/133/1038
f 188/204/1039 195/211/1040 191/207/1041
f 192/208/1042 195/211/1043 188/204/1044
f 189/205/1045 196/212/1046 192/208/1047
f 193/209/1048 196/212/1049 189/205/1050
f 190/206/1051 197/213/1052 193/209/1053
f 194/210/1054 197/213/1055 190/206/1056
f 124/134/1057 198/214/1058 194/210/1059
f 126/136/1060 198/214/1061 124/134/1062
f 192/208/1063 199/215/1064 195/211/1065
f 196/212/1066 199/215/1067 192/208/1068
f 193/209/1069 200/216/1070 196/212/1071
f 197/213/1072 200/216/1073 193/209/1074
f 194/210/1075 201/217/1076 197/213/1077
f 198/214/1078 201/217/1079 194/210/1080
f 126/136/1081 202/218/1082 198/214/1083
f 202/218/1084 126/136/1085 2/219/1086
f 202/218/1087 203/220/1088 198/214/1089
f 198/214/1090 203/220/1091 201/217/1092
f 201/217/1093 204/221/1094 197/213/1095
f 197/213/1096 204/221/1097 200/216/1098
f 200/216/1099 205/222/1100 196/212/1101
f 196/212/1102 205/222/1103 199/215/1104
f 202/218/1105 206/223/1106 203/220/1107
f 206/223/1108 202/218/1109 2/224/1110
f 203/220/1111 207/225/1112 201/217/1113
f 201/217/1114 207/225/1115 204/221/1116
f 204/221/1117 208/226/1118 200/216/1119
f 200/216/1120 208/226/1121 205/222/1122
f 206/223/1123 209/227/1124 203/220/1125
f 203/220/1126 209/227/1127 207/225/1128
f 207/225/1129 210/228/1130 204/221/1131
f 204/221/1132 210/228/1133 208/226/1134
f 206/223/1135 211/229/1136 209/227/1137
f 211/229/1138 206/223/1139 2/230/1140
f 209/227/1141 212/231/1142 207/225/1143
f 207/225/1144 212/231/1145 210/228/1146
f 211/229/1147 213/232/1148 209/227/1149
f 209/227/1150 213/232/1151 212/231/1152
f 211/229/1153 214/233/1154 213/232/1155
f 214/233/1156 211/229/1157 2/234/1158
f 208/226/1159 215/235/1160 205/222/1161
f 210/228/1162 216/236/1163 208/226/1164
f 208/226/1165 216/236/1166 215/235/1167
f 212/231/1168 217/237/1169 210/228/1170
f 210/228/1171 217/237/1172 216/236/1173
f 213/232/1174 218/238/1175 212/231/1176
f 212/231/1177 218/238/1178 217/237/1179
f 214/233/1180 219/239/1181 213/232/1182
f 213/232/1183 219/239/1184 218/238/1185
f 205/222/1186 215/235/1187 220/240/1188
f 205/222/1189 220/240/1190 199/215/1191
f 214/233/1192 221/241/1193 219/239/1194
f 221/241/1195 214/233/1196 2/242/1197
f 199/215/1198 220/240/1199 222/243/1200
f 199/215/1201 222/243/1202 195/211/1203
f 195/211/1204 222/243/1205 223/244/1206
f 195/211/1207 223/244/1208 191/207/1209
f 191/207/1210 223/244/1211 224/245/1212
f 191/207/1213 224/245/1214 187/203/1215
f 187/203/1216 224/245/1217 225/246/1218
f 187/203/1219 225/246/1220 183/199/1221
f 183/199/1222 225/246/1223 226/247/1224
f 183/199/1225 226/247/1226 179/195/1227
f 179/195/1228 226/247/1229 227/248/1230
f 179/195/1231 227/248/1232 175/191/1233
f 175/191/1234 227/248/1235 228/249/1236
f 175/191/1237 228/249/1238 171/187/1239
f 171/187/1240 228/249/1241 229/250/1242
f 171/187/1243 229/250/1244 167/183/1245
f 167/183/1246 229/250/1247 230/251/1248
f 167/183/1249 230/251/1250 162/177/1251
f 162/177/1252 230/251/1253 231/252/1254
f 162/177/1255 231/252/1256 157/172/1257
f 157/172/1258 231/252/1259 161/176/1260
f 231/252/1261 232/253/1262 161/176/1263
f 161/176/1264 232/253/1265 166/181/1266
f 230/251/1267 233/254/1268 231/252/1269
f 231/252/1270 233/254/1271 232/253/1272
f 229/250/1273 234/255/1274 230/251/1275
f 230/251/1276 234/255/1277 233/254/1278
f 228/249/1279 235/256/1280 229/250/1281
f 229/250/1282 235/256/1283 234/255/1284
f 227/248/1285 236/257/1286 228/249/1287
f 228/249/1288 236/257/1289 235/256/1290
f 232/253/1291 237/258/1292 166/181/1293
f 166/181/1294 237/258/1295 40/259/1296
f 233/254/1297 238/260/1298 232/253/1299
f 232/253/1300 238/260/1301 237/258/1302
f 234/255/1303 239/261/1304 233/254/1305
f 233/254/1306 239/261/1307 238/260/1308
f 235/256/1309 240/262/1310 234/255/1311
f 234/255/1312 240/262/1313 239/261/1314
f 238/260/1315 241/263/1316 237/258/1317
f 237/258/1318 241/263/1319 40/264/1320
f 239/261/1321 242/265/1322 238/260/1323
f 238/260/1324 242/265/1325 241/263/1326
f 227/248/1327 243/266/1328 236/257/1329
f 226/247/1330 243/266/1331 227/248/1332
f 236/257/1333 244/267/1334 235/256/1335
f 235/256/1336 244/267/1337 240/262/1338
f 240/262/1339 245/268/1340 239/261/1341
f 239/261/1342 245/268/1343 242/265/1344
f 242/265/1345 246/269/1346 241/263/1347
f 241/263/1348 246/269/1349 40/270/1350
f 242/265/1351 247/271/1352 246/269/1353
f 245/268/1354 247/271/1355 242/265/1356
f 240/262/1357 248/272/1358 245/268/1359
f 244/267/1360 248/272/1361 240/262/1362
f 236/257/1363 249/273/1364 244/267/1365
f 243/266/1366 249/273/1367 236/257/1368
f 226/247/1369 250/274/1370 243/266/1371
f 225/246/1372 250/274/1373 226/247/1374
f 247/271/1375 251/275/1376 246/269/1377
f 246/269/1378 251/275/1379 40/276/1380
f 245/268/1381 252/277/1382 247/271/1383
f 248/272/1384 252/277/1385 245/268/1386
f 244/267/1387 253/278/1388 248/272/1389
f 249/273/1390 253/278/1391 244/267/1392
f 243/266/1393 254/279/1394 249/273/1395
f 250/274/1396 254/279/1397 243/266/1398
f 225/246/1399 255/280/1400 250/274/1401
f 224/245/1402 255/280/1403 225/246/1404
f 247/271/1405 256/281/1406 251/275/1407
f 252/277/1408 256/281/1409 247/271/1410
f 248/272/1411 257/282/1412 252/277/1413
f 253/278/1414 257/282/1415 248/272/1416
f 249/273/1417 258/283/1418 253/278/1419
f 254/279/1420 258/283/1421 249/273/1422
f 250/274/1423 259/284/1424 254/279/1425
f 255/280/1426 259/284/1427 250/274/1428
f 224/245/1429 260/285/1430 255/280/1431
f 223/244/1432 260/285/1433 224/245/1434
f 256/281/1435 261/286/1436 251/275/1437
f 251/275/1438 261/286/1439 40/287/1440
f 253/278/1441 262/288/1442 257/282/1443
f 258/283/1444 262/288/1445 253/278/1446
f 254/279/1447 263/289/1448 258/283/1449
f 259/284/1450 263/289/1451 254/279/1452
f 255/280/1453 264/290/1454 259/284/1455
f 260/285/1456 264/290/1457 255/280/1458
f 223/244/1459 265/291/1460 260/285/1461
f 222/243/1462 265/291/1463 223/244/1464
f 258/283/1465 266/292/1466 262/288/1467
f 263/289/1468 266/292/1469 258/283/1470
f 259/284/1471 267/293/1472 263/289/1473
f 264/290/1474 267/293/1475 259/284/1476
f 260/285/1477 268/294/1478 264/290/1479
f 265/291/1480 268/294/1481 260/285/1482
f 222/243/1483 269/295/1484 265/291/1485
f 220/240/1486 269/295/1487 222/243/1488
f 263/289/1489 270/296/1490 266/292/1491
f 267/293/1492 270/296/1493 263/289/1494
f 264/290/1495 271/297/1496 267/293/1497
f 268/294/1498 271/297/1499 264/290/1500
f 265/291/1501 272/298/1502 268/294/1503
f 269/295/1504 272/298/1505 265/291/1506
f 220/240/1507 273/299/1508 269/295/1509
f 215/235/1510 273/299/1511 220/240/1512
f 267/293/1513 274/300/1514 270/296/1515
f 271/297/1516 274/300/1517 267/293/1518
f 268/294/1519 275/301/1520 271/297/1521
f 272/298/1522 275/301/1523 268/294/1524
f 269/295/1525 276/302/1526 272/298/1527
f 273/299/1528 276/302/1529 269/295/1530
f 215/235/1531 277/303/1532 273/299/1533
f 216/236/1534 277/303/1535 215/235/1536
f 271/297/1537 278/304/1538 274/300/1539
f 275/301/1540 278/304/1541 271/297/1542
f 272/298/1543 279/305/1544 275/301/1545
f 276/302/1546 279/305/1547 272/298/1548
f 273/299/1549 280/306/1550 276/302/1551
f 277/303/1552 280/306/1553 273/299/1554
f 216/236/1555 281/307/1556 277/303/1557
f 217/237/1558 281/307/1559 216/236/1560
f 275/301/1561 282/308/1562 278/304/1563
f 279/305/1564 282/308/1565 275/301/1566
f 276/302/1567 283/309/1568 279/305/1569
f 280/306/1570 283/309/1571 276/302/1572
f 277/303/1573 284/310/1574 280/306/1575
f 281/307/1576 284/310/1577 277/303/1578
f 217/237/1579 285/311/1580 281/307/1581
f 218/238/1582 285/311/1583 217/237/1584
f 279/305/1585 286/312/1586 282/308/1587
f 283/309/1588 286/312/1589 279/305/1590
f 280/306/1591 287/313/1592 283/309/1593
f 284/310/1594 287/313/1595 280/306/1596
f 281/307/1597 288/314/1598 284/310/1599
f 285/311/1600 288/314/1601 281/307/1602
f 218/238/1603 289/315/1604 285/311/1605
f 219/239/1606 289/315/1607 218/238/1608
f 283/309/1609 290/316/1610 286/312/1611
f 287/313/1612 290/316/1613 283/309/1614
f 284/310/1615 291/317/1616 287/313/1617
f 288/314/1618 291/317/1619 284/310/1620
f 285/311/1621 292/318/1622 288/314/1623
f 289/315/1624 292/318/1625 285/311/1626
f 219/239/1627 293/319/1628 289/315/1629
f 221/241/1630 293/319/1631 219/239/1632
f 287/313/1633 294/320/1634 290/316/1635
f 291/317/1636 294/320/1637 287/313/1638
f 288/314/1639 295/321/1640 291/317/1641
f 292/318/1642 295/321/1643 288/314/1644
f 289/315/1645 296/322/1646 292/318/1647
f 293/319/1648 296/322/1649 289/315/1650
f 221/241/1651 297/323/1652 293/319/1653
f 297/323/1654 221/241/1655 2/324/1656
f 297/323/1657 298/325/1658 293/319/1659
f 293/319/1660 298/325/1661 296/322/1662
f 296/322/1663 299/326/1664 292/318/1665
f 292/318/1666 299/326/1667 295/321/1668
f 295/321/1669 300/327/1670 291/317/1671
f 291/317/1672 300/327/1673 294/320/1674
f 297/323/1675 301/328/1676 298/325/1677
f 301/328/1678 297/323/1679 2/329/1680
f 298/325/1681 302/330/1682 296/322/1683
f 296/322/1684 302/330/1685 299/326/1686
f 299/326/1687 303/331/1688 295/321/1689
f 295/321/1690 303/331/1691 300/327/1692
f 301/328/1693 304/332/1694 298/325/1695
f 298/325/1696 304/332/1697 302/330/1698
f 302/330/1699 305/333/1700 299/326/1701
f 299/326/1702 305/333/1703 303/331/1704
f 301/328/1705 306/334/1706 304/332/1707
f 306/334/1708 301/328/1709 2/335/1710
f 304/332/1711 307/336/1712 302/330/1713
f 302/330/1714 307/336/1715 305/333/1716
f 306/334/1717 308/337/1718 304/332/1719
f 304/332/1720 308/337/1721 307/336/1722
f 306/334/1723 309/338/1724 308/337/1725
f 309/338/1726 306/334/1727 2/339/1728
f 303/331/1729 310/340/1730 300/327/1731
f 305/333/1732 311/341/1733 303/331/1734
f 303/331/1735 311/341/1736 310/340/1737
f 307/336/1738 312/342/1739 305/333/1740
f 305/333/1741 312/342/1742 311/341/1743
f 308/337/1744 313/343/1745 307/336/1746
f 307/336/1747 313/343/1748 312/342/1749
f 309/338/1750 314/344/1751 308/337/1752
f 308/337/1753 314/344/1754 313/343/1755
f 300/327/1756 310/340/1757 315/345/1758
f 300/327/1759 315/345/1760 294/320/1761
f 309/338/1762 316/346/1763 314/344/1764
f 316/346/1765 309/338/1766 2/347/1767
f 294/320/1768 315/345/1769 317/348/1770
f 294/320/1771 317/348/1772 290/316/1773
f 290/316/1774 317/348/1775 318/349/1776
f 290/316/1777 318/349/1778 286/312/1779
f 286/312/1780 318/349/1781 319/350/1782
f 286/312/1783 319/350/1784 282/308/1785
f 282/308/1786 319/350/1787 320/351/1788
f 282/308/1789 320/351/1790 278/304/1791
f 278/304/1792 320/351/1793 321/352/1794
f 278/304/1795 321/352/1796 274/300/1797
f 274/300/1798 321/352/1799 322/353/1800
f 274/300/1801 322/353/1802 270/296/1803
f 270/296/1804 322/353/1805 323/354/1806
f 270/296/1807 323/354/1808 266/292/1809
f 266/292/1810 323/354/1811 324/355/1812
f 266/292/1813 324/355/1814 262/288/1815
f 262/288/1816 324/355/1817 325/356/1818
f 262/288/1819 325/356/1820 257/282/1821
f 257/282/1822 325/356/1823 326/357/1824
f 257/282/1825 326/357/1826 252/277/1827
f 252/277/1828 326/357/1829 256/281/1830
f 326/357/1831 327/358/1832 256/281/1833
f 256/281/1834 327/358/1835 261/286/1836
f 325/356/1837 328/359/1838 326/357/1839
f 326/357/1840 328/359/1841 327/358/1842
f 324/355/1843 329/360/1844 325/356/1845
f 325/356/1846 329/360/1847 328/359/1848
f 323/354/1849 330/361/1850 324/355/1851
f 324/355/1852 330/361/1853 329/360/1854
f 322/353/1855 331/362/1856 323/354/1857
f 323/354/1858 331/362/1859 330/361/1860
f 327/358/1861 332/363/1862 261/286/1863
f 261/286/1864 332/363/1865 40/364/1866
f 328/359/1867 333/365/1868 327/358/1869
f 327/358/1870 333/365/1871 332/363/1872
f 329/360/1873 334/366/1874 328/359/1875
f 328/359/1876 334/366/1877 333/365/1878
f 330/361/1879 335/367/1880 329/360/1881
f 329/360/1882 335/367/1883 334/366/1884
f 333/365/1885 336/368/1886 332/363/1887
f 332/363/1888 336/368/1889 40/369/1890
f 334/366/1891 337/370/1892 333/365/1893
f 333/365/1894 337/370/1895 336/368/1896
f 337/370/1897 39/371/1898 336/368/1899
f 336/368/1900 39/371/1901 40/372/1902
f 337/370/1903 37/373/1904 39/371/1905
f 334/366/1906 338/374/1907 337/370/1908
f 338/374/1909 37/373/1910 337/370/1911
f 335/367/1912 338/374/1913 334/366/1914
f 338/374/1915 35/375/1916 37/373/1917
f 339/376/1918 35/375/1919 338/374/1920
f 335/367/1921 339/376/1922 338/374/1923
f 339/376/1924 33/377/1925 35/375/1926
f 330/361/1927 340/378/1928 335/367/1929
f 340/378/1930 339/376/1931 335/367/1932
f 331/362/1933 340/378/1934 330/361/1935
f 341/379/1936 33/377/1937 339/376/1938
f 340/378/1939 341/379/1940 339/376/1941
f 341/379/1942 31/380/1943 33/377/1944
f 331/362/1945 342/381/1946 340/378/1947
f 342/381/1948 341/379/1949 340/378/1950
f 343/382/1951 31/380/1952 341/379/1953
f 342/381/1954 343/382/1955 341/379/1956
f 343/382/1957 29/383/1958 31/380/1959
f 344/384/1960 342/381/1961 331/362/1962
f 322/353/1963 344/384/1964 331/362/1965
f 321/352/1966 344/384/1967 322/353/1968
f 345/385/1969 343/382/1970 342/381/1971
f 344/384/1972 345/385/1973 342/381/1974
f 346/386/1975 29/383/1976 343/382/1977
f 345/385/1978 346/386/1979 343/382/1980
f 346/386/1981 27/387/1982 29/383/1983
f 321/352/1984 347/388/1985 344/384/1986
f 347/388/1987 345/385/1988 344/384/1989
f 320/351/1990 347/388/1991 321/352/1992
f 348/389/1993 346/386/1994 345/385/1995
f 347/388/1996 348/389/1997 345/385/1998
f 349/390/1999 27/387/2000 346/386/2001
f 348/389/2002 349/390/2003 346/386/2004
f 349/390/2005 25/391/2006 27/387/2007
f 320/351/2008 350/392/2009 347/388/2010
f 350/392/2011 348/389/2012 347/388/2013
f 319/350/2014 350/392/2015 320/351/2016
f 351/393/2017 349/390/2018 348/389/2019
f 350/392/2020 351/393/2021 348/389/2022
f 352/394/2023 25/391/2024 349/390/2025
f 351/393/2026 352/394/2027 349/390/2028
f 352/394/2029 23/395/2030 25/391/2031
f 319/350/2032 353/396/2033 350/392/2034
f 353/396/2035 351/393/2036 350/392/2037
f 318/349/2038 353/396/2039 319/350/2040
f 354/397/2041 352/394/2042 351/393/2043
f 353/396/2044 354/397/2045 351/393/2046
f 355/398/2047 23/395/2048 352/394/2049
f 354/397/2050 355/398/2051 352/394/2052
f 355/398/2053 21/399/2054 23/395/2055
f 318/349/2056 356/400/2057 353/396/2058
f 356/400/2059 354/397/2060 353/396/2061
f 317/348/2062 356/400/2063 318/349/2064
f 357/401/2065 355/398/2066 354/397/2067
f 356/400/2068 357/401/2069 354/397/2070
f 358/402/2071 21/399/2072 355/398/2073
f 357/401/2074 358/402/2075 355/398/2076
f 358/402/2077 19/403/2078 21/399/2079
f 317/348/2080 359/404/2081 356/400/2082
f 359/404/2083 357/401/2084 356/400/2085
f 315/345/2086 359/404/2087 317/348/2088
f 360/405/2089 358/402/2090 357/401/2091
f 359/404/2092 360/405/2093 357/401/2094
f 361/406/2095 19/403/2096 358/402/2097
f 360/405/2098 361/406/2099 358/402/2100
f 361/406/2101 17/407/2102 19/403/2103
f 315/345/2104 362/408/2105 359/404/2106
f 362/408/2107 360/405/2108 359/404/2109
f 310/340/2110 362/408/2111 315/345/2112
f 363/409/2113 361/406/2114 360/405/2115
f 362/408/2116 363/409/2117 360/405/2118
f 364/410/2119 17/407/2120 361/406/2121
f 363/409/2122 364/410/2123 361/406/2124
f 364/410/2125 15/411/2126 17/407/2127
f 310/340/2128 365/412/2129 362/408/2130
f 365/412/2131 363/409/2132 362/408/2133
f 311/341/2134 365/412/2135 310/340/2136
f 366/413/2137 364/410/2138 363/409/2139
f 365/412/2140 366/413/2141 363/409/2142
f 367/414/2143 15/411/2144 364/410/2145
f 366/413/2146 367/414/2147 364/410/2148
f 367/414/2149 13/415/2150 15/411/2151
f 311/341/2152 368/416/2153 365/412/2154
f 368/416/2155 366/413/2156 365/412/2157
f 312/342/2158 368/416/2159 311/341/2160
f 369/417/2161 367/414/2162 366/413/2163
f 368/416/2164 369/417/2165 366/413/2166
f 370/418/2167 13/415/2168 367/414/2169
f 369/417/2170 370/418/2171 367/414/2172
f 370/418/2173 11/419/2174 13/415/2175
f 312/342/2176 371/420/2177 368/416/2178
f 371/420/2179 369/417/2180 368/416/2181
f 313/343/2182 371/420/2183 312/342/2184
f 372/421/2185 370/418/2186 369/417/2187
f 371/420/2188 372/421/2189 369/417/2190
f 373/422/2191 11/419/2192 370/418/2193
f 372/421/2194 373/422/2195 370/418/2196
f 373/422/2197 9/423/2198 11/419/2199
f 313/343/2200 374/424/2201 371/420/2202
f 374/424/2203 372/421/2204 371/420/2205
f 314/344/2206 374/424/2207 313/343/2208
f 375/425/2209 373/422/2210 372/421/2211
f 374/424/2212 375/425/2213 372/421/2214
f 376/426/2215 9/423/2216 373/422/2217
f 375/425/2218 376/426/2219 373/422/2220
f 376/426/2221 7/427/2222 9/423/2223
f 314/344/2224 377/428/2225 374/424/2226
f 377/428/2227 375/425/2228 374/424/2229
f 316/346/2230 377/428/2231 314/344/2232
f 378/429/2233 376/426/2234 375/425/2235
f 377/428/2236 378/429/2237 375/425/2238
f 379/430/2239 7/427/2240 376/426/2241
f 378/429/2242 379/430/2243 376/426/2244
f 379/430/2245 5/431/2246 7/427/2247
f 316/346/2248 380/432/2249 377/428/2250
f 380/432/2251 378/429/2252 377/428/2253
f 380/432/2254 316/346/2255 2/433/2256
f 380/432/2257 381/434/2258 378/429/2259
f 381/434/2260 379/430/2261 378/429/2262
f 381/434/2263 380/432/2264 2/435/2265
f 382/436/2266 5/431/2267 379/430/2268
f 381/434/2269 382/436/2270 379/430/2271
f 382/436/2272 381/434/2273 2/437/2274
f 382/436/2275 3/438/2276 5/431/2277
f 3/438/2278 382/436/2279 2/439/2280
