# Blender 5.1.0
# www.blender.org
mtllib BeerBottle.mtl
o Hook.R
v -2.067706 8.632048 -2.042506
v -2.067706 8.632048 -2.023184
v -2.065358 8.628707 -2.038423
v -2.070914 8.636611 -2.021690
v -2.070914 8.636611 -2.044001
v -1.965039 8.695469 -2.050996
v -1.970434 8.704468 -2.053863
v -1.961109 8.688914 -2.043303
v -1.715893 8.843673 -2.065961
v -1.388093 9.028539 -2.078208
v -1.724295 8.860985 -2.071220
v -1.709866 8.831031 -2.051911
v -1.380681 9.010753 -2.058984
v -1.707689 8.826411 -2.032845
v -1.378146 9.004170 -2.032846
v -1.709866 8.831031 -2.013780
v -1.959675 8.686522 -2.032845
v -1.961109 8.688914 -2.022388
v -2.064499 8.627484 -2.032845
v -2.065358 8.628707 -2.027267
v -1.965039 8.695469 -2.014695
v -1.715893 8.843673 -1.999730
v -1.970434 8.704468 -2.011827
v -1.724295 8.860985 -1.994471
v -1.975862 8.713516 -2.014591
v -1.732602 8.878531 -1.999478
v -1.979856 8.720173 -2.022285
v -2.074121 8.641174 -2.023184
v -2.074121 8.641174 -2.042506
v -2.076469 8.644515 -2.027267
v -2.076469 8.644515 -2.038423
v -2.077328 8.645738 -2.032845
v -1.981322 8.722616 -2.032845
v -1.979856 8.720173 -2.043406
v -1.740779 8.896374 -2.032845
v -1.416796 9.103585 -2.032846
v -1.738574 8.891582 -2.013515
v -1.738574 8.891582 -2.052176
v -1.414744 9.096437 -2.059283
v -1.732602 8.878531 -2.066212
v -1.407838 9.077929 -2.078501
v -1.975862 8.713516 -2.051099
v -1.397966 9.053134 -2.085392
v -1.120793 9.231869 -2.084435
v -0.932865 9.309806 -2.084874
v -1.128742 9.252380 -2.062658
v -1.109908 9.203943 -2.092343
v -0.922586 9.281581 -2.092923
v -1.099022 9.176100 -2.084311
v -0.912306 9.253356 -2.084874
v -1.091053 9.155767 -2.062534
v -0.904781 9.232694 -2.062885
v -1.088202 9.148301 -2.032846
v -0.902027 9.225130 -2.032846
v -1.091053 9.155767 -2.003158
v -0.904781 9.232694 -2.002807
v -1.099022 9.176100 -1.981381
v -1.380681 9.010753 -2.006707
v -1.388093 9.028539 -1.987483
v -1.397966 9.053134 -1.980299
v -1.109908 9.203943 -1.973349
v -1.407838 9.077929 -1.987190
v -1.120793 9.231869 -1.981257
v -1.414744 9.096437 -2.006408
v -1.128742 9.252380 -2.003033
v -1.131595 9.259937 -2.032846
v -0.940390 9.330467 -2.002807
v -0.779178 9.382732 -2.002807
v -0.932865 9.309806 -1.980817
v -0.943144 9.338031 -2.032846
v -0.940390 9.330467 -2.062885
v -0.781354 9.390481 -2.032846
v -0.637131 9.424865 -2.032846
v -0.779178 9.382732 -2.062885
v -0.635604 9.416963 -2.062885
v -0.773232 9.361562 -2.084875
v -0.631433 9.395371 -2.084875
v -0.765109 9.332643 -2.092923
v -0.625736 9.365879 -2.092923
v -0.756986 9.303722 -2.084875
v -0.620038 9.336386 -2.084875
v -0.751039 9.282553 -2.062885
v -0.615867 9.314795 -2.062885
v -0.748863 9.274803 -2.032846
v -0.614340 9.306892 -2.032846
v -0.751039 9.282553 -2.002807
v -0.615867 9.314795 -2.002808
v -0.756986 9.303722 -1.980818
v -0.765108 9.332643 -1.972769
v -0.912306 9.253356 -1.980818
v -0.620038 9.336386 -1.980818
v -0.499229 9.354347 -1.980818
v -0.625735 9.365879 -1.972769
v -0.502280 9.384232 -1.972769
v -0.631433 9.395371 -1.980818
v -0.505332 9.414115 -1.980818
v -0.635604 9.416963 -2.002807
v -0.773231 9.361562 -1.980818
v -0.507567 9.435991 -2.002808
v -0.508384 9.443998 -2.032846
v -0.393214 9.442394 -2.002808
v -0.290935 9.438526 -2.002808
v -0.393015 9.420406 -1.980818
v -0.393287 9.450443 -2.032846
v -0.393214 9.442394 -2.062885
v -0.290260 9.446547 -2.032846
v -0.197923 9.434452 -2.032846
v -0.290935 9.438526 -2.062885
v -0.199318 9.426525 -2.062885
v -0.292782 9.416614 -2.084875
v -0.203128 9.404867 -2.084875
v -0.295304 9.386681 -2.092924
v -0.393015 9.420406 -2.084875
v -0.392742 9.390368 -2.092924
v -0.505332 9.414115 -2.084875
v -0.507567 9.435991 -2.062885
v -0.502281 9.384232 -2.092924
v -0.499229 9.354347 -2.084875
v -0.392470 9.360332 -2.084875
v -0.496995 9.332472 -2.062885
v -0.392270 9.338342 -2.062885
v -0.496177 9.324465 -2.032846
v -0.392197 9.330294 -2.032846
v -0.496995 9.332472 -2.002808
v -0.392270 9.338342 -2.002808
v -0.392470 9.360332 -1.980818
v -0.299673 9.334837 -2.002808
v -0.217348 9.324041 -2.002808
v -0.300349 9.326816 -2.032846
v -0.297826 9.356749 -1.980818
v -0.295304 9.386681 -1.972769
v -0.213538 9.345699 -1.980818
v -0.138047 9.328972 -1.980818
v -0.208333 9.375283 -1.972769
v -0.130381 9.358016 -1.972769
v -0.203128 9.404867 -1.980818
v -0.122714 9.387060 -1.980818
v -0.199318 9.426525 -2.002808
v -0.292782 9.416614 -1.980818
v -0.117102 9.408321 -2.002808
v -0.115047 9.416104 -2.032846
v -0.043138 9.385599 -2.002808
v 0.023625 9.359760 -2.002808
v -0.050342 9.364823 -1.980818
v -0.040501 9.393204 -2.032846
v -0.043138 9.385599 -2.062885
v 0.026763 9.367172 -2.032847
v 0.087706 9.339105 -2.032847
v 0.023625 9.359760 -2.062885
v 0.084139 9.331889 -2.062885
v 0.015050 9.339510 -2.084875
v 0.074393 9.312178 -2.084875
v 0.003338 9.311850 -2.092924
v -0.050342 9.364823 -2.084875
v -0.060183 9.336443 -2.092924
v -0.122714 9.387060 -2.084875
v -0.117102 9.408321 -2.062885
v -0.130381 9.358016 -2.092924
v -0.138047 9.328972 -2.084875
v -0.208333 9.375283 -2.092924
v -0.213538 9.345699 -2.084875
v -0.217348 9.324041 -2.062885
v -0.297826 9.356749 -2.084875
v -0.299673 9.334837 -2.062885
v -0.218742 9.316114 -2.032846
v -0.143660 9.307711 -2.062885
v -0.077229 9.287285 -2.062885
v -0.145714 9.299929 -2.032846
v -0.079866 9.279680 -2.032847
v -0.143660 9.307711 -2.002808
v -0.077229 9.287285 -2.002808
v -0.070025 9.308062 -1.980818
v -0.016949 9.263939 -2.002808
v 0.038019 9.238611 -2.002808
v -0.020087 9.256527 -2.032847
v -0.008374 9.284188 -1.980818
v 0.003338 9.311850 -1.972769
v 0.047765 9.258324 -1.980818
v 0.099032 9.231194 -1.980818
v 0.061079 9.285251 -1.972769
v 0.113750 9.257380 -1.972769
v 0.074393 9.312178 -1.980818
v 0.128468 9.283566 -1.980818
v 0.084139 9.331889 -2.002808
v 0.015050 9.339510 -1.980818
v 0.139242 9.302736 -2.002808
v 0.143185 9.309752 -2.032847
v 0.189635 9.272706 -2.002808
v 0.235813 9.241913 -2.002808
v 0.177903 9.254107 -1.980818
v 0.193929 9.279513 -2.032847
v 0.189635 9.272706 -2.062885
v 0.240455 9.248488 -2.032847
v 0.283059 9.216684 -2.032847
v 0.235813 9.241913 -2.062885
v 0.278067 9.210371 -2.062885
v 0.223132 9.223948 -2.084875
v 0.264428 9.193121 -2.084875
v 0.205809 9.199408 -2.092924
v 0.177903 9.254107 -2.084875
v 0.161877 9.228701 -2.092924
v 0.128468 9.283566 -2.084875
v 0.139242 9.302736 -2.062885
v 0.113750 9.257380 -2.092924
v 0.099032 9.231194 -2.084875
v 0.061079 9.285251 -2.092924
v 0.047765 9.258324 -2.084875
v 0.038019 9.238611 -2.062885
v -0.008374 9.284188 -2.084875
v -0.016949 9.263939 -2.062885
v -0.070025 9.308062 -2.084875
v 0.034452 9.231396 -2.032847
v 0.088258 9.212025 -2.062885
v 0.134119 9.184696 -2.062885
v 0.084314 9.205009 -2.032847
v 0.129825 9.177888 -2.032847
v 0.088258 9.212025 -2.002808
v 0.134119 9.184696 -2.002808
v 0.145851 9.203295 -1.980818
v 0.175806 9.156900 -2.002808
v 0.213530 9.128744 -2.002808
v 0.171164 9.150326 -2.032847
v 0.188487 9.174866 -1.980818
v 0.205809 9.199408 -1.972769
v 0.227168 9.145994 -1.980818
v 0.262142 9.116728 -1.980818
v 0.245798 9.169558 -1.972769
v 0.282076 9.139199 -1.972769
v 0.264428 9.193121 -1.980818
v 0.302010 9.161671 -1.980818
v 0.278067 9.210371 -2.002808
v 0.223132 9.223948 -1.980818
v 0.316603 9.178120 -2.002808
v 0.321944 9.184141 -2.032847
v 0.351608 9.145214 -2.002808
v 0.383256 9.111710 -2.002808
v 0.336078 9.129645 -1.980818
v 0.357292 9.150912 -2.032847
v 0.351608 9.145214 -2.062886
v 0.389272 9.117058 -2.032847
v 0.418043 9.082647 -2.032847
v 0.383256 9.111710 -2.062886
v 0.411713 9.077677 -2.062886
v 0.366821 9.097101 -2.084875
v 0.394419 9.064094 -2.084875
v 0.344371 9.077143 -2.092924
v 0.336078 9.129645 -2.084875
v 0.314863 9.108378 -2.092924
v 0.302010 9.161671 -2.084875
v 0.316603 9.178120 -2.062885
v 0.282076 9.139199 -2.092924
v 0.262142 9.116728 -2.084875
v 0.245798 9.169558 -2.092924
v 0.227168 9.145994 -2.084875
v 0.213529 9.128744 -2.062885
v 0.188487 9.174866 -2.084875
v 0.175806 9.156900 -2.062885
v 0.145851 9.203295 -2.084875
v 0.208538 9.122431 -2.032847
v 0.247549 9.100278 -2.062885
v 0.278119 9.071544 -2.062886
v 0.242208 9.094256 -2.032847
v 0.272435 9.065845 -2.032847
v 0.247549 9.100278 -2.002808
v 0.278119 9.071544 -2.002808
v 0.293649 9.087111 -1.980818
v 0.305485 9.042576 -2.002808
v 0.329879 9.013403 -2.002808
v 0.299470 9.037229 -2.032847
v 0.321920 9.057186 -1.980818
v 0.344371 9.077143 -1.972769
v 0.347172 9.026986 -1.980818
v 0.369609 8.996545 -1.980818
v 0.370796 9.045540 -1.972769
v 0.394325 9.013617 -1.972769
v 0.394419 9.064094 -1.980818
v 0.419041 9.030687 -1.980818
v 0.411713 9.077677 -2.002808
v 0.366821 9.097101 -1.980818
v 0.437134 9.043185 -2.002808
v 0.443757 9.047759 -2.032847
v 0.459672 9.008314 -2.002808
v 0.479473 8.973143 -2.002808
v 0.440848 8.996947 -1.980818
v 0.466562 9.012475 -2.032847
v 0.459672 9.008314 -2.062886
v 0.486603 8.976878 -2.032847
v 0.504019 8.941055 -2.032847
v 0.479473 8.973143 -2.062886
v 0.496680 8.937751 -2.062886
v 0.459995 8.962937 -2.084875
v 0.476628 8.928724 -2.084875
v 0.433387 8.948997 -2.092924
v 0.440848 8.996947 -2.084875
v 0.415134 8.981419 -2.092924
v 0.419041 9.030687 -2.084875
v 0.437134 9.043185 -2.062886
v 0.394325 9.013617 -2.092924
v 0.369609 8.996545 -2.084875
v 0.370796 9.045540 -2.092924
v 0.347172 9.026986 -2.084875
v 0.329879 9.013403 -2.062886
v 0.321920 9.057186 -2.084875
v 0.305485 9.042576 -2.062886
v 0.293649 9.087111 -2.084875
v 0.323549 9.008431 -2.032847
v 0.351516 8.984047 -2.062886
v 0.370596 8.954524 -2.062886
v 0.344893 8.979473 -2.032847
v 0.363706 8.950363 -2.032847
v 0.351516 8.984047 -2.002808
v 0.370596 8.954524 -2.002808
v 0.389420 8.965891 -1.980818
v 0.387302 8.924850 -2.002808
v 0.401793 8.895039 -2.002808
v 0.380172 8.921114 -2.032847
v 0.406780 8.935055 -1.980818
v 0.433387 8.948997 -1.972770
v 0.421845 8.904064 -1.980818
v 0.434759 8.872952 -1.980818
v 0.449236 8.916394 -1.972770
v 0.462823 8.883662 -1.972770
v 0.476628 8.928724 -1.980818
v 0.490887 8.894375 -1.980818
v 0.496680 8.937751 -2.002808
v 0.459995 8.962937 -1.980818
v 0.511431 8.902216 -2.002808
v 0.518951 8.905086 -2.032847
v 0.523859 8.866610 -2.002808
v 0.534091 8.831000 -2.002808
v 0.502903 8.859947 -1.980818
v 0.531530 8.869048 -2.032847
v 0.523859 8.866610 -2.062886
v 0.541885 8.833013 -2.032847
v 0.550135 8.797040 -2.032847
v 0.534091 8.831000 -2.062886
v 0.542245 8.795448 -2.062886
v 0.512799 8.825505 -2.084875
v 0.520689 8.791101 -2.084875
v 0.483714 8.817998 -2.092924
v 0.502903 8.859947 -2.084875
v 0.474276 8.850848 -2.092924
v 0.490887 8.894375 -2.084875
v 0.511431 8.902216 -2.062886
v 0.462823 8.883662 -2.092924
v 0.434759 8.872952 -2.084875
v 0.449236 8.916394 -2.092924
v 0.421845 8.904064 -2.084875
v 0.401793 8.895039 -2.062886
v 0.406780 8.935055 -2.084875
v 0.387301 8.924850 -2.062886
v 0.389420 8.965891 -2.084875
v 0.394454 8.891734 -2.032847
v 0.414215 8.865109 -2.062886
v 0.424692 8.835085 -2.062886
v 0.406695 8.862240 -2.032847
v 0.417022 8.832647 -2.032847
v 0.414215 8.865109 -2.002808
v 0.424692 8.835085 -2.002808
v 0.445649 8.841747 -1.980818
v 0.433336 8.804996 -2.002808
v 0.440242 8.774874 -2.002808
v 0.425543 8.802983 -2.032847
v 0.454628 8.810491 -1.980818
v 0.483714 8.817998 -1.972770
v 0.461798 8.779222 -1.980818
v 0.467246 8.747984 -1.980818
v 0.491243 8.785162 -1.972770
v 0.496960 8.752385 -1.972770
v 0.520689 8.791101 -1.980818
v 0.526675 8.756787 -1.980819
v 0.542245 8.795448 -2.002808
v 0.512799 8.825505 -1.980818
v 0.548427 8.760010 -2.002808
v 0.556389 8.761189 -2.032847
v 0.552734 8.724732 -2.002808
v 0.555249 8.689663 -2.002808
v 0.530847 8.722613 -1.980819
v 0.560745 8.725508 -2.032847
v 0.552734 8.724732 -2.062886
v 0.563289 8.690042 -2.032847
v 0.564091 8.654837 -2.032847
v 0.555249 8.689663 -2.062886
v 0.556042 8.654846 -2.062886
v 0.533284 8.688625 -2.084875
v 0.534052 8.654871 -2.084875
v 0.503278 8.687209 -2.092924
v 0.530846 8.722613 -2.084875
v 0.500948 8.719719 -2.092924
v 0.526675 8.756787 -2.084875
v 0.548427 8.760010 -2.062886
v 0.496960 8.752385 -2.092924
v 0.467246 8.747984 -2.084875
v 0.491244 8.785162 -2.092924
v 0.461798 8.779222 -2.084875
v 0.440242 8.774874 -2.062886
v 0.454628 8.810491 -2.084875
v 0.433336 8.804996 -2.062886
v 0.445649 8.841747 -2.084875
v 0.432352 8.773282 -2.032847
v 0.445493 8.744761 -2.062886
v 0.449161 8.714705 -2.062886
v 0.437531 8.743582 -2.032847
v 0.441150 8.713929 -2.032847
v 0.445493 8.744761 -2.002808
v 0.449161 8.714705 -2.002808
v 0.471049 8.716824 -1.980819
v 0.451308 8.684756 -2.002808
v 0.451985 8.654965 -2.002808
v 0.443268 8.684377 -2.032847
v 0.473273 8.685793 -1.980818
v 0.503278 8.687209 -1.972770
v 0.473975 8.654941 -1.980819
v 0.473207 8.624310 -1.980819
v 0.504014 8.654905 -1.972770
v 0.503211 8.622856 -1.972770
v 0.534052 8.654871 -1.980819
v 0.533214 8.621402 -1.980819
v 0.556042 8.654846 -2.002808
v 0.533284 8.688625 -1.980818
v 0.555178 8.620337 -2.002808
v 0.563217 8.619946 -2.032847
v 0.552722 8.586190 -2.002808
v 0.548740 8.552459 -2.002808
v 0.530830 8.588268 -1.980819
v 0.560734 8.585429 -2.032847
v 0.552722 8.586190 -2.062886
v 0.556711 8.551337 -2.032847
v 0.551216 8.517723 -2.032847
v 0.548740 8.552459 -2.062886
v 0.543303 8.519194 -2.062886
v 0.526965 8.555522 -2.084875
v 0.521683 8.523211 -2.084875
v 0.497219 8.559708 -2.092924
v 0.530830 8.588268 -2.084875
v 0.500926 8.591108 -2.092924
v 0.533214 8.621402 -2.084875
v 0.555178 8.620337 -2.062886
v 0.503211 8.622856 -2.092924
v 0.473207 8.624310 -2.084875
v 0.504014 8.654905 -2.092924
v 0.473975 8.654941 -2.084875
v 0.451985 8.654965 -2.062886
v 0.473273 8.685793 -2.084875
v 0.451308 8.684756 -2.062886
v 0.471049 8.716824 -2.084875
v 0.443936 8.654975 -2.032847
v 0.451243 8.625376 -2.062886
v 0.449131 8.596026 -2.062886
v 0.443204 8.625765 -2.032847
v 0.441118 8.596787 -2.032847
v 0.451243 8.625376 -2.002808
v 0.449131 8.596026 -2.002808
v 0.471022 8.593947 -1.980819
v 0.445698 8.566957 -2.002808
v 0.440997 8.538206 -2.002808
v 0.437728 8.568078 -2.032847
v 0.467473 8.563892 -1.980818
v 0.497219 8.559708 -1.972770
v 0.462617 8.534188 -1.980818
v 0.456509 8.504878 -1.980818
v 0.492150 8.528700 -1.972770
v 0.485780 8.498131 -1.972770
v 0.521683 8.523211 -1.980818
v 0.515051 8.491384 -1.980818
v 0.543303 8.519194 -2.002808
v 0.526965 8.555522 -1.980819
v 0.536479 8.486444 -2.002808
v 0.544322 8.484636 -2.032847
v 0.528341 8.454258 -2.002808
v 0.518960 8.422677 -2.002808
v 0.507137 8.460085 -1.980819
v 0.536102 8.452125 -2.032847
v 0.528341 8.454258 -2.062886
v 0.526629 8.420232 -2.032847
v 0.515977 8.389001 -2.032847
v 0.518960 8.422677 -2.062886
v 0.508411 8.391747 -2.062886
v 0.498010 8.429359 -2.084875
v 0.487740 8.399249 -2.084875
v 0.469392 8.438486 -2.092924
v 0.507137 8.460085 -2.084875
v 0.478172 8.468045 -2.092924
v 0.515051 8.491384 -2.084875
v 0.536479 8.486444 -2.062886
v 0.485780 8.498131 -2.092924
v 0.456509 8.504878 -2.084875
v 0.492150 8.528700 -2.092924
v 0.462617 8.534188 -2.084875
v 0.440997 8.538206 -2.062886
v 0.467473 8.563892 -2.084875
v 0.445698 8.566957 -2.062886
v 0.471022 8.593947 -2.084875
v 0.433084 8.539677 -2.032847
v 0.435081 8.509818 -2.062886
v 0.428004 8.481833 -2.062886
v 0.427238 8.511626 -2.032847
v 0.420243 8.483967 -2.032847
v 0.435081 8.509818 -2.002808
v 0.428004 8.481833 -2.002808
v 0.449208 8.476007 -1.980818
v 0.419823 8.454295 -2.002808
v 0.410597 8.427246 -2.002808
v 0.412155 8.456741 -2.032847
v 0.440773 8.447614 -1.980818
v 0.469392 8.438486 -1.972770
v 0.431267 8.419744 -1.980818
v 0.420753 8.392441 -1.980818
v 0.459504 8.409496 -1.972770
v 0.448576 8.381119 -1.972770
v 0.487740 8.399249 -1.980818
v 0.476398 8.369795 -1.980818
v 0.508411 8.391747 -2.002808
v 0.498010 8.429359 -1.980818
v 0.496766 8.361506 -2.002808
v 0.504221 8.358472 -2.032847
v 0.484101 8.331996 -2.002808
v 0.470490 8.303252 -2.002808
v 0.464057 8.341039 -1.980818
v 0.491438 8.328686 -2.032847
v 0.484101 8.331996 -2.062886
v 0.477702 8.299678 -2.032847
v 0.463090 8.271485 -2.032847
v 0.470490 8.303252 -2.062886
v 0.456010 8.275313 -2.062886
v 0.450789 8.313019 -2.084875
v 0.436667 8.285773 -2.084875
v 0.423875 8.326361 -2.092924
v 0.464057 8.341039 -2.084875
v 0.436676 8.353393 -2.092924
v 0.476398 8.369795 -2.084875
v 0.496766 8.361506 -2.062886
v 0.448576 8.381119 -2.092924
v 0.420753 8.392441 -2.084875
v 0.459504 8.409496 -2.092924
v 0.431267 8.419744 -2.084875
v 0.410597 8.427246 -2.062886
v 0.440773 8.447614 -2.084875
v 0.419823 8.454295 -2.062886
v 0.449208 8.476007 -2.084875
v 0.403031 8.429993 -2.032847
v 0.400385 8.400730 -2.062886
v 0.389251 8.374790 -2.062886
v 0.392930 8.403764 -2.032847
v 0.381915 8.378100 -2.032847
v 0.400385 8.400730 -2.002808
v 0.389251 8.374790 -2.002808
v 0.409295 8.365746 -1.980818
v 0.377260 8.349469 -2.002808
v 0.364479 8.324810 -2.002808
v 0.370049 8.353044 -2.032847
v 0.396962 8.339703 -1.980818
v 0.423875 8.326361 -1.972770
v 0.383822 8.314350 -1.980818
v 0.369945 8.289732 -1.980818
v 0.410245 8.300062 -1.972769
v 0.395857 8.274535 -1.972769
v 0.436667 8.285773 -1.980818
v 0.421768 8.259339 -1.980818
v 0.456010 8.275313 -2.002808
v 0.450789 8.313019 -1.980818
v 0.440737 8.248215 -2.002808
v 0.447680 8.244143 -2.032847
v 0.424747 8.221991 -2.002808
v 0.408118 8.196674 -2.002808
v 0.406167 8.233752 -1.980818
v 0.431548 8.217686 -2.032847
v 0.424747 8.221991 -2.062886
v 0.414772 8.192144 -2.032847
v 0.397429 8.167552 -2.032847
v 0.408118 8.196674 -2.062886
v 0.390928 8.172297 -2.062886
v 0.389941 8.209048 -2.084875
v 0.373166 8.185261 -2.084875
v 0.365109 8.225952 -2.092924
v 0.406167 8.233752 -2.084875
v 0.380787 8.249820 -2.092924
v 0.421768 8.259339 -2.084875
v 0.440737 8.248215 -2.062886
v 0.395857 8.274535 -2.092924
v 0.369945 8.289731 -2.084875
v 0.410245 8.300062 -2.092924
v 0.383822 8.314350 -2.084875
v 0.364479 8.324810 -2.062886
v 0.396962 8.339703 -2.084875
v 0.377260 8.349469 -2.062886
v 0.409295 8.365746 -2.084875
v 0.357399 8.328638 -2.032847
v 0.350977 8.300856 -2.062886
v 0.336826 8.277649 -2.062886
v 0.344034 8.304927 -2.032847
v 0.330026 8.281954 -2.032847
v 0.350977 8.300856 -2.002808
v 0.336826 8.277649 -2.002808
v 0.355406 8.265886 -1.980818
v 0.322101 8.255230 -2.002808
v 0.306877 8.233643 -2.002808
v 0.315447 8.259760 -2.032847
v 0.340278 8.242856 -1.980818
v 0.365110 8.225952 -1.972769
v 0.324639 8.220679 -1.980818
v 0.308566 8.199394 -1.980818
v 0.348902 8.202971 -1.972769
v 0.332244 8.180909 -1.972769
v 0.373166 8.185261 -1.980818
v 0.355921 8.162424 -1.980818
v 0.390928 8.172297 -2.002808
v 0.389941 8.209048 -1.980818
v 0.373254 8.148891 -2.002808
v 0.379598 8.143938 -2.032847
v 0.355170 8.126482 -2.002808
v 0.336742 8.105083 -2.002808
v 0.338280 8.140563 -1.980818
v 0.361352 8.121327 -2.032847
v 0.355170 8.126482 -2.062886
v 0.342757 8.099734 -2.032847
v 0.323872 8.079166 -2.032847
v 0.336742 8.105083 -2.062886
v 0.318030 8.084703 -2.062886
v 0.320310 8.119696 -2.084875
v 0.302069 8.099830 -2.084875
v 0.297863 8.139657 -2.092924
v 0.338280 8.140563 -2.084875
v 0.315208 8.159799 -2.092924
v 0.355921 8.162424 -2.084875
v 0.373254 8.148891 -2.062886
v 0.332244 8.180909 -2.092924
v 0.308566 8.199394 -2.084875
v 0.348902 8.202971 -2.092924
v 0.324639 8.220679 -2.084875
v 0.306877 8.233643 -2.062886
v 0.340278 8.242856 -2.084875
v 0.322101 8.255230 -2.062886
v 0.355406 8.265886 -2.084875
v 0.300376 8.238388 -2.032847
v 0.291233 8.212927 -2.062886
v 0.275246 8.193115 -2.062886
v 0.284889 8.217879 -2.032847
v 0.269064 8.198270 -2.032847
v 0.291233 8.212927 -2.002808
v 0.275246 8.193115 -2.002808
v 0.292136 8.179034 -1.980818
v 0.258984 8.174232 -2.002808
v 0.242504 8.156283 -2.002808
v 0.252969 8.179581 -2.032847
v 0.275416 8.159618 -1.980818
v 0.297863 8.139657 -1.972769
v 0.258465 8.141157 -1.980818
v 0.241332 8.123643 -1.980818
v 0.280267 8.120493 -1.972769
v 0.262472 8.102303 -1.972769
v 0.302069 8.099830 -1.980818
v 0.283611 8.080961 -1.980818
v 0.318030 8.084703 -2.002808
v 0.320310 8.119696 -1.980818
v 0.299087 8.065339 -2.002808
v 0.304751 8.059621 -2.032847
v 0.279962 8.046980 -2.002808
v 0.260697 8.029605 -2.002808
v 0.264982 8.063079 -1.980818
v 0.285445 8.041088 -2.032847
v 0.279962 8.046980 -2.062885
v 0.265996 8.023546 -2.032847
v 0.246447 8.006968 -2.032847
v 0.260697 8.029605 -2.062885
v 0.241333 8.013184 -2.062885
v 0.246221 8.046158 -2.084875
v 0.227362 8.030165 -2.084875
v 0.226445 8.068769 -2.092924
v 0.264982 8.063079 -2.084875
v 0.244519 8.085070 -2.092924
v 0.283611 8.080961 -2.084875
v 0.299087 8.065339 -2.062885
v 0.262471 8.102303 -2.092924
v 0.241332 8.123643 -2.084875
v 0.280267 8.120493 -2.092924
v 0.258465 8.141157 -2.084875
v 0.242504 8.156283 -2.062885
v 0.275416 8.159618 -2.084875
v 0.258984 8.174232 -2.062885
v 0.292136 8.179034 -2.084875
v 0.236662 8.161820 -2.032847
v 0.225856 8.139266 -2.062885
v 0.209077 8.123158 -2.062885
v 0.220192 8.144984 -2.032847
v 0.203594 8.129051 -2.032847
v 0.225856 8.139266 -2.002808
v 0.209077 8.123158 -2.002808
v 0.224057 8.107060 -1.980818
v 0.192193 8.107932 -2.002808
v 0.175220 8.093539 -2.002808
v 0.186895 8.113990 -2.032847
v 0.206670 8.091379 -1.980818
v 0.226445 8.068769 -1.972769
v 0.189191 8.076558 -1.980818
v 0.171630 8.062542 -1.980818
v 0.208277 8.053362 -1.972769
v 0.190031 8.038799 -1.972769
v 0.227362 8.030165 -1.980818
v 0.208433 8.015057 -1.980818
v 0.241333 8.013184 -2.002808
v 0.246221 8.046158 -1.980818
v 0.221903 7.997676 -2.002808
v 0.226834 7.991314 -2.032847
v 0.202439 7.983030 -2.002808
v 0.182967 7.969184 -2.002808
v 0.189456 8.000778 -1.980818
v 0.207191 7.976533 -2.032847
v 0.202439 7.983030 -2.062885
v 0.187549 7.962567 -2.032847
v 0.167934 7.949341 -2.032847
v 0.182967 7.969184 -2.062885
v 0.163509 7.956064 -2.062885
v 0.170448 7.987263 -2.084875
v 0.151420 7.974433 -2.084875
v 0.153348 8.011958 -2.092924
v 0.189456 8.000778 -2.084875
v 0.171721 8.025023 -2.092924
v 0.208432 8.015057 -2.084875
v 0.221903 7.997676 -2.062885
v 0.190031 8.038799 -2.092924
v 0.171630 8.062542 -2.084875
v 0.208276 8.053362 -2.092924
v 0.189191 8.076558 -2.084875
v 0.175220 8.093539 -2.062885
v 0.206670 8.091379 -2.084875
v 0.192193 8.107932 -2.062885
v 0.224057 8.107060 -2.084875
v 0.170106 8.099754 -2.032847
v 0.158160 8.079923 -2.062885
v 0.141003 8.067015 -2.062885
v 0.153229 8.086285 -2.032847
v 0.136251 8.073511 -2.032847
v 0.158160 8.079923 -2.002808
v 0.141003 8.067015 -2.002808
v 0.153986 8.049267 -1.980818
v 0.123728 8.054733 -2.002808
v 0.106303 8.042986 -2.002808
v 0.119146 8.061350 -2.032847
v 0.136247 8.036654 -1.980818
v 0.153348 8.011958 -1.972769
v 0.118392 8.024617 -1.980818
v 0.100392 8.013057 -1.980818
v 0.134906 7.999525 -1.972769
v 0.116383 7.987628 -1.972769
v 0.151420 7.974433 -1.980818
v 0.132374 7.962199 -1.980818
v 0.163509 7.956064 -2.002808
v 0.170448 7.987263 -1.980818
v 0.144080 7.943584 -2.002808
v 0.148365 7.936771 -2.032847
v 0.124688 7.931646 -2.002808
v 0.105331 7.920138 -2.002808
v 0.113305 7.950460 -1.980818
v 0.128854 7.924759 -2.032847
v 0.124688 7.931646 -2.062885
v 0.109405 7.913196 -2.032847
v 0.090006 7.901958 -2.032847
v 0.105331 7.920137 -2.062885
v 0.085995 7.908936 -2.062885
v 0.094201 7.939103 -2.084875
v 0.075037 7.928000 -2.084875
v 0.078997 7.965009 -2.092924
v 0.113305 7.950460 -2.084875
v 0.097756 7.976161 -2.092924
v 0.132374 7.962199 -2.084875
v 0.144080 7.943584 -2.062885
v 0.116383 7.987628 -2.092924
v 0.100392 8.013057 -2.084875
v 0.134906 7.999525 -2.092924
v 0.118392 8.024617 -2.084875
v 0.106303 8.042986 -2.062885
v 0.136247 8.036654 -2.084875
v 0.123728 8.054733 -2.062885
v 0.153986 8.049267 -2.084875
v 0.101878 8.049709 -2.032847
v 0.088686 8.031672 -2.062885
v 0.070825 8.020678 -2.062885
v 0.084401 8.038486 -2.032847
v 0.066658 8.027564 -2.032847
v 0.088686 8.031672 -2.002808
v 0.070825 8.020678 -2.002808
v 0.082207 8.001863 -1.980818
v 0.052663 8.009881 -2.002808
v 0.034139 7.999151 -2.002808
v 0.048589 8.016823 -2.032847
v 0.063793 7.990916 -1.980818
v 0.078997 7.965010 -1.972769
v 0.045098 7.980086 -1.980818
v 0.026065 7.969232 -1.980818
v 0.060067 7.954043 -1.972769
v 0.040921 7.943124 -1.972769
v 0.075037 7.928000 -1.980818
v 0.055777 7.917016 -1.980818
v 0.085995 7.908936 -2.002808
v 0.094201 7.939103 -1.980818
v 0.066653 7.897904 -2.002808
v 0.070633 7.890908 -2.032847
v 0.047258 7.886893 -2.002808
v 0.027759 7.875750 -2.002808
v 0.036374 7.906000 -1.980818
v 0.051242 7.879899 -2.032847
v 0.047258 7.886893 -2.062885
v 0.031778 7.868776 -2.032847
v 0.012201 7.857397 -2.032847
v 0.027759 7.875750 -2.062885
v 0.008116 7.864332 -2.062885
v 0.016778 7.894801 -2.084875
v -0.003046 7.883278 -2.084875
v 0.001777 7.920826 -2.092924
v 0.036374 7.906000 -2.084875
v 0.021506 7.932101 -2.092924
v 0.055777 7.917016 -2.084875
v 0.066653 7.897904 -2.062885
v 0.040921 7.943124 -2.092924
v 0.026065 7.969232 -2.084875
v 0.060067 7.954043 -2.092924
v 0.045098 7.980086 -2.084875
v 0.034139 7.999151 -2.062885
v 0.063793 7.990916 -2.084875
v 0.052663 8.009881 -2.062885
v 0.082207 8.001863 -2.084875
v 0.030128 8.006129 -2.032847
v 0.015190 7.988344 -2.062885
v -0.004245 7.977310 -2.062885
v 0.011209 7.995340 -2.032847
v -0.008229 7.984304 -2.032847
v 0.015190 7.988344 -2.002808
v -0.004245 7.977310 -2.002808
v 0.006639 7.958203 -1.980818
v -0.024205 7.965903 -2.002808
v -0.044701 7.953988 -2.002808
v -0.028224 7.972877 -2.032847
v -0.013224 7.946851 -1.980818
v 0.001777 7.920826 -1.972769
v -0.033540 7.935041 -1.980818
v -0.054303 7.922646 -1.980818
v -0.018293 7.909160 -1.972769
v -0.038706 7.896974 -1.972769
v -0.003046 7.883278 -1.980818
v -0.023110 7.871301 -1.980818
v 0.008116 7.864332 -2.002808
v 0.016778 7.894801 -1.980818
v -0.011692 7.852508 -2.002808
v -0.007513 7.845629 -2.032847
v -0.031666 7.840160 -2.002808
v -0.051785 7.827186 -2.002808
v -0.043408 7.858753 -1.980818
v -0.027369 7.833355 -2.032846
v -0.031667 7.840160 -2.062885
v -0.047347 7.820471 -2.032846
v -0.067404 7.806888 -2.032846
v -0.051785 7.827186 -2.062885
v -0.072003 7.813493 -2.062885
v -0.063911 7.845530 -2.084875
v -0.084568 7.831540 -2.084875
v -0.080475 7.870589 -2.092924
v -0.043408 7.858753 -2.084875
v -0.059447 7.884151 -2.092924
v -0.023110 7.871301 -2.084875
v -0.011692 7.852508 -2.062885
v -0.038706 7.896973 -2.092924
v -0.054303 7.922646 -2.084875
v -0.018293 7.909160 -2.092924
v -0.033540 7.935041 -2.084875
v -0.044701 7.953988 -2.062885
v -0.013224 7.946851 -2.084875
v -0.024205 7.965903 -2.062885
v 0.006639 7.958203 -2.084875
v -0.048787 7.960922 -2.032847
v -0.065721 7.941439 -2.062885
v -0.087227 7.928143 -2.062885
v -0.069900 7.948318 -2.032847
v -0.091525 7.934948 -2.032847
v -0.065721 7.941439 -2.002808
v -0.087227 7.928143 -2.002808
v -0.075486 7.909550 -1.980818
v -0.109165 7.913992 -2.002808
v -0.131459 7.898892 -2.002808
v -0.113603 7.920707 -2.032847
v -0.097039 7.895648 -1.980818
v -0.080475 7.870589 -1.972769
v -0.118894 7.880845 -1.980818
v -0.140962 7.865055 -1.980818
v -0.101731 7.856193 -1.972769
v -0.123132 7.840880 -1.972769
v -0.084568 7.831540 -1.980818
v -0.105302 7.816706 -1.980818
v -0.072003 7.813494 -2.002808
v -0.063911 7.845530 -1.980818
v -0.092250 7.799009 -2.002808
v -0.087472 7.792531 -2.032846
v -0.112431 7.783671 -2.002808
v -0.132429 7.767435 -2.002808
v -0.126017 7.800962 -1.980818
v -0.107458 7.777342 -2.032846
v -0.112431 7.783671 -2.062885
v -0.127245 7.761278 -2.032846
v -0.146692 7.744312 -2.032846
v -0.132429 7.767435 -2.062885
v -0.152101 7.750273 -2.062885
v -0.146590 7.784258 -2.084875
v -0.166879 7.766556 -2.084875
v -0.165935 7.807238 -2.092924
v -0.126017 7.800962 -2.084875
v -0.144575 7.824582 -2.092924
v -0.105302 7.816706 -2.084875
v -0.092250 7.799009 -2.062885
v -0.123132 7.840880 -2.092924
v -0.140962 7.865055 -2.084875
v -0.101731 7.856193 -2.092924
v -0.118894 7.880845 -2.084875
v -0.131459 7.898892 -2.062885
v -0.097039 7.895648 -2.084875
v -0.109165 7.913992 -2.062885
v -0.075486 7.909550 -2.084875
v -0.136058 7.905498 -2.032846
v -0.154015 7.882752 -2.062885
v -0.176719 7.865493 -2.062885
v -0.158792 7.889230 -2.032846
v -0.181692 7.871822 -2.032846
v -0.154015 7.882752 -2.002808
v -0.176719 7.865493 -2.002808
v -0.163134 7.848202 -1.980818
v -0.199442 7.847041 -2.002808
v -0.222030 7.827329 -2.002808
v -0.204625 7.853199 -2.032846
v -0.185280 7.830218 -1.980818
v -0.165935 7.807238 -1.972769
v -0.207253 7.811045 -1.980818
v -0.228881 7.790633 -1.980818
v -0.187066 7.788801 -1.972769
v -0.207799 7.769235 -1.972769
v -0.166879 7.766556 -1.980818
v -0.186717 7.747837 -1.980818
v -0.152101 7.750273 -2.002808
v -0.146590 7.784258 -1.980818
v -0.171284 7.732172 -2.002808
v -0.165635 7.726439 -2.032846
v -0.189791 7.713140 -2.002808
v -0.207419 7.693204 -2.002808
v -0.205917 7.728091 -1.980818
v -0.183889 7.707668 -2.032846
v -0.189791 7.713140 -2.062885
v -0.201251 7.688033 -2.032846
v -0.217500 7.667587 -2.032846
v -0.207419 7.693204 -2.062885
v -0.223945 7.672408 -2.062885
v -0.224272 7.707330 -2.084875
v -0.241555 7.685578 -2.084875
v -0.247293 7.726626 -2.092924
v -0.205917 7.728091 -2.084875
v -0.227945 7.748514 -2.092924
v -0.186717 7.747837 -2.084875
v -0.171284 7.732172 -2.062885
v -0.207799 7.769235 -2.092924
v -0.228881 7.790633 -2.084875
v -0.187066 7.788801 -2.092924
v -0.207253 7.811045 -2.084875
v -0.222030 7.827329 -2.062885
v -0.185280 7.830218 -2.084875
v -0.199442 7.847041 -2.062885
v -0.163134 7.848202 -2.084875
v -0.227439 7.833290 -2.032846
v -0.244314 7.806297 -2.062885
v -0.266098 7.783888 -2.062885
v -0.249962 7.812031 -2.032846
v -0.272000 7.789360 -2.032846
v -0.244314 7.806297 -2.002808
v -0.266098 7.783888 -2.002808
v -0.249972 7.768937 -1.980818
v -0.287166 7.760049 -2.002808
v -0.307275 7.734730 -2.002808
v -0.293335 7.765219 -2.032846
v -0.270314 7.745923 -1.980818
v -0.247293 7.726626 -1.972769
v -0.289665 7.721560 -1.980818
v -0.307762 7.695825 -1.980818
v -0.265610 7.703569 -1.972769
v -0.282643 7.679352 -1.972769
v -0.241555 7.685578 -1.980818
v -0.257524 7.662879 -1.980818
v -0.223945 7.672408 -2.002808
v -0.224272 7.707330 -1.980818
v -0.239136 7.650820 -2.002808
v -0.232405 7.646406 -2.032846
v -0.252749 7.628524 -2.002808
v -0.264555 7.605601 -2.002808
v -0.271924 7.639290 -1.980818
v -0.245731 7.624584 -2.032846
v -0.252749 7.628524 -2.062885
v -0.257257 7.602208 -2.032846
v -0.266806 7.579329 -2.032846
v -0.264555 7.605601 -2.062885
v -0.274362 7.582101 -2.062885
v -0.284495 7.614871 -2.084875
v -0.295007 7.589674 -2.084875
v -0.311734 7.627535 -2.092924
v -0.271924 7.639290 -2.084875
v -0.298116 7.653996 -2.092924
v -0.257524 7.662879 -2.084875
v -0.239136 7.650820 -2.062885
v -0.282643 7.679352 -2.092924
v -0.307762 7.695825 -2.084875
v -0.265610 7.703569 -2.092924
v -0.289665 7.721560 -2.084875
v -0.307275 7.734730 -2.062885
v -0.270314 7.745923 -2.084875
v -0.287166 7.760049 -2.062885
v -0.249972 7.768937 -2.084875
v -0.313720 7.739551 -2.032846
v -0.326150 7.707884 -2.062885
v -0.343483 7.679468 -2.062885
v -0.332881 7.712298 -2.032846
v -0.350501 7.683409 -2.032846
v -0.326150 7.707884 -2.002808
v -0.343483 7.679468 -2.002808
v -0.324309 7.668703 -1.980818
v -0.358913 7.649468 -2.002808
v -0.372053 7.617939 -2.002808
v -0.366212 7.652862 -2.032846
v -0.338973 7.640198 -1.980818
v -0.311734 7.627535 -1.972769
v -0.351409 7.610366 -1.980818
v -0.361290 7.579310 -1.980818
v -0.323208 7.600020 -1.972769
v -0.332276 7.571532 -1.972769
v -0.295007 7.589674 -1.980818
v -0.303261 7.563753 -1.980818
v -0.274362 7.582101 -2.002808
v -0.284495 7.614871 -1.980818
v -0.282022 7.558059 -2.002808
v -0.274247 7.555975 -2.032846
v -0.287406 7.533509 -2.002808
v -0.290403 7.508490 -2.002808
v -0.309089 7.537173 -1.980818
v -0.279470 7.532168 -2.032846
v -0.287406 7.533509 -2.062885
v -0.282373 7.507933 -2.032846
v -0.282856 7.483303 -2.032846
v -0.290403 7.508490 -2.062885
v -0.290901 7.483053 -2.062885
v -0.312340 7.510012 -2.084875
v -0.312880 7.482369 -2.084875
v -0.342306 7.512091 -2.092924
v -0.309089 7.537173 -2.084875
v -0.338708 7.542177 -2.092924
v -0.303261 7.563753 -2.084875
v -0.282022 7.558059 -2.062885
v -0.332276 7.571532 -2.092924
v -0.361290 7.579310 -2.084875
v -0.323208 7.600020 -2.092924
v -0.351409 7.610366 -2.084875
v -0.372053 7.617939 -2.062885
v -0.338973 7.640198 -2.084875
v -0.358913 7.649468 -2.062885
v -0.324309 7.668703 -2.084875
v -0.379609 7.620711 -2.032846
v -0.382529 7.585005 -2.062885
v -0.390009 7.550845 -2.062885
v -0.390304 7.587089 -2.032846
v -0.397946 7.552186 -2.032846
v -0.382529 7.585005 -2.002808
v -0.390009 7.550845 -2.002808
v -0.368327 7.547182 -1.980818
v -0.394210 7.515693 -2.002808
v -0.394908 7.479820 -2.002808
v -0.402240 7.516250 -2.032846
v -0.372273 7.514171 -1.980818
v -0.342306 7.512091 -1.972769
v -0.372928 7.480504 -1.980818
v -0.370141 7.446436 -1.980818
v -0.342904 7.481436 -1.972769
v -0.340365 7.450403 -1.972769
v -0.312880 7.482369 -1.980818
v -0.310590 7.454370 -1.980818
v -0.290901 7.483053 -2.002808
v -0.312340 7.510012 -1.980818
v -0.288792 7.457273 -2.002808
v -0.280814 7.458336 -2.032846
v -0.283972 7.431264 -2.002808
v -0.276346 7.405184 -2.002808
v -0.305363 7.426168 -1.980818
v -0.276142 7.433129 -2.032846
v -0.283972 7.431264 -2.062885
v -0.268743 7.407827 -2.032846
v -0.258538 7.382629 -2.032846
v -0.276346 7.405184 -2.062885
v -0.265839 7.379242 -2.062885
v -0.297116 7.397963 -2.084875
v -0.285787 7.369987 -2.084875
v -0.325489 7.388098 -2.092924
v -0.305363 7.426168 -2.084875
v -0.334585 7.419208 -2.092924
v -0.310590 7.454370 -2.084875
v -0.288792 7.457273 -2.062885
v -0.340365 7.450403 -2.092924
v -0.370141 7.446436 -2.084875
v -0.342904 7.481436 -2.092924
v -0.372929 7.480504 -2.084875
v -0.394908 7.479820 -2.062885
v -0.372273 7.514171 -2.084875
v -0.394210 7.515693 -2.062885
v -0.368327 7.547182 -2.084875
v -0.402953 7.479570 -2.032846
v -0.391938 7.443532 -2.062885
v -0.385197 7.407153 -2.062885
v -0.399916 7.442470 -2.032846
v -0.393027 7.405288 -2.032846
v -0.391938 7.443532 -2.002808
v -0.385197 7.407153 -2.002808
v -0.363806 7.412248 -1.980818
v -0.374632 7.371012 -2.002808
v -0.360233 7.335449 -2.002808
v -0.382234 7.368369 -2.032846
v -0.353862 7.378234 -1.980818
v -0.325489 7.388098 -1.972769
v -0.340285 7.344704 -1.980818
v -0.323084 7.311983 -1.980818
v -0.313036 7.357346 -1.972769
v -0.297215 7.327251 -1.972769
v -0.285787 7.369987 -1.980818
v -0.271346 7.342519 -1.980818
v -0.265839 7.379241 -2.002808
v -0.297116 7.397963 -1.980818
v -0.252408 7.353696 -2.002808
v -0.245477 7.357787 -2.032846
v -0.236046 7.328851 -2.002808
v -0.216788 7.305050 -2.002808
v -0.253797 7.315872 -1.980818
v -0.229549 7.333601 -2.032846
v -0.236046 7.328851 -2.062885
v -0.210787 7.310413 -2.032846
v -0.189272 7.288594 -2.032846
v -0.216788 7.305050 -2.062885
v -0.194715 7.282665 -2.062885
v -0.233184 7.290396 -2.084875
v -0.209586 7.266467 -2.084875
v -0.255580 7.270378 -2.092924
v -0.253797 7.315873 -2.084875
v -0.278046 7.298143 -2.092924
v -0.271346 7.342519 -2.084875
v -0.252408 7.353696 -2.062885
v -0.297215 7.327251 -2.092924
v -0.323084 7.311983 -2.084875
v -0.313036 7.357346 -2.092924
v -0.340285 7.344704 -2.084875
v -0.360233 7.335449 -2.062885
v -0.353862 7.378234 -2.084875
v -0.374632 7.371012 -2.062885
v -0.363806 7.412248 -2.084875
v -0.367534 7.332062 -2.032846
v -0.342021 7.300806 -2.062885
v -0.320046 7.267436 -2.062885
v -0.348953 7.296715 -2.032846
v -0.326543 7.262685 -2.032846
v -0.342021 7.300806 -2.002808
v -0.320046 7.267436 -2.002808
v -0.302294 7.280414 -1.980818
v -0.294373 7.235706 -2.002808
v -0.265088 7.206013 -2.002808
v -0.300374 7.230343 -2.032846
v -0.277977 7.250360 -1.980818
v -0.255580 7.270378 -1.972769
v -0.250216 7.222212 -1.980818
v -0.219119 7.196387 -1.980818
v -0.229901 7.244339 -1.972769
v -0.201123 7.220438 -1.972769
v -0.209586 7.266467 -1.980818
v -0.183126 7.244489 -1.980818
v -0.194715 7.282665 -2.002808
v -0.233184 7.290396 -1.980818
v -0.169952 7.262095 -2.002808
v -0.165130 7.268540 -2.032847
v -0.142666 7.243754 -2.002808
v -0.113055 7.228062 -2.002808
v -0.153960 7.224886 -1.980818
v -0.138531 7.250660 -2.032847
v -0.142666 7.243754 -2.062885
v -0.109679 7.235369 -2.032847
v -0.078788 7.223075 -2.032847
v -0.113055 7.228062 -2.062885
v -0.081335 7.215440 -2.062885
v -0.122279 7.208100 -2.084875
v -0.088294 7.194581 -2.084875
v -0.134878 7.180831 -2.092924
v -0.153960 7.224886 -2.084875
v -0.169389 7.199113 -2.092924
v -0.183126 7.244489 -2.084875
v -0.169952 7.262095 -2.062885
v -0.201123 7.220438 -2.092924
v -0.219119 7.196387 -2.084875
v -0.229901 7.244339 -2.092924
v -0.250216 7.222212 -2.084875
v -0.265088 7.206013 -2.062885
v -0.277977 7.250360 -2.084875
v -0.294373 7.235706 -2.062885
v -0.302295 7.280414 -2.084875
v -0.270531 7.200084 -2.032846
v -0.232293 7.178780 -2.062885
v -0.196113 7.154472 -2.062885
v -0.237115 7.172336 -2.032846
v -0.200247 7.147566 -2.032847
v -0.232293 7.178780 -2.002808
v -0.196113 7.154472 -2.002808
v -0.184818 7.173340 -1.980818
v -0.156701 7.133601 -2.002808
v -0.114266 7.116732 -2.002808
v -0.160077 7.126295 -2.032847
v -0.147478 7.153563 -1.980818
v -0.134878 7.180831 -1.972769
v -0.107307 7.137591 -1.980818
v -0.064610 7.125985 -1.980818
v -0.097801 7.166086 -1.972769
v -0.058443 7.155384 -1.972769
v -0.088294 7.194581 -1.980818
v -0.052276 7.184783 -1.980818
v -0.081335 7.215440 -2.002808
v -0.122279 7.208100 -1.980818
v -0.047761 7.206304 -2.002808
v -0.046108 7.214181 -2.032847
v -0.012696 7.201066 -2.002808
v 0.023371 7.200133 -2.002808
v -0.014602 7.179159 -1.980818
v -0.011998 7.209085 -2.032847
v -0.012696 7.201066 -2.062885
v 0.023059 7.208176 -2.032847
v 0.058462 7.211823 -2.032847
v 0.023371 7.200133 -2.062885
v 0.059834 7.203892 -2.062885
v 0.024223 7.178160 -2.084875
v 0.063581 7.182224 -2.084875
v 0.025387 7.148144 -2.092924
v -0.014602 7.179159 -2.084875
v -0.017207 7.149233 -2.092924
v -0.052276 7.184783 -2.084875
v -0.047761 7.206304 -2.062885
v -0.058443 7.155384 -2.092924
v -0.064610 7.125985 -2.084875
v -0.097801 7.166086 -2.092924
v -0.107307 7.137591 -2.084875
v -0.114266 7.116732 -2.062885
v -0.147478 7.153563 -2.084875
v -0.156701 7.133601 -2.062885
v -0.184818 7.173340 -2.084875
v -0.116814 7.109097 -2.032847
v -0.069125 7.104464 -2.062885
v -0.021718 7.097401 -2.062885
v -0.070777 7.096586 -2.032847
v -0.022416 7.089382 -2.032847
v -0.069125 7.104464 -2.002808
v -0.021718 7.097401 -2.002808
v -0.019811 7.119308 -1.980818
v 0.027403 7.096155 -2.002808
v 0.077565 7.101357 -2.002808
v 0.027715 7.088111 -2.032847
v 0.026551 7.118128 -1.980818
v 0.025387 7.148144 -1.972769
v 0.073818 7.123025 -1.980818
v 0.121194 7.134597 -1.980818
v 0.068699 7.152625 -1.972769
v 0.111971 7.163185 -1.972769
v 0.063581 7.182224 -1.980818
v 0.102748 7.191773 -1.980818
v 0.059834 7.203892 -2.002808
v 0.024223 7.178160 -1.980818
v 0.095996 7.212701 -2.002808
v 0.093525 7.220361 -2.032847
v 0.131111 7.226899 -2.002808
v 0.164413 7.246847 -2.002808
v 0.140922 7.207220 -1.980818
v 0.127520 7.234103 -2.032847
v 0.131111 7.226899 -2.062886
v 0.159718 7.253384 -2.032847
v 0.189411 7.278648 -2.032847
v 0.164413 7.246847 -2.062886
v 0.195140 7.272995 -2.062886
v 0.177241 7.228986 -2.084875
v 0.210793 7.257550 -2.084875
v 0.194764 7.204588 -2.092924
v 0.140922 7.207220 -2.084875
v 0.154325 7.180336 -2.092924
v 0.102748 7.191773 -2.084875
v 0.095996 7.212701 -2.062885
v 0.111971 7.163185 -2.092924
v 0.121193 7.134597 -2.084875
v 0.068699 7.152625 -2.092924
v 0.073818 7.123025 -2.084875
v 0.077565 7.101357 -2.062886
v 0.026551 7.118128 -2.084875
v 0.027403 7.096155 -2.062885
v -0.019811 7.119308 -2.084875
v 0.078936 7.093426 -2.032847
v 0.127945 7.113670 -2.062886
v 0.177538 7.133774 -2.062886
v 0.130416 7.106010 -2.032847
v 0.181129 7.126571 -2.032847
v 0.127945 7.113670 -2.002808
v 0.177538 7.133774 -2.002808
v 0.167727 7.153453 -1.980818
v 0.225115 7.162330 -2.002808
v 0.269209 7.199909 -2.002808
v 0.229811 7.155792 -2.032847
v 0.212288 7.180190 -1.980818
v 0.194764 7.204588 -1.972769
v 0.253557 7.215353 -1.980818
v 0.290051 7.259387 -1.980819
v 0.232175 7.236452 -1.972770
v 0.265322 7.276439 -1.972770
v 0.210793 7.257550 -1.980818
v 0.240592 7.293490 -1.980818
v 0.195140 7.272995 -2.002808
v 0.177241 7.228986 -1.980818
v 0.222489 7.305974 -2.002808
v 0.215863 7.310543 -2.032847
v 0.245509 7.346638 -2.002808
v 0.262965 7.396023 -2.002808
v 0.265518 7.337518 -1.980818
v 0.238185 7.349977 -2.032847
v 0.245509 7.346638 -2.062886
v 0.255180 7.398064 -2.032847
v 0.265250 7.455966 -2.032847
v 0.262965 7.396023 -2.062886
v 0.273262 7.455202 -2.062886
v 0.284236 7.390446 -2.084875
v 0.295152 7.453112 -2.084875
v 0.313293 7.382829 -2.092924
v 0.265518 7.337518 -2.084875
v 0.292852 7.325060 -2.092924
v 0.240592 7.293490 -2.084875
v 0.222489 7.305974 -2.062886
v 0.265321 7.276439 -2.092924
v 0.290051 7.259387 -2.084875
v 0.232175 7.236452 -2.092924
v 0.253557 7.215353 -2.084875
v 0.269209 7.199909 -2.062886
v 0.212287 7.180190 -2.084875
v 0.225115 7.162330 -2.062886
v 0.167727 7.153453 -2.084875
v 0.274939 7.194255 -2.032847
v 0.308154 7.246903 -2.062886
v 0.340195 7.303482 -2.062886
v 0.314781 7.242334 -2.032847
v 0.347519 7.300144 -2.032847
v 0.308154 7.246903 -2.002808
v 0.340195 7.303482 -2.002808
v 0.320185 7.312602 -1.980819
v 0.363621 7.369634 -2.002808
v 0.376848 7.445312 -2.002808
v 0.371406 7.367593 -2.032847
v 0.342350 7.375211 -1.980819
v 0.313293 7.382829 -1.972770
v 0.354958 7.447402 -1.980819
v 0.356425 7.529427 -1.980819
v 0.325055 7.450256 -1.972770
v 0.326427 7.527857 -1.972770
v 0.295152 7.453112 -1.980819
v 0.296429 7.526287 -1.980819
v 0.273262 7.455202 -2.002808
v 0.284236 7.390446 -1.980819
v 0.274470 7.525138 -2.002808
v 0.266432 7.524717 -2.032847
v 0.264433 7.606609 -2.002808
v 0.240875 7.700215 -2.002808
v 0.286051 7.610639 -1.980819
v 0.256521 7.605134 -2.032847
v 0.264433 7.606609 -2.062886
v 0.233187 7.697831 -2.032847
v 0.240875 7.700215 -2.062886
v 0.194076 7.803225 -2.032847
v 0.201478 7.806386 -2.002808
v 0.201478 7.806386 -2.062886
v 0.221699 7.815025 -2.084875
v 0.221700 7.815025 -1.980819
v 0.249323 7.826827 -2.092924
v 0.261878 7.706729 -2.084875
v 0.290568 7.715628 -2.092924
v 0.286051 7.610639 -2.084876
v 0.315581 7.616143 -2.092924
v 0.296429 7.526287 -2.084876
v 0.274470 7.525138 -2.062886
v 0.326427 7.527857 -2.092924
v 0.356425 7.529427 -2.084876
v 0.325055 7.450256 -2.092924
v 0.354957 7.447402 -2.084876
v 0.376848 7.445312 -2.062886
v 0.342350 7.375211 -2.084876
v 0.363621 7.369634 -2.062886
v 0.320185 7.312602 -2.084876
v 0.384860 7.444547 -2.032847
v 0.378384 7.530576 -2.062886
v 0.366728 7.625676 -2.062886
v 0.386422 7.530996 -2.032847
v 0.374641 7.627151 -2.032847
v 0.378384 7.530576 -2.002808
v 0.366728 7.625676 -2.002808
v 0.345111 7.621647 -1.980819
v 0.340261 7.731040 -2.002808
v 0.347949 7.733425 -2.032847
v 0.319259 7.724526 -1.980819
v 0.297168 7.847267 -2.002808
v 0.297168 7.847267 -2.062886
v 0.304570 7.850429 -2.032847
v 0.276947 7.838627 -1.980819
v 0.249323 7.826827 -1.972770
v 0.276946 7.838627 -2.084876
v 0.319259 7.724526 -2.084876
v 0.340261 7.731040 -2.062886
v 0.345111 7.621647 -2.084876
v 0.290568 7.715628 -1.972770
v 0.261878 7.706729 -1.980819
v 0.315581 7.616143 -1.972770
v 0.292852 7.325060 -1.972770
v 0.154325 7.180336 -1.972769
v -0.017207 7.149233 -1.972769
v -0.169389 7.199113 -1.972769
v -0.278046 7.298143 -1.972769
v -0.334585 7.419208 -1.972769
v -0.338708 7.542177 -1.972769
v -0.298116 7.653996 -1.972769
v -0.227945 7.748514 -1.972769
v -0.144575 7.824582 -1.972769
v -0.059447 7.884151 -1.972769
v 0.021506 7.932101 -1.972769
v 0.097756 7.976161 -1.972769
v 0.171721 8.025023 -1.972769
v 0.244519 8.085070 -1.972769
v 0.315208 8.159799 -1.972769
v 0.380787 8.249820 -1.972769
v 0.436676 8.353393 -1.972770
v 0.478172 8.468045 -1.972770
v 0.500926 8.591108 -1.972770
v 0.500948 8.719719 -1.972770
v 0.474276 8.850848 -1.972770
v 0.415134 8.981419 -1.972769
v 0.314863 9.108378 -1.972769
v 0.161877 9.228701 -1.972769
v -0.060183 9.336443 -1.972769
v -0.392742 9.390368 -1.972769
v -0.922585 9.281581 -1.972769
vn -0.3536 -0.6907 -0.6308
vn -0.3536 -0.6908 0.6308
vn -0.2030 -0.9092 -0.3634
vn -0.5602 -0.3908 0.7303
vn -0.5602 -0.3908 -0.7303
vn 0.2143 -0.4552 -0.8642
vn -0.0591 -0.0379 -0.9975
vn 0.4147 -0.7609 -0.4991
vn 0.2187 -0.4505 -0.8656
vn 0.2156 -0.4492 -0.8670
vn -0.0419 -0.0247 -0.9988
vn 0.4100 -0.7628 -0.5001
vn 0.3944 -0.7700 -0.5015
vn 0.4801 -0.8772 -0.0000
vn 0.4603 -0.8878 -0.0000
vn 0.4100 -0.7628 0.5001
vn 0.4880 -0.8728 -0.0000
vn 0.4147 -0.7609 0.4991
vn -0.1480 -0.9890 -0.0000
vn -0.2030 -0.9092 0.3634
vn 0.2143 -0.4552 0.8642
vn 0.2187 -0.4505 0.8656
vn -0.0591 -0.0379 0.9975
vn -0.0419 -0.0247 0.9988
vn -0.3322 0.3791 0.8637
vn -0.3018 0.4007 0.8651
vn -0.5320 0.6844 0.4986
vn -0.7680 -0.0893 0.6342
vn -0.7680 -0.0893 -0.6342
vn -0.9208 0.1324 0.3668
vn -0.9208 0.1324 -0.3668
vn -0.9769 0.2138 -0.0000
vn -0.6051 0.7961 -0.0000
vn -0.5320 0.6844 -0.4986
vn -0.5618 0.8273 -0.0000
vn -0.5089 0.8608 -0.0000
vn -0.4920 0.7127 0.5000
vn -0.4920 0.7127 -0.5000
vn -0.4447 0.7426 -0.5008
vn -0.3018 0.4007 -0.8651
vn -0.2683 0.4228 -0.8656
vn -0.3322 0.3791 -0.8637
vn -0.0270 -0.0128 -0.9996
vn -0.2233 0.4504 -0.8645
vn -0.1751 0.4724 -0.8638
vn -0.3760 0.7804 -0.4995
vn -0.0136 -0.0003 -0.9999
vn -0.0033 0.0051 -1.0000
vn 0.1985 -0.4532 -0.8690
vn 0.1700 -0.4648 -0.8690
vn 0.3557 -0.7873 -0.5036
vn 0.2980 -0.8111 -0.5032
vn 0.4138 -0.9104 -0.0000
vn 0.3452 -0.9385 -0.0000
vn 0.3557 -0.7873 0.5036
vn 0.2980 -0.8111 0.5032
vn 0.1985 -0.4532 0.8690
vn 0.3944 -0.7700 0.5015
vn 0.2156 -0.4492 0.8670
vn -0.0270 -0.0128 0.9996
vn -0.0136 -0.0003 0.9999
vn -0.2683 0.4228 0.8656
vn -0.2233 0.4504 0.8645
vn -0.4447 0.7426 0.5008
vn -0.3760 0.7804 0.4995
vn -0.4319 0.9019 -0.0000
vn -0.3003 0.8135 0.4981
vn -0.2346 0.8353 0.4972
vn -0.1751 0.4724 0.8638
vn -0.3460 0.9382 -0.0000
vn -0.3003 0.8135 -0.4981
vn -0.2704 0.9628 -0.0000
vn -0.1896 0.9819 -0.0000
vn -0.2346 0.8353 -0.4972
vn -0.1646 0.8520 -0.4969
vn -0.1365 0.4861 -0.8632
vn -0.0958 0.4961 -0.8629
vn -0.0018 0.0063 -1.0000
vn -0.0013 0.0070 -1.0000
vn 0.1339 -0.4766 -0.8689
vn 0.0938 -0.4856 -0.8691
vn 0.2338 -0.8322 -0.5029
vn 0.1640 -0.8485 -0.5031
vn 0.2705 -0.9627 -0.0000
vn 0.1897 -0.9818 -0.0000
vn 0.2338 -0.8322 0.5029
vn 0.1640 -0.8485 0.5031
vn 0.1339 -0.4766 0.8689
vn -0.0018 0.0063 1.0000
vn 0.1700 -0.4648 0.8690
vn 0.0938 -0.4856 0.8691
vn 0.0502 -0.4917 0.8693
vn -0.0013 0.0070 1.0000
vn -0.0008 0.0075 1.0000
vn -0.0958 0.4961 0.8629
vn -0.0514 0.5030 0.8628
vn -0.1646 0.8520 0.4969
vn -0.1365 0.4861 0.8632
vn -0.0881 0.8634 0.4968
vn -0.1016 0.9948 -0.0000
vn -0.0079 0.8679 0.4967
vn 0.0728 0.8648 0.4967
vn -0.0046 0.5057 0.8627
vn -0.0091 1.0000 -0.0000
vn -0.0079 0.8679 -0.4967
vn 0.0839 0.9965 -0.0000
vn 0.1732 0.9849 -0.0000
vn 0.0728 0.8648 -0.4967
vn 0.1503 0.8547 -0.4969
vn 0.0424 0.5039 -0.8627
vn 0.0875 0.4977 -0.8629
vn 0.0006 0.0076 -1.0000
vn -0.0046 0.5057 -0.8627
vn -0.0001 0.0077 -1.0000
vn -0.0514 0.5030 -0.8628
vn -0.0881 0.8634 -0.4968
vn -0.0008 0.0075 -1.0000
vn 0.0502 -0.4917 -0.8693
vn 0.0045 -0.4941 -0.8694
vn 0.0878 -0.8596 -0.5033
vn 0.0078 -0.8640 -0.5034
vn 0.1016 -0.9948 -0.0000
vn 0.0091 -1.0000 -0.0000
vn 0.0878 -0.8596 0.5033
vn 0.0078 -0.8640 0.5034
vn 0.0045 -0.4941 0.8694
vn -0.0726 -0.8610 0.5033
vn -0.1498 -0.8511 0.5032
vn -0.0840 -0.9965 -0.0000
vn -0.0415 -0.4925 0.8693
vn 0.0006 0.0076 1.0000
vn -0.0857 -0.4871 0.8692
vn -0.1264 -0.4786 0.8689
vn 0.0012 0.0071 1.0000
vn 0.0017 0.0064 1.0000
vn 0.0875 0.4977 0.8629
vn 0.1288 0.4882 0.8632
vn 0.1503 0.8547 0.4969
vn 0.0424 0.5039 0.8627
vn 0.2214 0.8389 0.4972
vn 0.2551 0.9669 -0.0000
vn 0.2841 0.8196 0.4975
vn 0.3381 0.7987 0.4978
vn 0.1652 0.4766 0.8635
vn 0.3275 0.9449 -0.0000
vn 0.2841 0.8196 -0.4975
vn 0.3898 0.9209 -0.0000
vn 0.4432 0.8964 -0.0000
vn 0.3381 0.7987 -0.4978
vn 0.3843 0.7773 -0.4980
vn 0.1964 0.4640 -0.8638
vn 0.2231 0.4513 -0.8641
vn 0.0020 0.0047 -1.0000
vn 0.1652 0.4766 -0.8635
vn 0.0019 0.0055 -1.0000
vn 0.1288 0.4882 -0.8632
vn 0.2214 0.8389 -0.4972
vn 0.0017 0.0064 -1.0000
vn -0.1264 -0.4786 -0.8689
vn 0.0012 0.0071 -1.0000
vn -0.0857 -0.4871 -0.8692
vn -0.1498 -0.8511 -0.5032
vn -0.0415 -0.4925 -0.8693
vn -0.0726 -0.8610 -0.5033
vn -0.1734 -0.9849 -0.0000
vn -0.2207 -0.8357 -0.5029
vn -0.2833 -0.8168 -0.5026
vn -0.2553 -0.9668 -0.0000
vn -0.3277 -0.9448 -0.0000
vn -0.2207 -0.8357 0.5029
vn -0.2833 -0.8168 0.5026
vn -0.1624 -0.4682 0.8686
vn -0.3373 -0.7963 0.5022
vn -0.3834 -0.7753 0.5020
vn -0.3900 -0.9208 -0.0000
vn -0.1935 -0.4569 0.8682
vn 0.0020 0.0047 1.0000
vn -0.2201 -0.4451 0.8680
vn -0.2435 -0.4331 0.8678
vn 0.0020 0.0041 1.0000
vn 0.0020 0.0036 1.0000
vn 0.2231 0.4512 0.8641
vn 0.2465 0.4386 0.8642
vn 0.3843 0.7773 0.4980
vn 0.1964 0.4640 0.8638
vn 0.4248 0.7559 0.4982
vn 0.4899 0.8718 -0.0000
vn 0.4626 0.7333 0.4982
vn 0.5001 0.7084 0.4981
vn 0.2684 0.4255 0.8642
vn 0.5335 0.8458 -0.0000
vn 0.4626 0.7333 -0.4982
vn 0.5767 0.8170 -0.0000
vn 0.6202 0.7844 -0.0000
vn 0.5001 0.7084 -0.4981
vn 0.5378 0.6802 -0.4980
vn 0.2902 0.4111 -0.8641
vn 0.3122 0.3949 -0.8640
vn 0.0025 0.0036 -1.0000
vn 0.2684 0.4255 -0.8642
vn 0.0022 0.0035 -1.0000
vn 0.2465 0.4386 -0.8642
vn 0.4248 0.7559 -0.4982
vn 0.0020 0.0036 -1.0000
vn -0.2435 -0.4331 -0.8678
vn 0.0020 0.0041 -1.0000
vn -0.2201 -0.4451 -0.8680
vn -0.3834 -0.7753 -0.5020
vn -0.1935 -0.4569 -0.8682
vn -0.3373 -0.7963 -0.5022
vn -0.1624 -0.4682 -0.8686
vn -0.4433 -0.8964 -0.0000
vn -0.4238 -0.7540 -0.5018
vn -0.4615 -0.7316 -0.5018
vn -0.4900 -0.8717 -0.0000
vn -0.5335 -0.8458 -0.0000
vn -0.4238 -0.7540 0.5018
vn -0.4615 -0.7316 0.5018
vn -0.2651 -0.4202 0.8678
vn -0.4988 -0.7066 0.5019
vn -0.5364 -0.6785 0.5020
vn -0.5766 -0.8170 -0.0000
vn -0.2864 -0.4058 0.8679
vn 0.0025 0.0036 1.0000
vn -0.3080 -0.3895 0.8680
vn -0.3294 -0.3714 0.8681
vn 0.0028 0.0036 1.0000
vn 0.0032 0.0035 1.0000
vn 0.3122 0.3949 0.8640
vn 0.3342 0.3767 0.8640
vn 0.5378 0.6802 0.4980
vn 0.2902 0.4111 0.8641
vn 0.5755 0.6487 0.4980
vn 0.6636 0.7481 -0.0000
vn 0.6125 0.6140 0.4979
vn 0.6482 0.5762 0.4979
vn 0.3557 0.3566 0.8639
vn 0.7063 0.7080 -0.0000
vn 0.6125 0.6140 -0.4979
vn 0.7474 0.6644 -0.0000
vn 0.7864 0.6177 -0.0000
vn 0.6482 0.5762 -0.4979
vn 0.6821 0.5357 -0.4978
vn 0.3765 0.3347 -0.8639
vn 0.3962 0.3112 -0.8638
vn 0.0037 0.0033 -1.0000
vn 0.3557 0.3566 -0.8639
vn 0.0035 0.0035 -1.0000
vn 0.3342 0.3767 -0.8640
vn 0.5755 0.6487 -0.4980
vn 0.0032 0.0035 -1.0000
vn -0.3294 -0.3714 -0.8681
vn 0.0028 0.0036 -1.0000
vn -0.3080 -0.3895 -0.8680
vn -0.5364 -0.6785 -0.5020
vn -0.2864 -0.4058 -0.8679
vn -0.4988 -0.7066 -0.5019
vn -0.2651 -0.4202 -0.8678
vn -0.6202 -0.7845 -0.0000
vn -0.5739 -0.6470 -0.5021
vn -0.6107 -0.6123 -0.5021
vn -0.6636 -0.7481 -0.0000
vn -0.7062 -0.7080 -0.0000
vn -0.5739 -0.6470 0.5021
vn -0.6107 -0.6123 0.5021
vn -0.3505 -0.3514 0.8681
vn -0.6463 -0.5746 0.5022
vn -0.6801 -0.5341 0.5022
vn -0.7474 -0.6644 -0.0000
vn -0.3709 -0.3297 0.8682
vn 0.0037 0.0033 1.0000
vn -0.3902 -0.3065 0.8682
vn -0.4083 -0.2820 0.8682
vn 0.0040 0.0031 1.0000
vn 0.0042 0.0029 1.0000
vn 0.3962 0.3112 0.8638
vn 0.4145 0.2863 0.8638
vn 0.6821 0.5357 0.4978
vn 0.3765 0.3347 0.8639
vn 0.7136 0.4929 0.4978
vn 0.8228 0.5683 -0.0000
vn 0.7424 0.4483 0.4978
vn 0.7682 0.4025 0.4979
vn 0.4312 0.2604 0.8638
vn 0.8560 0.5169 -0.0000
vn 0.7424 0.4483 -0.4978
vn 0.8858 0.4641 -0.0000
vn 0.9119 0.4105 -0.0000
vn 0.7682 0.4025 -0.4979
vn 0.7908 0.3560 -0.4979
vn 0.4462 0.2338 -0.8639
vn 0.4592 0.2067 -0.8639
vn 0.0044 0.0023 -1.0000
vn 0.4312 0.2604 -0.8638
vn 0.0043 0.0026 -1.0000
vn 0.4145 0.2863 -0.8638
vn 0.7136 0.4929 -0.4978
vn 0.0042 0.0029 -1.0000
vn -0.4083 -0.2820 -0.8682
vn 0.0040 0.0031 -1.0000
vn -0.3902 -0.3065 -0.8682
vn -0.6801 -0.5341 -0.5022
vn -0.3709 -0.3297 -0.8682
vn -0.6463 -0.5746 -0.5022
vn -0.3505 -0.3514 -0.8681
vn -0.7864 -0.6177 -0.0000
vn -0.7115 -0.4915 -0.5022
vn -0.7403 -0.4470 -0.5022
vn -0.8228 -0.5683 -0.0000
vn -0.8560 -0.5169 -0.0000
vn -0.7115 -0.4915 0.5022
vn -0.7403 -0.4470 0.5022
vn -0.4248 -0.2565 0.8682
vn -0.7660 -0.4013 0.5022
vn -0.7886 -0.3550 0.5021
vn -0.8858 -0.4641 -0.0000
vn -0.4396 -0.2303 0.8682
vn 0.0044 0.0023 1.0000
vn -0.4526 -0.2037 0.8681
vn -0.4638 -0.1770 0.8681
vn 0.0044 0.0020 1.0000
vn 0.0044 0.0017 1.0000
vn 0.4592 0.2067 0.8639
vn 0.4704 0.1796 0.8640
vn 0.7908 0.3560 0.4979
vn 0.4462 0.2338 0.8639
vn 0.8102 0.3093 0.4980
vn 0.9342 0.3566 -0.0000
vn 0.8264 0.2627 0.4980
vn 0.8396 0.2167 0.4981
vn 0.4798 0.1525 0.8640
vn 0.9530 0.3030 -0.0000
vn 0.8264 0.2627 -0.4980
vn 0.9683 0.2499 -0.0000
vn 0.9803 0.1978 -0.0000
vn 0.8396 0.2167 -0.4981
vn 0.8500 0.1715 -0.4981
vn 0.4874 0.1258 -0.8641
vn 0.4933 0.0995 -0.8641
vn 0.0043 0.0011 -1.0000
vn 0.4798 0.1525 -0.8640
vn 0.0044 0.0014 -1.0000
vn 0.4704 0.1796 -0.8640
vn 0.8102 0.3093 -0.4980
vn 0.0044 0.0017 -1.0000
vn -0.4638 -0.1770 -0.8681
vn 0.0044 0.0020 -1.0000
vn -0.4526 -0.2037 -0.8681
vn -0.7886 -0.3550 -0.5021
vn -0.4396 -0.2303 -0.8682
vn -0.7660 -0.4013 -0.5022
vn -0.4248 -0.2565 -0.8682
vn -0.9119 -0.4104 -0.0000
vn -0.8080 -0.3084 -0.5021
vn -0.8242 -0.2620 -0.5020
vn -0.9343 -0.3566 -0.0000
vn -0.9530 -0.3029 -0.0000
vn -0.8080 -0.3084 0.5021
vn -0.8242 -0.2620 0.5020
vn -0.4732 -0.1504 0.8680
vn -0.8375 -0.2161 0.5019
vn -0.8479 -0.1710 0.5019
vn -0.9683 -0.2499 -0.0000
vn -0.4809 -0.1241 0.8680
vn 0.0043 0.0011 1.0000
vn -0.4869 -0.0982 0.8679
vn -0.4915 -0.0728 0.8678
vn 0.0043 0.0009 1.0000
vn 0.0042 0.0006 1.0000
vn 0.4933 0.0995 0.8641
vn 0.4977 0.0737 0.8642
vn 0.8500 0.1715 0.4981
vn 0.4874 0.1258 0.8641
vn 0.8577 0.1271 0.4982
vn 0.9892 0.1466 -0.0000
vn 0.8630 0.0836 0.4982
vn 0.8661 0.0409 0.4983
vn 0.5007 0.0485 0.8642
vn 0.9953 0.0964 -0.0000
vn 0.8630 0.0836 -0.4982
vn 0.9989 0.0472 -0.0000
vn 1.0000 -0.0011 -0.0000
vn 0.8661 0.0409 -0.4983
vn 0.8670 -0.0010 -0.4983
vn 0.5024 0.0237 -0.8643
vn 0.5029 -0.0006 -0.8643
vn 0.0040 0.0002 -1.0000
vn 0.5007 0.0485 -0.8642
vn 0.0041 0.0004 -1.0000
vn 0.4977 0.0737 -0.8642
vn 0.8577 0.1271 -0.4982
vn 0.0042 0.0006 -1.0000
vn -0.4915 -0.0728 -0.8678
vn 0.0043 0.0009 -1.0000
vn -0.4869 -0.0982 -0.8679
vn -0.8479 -0.1710 -0.5019
vn -0.4809 -0.1241 -0.8680
vn -0.8375 -0.2161 -0.5019
vn -0.4732 -0.1504 -0.8680
vn -0.9803 -0.1977 -0.0000
vn -0.8556 -0.1267 -0.5018
vn -0.8610 -0.0833 -0.5018
vn -0.9892 -0.1465 -0.0000
vn -0.9953 -0.0963 -0.0000
vn -0.8556 -0.1267 0.5018
vn -0.8610 -0.0833 0.5018
vn -0.4946 -0.0479 0.8678
vn -0.8641 -0.0408 0.5017
vn -0.8650 0.0010 0.5017
vn -0.9989 -0.0471 -0.0000
vn -0.4964 -0.0234 0.8678
vn 0.0040 0.0002 1.0000
vn -0.4970 0.0006 0.8677
vn -0.4965 0.0241 0.8677
vn 0.0039 -0.0000 1.0000
vn 0.0038 -0.0002 1.0000
vn 0.5029 -0.0006 0.8643
vn 0.5023 -0.0243 0.8644
vn 0.8670 -0.0010 0.4983
vn 0.5024 0.0237 0.8643
vn 0.8660 -0.0420 0.4983
vn 0.9988 -0.0484 -0.0000
vn 0.8631 -0.0819 0.4984
vn 0.8585 -0.1208 0.4984
vn 0.5006 -0.0475 0.8644
vn 0.9955 -0.0945 -0.0000
vn 0.8631 -0.0819 -0.4984
vn 0.9902 -0.1393 -0.0000
vn 0.9832 -0.1827 -0.0000
vn 0.8585 -0.1208 -0.4984
vn 0.8523 -0.1584 -0.4985
vn 0.4978 -0.0700 -0.8644
vn 0.4942 -0.0918 -0.8645
vn 0.0036 -0.0005 -1.0000
vn 0.5006 -0.0475 -0.8644
vn 0.0037 -0.0004 -1.0000
vn 0.5023 -0.0243 -0.8644
vn 0.8660 -0.0420 -0.4983
vn 0.0038 -0.0002 -1.0000
vn -0.4965 0.0241 -0.8677
vn 0.0039 -0.0000 -1.0000
vn -0.4970 0.0006 -0.8677
vn -0.8650 0.0010 -0.5017
vn -0.4964 -0.0234 -0.8678
vn -0.8641 -0.0408 -0.5017
vn -0.4946 -0.0479 -0.8678
vn -1.0000 0.0012 -0.0000
vn -0.8640 0.0419 -0.5017
vn -0.8612 0.0818 -0.5016
vn -0.9988 0.0484 -0.0000
vn -0.9955 0.0946 -0.0000
vn -0.8640 0.0419 0.5017
vn -0.8612 0.0818 0.5016
vn -0.4949 0.0470 0.8677
vn -0.8567 0.1206 0.5016
vn -0.8506 0.1581 0.5016
vn -0.9902 0.1394 -0.0000
vn -0.4924 0.0693 0.8676
vn 0.0036 -0.0005 1.0000
vn -0.4889 0.0909 0.8676
vn -0.4847 0.1117 0.8675
vn 0.0035 -0.0007 1.0000
vn 0.0034 -0.0008 1.0000
vn 0.4942 -0.0918 0.8645
vn 0.4898 -0.1129 0.8645
vn 0.8523 -0.1584 0.4985
vn 0.4978 -0.0700 0.8644
vn 0.8447 -0.1947 0.4985
vn 0.9745 -0.2246 -0.0000
vn 0.8359 -0.2297 0.4985
vn 0.8259 -0.2634 0.4986
vn 0.4846 -0.1332 0.8646
vn 0.9643 -0.2650 -0.0000
vn 0.8359 -0.2297 -0.4985
vn 0.9527 -0.3038 -0.0000
vn 0.9400 -0.3411 -0.0000
vn 0.8259 -0.2634 -0.4986
vn 0.8148 -0.2957 -0.4986
vn 0.4787 -0.1527 -0.8646
vn 0.4723 -0.1714 -0.8646
vn 0.0031 -0.0010 -1.0000
vn 0.4846 -0.1332 -0.8646
vn 0.0033 -0.0009 -1.0000
vn 0.4898 -0.1129 -0.8645
vn 0.8447 -0.1947 -0.4985
vn 0.0034 -0.0008 -1.0000
vn -0.4847 0.1117 -0.8675
vn 0.0035 -0.0007 -1.0000
vn -0.4889 0.0909 -0.8676
vn -0.8506 0.1581 -0.5016
vn -0.4924 0.0693 -0.8676
vn -0.8567 0.1206 -0.5016
vn -0.4949 0.0470 -0.8677
vn -0.9832 0.1827 -0.0000
vn -0.8430 0.1944 -0.5015
vn -0.8342 0.2293 -0.5015
vn -0.9744 0.2246 -0.0000
vn -0.9642 0.2650 -0.0000
vn -0.8430 0.1944 0.5015
vn -0.8342 0.2293 0.5015
vn -0.4797 0.1318 0.8675
vn -0.8243 0.2629 0.5014
vn -0.8133 0.2952 0.5014
vn -0.9527 0.3039 -0.0000
vn -0.4740 0.1512 0.8674
vn 0.0031 -0.0010 1.0000
vn -0.4677 0.1698 0.8674
vn -0.4609 0.1876 0.8674
vn 0.0030 -0.0011 1.0000
vn 0.0029 -0.0012 1.0000
vn 0.4723 -0.1714 0.8646
vn 0.4653 -0.1893 0.8647
vn 0.8148 -0.2957 0.4986
vn 0.4787 -0.1527 0.8646
vn 0.8029 -0.3267 0.4987
vn 0.9262 -0.3769 -0.0000
vn 0.7901 -0.3565 0.4987
vn 0.7766 -0.3850 0.4987
vn 0.4578 -0.2066 0.8647
vn 0.9115 -0.4112 -0.0000
vn 0.7901 -0.3565 -0.4987
vn 0.8960 -0.4441 -0.0000
vn 0.8796 -0.4757 -0.0000
vn 0.7766 -0.3850 -0.4987
vn 0.7624 -0.4123 -0.4988
vn 0.4500 -0.2231 -0.8647
vn 0.4417 -0.2389 -0.8648
vn 0.0026 -0.0013 -1.0000
vn 0.4578 -0.2066 -0.8647
vn 0.0028 -0.0012 -1.0000
vn 0.4653 -0.1893 -0.8647
vn 0.8029 -0.3267 -0.4987
vn 0.0029 -0.0012 -1.0000
vn -0.4609 0.1876 -0.8674
vn 0.0030 -0.0011 -1.0000
vn -0.4677 0.1698 -0.8674
vn -0.8133 0.2952 -0.5014
vn -0.4740 0.1512 -0.8674
vn -0.8243 0.2629 -0.5014
vn -0.4797 0.1318 -0.8675
vn -0.9400 0.3412 -0.0000
vn -0.8014 0.3262 -0.5014
vn -0.7887 0.3559 -0.5013
vn -0.9262 0.3770 -0.0000
vn -0.9115 0.4113 -0.0000
vn -0.8014 0.3262 0.5014
vn -0.7887 0.3559 0.5013
vn -0.4537 0.2047 0.8673
vn -0.7752 0.3843 0.5013
vn -0.7611 0.4116 0.5013
vn -0.8959 0.4442 -0.0000
vn -0.4460 0.2211 0.8673
vn 0.0026 -0.0013 1.0000
vn -0.4379 0.2368 0.8673
vn -0.4295 0.2519 0.8672
vn 0.0025 -0.0014 1.0000
vn 0.0024 -0.0014 1.0000
vn 0.4417 -0.2389 0.8648
vn 0.4331 -0.2540 0.8648
vn 0.7624 -0.4123 0.4988
vn 0.4500 -0.2230 0.8647
vn 0.7476 -0.4385 0.4988
vn 0.8626 -0.5059 -0.0000
vn 0.7323 -0.4636 0.4988
vn 0.7165 -0.4877 0.4988
vn 0.4242 -0.2685 0.8648
vn 0.8449 -0.5349 -0.0000
vn 0.7323 -0.4636 -0.4988
vn 0.8266 -0.5627 -0.0000
vn 0.8077 -0.5895 -0.0000
vn 0.7165 -0.4877 -0.4988
vn 0.7001 -0.5109 -0.4988
vn 0.4150 -0.2825 -0.8648
vn 0.4055 -0.2959 -0.8649
vn 0.0022 -0.0015 -1.0000
vn 0.4242 -0.2685 -0.8648
vn 0.0023 -0.0015 -1.0000
vn 0.4331 -0.2540 -0.8648
vn 0.7476 -0.4385 -0.4988
vn 0.0024 -0.0014 -1.0000
vn -0.4295 0.2519 -0.8672
vn 0.0025 -0.0014 -1.0000
vn -0.4379 0.2368 -0.8673
vn -0.7611 0.4116 -0.5013
vn -0.4460 0.2211 -0.8673
vn -0.7752 0.3843 -0.5013
vn -0.4537 0.2047 -0.8673
vn -0.8796 0.4757 -0.0000
vn -0.7464 0.4378 -0.5012
vn -0.7311 0.4629 -0.5012
vn -0.8626 0.5059 -0.0000
vn -0.8449 0.5349 -0.0000
vn -0.7464 0.4378 0.5012
vn -0.7311 0.4629 0.5012
vn -0.4207 0.2663 0.8672
vn -0.7153 0.4870 0.5012
vn -0.6990 0.5102 0.5012
vn -0.8266 0.5627 -0.0000
vn -0.4116 0.2802 0.8672
vn 0.0022 -0.0015 1.0000
vn -0.4022 0.2936 0.8672
vn -0.3925 0.3065 0.8672
vn 0.0022 -0.0016 1.0000
vn 0.0021 -0.0016 1.0000
vn 0.4055 -0.2959 0.8649
vn 0.3957 -0.3089 0.8649
vn 0.7001 -0.5109 0.4988
vn 0.4150 -0.2825 0.8648
vn 0.6831 -0.5333 0.4989
vn 0.7882 -0.6154 -0.0000
vn 0.6657 -0.5550 0.4989
vn 0.6476 -0.5759 0.4989
vn 0.3856 -0.3214 0.8649
vn 0.7681 -0.6404 -0.0000
vn 0.6657 -0.5550 -0.4989
vn 0.7473 -0.6645 -0.0000
vn 0.7258 -0.6879 -0.0000
vn 0.6476 -0.5759 -0.4989
vn 0.6290 -0.5962 -0.4989
vn 0.3751 -0.3336 -0.8649
vn 0.3643 -0.3453 -0.8649
vn 0.0020 -0.0017 -1.0000
vn 0.3856 -0.3214 -0.8649
vn 0.3957 -0.3089 -0.8649
vn 0.6831 -0.5333 -0.4989
vn 0.0021 -0.0016 -1.0000
vn -0.3925 0.3065 -0.8672
vn 0.0022 -0.0016 -1.0000
vn -0.4022 0.2936 -0.8672
vn -0.6990 0.5102 -0.5012
vn -0.4116 0.2802 -0.8672
vn -0.7153 0.4870 -0.5012
vn -0.4207 0.2663 -0.8672
vn -0.8077 0.5895 -0.0000
vn -0.6821 0.5325 -0.5012
vn -0.6647 0.5541 -0.5011
vn -0.7882 0.6154 -0.0000
vn -0.7681 0.6404 -0.0000
vn -0.6821 0.5325 0.5012
vn -0.6647 0.5541 0.5011
vn -0.3825 0.3189 0.8672
vn -0.6467 0.5751 0.5011
vn -0.6281 0.5953 0.5011
vn -0.7473 0.6645 -0.0000
vn -0.3722 0.3310 0.8672
vn 0.0020 -0.0017 1.0000
vn -0.3615 0.3426 0.8672
vn -0.3505 0.3538 0.8671
vn 0.0019 -0.0018 1.0000
vn 0.0018 -0.0018 1.0000
vn 0.3643 -0.3453 0.8649
vn 0.3532 -0.3566 0.8649
vn 0.6290 -0.5962 0.4989
vn 0.3751 -0.3336 0.8649
vn 0.6099 -0.6157 0.4989
vn 0.7038 -0.7104 -0.0000
vn 0.5904 -0.6345 0.4989
vn 0.5705 -0.6523 0.4989
vn 0.3419 -0.3674 0.8649
vn 0.6812 -0.7321 -0.0000
vn 0.5904 -0.6345 -0.4989
vn 0.6583 -0.7527 -0.0000
vn 0.6354 -0.7722 -0.0000
vn 0.5705 -0.6523 -0.4989
vn 0.5506 -0.6692 -0.4989
vn 0.3304 -0.3778 -0.8649
vn 0.3188 -0.3875 -0.8650
vn 0.0017 -0.0019 -1.0000
vn 0.3419 -0.3674 -0.8649
vn 0.3532 -0.3566 -0.8649
vn 0.6099 -0.6157 -0.4989
vn 0.0018 -0.0018 -1.0000
vn -0.3505 0.3538 -0.8671
vn 0.0019 -0.0018 -1.0000
vn -0.3615 0.3426 -0.8672
vn -0.6281 0.5953 -0.5011
vn -0.3722 0.3310 -0.8672
vn -0.6467 0.5751 -0.5011
vn -0.3825 0.3189 -0.8672
vn -0.7258 0.6879 -0.0000
vn -0.6090 0.6148 -0.5011
vn -0.5895 0.6335 -0.5011
vn -0.7038 0.7104 -0.0000
vn -0.6812 0.7321 -0.0000
vn -0.6090 0.6148 0.5011
vn -0.5895 0.6335 0.5011
vn -0.3393 0.3646 0.8671
vn -0.5697 0.6514 0.5011
vn -0.5498 0.6683 0.5011
vn -0.6583 0.7527 -0.0000
vn -0.3279 0.3749 0.8671
vn 0.0017 -0.0019 1.0000
vn -0.3165 0.3847 0.8671
vn -0.3052 0.3938 0.8670
vn 0.0016 -0.0019 1.0000
vn 0.0014 -0.0019 1.0000
vn 0.3188 -0.3875 0.8650
vn 0.3074 -0.3966 0.8650
vn 0.5506 -0.6692 0.4989
vn 0.3304 -0.3778 0.8649
vn 0.5309 -0.6850 0.4990
vn 0.6126 -0.7904 -0.0000
vn 0.5117 -0.6994 0.4990
vn 0.4933 -0.7124 0.4991
vn 0.2962 -0.4049 0.8651
vn 0.5904 -0.8071 -0.0000
vn 0.5117 -0.6994 -0.4990
vn 0.5693 -0.8221 -0.0000
vn 0.5498 -0.8353 -0.0000
vn 0.4933 -0.7124 -0.4991
vn 0.4764 -0.7238 -0.4992
vn 0.2855 -0.4123 -0.8651
vn 0.2756 -0.4188 -0.8652
vn 0.0012 -0.0017 -1.0000
vn 0.2962 -0.4049 -0.8651
vn 0.0013 -0.0018 -1.0000
vn 0.3074 -0.3966 -0.8650
vn 0.5309 -0.6850 -0.4990
vn 0.0014 -0.0019 -1.0000
vn -0.3052 0.3938 -0.8670
vn 0.0016 -0.0019 -1.0000
vn -0.3165 0.3847 -0.8671
vn -0.5498 0.6683 -0.5011
vn -0.3279 0.3749 -0.8671
vn -0.5697 0.6514 -0.5011
vn -0.3393 0.3646 -0.8671
vn -0.6353 0.7722 -0.0000
vn -0.5301 0.6841 -0.5010
vn -0.5110 0.6985 -0.5010
vn -0.6126 0.7904 -0.0000
vn -0.5904 0.8071 -0.0000
vn -0.5301 0.6841 0.5010
vn -0.5110 0.6985 0.5010
vn -0.2942 0.4022 0.8670
vn -0.4927 0.7116 0.5009
vn -0.4758 0.7230 0.5008
vn -0.5693 0.8222 -0.0000
vn -0.2838 0.4098 0.8669
vn 0.0012 -0.0017 1.0000
vn -0.2741 0.4165 0.8668
vn -0.2655 0.4223 0.8667
vn 0.0010 -0.0015 1.0000
vn 0.0008 -0.0013 1.0000
vn 0.2756 -0.4188 0.8652
vn 0.2668 -0.4243 0.8653
vn 0.4764 -0.7238 0.4992
vn 0.2855 -0.4123 0.8651
vn 0.4613 -0.7334 0.4993
vn 0.5324 -0.8465 -0.0000
vn 0.4485 -0.7412 0.4995
vn 0.4385 -0.7471 0.4996
vn 0.2593 -0.4286 0.8655
vn 0.5177 -0.8556 -0.0000
vn 0.4485 -0.7412 -0.4994
vn 0.5062 -0.8624 -0.0000
vn 0.4984 -0.8670 -0.0000
vn 0.4385 -0.7471 -0.4996
vn 0.4317 -0.7509 -0.4998
vn 0.2534 -0.4318 -0.8656
vn 0.2494 -0.4338 -0.8658
vn 0.0005 -0.0008 -1.0000
vn 0.2593 -0.4286 -0.8655
vn 0.0007 -0.0011 -1.0000
vn 0.2668 -0.4243 -0.8653
vn 0.4613 -0.7334 -0.4993
vn 0.0008 -0.0013 -1.0000
vn -0.2655 0.4223 -0.8667
vn 0.0010 -0.0015 -1.0000
vn -0.2741 0.4165 -0.8668
vn -0.4758 0.7230 -0.5008
vn -0.2838 0.4098 -0.8669
vn -0.4927 0.7116 -0.5009
vn -0.2942 0.4022 -0.8670
vn -0.5497 0.8354 -0.0000
vn -0.4608 0.7328 -0.5007
vn -0.4481 0.7407 -0.5006
vn -0.5323 0.8466 -0.0000
vn -0.5176 0.8556 -0.0000
vn -0.4608 0.7328 0.5007
vn -0.4481 0.7407 0.5006
vn -0.2583 0.4270 0.8666
vn -0.4382 0.7467 0.5004
vn -0.4315 0.7507 0.5002
vn -0.5061 0.8625 -0.0000
vn -0.2527 0.4306 0.8664
vn 0.0005 -0.0008 1.0000
vn -0.2490 0.4331 0.8663
vn -0.2472 0.4345 0.8661
vn 0.0003 -0.0005 1.0000
vn 0.0001 -0.0001 1.0000
vn 0.2494 -0.4338 0.8658
vn 0.2473 -0.4347 0.8660
vn 0.4317 -0.7509 0.4998
vn 0.2534 -0.4318 0.8656
vn 0.4283 -0.7527 0.4999
vn 0.4946 -0.8691 -0.0000
vn 0.4286 -0.7525 0.5001
vn 0.4324 -0.7502 0.5003
vn 0.2474 -0.4343 0.8661
vn 0.4949 -0.8689 -0.0000
vn 0.4286 -0.7525 -0.5001
vn 0.4994 -0.8664 -0.0000
vn 0.5076 -0.8616 -0.0000
vn 0.4324 -0.7502 -0.5003
vn 0.4394 -0.7460 -0.5004
vn 0.2495 -0.4328 -0.8663
vn 0.2534 -0.4302 -0.8664
vn -0.0003 0.0005 -1.0000
vn 0.2474 -0.4343 -0.8661
vn -0.0001 0.0002 -1.0000
vn 0.2473 -0.4347 -0.8660
vn 0.4283 -0.7527 -0.4999
vn 0.0001 -0.0001 -1.0000
vn -0.2472 0.4345 -0.8661
vn 0.0003 -0.0005 -1.0000
vn -0.2490 0.4331 -0.8663
vn -0.4315 0.7507 -0.5002
vn -0.2527 0.4306 -0.8664
vn -0.4382 0.7467 -0.5004
vn -0.2583 0.4270 -0.8666
vn -0.4983 0.8670 -0.0000
vn -0.4283 0.7527 -0.5001
vn -0.4287 0.7526 -0.4999
vn -0.4946 0.8691 -0.0000
vn -0.4950 0.8689 -0.0000
vn -0.4283 0.7527 0.5001
vn -0.4287 0.7526 0.4999
vn -0.2476 0.4346 0.8659
vn -0.4326 0.7504 0.4997
vn -0.4397 0.7464 0.4996
vn -0.4994 0.8664 -0.0000
vn -0.2499 0.4336 0.8658
vn -0.0003 0.0005 1.0000
vn -0.2542 0.4314 0.8656
vn -0.2601 0.4281 0.8655
vn -0.0005 0.0008 1.0000
vn -0.0007 0.0011 1.0000
vn 0.2534 -0.4302 0.8664
vn 0.2591 -0.4265 0.8666
vn 0.4394 -0.7460 0.5004
vn 0.2495 -0.4328 0.8663
vn 0.4495 -0.7399 0.5006
vn 0.5192 -0.8547 -0.0000
vn 0.4622 -0.7319 0.5007
vn 0.4773 -0.7221 0.5008
vn 0.2663 -0.4218 0.8667
vn 0.5339 -0.8455 -0.0000
vn 0.4622 -0.7319 -0.5007
vn 0.5514 -0.8342 -0.0000
vn 0.5713 -0.8207 -0.0000
vn 0.4773 -0.7221 -0.5008
vn 0.4945 -0.7103 -0.5009
vn 0.2749 -0.4160 -0.8668
vn 0.2848 -0.4090 -0.8669
vn -0.0010 0.0015 -1.0000
vn 0.2663 -0.4218 -0.8667
vn -0.0008 0.0013 -1.0000
vn 0.2591 -0.4265 -0.8666
vn 0.4495 -0.7399 -0.5006
vn -0.0007 0.0011 -1.0000
vn -0.2601 0.4281 -0.8655
vn -0.0005 0.0008 -1.0000
vn -0.2542 0.4314 -0.8656
vn -0.4397 0.7464 -0.4996
vn -0.2499 0.4336 -0.8658
vn -0.4326 0.7504 -0.4997
vn -0.2476 0.4346 -0.8659
vn -0.5076 0.8616 -0.0000
vn -0.4498 0.7404 -0.4994
vn -0.4626 0.7326 -0.4993
vn -0.5192 0.8546 -0.0000
vn -0.5340 0.8455 -0.0000
vn -0.4498 0.7404 0.4994
vn -0.4626 0.7326 0.4993
vn -0.2676 0.4238 0.8653
vn -0.4778 0.7228 0.4992
vn -0.4952 0.7112 0.4991
vn -0.5515 0.8342 -0.0000
vn -0.2765 0.4183 0.8652
vn -0.0010 0.0015 1.0000
vn -0.2866 0.4116 0.8651
vn -0.2978 0.4038 0.8650
vn -0.0012 0.0017 1.0000
vn -0.0014 0.0019 1.0000
vn 0.2848 -0.4090 0.8669
vn 0.2957 -0.4010 0.8671
vn 0.4945 -0.7103 0.5009
vn 0.2749 -0.4160 0.8668
vn 0.5137 -0.6965 0.5010
vn 0.5935 -0.8048 -0.0000
vn 0.5346 -0.6805 0.5011
vn 0.5572 -0.6620 0.5013
vn 0.3077 -0.3916 0.8672
vn 0.6178 -0.7864 -0.0000
vn 0.5346 -0.6805 -0.5011
vn 0.6440 -0.7651 -0.0000
vn 0.6720 -0.7406 -0.0000
vn 0.5572 -0.6620 -0.5013
vn 0.5814 -0.6408 -0.5014
vn 0.3206 -0.3808 -0.8673
vn 0.3344 -0.3685 -0.8674
vn -0.0019 0.0022 -1.0000
vn 0.3077 -0.3916 -0.8672
vn -0.0016 0.0021 -1.0000
vn 0.2957 -0.4010 -0.8671
vn 0.5137 -0.6965 -0.5010
vn -0.0014 0.0019 -1.0000
vn -0.2979 0.4038 -0.8650
vn -0.0012 0.0017 -1.0000
vn -0.2866 0.4116 -0.8651
vn -0.4952 0.7112 -0.4991
vn -0.2765 0.4183 -0.8652
vn -0.4778 0.7228 -0.4992
vn -0.2676 0.4238 -0.8653
vn -0.5714 0.8207 -0.0000
vn -0.5144 0.6974 -0.4990
vn -0.5355 0.6815 -0.4989
vn -0.5936 0.8048 -0.0000
vn -0.6179 0.7863 -0.0000
vn -0.5144 0.6974 0.4990
vn -0.5355 0.6815 0.4989
vn -0.3101 0.3947 0.8649
vn -0.5582 0.6631 0.4987
vn -0.5826 0.6419 0.4986
vn -0.6440 0.7650 -0.0000
vn -0.3234 0.3842 0.8648
vn -0.0019 0.0022 1.0000
vn -0.3376 0.3720 0.8646
vn -0.3528 0.3580 0.8645
vn -0.0022 0.0024 1.0000
vn -0.0025 0.0025 1.0000
vn 0.3344 -0.3685 0.8674
vn 0.3490 -0.3543 0.8676
vn 0.5814 -0.6408 0.5014
vn 0.3206 -0.3808 0.8673
vn 0.6071 -0.6163 0.5015
vn 0.7018 -0.7124 -0.0000
vn 0.6343 -0.5882 0.5017
vn 0.6628 -0.5557 0.5019
vn 0.3645 -0.3380 0.8677
vn 0.7332 -0.6800 -0.0000
vn 0.6343 -0.5882 -0.5017
vn 0.7663 -0.6425 -0.0000
vn 0.8007 -0.5991 -0.0000
vn 0.6628 -0.5557 -0.5019
vn 0.6925 -0.5181 -0.5021
vn 0.3807 -0.3191 -0.8679
vn 0.3975 -0.2973 -0.8681
vn -0.0033 0.0028 -1.0000
vn 0.3645 -0.3380 -0.8677
vn -0.0029 0.0026 -1.0000
vn 0.3490 -0.3543 -0.8676
vn 0.6071 -0.6163 -0.5015
vn -0.0025 0.0025 -1.0000
vn -0.3528 0.3580 -0.8645
vn -0.0022 0.0024 -1.0000
vn -0.3376 0.3720 -0.8646
vn -0.5826 0.6419 -0.4986
vn -0.3234 0.3842 -0.8648
vn -0.5582 0.6631 -0.4987
vn -0.3101 0.3947 -0.8649
vn -0.6721 0.7405 -0.0000
vn -0.6085 0.6175 -0.4985
vn -0.6358 0.5894 -0.4983
vn -0.7019 0.7123 -0.0000
vn -0.7334 0.6798 -0.0000
vn -0.6085 0.6175 0.4985
vn -0.6358 0.5894 0.4983
vn -0.3688 0.3419 0.8643
vn -0.6646 0.5569 0.4981
vn -0.6945 0.5193 0.4979
vn -0.7665 0.6423 -0.0000
vn -0.3857 0.3232 0.8642
vn -0.0033 0.0028 1.0000
vn -0.4033 0.3016 0.8639
vn -0.4215 0.2763 0.8637
vn -0.0039 0.0029 1.0000
vn -0.0045 0.0029 1.0000
vn 0.3975 -0.2973 0.8681
vn 0.4147 -0.2720 0.8683
vn 0.6925 -0.5181 0.5021
vn 0.3807 -0.3191 0.8679
vn 0.7230 -0.4743 0.5023
vn 0.8361 -0.5486 -0.0000
vn 0.7537 -0.4234 0.5026
vn 0.7837 -0.3646 0.5029
vn 0.4320 -0.2427 0.8686
vn 0.8718 -0.4898 -0.0000
vn 0.7537 -0.4234 -0.5026
vn 0.9067 -0.4219 -0.0000
vn 0.9387 -0.3447 -0.0000
vn 0.7837 -0.3646 -0.5029
vn 0.8113 -0.2979 -0.5031
vn 0.4488 -0.2088 -0.8689
vn 0.4643 -0.1704 -0.8691
vn -0.0060 0.0028 -1.0000
vn 0.4320 -0.2427 -0.8686
vn -0.0052 0.0029 -1.0000
vn 0.4147 -0.2720 -0.8683
vn 0.7230 -0.4743 -0.5023
vn -0.0045 0.0029 -1.0000
vn -0.4215 0.2763 -0.8637
vn -0.0039 0.0029 -1.0000
vn -0.4033 0.3016 -0.8639
vn -0.6945 0.5193 -0.4979
vn -0.3857 0.3232 -0.8642
vn -0.6646 0.5569 -0.4981
vn -0.3688 0.3419 -0.8643
vn -0.8009 0.5988 -0.0000
vn -0.7254 0.4755 -0.4977
vn -0.7565 0.4246 -0.4974
vn -0.8363 0.5482 -0.0000
vn -0.8721 0.4894 -0.0000
vn -0.7254 0.4755 0.4977
vn -0.7565 0.4246 0.4974
vn -0.4399 0.2469 0.8634
vn -0.7869 0.3656 0.4972
vn -0.8148 0.2987 0.4969
vn -0.9069 0.4214 -0.0000
vn -0.4579 0.2128 0.8632
vn -0.0060 0.0028 1.0000
vn -0.4744 0.1740 0.8629
vn -0.4884 0.1309 0.8627
vn -0.0067 0.0024 1.0000
vn -0.0074 0.0020 1.0000
vn 0.4643 -0.1704 0.8691
vn 0.4774 -0.1281 0.8693
vn 0.8113 -0.2979 0.5031
vn 0.4488 -0.2088 0.8689
vn 0.8346 -0.2239 0.5033
vn 0.9658 -0.2592 -0.0000
vn 0.8519 -0.1441 0.5035
vn 0.8619 -0.0599 0.5036
vn 0.4871 -0.0823 0.8695
vn 0.9860 -0.1668 -0.0000
vn 0.8519 -0.1441 -0.5035
vn 0.9976 -0.0693 -0.0000
vn 0.9995 0.0310 -0.0000
vn 0.8619 -0.0599 -0.5036
vn 0.8635 0.0268 -0.5036
vn 0.4926 -0.0342 -0.8696
vn 0.4935 0.0153 -0.8696
vn -0.0082 0.0006 -1.0000
vn 0.4871 -0.0823 -0.8695
vn -0.0078 0.0013 -1.0000
vn 0.4774 -0.1281 -0.8693
vn 0.8346 -0.2239 -0.5033
vn -0.0074 0.0020 -1.0000
vn -0.4884 0.1309 -0.8627
vn -0.0067 0.0024 -1.0000
vn -0.4744 0.1740 -0.8629
vn -0.8148 0.2987 -0.4969
vn -0.4579 0.2128 -0.8632
vn -0.7869 0.3656 -0.4972
vn -0.4399 0.2469 -0.8634
vn -0.9389 0.3442 -0.0000
vn -0.8383 0.2246 -0.4967
vn -0.8559 0.1445 -0.4966
vn -0.9659 0.2588 -0.0000
vn -0.9860 0.1665 -0.0000
vn -0.8383 0.2246 0.4967
vn -0.8559 0.1445 0.4966
vn -0.4989 0.0842 0.8626
vn -0.8660 0.0600 0.4965
vn -0.8677 -0.0270 0.4964
vn -0.9976 0.0691 -0.0000
vn -0.5049 0.0350 0.8625
vn -0.0082 0.0006 1.0000
vn -0.5059 -0.0157 0.8624
vn -0.5018 -0.0668 0.8624
vn -0.0083 -0.0003 1.0000
vn -0.0083 -0.0011 1.0000
vn 0.4935 0.0153 0.8696
vn 0.4894 0.0652 0.8696
vn 0.8635 0.0268 0.5036
vn 0.4926 -0.0342 0.8696
vn 0.8563 0.1141 0.5037
vn 0.9912 0.1320 -0.0000
vn 0.8404 0.2002 0.5036
vn 0.8160 0.2837 0.5036
vn 0.4803 0.1144 0.8696
vn 0.9728 0.2317 -0.0000
vn 0.8404 0.2002 -0.5036
vn 0.9445 0.3284 -0.0000
vn 0.9071 0.4209 -0.0000
vn 0.8160 0.2837 -0.5036
vn 0.7837 0.3636 -0.5036
vn 0.4664 0.1622 -0.8696
vn 0.4480 0.2078 -0.8696
vn -0.0078 -0.0027 -1.0000
vn 0.4803 0.1144 -0.8696
vn -0.0081 -0.0019 -1.0000
vn 0.4893 0.0652 -0.8696
vn 0.8563 0.1141 -0.5037
vn -0.0083 -0.0011 -1.0000
vn -0.5018 -0.0668 -0.8624
vn -0.0083 -0.0003 -1.0000
vn -0.5059 -0.0157 -0.8624
vn -0.8677 -0.0270 -0.4964
vn -0.5049 0.0350 -0.8625
vn -0.8660 0.0600 -0.4965
vn -0.4989 0.0842 -0.8626
vn -0.9995 -0.0311 -0.0000
vn -0.8605 -0.1146 -0.4964
vn -0.8445 -0.2011 -0.4964
vn -0.9912 -0.1320 -0.0000
vn -0.9728 -0.2317 -0.0000
vn -0.8605 -0.1146 0.4964
vn -0.8445 -0.2011 0.4964
vn -0.4924 -0.1173 0.8624
vn -0.8199 -0.2850 0.4965
vn -0.7874 -0.3653 0.4965
vn -0.9446 -0.3284 -0.0000
vn -0.4781 -0.1662 0.8625
vn -0.0078 -0.0027 1.0000
vn -0.4591 -0.2130 0.8625
vn -0.4358 -0.2572 0.8625
vn -0.0074 -0.0034 1.0000
vn -0.0070 -0.0041 1.0000
vn 0.4480 0.2078 0.8696
vn 0.4253 0.2510 0.8695
vn 0.7837 0.3636 0.5036
vn 0.4664 0.1622 0.8696
vn 0.7440 0.4392 0.5035
vn 0.8612 0.5083 -0.0000
vn 0.6974 0.5099 0.5035
vn 0.6442 0.5757 0.5035
vn 0.3987 0.2915 0.8695
vn 0.8072 0.5902 -0.0000
vn 0.6974 0.5099 -0.5035
vn 0.7456 0.6664 -0.0000
vn 0.6763 0.7366 -0.0000
vn 0.6442 0.5757 -0.5035
vn 0.5843 0.6364 -0.5036
vn 0.3683 0.3291 -0.8695
vn 0.3340 0.3638 -0.8696
vn -0.0060 -0.0054 -1.0000
vn 0.3987 0.2915 -0.8695
vn -0.0065 -0.0048 -1.0000
vn 0.4253 0.2510 -0.8695
vn 0.7440 0.4392 -0.5035
vn -0.0070 -0.0041 -1.0000
vn -0.4358 -0.2572 -0.8625
vn -0.0074 -0.0034 -1.0000
vn -0.4591 -0.2130 -0.8625
vn -0.7874 -0.3653 -0.4965
vn -0.4781 -0.1662 -0.8625
vn -0.8199 -0.2850 -0.4965
vn -0.4924 -0.1173 -0.8624
vn -0.9071 -0.4208 -0.0000
vn -0.7475 -0.4412 -0.4965
vn -0.7007 -0.5123 -0.4965
vn -0.8612 -0.5083 -0.0000
vn -0.8073 -0.5902 -0.0000
vn -0.7475 -0.4412 0.4965
vn -0.7007 -0.5123 0.4965
vn -0.4085 -0.2986 0.8625
vn -0.6472 -0.5785 0.4965
vn -0.5870 -0.6395 0.4965
vn -0.7456 -0.6664 -0.0000
vn -0.3773 -0.3372 0.8625
vn -0.0060 -0.0054 1.0000
vn -0.3422 -0.3728 0.8625
vn -0.3032 -0.4053 0.8624
vn -0.0055 -0.0060 1.0000
vn -0.0050 -0.0067 1.0000
vn 0.3340 0.3638 0.8696
vn 0.2958 0.3953 0.8696
vn 0.5843 0.6364 0.5036
vn 0.3683 0.3291 0.8695
vn 0.5176 0.6917 0.5036
vn 0.5992 0.8006 -0.0000
vn 0.4438 0.7411 0.5038
vn 0.3624 0.7840 0.5039
vn 0.2535 0.4234 0.8697
vn 0.5138 0.8579 -0.0000
vn 0.4438 0.7411 -0.5038
vn 0.4196 0.9077 -0.0000
vn 0.3167 0.9485 -0.0000
vn 0.3624 0.7840 -0.5039
vn 0.2735 0.8192 -0.5041
vn 0.2069 0.4477 -0.8699
vn 0.1561 0.4676 -0.8701
vn -0.0037 -0.0081 -1.0000
vn 0.2535 0.4234 -0.8697
vn -0.0044 -0.0074 -1.0000
vn 0.2958 0.3953 -0.8696
vn 0.5176 0.6917 -0.5036
vn -0.0050 -0.0067 -1.0000
vn -0.3033 -0.4053 -0.8624
vn -0.0055 -0.0060 -1.0000
vn -0.3422 -0.3728 -0.8625
vn -0.5870 -0.6395 -0.4965
vn -0.3773 -0.3372 -0.8625
vn -0.6472 -0.5785 -0.4965
vn -0.4085 -0.2986 -0.8625
vn -0.6763 -0.7367 -0.0000
vn -0.5200 -0.6951 -0.4964
vn -0.4458 -0.7449 -0.4963
vn -0.5990 -0.8007 -0.0000
vn -0.5135 -0.8581 -0.0000
vn -0.5200 -0.6951 0.4964
vn -0.4458 -0.7449 0.4963
vn -0.2601 -0.4345 0.8623
vn -0.3641 -0.7882 0.4962
vn -0.2747 -0.8237 0.4960
vn -0.4193 -0.9078 -0.0000
vn -0.2125 -0.4599 0.8622
vn -0.0037 -0.0081 1.0000
vn -0.1604 -0.4809 0.8620
vn -0.1041 -0.4964 0.8618
vn -0.0029 -0.0088 1.0000
vn -0.0020 -0.0095 1.0000
vn 0.1561 0.4676 0.8701
vn 0.1012 0.4822 0.8702
vn 0.2735 0.8192 0.5041
vn 0.2069 0.4477 0.8699
vn 0.1775 0.8451 0.5042
vn 0.2055 0.9787 -0.0000
vn 0.0751 0.8602 0.5044
vn -0.0332 0.8627 0.5046
vn 0.0428 0.4905 0.8704
vn 0.0870 0.9962 -0.0000
vn 0.0751 0.8602 -0.5044
vn -0.0384 0.9993 -0.0000
vn -0.1700 0.9855 -0.0000
vn -0.0332 0.8627 -0.5046
vn -0.1468 0.8506 -0.5049
vn -0.0190 0.4916 -0.8706
vn -0.0836 0.4843 -0.8709
vn 0.0004 -0.0106 -0.9999
vn 0.0428 0.4905 -0.8704
vn -0.0009 -0.0100 -0.9999
vn 0.1012 0.4822 -0.8702
vn 0.1775 0.8451 -0.5042
vn -0.0020 -0.0095 -1.0000
vn -0.1041 -0.4964 -0.8618
vn -0.0029 -0.0088 -1.0000
vn -0.1604 -0.4809 -0.8620
vn -0.2747 -0.8237 -0.4960
vn -0.2125 -0.4599 -0.8622
vn -0.3641 -0.7882 -0.4962
vn -0.2601 -0.4345 -0.8623
vn -0.3163 -0.9486 -0.0000
vn -0.1782 -0.8499 -0.4959
vn -0.0752 -0.8652 -0.4957
vn -0.2052 -0.9787 -0.0000
vn -0.0865 -0.9963 -0.0000
vn -0.1782 -0.8499 0.4959
vn -0.0752 -0.8652 0.4957
vn -0.0439 -0.5056 0.8617
vn 0.0339 -0.8680 0.4955
vn 0.1483 -0.8560 0.4952
vn 0.0390 -0.9992 -0.0000
vn 0.0198 -0.5075 0.8614
vn 0.0004 -0.0106 0.9999
vn 0.0867 -0.5009 0.8612
vn 0.1564 -0.4843 0.8608
vn 0.0019 -0.0111 0.9999
vn 0.0037 -0.0114 0.9999
vn -0.0836 0.4843 0.8709
vn -0.1506 0.4673 0.8712
vn -0.1468 0.8506 0.5049
vn -0.0190 0.4916 0.8706
vn -0.2646 0.8214 0.5052
vn -0.3065 0.9519 -0.0000
vn -0.3846 0.7723 0.5056
vn -0.5028 0.7008 0.5060
vn -0.2186 0.4388 0.8716
vn -0.4457 0.8952 -0.0000
vn -0.3846 0.7723 -0.5056
vn -0.5829 0.8125 -0.0000
vn -0.7116 0.7026 -0.0000
vn -0.5028 0.7008 -0.5060
vn -0.6137 0.6059 -0.5063
vn -0.2855 0.3978 -0.8719
vn -0.3481 0.3436 -0.8722
vn 0.0080 -0.0110 -0.9999
vn -0.2186 0.4388 -0.8716
vn 0.0057 -0.0114 -0.9999
vn -0.1506 0.4673 -0.8712
vn -0.2646 0.8214 -0.5052
vn 0.0037 -0.0114 -0.9999
vn 0.1564 -0.4843 -0.8608
vn 0.0019 -0.0111 -0.9999
vn 0.0867 -0.5009 -0.8612
vn 0.1483 -0.8560 -0.4952
vn 0.0198 -0.5075 -0.8614
vn 0.0339 -0.8680 -0.4955
vn -0.0439 -0.5056 -0.8617
vn 0.1707 -0.9853 -0.0000
vn 0.2671 -0.8269 -0.4949
vn 0.3881 -0.7777 -0.4945
vn 0.3074 -0.9516 -0.0000
vn 0.4465 -0.8948 -0.0000
vn 0.2671 -0.8269 0.4949
vn 0.3881 -0.7777 0.4945
vn 0.2274 -0.4559 0.8605
vn 0.5074 -0.7059 0.4942
vn 0.6190 -0.6106 0.4939
vn 0.5836 -0.8120 -0.0000
vn 0.2976 -0.4142 0.8601
vn 0.0080 -0.0110 0.9999
vn 0.3635 -0.3585 0.8599
vn 0.4205 -0.2899 0.8597
vn 0.0102 -0.0100 0.9999
vn 0.0120 -0.0083 0.9999
vn -0.3481 0.3436 0.8722
vn -0.4025 0.2775 0.8723
vn -0.6137 0.6059 0.5063
vn -0.2855 0.3978 0.8719
vn -0.7098 0.4895 0.5064
vn -0.8232 0.5677 -0.0000
vn -0.7847 0.3575 0.5064
vn -0.8344 0.2184 0.5061
vn -0.4450 0.2028 0.8723
vn -0.9100 0.4145 -0.0000
vn -0.7847 0.3575 -0.5064
vn -0.9674 0.2532 -0.0000
vn -0.8344 0.2184 -0.5061
vn -0.8589 0.0817 -0.5056
vn -0.4735 0.1240 -0.8720
vn -0.4881 0.0465 -0.8715
vn 0.0133 -0.0035 -0.9999
vn -0.4450 0.2028 -0.8723
vn 0.0131 -0.0060 -0.9999
vn -0.4025 0.2775 -0.8723
vn -0.7098 0.4895 -0.5064
vn 0.0120 -0.0083 -0.9999
vn 0.4205 -0.2899 -0.8597
vn 0.0102 -0.0100 -0.9999
vn 0.3635 -0.3585 -0.8599
vn 0.6190 -0.6106 -0.4939
vn 0.2976 -0.4142 -0.8601
vn 0.5074 -0.7059 -0.4942
vn 0.2274 -0.4559 -0.8605
vn 0.7120 -0.7022 -0.0000
vn 0.7159 -0.4936 -0.4938
vn 0.7912 -0.3607 -0.4939
vn 0.8233 -0.5676 -0.0000
vn 0.9099 -0.4149 -0.0000
vn 0.7159 -0.4936 0.4938
vn 0.7912 -0.3607 0.4939
vn 0.4646 -0.2118 0.8598
vn 0.8409 -0.2207 0.4941
vn 0.8652 -0.0829 0.4946
vn 0.9672 -0.2539 -0.0000
vn 0.4935 -0.1295 0.8601
vn 0.0133 -0.0035 0.9999
vn 0.5071 -0.0485 0.8605
vn 0.5079 0.0265 0.8610
vn 0.0127 -0.0012 0.9999
vn 0.0115 0.0006 0.9999
vn -0.4881 0.0465 0.8716
vn -0.4906 -0.0258 0.8710
vn -0.8589 0.0817 0.5056
vn -0.4735 0.1240 0.8720
vn -0.8619 -0.0454 0.5050
vn -0.9986 -0.0527 -0.0000
vn -0.8488 -0.1584 0.5045
vn -0.8249 -0.2560 0.5039
vn -0.4839 -0.0903 0.8704
vn -0.9830 -0.1835 -0.0000
vn -0.8488 -0.1584 -0.5045
vn -0.9551 -0.2964 -0.0000
vn -0.8249 -0.2560 -0.5039
vn -0.9454 0.3259 -0.0000
vn -0.8535 0.3626 0.3743
vn -0.8535 0.3626 -0.3743
vn -0.6006 0.4634 -0.6516
vn -0.6006 0.4634 0.6516
vn -0.2510 0.6029 -0.7573
vn -0.4711 -0.1462 -0.8699
vn 0.0086 0.0026 -1.0000
vn -0.4839 -0.0903 -0.8704
vn 0.0100 0.0019 -0.9999
vn -0.4906 -0.0258 -0.8710
vn -0.8619 -0.0454 -0.5050
vn 0.0115 0.0006 -0.9999
vn 0.5079 0.0265 -0.8610
vn 0.0127 -0.0012 -0.9999
vn 0.5071 -0.0485 -0.8605
vn 0.8652 -0.0829 -0.4946
vn 0.4935 -0.1295 -0.8601
vn 0.8409 -0.2207 -0.4941
vn 0.4646 -0.2118 -0.8598
vn 0.9954 -0.0954 -0.0000
vn 0.8677 0.0451 -0.4951
vn 0.8539 0.1589 -0.4956
vn 0.9987 0.0519 -0.0000
vn 0.9831 0.1830 -0.0000
vn 0.8677 0.0451 0.4951
vn 0.8539 0.1589 0.4956
vn 0.4990 0.0929 0.8616
vn 0.8293 0.2571 0.4961
vn 0.9552 0.2961 -0.0000
vn 0.4840 0.1500 0.8621
vn 0.3647 0.8489 0.3826
vn 0.3647 0.8489 -0.3826
vn 0.4610 0.8874 -0.0000
vn 0.1030 0.7443 0.6598
vn -0.2510 0.6029 0.7573
vn 0.1030 0.7443 -0.6598
vn 0.4839 0.1500 -0.8621
vn 0.8293 0.2571 -0.4961
vn 0.4990 0.0929 -0.8616
vn 0.0086 0.0026 1.0000
vn -0.4711 -0.1462 0.8699
vn 0.0100 0.0019 0.9999
vn 0.0131 -0.0060 0.9999
vn 0.0057 -0.0114 0.9999
vn -0.0009 -0.0100 0.9999
vn -0.0044 -0.0074 1.0000
vn -0.0065 -0.0048 1.0000
vn -0.0081 -0.0019 1.0000
vn -0.0078 0.0013 1.0000
vn -0.0052 0.0029 1.0000
vn -0.0029 0.0027 1.0000
vn -0.0016 0.0021 1.0000
vn -0.0008 0.0013 1.0000
vn -0.0001 0.0002 1.0000
vn 0.0007 -0.0011 1.0000
vn 0.0013 -0.0018 1.0000
vn 0.0023 -0.0015 1.0000
vn 0.0028 -0.0012 1.0000
vn 0.0033 -0.0009 1.0000
vn 0.0037 -0.0004 1.0000
vn 0.0041 0.0004 1.0000
vn 0.0044 0.0014 1.0000
vn 0.0043 0.0026 1.0000
vn 0.0035 0.0035 1.0000
vn 0.0022 0.0035 1.0000
vn 0.0019 0.0055 1.0000
vn -0.0001 0.0077 1.0000
vn -0.0033 0.0051 1.0000
vt 0.454545 0.000000
vt 0.000000 0.000000
vt 0.363636 0.000000
vt 0.090909 0.000000
vt 0.991597 0.083333
vt 1.000000 0.083333
vt 1.000000 0.000000
vt 0.991597 0.000000
vt 0.991597 1.000000
vt 1.000000 1.000000
vt 1.000000 0.916667
vt 0.991597 0.916667
vt 0.983193 1.000000
vt 0.983193 0.916667
vt 0.983193 0.083333
vt 0.983193 0.000000
vt 0.974790 0.083333
vt 0.974790 0.000000
vt 0.974790 1.000000
vt 0.974790 0.916667
vt 0.974790 0.166667
vt 0.983193 0.166667
vt 0.991597 0.166667
vt 0.974790 0.250000
vt 0.983193 0.250000
vt 0.991597 0.250000
vt 1.000000 0.166667
vt 1.000000 0.250000
vt 0.272727 0.000000
vt 0.181818 0.000000
vt 0.991597 0.333333
vt 1.000000 0.333333
vt 0.983193 0.333333
vt 0.983193 0.416667
vt 0.991597 0.416667
vt 1.000000 0.416667
vt 0.983193 0.500000
vt 0.991597 0.500000
vt 1.000000 0.500000
vt 0.983193 0.583333
vt 0.991597 0.583333
vt 1.000000 0.583333
vt 0.545455 0.000000
vt 0.909091 0.000000
vt 0.636364 0.000000
vt 0.818182 0.000000
vt 0.727273 0.000000
vt 0.991597 0.666667
vt 1.000000 0.666667
vt 0.991597 0.750000
vt 1.000000 0.750000
vt 0.983193 0.750000
vt 0.983193 0.666667
vt 0.974790 0.750000
vt 0.974790 0.666667
vt 0.974790 0.583333
vt 0.974790 0.833333
vt 0.983193 0.833333
vt 0.991597 0.833333
vt 1.000000 0.833333
vt 0.966387 0.833333
vt 0.966387 0.750000
vt 0.966387 0.916667
vt 0.957983 0.916667
vt 0.957983 0.833333
vt 0.957983 0.750000
vt 0.957983 1.000000
vt 0.966387 1.000000
vt 0.957983 0.083333
vt 0.966387 0.083333
vt 0.966387 0.000000
vt 0.957983 0.000000
vt 0.957983 0.166667
vt 0.966387 0.166667
vt 0.957983 0.250000
vt 0.966387 0.250000
vt 0.957983 0.333333
vt 0.966387 0.333333
vt 0.974790 0.333333
vt 0.966387 0.416667
vt 0.974790 0.416667
vt 0.966387 0.500000
vt 0.974790 0.500000
vt 0.966387 0.583333
vt 0.966387 0.666667
vt 0.957983 0.583333
vt 0.957983 0.500000
vt 0.957983 0.666667
vt 0.949580 0.666667
vt 0.949580 0.583333
vt 0.949580 0.500000
vt 0.949580 0.750000
vt 0.941176 0.750000
vt 0.941176 0.666667
vt 0.941176 0.583333
vt 0.941176 0.833333
vt 0.949580 0.833333
vt 0.941176 0.916667
vt 0.949580 0.916667
vt 0.941176 1.000000
vt 0.949580 1.000000
vt 0.941176 0.083333
vt 0.949580 0.083333
vt 0.949580 0.000000
vt 0.941176 0.000000
vt 0.941176 0.166667
vt 0.949580 0.166667
vt 0.941176 0.250000
vt 0.949580 0.250000
vt 0.941176 0.333333
vt 0.949580 0.333333
vt 0.949580 0.416667
vt 0.957983 0.416667
vt 0.941176 0.416667
vt 0.932773 0.416667
vt 0.932773 0.333333
vt 0.932773 0.250000
vt 0.932773 0.500000
vt 0.941176 0.500000
vt 0.932773 0.583333
vt 0.932773 0.666667
vt 0.924370 0.583333
vt 0.924370 0.500000
vt 0.924370 0.666667
vt 0.915966 0.666667
vt 0.915966 0.583333
vt 0.915966 0.500000
vt 0.924370 0.750000
vt 0.932773 0.750000
vt 0.915966 0.750000
vt 0.907563 0.750000
vt 0.907563 0.666667
vt 0.907563 0.583333
vt 0.907563 0.833333
vt 0.915966 0.833333
vt 0.924370 0.833333
vt 0.907563 0.916667
vt 0.915966 0.916667
vt 0.924370 0.916667
vt 0.932773 0.833333
vt 0.932773 0.916667
vt 0.924370 1.000000
vt 0.932773 1.000000
vt 0.924370 0.083333
vt 0.932773 0.083333
vt 0.932773 0.000000
vt 0.924370 0.000000
vt 0.924370 0.166667
vt 0.932773 0.166667
vt 0.924370 0.250000
vt 0.924370 0.333333
vt 0.915966 0.250000
vt 0.915966 0.166667
vt 0.915966 0.333333
vt 0.907563 0.333333
vt 0.907563 0.250000
vt 0.907563 0.166667
vt 0.915966 0.416667
vt 0.924370 0.416667
vt 0.907563 0.416667
vt 0.899160 0.416667
vt 0.899160 0.333333
vt 0.899160 0.250000
vt 0.899160 0.500000
vt 0.907563 0.500000
vt 0.899160 0.583333
vt 0.899160 0.666667
vt 0.890756 0.583333
vt 0.890756 0.500000
vt 0.890756 0.666667
vt 0.882353 0.666667
vt 0.882353 0.583333
vt 0.882353 0.500000
vt 0.890756 0.750000
vt 0.899160 0.750000
vt 0.882353 0.750000
vt 0.873950 0.750000
vt 0.873950 0.666667
vt 0.873950 0.583333
vt 0.873950 0.833333
vt 0.882353 0.833333
vt 0.890756 0.833333
vt 0.873950 0.916667
vt 0.882353 0.916667
vt 0.890756 0.916667
vt 0.899160 0.833333
vt 0.899160 0.916667
vt 0.890756 1.000000
vt 0.899160 1.000000
vt 0.907563 1.000000
vt 0.915966 1.000000
vt 0.907563 0.083333
vt 0.915966 0.083333
vt 0.915966 0.000000
vt 0.907563 0.000000
vt 0.899160 0.083333
vt 0.899160 0.000000
vt 0.899160 0.166667
vt 0.890756 0.166667
vt 0.890756 0.083333
vt 0.890756 0.000000
vt 0.890756 0.250000
vt 0.890756 0.333333
vt 0.882353 0.250000
vt 0.882353 0.166667
vt 0.882353 0.333333
vt 0.873950 0.333333
vt 0.873950 0.250000
vt 0.873950 0.166667
vt 0.882353 0.416667
vt 0.890756 0.416667
vt 0.873950 0.416667
vt 0.865546 0.416667
vt 0.865546 0.333333
vt 0.865546 0.250000
vt 0.865546 0.500000
vt 0.873950 0.500000
vt 0.865546 0.583333
vt 0.865546 0.666667
vt 0.857143 0.583333
vt 0.857143 0.500000
vt 0.857143 0.666667
vt 0.848740 0.666667
vt 0.848740 0.583333
vt 0.848740 0.500000
vt 0.857143 0.750000
vt 0.865546 0.750000
vt 0.848740 0.750000
vt 0.840336 0.750000
vt 0.840336 0.666667
vt 0.840336 0.583333
vt 0.840336 0.833333
vt 0.848740 0.833333
vt 0.857143 0.833333
vt 0.840336 0.916667
vt 0.848740 0.916667
vt 0.857143 0.916667
vt 0.865546 0.833333
vt 0.865546 0.916667
vt 0.857143 1.000000
vt 0.865546 1.000000
vt 0.873950 1.000000
vt 0.882353 1.000000
vt 0.873950 0.083333
vt 0.882353 0.083333
vt 0.882353 0.000000
vt 0.873950 0.000000
vt 0.865546 0.083333
vt 0.865546 0.000000
vt 0.865546 0.166667
vt 0.857143 0.166667
vt 0.857143 0.083333
vt 0.857143 0.000000
vt 0.857143 0.250000
vt 0.857143 0.333333
vt 0.848740 0.250000
vt 0.848740 0.166667
vt 0.848740 0.333333
vt 0.840336 0.333333
vt 0.840336 0.250000
vt 0.840336 0.166667
vt 0.848740 0.416667
vt 0.857143 0.416667
vt 0.840336 0.416667
vt 0.831933 0.416667
vt 0.831933 0.333333
vt 0.831933 0.250000
vt 0.831933 0.500000
vt 0.840336 0.500000
vt 0.831933 0.583333
vt 0.831933 0.666667
vt 0.823529 0.583333
vt 0.823529 0.500000
vt 0.823529 0.666667
vt 0.815126 0.666667
vt 0.815126 0.583333
vt 0.815126 0.500000
vt 0.823529 0.750000
vt 0.831933 0.750000
vt 0.815126 0.750000
vt 0.806723 0.750000
vt 0.806723 0.666667
vt 0.806723 0.583333
vt 0.806723 0.833333
vt 0.815126 0.833333
vt 0.823529 0.833333
vt 0.806723 0.916667
vt 0.815126 0.916667
vt 0.823529 0.916667
vt 0.831933 0.833333
vt 0.831933 0.916667
vt 0.823529 1.000000
vt 0.831933 1.000000
vt 0.840336 1.000000
vt 0.848740 1.000000
vt 0.840336 0.083333
vt 0.848740 0.083333
vt 0.848740 0.000000
vt 0.840336 0.000000
vt 0.831933 0.083333
vt 0.831933 0.000000
vt 0.831933 0.166667
vt 0.823529 0.166667
vt 0.823529 0.083333
vt 0.823529 0.000000
vt 0.823529 0.250000
vt 0.823529 0.333333
vt 0.815126 0.250000
vt 0.815126 0.166667
vt 0.815126 0.333333
vt 0.806723 0.333333
vt 0.806723 0.250000
vt 0.806723 0.166667
vt 0.815126 0.416667
vt 0.823529 0.416667
vt 0.806723 0.416667
vt 0.798319 0.416667
vt 0.798319 0.333333
vt 0.798319 0.250000
vt 0.798319 0.500000
vt 0.806723 0.500000
vt 0.798319 0.583333
vt 0.798319 0.666667
vt 0.789916 0.583333
vt 0.789916 0.500000
vt 0.789916 0.666667
vt 0.781513 0.666667
vt 0.781513 0.583333
vt 0.781513 0.500000
vt 0.789916 0.750000
vt 0.798319 0.750000
vt 0.781513 0.750000
vt 0.773109 0.750000
vt 0.773109 0.666667
vt 0.773109 0.583333
vt 0.773109 0.833333
vt 0.781513 0.833333
vt 0.789916 0.833333
vt 0.773109 0.916667
vt 0.781513 0.916667
vt 0.789916 0.916667
vt 0.798319 0.833333
vt 0.798319 0.916667
vt 0.789916 1.000000
vt 0.798319 1.000000
vt 0.806723 1.000000
vt 0.815126 1.000000
vt 0.806723 0.083333
vt 0.815126 0.083333
vt 0.815126 0.000000
vt 0.806723 0.000000
vt 0.798319 0.083333
vt 0.798319 0.000000
vt 0.798319 0.166667
vt 0.789916 0.166667
vt 0.789916 0.083333
vt 0.789916 0.000000
vt 0.789916 0.250000
vt 0.789916 0.333333
vt 0.781513 0.250000
vt 0.781513 0.166667
vt 0.781513 0.333333
vt 0.773109 0.333333
vt 0.773109 0.250000
vt 0.773109 0.166667
vt 0.781513 0.416667
vt 0.789916 0.416667
vt 0.773109 0.416667
vt 0.764706 0.416667
vt 0.764706 0.333333
vt 0.764706 0.250000
vt 0.764706 0.500000
vt 0.773109 0.500000
vt 0.764706 0.583333
vt 0.764706 0.666667
vt 0.756303 0.583333
vt 0.756303 0.500000
vt 0.756303 0.666667
vt 0.747899 0.666667
vt 0.747899 0.583333
vt 0.747899 0.500000
vt 0.756303 0.750000
vt 0.764706 0.750000
vt 0.747899 0.750000
vt 0.739496 0.750000
vt 0.739496 0.666667
vt 0.739496 0.583333
vt 0.739496 0.833333
vt 0.747899 0.833333
vt 0.756303 0.833333
vt 0.739496 0.916667
vt 0.747899 0.916667
vt 0.756303 0.916667
vt 0.764706 0.833333
vt 0.764706 0.916667
vt 0.756303 1.000000
vt 0.764706 1.000000
vt 0.773109 1.000000
vt 0.781513 1.000000
vt 0.773109 0.083333
vt 0.781513 0.083333
vt 0.781513 0.000000
vt 0.773109 0.000000
vt 0.764706 0.083333
vt 0.764706 0.000000
vt 0.764706 0.166667
vt 0.756303 0.166667
vt 0.756303 0.083333
vt 0.756303 0.000000
vt 0.756303 0.250000
vt 0.756303 0.333333
vt 0.747899 0.250000
vt 0.747899 0.166667
vt 0.747899 0.333333
vt 0.739496 0.333333
vt 0.739496 0.250000
vt 0.739496 0.166667
vt 0.747899 0.416667
vt 0.756303 0.416667
vt 0.739496 0.416667
vt 0.731092 0.416667
vt 0.731092 0.333333
vt 0.731092 0.250000
vt 0.731092 0.500000
vt 0.739496 0.500000
vt 0.731092 0.583333
vt 0.731092 0.666667
vt 0.722689 0.583333
vt 0.722689 0.500000
vt 0.722689 0.666667
vt 0.714286 0.666667
vt 0.714286 0.583333
vt 0.714286 0.500000
vt 0.722689 0.750000
vt 0.731092 0.750000
vt 0.714286 0.750000
vt 0.705882 0.750000
vt 0.705882 0.666667
vt 0.705882 0.583333
vt 0.705882 0.833333
vt 0.714286 0.833333
vt 0.722689 0.833333
vt 0.705882 0.916667
vt 0.714286 0.916667
vt 0.722689 0.916667
vt 0.731092 0.833333
vt 0.731092 0.916667
vt 0.722689 1.000000
vt 0.731092 1.000000
vt 0.739496 1.000000
vt 0.747899 1.000000
vt 0.739496 0.083333
vt 0.747899 0.083333
vt 0.747899 0.000000
vt 0.739496 0.000000
vt 0.731092 0.083333
vt 0.731092 0.000000
vt 0.731092 0.166667
vt 0.722689 0.166667
vt 0.722689 0.083333
vt 0.722689 0.000000
vt 0.722689 0.250000
vt 0.722689 0.333333
vt 0.714286 0.250000
vt 0.714286 0.166667
vt 0.714286 0.333333
vt 0.705882 0.333333
vt 0.705882 0.250000
vt 0.705882 0.166667
vt 0.714286 0.416667
vt 0.722689 0.416667
vt 0.705882 0.416667
vt 0.697479 0.416667
vt 0.697479 0.333333
vt 0.697479 0.250000
vt 0.697479 0.500000
vt 0.705882 0.500000
vt 0.697479 0.583333
vt 0.697479 0.666667
vt 0.689076 0.583333
vt 0.689076 0.500000
vt 0.689076 0.666667
vt 0.680672 0.666667
vt 0.680672 0.583333
vt 0.680672 0.500000
vt 0.689076 0.750000
vt 0.697479 0.750000
vt 0.680672 0.750000
vt 0.672269 0.750000
vt 0.672269 0.666667
vt 0.672269 0.583333
vt 0.672269 0.833333
vt 0.680672 0.833333
vt 0.689076 0.833333
vt 0.672269 0.916667
vt 0.680672 0.916667
vt 0.689076 0.916667
vt 0.697479 0.833333
vt 0.697479 0.916667
vt 0.689076 1.000000
vt 0.697479 1.000000
vt 0.705882 1.000000
vt 0.714286 1.000000
vt 0.705882 0.083333
vt 0.714286 0.083333
vt 0.714286 0.000000
vt 0.705882 0.000000
vt 0.697479 0.083333
vt 0.697479 0.000000
vt 0.697479 0.166667
vt 0.689076 0.166667
vt 0.689076 0.083333
vt 0.689076 0.000000
vt 0.689076 0.250000
vt 0.689076 0.333333
vt 0.680672 0.250000
vt 0.680672 0.166667
vt 0.680672 0.333333
vt 0.672269 0.333333
vt 0.672269 0.250000
vt 0.672269 0.166667
vt 0.680672 0.416667
vt 0.689076 0.416667
vt 0.672269 0.416667
vt 0.663866 0.416667
vt 0.663866 0.333333
vt 0.663866 0.250000
vt 0.663866 0.500000
vt 0.672269 0.500000
vt 0.663866 0.583333
vt 0.663866 0.666667
vt 0.655462 0.583333
vt 0.655462 0.500000
vt 0.655462 0.666667
vt 0.647059 0.666667
vt 0.647059 0.583333
vt 0.647059 0.500000
vt 0.655462 0.750000
vt 0.663866 0.750000
vt 0.647059 0.750000
vt 0.638655 0.750000
vt 0.638655 0.666667
vt 0.638655 0.583333
vt 0.638655 0.833333
vt 0.647059 0.833333
vt 0.655462 0.833333
vt 0.638655 0.916667
vt 0.647059 0.916667
vt 0.655462 0.916667
vt 0.663866 0.833333
vt 0.663866 0.916667
vt 0.655462 1.000000
vt 0.663866 1.000000
vt 0.672269 1.000000
vt 0.680672 1.000000
vt 0.672269 0.083333
vt 0.680672 0.083333
vt 0.680672 0.000000
vt 0.672269 0.000000
vt 0.663866 0.083333
vt 0.663866 0.000000
vt 0.663866 0.166667
vt 0.655462 0.166667
vt 0.655462 0.083333
vt 0.655462 0.000000
vt 0.655462 0.250000
vt 0.655462 0.333333
vt 0.647059 0.250000
vt 0.647059 0.166667
vt 0.647059 0.333333
vt 0.638655 0.333333
vt 0.638655 0.250000
vt 0.638655 0.166667
vt 0.647059 0.416667
vt 0.655462 0.416667
vt 0.638655 0.416667
vt 0.630252 0.416667
vt 0.630252 0.333333
vt 0.630252 0.250000
vt 0.630252 0.500000
vt 0.638655 0.500000
vt 0.630252 0.583333
vt 0.630252 0.666667
vt 0.621849 0.583333
vt 0.621849 0.500000
vt 0.621849 0.666667
vt 0.613445 0.666667
vt 0.613445 0.583333
vt 0.613445 0.500000
vt 0.621849 0.750000
vt 0.630252 0.750000
vt 0.613445 0.750000
vt 0.605042 0.750000
vt 0.605042 0.666667
vt 0.605042 0.583333
vt 0.605042 0.833333
vt 0.613445 0.833333
vt 0.621849 0.833333
vt 0.605042 0.916667
vt 0.613445 0.916667
vt 0.621849 0.916667
vt 0.630252 0.833333
vt 0.630252 0.916667
vt 0.621849 1.000000
vt 0.630252 1.000000
vt 0.638655 1.000000
vt 0.647059 1.000000
vt 0.638655 0.083333
vt 0.647059 0.083333
vt 0.647059 0.000000
vt 0.638655 0.000000
vt 0.630252 0.083333
vt 0.630252 0.000000
vt 0.630252 0.166667
vt 0.621849 0.166667
vt 0.621849 0.083333
vt 0.621849 0.000000
vt 0.621849 0.250000
vt 0.621849 0.333333
vt 0.613445 0.250000
vt 0.613445 0.166667
vt 0.613445 0.333333
vt 0.605042 0.333333
vt 0.605042 0.250000
vt 0.605042 0.166667
vt 0.613445 0.416667
vt 0.621849 0.416667
vt 0.605042 0.416667
vt 0.596639 0.416667
vt 0.596639 0.333333
vt 0.596639 0.250000
vt 0.596639 0.500000
vt 0.605042 0.500000
vt 0.596639 0.583333
vt 0.596639 0.666667
vt 0.588235 0.583333
vt 0.588235 0.500000
vt 0.588235 0.666667
vt 0.579832 0.666667
vt 0.579832 0.583333
vt 0.579832 0.500000
vt 0.588235 0.750000
vt 0.596639 0.750000
vt 0.579832 0.750000
vt 0.571429 0.750000
vt 0.571429 0.666667
vt 0.571429 0.583333
vt 0.571429 0.833333
vt 0.579832 0.833333
vt 0.588235 0.833333
vt 0.571429 0.916667
vt 0.579832 0.916667
vt 0.588235 0.916667
vt 0.596639 0.833333
vt 0.596639 0.916667
vt 0.588235 1.000000
vt 0.596639 1.000000
vt 0.605042 1.000000
vt 0.613445 1.000000
vt 0.605042 0.083333
vt 0.613445 0.083333
vt 0.613445 0.000000
vt 0.605042 0.000000
vt 0.596639 0.083333
vt 0.596639 0.000000
vt 0.596639 0.166667
vt 0.588235 0.166667
vt 0.588235 0.083333
vt 0.588235 0.000000
vt 0.588235 0.250000
vt 0.588235 0.333333
vt 0.579832 0.250000
vt 0.579832 0.166667
vt 0.579832 0.333333
vt 0.571429 0.333333
vt 0.571429 0.250000
vt 0.571429 0.166667
vt 0.579832 0.416667
vt 0.588235 0.416667
vt 0.571429 0.416667
vt 0.563025 0.416667
vt 0.563025 0.333333
vt 0.563025 0.250000
vt 0.563025 0.500000
vt 0.571429 0.500000
vt 0.563025 0.583333
vt 0.563025 0.666667
vt 0.554622 0.583333
vt 0.554622 0.500000
vt 0.554622 0.666667
vt 0.546219 0.666667
vt 0.546219 0.583333
vt 0.546219 0.500000
vt 0.554622 0.750000
vt 0.563025 0.750000
vt 0.546219 0.750000
vt 0.537815 0.750000
vt 0.537815 0.666667
vt 0.537815 0.583333
vt 0.537815 0.833333
vt 0.546219 0.833333
vt 0.554622 0.833333
vt 0.537815 0.916667
vt 0.546219 0.916667
vt 0.554622 0.916667
vt 0.563025 0.833333
vt 0.563025 0.916667
vt 0.554622 1.000000
vt 0.563025 1.000000
vt 0.571429 1.000000
vt 0.579832 1.000000
vt 0.571429 0.083333
vt 0.579832 0.083333
vt 0.579832 0.000000
vt 0.571429 0.000000
vt 0.563025 0.083333
vt 0.563025 0.000000
vt 0.563025 0.166667
vt 0.554622 0.166667
vt 0.554622 0.083333
vt 0.554622 0.000000
vt 0.554622 0.250000
vt 0.554622 0.333333
vt 0.546219 0.250000
vt 0.546219 0.166667
vt 0.546219 0.333333
vt 0.537815 0.333333
vt 0.537815 0.250000
vt 0.537815 0.166667
vt 0.546219 0.416667
vt 0.554622 0.416667
vt 0.537815 0.416667
vt 0.529412 0.416667
vt 0.529412 0.333333
vt 0.529412 0.250000
vt 0.529412 0.500000
vt 0.537815 0.500000
vt 0.529412 0.583333
vt 0.529412 0.666667
vt 0.521008 0.583333
vt 0.521008 0.500000
vt 0.521008 0.666667
vt 0.512605 0.666667
vt 0.512605 0.583333
vt 0.512605 0.500000
vt 0.521008 0.750000
vt 0.529412 0.750000
vt 0.512605 0.750000
vt 0.504202 0.750000
vt 0.504202 0.666667
vt 0.504202 0.583333
vt 0.504202 0.833333
vt 0.512605 0.833333
vt 0.521008 0.833333
vt 0.504202 0.916667
vt 0.512605 0.916667
vt 0.521008 0.916667
vt 0.529412 0.833333
vt 0.529412 0.916667
vt 0.521008 1.000000
vt 0.529412 1.000000
vt 0.537815 1.000000
vt 0.546219 1.000000
vt 0.537815 0.083333
vt 0.546219 0.083333
vt 0.546219 0.000000
vt 0.537815 0.000000
vt 0.529412 0.083333
vt 0.529412 0.000000
vt 0.529412 0.166667
vt 0.521008 0.166667
vt 0.521008 0.083333
vt 0.521008 0.000000
vt 0.521008 0.250000
vt 0.521008 0.333333
vt 0.512605 0.250000
vt 0.512605 0.166667
vt 0.512605 0.333333
vt 0.504202 0.333333
vt 0.504202 0.250000
vt 0.504202 0.166667
vt 0.512605 0.416667
vt 0.521008 0.416667
vt 0.504202 0.416667
vt 0.495798 0.416667
vt 0.495798 0.333333
vt 0.495798 0.250000
vt 0.495798 0.500000
vt 0.504202 0.500000
vt 0.495798 0.583333
vt 0.495798 0.666667
vt 0.487395 0.583333
vt 0.487395 0.500000
vt 0.487395 0.666667
vt 0.478992 0.666667
vt 0.478992 0.583333
vt 0.478992 0.500000
vt 0.487395 0.750000
vt 0.495798 0.750000
vt 0.478992 0.750000
vt 0.470588 0.750000
vt 0.470588 0.666667
vt 0.470588 0.583333
vt 0.470588 0.833333
vt 0.478992 0.833333
vt 0.487395 0.833333
vt 0.470588 0.916667
vt 0.478992 0.916667
vt 0.487395 0.916667
vt 0.495798 0.833333
vt 0.495798 0.916667
vt 0.487395 1.000000
vt 0.495798 1.000000
vt 0.504202 1.000000
vt 0.512605 1.000000
vt 0.504202 0.083333
vt 0.512605 0.083333
vt 0.512605 0.000000
vt 0.504202 0.000000
vt 0.495798 0.083333
vt 0.495798 0.000000
vt 0.495798 0.166667
vt 0.487395 0.166667
vt 0.487395 0.083333
vt 0.487395 0.000000
vt 0.487395 0.250000
vt 0.487395 0.333333
vt 0.478992 0.250000
vt 0.478992 0.166667
vt 0.478992 0.333333
vt 0.470588 0.333333
vt 0.470588 0.250000
vt 0.470588 0.166667
vt 0.478992 0.416667
vt 0.487395 0.416667
vt 0.470588 0.416667
vt 0.462185 0.416667
vt 0.462185 0.333333
vt 0.462185 0.250000
vt 0.462185 0.500000
vt 0.470588 0.500000
vt 0.462185 0.583333
vt 0.462185 0.666667
vt 0.453782 0.583333
vt 0.453782 0.500000
vt 0.453782 0.666667
vt 0.445378 0.666667
vt 0.445378 0.583333
vt 0.445378 0.500000
vt 0.453782 0.750000
vt 0.462185 0.750000
vt 0.445378 0.750000
vt 0.436975 0.750000
vt 0.436975 0.666667
vt 0.436975 0.583333
vt 0.436975 0.833333
vt 0.445378 0.833333
vt 0.453782 0.833333
vt 0.436975 0.916667
vt 0.445378 0.916667
vt 0.453782 0.916667
vt 0.462185 0.833333
vt 0.462185 0.916667
vt 0.453782 1.000000
vt 0.462185 1.000000
vt 0.470588 1.000000
vt 0.478992 1.000000
vt 0.470588 0.083333
vt 0.478992 0.083333
vt 0.478992 0.000000
vt 0.470588 0.000000
vt 0.462185 0.083333
vt 0.462185 0.000000
vt 0.462185 0.166667
vt 0.453782 0.166667
vt 0.453782 0.083333
vt 0.453782 0.000000
vt 0.453782 0.250000
vt 0.453782 0.333333
vt 0.445378 0.250000
vt 0.445378 0.166667
vt 0.445378 0.333333
vt 0.436975 0.333333
vt 0.436975 0.250000
vt 0.436975 0.166667
vt 0.445378 0.416667
vt 0.453782 0.416667
vt 0.436975 0.416667
vt 0.428571 0.416667
vt 0.428571 0.333333
vt 0.428571 0.250000
vt 0.428571 0.500000
vt 0.436975 0.500000
vt 0.428571 0.583333
vt 0.428571 0.666667
vt 0.420168 0.583333
vt 0.420168 0.500000
vt 0.420168 0.666667
vt 0.411765 0.666667
vt 0.411765 0.583333
vt 0.411765 0.500000
vt 0.420168 0.750000
vt 0.428571 0.750000
vt 0.411765 0.750000
vt 0.403361 0.750000
vt 0.403361 0.666667
vt 0.403361 0.583333
vt 0.403361 0.833333
vt 0.411765 0.833333
vt 0.420168 0.833333
vt 0.403361 0.916667
vt 0.411765 0.916667
vt 0.420168 0.916667
vt 0.428571 0.833333
vt 0.428571 0.916667
vt 0.420168 1.000000
vt 0.428571 1.000000
vt 0.436975 1.000000
vt 0.445378 1.000000
vt 0.436975 0.083333
vt 0.445378 0.083333
vt 0.445378 0.000000
vt 0.436975 0.000000
vt 0.428571 0.083333
vt 0.428571 0.000000
vt 0.428571 0.166667
vt 0.420168 0.166667
vt 0.420168 0.083333
vt 0.420168 0.000000
vt 0.420168 0.250000
vt 0.420168 0.333333
vt 0.411765 0.250000
vt 0.411765 0.166667
vt 0.411765 0.333333
vt 0.403361 0.333333
vt 0.403361 0.250000
vt 0.403361 0.166667
vt 0.411765 0.416667
vt 0.420168 0.416667
vt 0.403361 0.416667
vt 0.394958 0.416667
vt 0.394958 0.333333
vt 0.394958 0.250000
vt 0.394958 0.500000
vt 0.403361 0.500000
vt 0.394958 0.583333
vt 0.394958 0.666667
vt 0.386555 0.583333
vt 0.386555 0.500000
vt 0.386555 0.666667
vt 0.378151 0.666667
vt 0.378151 0.583333
vt 0.378151 0.500000
vt 0.386555 0.750000
vt 0.394958 0.750000
vt 0.378151 0.750000
vt 0.369748 0.750000
vt 0.369748 0.666667
vt 0.369748 0.583333
vt 0.369748 0.833333
vt 0.378151 0.833333
vt 0.386555 0.833333
vt 0.369748 0.916667
vt 0.378151 0.916667
vt 0.386555 0.916667
vt 0.394958 0.833333
vt 0.394958 0.916667
vt 0.386555 1.000000
vt 0.394958 1.000000
vt 0.403361 1.000000
vt 0.411765 1.000000
vt 0.403361 0.083333
vt 0.411765 0.083333
vt 0.411765 0.000000
vt 0.403361 0.000000
vt 0.394958 0.083333
vt 0.394958 0.000000
vt 0.394958 0.166667
vt 0.386555 0.166667
vt 0.386555 0.083333
vt 0.386555 0.000000
vt 0.386555 0.250000
vt 0.386555 0.333333
vt 0.378151 0.250000
vt 0.378151 0.166667
vt 0.378151 0.333333
vt 0.369748 0.333333
vt 0.369748 0.250000
vt 0.369748 0.166667
vt 0.378151 0.416667
vt 0.386555 0.416667
vt 0.369748 0.416667
vt 0.361345 0.416667
vt 0.361345 0.333333
vt 0.361345 0.250000
vt 0.361345 0.500000
vt 0.369748 0.500000
vt 0.361345 0.583333
vt 0.361345 0.666667
vt 0.352941 0.583333
vt 0.352941 0.500000
vt 0.352941 0.666667
vt 0.344538 0.666667
vt 0.344538 0.583333
vt 0.344538 0.500000
vt 0.352941 0.750000
vt 0.361345 0.750000
vt 0.344538 0.750000
vt 0.336134 0.750000
vt 0.336134 0.666667
vt 0.336134 0.583333
vt 0.336134 0.833333
vt 0.344538 0.833333
vt 0.352941 0.833333
vt 0.336134 0.916667
vt 0.344538 0.916667
vt 0.352941 0.916667
vt 0.361345 0.833333
vt 0.361345 0.916667
vt 0.352941 1.000000
vt 0.361345 1.000000
vt 0.369748 1.000000
vt 0.378151 1.000000
vt 0.369748 0.083333
vt 0.378151 0.083333
vt 0.378151 0.000000
vt 0.369748 0.000000
vt 0.361345 0.083333
vt 0.361345 0.000000
vt 0.361345 0.166667
vt 0.352941 0.166667
vt 0.352941 0.083333
vt 0.352941 0.000000
vt 0.352941 0.250000
vt 0.352941 0.333333
vt 0.344538 0.250000
vt 0.344538 0.166667
vt 0.344538 0.333333
vt 0.336134 0.333333
vt 0.336134 0.250000
vt 0.336134 0.166667
vt 0.344538 0.416667
vt 0.352941 0.416667
vt 0.336134 0.416667
vt 0.327731 0.416667
vt 0.327731 0.333333
vt 0.327731 0.250000
vt 0.327731 0.500000
vt 0.336134 0.500000
vt 0.327731 0.583333
vt 0.327731 0.666667
vt 0.319328 0.583333
vt 0.319328 0.500000
vt 0.319328 0.666667
vt 0.310924 0.666667
vt 0.310924 0.583333
vt 0.310924 0.500000
vt 0.319328 0.750000
vt 0.327731 0.750000
vt 0.310924 0.750000
vt 0.302521 0.750000
vt 0.302521 0.666667
vt 0.302521 0.583333
vt 0.302521 0.833333
vt 0.310924 0.833333
vt 0.319328 0.833333
vt 0.302521 0.916667
vt 0.310924 0.916667
vt 0.319328 0.916667
vt 0.327731 0.833333
vt 0.327731 0.916667
vt 0.319328 1.000000
vt 0.327731 1.000000
vt 0.336134 1.000000
vt 0.344538 1.000000
vt 0.336134 0.083333
vt 0.344538 0.083333
vt 0.344538 0.000000
vt 0.336134 0.000000
vt 0.327731 0.083333
vt 0.327731 0.000000
vt 0.327731 0.166667
vt 0.319328 0.166667
vt 0.319328 0.083333
vt 0.319328 0.000000
vt 0.319328 0.250000
vt 0.319328 0.333333
vt 0.310924 0.250000
vt 0.310924 0.166667
vt 0.310924 0.333333
vt 0.302521 0.333333
vt 0.302521 0.250000
vt 0.302521 0.166667
vt 0.310924 0.416667
vt 0.319328 0.416667
vt 0.302521 0.416667
vt 0.294118 0.416667
vt 0.294118 0.333333
vt 0.294118 0.250000
vt 0.294118 0.500000
vt 0.302521 0.500000
vt 0.294118 0.583333
vt 0.294118 0.666667
vt 0.285714 0.583333
vt 0.285714 0.500000
vt 0.285714 0.666667
vt 0.277311 0.666667
vt 0.277311 0.583333
vt 0.277311 0.500000
vt 0.285714 0.750000
vt 0.294118 0.750000
vt 0.277311 0.750000
vt 0.268908 0.750000
vt 0.268908 0.666667
vt 0.268908 0.583333
vt 0.268908 0.833333
vt 0.277311 0.833333
vt 0.285714 0.833333
vt 0.268908 0.916667
vt 0.277311 0.916667
vt 0.285714 0.916667
vt 0.294118 0.833333
vt 0.294118 0.916667
vt 0.285714 1.000000
vt 0.294118 1.000000
vt 0.302521 1.000000
vt 0.310924 1.000000
vt 0.302521 0.083333
vt 0.310924 0.083333
vt 0.310924 0.000000
vt 0.302521 0.000000
vt 0.294118 0.083333
vt 0.294118 0.000000
vt 0.294118 0.166667
vt 0.285714 0.166667
vt 0.285714 0.083333
vt 0.285714 0.000000
vt 0.285714 0.250000
vt 0.285714 0.333333
vt 0.277311 0.250000
vt 0.277311 0.166667
vt 0.277311 0.333333
vt 0.268908 0.333333
vt 0.268908 0.250000
vt 0.268908 0.166667
vt 0.277311 0.416667
vt 0.285714 0.416667
vt 0.268908 0.416667
vt 0.260504 0.416667
vt 0.260504 0.333333
vt 0.260504 0.250000
vt 0.260504 0.500000
vt 0.268908 0.500000
vt 0.260504 0.583333
vt 0.260504 0.666667
vt 0.252101 0.583333
vt 0.252101 0.500000
vt 0.252101 0.666667
vt 0.243697 0.666667
vt 0.243697 0.583333
vt 0.243697 0.500000
vt 0.252101 0.750000
vt 0.260504 0.750000
vt 0.243697 0.750000
vt 0.235294 0.750000
vt 0.235294 0.666667
vt 0.235294 0.583333
vt 0.235294 0.833333
vt 0.243697 0.833333
vt 0.252101 0.833333
vt 0.235294 0.916667
vt 0.243697 0.916667
vt 0.252101 0.916667
vt 0.260504 0.833333
vt 0.260504 0.916667
vt 0.252101 1.000000
vt 0.260504 1.000000
vt 0.268908 1.000000
vt 0.277311 1.000000
vt 0.268908 0.083333
vt 0.277311 0.083333
vt 0.277311 0.000000
vt 0.268908 0.000000
vt 0.260504 0.083333
vt 0.260504 0.000000
vt 0.260504 0.166667
vt 0.252101 0.166667
vt 0.252101 0.083333
vt 0.252101 0.000000
vt 0.252101 0.250000
vt 0.252101 0.333333
vt 0.243697 0.250000
vt 0.243697 0.166667
vt 0.243697 0.333333
vt 0.235294 0.333333
vt 0.235294 0.250000
vt 0.235294 0.166667
vt 0.243697 0.416667
vt 0.252101 0.416667
vt 0.235294 0.416667
vt 0.226891 0.416667
vt 0.226891 0.333333
vt 0.226891 0.250000
vt 0.226891 0.500000
vt 0.235294 0.500000
vt 0.226891 0.583333
vt 0.226891 0.666667
vt 0.218487 0.583333
vt 0.218487 0.500000
vt 0.218487 0.666667
vt 0.210084 0.666667
vt 0.210084 0.583333
vt 0.210084 0.500000
vt 0.218487 0.750000
vt 0.226891 0.750000
vt 0.210084 0.750000
vt 0.201681 0.750000
vt 0.201681 0.666667
vt 0.201681 0.583333
vt 0.201681 0.833333
vt 0.210084 0.833333
vt 0.218487 0.833333
vt 0.201681 0.916667
vt 0.210084 0.916667
vt 0.218487 0.916667
vt 0.226891 0.833333
vt 0.226891 0.916667
vt 0.218487 1.000000
vt 0.226891 1.000000
vt 0.235294 1.000000
vt 0.243697 1.000000
vt 0.235294 0.083333
vt 0.243697 0.083333
vt 0.243697 0.000000
vt 0.235294 0.000000
vt 0.226891 0.083333
vt 0.226891 0.000000
vt 0.226891 0.166667
vt 0.218487 0.166667
vt 0.218487 0.083333
vt 0.218487 0.000000
vt 0.218487 0.250000
vt 0.218487 0.333333
vt 0.210084 0.250000
vt 0.210084 0.166667
vt 0.210084 0.333333
vt 0.201681 0.333333
vt 0.201681 0.250000
vt 0.201681 0.166667
vt 0.210084 0.416667
vt 0.218487 0.416667
vt 0.201681 0.416667
vt 0.193277 0.416667
vt 0.193277 0.333333
vt 0.193277 0.250000
vt 0.193277 0.500000
vt 0.201681 0.500000
vt 0.193277 0.583333
vt 0.193277 0.666667
vt 0.184874 0.583333
vt 0.184874 0.500000
vt 0.184874 0.666667
vt 0.176471 0.666667
vt 0.176471 0.583333
vt 0.176471 0.500000
vt 0.184874 0.750000
vt 0.193277 0.750000
vt 0.176471 0.750000
vt 0.168067 0.750000
vt 0.168067 0.666667
vt 0.168067 0.583333
vt 0.168067 0.833333
vt 0.176471 0.833333
vt 0.184874 0.833333
vt 0.168067 0.916667
vt 0.176471 0.916667
vt 0.184874 0.916667
vt 0.193277 0.833333
vt 0.193277 0.916667
vt 0.184874 1.000000
vt 0.193277 1.000000
vt 0.201681 1.000000
vt 0.210084 1.000000
vt 0.201681 0.083333
vt 0.210084 0.083333
vt 0.210084 0.000000
vt 0.201681 0.000000
vt 0.193277 0.083333
vt 0.193277 0.000000
vt 0.193277 0.166667
vt 0.184874 0.166667
vt 0.184874 0.083333
vt 0.184874 0.000000
vt 0.184874 0.250000
vt 0.184874 0.333333
vt 0.176471 0.250000
vt 0.176471 0.166667
vt 0.176471 0.333333
vt 0.168067 0.333333
vt 0.168067 0.250000
vt 0.168067 0.166667
vt 0.176471 0.416667
vt 0.184874 0.416667
vt 0.168067 0.416667
vt 0.159664 0.416667
vt 0.159664 0.333333
vt 0.159664 0.250000
vt 0.159664 0.500000
vt 0.168067 0.500000
vt 0.159664 0.583333
vt 0.159664 0.666667
vt 0.151261 0.583333
vt 0.151261 0.500000
vt 0.151261 0.666667
vt 0.142857 0.666667
vt 0.142857 0.583333
vt 0.142857 0.500000
vt 0.151261 0.750000
vt 0.159664 0.750000
vt 0.142857 0.750000
vt 0.134454 0.750000
vt 0.134454 0.666667
vt 0.134454 0.583333
vt 0.134454 0.833333
vt 0.142857 0.833333
vt 0.151261 0.833333
vt 0.134454 0.916667
vt 0.142857 0.916667
vt 0.151261 0.916667
vt 0.159664 0.833333
vt 0.159664 0.916667
vt 0.151261 1.000000
vt 0.159664 1.000000
vt 0.168067 1.000000
vt 0.176471 1.000000
vt 0.168067 0.083333
vt 0.176471 0.083333
vt 0.176471 0.000000
vt 0.168067 0.000000
vt 0.159664 0.083333
vt 0.159664 0.000000
vt 0.159664 0.166667
vt 0.151261 0.166667
vt 0.151261 0.083333
vt 0.151261 0.000000
vt 0.151261 0.250000
vt 0.151261 0.333333
vt 0.142857 0.250000
vt 0.142857 0.166667
vt 0.142857 0.333333
vt 0.134454 0.333333
vt 0.134454 0.250000
vt 0.134454 0.166667
vt 0.142857 0.416667
vt 0.151261 0.416667
vt 0.134454 0.416667
vt 0.126050 0.416667
vt 0.126050 0.333333
vt 0.126050 0.250000
vt 0.126050 0.500000
vt 0.134454 0.500000
vt 0.126050 0.583333
vt 0.126050 0.666667
vt 0.117647 0.583333
vt 0.117647 0.500000
vt 0.117647 0.666667
vt 0.109244 0.666667
vt 0.109244 0.583333
vt 0.109244 0.500000
vt 0.117647 0.750000
vt 0.126050 0.750000
vt 0.109244 0.750000
vt 0.100840 0.750000
vt 0.100840 0.666667
vt 0.100840 0.583333
vt 0.100840 0.833333
vt 0.109244 0.833333
vt 0.117647 0.833333
vt 0.100840 0.916667
vt 0.109244 0.916667
vt 0.117647 0.916667
vt 0.126050 0.833333
vt 0.126050 0.916667
vt 0.117647 1.000000
vt 0.126050 1.000000
vt 0.134454 1.000000
vt 0.142857 1.000000
vt 0.134454 0.083333
vt 0.142857 0.083333
vt 0.142857 0.000000
vt 0.134454 0.000000
vt 0.126050 0.083333
vt 0.126050 0.000000
vt 0.126050 0.166667
vt 0.117647 0.166667
vt 0.117647 0.083333
vt 0.117647 0.000000
vt 0.117647 0.250000
vt 0.117647 0.333333
vt 0.109244 0.250000
vt 0.109244 0.166667
vt 0.109244 0.333333
vt 0.100840 0.333333
vt 0.100840 0.250000
vt 0.100840 0.166667
vt 0.109244 0.416667
vt 0.117647 0.416667
vt 0.100840 0.416667
vt 0.092437 0.416667
vt 0.092437 0.333333
vt 0.092437 0.250000
vt 0.092437 0.500000
vt 0.100840 0.500000
vt 0.092437 0.583333
vt 0.092437 0.666667
vt 0.084034 0.583333
vt 0.084034 0.500000
vt 0.084034 0.666667
vt 0.075630 0.666667
vt 0.075630 0.583333
vt 0.075630 0.500000
vt 0.084034 0.750000
vt 0.092437 0.750000
vt 0.075630 0.750000
vt 0.067227 0.750000
vt 0.067227 0.666667
vt 0.067227 0.583333
vt 0.067227 0.833333
vt 0.075630 0.833333
vt 0.084034 0.833333
vt 0.067227 0.916667
vt 0.075630 0.916667
vt 0.084034 0.916667
vt 0.092437 0.833333
vt 0.092437 0.916667
vt 0.084034 1.000000
vt 0.092437 1.000000
vt 0.100840 1.000000
vt 0.109244 1.000000
vt 0.100840 0.083333
vt 0.109244 0.083333
vt 0.109244 0.000000
vt 0.100840 0.000000
vt 0.092437 0.083333
vt 0.092437 0.000000
vt 0.092437 0.166667
vt 0.084034 0.166667
vt 0.084034 0.083333
vt 0.084034 0.000000
vt 0.084034 0.250000
vt 0.084034 0.333333
vt 0.075630 0.250000
vt 0.075630 0.166667
vt 0.075630 0.333333
vt 0.067227 0.333333
vt 0.067227 0.250000
vt 0.067227 0.166667
vt 0.075630 0.416667
vt 0.084034 0.416667
vt 0.067227 0.416667
vt 0.058824 0.416667
vt 0.058824 0.333333
vt 0.058824 0.250000
vt 0.058824 0.500000
vt 0.067227 0.500000
vt 0.058824 0.583333
vt 0.058824 0.666667
vt 0.050420 0.583333
vt 0.050420 0.500000
vt 0.050420 0.666667
vt 0.042017 0.666667
vt 0.042017 0.583333
vt 0.042017 0.500000
vt 0.050420 0.750000
vt 0.058824 0.750000
vt 0.042017 0.750000
vt 0.033613 0.750000
vt 0.033613 0.666667
vt 0.033613 0.583333
vt 0.033613 0.833333
vt 0.042017 0.833333
vt 0.050420 0.833333
vt 0.033613 0.916667
vt 0.042017 0.916667
vt 0.050420 0.916667
vt 0.058824 0.833333
vt 0.058824 0.916667
vt 0.050420 1.000000
vt 0.058824 1.000000
vt 0.067227 1.000000
vt 0.075630 1.000000
vt 0.067227 0.083333
vt 0.075630 0.083333
vt 0.075630 0.000000
vt 0.067227 0.000000
vt 0.058824 0.083333
vt 0.058824 0.000000
vt 0.058824 0.166667
vt 0.050420 0.166667
vt 0.050420 0.083333
vt 0.050420 0.000000
vt 0.050420 0.250000
vt 0.050420 0.333333
vt 0.042017 0.250000
vt 0.042017 0.166667
vt 0.042017 0.333333
vt 0.033613 0.333333
vt 0.033613 0.250000
vt 0.033613 0.166667
vt 0.042017 0.416667
vt 0.050420 0.416667
vt 0.033613 0.416667
vt 0.025210 0.416667
vt 0.025210 0.333333
vt 0.025210 0.250000
vt 0.025210 0.500000
vt 0.033613 0.500000
vt 0.025210 0.583333
vt 0.025210 0.666667
vt 0.016807 0.583333
vt 0.016807 0.500000
vt 0.016807 0.666667
vt 0.008403 0.666667
vt 0.008403 0.583333
vt 0.008403 0.500000
vt 0.016807 0.750000
vt 0.025210 0.750000
vt 0.008403 0.750000
vt 0.000000 0.666667
vt 0.000000 0.583333
vt 0.000000 0.750000
vt 0.000000 0.833333
vt 0.008403 0.833333
vt 0.000000 0.916667
vt 0.008403 0.916667
vt 0.016807 0.833333
vt 0.016807 0.916667
vt 0.025210 0.833333
vt 0.025210 0.916667
vt 0.016807 1.000000
vt 0.025210 1.000000
vt 0.033613 1.000000
vt 0.042017 1.000000
vt 0.033613 0.083333
vt 0.042017 0.083333
vt 0.042017 0.000000
vt 0.033613 0.000000
vt 0.025210 0.083333
vt 0.025210 0.000000
vt 0.025210 0.166667
vt 0.016807 0.166667
vt 0.016807 0.083333
vt 0.016807 0.000000
vt 0.016807 0.250000
vt 0.016807 0.333333
vt 0.008403 0.250000
vt 0.008403 0.166667
vt 0.008403 0.333333
vt 0.000000 0.250000
vt 0.000000 0.166667
vt 0.000000 0.333333
vt 0.000000 0.416667
vt 0.008403 0.416667
vt 0.000000 1.000000
vt 0.008403 1.000000
vt 0.000000 0.083333
vt 0.008403 0.083333
vt 0.008403 0.000000
vt 0.000000 0.500000
vt 0.016807 0.416667
s 1
usemtl Material.002
f 4/1/4 1/2/1 2/3/2
f 2/3/2 1/2/1 3/4/3
f 8/5/8 3/6/3 1/7/1 6/8/6
f 4/1/4 5/7/5 1/2/1
f 6/9/6 1/10/1 5/11/5 7/12/7
f 9/13/9 6/9/6 7/12/7 11/14/11
f 12/15/12 8/5/8 6/8/6 9/16/9
f 13/17/13 12/15/12 9/16/9 10/18/10
f 10/19/10 9/13/9 11/14/11 43/20/43
f 15/21/15 14/22/14 12/15/12 13/17/13
f 14/22/14 17/23/17 8/5/8 12/15/12
f 58/24/58 16/25/16 14/22/14 15/21/15
f 16/25/16 18/26/18 17/23/17 14/22/14
f 17/23/17 19/27/19 3/6/3 8/5/8
f 18/26/18 20/28/20 19/27/19 17/23/17
f 20/29/20 3/4/3 19/30/19
f 2/3/2 3/4/3 20/29/20
f 21/31/21 2/32/2 20/28/20 18/26/18
f 22/33/22 21/31/21 18/26/18 16/25/16
f 24/34/24 23/35/23 21/31/21 22/33/22
f 23/35/23 4/36/4 2/32/2 21/31/21
f 26/37/26 25/38/25 23/35/23 24/34/24
f 25/38/25 28/39/28 4/36/4 23/35/23
f 37/40/37 27/41/27 25/38/25 26/37/26
f 27/41/27 30/42/30 28/39/28 25/38/25
f 28/43/28 5/7/5 4/1/4
f 28/43/28 29/44/29 5/7/5
f 30/45/30 29/44/29 28/43/28
f 30/45/30 31/46/31 29/44/29
f 32/47/32 31/46/31 30/45/30
f 33/48/33 32/49/32 30/42/30 27/41/27
f 34/50/34 31/51/31 32/49/32 33/48/33
f 38/52/38 34/50/34 33/48/33 35/53/35
f 35/53/35 33/48/33 27/41/27 37/40/37
f 39/54/39 38/52/38 35/53/35 36/55/36
f 36/55/36 35/53/35 37/40/37 64/56/64
f 41/57/41 40/58/40 38/52/38 39/54/39
f 40/58/40 42/59/42 34/50/34 38/52/38
f 43/20/43 11/14/11 40/58/40 41/57/41
f 11/14/11 7/12/7 42/59/42 40/58/40
f 42/59/42 29/60/29 31/51/31 34/50/34
f 7/12/7 5/11/5 29/60/29 42/59/42
f 44/61/44 41/57/41 39/54/39 46/62/46
f 47/63/47 43/20/43 41/57/41 44/61/44
f 48/64/48 47/63/47 44/61/44 45/65/45
f 45/65/45 44/61/44 46/62/46 71/66/71
f 50/67/50 49/68/49 47/63/47 48/64/48
f 49/68/49 10/19/10 43/20/43 47/63/47
f 52/69/52 51/70/51 49/71/49 50/72/50
f 51/70/51 13/17/13 10/18/10 49/71/49
f 54/73/54 53/74/53 51/70/51 52/69/52
f 53/74/53 15/21/15 13/17/13 51/70/51
f 56/75/56 55/76/55 53/74/53 54/73/54
f 55/76/55 58/24/58 15/21/15 53/74/53
f 90/77/90 57/78/57 55/76/55 56/75/56
f 57/78/57 59/79/59 58/24/58 55/76/55
f 59/79/59 22/33/22 16/25/16 58/24/58
f 61/80/61 60/81/60 59/79/59 57/78/57
f 60/81/60 24/34/24 22/33/22 59/79/59
f 63/82/63 62/83/62 60/81/60 61/80/61
f 62/83/62 26/37/26 24/34/24 60/81/60
f 65/84/65 64/56/64 62/83/62 63/82/63
f 64/56/64 37/40/37 26/37/26 62/83/62
f 66/85/66 36/55/36 64/56/64 65/84/65
f 67/86/67 65/84/65 63/82/63 69/87/69
f 70/88/70 66/85/66 65/84/65 67/86/67
f 72/89/72 70/88/70 67/86/67 68/90/68
f 68/90/68 67/86/67 69/87/69 98/91/98
f 71/66/71 46/62/46 66/85/66 70/88/70
f 74/92/74 71/66/71 70/88/70 72/89/72
f 75/93/75 74/92/74 72/89/72 73/94/73
f 73/94/73 72/89/72 68/90/68 97/95/97
f 77/96/77 76/97/76 74/92/74 75/93/75
f 76/97/76 45/65/45 71/66/71 74/92/74
f 79/98/79 78/99/78 76/97/76 77/96/77
f 78/99/78 48/64/48 45/65/45 76/97/76
f 81/100/81 80/101/80 78/99/78 79/98/79
f 80/101/80 50/67/50 48/64/48 78/99/78
f 83/102/83 82/103/82 80/104/80 81/105/81
f 82/103/82 52/69/52 50/72/50 80/104/80
f 85/106/85 84/107/84 82/103/82 83/102/83
f 84/107/84 54/73/54 52/69/52 82/103/82
f 87/108/87 86/109/86 84/107/84 85/106/85
f 86/109/86 56/75/56 54/73/54 84/107/84
f 91/110/91 88/111/88 86/109/86 87/108/87
f 88/111/88 90/77/90 56/75/56 86/109/86
f 89/112/89 1440/113/1435 90/77/90 88/111/88
f 93/114/93 89/112/89 88/111/88 91/110/91
f 94/115/94 93/114/93 91/110/91 92/116/92
f 92/116/92 91/110/91 87/108/87 124/117/124
f 96/118/96 95/119/95 93/114/93 94/115/94
f 95/119/95 98/91/98 89/112/89 93/114/93
f 99/120/99 97/95/97 95/119/95 96/118/96
f 97/95/97 68/90/68 98/91/98 95/119/95
f 98/91/98 69/87/69 1440/113/1435 89/112/89
f 100/121/100 73/94/73 97/95/97 99/120/99
f 101/122/101 99/120/99 96/118/96 103/123/103
f 104/124/104 100/121/100 99/120/99 101/122/101
f 106/125/106 104/124/104 101/122/101 102/126/102
f 102/126/102 101/122/101 103/123/103 139/127/139
f 105/128/105 116/129/116 100/121/100 104/124/104
f 108/130/108 105/128/105 104/124/104 106/125/106
f 109/131/109 108/130/108 106/125/106 107/132/107
f 107/132/107 106/125/106 102/126/102 138/133/138
f 111/134/111 110/135/110 108/130/108 109/131/109
f 110/135/110 113/136/113 105/128/105 108/130/108
f 160/137/160 112/138/112 110/135/110 111/134/111
f 112/138/112 114/139/114 113/136/113 110/135/110
f 113/136/113 115/140/115 116/129/116 105/128/105
f 114/139/114 117/141/117 115/140/115 113/136/113
f 115/140/115 77/96/77 75/93/75 116/129/116
f 117/141/117 79/98/79 77/96/77 115/140/115
f 119/142/119 118/143/118 117/141/117 114/139/114
f 118/143/118 81/100/81 79/98/79 117/141/117
f 121/144/121 120/145/120 118/146/118 119/147/119
f 120/145/120 83/102/83 81/105/81 118/146/118
f 123/148/123 122/149/122 120/145/120 121/144/121
f 122/149/122 85/106/85 83/102/83 120/145/120
f 125/150/125 124/117/124 122/149/122 123/148/123
f 124/117/124 87/108/87 85/106/85 122/149/122
f 126/151/126 92/116/92 124/117/124 125/150/125
f 127/152/127 125/150/125 123/148/123 129/153/129
f 130/154/130 126/151/126 125/150/125 127/152/127
f 132/155/132 130/154/130 127/152/127 128/156/128
f 128/156/128 127/152/127 129/153/129 165/157/165
f 131/158/131 1439/159/1434 126/151/126 130/154/130
f 134/160/134 131/158/131 130/154/130 132/155/132
f 135/161/135 134/160/134 132/155/132 133/162/133
f 133/162/133 132/155/132 128/156/128 170/163/170
f 137/164/137 136/165/136 134/160/134 135/161/135
f 136/165/136 139/127/139 131/158/131 134/160/134
f 140/166/140 138/133/138 136/165/136 137/164/137
f 138/133/138 102/126/102 139/127/139 136/165/136
f 139/127/139 103/123/103 1439/159/1434 131/158/131
f 141/167/141 107/132/107 138/133/138 140/166/140
f 142/168/142 140/166/140 137/164/137 144/169/144
f 145/170/145 141/167/141 140/166/140 142/168/142
f 147/171/147 145/170/145 142/168/142 143/172/143
f 143/172/143 142/168/142 144/169/144 185/173/185
f 146/174/146 157/175/157 141/167/141 145/170/145
f 149/176/149 146/174/146 145/170/145 147/171/147
f 150/177/150 149/176/149 147/171/147 148/178/148
f 148/178/148 147/171/147 143/172/143 184/179/184
f 152/180/152 151/181/151 149/176/149 150/177/150
f 151/181/151 154/182/154 146/174/146 149/176/149
f 206/183/206 153/184/153 151/181/151 152/180/152
f 153/184/153 155/185/155 154/182/154 151/181/151
f 154/182/154 156/186/156 157/175/157 146/174/146
f 155/185/155 158/187/158 156/186/156 154/182/154
f 156/186/156 111/134/111 109/131/109 157/175/157
f 158/187/158 160/137/160 111/134/111 156/186/156
f 211/188/211 159/189/159 158/187/158 155/185/155
f 159/189/159 161/190/161 160/137/160 158/187/158
f 161/190/161 163/191/163 112/138/112 160/137/160
f 162/192/162 164/193/164 163/194/163 161/195/161
f 166/196/166 162/192/162 161/195/161 159/197/159
f 163/191/163 119/142/119 114/139/114 112/138/112
f 164/193/164 121/144/121 119/147/119 163/194/163
f 165/157/165 129/153/129 164/193/164 162/192/162
f 129/153/129 123/148/123 121/144/121 164/193/164
f 168/198/168 165/157/165 162/192/162 166/196/166
f 169/199/169 168/198/168 166/196/166 167/200/167
f 167/200/167 166/196/166 159/197/159 211/201/211
f 171/202/171 170/163/170 168/198/168 169/199/169
f 170/163/170 128/156/128 165/157/165 168/198/168
f 172/203/172 133/162/133 170/163/170 171/202/171
f 173/204/173 171/202/171 169/199/169 175/205/175
f 176/206/176 172/203/172 171/202/171 173/204/173
f 178/207/178 176/206/176 173/204/173 174/208/174
f 174/208/174 173/204/173 175/205/175 212/209/212
f 177/210/177 1438/211/1433 172/203/172 176/206/176
f 180/212/180 177/210/177 176/206/176 178/207/178
f 181/213/181 180/212/180 178/207/178 179/214/179
f 179/214/179 178/207/178 174/208/174 217/215/217
f 183/216/183 182/217/182 180/212/180 181/213/181
f 182/217/182 185/173/185 177/210/177 180/212/180
f 186/218/186 184/179/184 182/217/182 183/216/183
f 184/179/184 143/172/143 185/173/185 182/217/182
f 185/173/185 144/169/144 1438/211/1433 177/210/177
f 187/219/187 148/178/148 184/179/184 186/218/186
f 188/220/188 186/218/186 183/216/183 190/221/190
f 191/222/191 187/219/187 186/218/186 188/220/188
f 193/223/193 191/222/191 188/220/188 189/224/189
f 189/224/189 188/220/188 190/221/190 232/225/232
f 192/226/192 203/227/203 187/219/187 191/222/191
f 195/228/195 192/226/192 191/222/191 193/223/193
f 196/229/196 195/228/195 193/223/193 194/230/194
f 194/230/194 193/223/193 189/224/189 231/231/231
f 198/232/198 197/233/197 195/228/195 196/229/196
f 197/233/197 200/234/200 192/226/192 195/228/195
f 253/235/253 199/236/199 197/233/197 198/232/198
f 199/236/199 201/237/201 200/234/200 197/233/197
f 200/234/200 202/238/202 203/227/203 192/226/192
f 201/237/201 204/239/204 202/238/202 200/234/200
f 202/238/202 152/180/152 150/177/150 203/227/203
f 204/239/204 206/183/206 152/180/152 202/238/202
f 258/240/258 205/241/205 204/239/204 201/237/201
f 205/241/205 207/242/207 206/183/206 204/239/204
f 207/242/207 209/243/209 153/184/153 206/183/206
f 208/244/208 210/245/210 209/246/209 207/247/207
f 213/248/213 208/244/208 207/247/207 205/249/205
f 209/243/209 211/188/211 155/185/155 153/184/153
f 210/245/210 167/200/167 211/201/211 209/246/209
f 212/209/212 175/205/175 210/245/210 208/244/208
f 175/205/175 169/199/169 167/200/167 210/245/210
f 215/250/215 212/209/212 208/244/208 213/248/213
f 216/251/216 215/250/215 213/248/213 214/252/214
f 214/252/214 213/248/213 205/249/205 258/253/258
f 218/254/218 217/215/217 215/250/215 216/251/216
f 217/215/217 174/208/174 212/209/212 215/250/215
f 219/255/219 179/214/179 217/215/217 218/254/218
f 220/256/220 218/254/218 216/251/216 222/257/222
f 223/258/223 219/255/219 218/254/218 220/256/220
f 225/259/225 223/258/223 220/256/220 221/260/221
f 221/260/221 220/256/220 222/257/222 259/261/259
f 224/262/224 1437/263/1432 219/255/219 223/258/223
f 227/264/227 224/262/224 223/258/223 225/259/225
f 228/265/228 227/264/227 225/259/225 226/266/226
f 226/266/226 225/259/225 221/260/221 264/267/264
f 230/268/230 229/269/229 227/264/227 228/265/228
f 229/269/229 232/225/232 224/262/224 227/264/227
f 233/270/233 231/231/231 229/269/229 230/268/230
f 231/231/231 189/224/189 232/225/232 229/269/229
f 232/225/232 190/221/190 1437/263/1432 224/262/224
f 234/271/234 194/230/194 231/231/231 233/270/233
f 235/272/235 233/270/233 230/268/230 237/273/237
f 238/274/238 234/271/234 233/270/233 235/272/235
f 240/275/240 238/274/238 235/272/235 236/276/236
f 236/276/236 235/272/235 237/273/237 279/277/279
f 239/278/239 250/279/250 234/271/234 238/274/238
f 242/280/242 239/278/239 238/274/238 240/275/240
f 243/281/243 242/280/242 240/275/240 241/282/241
f 241/282/241 240/275/240 236/276/236 278/283/278
f 245/284/245 244/285/244 242/280/242 243/281/243
f 244/285/244 247/286/247 239/278/239 242/280/242
f 300/287/300 246/288/246 244/285/244 245/284/245
f 246/288/246 248/289/248 247/286/247 244/285/244
f 247/286/247 249/290/249 250/279/250 239/278/239
f 248/289/248 251/291/251 249/290/249 247/286/247
f 249/290/249 198/232/198 196/229/196 250/279/250
f 251/291/251 253/235/253 198/232/198 249/290/249
f 305/292/305 252/293/252 251/291/251 248/289/248
f 252/293/252 254/294/254 253/235/253 251/291/251
f 254/294/254 256/295/256 199/236/199 253/235/253
f 255/296/255 257/297/257 256/298/256 254/299/254
f 260/300/260 255/296/255 254/299/254 252/301/252
f 256/295/256 258/240/258 201/237/201 199/236/199
f 257/297/257 214/252/214 258/253/258 256/298/256
f 259/261/259 222/257/222 257/297/257 255/296/255
f 222/257/222 216/251/216 214/252/214 257/297/257
f 262/302/262 259/261/259 255/296/255 260/300/260
f 263/303/263 262/302/262 260/300/260 261/304/261
f 261/304/261 260/300/260 252/301/252 305/305/305
f 265/306/265 264/267/264 262/302/262 263/303/263
f 264/267/264 221/260/221 259/261/259 262/302/262
f 266/307/266 226/266/226 264/267/264 265/306/265
f 267/308/267 265/306/265 263/303/263 269/309/269
f 270/310/270 266/307/266 265/306/265 267/308/267
f 272/311/272 270/310/270 267/308/267 268/312/268
f 268/312/268 267/308/267 269/309/269 306/313/306
f 271/314/271 1436/315/1431 266/307/266 270/310/270
f 274/316/274 271/314/271 270/310/270 272/311/272
f 275/317/275 274/316/274 272/311/272 273/318/273
f 273/318/273 272/311/272 268/312/268 311/319/311
f 277/320/277 276/321/276 274/316/274 275/317/275
f 276/321/276 279/277/279 271/314/271 274/316/274
f 280/322/280 278/283/278 276/321/276 277/320/277
f 278/283/278 236/276/236 279/277/279 276/321/276
f 279/277/279 237/273/237 1436/315/1431 271/314/271
f 281/323/281 241/282/241 278/283/278 280/322/280
f 282/324/282 280/322/280 277/320/277 284/325/284
f 285/326/285 281/323/281 280/322/280 282/324/282
f 287/327/287 285/326/285 282/324/282 283/328/283
f 283/328/283 282/324/282 284/325/284 326/329/326
f 286/330/286 297/331/297 281/323/281 285/326/285
f 289/332/289 286/330/286 285/326/285 287/327/287
f 290/333/290 289/332/289 287/327/287 288/334/288
f 288/334/288 287/327/287 283/328/283 325/335/325
f 292/336/292 291/337/291 289/332/289 290/333/290
f 291/337/291 294/338/294 286/330/286 289/332/289
f 347/339/347 293/340/293 291/337/291 292/336/292
f 293/340/293 295/341/295 294/338/294 291/337/291
f 294/338/294 296/342/296 297/331/297 286/330/286
f 295/341/295 298/343/298 296/342/296 294/338/294
f 296/342/296 245/284/245 243/281/243 297/331/297
f 298/343/298 300/287/300 245/284/245 296/342/296
f 352/344/352 299/345/299 298/343/298 295/341/295
f 299/345/299 301/346/301 300/287/300 298/343/298
f 301/346/301 303/347/303 246/288/246 300/287/300
f 302/348/302 304/349/304 303/350/303 301/351/301
f 307/352/307 302/348/302 301/351/301 299/353/299
f 303/347/303 305/292/305 248/289/248 246/288/246
f 304/349/304 261/304/261 305/305/305 303/350/303
f 306/313/306 269/309/269 304/349/304 302/348/302
f 269/309/269 263/303/263 261/304/261 304/349/304
f 309/354/309 306/313/306 302/348/302 307/352/307
f 310/355/310 309/354/309 307/352/307 308/356/308
f 308/356/308 307/352/307 299/353/299 352/357/352
f 312/358/312 311/319/311 309/354/309 310/355/310
f 311/319/311 268/312/268 306/313/306 309/354/309
f 313/359/313 273/318/273 311/319/311 312/358/312
f 314/360/314 312/358/312 310/355/310 316/361/316
f 317/362/317 313/359/313 312/358/312 314/360/314
f 319/363/319 317/362/317 314/360/314 315/364/315
f 315/364/315 314/360/314 316/361/316 353/365/353
f 318/366/318 1435/367/1430 313/359/313 317/362/317
f 321/368/321 318/366/318 317/362/317 319/363/319
f 322/369/322 321/368/321 319/363/319 320/370/320
f 320/370/320 319/363/319 315/364/315 358/371/358
f 324/372/324 323/373/323 321/368/321 322/369/322
f 323/373/323 326/329/326 318/366/318 321/368/321
f 327/374/327 325/335/325 323/373/323 324/372/324
f 325/335/325 283/328/283 326/329/326 323/373/323
f 326/329/326 284/325/284 1435/367/1430 318/366/318
f 328/375/328 288/334/288 325/335/325 327/374/327
f 329/376/329 327/374/327 324/372/324 331/377/331
f 332/378/332 328/375/328 327/374/327 329/376/329
f 334/379/334 332/378/332 329/376/329 330/380/330
f 330/380/330 329/376/329 331/377/331 373/381/373
f 333/382/333 344/383/344 328/375/328 332/378/332
f 336/384/336 333/382/333 332/378/332 334/379/334
f 337/385/337 336/384/336 334/379/334 335/386/335
f 335/386/335 334/379/334 330/380/330 372/387/372
f 339/388/339 338/389/338 336/384/336 337/385/337
f 338/389/338 341/390/341 333/382/333 336/384/336
f 394/391/394 340/392/340 338/389/338 339/388/339
f 340/392/340 342/393/342 341/390/341 338/389/338
f 341/390/341 343/394/343 344/383/344 333/382/333
f 342/393/342 345/395/345 343/394/343 341/390/341
f 343/394/343 292/336/292 290/333/290 344/383/344
f 345/395/345 347/339/347 292/336/292 343/394/343
f 399/396/399 346/397/346 345/395/345 342/393/342
f 346/397/346 348/398/348 347/339/347 345/395/345
f 348/398/348 350/399/350 293/340/293 347/339/347
f 349/400/349 351/401/351 350/402/350 348/403/348
f 354/404/354 349/400/349 348/403/348 346/405/346
f 350/399/350 352/344/352 295/341/295 293/340/293
f 351/401/351 308/356/308 352/357/352 350/402/350
f 353/365/353 316/361/316 351/401/351 349/400/349
f 316/361/316 310/355/310 308/356/308 351/401/351
f 356/406/356 353/365/353 349/400/349 354/404/354
f 357/407/357 356/406/356 354/404/354 355/408/355
f 355/408/355 354/404/354 346/405/346 399/409/399
f 359/410/359 358/371/358 356/406/356 357/407/357
f 358/371/358 315/364/315 353/365/353 356/406/356
f 360/411/360 320/370/320 358/371/358 359/410/359
f 361/412/361 359/410/359 357/407/357 363/413/363
f 364/414/364 360/411/360 359/410/359 361/412/361
f 366/415/366 364/414/364 361/412/361 362/416/362
f 362/416/362 361/412/361 363/413/363 400/417/400
f 365/418/365 1434/419/1429 360/411/360 364/414/364
f 368/420/368 365/418/365 364/414/364 366/415/366
f 369/421/369 368/420/368 366/415/366 367/422/367
f 367/422/367 366/415/366 362/416/362 405/423/405
f 371/424/371 370/425/370 368/420/368 369/421/369
f 370/425/370 373/381/373 365/418/365 368/420/368
f 374/426/374 372/387/372 370/425/370 371/424/371
f 372/387/372 330/380/330 373/381/373 370/425/370
f 373/381/373 331/377/331 1434/419/1429 365/418/365
f 375/427/375 335/386/335 372/387/372 374/426/374
f 376/428/376 374/426/374 371/424/371 378/429/378
f 379/430/379 375/427/375 374/426/374 376/428/376
f 381/431/381 379/430/379 376/428/376 377/432/377
f 377/432/377 376/428/376 378/429/378 420/433/420
f 380/434/380 391/435/391 375/427/375 379/430/379
f 383/436/383 380/434/380 379/430/379 381/431/381
f 384/437/384 383/436/383 381/431/381 382/438/382
f 382/438/382 381/431/381 377/432/377 419/439/419
f 386/440/386 385/441/385 383/436/383 384/437/384
f 385/441/385 388/442/388 380/434/380 383/436/383
f 441/443/441 387/444/387 385/441/385 386/440/386
f 387/444/387 389/445/389 388/442/388 385/441/385
f 388/442/388 390/446/390 391/435/391 380/434/380
f 389/445/389 392/447/392 390/446/390 388/442/388
f 390/446/390 339/388/339 337/385/337 391/435/391
f 392/447/392 394/391/394 339/388/339 390/446/390
f 446/448/446 393/449/393 392/447/392 389/445/389
f 393/449/393 395/450/395 394/391/394 392/447/392
f 395/450/395 397/451/397 340/392/340 394/391/394
f 396/452/396 398/453/398 397/454/397 395/455/395
f 401/456/401 396/452/396 395/455/395 393/457/393
f 397/451/397 399/396/399 342/393/342 340/392/340
f 398/453/398 355/408/355 399/409/399 397/454/397
f 400/417/400 363/413/363 398/453/398 396/452/396
f 363/413/363 357/407/357 355/408/355 398/453/398
f 403/458/403 400/417/400 396/452/396 401/456/401
f 404/459/404 403/458/403 401/456/401 402/460/402
f 402/460/402 401/456/401 393/457/393 446/461/446
f 406/462/406 405/423/405 403/458/403 404/459/404
f 405/423/405 362/416/362 400/417/400 403/458/403
f 407/463/407 367/422/367 405/423/405 406/462/406
f 408/464/408 406/462/406 404/459/404 410/465/410
f 411/466/411 407/463/407 406/462/406 408/464/408
f 413/467/413 411/466/411 408/464/408 409/468/409
f 409/468/409 408/464/408 410/465/410 447/469/447
f 412/470/412 1433/471/1428 407/463/407 411/466/411
f 415/472/415 412/470/412 411/466/411 413/467/413
f 416/473/416 415/472/415 413/467/413 414/474/414
f 414/474/414 413/467/413 409/468/409 452/475/452
f 418/476/418 417/477/417 415/472/415 416/473/416
f 417/477/417 420/433/420 412/470/412 415/472/415
f 421/478/421 419/439/419 417/477/417 418/476/418
f 419/439/419 377/432/377 420/433/420 417/477/417
f 420/433/420 378/429/378 1433/471/1428 412/470/412
f 422/479/422 382/438/382 419/439/419 421/478/421
f 423/480/423 421/478/421 418/476/418 425/481/425
f 426/482/426 422/479/422 421/478/421 423/480/423
f 428/483/428 426/482/426 423/480/423 424/484/424
f 424/484/424 423/480/423 425/481/425 467/485/467
f 427/486/427 438/487/438 422/479/422 426/482/426
f 430/488/430 427/486/427 426/482/426 428/483/428
f 431/489/431 430/488/430 428/483/428 429/490/429
f 429/490/429 428/483/428 424/484/424 466/491/466
f 433/492/433 432/493/432 430/488/430 431/489/431
f 432/493/432 435/494/435 427/486/427 430/488/430
f 488/495/488 434/496/434 432/493/432 433/492/433
f 434/496/434 436/497/436 435/494/435 432/493/432
f 435/494/435 437/498/437 438/487/438 427/486/427
f 436/497/436 439/499/439 437/498/437 435/494/435
f 437/498/437 386/440/386 384/437/384 438/487/438
f 439/499/439 441/443/441 386/440/386 437/498/437
f 493/500/493 440/501/440 439/499/439 436/497/436
f 440/501/440 442/502/442 441/443/441 439/499/439
f 442/502/442 444/503/444 387/444/387 441/443/441
f 443/504/443 445/505/445 444/506/444 442/507/442
f 448/508/448 443/504/443 442/507/442 440/509/440
f 444/503/444 446/448/446 389/445/389 387/444/387
f 445/505/445 402/460/402 446/461/446 444/506/444
f 447/469/447 410/465/410 445/505/445 443/504/443
f 410/465/410 404/459/404 402/460/402 445/505/445
f 450/510/450 447/469/447 443/504/443 448/508/448
f 451/511/451 450/510/450 448/508/448 449/512/449
f 449/512/449 448/508/448 440/509/440 493/513/493
f 453/514/453 452/475/452 450/510/450 451/511/451
f 452/475/452 409/468/409 447/469/447 450/510/450
f 454/515/454 414/474/414 452/475/452 453/514/453
f 455/516/455 453/514/453 451/511/451 457/517/457
f 458/518/458 454/515/454 453/514/453 455/516/455
f 460/519/460 458/518/458 455/516/455 456/520/456
f 456/520/456 455/516/455 457/517/457 494/521/494
f 459/522/459 1432/523/1427 454/515/454 458/518/458
f 462/524/462 459/522/459 458/518/458 460/519/460
f 463/525/463 462/524/462 460/519/460 461/526/461
f 461/526/461 460/519/460 456/520/456 499/527/499
f 465/528/465 464/529/464 462/524/462 463/525/463
f 464/529/464 467/485/467 459/522/459 462/524/462
f 468/530/468 466/491/466 464/529/464 465/528/465
f 466/491/466 424/484/424 467/485/467 464/529/464
f 467/485/467 425/481/425 1432/523/1427 459/522/459
f 469/531/469 429/490/429 466/491/466 468/530/468
f 470/532/470 468/530/468 465/528/465 472/533/472
f 473/534/473 469/531/469 468/530/468 470/532/470
f 475/535/475 473/534/473 470/532/470 471/536/471
f 471/536/471 470/532/470 472/533/472 514/537/514
f 474/538/474 485/539/485 469/531/469 473/534/473
f 477/540/477 474/538/474 473/534/473 475/535/475
f 478/541/478 477/540/477 475/535/475 476/542/476
f 476/542/476 475/535/475 471/536/471 513/543/513
f 480/544/480 479/545/479 477/540/477 478/541/478
f 479/545/479 482/546/482 474/538/474 477/540/477
f 535/547/535 481/548/481 479/545/479 480/544/480
f 481/548/481 483/549/483 482/546/482 479/545/479
f 482/546/482 484/550/484 485/539/485 474/538/474
f 483/549/483 486/551/486 484/550/484 482/546/482
f 484/550/484 433/492/433 431/489/431 485/539/485
f 486/551/486 488/495/488 433/492/433 484/550/484
f 540/552/540 487/553/487 486/551/486 483/549/483
f 487/553/487 489/554/489 488/495/488 486/551/486
f 489/554/489 491/555/491 434/496/434 488/495/488
f 490/556/490 492/557/492 491/558/491 489/559/489
f 495/560/495 490/556/490 489/559/489 487/561/487
f 491/555/491 493/500/493 436/497/436 434/496/434
f 492/557/492 449/512/449 493/513/493 491/558/491
f 494/521/494 457/517/457 492/557/492 490/556/490
f 457/517/457 451/511/451 449/512/449 492/557/492
f 497/562/497 494/521/494 490/556/490 495/560/495
f 498/563/498 497/562/497 495/560/495 496/564/496
f 496/564/496 495/560/495 487/561/487 540/565/540
f 500/566/500 499/527/499 497/562/497 498/563/498
f 499/527/499 456/520/456 494/521/494 497/562/497
f 501/567/501 461/526/461 499/527/499 500/566/500
f 502/568/502 500/566/500 498/563/498 504/569/504
f 505/570/505 501/567/501 500/566/500 502/568/502
f 507/571/507 505/570/505 502/568/502 503/572/503
f 503/572/503 502/568/502 504/569/504 541/573/541
f 506/574/506 1431/575/1426 501/567/501 505/570/505
f 509/576/509 506/574/506 505/570/505 507/571/507
f 510/577/510 509/576/509 507/571/507 508/578/508
f 508/578/508 507/571/507 503/572/503 546/579/546
f 512/580/512 511/581/511 509/576/509 510/577/510
f 511/581/511 514/537/514 506/574/506 509/576/509
f 515/582/515 513/543/513 511/581/511 512/580/512
f 513/543/513 471/536/471 514/537/514 511/581/511
f 514/537/514 472/533/472 1431/575/1426 506/574/506
f 516/583/516 476/542/476 513/543/513 515/582/515
f 517/584/517 515/582/515 512/580/512 519/585/519
f 520/586/520 516/583/516 515/582/515 517/584/517
f 522/587/522 520/586/520 517/584/517 518/588/518
f 518/588/518 517/584/517 519/585/519 561/589/561
f 521/590/521 532/591/532 516/583/516 520/586/520
f 524/592/524 521/590/521 520/586/520 522/587/522
f 525/593/525 524/592/524 522/587/522 523/594/523
f 523/594/523 522/587/522 518/588/518 560/595/560
f 527/596/527 526/597/526 524/592/524 525/593/525
f 526/597/526 529/598/529 521/590/521 524/592/524
f 582/599/582 528/600/528 526/597/526 527/596/527
f 528/600/528 530/601/530 529/598/529 526/597/526
f 529/598/529 531/602/531 532/591/532 521/590/521
f 530/601/530 533/603/533 531/602/531 529/598/529
f 531/602/531 480/544/480 478/541/478 532/591/532
f 533/603/533 535/547/535 480/544/480 531/602/531
f 587/604/587 534/605/534 533/603/533 530/601/530
f 534/605/534 536/606/536 535/547/535 533/603/533
f 536/606/536 538/607/538 481/548/481 535/547/535
f 537/608/537 539/609/539 538/610/538 536/611/536
f 542/612/542 537/608/537 536/611/536 534/613/534
f 538/607/538 540/552/540 483/549/483 481/548/481
f 539/609/539 496/564/496 540/565/540 538/610/538
f 541/573/541 504/569/504 539/609/539 537/608/537
f 504/569/504 498/563/498 496/564/496 539/609/539
f 544/614/544 541/573/541 537/608/537 542/612/542
f 545/615/545 544/614/544 542/612/542 543/616/543
f 543/616/543 542/612/542 534/613/534 587/617/587
f 547/618/547 546/579/546 544/614/544 545/615/545
f 546/579/546 503/572/503 541/573/541 544/614/544
f 548/619/548 508/578/508 546/579/546 547/618/547
f 549/620/549 547/618/547 545/615/545 551/621/551
f 552/622/552 548/619/548 547/618/547 549/620/549
f 554/623/554 552/622/552 549/620/549 550/624/550
f 550/624/550 549/620/549 551/621/551 588/625/588
f 553/626/553 1430/627/1425 548/619/548 552/622/552
f 556/628/556 553/626/553 552/622/552 554/623/554
f 557/629/557 556/628/556 554/623/554 555/630/555
f 555/630/555 554/623/554 550/624/550 593/631/593
f 559/632/559 558/633/558 556/628/556 557/629/557
f 558/633/558 561/589/561 553/626/553 556/628/556
f 562/634/562 560/595/560 558/633/558 559/632/559
f 560/595/560 518/588/518 561/589/561 558/633/558
f 561/589/561 519/585/519 1430/627/1425 553/626/553
f 563/635/563 523/594/523 560/595/560 562/634/562
f 564/636/564 562/634/562 559/632/559 566/637/566
f 567/638/567 563/635/563 562/634/562 564/636/564
f 569/639/569 567/638/567 564/636/564 565/640/565
f 565/640/565 564/636/564 566/637/566 608/641/608
f 568/642/568 579/643/579 563/635/563 567/638/567
f 571/644/571 568/642/568 567/638/567 569/639/569
f 572/645/572 571/644/571 569/639/569 570/646/570
f 570/646/570 569/639/569 565/640/565 607/647/607
f 574/648/574 573/649/573 571/644/571 572/645/572
f 573/649/573 576/650/576 568/642/568 571/644/571
f 629/651/628 575/652/575 573/649/573 574/648/574
f 575/652/575 577/653/577 576/650/576 573/649/573
f 576/650/576 578/654/578 579/643/579 568/642/568
f 577/653/577 580/655/580 578/654/578 576/650/576
f 578/654/578 527/596/527 525/593/525 579/643/579
f 580/655/580 582/599/582 527/596/527 578/654/578
f 634/656/633 581/657/581 580/655/580 577/653/577
f 581/657/581 583/658/583 582/599/582 580/655/580
f 583/658/583 585/659/585 528/600/528 582/599/582
f 584/660/584 586/661/586 585/662/585 583/663/583
f 589/664/589 584/660/584 583/663/583 581/665/581
f 585/659/585 587/604/587 530/601/530 528/600/528
f 586/661/586 543/616/543 587/617/587 585/662/585
f 588/625/588 551/621/551 586/661/586 584/660/584
f 551/621/551 545/615/545 543/616/543 586/661/586
f 591/666/591 588/625/588 584/660/584 589/664/589
f 592/667/592 591/666/591 589/664/589 590/668/590
f 590/668/590 589/664/589 581/665/581 634/669/633
f 594/670/594 593/631/593 591/666/591 592/667/592
f 593/631/593 550/624/550 588/625/588 591/666/591
f 595/671/595 555/630/555 593/631/593 594/670/594
f 596/672/596 594/670/594 592/667/592 598/673/598
f 599/674/599 595/671/595 594/670/594 596/672/596
f 601/675/601 599/674/599 596/672/596 597/676/597
f 597/676/597 596/672/596 598/673/598 635/677/634
f 600/678/600 1429/679/1424 595/671/595 599/674/599
f 603/680/603 600/678/600 599/674/599 601/675/601
f 604/681/604 603/680/603 601/675/601 602/682/602
f 602/682/602 601/675/601 597/676/597 640/683/639
f 606/684/606 605/685/605 603/680/603 604/681/604
f 605/685/605 608/641/608 600/678/600 603/680/603
f 609/686/609 607/647/607 605/685/605 606/684/606
f 607/647/607 565/640/565 608/641/608 605/685/605
f 608/641/608 566/637/566 1429/679/1424 600/678/600
f 610/687/610 570/646/570 607/647/607 609/686/609
f 611/688/611 609/686/609 606/684/606 613/689/613
f 614/690/614 610/687/610 609/686/609 611/688/611
f 616/691/616 614/690/614 611/688/611 612/692/612
f 612/692/612 611/688/611 613/689/613 655/693/654
f 615/694/615 626/695/625 610/687/610 614/690/614
f 618/696/618 615/694/615 614/690/614 616/691/616
f 619/697/619 618/696/618 616/691/616 617/698/617
f 617/698/617 616/691/616 612/692/612 654/699/653
f 621/700/621 620/701/620 618/696/618 619/697/619
f 620/701/620 623/702/623 615/694/615 618/696/618
f 676/703/674 622/704/622 620/701/620 621/700/621
f 622/704/622 624/705/622 623/702/623 620/701/620
f 623/702/623 625/706/624 626/695/625 615/694/615
f 624/705/622 627/707/626 625/706/624 623/702/623
f 625/706/624 574/648/574 572/645/572 626/695/625
f 627/707/626 629/651/628 574/648/574 625/706/624
f 681/708/679 628/709/627 627/707/626 624/705/622
f 628/709/627 630/710/629 629/651/628 627/707/626
f 630/710/629 632/711/631 575/652/575 629/651/628
f 631/712/630 633/713/632 632/714/631 630/715/629
f 636/716/635 631/712/630 630/715/629 628/717/627
f 632/711/631 634/656/633 577/653/577 575/652/575
f 633/713/632 590/668/590 634/669/633 632/714/631
f 635/677/634 598/673/598 633/713/632 631/712/630
f 598/673/598 592/667/592 590/668/590 633/713/632
f 638/718/637 635/677/634 631/712/630 636/716/635
f 639/719/638 638/718/637 636/716/635 637/720/636
f 637/720/636 636/716/635 628/717/627 681/721/679
f 641/722/640 640/683/639 638/718/637 639/719/638
f 640/683/639 597/676/597 635/677/634 638/718/637
f 642/723/641 602/682/602 640/683/639 641/722/640
f 643/724/642 641/722/640 639/719/638 645/725/644
f 646/726/645 642/723/641 641/722/640 643/724/642
f 648/727/647 646/726/645 643/724/642 644/728/643
f 644/728/643 643/724/642 645/725/644 682/729/680
f 647/730/646 1428/731/646 642/723/641 646/726/645
f 650/732/649 647/730/646 646/726/645 648/727/647
f 651/733/650 650/732/649 648/727/647 649/734/648
f 649/734/648 648/727/647 644/728/643 687/735/685
f 653/736/652 652/737/651 650/732/649 651/733/650
f 652/737/651 655/693/654 647/730/646 650/732/649
f 656/738/655 654/699/653 652/737/651 653/736/652
f 654/699/653 612/692/612 655/693/654 652/737/651
f 655/693/654 613/689/613 1428/731/646 647/730/646
f 657/739/656 617/698/617 654/699/653 656/738/655
f 658/740/657 656/738/655 653/736/652 660/741/659
f 661/742/660 657/739/656 656/738/655 658/740/657
f 663/743/662 661/742/660 658/740/657 659/744/658
f 659/744/658 658/740/657 660/741/659 702/745/700
f 662/746/661 673/747/671 657/739/656 661/742/660
f 665/748/664 662/746/661 661/742/660 663/743/662
f 666/749/665 665/748/664 663/743/662 664/750/663
f 664/750/663 663/743/662 659/744/658 701/751/699
f 668/752/667 667/753/666 665/748/664 666/749/665
f 667/753/666 670/754/669 662/746/661 665/748/664
f 723/755/721 669/756/668 667/753/666 668/752/667
f 669/756/668 671/757/668 670/754/669 667/753/666
f 670/754/669 672/758/670 673/747/671 662/746/661
f 671/757/668 674/759/672 672/758/670 670/754/669
f 672/758/670 621/700/621 619/697/619 673/747/671
f 674/759/672 676/703/674 621/700/621 672/758/670
f 728/760/726 675/761/673 674/759/672 671/757/668
f 675/761/673 677/762/675 676/703/674 674/759/672
f 677/762/675 679/763/677 622/704/622 676/703/674
f 678/764/676 680/765/678 679/766/677 677/767/675
f 683/768/681 678/764/676 677/767/675 675/769/673
f 679/763/677 681/708/679 624/705/622 622/704/622
f 680/765/678 637/720/636 681/721/679 679/766/677
f 682/729/680 645/725/644 680/765/678 678/764/676
f 645/725/644 639/719/638 637/720/636 680/765/678
f 685/770/683 682/729/680 678/764/676 683/768/681
f 686/771/684 685/770/683 683/768/681 684/772/682
f 684/772/682 683/768/681 675/769/673 728/773/726
f 688/774/686 687/735/685 685/770/683 686/771/684
f 687/735/685 644/728/643 682/729/680 685/770/683
f 689/775/687 649/734/648 687/735/685 688/774/686
f 690/776/688 688/774/686 686/771/684 692/777/690
f 693/778/691 689/775/687 688/774/686 690/776/688
f 695/779/693 693/778/691 690/776/688 691/780/689
f 691/780/689 690/776/688 692/777/690 729/781/727
f 694/782/692 1427/783/692 689/775/687 693/778/691
f 697/784/695 694/782/692 693/778/691 695/779/693
f 698/785/696 697/784/695 695/779/693 696/786/694
f 696/786/694 695/779/693 691/780/689 734/787/732
f 700/788/698 699/789/697 697/784/695 698/785/696
f 699/789/697 702/745/700 694/782/692 697/784/695
f 703/790/701 701/751/699 699/789/697 700/788/698
f 701/751/699 659/744/658 702/745/700 699/789/697
f 702/745/700 660/741/659 1427/783/692 694/782/692
f 704/791/702 664/750/663 701/751/699 703/790/701
f 705/792/703 703/790/701 700/788/698 707/793/705
f 708/794/706 704/791/702 703/790/701 705/792/703
f 710/795/708 708/794/706 705/792/703 706/796/704
f 706/796/704 705/792/703 707/793/705 749/797/747
f 709/798/707 720/799/718 704/791/702 708/794/706
f 712/800/710 709/798/707 708/794/706 710/795/708
f 713/801/711 712/800/710 710/795/708 711/802/709
f 711/802/709 710/795/708 706/796/704 748/803/746
f 715/804/713 714/805/712 712/800/710 713/801/711
f 714/805/712 717/806/715 709/798/707 712/800/710
f 770/807/768 716/808/714 714/805/712 715/804/713
f 716/808/714 718/809/716 717/806/715 714/805/712
f 717/806/715 719/810/717 720/799/718 709/798/707
f 718/809/716 721/811/719 719/810/717 717/806/715
f 719/810/717 668/752/667 666/749/665 720/799/718
f 721/811/719 723/755/721 668/752/667 719/810/717
f 775/812/773 722/813/720 721/811/719 718/809/716
f 722/813/720 724/814/722 723/755/721 721/811/719
f 724/814/722 726/815/724 669/756/668 723/755/721
f 725/816/723 727/817/725 726/818/724 724/819/722
f 730/820/728 725/816/723 724/819/722 722/821/720
f 726/815/724 728/760/726 671/757/668 669/756/668
f 727/817/725 684/772/682 728/773/726 726/818/724
f 729/781/727 692/777/690 727/817/725 725/816/723
f 692/777/690 686/771/684 684/772/682 727/817/725
f 732/822/730 729/781/727 725/816/723 730/820/728
f 733/823/731 732/822/730 730/820/728 731/824/729
f 731/824/729 730/820/728 722/821/720 775/825/773
f 735/826/733 734/787/732 732/822/730 733/823/731
f 734/787/732 691/780/689 729/781/727 732/822/730
f 736/827/734 696/786/694 734/787/732 735/826/733
f 737/828/735 735/826/733 733/823/731 739/829/737
f 740/830/738 736/827/734 735/826/733 737/828/735
f 742/831/740 740/830/738 737/828/735 738/832/736
f 738/832/736 737/828/735 739/829/737 776/833/774
f 741/834/739 1426/835/1423 736/827/734 740/830/738
f 744/836/742 741/834/739 740/830/738 742/831/740
f 745/837/743 744/836/742 742/831/740 743/838/741
f 743/838/741 742/831/740 738/832/736 781/839/779
f 747/840/745 746/841/744 744/836/742 745/837/743
f 746/841/744 749/797/747 741/834/739 744/836/742
f 750/842/748 748/803/746 746/841/744 747/840/745
f 748/803/746 706/796/704 749/797/747 746/841/744
f 749/797/747 707/793/705 1426/835/1423 741/834/739
f 751/843/749 711/802/709 748/803/746 750/842/748
f 752/844/750 750/842/748 747/840/745 754/845/752
f 755/846/753 751/843/749 750/842/748 752/844/750
f 757/847/755 755/846/753 752/844/750 753/848/751
f 753/848/751 752/844/750 754/845/752 796/849/794
f 756/850/754 767/851/765 751/843/749 755/846/753
f 759/852/757 756/850/754 755/846/753 757/847/755
f 760/853/758 759/852/757 757/847/755 758/854/756
f 758/854/756 757/847/755 753/848/751 795/855/793
f 762/856/760 761/857/759 759/852/757 760/853/758
f 761/857/759 764/858/762 756/850/754 759/852/757
f 817/859/815 763/860/761 761/857/759 762/856/760
f 763/860/761 765/861/763 764/858/762 761/857/759
f 764/858/762 766/862/764 767/851/765 756/850/754
f 765/861/763 768/863/766 766/862/764 764/858/762
f 766/862/764 715/804/713 713/801/711 767/851/765
f 768/863/766 770/807/768 715/804/713 766/862/764
f 822/864/820 769/865/767 768/863/766 765/861/763
f 769/865/767 771/866/769 770/807/768 768/863/766
f 771/866/769 773/867/771 716/808/714 770/807/768
f 772/868/770 774/869/772 773/870/771 771/871/769
f 777/872/775 772/868/770 771/871/769 769/873/767
f 773/867/771 775/812/773 718/809/716 716/808/714
f 774/869/772 731/824/729 775/825/773 773/870/771
f 776/833/774 739/829/737 774/869/772 772/868/770
f 739/829/737 733/823/731 731/824/729 774/869/772
f 779/874/777 776/833/774 772/868/770 777/872/775
f 780/875/778 779/874/777 777/872/775 778/876/776
f 778/876/776 777/872/775 769/873/767 822/877/820
f 782/878/780 781/839/779 779/874/777 780/875/778
f 781/839/779 738/832/736 776/833/774 779/874/777
f 783/879/781 743/838/741 781/839/779 782/878/780
f 784/880/782 782/878/780 780/875/778 786/881/784
f 787/882/785 783/879/781 782/878/780 784/880/782
f 789/883/787 787/882/785 784/880/782 785/884/783
f 785/884/783 784/880/782 786/881/784 823/885/821
f 788/886/786 1425/887/1422 783/879/781 787/882/785
f 791/888/789 788/886/786 787/882/785 789/883/787
f 792/889/790 791/888/789 789/883/787 790/890/788
f 790/890/788 789/883/787 785/884/783 828/891/826
f 794/892/792 793/893/791 791/888/789 792/889/790
f 793/893/791 796/849/794 788/886/786 791/888/789
f 797/894/795 795/855/793 793/893/791 794/892/792
f 795/855/793 753/848/751 796/849/794 793/893/791
f 796/849/794 754/845/752 1425/887/1422 788/886/786
f 798/895/796 758/854/756 795/855/793 797/894/795
f 799/896/797 797/894/795 794/892/792 801/897/799
f 802/898/800 798/895/796 797/894/795 799/896/797
f 804/899/802 802/898/800 799/896/797 800/900/798
f 800/900/798 799/896/797 801/897/799 843/901/841
f 803/902/801 814/903/812 798/895/796 802/898/800
f 806/904/804 803/902/801 802/898/800 804/899/802
f 807/905/805 806/904/804 804/899/802 805/906/803
f 805/906/803 804/899/802 800/900/798 842/907/840
f 809/908/807 808/909/806 806/904/804 807/905/805
f 808/909/806 811/910/809 803/902/801 806/904/804
f 864/911/862 810/912/808 808/909/806 809/908/807
f 810/912/808 812/913/810 811/910/809 808/909/806
f 811/910/809 813/914/811 814/903/812 803/902/801
f 812/913/810 815/915/813 813/914/811 811/910/809
f 813/914/811 762/856/760 760/853/758 814/903/812
f 815/915/813 817/859/815 762/856/760 813/914/811
f 869/916/867 816/917/814 815/915/813 812/913/810
f 816/917/814 818/918/816 817/859/815 815/915/813
f 818/918/816 820/919/818 763/860/761 817/859/815
f 819/920/817 821/921/819 820/922/818 818/923/816
f 824/924/822 819/920/817 818/923/816 816/925/814
f 820/919/818 822/864/820 765/861/763 763/860/761
f 821/921/819 778/876/776 822/877/820 820/922/818
f 823/885/821 786/881/784 821/921/819 819/920/817
f 786/881/784 780/875/778 778/876/776 821/921/819
f 826/926/824 823/885/821 819/920/817 824/924/822
f 827/927/825 826/926/824 824/924/822 825/928/823
f 825/928/823 824/924/822 816/925/814 869/929/867
f 829/930/827 828/891/826 826/926/824 827/927/825
f 828/891/826 785/884/783 823/885/821 826/926/824
f 830/931/828 790/890/788 828/891/826 829/930/827
f 831/932/829 829/930/827 827/927/825 833/933/831
f 834/934/832 830/931/828 829/930/827 831/932/829
f 836/935/834 834/934/832 831/932/829 832/936/830
f 832/936/830 831/932/829 833/933/831 870/937/868
f 835/938/833 1424/939/1421 830/931/828 834/934/832
f 838/940/836 835/938/833 834/934/832 836/935/834
f 839/941/837 838/940/836 836/935/834 837/942/835
f 837/942/835 836/935/834 832/936/830 875/943/873
f 841/944/839 840/945/838 838/940/836 839/941/837
f 840/945/838 843/901/841 835/938/833 838/940/836
f 844/946/842 842/907/840 840/945/838 841/944/839
f 842/907/840 800/900/798 843/901/841 840/945/838
f 843/901/841 801/897/799 1424/939/1421 835/938/833
f 845/947/843 805/906/803 842/907/840 844/946/842
f 846/948/844 844/946/842 841/944/839 848/949/846
f 849/950/847 845/947/843 844/946/842 846/948/844
f 851/951/849 849/950/847 846/948/844 847/952/845
f 847/952/845 846/948/844 848/949/846 890/953/888
f 850/954/848 861/955/859 845/947/843 849/950/847
f 853/956/851 850/954/848 849/950/847 851/951/849
f 854/957/852 853/956/851 851/951/849 852/958/850
f 852/958/850 851/951/849 847/952/845 889/959/887
f 856/960/854 855/961/853 853/956/851 854/957/852
f 855/961/853 858/962/856 850/954/848 853/956/851
f 911/963/909 857/964/855 855/961/853 856/960/854
f 857/964/855 859/965/857 858/962/856 855/961/853
f 858/962/856 860/966/858 861/955/859 850/954/848
f 859/965/857 862/967/860 860/966/858 858/962/856
f 860/966/858 809/908/807 807/905/805 861/955/859
f 862/967/860 864/911/862 809/908/807 860/966/858
f 916/968/914 863/969/861 862/967/860 859/965/857
f 863/969/861 865/970/863 864/911/862 862/967/860
f 865/970/863 867/971/865 810/912/808 864/911/862
f 866/972/864 868/973/866 867/974/865 865/975/863
f 871/976/869 866/972/864 865/975/863 863/977/861
f 867/971/865 869/916/867 812/913/810 810/912/808
f 868/973/866 825/928/823 869/929/867 867/974/865
f 870/937/868 833/933/831 868/973/866 866/972/864
f 833/933/831 827/927/825 825/928/823 868/973/866
f 873/978/871 870/937/868 866/972/864 871/976/869
f 874/979/872 873/978/871 871/976/869 872/980/870
f 872/980/870 871/976/869 863/977/861 916/981/914
f 876/982/874 875/943/873 873/978/871 874/979/872
f 875/943/873 832/936/830 870/937/868 873/978/871
f 877/983/875 837/942/835 875/943/873 876/982/874
f 878/984/876 876/982/874 874/979/872 880/985/878
f 881/986/879 877/983/875 876/982/874 878/984/876
f 883/987/881 881/986/879 878/984/876 879/988/877
f 879/988/877 878/984/876 880/985/878 917/989/915
f 882/990/880 1423/991/1420 877/983/875 881/986/879
f 885/992/883 882/990/880 881/986/879 883/987/881
f 886/993/884 885/992/883 883/987/881 884/994/882
f 884/994/882 883/987/881 879/988/877 922/995/920
f 888/996/886 887/997/885 885/992/883 886/993/884
f 887/997/885 890/953/888 882/990/880 885/992/883
f 891/998/889 889/959/887 887/997/885 888/996/886
f 889/959/887 847/952/845 890/953/888 887/997/885
f 890/953/888 848/949/846 1423/991/1420 882/990/880
f 892/999/890 852/958/850 889/959/887 891/998/889
f 893/1000/891 891/998/889 888/996/886 895/1001/893
f 896/1002/894 892/999/890 891/998/889 893/1000/891
f 898/1003/896 896/1002/894 893/1000/891 894/1004/892
f 894/1004/892 893/1000/891 895/1001/893 937/1005/935
f 897/1006/895 908/1007/906 892/999/890 896/1002/894
f 900/1008/898 897/1006/895 896/1002/894 898/1003/896
f 901/1009/899 900/1008/898 898/1003/896 899/1010/897
f 899/1010/897 898/1003/896 894/1004/892 936/1011/934
f 903/1012/901 902/1013/900 900/1008/898 901/1009/899
f 902/1013/900 905/1014/903 897/1006/895 900/1008/898
f 958/1015/956 904/1016/902 902/1013/900 903/1012/901
f 904/1016/902 906/1017/904 905/1014/903 902/1013/900
f 905/1014/903 907/1018/905 908/1007/906 897/1006/895
f 906/1017/904 909/1019/907 907/1018/905 905/1014/903
f 907/1018/905 856/960/854 854/957/852 908/1007/906
f 909/1019/907 911/963/909 856/960/854 907/1018/905
f 963/1020/961 910/1021/908 909/1019/907 906/1017/904
f 910/1021/908 912/1022/910 911/963/909 909/1019/907
f 912/1022/910 914/1023/912 857/964/855 911/963/909
f 913/1024/911 915/1025/913 914/1026/912 912/1027/910
f 918/1028/916 913/1024/911 912/1027/910 910/1029/908
f 914/1023/912 916/968/914 859/965/857 857/964/855
f 915/1025/913 872/980/870 916/981/914 914/1026/912
f 917/989/915 880/985/878 915/1025/913 913/1024/911
f 880/985/878 874/979/872 872/980/870 915/1025/913
f 920/1030/918 917/989/915 913/1024/911 918/1028/916
f 921/1031/919 920/1030/918 918/1028/916 919/1032/917
f 919/1032/917 918/1028/916 910/1029/908 963/1033/961
f 923/1034/921 922/995/920 920/1030/918 921/1031/919
f 922/995/920 879/988/877 917/989/915 920/1030/918
f 924/1035/922 884/994/882 922/995/920 923/1034/921
f 925/1036/923 923/1034/921 921/1031/919 927/1037/925
f 928/1038/926 924/1035/922 923/1034/921 925/1036/923
f 930/1039/928 928/1038/926 925/1036/923 926/1040/924
f 926/1040/924 925/1036/923 927/1037/925 964/1041/962
f 929/1042/927 1422/1043/1419 924/1035/922 928/1038/926
f 932/1044/930 929/1042/927 928/1038/926 930/1039/928
f 933/1045/931 932/1044/930 930/1039/928 931/1046/929
f 931/1046/929 930/1039/928 926/1040/924 969/1047/967
f 935/1048/933 934/1049/932 932/1044/930 933/1045/931
f 934/1049/932 937/1005/935 929/1042/927 932/1044/930
f 938/1050/936 936/1011/934 934/1049/932 935/1048/933
f 936/1011/934 894/1004/892 937/1005/935 934/1049/932
f 937/1005/935 895/1001/893 1422/1043/1419 929/1042/927
f 939/1051/937 899/1010/897 936/1011/934 938/1050/936
f 940/1052/938 938/1050/936 935/1048/933 942/1053/940
f 943/1054/941 939/1051/937 938/1050/936 940/1052/938
f 945/1055/943 943/1054/941 940/1052/938 941/1056/939
f 941/1056/939 940/1052/938 942/1053/940 984/1057/982
f 944/1058/942 955/1059/953 939/1051/937 943/1054/941
f 947/1060/945 944/1058/942 943/1054/941 945/1055/943
f 948/1061/946 947/1060/945 945/1055/943 946/1062/944
f 946/1062/944 945/1055/943 941/1056/939 983/1063/981
f 950/1064/948 949/1065/947 947/1060/945 948/1061/946
f 949/1065/947 952/1066/950 944/1058/942 947/1060/945
f 1005/1067/1003 951/1068/949 949/1065/947 950/1064/948
f 951/1068/949 953/1069/951 952/1066/950 949/1065/947
f 952/1066/950 954/1070/952 955/1059/953 944/1058/942
f 953/1069/951 956/1071/954 954/1070/952 952/1066/950
f 954/1070/952 903/1012/901 901/1009/899 955/1059/953
f 956/1071/954 958/1015/956 903/1012/901 954/1070/952
f 1010/1072/1008 957/1073/955 956/1071/954 953/1069/951
f 957/1073/955 959/1074/957 958/1015/956 956/1071/954
f 959/1074/957 961/1075/959 904/1016/902 958/1015/956
f 960/1076/958 962/1077/960 961/1078/959 959/1079/957
f 965/1080/963 960/1076/958 959/1079/957 957/1081/955
f 961/1075/959 963/1020/961 906/1017/904 904/1016/902
f 962/1077/960 919/1032/917 963/1033/961 961/1078/959
f 964/1041/962 927/1037/925 962/1077/960 960/1076/958
f 927/1037/925 921/1031/919 919/1032/917 962/1077/960
f 967/1082/965 964/1041/962 960/1076/958 965/1080/963
f 968/1083/966 967/1082/965 965/1080/963 966/1084/964
f 966/1084/964 965/1080/963 957/1081/955 1010/1085/1008
f 970/1086/968 969/1047/967 967/1082/965 968/1083/966
f 969/1047/967 926/1040/924 964/1041/962 967/1082/965
f 971/1087/969 931/1046/929 969/1047/967 970/1086/968
f 972/1088/970 970/1086/968 968/1083/966 974/1089/972
f 975/1090/973 971/1087/969 970/1086/968 972/1088/970
f 977/1091/975 975/1090/973 972/1088/970 973/1092/971
f 973/1092/971 972/1088/970 974/1089/972 1011/1093/1009
f 976/1094/974 1421/1095/1418 971/1087/969 975/1090/973
f 979/1096/977 976/1094/974 975/1090/973 977/1091/975
f 980/1097/978 979/1096/977 977/1091/975 978/1098/976
f 978/1098/976 977/1091/975 973/1092/971 1016/1099/1014
f 982/1100/980 981/1101/979 979/1096/977 980/1097/978
f 981/1101/979 984/1057/982 976/1094/974 979/1096/977
f 985/1102/983 983/1063/981 981/1101/979 982/1100/980
f 983/1063/981 941/1056/939 984/1057/982 981/1101/979
f 984/1057/982 942/1053/940 1421/1095/1418 976/1094/974
f 986/1103/984 946/1062/944 983/1063/981 985/1102/983
f 987/1104/985 985/1102/983 982/1100/980 989/1105/987
f 990/1106/988 986/1103/984 985/1102/983 987/1104/985
f 992/1107/990 990/1106/988 987/1104/985 988/1108/986
f 988/1108/986 987/1104/985 989/1105/987 1031/1109/1029
f 991/1110/989 1002/1111/1000 986/1103/984 990/1106/988
f 994/1112/992 991/1110/989 990/1106/988 992/1107/990
f 995/1113/993 994/1112/992 992/1107/990 993/1114/991
f 993/1114/991 992/1107/990 988/1108/986 1030/1115/1028
f 997/1116/995 996/1117/994 994/1112/992 995/1113/993
f 996/1117/994 999/1118/997 991/1110/989 994/1112/992
f 1052/1119/1050 998/1120/996 996/1117/994 997/1116/995
f 998/1120/996 1000/1121/998 999/1118/997 996/1117/994
f 999/1118/997 1001/1122/999 1002/1111/1000 991/1110/989
f 1000/1121/998 1003/1123/1001 1001/1122/999 999/1118/997
f 1001/1122/999 950/1064/948 948/1061/946 1002/1111/1000
f 1003/1123/1001 1005/1067/1003 950/1064/948 1001/1122/999
f 1057/1124/1055 1004/1125/1002 1003/1123/1001 1000/1121/998
f 1004/1125/1002 1006/1126/1004 1005/1067/1003 1003/1123/1001
f 1006/1126/1004 1008/1127/1006 951/1068/949 1005/1067/1003
f 1007/1128/1005 1009/1129/1007 1008/1130/1006 1006/1131/1004
f 1012/1132/1010 1007/1128/1005 1006/1131/1004 1004/1133/1002
f 1008/1127/1006 1010/1072/1008 953/1069/951 951/1068/949
f 1009/1129/1007 966/1084/964 1010/1085/1008 1008/1130/1006
f 1011/1093/1009 974/1089/972 1009/1129/1007 1007/1128/1005
f 974/1089/972 968/1083/966 966/1084/964 1009/1129/1007
f 1014/1134/1012 1011/1093/1009 1007/1128/1005 1012/1132/1010
f 1015/1135/1013 1014/1134/1012 1012/1132/1010 1013/1136/1011
f 1013/1136/1011 1012/1132/1010 1004/1133/1002 1057/1137/1055
f 1017/1138/1015 1016/1099/1014 1014/1134/1012 1015/1135/1013
f 1016/1099/1014 973/1092/971 1011/1093/1009 1014/1134/1012
f 1018/1139/1016 978/1098/976 1016/1099/1014 1017/1138/1015
f 1019/1140/1017 1017/1138/1015 1015/1135/1013 1021/1141/1019
f 1022/1142/1020 1018/1139/1016 1017/1138/1015 1019/1140/1017
f 1024/1143/1022 1022/1142/1020 1019/1140/1017 1020/1144/1018
f 1020/1144/1018 1019/1140/1017 1021/1141/1019 1058/1145/1056
f 1023/1146/1021 1420/1147/1417 1018/1139/1016 1022/1142/1020
f 1026/1148/1024 1023/1146/1021 1022/1142/1020 1024/1143/1022
f 1027/1149/1025 1026/1148/1024 1024/1143/1022 1025/1150/1023
f 1025/1150/1023 1024/1143/1022 1020/1144/1018 1063/1151/1061
f 1029/1152/1027 1028/1153/1026 1026/1148/1024 1027/1149/1025
f 1028/1153/1026 1031/1109/1029 1023/1146/1021 1026/1148/1024
f 1032/1154/1030 1030/1115/1028 1028/1153/1026 1029/1152/1027
f 1030/1115/1028 988/1108/986 1031/1109/1029 1028/1153/1026
f 1031/1109/1029 989/1105/987 1420/1147/1417 1023/1146/1021
f 1033/1155/1031 993/1114/991 1030/1115/1028 1032/1154/1030
f 1034/1156/1032 1032/1154/1030 1029/1152/1027 1036/1157/1034
f 1037/1158/1035 1033/1155/1031 1032/1154/1030 1034/1156/1032
f 1039/1159/1037 1037/1158/1035 1034/1156/1032 1035/1160/1033
f 1035/1160/1033 1034/1156/1032 1036/1157/1034 1078/1161/1076
f 1038/1162/1036 1049/1163/1047 1033/1155/1031 1037/1158/1035
f 1041/1164/1039 1038/1162/1036 1037/1158/1035 1039/1159/1037
f 1042/1165/1040 1041/1164/1039 1039/1159/1037 1040/1166/1038
f 1040/1166/1038 1039/1159/1037 1035/1160/1033 1077/1167/1075
f 1044/1168/1042 1043/1169/1041 1041/1164/1039 1042/1165/1040
f 1043/1169/1041 1046/1170/1044 1038/1162/1036 1041/1164/1039
f 1099/1171/1097 1045/1172/1043 1043/1169/1041 1044/1168/1042
f 1045/1172/1043 1047/1173/1045 1046/1170/1044 1043/1169/1041
f 1046/1170/1044 1048/1174/1046 1049/1163/1047 1038/1162/1036
f 1047/1173/1045 1050/1175/1048 1048/1174/1046 1046/1170/1044
f 1048/1174/1046 997/1116/995 995/1113/993 1049/1163/1047
f 1050/1175/1048 1052/1119/1050 997/1116/995 1048/1174/1046
f 1104/1176/1102 1051/1177/1049 1050/1175/1048 1047/1173/1045
f 1051/1177/1049 1053/1178/1051 1052/1119/1050 1050/1175/1048
f 1053/1178/1051 1055/1179/1053 998/1120/996 1052/1119/1050
f 1054/1180/1052 1056/1181/1054 1055/1182/1053 1053/1183/1051
f 1059/1184/1057 1054/1180/1052 1053/1183/1051 1051/1185/1049
f 1055/1179/1053 1057/1124/1055 1000/1121/998 998/1120/996
f 1056/1181/1054 1013/1136/1011 1057/1137/1055 1055/1182/1053
f 1058/1145/1056 1021/1141/1019 1056/1181/1054 1054/1180/1052
f 1021/1141/1019 1015/1135/1013 1013/1136/1011 1056/1181/1054
f 1061/1186/1059 1058/1145/1056 1054/1180/1052 1059/1184/1057
f 1062/1187/1060 1061/1186/1059 1059/1184/1057 1060/1188/1058
f 1060/1188/1058 1059/1184/1057 1051/1185/1049 1104/1189/1102
f 1064/1190/1062 1063/1151/1061 1061/1186/1059 1062/1187/1060
f 1063/1151/1061 1020/1144/1018 1058/1145/1056 1061/1186/1059
f 1065/1191/1063 1025/1150/1023 1063/1151/1061 1064/1190/1062
f 1066/1192/1064 1064/1190/1062 1062/1187/1060 1068/1193/1066
f 1069/1194/1067 1065/1191/1063 1064/1190/1062 1066/1192/1064
f 1071/1195/1069 1069/1194/1067 1066/1192/1064 1067/1196/1065
f 1067/1196/1065 1066/1192/1064 1068/1193/1066 1105/1197/1103
f 1070/1198/1068 1419/1199/1416 1065/1191/1063 1069/1194/1067
f 1073/1200/1071 1070/1198/1068 1069/1194/1067 1071/1195/1069
f 1074/1201/1072 1073/1200/1071 1071/1195/1069 1072/1202/1070
f 1072/1202/1070 1071/1195/1069 1067/1196/1065 1110/1203/1108
f 1076/1204/1074 1075/1205/1073 1073/1200/1071 1074/1201/1072
f 1075/1205/1073 1078/1161/1076 1070/1198/1068 1073/1200/1071
f 1079/1206/1077 1077/1167/1075 1075/1205/1073 1076/1204/1074
f 1077/1167/1075 1035/1160/1033 1078/1161/1076 1075/1205/1073
f 1078/1161/1076 1036/1157/1034 1419/1199/1416 1070/1198/1068
f 1080/1207/1078 1040/1166/1038 1077/1167/1075 1079/1206/1077
f 1081/1208/1079 1079/1206/1077 1076/1204/1074 1083/1209/1081
f 1084/1210/1082 1080/1207/1078 1079/1206/1077 1081/1208/1079
f 1086/1211/1084 1084/1210/1082 1081/1208/1079 1082/1212/1080
f 1082/1212/1080 1081/1208/1079 1083/1209/1081 1125/1213/1123
f 1085/1214/1083 1096/1215/1094 1080/1207/1078 1084/1210/1082
f 1088/1216/1086 1085/1214/1083 1084/1210/1082 1086/1211/1084
f 1089/1217/1087 1088/1216/1086 1086/1211/1084 1087/1218/1085
f 1087/1218/1085 1086/1211/1084 1082/1212/1080 1124/1219/1122
f 1091/1220/1089 1090/1221/1088 1088/1216/1086 1089/1217/1087
f 1090/1221/1088 1093/1222/1091 1085/1214/1083 1088/1216/1086
f 1146/1223/1144 1092/1224/1090 1090/1221/1088 1091/1220/1089
f 1092/1224/1090 1094/1225/1092 1093/1222/1091 1090/1221/1088
f 1093/1222/1091 1095/1226/1093 1096/1215/1094 1085/1214/1083
f 1094/1225/1092 1097/1227/1095 1095/1226/1093 1093/1222/1091
f 1095/1226/1093 1044/1168/1042 1042/1165/1040 1096/1215/1094
f 1097/1227/1095 1099/1171/1097 1044/1168/1042 1095/1226/1093
f 1151/1228/1149 1098/1229/1096 1097/1227/1095 1094/1225/1092
f 1098/1229/1096 1100/1230/1098 1099/1171/1097 1097/1227/1095
f 1100/1230/1098 1102/1231/1100 1045/1172/1043 1099/1171/1097
f 1101/1232/1099 1103/1233/1101 1102/1234/1100 1100/1235/1098
f 1106/1236/1104 1101/1232/1099 1100/1235/1098 1098/1237/1096
f 1102/1231/1100 1104/1176/1102 1047/1173/1045 1045/1172/1043
f 1103/1233/1101 1060/1188/1058 1104/1189/1102 1102/1234/1100
f 1105/1197/1103 1068/1193/1066 1103/1233/1101 1101/1232/1099
f 1068/1193/1066 1062/1187/1060 1060/1188/1058 1103/1233/1101
f 1108/1238/1106 1105/1197/1103 1101/1232/1099 1106/1236/1104
f 1109/1239/1107 1108/1238/1106 1106/1236/1104 1107/1240/1105
f 1107/1240/1105 1106/1236/1104 1098/1237/1096 1151/1241/1149
f 1111/1242/1109 1110/1203/1108 1108/1238/1106 1109/1239/1107
f 1110/1203/1108 1067/1196/1065 1105/1197/1103 1108/1238/1106
f 1112/1243/1110 1072/1202/1070 1110/1203/1108 1111/1242/1109
f 1113/1244/1111 1111/1242/1109 1109/1239/1107 1115/1245/1113
f 1116/1246/1114 1112/1243/1110 1111/1242/1109 1113/1244/1111
f 1118/1247/1116 1116/1246/1114 1113/1244/1111 1114/1248/1112
f 1114/1248/1112 1113/1244/1111 1115/1245/1113 1152/1249/1150
f 1117/1250/1115 1418/1251/1415 1112/1243/1110 1116/1246/1114
f 1120/1252/1118 1117/1250/1115 1116/1246/1114 1118/1247/1116
f 1121/1253/1119 1120/1252/1118 1118/1247/1116 1119/1254/1117
f 1119/1254/1117 1118/1247/1116 1114/1248/1112 1157/1255/1155
f 1123/1256/1121 1122/1257/1120 1120/1252/1118 1121/1253/1119
f 1122/1257/1120 1125/1213/1123 1117/1250/1115 1120/1252/1118
f 1126/1258/1124 1124/1219/1122 1122/1257/1120 1123/1256/1121
f 1124/1219/1122 1082/1212/1080 1125/1213/1123 1122/1257/1120
f 1125/1213/1123 1083/1209/1081 1418/1251/1415 1117/1250/1115
f 1127/1259/1125 1087/1218/1085 1124/1219/1122 1126/1258/1124
f 1128/1260/1126 1126/1258/1124 1123/1256/1121 1130/1261/1128
f 1131/1262/1129 1127/1259/1125 1126/1258/1124 1128/1260/1126
f 1133/1263/1131 1131/1262/1129 1128/1260/1126 1129/1264/1127
f 1129/1264/1127 1128/1260/1126 1130/1261/1128 1172/1265/1170
f 1132/1266/1130 1143/1267/1141 1127/1259/1125 1131/1262/1129
f 1135/1268/1133 1132/1266/1130 1131/1262/1129 1133/1263/1131
f 1136/1269/1134 1135/1268/1133 1133/1263/1131 1134/1270/1132
f 1134/1270/1132 1133/1263/1131 1129/1264/1127 1171/1271/1169
f 1138/1272/1136 1137/1273/1135 1135/1268/1133 1136/1269/1134
f 1137/1273/1135 1140/1274/1138 1132/1266/1130 1135/1268/1133
f 1193/1275/1191 1139/1276/1137 1137/1273/1135 1138/1272/1136
f 1139/1276/1137 1141/1277/1139 1140/1274/1138 1137/1273/1135
f 1140/1274/1138 1142/1278/1140 1143/1267/1141 1132/1266/1130
f 1141/1277/1139 1144/1279/1142 1142/1278/1140 1140/1274/1138
f 1142/1278/1140 1091/1220/1089 1089/1217/1087 1143/1267/1141
f 1144/1279/1142 1146/1223/1144 1091/1220/1089 1142/1278/1140
f 1198/1280/1196 1145/1281/1143 1144/1279/1142 1141/1277/1139
f 1145/1281/1143 1147/1282/1145 1146/1223/1144 1144/1279/1142
f 1147/1282/1145 1149/1283/1147 1092/1224/1090 1146/1223/1144
f 1148/1284/1146 1150/1285/1148 1149/1286/1147 1147/1287/1145
f 1153/1288/1151 1148/1284/1146 1147/1287/1145 1145/1289/1143
f 1149/1283/1147 1151/1228/1149 1094/1225/1092 1092/1224/1090
f 1150/1285/1148 1107/1240/1105 1151/1241/1149 1149/1286/1147
f 1152/1249/1150 1115/1245/1113 1150/1285/1148 1148/1284/1146
f 1115/1245/1113 1109/1239/1107 1107/1240/1105 1150/1285/1148
f 1155/1290/1153 1152/1249/1150 1148/1284/1146 1153/1288/1151
f 1156/1291/1154 1155/1290/1153 1153/1288/1151 1154/1292/1152
f 1154/1292/1152 1153/1288/1151 1145/1289/1143 1198/1293/1196
f 1158/1294/1156 1157/1255/1155 1155/1290/1153 1156/1291/1154
f 1157/1255/1155 1114/1248/1112 1152/1249/1150 1155/1290/1153
f 1159/1295/1157 1119/1254/1117 1157/1255/1155 1158/1294/1156
f 1160/1296/1158 1158/1294/1156 1156/1291/1154 1162/1297/1160
f 1163/1298/1161 1159/1295/1157 1158/1294/1156 1160/1296/1158
f 1165/1299/1163 1163/1298/1161 1160/1296/1158 1161/1300/1159
f 1161/1300/1159 1160/1296/1158 1162/1297/1160 1199/1301/1197
f 1164/1302/1162 1417/1303/1414 1159/1295/1157 1163/1298/1161
f 1167/1304/1165 1164/1302/1162 1163/1298/1161 1165/1299/1163
f 1168/1305/1166 1167/1304/1165 1165/1299/1163 1166/1306/1164
f 1166/1306/1164 1165/1299/1163 1161/1300/1159 1204/1307/1202
f 1170/1308/1168 1169/1309/1167 1167/1304/1165 1168/1305/1166
f 1169/1309/1167 1172/1265/1170 1164/1302/1162 1167/1304/1165
f 1173/1310/1171 1171/1271/1169 1169/1309/1167 1170/1308/1168
f 1171/1271/1169 1129/1264/1127 1172/1265/1170 1169/1309/1167
f 1172/1265/1170 1130/1261/1128 1417/1303/1414 1164/1302/1162
f 1174/1311/1172 1134/1270/1132 1171/1271/1169 1173/1310/1171
f 1175/1312/1173 1173/1310/1171 1170/1308/1168 1177/1313/1175
f 1178/1314/1176 1174/1311/1172 1173/1310/1171 1175/1312/1173
f 1180/1315/1178 1178/1314/1176 1175/1312/1173 1176/1316/1174
f 1176/1316/1174 1175/1312/1173 1177/1313/1175 1219/1317/1217
f 1179/1318/1177 1190/1319/1188 1174/1311/1172 1178/1314/1176
f 1182/1320/1180 1179/1318/1177 1178/1314/1176 1180/1315/1178
f 1183/1321/1181 1182/1320/1180 1180/1315/1178 1181/1322/1179
f 1181/1322/1179 1180/1315/1178 1176/1316/1174 1218/1323/1216
f 1185/1324/1183 1184/1325/1182 1182/1320/1180 1183/1321/1181
f 1184/1325/1182 1187/1326/1185 1179/1318/1177 1182/1320/1180
f 1240/1327/1238 1186/1328/1184 1184/1325/1182 1185/1324/1183
f 1186/1328/1184 1188/1329/1186 1187/1326/1185 1184/1325/1182
f 1187/1326/1185 1189/1330/1187 1190/1319/1188 1179/1318/1177
f 1188/1329/1186 1191/1331/1189 1189/1330/1187 1187/1326/1185
f 1189/1330/1187 1138/1272/1136 1136/1269/1134 1190/1319/1188
f 1191/1331/1189 1193/1275/1191 1138/1272/1136 1189/1330/1187
f 1245/1332/1243 1192/1333/1190 1191/1331/1189 1188/1329/1186
f 1192/1333/1190 1194/1334/1192 1193/1275/1191 1191/1331/1189
f 1194/1334/1192 1196/1335/1194 1139/1276/1137 1193/1275/1191
f 1195/1336/1193 1197/1337/1195 1196/1338/1194 1194/1339/1192
f 1200/1340/1198 1195/1336/1193 1194/1339/1192 1192/1341/1190
f 1196/1335/1194 1198/1280/1196 1141/1277/1139 1139/1276/1137
f 1197/1337/1195 1154/1292/1152 1198/1293/1196 1196/1338/1194
f 1199/1301/1197 1162/1297/1160 1197/1337/1195 1195/1336/1193
f 1162/1297/1160 1156/1291/1154 1154/1292/1152 1197/1337/1195
f 1202/1342/1200 1199/1301/1197 1195/1336/1193 1200/1340/1198
f 1203/1343/1201 1202/1342/1200 1200/1340/1198 1201/1344/1199
f 1201/1344/1199 1200/1340/1198 1192/1341/1190 1245/1345/1243
f 1205/1346/1203 1204/1307/1202 1202/1342/1200 1203/1343/1201
f 1204/1307/1202 1161/1300/1159 1199/1301/1197 1202/1342/1200
f 1206/1347/1204 1166/1306/1164 1204/1307/1202 1205/1346/1203
f 1207/1348/1205 1205/1346/1203 1203/1343/1201 1209/1349/1207
f 1210/1350/1208 1206/1347/1204 1205/1346/1203 1207/1348/1205
f 1212/1351/1210 1210/1350/1208 1207/1348/1205 1208/1352/1206
f 1208/1352/1206 1207/1348/1205 1209/1349/1207 1246/1353/1244
f 1211/1354/1209 1416/1355/1413 1206/1347/1204 1210/1350/1208
f 1214/1356/1212 1211/1354/1209 1210/1350/1208 1212/1351/1210
f 1215/1357/1213 1214/1356/1212 1212/1351/1210 1213/1358/1211
f 1213/1358/1211 1212/1351/1210 1208/1352/1206 1251/1359/1249
f 1217/1360/1215 1216/1361/1214 1214/1356/1212 1215/1357/1213
f 1216/1361/1214 1219/1317/1217 1211/1354/1209 1214/1356/1212
f 1220/1362/1218 1218/1323/1216 1216/1361/1214 1217/1360/1215
f 1218/1323/1216 1176/1316/1174 1219/1317/1217 1216/1361/1214
f 1219/1317/1217 1177/1313/1175 1416/1355/1413 1211/1354/1209
f 1221/1363/1219 1181/1322/1179 1218/1323/1216 1220/1362/1218
f 1222/1364/1220 1220/1362/1218 1217/1360/1215 1224/1365/1222
f 1225/1366/1223 1221/1363/1219 1220/1362/1218 1222/1364/1220
f 1227/1367/1225 1225/1366/1223 1222/1364/1220 1223/1368/1221
f 1223/1368/1221 1222/1364/1220 1224/1365/1222 1266/1369/1264
f 1226/1370/1224 1237/1371/1235 1221/1363/1219 1225/1366/1223
f 1229/1372/1227 1226/1370/1224 1225/1366/1223 1227/1367/1225
f 1230/1373/1228 1229/1372/1227 1227/1367/1225 1228/1374/1226
f 1228/1374/1226 1227/1367/1225 1223/1368/1221 1265/1375/1263
f 1232/1376/1230 1231/1377/1229 1229/1372/1227 1230/1373/1228
f 1231/1377/1229 1234/1378/1232 1226/1370/1224 1229/1372/1227
f 1287/1379/1285 1233/1380/1231 1231/1377/1229 1232/1376/1230
f 1233/1380/1231 1235/1381/1233 1234/1378/1232 1231/1377/1229
f 1234/1378/1232 1236/1382/1234 1237/1371/1235 1226/1370/1224
f 1235/1381/1233 1238/1383/1236 1236/1382/1234 1234/1378/1232
f 1236/1382/1234 1185/1324/1183 1183/1321/1181 1237/1371/1235
f 1238/1383/1236 1240/1327/1238 1185/1324/1183 1236/1382/1234
f 1292/1384/1290 1239/1385/1237 1238/1383/1236 1235/1381/1233
f 1239/1385/1237 1241/1386/1239 1240/1327/1238 1238/1383/1236
f 1241/1386/1239 1243/1387/1241 1186/1328/1184 1240/1327/1238
f 1242/1388/1240 1244/1389/1242 1243/1390/1241 1241/1391/1239
f 1247/1392/1245 1242/1388/1240 1241/1391/1239 1239/1393/1237
f 1243/1387/1241 1245/1332/1243 1188/1329/1186 1186/1328/1184
f 1244/1389/1242 1201/1344/1199 1245/1345/1243 1243/1390/1241
f 1246/1353/1244 1209/1349/1207 1244/1389/1242 1242/1388/1240
f 1209/1349/1207 1203/1343/1201 1201/1344/1199 1244/1389/1242
f 1249/1394/1247 1246/1353/1244 1242/1388/1240 1247/1392/1245
f 1250/1395/1248 1249/1394/1247 1247/1392/1245 1248/1396/1246
f 1248/1396/1246 1247/1392/1245 1239/1393/1237 1292/1397/1290
f 1252/1398/1250 1251/1359/1249 1249/1394/1247 1250/1395/1248
f 1251/1359/1249 1208/1352/1206 1246/1353/1244 1249/1394/1247
f 1253/1399/1251 1213/1358/1211 1251/1359/1249 1252/1398/1250
f 1254/1400/1252 1252/1398/1250 1250/1395/1248 1256/1401/1254
f 1257/1402/1255 1253/1399/1251 1252/1398/1250 1254/1400/1252
f 1259/1403/1257 1257/1402/1255 1254/1400/1252 1255/1404/1253
f 1255/1404/1253 1254/1400/1252 1256/1401/1254 1293/1405/1291
f 1258/1406/1256 1415/1407/1412 1253/1399/1251 1257/1402/1255
f 1261/1408/1259 1258/1406/1256 1257/1402/1255 1259/1403/1257
f 1262/1409/1260 1261/1408/1259 1259/1403/1257 1260/1410/1258
f 1260/1410/1258 1259/1403/1257 1255/1404/1253 1298/1411/1296
f 1264/1412/1262 1263/1413/1261 1261/1408/1259 1262/1409/1260
f 1263/1413/1261 1266/1369/1264 1258/1406/1256 1261/1408/1259
f 1267/1414/1265 1265/1375/1263 1263/1413/1261 1264/1412/1262
f 1265/1375/1263 1223/1368/1221 1266/1369/1264 1263/1413/1261
f 1266/1369/1264 1224/1365/1222 1415/1407/1412 1258/1406/1256
f 1268/1415/1266 1228/1374/1226 1265/1375/1263 1267/1414/1265
f 1269/1416/1267 1267/1414/1265 1264/1412/1262 1271/1417/1269
f 1272/1418/1270 1268/1415/1266 1267/1414/1265 1269/1416/1267
f 1274/1419/1272 1272/1418/1270 1269/1416/1267 1270/1420/1268
f 1270/1420/1268 1269/1416/1267 1271/1417/1269 1313/1421/1311
f 1273/1422/1271 1284/1423/1282 1268/1415/1266 1272/1418/1270
f 1276/1424/1274 1273/1422/1271 1272/1418/1270 1274/1419/1272
f 1277/1425/1275 1276/1424/1274 1274/1419/1272 1275/1426/1273
f 1275/1426/1273 1274/1419/1272 1270/1420/1268 1312/1427/1310
f 1279/1428/1277 1278/1429/1276 1276/1424/1274 1277/1425/1275
f 1278/1429/1276 1281/1430/1279 1273/1422/1271 1276/1424/1274
f 1334/1431/1331 1280/1432/1278 1278/1429/1276 1279/1428/1277
f 1280/1432/1278 1282/1433/1280 1281/1430/1279 1278/1429/1276
f 1281/1430/1279 1283/1434/1281 1284/1423/1282 1273/1422/1271
f 1282/1433/1280 1285/1435/1283 1283/1434/1281 1281/1430/1279
f 1283/1434/1281 1232/1376/1230 1230/1373/1228 1284/1423/1282
f 1285/1435/1283 1287/1379/1285 1232/1376/1230 1283/1434/1281
f 1339/1436/1336 1286/1437/1284 1285/1435/1283 1282/1433/1280
f 1286/1437/1284 1288/1438/1286 1287/1379/1285 1285/1435/1283
f 1288/1438/1286 1290/1439/1288 1233/1380/1231 1287/1379/1285
f 1289/1440/1287 1291/1441/1289 1290/1442/1288 1288/1443/1286
f 1294/1444/1292 1289/1440/1287 1288/1443/1286 1286/1445/1284
f 1290/1439/1288 1292/1384/1290 1235/1381/1233 1233/1380/1231
f 1291/1441/1289 1248/1396/1246 1292/1397/1290 1290/1442/1288
f 1293/1405/1291 1256/1401/1254 1291/1441/1289 1289/1440/1287
f 1256/1401/1254 1250/1395/1248 1248/1396/1246 1291/1441/1289
f 1296/1446/1294 1293/1405/1291 1289/1440/1287 1294/1444/1292
f 1297/1447/1295 1296/1446/1294 1294/1444/1292 1295/1448/1293
f 1295/1448/1293 1294/1444/1292 1286/1445/1284 1339/1449/1336
f 1299/1450/1297 1298/1411/1296 1296/1446/1294 1297/1447/1295
f 1298/1411/1296 1255/1404/1253 1293/1405/1291 1296/1446/1294
f 1300/1451/1298 1260/1410/1258 1298/1411/1296 1299/1450/1297
f 1301/1452/1299 1299/1450/1297 1297/1447/1295 1303/1453/1301
f 1304/1454/1302 1300/1451/1298 1299/1450/1297 1301/1452/1299
f 1306/1455/1304 1304/1454/1302 1301/1452/1299 1302/1456/1300
f 1302/1456/1300 1301/1452/1299 1303/1453/1301 1340/1457/1337
f 1305/1458/1303 1414/1459/1411 1300/1451/1298 1304/1454/1302
f 1308/1460/1306 1305/1458/1303 1304/1454/1302 1306/1455/1304
f 1309/1461/1307 1308/1460/1306 1306/1455/1304 1307/1462/1305
f 1307/1462/1305 1306/1455/1304 1302/1456/1300 1345/1463/1342
f 1311/1464/1309 1310/1465/1308 1308/1460/1306 1309/1461/1307
f 1310/1465/1308 1313/1421/1311 1305/1458/1303 1308/1460/1306
f 1314/1466/1312 1312/1427/1310 1310/1465/1308 1311/1464/1309
f 1312/1427/1310 1270/1420/1268 1313/1421/1311 1310/1465/1308
f 1313/1421/1311 1271/1417/1269 1414/1459/1411 1305/1458/1303
f 1315/1467/1313 1275/1426/1273 1312/1427/1310 1314/1466/1312
f 1316/1468/1314 1314/1466/1312 1311/1464/1309 1318/1469/1316
f 1319/1470/1317 1315/1467/1313 1314/1466/1312 1316/1468/1314
f 1321/1471/1319 1319/1470/1317 1316/1468/1314 1317/1472/1315
f 1317/1472/1315 1316/1468/1314 1318/1469/1316 1360/1473/1357
f 1320/1474/1318 1331/1475/1328 1315/1467/1313 1319/1470/1317
f 1323/1476/1320 1320/1474/1318 1319/1470/1317 1321/1471/1319
f 1324/1477/1321 1323/1476/1320 1321/1471/1319 1322/1478/451
f 1322/1478/451 1321/1471/1319 1317/1472/1315 1359/1479/1356
f 1326/1480/1323 1325/1481/1322 1323/1476/1320 1324/1477/1321
f 1325/1481/1322 1328/1482/1325 1320/1474/1318 1323/1476/1320
f 1384/1483/1381 1327/1484/1324 1325/1481/1322 1326/1480/1323
f 1327/1484/1324 1329/1485/1326 1328/1482/1325 1325/1481/1322
f 1328/1482/1325 1330/1486/1327 1331/1475/1328 1320/1474/1318
f 1329/1485/1326 1332/1487/1329 1330/1486/1327 1328/1482/1325
f 1330/1486/1327 1279/1428/1277 1277/1425/1275 1331/1475/1328
f 1332/1487/1329 1334/1431/1331 1279/1428/1277 1330/1486/1327
f 1389/1488/1386 1333/1489/1330 1332/1487/1329 1329/1485/1326
f 1333/1489/1330 1335/1490/1332 1334/1431/1331 1332/1487/1329
f 1335/1490/1332 1337/1491/1334 1280/1432/1278 1334/1431/1331
f 1336/1492/1333 1338/1493/1335 1337/1494/1334 1335/1495/1332
f 1341/1496/1338 1336/1492/1333 1335/1495/1332 1333/1497/1330
f 1337/1491/1334 1339/1436/1336 1282/1433/1280 1280/1432/1278
f 1338/1493/1335 1295/1448/1293 1339/1449/1336 1337/1494/1334
f 1340/1457/1337 1303/1453/1301 1338/1493/1335 1336/1492/1333
f 1303/1453/1301 1297/1447/1295 1295/1448/1293 1338/1493/1335
f 1343/1498/1340 1340/1457/1337 1336/1492/1333 1341/1496/1338
f 1344/1499/1341 1343/1498/1340 1341/1496/1338 1342/1500/1339
f 1342/1500/1339 1341/1496/1338 1333/1497/1330 1389/1501/1386
f 1346/1502/1343 1345/1463/1342 1343/1498/1340 1344/1499/1341
f 1345/1463/1342 1302/1456/1300 1340/1457/1337 1343/1498/1340
f 1347/1503/1344 1307/1462/1305 1345/1463/1342 1346/1502/1343
f 1348/1504/1345 1346/1502/1343 1344/1499/1341 1350/1505/1347
f 1351/1506/1348 1347/1503/1344 1346/1502/1343 1348/1504/1345
f 1353/1507/1350 1351/1506/1348 1348/1504/1345 1349/1508/1346
f 1349/1508/1346 1348/1504/1345 1350/1505/1347 1390/1509/1387
f 1352/1510/1349 1413/1511/1410 1347/1503/1344 1351/1506/1348
f 1355/1512/1352 1352/1510/1349 1351/1506/1348 1353/1507/1350
f 1356/1513/1353 1355/1512/1352 1353/1507/1350 1354/1514/1351
f 1354/1514/1351 1353/1507/1350 1349/1508/1346 1395/1515/1392
f 1358/1516/1355 1357/1517/1354 1355/1512/1352 1356/1513/1353
f 1357/1517/1354 1360/1473/1357 1352/1510/1349 1355/1512/1352
f 1361/1518/1358 1359/1479/1356 1357/1517/1354 1358/1516/1355
f 1359/1479/1356 1317/1472/1315 1360/1473/1357 1357/1517/1354
f 1360/1473/1357 1318/1469/1316 1413/1511/1410 1352/1510/1349
f 1362/1519/1359 1322/1478/451 1359/1479/1356 1361/1518/1358
f 1363/1520/1360 1361/1518/1358 1358/1516/1355 1365/1521/1362
f 1366/1522/1363 1362/1519/1359 1361/1518/1358 1363/1520/1360
f 1368/1523/1365 1366/1522/1363 1363/1520/1360 1364/1524/1361
f 1364/1524/1361 1363/1520/1360 1365/1521/1362 1411/1525/1408
f 1367/1526/1364 1381/1527/1378 1362/1519/1359 1366/1522/1363
f 1369/1528/1366 1367/1526/1364 1366/1522/1363 1368/1523/1365
f 1370/1529/1367 1368/1523/1365 1364/1524/1361 1371/1530/1368
f 1372/1531/1369 1369/1528/1366 1368/1523/1365 1370/1529/1367
f 1371/45/1368 1372/46/1369 1370/47/1367
f 1371/45/1368 1373/44/1370 1372/46/1369
f 1373/1532/1370 1376/1533/1373 1369/1528/1366 1372/1531/1369
f 1374/43/1371 1375/7/1372 1373/44/1370
f 1374/43/1371 1373/44/1370 1371/45/1368
f 1375/1534/1372 1377/1535/1374 1376/1533/1373 1373/1532/1370
f 1376/1533/1373 1378/1536/1375 1367/1526/1364 1369/1528/1366
f 1377/1535/1374 1379/1537/1376 1378/1536/1375 1376/1533/1373
f 1378/1536/1375 1380/1538/1377 1381/1527/1378 1367/1526/1364
f 1379/1537/1376 1382/1539/1379 1380/1538/1377 1378/1536/1375
f 1380/1538/1377 1326/1480/1323 1324/1477/1321 1381/1527/1378
f 1382/1539/1379 1384/1483/1381 1326/1480/1323 1380/1538/1377
f 1409/1540/1406 1383/1541/1380 1382/1539/1379 1379/1537/1376
f 1383/1541/1380 1385/1542/1382 1384/1483/1381 1382/1539/1379
f 1385/1542/1382 1387/1543/1384 1327/1484/1324 1384/1483/1381
f 1386/1544/1383 1388/1545/1385 1387/1546/1384 1385/1547/1382
f 1391/1548/1388 1386/1544/1383 1385/1547/1382 1383/1549/1380
f 1387/1543/1384 1389/1488/1386 1329/1485/1326 1327/1484/1324
f 1388/1545/1385 1342/1500/1339 1389/1501/1386 1387/1546/1384
f 1390/1509/1387 1350/1505/1347 1388/1545/1385 1386/1544/1383
f 1350/1505/1347 1344/1499/1341 1342/1500/1339 1388/1545/1385
f 1393/1550/1390 1390/1509/1387 1386/1544/1383 1391/1548/1388
f 1394/1551/1391 1393/1550/1390 1391/1548/1388 1392/1552/1389
f 1392/1552/1389 1391/1548/1388 1383/1549/1380 1409/1553/1406
f 1396/1554/1393 1395/1515/1392 1393/1550/1390 1394/1551/1391
f 1395/1515/1392 1349/1508/1346 1390/1509/1387 1393/1550/1390
f 1397/1555/1394 1354/1514/1351 1395/1515/1392 1396/1554/1393
f 1398/1556/1395 1396/1554/1393 1394/1551/1391 1399/1557/1396
f 1400/1558/1397 1397/1555/1394 1396/1554/1393 1398/1556/1395
f 1401/1559/1398 1398/1556/1395 1399/1557/1396 1403/1560/1400
f 1404/1561/1401 1400/1558/1397 1398/1556/1395 1401/1559/1398
f 1401/29/1398 1403/30/1400 1402/4/1399
f 1401/29/1398 1402/4/1399 1404/3/1401
f 1405/1562/1402 1410/1563/1407 1400/1558/1397 1404/1561/1401
f 1404/3/1401 1406/2/1403 1405/1/1402
f 1404/3/1401 1402/4/1399 1406/2/1403
f 1405/1/1402 1406/2/1403 1375/7/1372
f 1406/1564/1403 1407/1565/1404 1377/1535/1374 1375/1534/1372
f 1402/1566/1399 1408/1567/1405 1407/1568/1404 1406/2/1403
f 1407/1565/1404 1409/1540/1406 1379/1537/1376 1377/1535/1374
f 1408/1567/1405 1392/1552/1389 1409/1553/1406 1407/1568/1404
f 1399/1557/1396 1394/1551/1391 1392/1552/1389 1408/1567/1405
f 1403/1560/1400 1399/1557/1396 1408/1567/1405 1402/1566/1399
f 1374/1569/1371 1411/1525/1408 1410/1563/1407 1405/1562/1402
f 1405/1/1402 1375/7/1372 1374/43/1371
f 1410/1563/1407 1412/1570/1409 1397/1555/1394 1400/1558/1397
f 1411/1525/1408 1365/1521/1362 1412/1570/1409 1410/1563/1407
f 1412/1570/1409 1356/1513/1353 1354/1514/1351 1397/1555/1394
f 1365/1521/1362 1358/1516/1355 1356/1513/1353 1412/1570/1409
f 1371/1530/1368 1364/1524/1361 1411/1525/1408 1374/1569/1371
f 1381/1527/1378 1324/1477/1321 1322/1478/451 1362/1519/1359
f 1413/1511/1410 1309/1461/1307 1307/1462/1305 1347/1503/1344
f 1318/1469/1316 1311/1464/1309 1309/1461/1307 1413/1511/1410
f 1331/1475/1328 1277/1425/1275 1275/1426/1273 1315/1467/1313
f 1414/1459/1411 1262/1409/1260 1260/1410/1258 1300/1451/1298
f 1271/1417/1269 1264/1412/1262 1262/1409/1260 1414/1459/1411
f 1284/1423/1282 1230/1373/1228 1228/1374/1226 1268/1415/1266
f 1415/1407/1412 1215/1357/1213 1213/1358/1211 1253/1399/1251
f 1224/1365/1222 1217/1360/1215 1215/1357/1213 1415/1407/1412
f 1237/1371/1235 1183/1321/1181 1181/1322/1179 1221/1363/1219
f 1416/1355/1413 1168/1305/1166 1166/1306/1164 1206/1347/1204
f 1177/1313/1175 1170/1308/1168 1168/1305/1166 1416/1355/1413
f 1190/1319/1188 1136/1269/1134 1134/1270/1132 1174/1311/1172
f 1417/1303/1414 1121/1253/1119 1119/1254/1117 1159/1295/1157
f 1130/1261/1128 1123/1256/1121 1121/1253/1119 1417/1303/1414
f 1143/1267/1141 1089/1217/1087 1087/1218/1085 1127/1259/1125
f 1418/1251/1415 1074/1201/1072 1072/1202/1070 1112/1243/1110
f 1083/1209/1081 1076/1204/1074 1074/1201/1072 1418/1251/1415
f 1096/1215/1094 1042/1165/1040 1040/1166/1038 1080/1207/1078
f 1419/1199/1416 1027/1149/1025 1025/1150/1023 1065/1191/1063
f 1036/1157/1034 1029/1152/1027 1027/1149/1025 1419/1199/1416
f 1049/1163/1047 995/1113/993 993/1114/991 1033/1155/1031
f 1420/1147/1417 980/1097/978 978/1098/976 1018/1139/1016
f 989/1105/987 982/1100/980 980/1097/978 1420/1147/1417
f 1002/1111/1000 948/1061/946 946/1062/944 986/1103/984
f 1421/1095/1418 933/1045/931 931/1046/929 971/1087/969
f 942/1053/940 935/1048/933 933/1045/931 1421/1095/1418
f 955/1059/953 901/1009/899 899/1010/897 939/1051/937
f 1422/1043/1419 886/993/884 884/994/882 924/1035/922
f 895/1001/893 888/996/886 886/993/884 1422/1043/1419
f 908/1007/906 854/957/852 852/958/850 892/999/890
f 1423/991/1420 839/941/837 837/942/835 877/983/875
f 848/949/846 841/944/839 839/941/837 1423/991/1420
f 861/955/859 807/905/805 805/906/803 845/947/843
f 1424/939/1421 792/889/790 790/890/788 830/931/828
f 801/897/799 794/892/792 792/889/790 1424/939/1421
f 814/903/812 760/853/758 758/854/756 798/895/796
f 1425/887/1422 745/837/743 743/838/741 783/879/781
f 754/845/752 747/840/745 745/837/743 1425/887/1422
f 767/851/765 713/801/711 711/802/709 751/843/749
f 1426/835/1423 698/785/696 696/786/694 736/827/734
f 707/793/705 700/788/698 698/785/696 1426/835/1423
f 720/799/718 666/749/665 664/750/663 704/791/702
f 1427/783/692 651/733/650 649/734/648 689/775/687
f 660/741/659 653/736/652 651/733/650 1427/783/692
f 673/747/671 619/697/619 617/698/617 657/739/656
f 1428/731/646 604/681/604 602/682/602 642/723/641
f 613/689/613 606/684/606 604/681/604 1428/731/646
f 626/695/625 572/645/572 570/646/570 610/687/610
f 1429/679/1424 557/629/557 555/630/555 595/671/595
f 566/637/566 559/632/559 557/629/557 1429/679/1424
f 579/643/579 525/593/525 523/594/523 563/635/563
f 1430/627/1425 510/577/510 508/578/508 548/619/548
f 519/585/519 512/580/512 510/577/510 1430/627/1425
f 532/591/532 478/541/478 476/542/476 516/583/516
f 1431/575/1426 463/525/463 461/526/461 501/567/501
f 472/533/472 465/528/465 463/525/463 1431/575/1426
f 485/539/485 431/489/431 429/490/429 469/531/469
f 1432/523/1427 416/473/416 414/474/414 454/515/454
f 425/481/425 418/476/418 416/473/416 1432/523/1427
f 438/487/438 384/437/384 382/438/382 422/479/422
f 1433/471/1428 369/421/369 367/422/367 407/463/407
f 378/429/378 371/424/371 369/421/369 1433/471/1428
f 391/435/391 337/385/337 335/386/335 375/427/375
f 1434/419/1429 322/369/322 320/370/320 360/411/360
f 331/377/331 324/372/324 322/369/322 1434/419/1429
f 344/383/344 290/333/290 288/334/288 328/375/328
f 1435/367/1430 275/317/275 273/318/273 313/359/313
f 284/325/284 277/320/277 275/317/275 1435/367/1430
f 297/331/297 243/281/243 241/282/241 281/323/281
f 1436/315/1431 228/265/228 226/266/226 266/307/266
f 237/273/237 230/268/230 228/265/228 1436/315/1431
f 250/279/250 196/229/196 194/230/194 234/271/234
f 1437/263/1432 181/213/181 179/214/179 219/255/219
f 190/221/190 183/216/183 181/213/181 1437/263/1432
f 203/227/203 150/177/150 148/178/148 187/219/187
f 1438/211/1433 135/161/135 133/162/133 172/203/172
f 144/169/144 137/164/137 135/161/135 1438/211/1433
f 157/175/157 109/131/109 107/132/107 141/167/141
f 1439/159/1434 94/115/94 92/116/92 126/151/126
f 103/123/103 96/118/96 94/115/94 1439/159/1434
f 116/129/116 75/93/75 73/94/73 100/121/100
f 1440/113/1435 61/80/61 57/78/57 90/77/90
f 69/87/69 63/82/63 61/80/61 1440/113/1435
f 46/62/46 39/54/39 36/55/36 66/85/66
o Beer_Bottle.L
v 0.067749 7.361647 -2.015360
v -0.062071 7.361647 -2.015360
v 0.067749 7.356702 -2.064149
v -0.062071 7.356702 -2.064149
v 0.067749 7.342060 -2.111064
v -0.062071 7.342060 -2.111064
v 0.067749 7.318281 -2.154300
v -0.062071 7.318281 -2.154300
v 0.067749 7.286280 -2.192198
v -0.062071 7.286280 -2.192198
v 0.067749 7.247286 -2.223299
v -0.062071 7.247286 -2.223299
v 0.067749 7.202799 -2.246409
v -0.062071 7.202799 -2.246409
v 0.067749 7.154527 -2.260641
v -0.062071 7.154527 -2.260641
v 0.067749 7.104326 -2.265446
v -0.062071 7.104326 -2.265446
v 0.067749 7.054125 -2.260641
v -0.062071 7.054125 -2.260641
v 0.067749 7.005854 -2.246409
v -0.062071 7.005854 -2.246409
v 0.067749 6.961367 -2.223299
v -0.062071 6.961367 -2.223299
v 0.067749 6.922373 -2.192198
v -0.062071 6.922373 -2.192198
v 0.067749 6.890372 -2.154300
v -0.062071 6.890372 -2.154300
v 0.067749 6.866593 -2.111064
v -0.062071 6.866593 -2.111064
v 0.067749 6.851950 -2.064149
v -0.062071 6.851950 -2.064149
v 0.067749 6.847006 -2.015360
v -0.062071 6.847006 -2.015360
v 0.067749 6.851950 -1.966570
v -0.062071 6.851950 -1.966570
v 0.067749 6.866593 -1.919656
v -0.062071 6.866593 -1.919656
v 0.067749 6.890372 -1.876419
v -0.062071 6.890372 -1.876419
v 0.067749 6.922373 -1.838522
v -0.062071 6.922373 -1.838522
v 0.067749 6.961367 -1.807420
v -0.062071 6.961367 -1.807420
v 0.067749 7.005854 -1.784310
v -0.062071 7.005854 -1.784310
v 0.067749 7.054125 -1.770079
v -0.062071 7.054125 -1.770079
v 0.067749 7.104326 -1.765273
v -0.062071 7.104326 -1.765273
v 0.067749 7.154527 -1.770079
v -0.062071 7.154527 -1.770079
v 0.067749 7.202799 -1.784310
v -0.062071 7.202799 -1.784310
v 0.067749 7.247286 -1.807420
v -0.062071 7.247286 -1.807420
v 0.067749 7.286280 -1.838522
v -0.062071 7.286280 -1.838522
v 0.067749 7.318281 -1.876419
v -0.062071 7.318281 -1.876419
v 0.067749 7.342060 -1.919656
v -0.062071 7.342060 -1.919656
v 0.067749 7.356702 -1.966570
v -0.062071 7.356702 -1.966570
v -0.062071 7.104326 -1.871994
v -0.062071 7.047876 -1.882908
v -0.062071 7.075548 -1.874749
v -0.062071 7.133104 -1.874749
v -0.062071 7.022373 -1.896156
v -0.062071 7.186280 -1.896156
v -0.062071 7.160777 -1.882908
v -0.062071 7.208633 -1.913985
v -0.062071 6.981675 -1.935710
v -0.062071 7.226978 -1.935710
v -0.062071 7.251839 -2.015360
v -0.062071 7.249004 -1.987391
v -0.062071 7.240610 -2.070223
v -0.062071 7.249004 -2.043329
v -0.062071 7.240610 -1.960496
v -0.062071 7.000020 -1.913985
v -0.062071 6.968043 -1.960496
v -0.062071 6.956814 -2.015360
v -0.062071 6.959649 -2.043329
v -0.062071 6.959649 -1.987391
v -0.062071 6.968043 -2.070223
v -0.062071 7.226978 -2.095009
v -0.062071 6.981675 -2.095009
v -0.062071 7.186280 -2.134563
v -0.062071 7.022373 -2.134563
v -0.062071 7.208633 -2.116734
v -0.062071 7.104326 -2.158725
v -0.062071 7.133104 -2.155970
v -0.062071 7.047876 -2.147812
v -0.062071 7.075548 -2.155970
v -0.062071 7.160777 -2.147812
v -0.062071 7.000020 -2.116734
v 0.067749 7.251839 -2.015360
v 0.067749 7.249004 -2.043329
v 0.067749 6.968043 -2.070223
v 0.067749 7.226978 -2.095009
v 0.067749 6.981675 -2.095009
v 0.067749 6.959649 -2.043329
v 0.067749 7.240610 -2.070223
v 0.067749 7.022373 -2.134563
v 0.067749 7.000020 -2.116734
v 0.067749 7.186280 -2.134563
v 0.067749 7.104326 -2.158725
v 0.067749 7.133104 -2.155970
v 0.067749 7.047876 -2.147812
v 0.067749 7.075548 -2.155970
v 0.067749 7.160777 -2.147812
v 0.067749 7.208633 -2.116734
v 0.067749 7.104326 -1.871994
v 0.067749 7.047876 -1.882908
v 0.067749 7.075548 -1.874749
v 0.067749 7.133104 -1.874749
v 0.067749 7.022373 -1.896156
v 0.067749 7.186280 -1.896156
v 0.067749 7.000020 -1.913985
v 0.067749 7.160777 -1.882908
v 0.067749 7.240610 -1.960496
v 0.067749 6.981675 -1.935710
v 0.067749 7.226978 -1.935710
v 0.067749 7.249004 -1.987391
v 0.067749 6.956814 -2.015360
v 0.067749 6.959649 -1.987391
v 0.067749 6.968043 -1.960496
v 0.067749 7.208633 -1.913985
v -0.267315 6.813178 -2.015360
v -0.262124 6.813178 -2.066582
v -0.246750 6.813178 -2.115837
v -0.221786 6.813178 -2.161229
v -0.188189 6.813178 -2.201017
v -0.147250 6.813178 -2.233669
v -0.100544 6.813178 -2.257932
v -0.049865 6.813178 -2.272873
v 0.002839 6.813178 -2.277918
v 0.055543 6.813178 -2.272873
v 0.106222 6.813178 -2.257932
v 0.152928 6.813178 -2.233669
v 0.193866 6.813178 -2.201017
v 0.227463 6.813178 -2.161229
v 0.252428 6.813178 -2.115837
v 0.267801 6.813178 -2.066582
v 0.272992 6.813178 -2.015360
v 0.267801 6.813178 -1.964137
v 0.252428 6.813178 -1.914883
v 0.227463 6.813178 -1.869490
v 0.193866 6.813178 -1.829703
v 0.152928 6.813178 -1.797050
v 0.106222 6.813178 -1.772787
v 0.055543 6.813178 -1.757846
v 0.002839 6.813178 -1.752801
v -0.049865 6.813178 -1.757846
v -0.100544 6.813178 -1.772787
v -0.147250 6.813178 -1.797050
v -0.188189 6.813178 -1.829703
v -0.221786 6.813178 -1.869490
v -0.246750 6.813178 -1.914883
v -0.262124 6.813178 -1.964137
v -0.231841 6.644677 -2.015360
v -0.227332 6.644677 -2.059856
v -0.213977 6.644677 -2.102643
v -0.192290 6.644677 -2.142076
v -0.163105 6.644677 -2.176638
v -0.127542 6.644677 -2.205003
v -0.086969 6.644677 -2.226080
v -0.042945 6.644677 -2.239059
v 0.002839 6.644677 -2.243442
v 0.048623 6.644677 -2.239059
v 0.092647 6.644677 -2.226080
v 0.133220 6.644677 -2.205003
v 0.168783 6.644677 -2.176638
v 0.197968 6.644677 -2.142076
v 0.219655 6.644677 -2.102643
v 0.233009 6.644677 -2.059856
v 0.237519 6.644677 -2.015360
v 0.233009 6.644677 -1.970863
v 0.219655 6.644677 -1.928076
v 0.197968 6.644677 -1.888644
v 0.168783 6.644677 -1.854081
v 0.133220 6.644677 -1.825716
v 0.092647 6.644677 -1.804639
v 0.048623 6.644677 -1.791660
v 0.002839 6.644677 -1.787277
v -0.042945 6.644677 -1.791660
v -0.086969 6.644677 -1.804639
v -0.127542 6.644677 -1.825716
v -0.163105 6.644677 -1.854081
v -0.192290 6.644677 -1.888644
v -0.213977 6.644677 -1.928076
v -0.227332 6.644677 -1.970863
v -0.309967 6.656012 -2.015360
v -0.303957 6.656012 -2.074669
v -0.286156 6.656012 -2.131700
v -0.257250 6.656012 -2.184260
v -0.218348 6.656012 -2.230329
v -0.170947 6.656012 -2.268137
v -0.116867 6.656012 -2.296230
v -0.058187 6.656012 -2.313530
v 0.002839 6.656012 -2.319372
v 0.063864 6.656012 -2.313530
v 0.122544 6.656012 -2.296230
v 0.176625 6.656012 -2.268137
v 0.224026 6.656012 -2.230329
v 0.262927 6.656012 -2.184260
v 0.291834 6.656012 -2.131700
v 0.309634 6.656012 -2.074669
v 0.315645 6.656012 -2.015360
v 0.309634 6.656012 -1.956050
v 0.291834 6.656012 -1.899019
v 0.262927 6.656012 -1.846460
v 0.224026 6.656012 -1.800391
v 0.176625 6.656012 -1.762583
v 0.122545 6.656012 -1.734489
v 0.063864 6.656012 -1.717189
v 0.002839 6.656012 -1.711348
v -0.058187 6.656012 -1.717189
v -0.116867 6.656012 -1.734489
v -0.170947 6.656012 -1.762583
v -0.218348 6.656012 -1.800391
v -0.257250 6.656012 -1.846460
v -0.286156 6.656012 -1.899019
v -0.303957 6.656012 -1.956050
v -0.546677 2.703939 -2.015360
v -0.536119 2.703939 -2.119551
v -0.504848 2.703939 -2.219738
v -0.454067 2.703939 -2.312072
v -0.385728 2.703939 -2.393003
v -0.302456 2.703939 -2.459421
v -0.207452 2.703939 -2.508774
v -0.104367 2.703939 -2.539165
v 0.002839 2.703939 -2.549427
v 0.110044 2.703939 -2.539165
v 0.213130 2.703939 -2.508774
v 0.308134 2.703939 -2.459421
v 0.391406 2.703939 -2.393003
v 0.459745 2.703939 -2.312072
v 0.510526 2.703939 -2.219738
v 0.541797 2.703939 -2.119551
v 0.552355 2.703939 -2.015360
v 0.541797 2.703939 -1.911168
v 0.510526 2.703939 -1.810981
v 0.459745 2.703939 -1.718648
v 0.391406 2.703939 -1.637717
v 0.308134 2.703939 -1.571299
v 0.213130 2.703939 -1.521946
v 0.110044 2.703939 -1.491554
v 0.002839 2.703939 -1.481292
v -0.104366 2.703939 -1.491554
v -0.207452 2.703939 -1.521946
v -0.302456 2.703939 -1.571299
v -0.385728 2.703939 -1.637717
v -0.454067 2.703939 -1.718648
v -0.504848 2.703939 -1.810981
v -0.536119 2.703939 -1.911168
v -0.741777 4.820973 -2.015360
v -0.727470 4.820973 -2.156543
v -0.685097 4.820973 -2.292301
v -0.616287 4.820973 -2.417416
v -0.523684 4.820973 -2.527081
v -0.410848 4.820973 -2.617080
v -0.282113 4.820973 -2.683955
v -0.142429 4.820973 -2.725137
v 0.002839 4.820973 -2.739042
v 0.148106 4.820973 -2.725137
v 0.287791 4.820973 -2.683955
v 0.416526 4.820973 -2.617080
v 0.529362 4.820973 -2.527081
v 0.621964 4.820973 -2.417416
v 0.690774 4.820973 -2.292301
v 0.733147 4.820973 -2.156543
v 0.747455 4.820973 -2.015360
v 0.733147 4.820973 -1.874176
v 0.690774 4.820973 -1.738418
v 0.621965 4.820973 -1.613303
v 0.529362 4.820973 -1.503639
v 0.416526 4.820973 -1.413640
v 0.287791 4.820973 -1.346764
v 0.148106 4.820973 -1.305582
v 0.002839 4.820973 -1.291677
v -0.142429 4.820973 -1.305582
v -0.282113 4.820973 -1.346764
v -0.410848 4.820973 -1.413640
v -0.523684 4.820973 -1.503639
v -0.616287 4.820973 -1.613303
v -0.685097 4.820973 -1.738418
v -0.727470 4.820973 -1.874176
v -0.744659 2.795831 -2.015360
v -0.730296 2.795831 -2.157089
v -0.687759 2.795831 -2.293373
v -0.618683 2.795831 -2.418972
v -0.525722 2.795831 -2.529061
v -0.412449 2.795831 -2.619409
v -0.283216 2.795831 -2.686543
v -0.142991 2.795831 -2.727884
v 0.002839 2.795831 -2.741843
v 0.148668 2.795831 -2.727884
v 0.288894 2.795831 -2.686543
v 0.418127 2.795831 -2.619409
v 0.531400 2.795831 -2.529061
v 0.624361 2.795831 -2.418972
v 0.693437 2.795831 -2.293373
v 0.735974 2.795831 -2.157090
v 0.750337 2.795831 -2.015360
v 0.735974 2.795831 -1.873630
v 0.693437 2.795831 -1.737347
v 0.624361 2.795831 -1.611747
v 0.531400 2.795831 -1.501658
v 0.418127 2.795831 -1.411311
v 0.288894 2.795831 -1.344176
v 0.148669 2.795831 -1.302835
v 0.002839 2.795831 -1.288876
v -0.142991 2.795831 -1.302835
v -0.283216 2.795831 -1.344176
v -0.412449 2.795831 -1.411311
v -0.525722 2.795831 -1.501658
v -0.618683 2.795831 -1.611747
v -0.687759 2.795831 -1.737347
v -0.730296 2.795831 -1.873630
v -0.639374 2.703939 -2.015360
v -0.627034 2.703939 -2.137127
v -0.590489 2.703939 -2.254215
v -0.531142 2.703939 -2.362123
v -0.451274 2.703939 -2.456706
v -0.353956 2.703939 -2.534328
v -0.242925 2.703939 -2.592007
v -0.122451 2.703939 -2.627525
v 0.002839 2.703939 -2.639518
v 0.128128 2.703939 -2.627525
v 0.248603 2.703939 -2.592007
v 0.359633 2.703939 -2.534328
v 0.456952 2.703939 -2.456706
v 0.536819 2.703939 -2.362123
v 0.596166 2.703939 -2.254215
v 0.632712 2.703939 -2.137127
v 0.645052 2.703939 -2.015360
v 0.632712 2.703939 -1.893592
v 0.596166 2.703939 -1.776505
v 0.536820 2.703939 -1.668596
v 0.456952 2.703939 -1.574013
v 0.359633 2.703939 -1.496391
v 0.248603 2.703939 -1.438713
v 0.128128 2.703939 -1.403194
v 0.002839 2.703939 -1.391201
v -0.122451 2.703939 -1.403194
v -0.242925 2.703939 -1.438713
v -0.353956 2.703939 -1.496391
v -0.451274 2.703939 -1.574013
v -0.531142 2.703939 -1.668596
v -0.590489 2.703939 -1.776505
v -0.627034 2.703939 -1.893592
v -0.484582 2.774335 -2.015360
v -0.475216 2.774335 -2.107777
v -0.447479 2.774335 -2.196643
v -0.402436 2.774335 -2.278543
v -0.341820 2.774335 -2.350329
v -0.267958 2.774335 -2.409241
v -0.183689 2.774335 -2.453018
v -0.092252 2.774335 -2.479975
v 0.002839 2.774335 -2.489077
v 0.097930 2.774335 -2.479975
v 0.189367 2.774335 -2.453018
v 0.273635 2.774335 -2.409241
v 0.347497 2.774335 -2.350329
v 0.408114 2.774335 -2.278543
v 0.453157 2.774335 -2.196644
v 0.480894 2.774335 -2.107777
v 0.490259 2.774335 -2.015360
v 0.480894 2.774335 -1.922942
v 0.453157 2.774335 -1.834076
v 0.408114 2.774335 -1.752176
v 0.347497 2.774335 -1.680391
v 0.273635 2.774335 -1.621478
v 0.189367 2.774335 -1.577702
v 0.097930 2.774335 -1.550744
v 0.002839 2.774335 -1.541642
v -0.092252 2.774335 -1.550744
v -0.183689 2.774335 -1.577702
v -0.267958 2.774335 -1.621478
v -0.341820 2.774335 -1.680391
v -0.402437 2.774335 -1.752176
v -0.447479 2.774335 -1.834076
v -0.475216 2.774335 -1.922942
v 0.002839 5.303879 -2.499042
v 0.002839 4.917721 -2.725967
v 0.002839 5.226647 -2.570318
v 0.002839 5.149416 -2.632717
v 0.002839 5.072184 -2.678805
v 0.002839 4.994953 -2.708636
v -0.094252 5.303879 -2.489748
v -0.139804 4.917721 -2.712313
v -0.108560 5.226647 -2.559654
v -0.121085 5.149416 -2.620854
v -0.130337 5.072184 -2.666057
v -0.136325 4.994953 -2.695315
v -0.187612 5.303879 -2.462224
v -0.276965 4.917721 -2.671875
v -0.215678 5.226647 -2.528074
v -0.240247 5.149416 -2.585723
v -0.258395 5.072184 -2.628303
v -0.270141 4.994953 -2.655863
v -0.273654 5.303879 -2.417526
v -0.403373 4.917721 -2.606208
v -0.314398 5.226647 -2.476790
v -0.350068 5.149416 -2.528673
v -0.376414 5.072184 -2.566994
v -0.393466 4.994953 -2.591798
v -0.485272 5.303879 -1.920998
v -0.714275 4.917721 -1.876727
v -0.557200 5.226647 -1.907093
v -0.620171 5.149416 -1.894919
v -0.666681 5.072184 -1.885928
v -0.696785 4.994953 -1.880108
v -0.349069 5.303879 -2.357374
v -0.514171 4.917721 -2.517835
v -0.400927 5.226647 -2.407774
v -0.446326 5.149416 -2.451897
v -0.479858 5.072184 -2.484486
v -0.501562 4.994953 -2.505580
v -0.456951 5.303879 -1.830263
v -0.672667 4.917721 -1.743422
v -0.524706 5.226647 -1.802987
v -0.584023 5.149416 -1.779107
v -0.627835 5.072184 -1.761470
v -0.656192 4.994953 -1.750054
v -0.410961 5.303879 -2.284079
v -0.605101 4.917721 -2.410152
v -0.471939 5.226647 -2.323678
v -0.525323 5.149416 -2.358345
v -0.564753 5.072184 -2.383950
v -0.590273 4.994953 -2.400523
v -0.410961 5.303879 -1.746641
v -0.605101 4.917721 -1.620567
v -0.471939 5.226647 -1.707042
v -0.525323 5.149416 -1.672375
v -0.564753 5.072184 -1.646769
v -0.590273 4.994953 -1.630196
v -0.456951 5.303879 -2.200457
v -0.672667 4.917721 -2.287297
v -0.524706 5.226647 -2.227733
v -0.584023 5.149416 -2.251612
v -0.627835 5.072184 -2.269249
v -0.656192 4.994953 -2.280665
v -0.349069 5.303879 -1.673345
v -0.514171 4.917721 -1.512884
v -0.400927 5.226647 -1.622945
v -0.446326 5.149416 -1.578822
v -0.479858 5.072184 -1.546233
v -0.501562 4.994953 -1.525139
v -0.728324 4.917721 -2.015360
v -0.494834 5.303879 -2.015360
v -0.710491 4.994953 -2.015360
v -0.679798 5.072184 -2.015360
v -0.632376 5.149416 -2.015360
v -0.568172 5.226647 -2.015360
v -0.485272 5.303879 -2.109721
v -0.714275 4.917721 -2.153992
v -0.557200 5.226647 -2.123627
v -0.620171 5.149416 -2.135800
v -0.666681 5.072184 -2.144791
v -0.696785 4.994953 -2.150611
v -0.273654 5.303879 -1.613193
v -0.403373 4.917721 -1.424512
v -0.314398 5.226647 -1.553929
v -0.350068 5.149416 -1.502046
v -0.376414 5.072184 -1.463725
v -0.393466 4.994953 -1.438922
v -0.187612 5.303879 -1.568496
v -0.276965 4.917721 -1.358844
v -0.215678 5.226647 -1.502645
v -0.240247 5.149416 -1.444996
v -0.258395 5.072184 -1.402416
v -0.270141 4.994953 -1.374856
v -0.094252 5.303879 -1.540972
v -0.139804 4.917721 -1.318407
v -0.108560 5.226647 -1.471065
v -0.121085 5.149416 -1.409865
v -0.130337 5.072184 -1.364662
v -0.136325 4.994953 -1.335405
v 0.002839 5.303879 -1.531678
v 0.002839 4.917721 -1.304752
v 0.002839 5.226647 -1.460402
v 0.002839 5.149416 -1.398003
v 0.002839 5.072184 -1.351915
v 0.002839 4.994953 -1.322084
v 0.193290 5.303879 -1.568496
v 0.282643 4.917721 -1.358844
v 0.221355 5.226647 -1.502645
v 0.245925 5.149416 -1.444996
v 0.264073 5.072184 -1.402416
v 0.275819 4.994953 -1.374856
v 0.099930 5.303879 -1.540972
v 0.145482 4.917721 -1.318407
v 0.114238 5.226647 -1.471065
v 0.126763 5.149416 -1.409865
v 0.136015 5.072184 -1.364662
v 0.142003 4.994953 -1.335405
v 0.145482 4.917721 -2.712313
v 0.099930 5.303879 -2.489748
v 0.142003 4.994953 -2.695315
v 0.136015 5.072184 -2.666057
v 0.126763 5.149416 -2.620854
v 0.114238 5.226647 -2.559654
v 0.282643 4.917721 -2.671875
v 0.193290 5.303879 -2.462224
v 0.275818 4.994953 -2.655863
v 0.264072 5.072184 -2.628303
v 0.245925 5.149416 -2.585723
v 0.221355 5.226647 -2.528074
v 0.409051 4.917721 -2.606208
v 0.279331 5.303879 -2.417526
v 0.399144 4.994953 -2.591798
v 0.382091 5.072184 -2.566994
v 0.355745 5.149416 -2.528673
v 0.320076 5.226647 -2.476790
v 0.519849 4.917721 -2.517835
v 0.354747 5.303879 -2.357374
v 0.507239 4.994953 -2.505580
v 0.485536 5.072184 -2.484486
v 0.452004 5.149416 -2.451897
v 0.406604 5.226647 -2.407774
v 0.610778 4.917721 -2.410152
v 0.416639 5.303879 -2.284079
v 0.595951 4.994953 -2.400523
v 0.570430 5.072184 -2.383950
v 0.531001 5.149416 -2.358345
v 0.477617 5.226647 -2.323678
v 0.678345 4.917721 -2.287297
v 0.462629 5.303879 -2.200457
v 0.661870 4.994953 -2.280665
v 0.633513 5.072184 -2.269249
v 0.589701 5.149416 -2.251612
v 0.530384 5.226647 -2.227733
v 0.719952 4.917721 -2.153992
v 0.490949 5.303879 -2.109721
v 0.702463 4.994953 -2.150611
v 0.672359 5.072184 -2.144791
v 0.625848 5.149416 -2.135800
v 0.562878 5.226647 -2.123627
v 0.734001 4.917721 -2.015360
v 0.500512 5.303879 -2.015360
v 0.716169 4.994953 -2.015360
v 0.685475 5.072184 -2.015360
v 0.638054 5.149416 -2.015360
v 0.573850 5.226647 -2.015360
v 0.719952 4.917721 -1.876727
v 0.490949 5.303879 -1.920998
v 0.702463 4.994953 -1.880108
v 0.672359 5.072184 -1.885928
v 0.625848 5.149416 -1.894920
v 0.562878 5.226647 -1.907093
v 0.678345 4.917721 -1.743422
v 0.462629 5.303879 -1.830263
v 0.661870 4.994953 -1.750054
v 0.633513 5.072184 -1.761470
v 0.589701 5.149416 -1.779107
v 0.530384 5.226647 -1.802987
v 0.610778 4.917721 -1.620567
v 0.416639 5.303879 -1.746641
v 0.595951 4.994953 -1.630196
v 0.570430 5.072184 -1.646769
v 0.531001 5.149416 -1.672375
v 0.477617 5.226647 -1.707042
v 0.519849 4.917721 -1.512884
v 0.354747 5.303879 -1.673345
v 0.507239 4.994953 -1.525139
v 0.485536 5.072184 -1.546233
v 0.452004 5.149416 -1.578822
v 0.406605 5.226647 -1.622945
v 0.409051 4.917721 -1.424512
v 0.279331 5.303879 -1.613193
v 0.399144 4.994953 -1.438922
v 0.382091 5.072184 -1.463725
v 0.355745 5.149416 -1.502046
v 0.320076 5.226647 -1.553929
v -0.267392 6.956048 -2.015360
v -0.262199 6.956048 -2.066597
v -0.246821 6.956048 -2.115865
v -0.221849 6.956048 -2.161271
v -0.188243 6.956048 -2.201069
v -0.147293 6.956048 -2.233731
v -0.100574 6.956048 -2.258001
v -0.049880 6.956048 -2.272946
v 0.002839 6.956048 -2.277993
v 0.055558 6.956048 -2.272946
v 0.106252 6.956048 -2.258001
v 0.152971 6.956048 -2.233731
v 0.193921 6.956048 -2.201069
v 0.227527 6.956048 -2.161271
v 0.252499 6.956048 -2.115865
v 0.267877 6.956048 -2.066597
v 0.273069 6.956048 -2.015360
v 0.267877 6.956048 -1.964123
v 0.252499 6.956048 -1.914854
v 0.227527 6.956048 -1.869449
v 0.193921 6.956048 -1.829650
v 0.152971 6.956048 -1.796988
v 0.106252 6.956048 -1.772718
v 0.055558 6.956048 -1.757773
v 0.002839 6.956048 -1.752726
v -0.049880 6.956048 -1.757773
v -0.100574 6.956048 -1.772718
v -0.147293 6.956048 -1.796988
v -0.188243 6.956048 -1.829650
v -0.221849 6.956048 -1.869449
v -0.246821 6.956048 -1.914854
v -0.262199 6.956048 -1.964123
v 0.156183 6.824419 -1.792315
v 0.156225 6.944806 -1.792254
v 0.161432 6.845966 -1.784681
v 0.165044 6.871296 -1.779428
v 0.165058 6.897929 -1.779407
v 0.161466 6.923259 -1.784631
v 0.198063 6.944806 -1.825624
v 0.198009 6.824419 -1.825676
v 0.204733 6.923259 -1.819142
v 0.209305 6.897929 -1.814698
v 0.209286 6.871296 -1.814716
v 0.204690 6.845966 -1.819184
v 0.002839 6.824419 -2.283613
v 0.002839 6.944806 -2.283686
v 0.002839 6.845966 -2.292794
v 0.002839 6.871296 -2.299112
v 0.002839 6.897929 -2.299138
v 0.002839 6.923259 -2.292854
v -0.051023 6.944806 -2.278531
v -0.051009 6.824419 -2.278459
v -0.052864 6.923259 -2.287522
v -0.054125 6.897929 -2.293685
v -0.054120 6.871296 -2.293660
v -0.052852 6.845966 -2.287464
v 0.108464 6.824419 -1.767526
v 0.108493 6.944806 -1.767458
v 0.112080 6.845966 -1.759044
v 0.114567 6.871296 -1.753207
v 0.114577 6.897929 -1.753183
v 0.112103 6.923259 -1.758988
v 0.056686 6.824419 -2.278459
v 0.056701 6.944806 -2.278531
v 0.058529 6.845966 -2.287464
v 0.059798 6.871296 -2.293660
v 0.059803 6.897929 -2.293685
v 0.058541 6.923259 -2.287522
v 0.056686 6.824419 -1.752261
v 0.056701 6.944806 -1.752189
v 0.058529 6.845966 -1.743256
v 0.059798 6.871296 -1.737059
v 0.059803 6.897929 -1.737034
v 0.058541 6.923259 -1.743197
v 0.108464 6.824419 -2.263193
v 0.108493 6.944806 -2.263261
v 0.112080 6.845966 -2.271676
v 0.114567 6.871296 -2.277513
v 0.114577 6.897929 -2.277537
v 0.112103 6.923259 -2.271731
v 0.002839 6.824419 -1.747106
v 0.002839 6.944806 -1.747033
v 0.002839 6.845966 -1.737925
v 0.002839 6.871296 -1.731607
v 0.002839 6.897929 -1.731581
v 0.002839 6.923259 -1.737865
v 0.156183 6.824419 -2.238404
v 0.156225 6.944806 -2.238465
v 0.161432 6.845966 -2.246038
v 0.165043 6.871296 -2.251291
v 0.165058 6.897929 -2.251313
v 0.161466 6.923259 -2.246088
v -0.051009 6.824419 -1.752261
v -0.051023 6.944806 -1.752189
v -0.052852 6.845966 -1.743256
v -0.054120 6.871296 -1.737059
v -0.054125 6.897929 -1.737034
v -0.052864 6.923259 -1.743197
v 0.198009 6.824419 -2.205043
v 0.198063 6.944806 -2.205095
v 0.204689 6.845966 -2.211536
v 0.209286 6.871296 -2.216003
v 0.209305 6.897929 -2.216021
v 0.204733 6.923259 -2.211578
v -0.102787 6.824419 -1.767526
v -0.102816 6.944806 -1.767458
v -0.106402 6.845966 -1.759044
v -0.108890 6.871296 -1.753207
v -0.108900 6.897929 -1.753183
v -0.106426 6.923259 -1.758988
v 0.232335 6.824419 -2.164393
v 0.232398 6.944806 -2.164434
v 0.240190 6.845966 -2.169494
v 0.245595 6.871296 -2.173004
v 0.245617 6.897929 -2.173018
v 0.240241 6.923259 -2.169528
v -0.150506 6.824419 -1.792315
v -0.150548 6.944806 -1.792254
v -0.155754 6.845966 -1.784681
v -0.159366 6.871296 -1.779428
v -0.159380 6.897929 -1.779407
v -0.155788 6.923259 -1.784631
v 0.257842 6.824419 -2.118016
v 0.257911 6.944806 -2.118044
v 0.266569 6.845966 -2.121529
v 0.272575 6.871296 -2.123947
v 0.272600 6.897929 -2.123957
v 0.266626 6.923259 -2.121552
v -0.267871 6.824419 -2.067693
v -0.267945 6.944806 -2.067708
v -0.277136 6.845966 -2.069484
v -0.283512 6.871296 -2.070717
v -0.283538 6.897929 -2.070722
v -0.277196 6.923259 -2.069496
v -0.273250 6.944806 -2.015360
v -0.273174 6.824419 -2.015360
v -0.282683 6.923259 -2.015360
v -0.289148 6.897929 -2.015360
v -0.289122 6.871296 -2.015360
v -0.282621 6.845966 -2.015360
v -0.192332 6.824419 -1.825676
v -0.192385 6.944806 -1.825624
v -0.199012 6.845966 -1.819184
v -0.203608 6.871296 -1.814716
v -0.203627 6.897929 -1.814698
v -0.199055 6.923259 -1.819142
v 0.273548 6.824419 -2.067693
v 0.273622 6.944806 -2.067708
v 0.282814 6.845966 -2.069484
v 0.289189 6.871296 -2.070717
v 0.289215 6.897929 -2.070722
v 0.282874 6.923259 -2.069496
v -0.252164 6.824419 -2.118016
v -0.252234 6.944806 -2.118044
v -0.260892 6.845966 -2.121529
v -0.266898 6.871296 -2.123947
v -0.266922 6.897929 -2.123957
v -0.260949 6.923259 -2.121552
v -0.226657 6.824419 -1.866326
v -0.226720 6.944806 -1.866285
v -0.234512 6.845966 -1.861225
v -0.239917 6.871296 -1.857715
v -0.239940 6.897929 -1.857701
v -0.234564 6.923259 -1.861192
v 0.278852 6.824419 -2.015360
v 0.278927 6.944806 -2.015360
v 0.288299 6.845966 -2.015360
v 0.294799 6.871296 -2.015360
v 0.294826 6.897929 -2.015360
v 0.288360 6.923259 -2.015360
v -0.226657 6.824419 -2.164393
v -0.226720 6.944806 -2.164434
v -0.234512 6.845966 -2.169494
v -0.239917 6.871296 -2.173004
v -0.239940 6.897929 -2.173018
v -0.234564 6.923259 -2.169528
v -0.252164 6.824419 -1.912704
v -0.252234 6.944806 -1.912675
v -0.260892 6.845966 -1.909190
v -0.266898 6.871296 -1.906772
v -0.266922 6.897929 -1.906762
v -0.260949 6.923259 -1.909167
v 0.273548 6.824419 -1.963026
v 0.273622 6.944806 -1.963012
v 0.282814 6.845966 -1.961235
v 0.289189 6.871296 -1.960002
v 0.289215 6.897929 -1.959997
v 0.282874 6.923259 -1.961223
v -0.192332 6.824419 -2.205043
v -0.192385 6.944806 -2.205095
v -0.199012 6.845966 -2.211536
v -0.203608 6.871296 -2.216003
v -0.203627 6.897929 -2.216021
v -0.199055 6.923259 -2.211578
v -0.267871 6.824419 -1.963026
v -0.267945 6.944806 -1.963012
v -0.277136 6.845966 -1.961235
v -0.283512 6.871296 -1.960002
v -0.283538 6.897929 -1.959997
v -0.277196 6.923259 -1.961223
v 0.257842 6.824419 -1.912704
v 0.257911 6.944806 -1.912675
v 0.266569 6.845966 -1.909190
v 0.272575 6.871296 -1.906772
v 0.272600 6.897929 -1.906762
v 0.266626 6.923259 -1.909167
v -0.150506 6.824419 -2.238404
v -0.150548 6.944806 -2.238465
v -0.155754 6.845966 -2.246038
v -0.159366 6.871296 -2.251291
v -0.159380 6.897929 -2.251313
v -0.155788 6.923259 -2.246088
v 0.232335 6.824419 -1.866326
v 0.232398 6.944806 -1.866285
v 0.240190 6.845966 -1.861225
v 0.245595 6.871296 -1.857715
v 0.245617 6.897929 -1.857701
v 0.240241 6.923259 -1.861192
v -0.102787 6.824419 -2.263193
v -0.102816 6.944806 -2.263261
v -0.106402 6.845966 -2.271676
v -0.108890 6.871296 -2.277513
v -0.108900 6.897929 -2.277537
v -0.106426 6.923259 -2.271731
v 0.002839 6.956048 -2.015360
v -0.109180 6.884735 -2.278194
v -0.054268 6.884735 -2.294384
v 0.246226 6.884735 -1.857305
v 0.209823 6.884735 -1.814195
v -0.159788 6.884735 -2.251905
v 0.273277 6.884735 -1.906490
v -0.284256 6.884735 -1.959858
v -0.289881 6.884735 -2.015360
v -0.204145 6.884735 -2.216525
v 0.289934 6.884735 -1.959859
v -0.267599 6.884735 -1.906490
v -0.240549 6.884735 -2.173414
v 0.295559 6.884735 -2.015360
v -0.240549 6.884735 -1.857305
v -0.267599 6.884735 -2.124229
v 0.289934 6.884735 -2.070861
v -0.204145 6.884735 -1.814195
v -0.284256 6.884735 -2.070861
v 0.273277 6.884735 -2.124229
v -0.159788 6.884735 -1.778815
v 0.246226 6.884735 -2.173414
v -0.109180 6.884735 -1.752525
v 0.209823 6.884735 -2.216525
v -0.054268 6.884735 -1.736336
v 0.165465 6.884735 -2.251905
v 0.002839 6.884735 -1.730869
v 0.114858 6.884735 -2.278194
v 0.059946 6.884735 -1.736336
v 0.059946 6.884735 -2.294384
v 0.114858 6.884735 -1.752525
v 0.002839 6.884735 -2.299850
v 0.165465 6.884735 -1.778815
v 0.287712 4.701144 -2.683770
v 0.529216 4.701144 -2.526939
v 0.690584 4.701144 -2.292224
v 0.747248 4.701144 -2.015360
v 0.621793 4.701144 -1.613415
v 0.529216 4.701144 -1.503781
v 0.148066 4.701144 -1.305779
v -0.616115 4.701144 -1.613415
v -0.730093 2.915660 -2.157050
v -0.618511 2.915660 -2.418860
v 0.418011 2.915660 -2.619241
v 0.624188 2.915660 -2.418860
v 0.693246 2.915660 -2.293296
v 0.750130 2.915660 -2.015360
v 0.735771 2.915660 -1.873669
v 0.693246 2.915660 -1.737424
v 0.531253 2.915660 -1.501801
v 0.418012 2.915660 -1.411478
v 0.288815 2.915660 -1.344363
v 0.148628 2.915660 -1.303033
v -0.142950 2.915660 -1.303033
v -0.283137 2.915660 -1.344363
v -0.412334 2.915660 -1.411478
v -0.525576 2.915660 -1.501801
v -0.741571 4.701144 -2.015360
v -0.727267 4.701144 -2.156504
v -0.684906 4.701144 -2.292224
v -0.616115 4.701144 -2.417305
v -0.523538 4.701144 -2.526939
v -0.410733 4.701144 -2.616913
v -0.282034 4.701144 -2.683770
v -0.142388 4.701144 -2.724940
v 0.002839 4.701144 -2.738842
v 0.148066 4.701144 -2.724940
v 0.416411 4.701144 -2.616913
v 0.621793 4.701144 -2.417305
v 0.732945 4.701144 -2.156504
v 0.732945 4.701144 -1.874215
v 0.690584 4.701144 -1.738495
v 0.416411 4.701144 -1.413807
v 0.287712 4.701144 -1.346950
v 0.002839 4.701144 -1.291878
v -0.142388 4.701144 -1.305779
v -0.282034 4.701144 -1.346950
v -0.410733 4.701144 -1.413807
v -0.523538 4.701144 -1.503781
v -0.684906 4.701144 -1.738495
v -0.727267 4.701144 -1.874215
v -0.744452 2.915660 -2.015360
v -0.687568 2.915660 -2.293296
v -0.525576 2.915660 -2.528919
v -0.412334 2.915660 -2.619241
v -0.283137 2.915660 -2.686357
v -0.142950 2.915660 -2.727686
v 0.002839 2.915660 -2.741642
v 0.148628 2.915660 -2.727686
v 0.288815 2.915660 -2.686357
v 0.531253 2.915660 -2.528919
v 0.735771 2.915660 -2.157050
v 0.624188 2.915660 -1.611859
v 0.002839 2.915660 -1.289078
v -0.618511 2.915660 -1.611859
v -0.687568 2.915660 -1.737424
v -0.730093 2.915660 -1.873669
v -0.441262 5.355499 -2.015360
v -0.382166 5.550827 -2.015360
v -0.429111 5.385794 -2.015360
v -0.414755 5.421040 -2.015360
v -0.400828 5.464256 -2.015360
v -0.389599 5.508972 -2.015360
v -0.374729 5.550827 -2.088351
v -0.433245 5.355499 -2.099663
v -0.382057 5.508973 -2.089768
v -0.393156 5.464256 -2.091913
v -0.406939 5.421041 -2.094578
v -0.421161 5.385794 -2.097327
v -0.352733 5.550827 -2.158502
v -0.409816 5.355500 -2.181481
v -0.359755 5.508974 -2.161329
v -0.370503 5.464256 -2.165656
v -0.383924 5.421041 -2.171058
v -0.397829 5.385794 -2.176656
v -0.317078 5.550826 -2.223112
v -0.371303 5.355503 -2.258326
v -0.323563 5.508975 -2.227323
v -0.333656 5.464256 -2.233878
v -0.346371 5.421043 -2.242135
v -0.359627 5.385793 -2.250743
v -0.269163 5.550826 -2.279715
v -0.318024 5.355505 -2.327202
v -0.274830 5.508976 -2.285222
v -0.283816 5.464256 -2.293956
v -0.295242 5.421045 -2.305060
v -0.307233 5.385793 -2.316715
v -0.210831 5.550826 -2.326149
v -0.251206 5.355507 -2.384876
v -0.215392 5.508976 -2.332783
v -0.222742 5.464256 -2.343475
v -0.232163 5.421046 -2.357177
v -0.242104 5.385792 -2.371637
v -0.144320 5.550826 -2.360645
v -0.173196 5.355509 -2.428397
v -0.147519 5.508976 -2.368152
v -0.152738 5.464256 -2.380395
v -0.159464 5.421048 -2.396178
v -0.166591 5.385791 -2.412900
v -0.072176 5.550826 -2.381884
v -0.087237 5.355510 -2.455470
v -0.073826 5.508976 -2.389942
v -0.076535 5.464255 -2.403182
v -0.080040 5.421048 -2.420307
v -0.083763 5.385791 -2.438495
v 0.002839 5.550826 -2.389055
v 0.002839 5.355510 -2.464657
v 0.002839 5.508977 -2.397302
v 0.002839 5.464255 -2.410885
v 0.002839 5.421049 -2.428473
v 0.002839 5.385791 -2.447168
v 0.077854 5.550826 -2.381884
v 0.092915 5.355510 -2.455470
v 0.079503 5.508976 -2.389942
v 0.082213 5.464256 -2.403182
v 0.085718 5.421048 -2.420307
v 0.089440 5.385791 -2.438495
v 0.149998 5.550826 -2.360645
v 0.178873 5.355509 -2.428397
v 0.153197 5.508976 -2.368152
v 0.158415 5.464256 -2.380395
v 0.165142 5.421048 -2.396178
v 0.172269 5.385791 -2.412900
v 0.216509 5.550826 -2.326149
v 0.256884 5.355507 -2.384876
v 0.221070 5.508976 -2.332783
v 0.228420 5.464256 -2.343475
v 0.237840 5.421046 -2.357177
v 0.247782 5.385792 -2.371637
v 0.274841 5.550826 -2.279715
v 0.323701 5.355505 -2.327202
v 0.280508 5.508976 -2.285222
v 0.289494 5.464256 -2.293956
v 0.300920 5.421045 -2.305060
v 0.312911 5.385793 -2.316715
v 0.322756 5.550826 -2.223112
v 0.376981 5.355503 -2.258326
v 0.329240 5.508975 -2.227323
v 0.339334 5.464256 -2.233878
v 0.352049 5.421043 -2.242135
v 0.365305 5.385793 -2.250743
v 0.358410 5.550827 -2.158502
v 0.415493 5.355500 -2.181481
v 0.365433 5.508974 -2.161329
v 0.376181 5.464256 -2.165656
v 0.389602 5.421041 -2.171059
v 0.403506 5.385794 -2.176656
v 0.380407 5.550827 -2.088351
v 0.438923 5.355499 -2.099664
v 0.387735 5.508973 -2.089768
v 0.398833 5.464256 -2.091913
v 0.412616 5.421041 -2.094578
v 0.426839 5.385794 -2.097327
v 0.387843 5.550827 -2.015360
v 0.446939 5.355499 -2.015360
v 0.395276 5.508972 -2.015360
v 0.406506 5.464256 -2.015360
v 0.420433 5.421040 -2.015360
v 0.434789 5.385795 -2.015360
v 0.380407 5.550827 -1.942368
v 0.438923 5.355499 -1.931056
v 0.387735 5.508973 -1.940952
v 0.398833 5.464256 -1.938806
v 0.412616 5.421041 -1.936141
v 0.426839 5.385794 -1.933392
v 0.358410 5.550827 -1.872218
v 0.415493 5.355500 -1.849238
v 0.365433 5.508974 -1.869391
v 0.376181 5.464256 -1.865064
v 0.389602 5.421041 -1.859661
v 0.403506 5.385794 -1.854064
v 0.322756 5.550826 -1.807607
v 0.376981 5.355503 -1.772394
v 0.329240 5.508975 -1.803397
v 0.339334 5.464256 -1.796842
v 0.352049 5.421043 -1.788585
v 0.365305 5.385793 -1.779976
v 0.274841 5.550826 -1.751005
v 0.323701 5.355505 -1.703518
v 0.280508 5.508976 -1.745497
v 0.289494 5.464256 -1.736764
v 0.300919 5.421045 -1.725659
v 0.312911 5.385793 -1.714005
v 0.216509 5.550826 -1.704570
v 0.256884 5.355507 -1.645844
v 0.221070 5.508976 -1.697936
v 0.228420 5.464256 -1.687245
v 0.237840 5.421046 -1.673543
v 0.247782 5.385792 -1.659083
v 0.149998 5.550826 -1.670075
v 0.178874 5.355509 -1.602322
v 0.153197 5.508976 -1.662568
v 0.158415 5.464256 -1.650324
v 0.165142 5.421048 -1.634542
v 0.172269 5.385791 -1.617820
v 0.077854 5.550826 -1.648836
v 0.092915 5.355510 -1.575249
v 0.079503 5.508976 -1.640777
v 0.082213 5.464256 -1.627537
v 0.085718 5.421048 -1.610412
v 0.089440 5.385791 -1.592225
v 0.002839 5.550826 -1.641665
v 0.002839 5.355510 -1.566062
v 0.002839 5.508977 -1.633417
v 0.002839 5.464255 -1.619835
v 0.002839 5.421049 -1.602246
v 0.002839 5.385791 -1.583551
v -0.072176 5.550826 -1.648836
v -0.087237 5.355510 -1.575249
v -0.073826 5.508976 -1.640777
v -0.076535 5.464255 -1.627537
v -0.080040 5.421048 -1.610412
v -0.083763 5.385791 -1.592225
v -0.144320 5.550826 -1.670075
v -0.173196 5.355509 -1.602322
v -0.147519 5.508976 -1.662568
v -0.152738 5.464256 -1.650324
v -0.159464 5.421048 -1.634542
v -0.166591 5.385791 -1.617820
v -0.210831 5.550826 -1.704570
v -0.251206 5.355507 -1.645844
v -0.215392 5.508976 -1.697936
v -0.222742 5.464256 -1.687245
v -0.232163 5.421046 -1.673543
v -0.242104 5.385792 -1.659083
v -0.269163 5.550826 -1.751005
v -0.318024 5.355505 -1.703518
v -0.274830 5.508976 -1.745497
v -0.283816 5.464256 -1.736764
v -0.295242 5.421045 -1.725659
v -0.307233 5.385793 -1.714005
v -0.317079 5.550826 -1.807607
v -0.371303 5.355503 -1.772394
v -0.323563 5.508975 -1.803397
v -0.333656 5.464256 -1.796842
v -0.346371 5.421043 -1.788585
v -0.359627 5.385793 -1.779976
v -0.352733 5.550827 -1.872218
v -0.409816 5.355500 -1.849238
v -0.359755 5.508974 -1.869391
v -0.370503 5.464256 -1.865064
v -0.383924 5.421041 -1.859661
v -0.397829 5.385794 -1.854063
v -0.374729 5.550827 -1.942368
v -0.433245 5.355499 -1.931056
v -0.382057 5.508973 -1.940952
v -0.393156 5.464256 -1.938806
v -0.406939 5.421041 -1.936141
v -0.421161 5.385794 -1.933392
vn -0.0000 1.0000 -0.0000
vn -0.0000 0.9797 -0.2004
vn -0.0000 0.9200 -0.3919
vn -0.0000 0.8242 -0.5663
vn -0.0000 0.6972 -0.7169
vn -0.0000 0.5448 -0.8385
vn -0.0000 0.3736 -0.9276
vn -0.0000 0.1899 -0.9818
vn -0.0000 -0.0000 -1.0000
vn -0.0000 -0.1899 -0.9818
vn -0.0000 -0.3736 -0.9276
vn -0.0000 -0.5448 -0.8385
vn -0.0000 -0.6972 -0.7169
vn -0.0000 -0.8242 -0.5663
vn -0.0000 -0.9200 -0.3919
vn -0.0000 -0.9797 -0.2004
vn -0.0000 -1.0000 -0.0000
vn -0.0000 -0.9797 0.2004
vn -0.0000 -0.9200 0.3919
vn -0.0000 -0.8242 0.5663
vn -0.0000 -0.6972 0.7169
vn -0.0000 -0.5448 0.8385
vn -0.0000 -0.3736 0.9276
vn -0.0000 -0.1899 0.9818
vn -0.0000 -0.0000 1.0000
vn -0.0000 0.1899 0.9818
vn -0.0000 0.3736 0.9276
vn -0.0000 0.5448 0.8385
vn -0.0000 0.6972 0.7169
vn -0.0000 0.8242 0.5663
vn -0.0000 0.9200 0.3919
vn -1.0000 -0.0000 -0.0000
vn -0.0000 0.9797 0.2004
vn 1.0000 -0.0000 -0.0000
vn -0.0000 -0.6971 -0.7169
vn -0.1834 -0.2553 -0.9493
vn -0.1838 -0.2553 -0.9492
vn -0.0000 -0.2550 -0.9669
vn -0.3609 -0.2560 0.8968
vn -0.3614 -0.2560 0.8966
vn -0.5269 -0.2571 0.8101
vn -0.5262 -0.2571 0.8106
vn 0.1838 -0.2553 -0.9492
vn 0.1834 -0.2553 -0.9493
vn -0.6738 -0.2584 0.6923
vn -0.6732 -0.2584 0.6929
vn 0.3614 -0.2560 -0.8966
vn 0.3609 -0.2560 -0.8968
vn -0.7961 -0.2597 0.5466
vn -0.7957 -0.2597 0.5472
vn 0.5269 -0.2571 -0.8101
vn 0.5262 -0.2571 -0.8106
vn -0.8883 -0.2609 0.3780
vn -0.8880 -0.2609 0.3786
vn 0.9651 -0.2619 -0.0000
vn 0.9456 -0.2616 0.1933
vn 0.9456 -0.2616 0.1936
vn 0.6738 -0.2584 -0.6923
vn 0.6732 -0.2584 -0.6929
vn -0.9456 -0.2616 0.1933
vn -0.9456 -0.2616 0.1936
vn 0.8883 -0.2609 0.3780
vn 0.8880 -0.2609 0.3786
vn 0.7961 -0.2597 -0.5466
vn 0.7957 -0.2597 -0.5472
vn -0.9651 -0.2619 -0.0000
vn 0.7961 -0.2597 0.5466
vn 0.7957 -0.2597 0.5472
vn 0.8883 -0.2609 -0.3780
vn 0.8880 -0.2609 -0.3786
vn -0.9456 -0.2616 -0.1933
vn -0.9456 -0.2616 -0.1936
vn 0.6738 -0.2584 0.6923
vn 0.6732 -0.2584 0.6929
vn 0.9456 -0.2616 -0.1933
vn 0.9456 -0.2616 -0.1936
vn -0.8883 -0.2609 -0.3780
vn -0.8880 -0.2609 -0.3786
vn 0.5268 -0.2571 0.8101
vn 0.5262 -0.2571 0.8106
vn -0.7961 -0.2597 -0.5466
vn -0.7957 -0.2597 -0.5472
vn 0.3614 -0.2560 0.8966
vn 0.3609 -0.2560 0.8968
vn -0.6738 -0.2584 -0.6923
vn -0.6732 -0.2584 -0.6929
vn 0.1838 -0.2553 0.9492
vn 0.1834 -0.2553 0.9493
vn -0.5269 -0.2571 -0.8101
vn -0.5262 -0.2571 -0.8106
vn -0.0000 -0.2550 0.9669
vn -0.3614 -0.2560 -0.8966
vn -0.3609 -0.2560 -0.8968
vn -0.1838 -0.2553 0.9492
vn -0.1834 -0.2553 0.9493
vn 0.1408 0.9896 0.0289
vn 0.1408 0.9896 0.0287
vn 0.1436 0.9896 -0.0000
vn 0.1326 0.9896 0.0567
vn 0.1327 0.9896 0.0563
vn 0.1192 0.9895 0.0822
vn 0.1195 0.9895 0.0818
vn 0.1013 0.9893 0.1046
vn 0.1017 0.9893 0.1042
vn 0.0795 0.9892 0.1229
vn 0.0799 0.9892 0.1226
vn 0.0548 0.9891 0.1365
vn 0.0551 0.9891 0.1363
vn 0.0279 0.9891 0.1448
vn 0.0281 0.9891 0.1448
vn -0.0000 0.9890 0.1476
vn -0.0279 0.9891 0.1448
vn -0.0281 0.9891 0.1448
vn -0.0548 0.9891 0.1365
vn -0.0551 0.9891 0.1363
vn -0.0796 0.9892 0.1229
vn -0.0799 0.9892 0.1226
vn -0.1013 0.9893 0.1046
vn -0.1017 0.9893 0.1042
vn -0.1192 0.9895 0.0822
vn -0.1195 0.9895 0.0818
vn -0.1326 0.9896 0.0567
vn -0.1327 0.9896 0.0563
vn -0.1408 0.9896 0.0289
vn -0.1408 0.9896 0.0287
vn -0.1436 0.9896 -0.0000
vn -0.1408 0.9896 -0.0289
vn -0.1408 0.9896 -0.0287
vn -0.1326 0.9896 -0.0567
vn -0.1327 0.9896 -0.0563
vn -0.1192 0.9895 -0.0822
vn -0.1195 0.9895 -0.0818
vn -0.1013 0.9893 -0.1046
vn -0.1017 0.9893 -0.1042
vn -0.0796 0.9892 -0.1229
vn -0.0799 0.9892 -0.1226
vn -0.0548 0.9891 -0.1365
vn -0.0551 0.9891 -0.1363
vn -0.0279 0.9891 -0.1448
vn -0.0281 0.9891 -0.1448
vn -0.0000 0.9890 -0.1476
vn 0.0279 0.9891 -0.1448
vn 0.0281 0.9891 -0.1448
vn 0.0548 0.9891 -0.1365
vn 0.0551 0.9891 -0.1363
vn 0.0796 0.9892 -0.1229
vn 0.0799 0.9892 -0.1226
vn 0.1013 0.9893 -0.1046
vn 0.1017 0.9893 -0.1042
vn 0.1192 0.9895 -0.0822
vn 0.1195 0.9895 -0.0818
vn 0.1326 0.9896 -0.0567
vn 0.1327 0.9896 -0.0563
vn 0.1408 0.9896 -0.0289
vn 0.1408 0.9896 -0.0287
vn 0.2837 0.6524 -0.7028
vn 0.2826 0.6524 -0.7032
vn 0.4114 0.6541 -0.6348
vn 0.4127 0.6541 -0.6339
vn -0.1265 0.7444 -0.6557
vn -0.1271 0.7444 -0.6556
vn -0.2496 0.7454 -0.6181
vn -0.2485 0.7454 -0.6186
vn -0.3629 0.7469 -0.5572
vn -0.3616 0.7469 -0.5581
vn -0.4627 0.7487 -0.4747
vn -0.4615 0.7487 -0.4759
vn -0.5451 0.7505 -0.3736
vn -0.5442 0.7505 -0.3750
vn -0.6067 0.7520 -0.2578
vn -0.6062 0.7520 -0.2589
vn -0.6447 0.7530 -0.1315
vn -0.6446 0.7530 -0.1322
vn -0.6576 0.7534 -0.0000
vn -0.6447 0.7530 0.1315
vn -0.6446 0.7530 0.1322
vn -0.6067 0.7520 0.2578
vn -0.6062 0.7520 0.2589
vn -0.5451 0.7505 0.3736
vn -0.5442 0.7505 0.3750
vn -0.4627 0.7487 0.4747
vn -0.4615 0.7487 0.4759
vn -0.3629 0.7469 0.5572
vn -0.3616 0.7469 0.5581
vn -0.2496 0.7454 0.6181
vn -0.2485 0.7454 0.6186
vn 0.5437 -0.0666 0.8366
vn 0.5448 0.0001 0.8385
vn 0.3736 0.0001 0.9276
vn 0.3729 -0.0663 0.9255
vn 0.9775 -0.0678 -0.1999
vn 0.9797 0.0001 -0.2004
vn 1.0000 0.0001 -0.0000
vn 0.9977 -0.0679 -0.0000
vn 0.3736 -0.0017 -0.9276
vn 0.3736 -0.0016 -0.9276
vn 0.1899 -0.0016 -0.9818
vn 0.1899 -0.0017 -0.9818
vn 0.6957 -0.0669 0.7152
vn 0.6971 0.0001 0.7169
vn 0.9179 -0.0676 -0.3909
vn 0.9200 0.0001 -0.3919
vn -0.0000 -0.0016 -1.0000
vn -0.0000 -0.0017 -1.0000
vn 0.8224 -0.0673 0.5649
vn 0.8242 0.0001 0.5663
vn 0.8224 -0.0673 -0.5649
vn 0.8242 0.0001 -0.5663
vn -0.1899 -0.0016 -0.9818
vn -0.1899 -0.0017 -0.9818
vn 0.9179 -0.0676 0.3909
vn 0.9200 0.0001 0.3919
vn 0.6957 -0.0669 -0.7152
vn 0.6971 0.0001 -0.7169
vn -0.3736 -0.0016 -0.9276
vn -0.3736 -0.0017 -0.9276
vn 0.9775 -0.0678 0.1999
vn 0.9797 0.0001 0.2004
vn 0.5437 -0.0666 -0.8366
vn 0.5448 0.0001 -0.8385
vn -0.5448 -0.0016 -0.8385
vn -0.5448 -0.0017 -0.8385
vn 0.3729 -0.0663 -0.9255
vn 0.3736 0.0001 -0.9276
vn -0.6971 -0.0016 -0.7169
vn -0.6972 -0.0017 -0.7169
vn 0.1895 -0.0661 -0.9796
vn 0.1899 0.0001 -0.9818
vn -0.8242 -0.0017 -0.5663
vn -0.0000 -0.0660 -0.9978
vn -0.0000 0.0001 -1.0000
vn -0.9200 -0.0017 -0.3919
vn -0.1895 -0.0661 -0.9796
vn -0.1899 0.0001 -0.9818
vn -0.9797 -0.0017 -0.2004
vn -0.3729 -0.0663 -0.9255
vn -0.3736 0.0001 -0.9276
vn -1.0000 -0.0017 -0.0000
vn -0.5437 -0.0666 -0.8366
vn -0.5448 0.0001 -0.8385
vn -0.9797 -0.0017 0.2004
vn -0.6957 -0.0669 -0.7152
vn -0.6971 0.0001 -0.7169
vn -0.9200 -0.0017 0.3919
vn -0.8224 -0.0673 -0.5649
vn -0.8242 0.0001 -0.5663
vn -0.8242 -0.0017 0.5663
vn -0.0000 0.7440 -0.6682
vn 0.1265 0.7444 -0.6557
vn 0.1271 0.7444 -0.6556
vn 0.2485 0.7454 -0.6186
vn 0.2496 0.7454 -0.6182
vn 0.3616 0.7469 -0.5581
vn 0.3629 0.7469 -0.5572
vn 0.6446 0.7530 0.1322
vn 0.6447 0.7530 0.1315
vn 0.6576 0.7534 -0.0000
vn 0.4615 0.7487 -0.4759
vn 0.4627 0.7487 -0.4747
vn 0.6062 0.7520 0.2589
vn 0.6067 0.7520 0.2578
vn 0.5442 0.7505 -0.3750
vn 0.5451 0.7505 -0.3736
vn 0.5442 0.7505 0.3750
vn 0.5451 0.7505 0.3736
vn 0.6062 0.7520 -0.2589
vn 0.6067 0.7520 -0.2578
vn 0.4615 0.7487 0.4759
vn 0.4627 0.7487 0.4747
vn 0.6446 0.7530 -0.1322
vn 0.6447 0.7530 -0.1315
vn 0.3616 0.7469 0.5581
vn 0.3629 0.7469 0.5572
vn 0.2485 0.7454 0.6186
vn 0.2496 0.7454 0.6182
vn 0.1265 0.7444 0.6557
vn 0.1271 0.7444 0.6556
vn -0.0000 0.7440 0.6682
vn -0.1265 0.7444 0.6557
vn -0.1271 0.7444 0.6556
vn -0.0000 0.6509 0.7592
vn -0.1438 0.6513 0.7451
vn -0.1444 0.6513 0.7450
vn 0.5254 0.6561 -0.5417
vn 0.5267 0.6561 -0.5404
vn -0.2826 0.6524 0.7032
vn -0.2837 0.6524 0.7028
vn 0.6200 0.6582 -0.4271
vn 0.6209 0.6582 -0.4257
vn -0.4114 0.6541 0.6348
vn -0.4127 0.6541 0.6339
vn 0.6910 0.6599 -0.2951
vn 0.6915 0.6599 -0.2939
vn -0.7499 0.6615 -0.0000
vn -0.7350 0.6611 -0.1507
vn -0.7351 0.6611 -0.1500
vn -0.5254 0.6561 0.5417
vn -0.5267 0.6561 0.5404
vn 0.7350 0.6611 -0.1507
vn 0.7351 0.6611 -0.1500
vn -0.6910 0.6599 -0.2951
vn -0.6915 0.6599 -0.2939
vn -0.6200 0.6582 0.4271
vn -0.6209 0.6582 0.4257
vn 0.7499 0.6615 -0.0000
vn -0.6200 0.6582 -0.4271
vn -0.6209 0.6582 -0.4257
vn -0.6910 0.6599 0.2951
vn -0.6915 0.6599 0.2939
vn 0.7350 0.6611 0.1507
vn 0.7351 0.6611 0.1500
vn -0.5254 0.6561 -0.5417
vn -0.5267 0.6561 -0.5404
vn -0.7350 0.6611 0.1507
vn -0.7351 0.6611 0.1500
vn 0.6910 0.6599 0.2951
vn 0.6915 0.6599 0.2939
vn -0.4114 0.6541 -0.6348
vn -0.4127 0.6541 -0.6339
vn 0.6200 0.6582 0.4271
vn 0.6209 0.6582 0.4257
vn -0.2826 0.6524 -0.7032
vn -0.2837 0.6524 -0.7028
vn 0.5254 0.6561 0.5417
vn 0.5267 0.6561 0.5404
vn -0.1438 0.6513 -0.7451
vn -0.1444 0.6513 -0.7450
vn 0.4114 0.6541 0.6348
vn 0.4127 0.6541 0.6339
vn -0.0000 0.6509 -0.7592
vn 0.2826 0.6524 0.7032
vn 0.2837 0.6524 0.7028
vn 0.1438 0.6513 -0.7451
vn 0.1444 0.6513 -0.7450
vn 0.1438 0.6513 0.7451
vn 0.1444 0.6513 0.7450
vn -0.3678 -0.1768 -0.9129
vn -0.3576 -0.2902 -0.8876
vn -0.5213 -0.2914 -0.8021
vn -0.5362 -0.1776 -0.8252
vn -0.3360 -0.4373 -0.8342
vn -0.4896 -0.4389 -0.7534
vn -0.3066 -0.5714 -0.7612
vn -0.4465 -0.5731 -0.6872
vn -0.2825 -0.6542 -0.7016
vn -0.4112 -0.6559 -0.6330
vn -0.2926 -0.6344 -0.7155
vn -0.4196 -0.6481 -0.6355
vn -0.6666 -0.2928 -0.6854
vn -0.6860 -0.1785 -0.7054
vn -0.6258 -0.4408 -0.6435
vn -0.5703 -0.5752 -0.5865
vn -0.5250 -0.6579 -0.5400
vn -0.5257 -0.6643 -0.5313
vn -0.7877 -0.2943 -0.5412
vn -0.8108 -0.1795 -0.5571
vn -0.7391 -0.4427 -0.5078
vn -0.6730 -0.5772 -0.4625
vn -0.6192 -0.6599 -0.4256
vn -0.6076 -0.6802 -0.4101
vn -0.8789 -0.2955 -0.3743
vn -0.9050 -0.1803 -0.3854
vn -0.8242 -0.4443 -0.3511
vn -0.7501 -0.5790 -0.3195
vn -0.6898 -0.6617 -0.2939
vn -0.6652 -0.6928 -0.2784
vn -0.9357 -0.2963 -0.1914
vn -0.9636 -0.1808 -0.1971
vn -0.8772 -0.4454 -0.1794
vn -0.7980 -0.5802 -0.1632
vn -0.7336 -0.6628 -0.1501
vn -0.6996 -0.7005 -0.1409
vn -0.9550 -0.2966 -0.0000
vn -0.9835 -0.1810 -0.0000
vn -0.8952 -0.4458 -0.0000
vn -0.8142 -0.5806 -0.0000
vn -0.7484 -0.6632 -0.0000
vn -0.7113 -0.7029 -0.0000
vn -0.9357 -0.2963 0.1914
vn -0.9636 -0.1808 0.1971
vn -0.8772 -0.4454 0.1794
vn -0.7980 -0.5802 0.1632
vn -0.7336 -0.6628 0.1501
vn -0.6996 -0.7005 0.1409
vn -0.8789 -0.2955 0.3743
vn -0.9050 -0.1803 0.3854
vn -0.8242 -0.4443 0.3511
vn -0.7501 -0.5790 0.3195
vn -0.6898 -0.6617 0.2939
vn -0.6652 -0.6928 0.2784
vn -0.7877 -0.2943 0.5412
vn -0.8108 -0.1795 0.5571
vn -0.7391 -0.4427 0.5078
vn -0.6730 -0.5772 0.4625
vn -0.6192 -0.6599 0.4256
vn -0.6076 -0.6802 0.4101
vn -0.6666 -0.2928 0.6854
vn -0.6860 -0.1785 0.7054
vn -0.6258 -0.4408 0.6435
vn -0.5703 -0.5752 0.5865
vn -0.5250 -0.6579 0.5400
vn -0.5257 -0.6643 0.5313
vn -0.5213 -0.2914 0.8021
vn -0.5362 -0.1776 0.8252
vn -0.4896 -0.4389 0.7534
vn -0.4465 -0.5731 0.6872
vn -0.4112 -0.6559 0.6330
vn -0.4196 -0.6481 0.6355
vn -0.3576 -0.2902 0.8876
vn -0.3678 -0.1768 0.9129
vn -0.3360 -0.4373 0.8342
vn -0.3066 -0.5714 0.7612
vn -0.2825 -0.6542 0.7016
vn -0.2926 -0.6344 0.7155
vn -0.1818 -0.2895 0.9398
vn -0.1870 -0.1763 0.9664
vn -0.1709 -0.4363 0.8834
vn -0.1560 -0.5703 0.8065
vn -0.1438 -0.6531 0.7435
vn -0.1503 -0.6252 0.7659
vn -0.1870 -0.1763 -0.9664
vn -0.1818 -0.2895 -0.9398
vn -0.1709 -0.4363 -0.8834
vn -0.1560 -0.5703 -0.8065
vn -0.1438 -0.6531 -0.7435
vn -0.1503 -0.6252 -0.7659
vn -0.0000 -0.1762 -0.9844
vn -0.0000 -0.2892 -0.9573
vn -0.0000 -0.4359 -0.9000
vn -0.0000 -0.5699 -0.8217
vn -0.0000 -0.6527 -0.7576
vn -0.0000 -0.6220 -0.7830
vn 0.1870 -0.1763 -0.9664
vn 0.1818 -0.2895 -0.9398
vn 0.1709 -0.4363 -0.8834
vn 0.1560 -0.5703 -0.8065
vn 0.1438 -0.6531 -0.7435
vn 0.1503 -0.6252 -0.7659
vn 0.3678 -0.1768 -0.9129
vn 0.3576 -0.2902 -0.8876
vn 0.3360 -0.4373 -0.8342
vn 0.3066 -0.5714 -0.7612
vn 0.2825 -0.6542 -0.7016
vn 0.2926 -0.6344 -0.7155
vn 0.5362 -0.1776 -0.8252
vn 0.5213 -0.2914 -0.8021
vn 0.4896 -0.4389 -0.7534
vn 0.4465 -0.5731 -0.6872
vn 0.4112 -0.6559 -0.6330
vn 0.4196 -0.6481 -0.6355
vn 0.9636 -0.1808 0.1971
vn 0.9357 -0.2963 0.1914
vn 0.9550 -0.2966 -0.0000
vn 0.9835 -0.1810 -0.0000
vn 0.8772 -0.4454 0.1794
vn 0.8952 -0.4458 -0.0000
vn 0.7980 -0.5802 0.1632
vn 0.8142 -0.5806 -0.0000
vn 0.7336 -0.6628 0.1501
vn 0.7484 -0.6632 -0.0000
vn 0.6996 -0.7005 0.1409
vn 0.7113 -0.7029 -0.0000
vn 0.6860 -0.1785 -0.7054
vn 0.6666 -0.2928 -0.6854
vn 0.6258 -0.4408 -0.6435
vn 0.5703 -0.5752 -0.5865
vn 0.5250 -0.6579 -0.5400
vn 0.5257 -0.6643 -0.5313
vn 0.9050 -0.1803 0.3854
vn 0.8789 -0.2955 0.3743
vn 0.8242 -0.4443 0.3511
vn 0.7501 -0.5790 0.3195
vn 0.6898 -0.6617 0.2939
vn 0.6652 -0.6928 0.2784
vn 0.8108 -0.1795 -0.5571
vn 0.7877 -0.2943 -0.5412
vn 0.7391 -0.4427 -0.5078
vn 0.6730 -0.5772 -0.4625
vn 0.6192 -0.6599 -0.4256
vn 0.6076 -0.6802 -0.4101
vn 0.8108 -0.1795 0.5571
vn 0.7877 -0.2943 0.5412
vn 0.7391 -0.4427 0.5078
vn 0.6730 -0.5772 0.4625
vn 0.6192 -0.6599 0.4256
vn 0.6076 -0.6802 0.4101
vn 0.9050 -0.1803 -0.3854
vn 0.8789 -0.2955 -0.3743
vn 0.8242 -0.4443 -0.3511
vn 0.7501 -0.5790 -0.3195
vn 0.6898 -0.6617 -0.2939
vn 0.6652 -0.6928 -0.2784
vn 0.6860 -0.1785 0.7054
vn 0.6666 -0.2928 0.6854
vn 0.6258 -0.4408 0.6435
vn 0.5703 -0.5752 0.5865
vn 0.5250 -0.6579 0.5400
vn 0.5257 -0.6643 0.5313
vn 0.9636 -0.1808 -0.1971
vn 0.9357 -0.2963 -0.1914
vn 0.8772 -0.4454 -0.1794
vn 0.7980 -0.5802 -0.1632
vn 0.7336 -0.6628 -0.1501
vn 0.6996 -0.7005 -0.1409
vn 0.5362 -0.1776 0.8252
vn 0.5213 -0.2914 0.8021
vn 0.4896 -0.4389 0.7534
vn 0.4465 -0.5731 0.6872
vn 0.4112 -0.6559 0.6330
vn 0.4196 -0.6481 0.6355
vn 0.3678 -0.1768 0.9129
vn 0.3576 -0.2902 0.8876
vn 0.3360 -0.4373 0.8342
vn 0.3066 -0.5714 0.7612
vn 0.2825 -0.6542 0.7016
vn 0.2926 -0.6344 0.7155
vn 0.1870 -0.1763 0.9664
vn 0.1818 -0.2895 0.9398
vn 0.1709 -0.4363 0.8834
vn 0.1560 -0.5703 0.8065
vn 0.1438 -0.6531 0.7435
vn 0.1503 -0.6252 0.7659
vn -0.0000 -0.1762 0.9844
vn -0.0000 -0.2892 0.9573
vn -0.0000 -0.4359 0.9000
vn -0.0000 -0.5699 0.8217
vn -0.0000 -0.6527 0.7576
vn -0.0000 -0.6220 0.7830
vn 0.1895 -0.0661 0.9796
vn -0.0000 -0.0660 0.9978
vn -0.1895 -0.0661 0.9796
vn -0.3729 -0.0663 0.9255
vn -0.5437 -0.0666 0.8366
vn -0.6957 -0.0669 0.7152
vn -0.8224 -0.0673 0.5649
vn -0.9179 -0.0676 0.3909
vn -0.9775 -0.0678 0.1999
vn -0.9977 -0.0679 -0.0000
vn -0.9775 -0.0678 -0.1999
vn -0.9179 -0.0676 -0.3909
vn 0.3386 -0.4225 0.8407
vn 0.3544 -0.3168 0.8798
vn 0.1802 -0.3160 0.9315
vn 0.1722 -0.4215 0.8903
vn 0.3696 -0.1477 0.9174
vn 0.1879 -0.1473 0.9711
vn 0.3737 0.0005 0.9276
vn 0.3696 0.1488 0.9172
vn 0.1879 0.1484 0.9709
vn 0.1899 0.0005 0.9818
vn 0.3543 0.3177 0.8795
vn 0.1802 0.3169 0.9312
vn 0.3386 0.4228 0.8406
vn 0.1722 0.4218 0.8902
vn -0.7449 -0.4279 -0.5119
vn -0.7806 -0.3212 -0.5363
vn -0.6606 -0.3196 -0.6793
vn -0.6307 -0.4260 -0.6486
vn -0.8150 -0.1499 -0.5598
vn -0.6895 -0.1491 -0.7088
vn -0.8242 0.0005 -0.5662
vn -0.8148 0.1510 -0.5597
vn -0.6893 0.1502 -0.7087
vn -0.6972 0.0005 -0.7169
vn -0.7803 0.3220 -0.5361
vn -0.6604 0.3205 -0.6790
vn -0.7448 0.4282 -0.5118
vn -0.6306 0.4263 -0.6485
vn 0.4934 -0.4241 0.7594
vn 0.5166 -0.3181 0.7949
vn 0.5389 -0.1484 0.8292
vn 0.5449 0.0005 0.8385
vn 0.5388 0.1495 0.8290
vn 0.5164 0.3190 0.7947
vn 0.4933 0.4244 0.7593
vn -0.8308 -0.4295 -0.3539
vn -0.8709 -0.3225 -0.3709
vn -0.9096 -0.1506 -0.3873
vn -0.9200 0.0005 -0.3918
vn -0.9094 0.1517 -0.3872
vn -0.8706 0.3233 -0.3708
vn -0.8307 0.4298 -0.3538
vn 0.8842 -0.4306 -0.1809
vn 0.9271 -0.3234 -0.1896
vn 0.9462 -0.3237 -0.0000
vn 0.9024 -0.4310 -0.0000
vn 0.9685 -0.1510 -0.1980
vn 0.9885 -0.1512 -0.0000
vn 0.9797 0.0005 -0.2004
vn 0.9683 0.1521 -0.1980
vn 0.9883 0.1523 -0.0000
vn 1.0000 0.0005 -0.0000
vn 0.9268 0.3242 -0.1895
vn 0.9459 0.3245 -0.0000
vn 0.8841 0.4309 -0.1808
vn 0.9022 0.4313 -0.0000
vn 0.6307 -0.4260 0.6486
vn 0.6606 -0.3196 0.6793
vn 0.6895 -0.1491 0.7088
vn 0.6972 0.0005 0.7169
vn 0.6894 0.1502 0.7087
vn 0.6604 0.3205 0.6790
vn 0.6306 0.4263 0.6485
vn -0.8842 -0.4306 -0.1809
vn -0.9271 -0.3234 -0.1896
vn -0.9685 -0.1510 -0.1980
vn -0.9797 0.0005 -0.2004
vn -0.9683 0.1521 -0.1980
vn -0.9268 0.3242 -0.1895
vn -0.8841 0.4309 -0.1808
vn 0.8308 -0.4295 -0.3539
vn 0.8709 -0.3225 -0.3709
vn 0.9096 -0.1506 -0.3873
vn 0.9200 0.0005 -0.3918
vn 0.9094 0.1517 -0.3872
vn 0.8706 0.3233 -0.3708
vn 0.8307 0.4298 -0.3539
vn 0.7449 -0.4279 0.5119
vn 0.7806 -0.3212 0.5363
vn 0.8150 -0.1499 0.5598
vn 0.8242 0.0005 0.5662
vn 0.8148 0.1510 0.5597
vn 0.7803 0.3220 0.5361
vn 0.7448 0.4282 0.5118
vn -0.9024 -0.4310 -0.0000
vn -0.9462 -0.3237 -0.0000
vn -0.9885 -0.1512 -0.0000
vn -1.0000 0.0005 -0.0000
vn -0.9883 0.1523 -0.0000
vn -0.9459 0.3245 -0.0000
vn -0.9022 0.4313 -0.0000
vn 0.7449 -0.4279 -0.5119
vn 0.7806 -0.3212 -0.5363
vn 0.8150 -0.1499 -0.5598
vn 0.8242 0.0005 -0.5662
vn 0.8148 0.1510 -0.5597
vn 0.7803 0.3220 -0.5361
vn 0.7448 0.4282 -0.5118
vn 0.8308 -0.4295 0.3539
vn 0.8709 -0.3225 0.3709
vn 0.9096 -0.1506 0.3873
vn 0.9200 0.0005 0.3918
vn 0.9094 0.1517 0.3872
vn 0.8706 0.3233 0.3708
vn 0.8307 0.4298 0.3539
vn -0.8842 -0.4306 0.1809
vn -0.9271 -0.3234 0.1896
vn -0.9685 -0.1510 0.1980
vn -0.9797 0.0005 0.2004
vn -0.9683 0.1521 0.1980
vn -0.9268 0.3242 0.1895
vn -0.8841 0.4309 0.1808
vn 0.6307 -0.4260 -0.6486
vn 0.6606 -0.3196 -0.6793
vn 0.6895 -0.1491 -0.7088
vn 0.6972 0.0005 -0.7169
vn 0.6893 0.1502 -0.7087
vn 0.6604 0.3205 -0.6790
vn 0.6306 0.4263 -0.6485
vn 0.8842 -0.4306 0.1809
vn 0.9271 -0.3234 0.1896
vn 0.9685 -0.1510 0.1980
vn 0.9797 0.0005 0.2004
vn 0.9683 0.1521 0.1980
vn 0.9268 0.3242 0.1895
vn 0.8841 0.4309 0.1808
vn -0.8308 -0.4295 0.3539
vn -0.8709 -0.3225 0.3709
vn -0.9096 -0.1506 0.3873
vn -0.9200 0.0005 0.3918
vn -0.9094 0.1517 0.3872
vn -0.8706 0.3233 0.3708
vn -0.8307 0.4298 0.3538
vn 0.4934 -0.4241 -0.7594
vn 0.5166 -0.3181 -0.7949
vn 0.5389 -0.1484 -0.8292
vn 0.5449 0.0005 -0.8385
vn 0.5388 0.1495 -0.8290
vn 0.5164 0.3190 -0.7947
vn 0.4933 0.4244 -0.7593
vn -0.7449 -0.4279 0.5119
vn -0.7806 -0.3212 0.5363
vn -0.8150 -0.1499 0.5598
vn -0.8242 0.0005 0.5662
vn -0.8148 0.1510 0.5597
vn -0.7803 0.3220 0.5361
vn -0.7448 0.4282 0.5118
vn 0.3386 -0.4225 -0.8407
vn 0.3544 -0.3168 -0.8798
vn 0.3696 -0.1477 -0.9174
vn 0.3737 0.0005 -0.9276
vn 0.3696 0.1488 -0.9172
vn 0.3543 0.3177 -0.8795
vn 0.3386 0.4228 -0.8406
vn -0.6307 -0.4260 0.6486
vn -0.6606 -0.3196 0.6793
vn -0.6895 -0.1491 0.7088
vn -0.6972 0.0005 0.7169
vn -0.6893 0.1502 0.7087
vn -0.6604 0.3205 0.6791
vn -0.6306 0.4263 0.6485
vn 0.1722 -0.4215 -0.8903
vn 0.1802 -0.3160 -0.9315
vn 0.1879 -0.1473 -0.9711
vn 0.1899 0.0005 -0.9818
vn 0.1879 0.1484 -0.9709
vn 0.1801 0.3169 -0.9312
vn 0.1722 0.4218 -0.8902
vn -0.4934 -0.4241 0.7594
vn -0.5166 -0.3181 0.7949
vn -0.5389 -0.1484 0.8292
vn -0.5449 0.0005 0.8385
vn -0.5388 0.1495 0.8290
vn -0.5164 0.3190 0.7947
vn -0.4933 0.4244 0.7593
vn -0.0000 -0.4211 -0.9070
vn -0.0000 -0.3157 -0.9489
vn -0.0000 -0.1472 -0.9891
vn -0.0000 0.0005 -1.0000
vn -0.0000 0.1482 -0.9890
vn -0.0000 0.3166 -0.9486
vn -0.0000 0.4214 -0.9069
vn -0.3386 -0.4225 0.8407
vn -0.3544 -0.3168 0.8798
vn -0.3696 -0.1477 0.9174
vn -0.3737 0.0005 0.9276
vn -0.3696 0.1488 0.9172
vn -0.3543 0.3177 0.8795
vn -0.3386 0.4228 0.8406
vn -0.1722 -0.4215 -0.8903
vn -0.1802 -0.3160 -0.9315
vn -0.1879 -0.1473 -0.9711
vn -0.1899 0.0005 -0.9818
vn -0.1879 0.1484 -0.9709
vn -0.1801 0.3169 -0.9312
vn -0.1722 0.4218 -0.8902
vn -0.1722 -0.4215 0.8903
vn -0.1802 -0.3160 0.9315
vn -0.1879 -0.1473 0.9711
vn -0.1899 0.0005 0.9818
vn -0.1879 0.1484 0.9709
vn -0.1801 0.3169 0.9312
vn -0.1722 0.4218 0.8902
vn -0.3386 -0.4225 -0.8407
vn -0.3544 -0.3168 -0.8798
vn -0.3696 -0.1477 -0.9174
vn -0.3737 0.0005 -0.9276
vn -0.3696 0.1488 -0.9172
vn -0.3543 0.3177 -0.8795
vn -0.3386 0.4228 -0.8406
vn -0.0000 -0.4211 0.9070
vn -0.0000 -0.3157 0.9489
vn -0.0000 -0.1472 0.9891
vn -0.0000 0.0005 1.0000
vn -0.0000 0.1482 0.9890
vn -0.0000 0.3166 0.9486
vn -0.0000 0.4214 0.9069
vn -0.4934 -0.4241 -0.7594
vn -0.5166 -0.3181 -0.7949
vn -0.5389 -0.1484 -0.8292
vn -0.5449 0.0005 -0.8385
vn -0.5388 0.1495 -0.8290
vn -0.5164 0.3190 -0.7947
vn -0.4933 0.4244 -0.7593
vn -0.4846 0.4550 -0.7471
vn -0.6196 0.4569 -0.6382
vn -0.3325 -0.4533 -0.8270
vn -0.4846 -0.4549 -0.7471
vn -0.3325 0.4533 -0.8270
vn -0.6196 -0.4569 -0.6383
vn -0.7319 -0.4589 -0.5038
vn -0.7319 0.4589 -0.5037
vn -0.0000 0.4519 0.8921
vn 0.1691 0.4523 0.8757
vn -0.1691 -0.4522 0.8757
vn -0.0000 -0.4518 0.8921
vn -0.1691 0.4523 0.8757
vn 0.1691 -0.4522 0.8757
vn 0.3325 -0.4533 0.8270
vn 0.3326 0.4533 0.8270
vn -0.1691 -0.4522 -0.8758
vn -0.1691 0.4523 -0.8757
vn -0.3326 -0.4533 0.8270
vn -0.3326 0.4533 0.8270
vn -0.0000 -0.4518 -0.8921
vn -0.0000 0.4519 -0.8921
vn -0.4846 -0.4549 0.7471
vn -0.4846 0.4550 0.7471
vn 0.1691 -0.4522 -0.8758
vn 0.1691 0.4523 -0.8757
vn -0.6196 -0.4569 0.6382
vn -0.6196 0.4569 0.6382
vn 0.3325 -0.4533 -0.8270
vn 0.3325 0.4534 -0.8270
vn -0.7319 -0.4588 0.5038
vn -0.7319 0.4589 0.5037
vn 0.4846 -0.4549 -0.7471
vn 0.4846 0.4550 -0.7471
vn -0.8164 -0.4605 0.3483
vn -0.8164 0.4606 0.3483
vn 0.6196 -0.4569 -0.6382
vn 0.6196 0.4569 -0.6382
vn -0.8690 -0.4617 0.1780
vn -0.8689 0.4618 0.1780
vn 0.8689 0.4618 0.1780
vn 0.8868 0.4622 -0.0000
vn 0.8164 -0.4606 0.3483
vn 0.8690 -0.4617 0.1781
vn 0.8164 0.4606 0.3483
vn 0.8868 -0.4621 -0.0000
vn 0.8690 -0.4617 -0.1781
vn 0.8689 0.4618 -0.1780
vn 0.7319 -0.4589 -0.5038
vn 0.7319 0.4589 -0.5037
vn -0.8868 -0.4621 -0.0000
vn -0.8868 0.4622 -0.0000
vn 0.7319 -0.4589 0.5038
vn 0.7319 0.4589 0.5037
vn 0.8164 -0.4606 -0.3483
vn 0.8164 0.4606 -0.3483
vn -0.8690 -0.4617 -0.1781
vn -0.8689 0.4618 -0.1780
vn 0.6196 -0.4569 0.6383
vn 0.6196 0.4569 0.6382
vn -0.8164 -0.4606 -0.3483
vn -0.8164 0.4606 -0.3483
vn 0.4846 -0.4549 0.7471
vn 0.4846 0.4550 0.7471
vn 0.5448 -0.0017 -0.8385
vn 0.5448 -0.0016 -0.8385
vn 0.9797 -0.0017 0.2004
vn 1.0000 -0.0017 -0.0000
vn 0.1899 0.0001 0.9818
vn 0.6972 -0.0017 -0.7169
vn 0.6971 -0.0016 -0.7169
vn 0.9200 -0.0017 0.3919
vn -0.0000 0.0001 1.0000
vn 0.8242 -0.0017 -0.5663
vn 0.8242 -0.0017 0.5663
vn -0.1899 0.0001 0.9818
vn 0.9200 -0.0017 -0.3919
vn 0.6972 -0.0017 0.7169
vn 0.6972 -0.0016 0.7169
vn -0.3736 0.0001 0.9276
vn 0.9797 -0.0017 -0.2004
vn 0.5448 -0.0017 0.8385
vn 0.5448 -0.0016 0.8385
vn -0.5448 0.0001 0.8385
vn 0.3736 -0.0017 0.9276
vn 0.3736 -0.0016 0.9276
vn -0.6971 0.0001 0.7169
vn 0.1899 -0.0017 0.9818
vn 0.1899 -0.0016 0.9818
vn -0.8242 0.0001 0.5663
vn -0.0000 -0.0017 1.0000
vn -0.0000 -0.0016 1.0000
vn -0.9200 0.0001 0.3919
vn -0.1899 -0.0017 0.9818
vn -0.1899 -0.0016 0.9818
vn -0.9797 0.0001 0.2004
vn -0.3736 -0.0017 0.9276
vn -0.3736 -0.0016 0.9276
vn -1.0000 0.0001 -0.0000
vn -0.5448 -0.0017 0.8385
vn -0.5448 -0.0016 0.8385
vn -0.9797 0.0001 -0.2004
vn -0.6972 -0.0017 0.7169
vn -0.6972 -0.0016 0.7169
vn -0.9200 0.0001 -0.3919
vn 0.9878 -0.1559 -0.0000
vn 0.9776 -0.2105 -0.0000
vn 0.9576 -0.2118 0.1953
vn 0.9676 -0.1562 0.1984
vn 0.9609 -0.2769 -0.0000
vn 0.9414 -0.2791 0.1895
vn 0.9388 -0.3443 -0.0000
vn 0.9199 -0.3474 0.1818
vn 0.9264 -0.3765 -0.0000
vn 0.9079 -0.3807 0.1755
vn 0.8256 -0.5643 -0.0000
vn 0.8110 -0.5634 0.1574
vn 0.8990 -0.2157 0.3812
vn 0.9084 -0.1571 0.3875
vn 0.8841 -0.2860 0.3695
vn 0.8644 -0.3570 0.3540
vn 0.8535 -0.3939 0.3411
vn 0.7680 -0.5613 0.3085
vn 0.8051 -0.2216 0.5502
vn 0.8135 -0.1585 0.5595
vn 0.7920 -0.2967 0.5336
vn 0.7747 -0.3718 0.5115
vn 0.7651 -0.4141 0.4931
vn 0.6968 -0.5573 0.4515
vn 0.6806 -0.2282 0.6962
vn 0.6880 -0.1600 0.7079
vn 0.6695 -0.3085 0.6757
vn 0.6548 -0.3882 0.6485
vn 0.6463 -0.4364 0.6260
vn 0.5977 -0.5510 0.5823
vn 0.5316 -0.2342 0.8140
vn 0.5376 -0.1612 0.8276
vn 0.5226 -0.3192 0.7905
vn 0.5107 -0.4030 0.7594
vn 0.5034 -0.4563 0.7337
vn 0.4731 -0.5434 0.6934
vn 0.3643 -0.2387 0.9002
vn 0.3686 -0.1621 0.9153
vn 0.3579 -0.3274 0.8745
vn 0.3495 -0.4142 0.8404
vn 0.3440 -0.4712 0.8122
vn 0.3277 -0.5362 0.7779
vn 0.1851 -0.2415 0.9526
vn 0.1874 -0.1627 0.9687
vn 0.1818 -0.3324 0.9254
vn 0.1773 -0.4210 0.8896
vn 0.1744 -0.4803 0.8596
vn 0.1676 -0.5311 0.8305
vn -0.0000 -0.2424 0.9702
vn -0.0000 -0.1629 0.9866
vn -0.0000 -0.3341 0.9425
vn -0.0000 -0.4233 0.9060
vn -0.0000 -0.4833 0.8754
vn -0.0000 -0.5293 0.8484
vn -0.1851 -0.2415 0.9526
vn -0.1874 -0.1627 0.9687
vn -0.1818 -0.3324 0.9254
vn -0.1773 -0.4210 0.8896
vn -0.1744 -0.4803 0.8596
vn -0.1676 -0.5311 0.8305
vn -0.3643 -0.2387 0.9002
vn -0.3686 -0.1621 0.9153
vn -0.3579 -0.3274 0.8745
vn -0.3495 -0.4142 0.8404
vn -0.3440 -0.4712 0.8122
vn -0.3277 -0.5362 0.7779
vn -0.5316 -0.2342 0.8140
vn -0.5376 -0.1612 0.8276
vn -0.5226 -0.3192 0.7905
vn -0.5107 -0.4030 0.7594
vn -0.5034 -0.4563 0.7337
vn -0.4731 -0.5434 0.6934
vn -0.6806 -0.2282 0.6962
vn -0.6880 -0.1600 0.7079
vn -0.6695 -0.3085 0.6757
vn -0.6548 -0.3882 0.6485
vn -0.6463 -0.4364 0.6260
vn -0.5977 -0.5510 0.5823
vn -0.8051 -0.2216 0.5502
vn -0.8135 -0.1585 0.5595
vn -0.7920 -0.2967 0.5336
vn -0.7747 -0.3718 0.5115
vn -0.7651 -0.4141 0.4931
vn -0.6968 -0.5573 0.4515
vn -0.8990 -0.2157 0.3812
vn -0.9084 -0.1571 0.3875
vn -0.8841 -0.2860 0.3695
vn -0.8644 -0.3570 0.3540
vn -0.8535 -0.3939 0.3411
vn -0.7680 -0.5613 0.3085
vn -0.9576 -0.2118 0.1953
vn -0.9676 -0.1562 0.1984
vn -0.9414 -0.2791 0.1895
vn -0.9199 -0.3474 0.1818
vn -0.9079 -0.3807 0.1755
vn -0.8110 -0.5634 0.1574
vn -0.9776 -0.2105 -0.0000
vn -0.9878 -0.1559 -0.0000
vn -0.9609 -0.2769 -0.0000
vn -0.9388 -0.3443 -0.0000
vn -0.9264 -0.3765 -0.0000
vn -0.8256 -0.5643 -0.0000
vn -0.9576 -0.2118 -0.1953
vn -0.9676 -0.1562 -0.1984
vn -0.9414 -0.2791 -0.1895
vn -0.9199 -0.3474 -0.1818
vn -0.9079 -0.3807 -0.1755
vn -0.8110 -0.5634 -0.1574
vn -0.8990 -0.2157 -0.3812
vn -0.9084 -0.1571 -0.3875
vn -0.8841 -0.2860 -0.3695
vn -0.8644 -0.3570 -0.3540
vn -0.8535 -0.3939 -0.3411
vn -0.7680 -0.5613 -0.3085
vn -0.8051 -0.2216 -0.5502
vn -0.8135 -0.1585 -0.5595
vn -0.7920 -0.2967 -0.5336
vn -0.7747 -0.3718 -0.5115
vn -0.7651 -0.4141 -0.4931
vn -0.6968 -0.5573 -0.4515
vn -0.6806 -0.2282 -0.6962
vn -0.6880 -0.1600 -0.7079
vn -0.6695 -0.3085 -0.6757
vn -0.6548 -0.3882 -0.6485
vn -0.6463 -0.4364 -0.6260
vn -0.5977 -0.5510 -0.5823
vn -0.5316 -0.2342 -0.8140
vn -0.5376 -0.1612 -0.8276
vn -0.5226 -0.3192 -0.7905
vn -0.5107 -0.4030 -0.7594
vn -0.5034 -0.4563 -0.7337
vn -0.4731 -0.5434 -0.6934
vn -0.3643 -0.2387 -0.9002
vn -0.3686 -0.1621 -0.9153
vn -0.3579 -0.3274 -0.8745
vn -0.3495 -0.4142 -0.8404
vn -0.3440 -0.4712 -0.8122
vn -0.3277 -0.5362 -0.7779
vn -0.1851 -0.2415 -0.9526
vn -0.1874 -0.1627 -0.9687
vn -0.1818 -0.3324 -0.9254
vn -0.1773 -0.4210 -0.8896
vn -0.1744 -0.4803 -0.8596
vn -0.1676 -0.5311 -0.8305
vn -0.0000 -0.2424 -0.9702
vn -0.0000 -0.1629 -0.9866
vn -0.0000 -0.3341 -0.9425
vn -0.0000 -0.4233 -0.9060
vn -0.0000 -0.4833 -0.8754
vn -0.0000 -0.5293 -0.8484
vn 0.1851 -0.2415 -0.9526
vn 0.1874 -0.1627 -0.9687
vn 0.1818 -0.3324 -0.9254
vn 0.1773 -0.4210 -0.8896
vn 0.1744 -0.4803 -0.8596
vn 0.1676 -0.5311 -0.8305
vn 0.3643 -0.2387 -0.9002
vn 0.3686 -0.1621 -0.9153
vn 0.3579 -0.3274 -0.8745
vn 0.3495 -0.4142 -0.8404
vn 0.3440 -0.4712 -0.8122
vn 0.3277 -0.5362 -0.7779
vn 0.5316 -0.2342 -0.8140
vn 0.5376 -0.1612 -0.8276
vn 0.5226 -0.3192 -0.7905
vn 0.5107 -0.4030 -0.7594
vn 0.5034 -0.4563 -0.7337
vn 0.4731 -0.5434 -0.6934
vn 0.6806 -0.2282 -0.6962
vn 0.6880 -0.1600 -0.7079
vn 0.6695 -0.3085 -0.6757
vn 0.6548 -0.3882 -0.6485
vn 0.6463 -0.4364 -0.6260
vn 0.5977 -0.5510 -0.5823
vn 0.8051 -0.2216 -0.5502
vn 0.8135 -0.1585 -0.5595
vn 0.7920 -0.2967 -0.5336
vn 0.7747 -0.3718 -0.5115
vn 0.7651 -0.4141 -0.4931
vn 0.6968 -0.5573 -0.4515
vn 0.8990 -0.2157 -0.3812
vn 0.9084 -0.1571 -0.3875
vn 0.8841 -0.2860 -0.3695
vn 0.8644 -0.3570 -0.3540
vn 0.8535 -0.3939 -0.3411
vn 0.7680 -0.5613 -0.3085
vn 0.9576 -0.2118 -0.1953
vn 0.9676 -0.1562 -0.1984
vn 0.9414 -0.2791 -0.1895
vn 0.9199 -0.3474 -0.1818
vn 0.9079 -0.3807 -0.1755
vn 0.8110 -0.5634 -0.1574
vn 0.9705 -0.1360 -0.1992
vn 0.9907 -0.1361 -0.0000
vn 0.9705 -0.1360 0.1992
vn 0.9111 -0.1355 0.3892
vn 0.8161 -0.1347 0.5620
vn 0.6902 -0.1339 0.7111
vn 0.5394 -0.1332 0.8315
vn 0.3699 -0.1325 0.9196
vn 0.1880 -0.1321 0.9732
vn -0.0000 -0.1320 0.9913
vn -0.1880 -0.1321 0.9732
vn -0.3699 -0.1325 0.9196
vn -0.5394 -0.1332 0.8315
vn -0.6902 -0.1339 0.7111
vn -0.8161 -0.1347 0.5620
vn -0.9111 -0.1355 0.3892
vn -0.9705 -0.1360 0.1992
vn -0.9907 -0.1361 -0.0000
vn -0.9705 -0.1360 -0.1992
vn -0.9111 -0.1355 -0.3892
vn -0.8161 -0.1347 -0.5620
vn -0.6902 -0.1339 -0.7111
vn -0.5394 -0.1332 -0.8315
vn -0.3699 -0.1325 -0.9196
vn -0.1880 -0.1321 -0.9732
vn -0.0000 -0.1320 -0.9913
vn 0.1880 -0.1321 -0.9732
vn 0.3699 -0.1325 -0.9196
vn 0.5394 -0.1332 -0.8315
vn 0.6902 -0.1339 -0.7111
vn 0.8161 -0.1347 -0.5620
vn 0.9111 -0.1355 -0.3892
vt 1.000000 0.500000
vt 0.968750 0.500000
vt 0.968750 1.000000
vt 1.000000 1.000000
vt 0.937500 0.500000
vt 0.937500 1.000000
vt 0.906250 0.500000
vt 0.906250 1.000000
vt 0.875000 0.500000
vt 0.875000 1.000000
vt 0.843750 0.500000
vt 0.843750 1.000000
vt 0.812500 0.500000
vt 0.812500 1.000000
vt 0.781250 0.500000
vt 0.781250 1.000000
vt 0.750000 0.500000
vt 0.750000 1.000000
vt 0.718750 0.500000
vt 0.718750 1.000000
vt 0.687500 0.500000
vt 0.687500 1.000000
vt 0.656250 0.500000
vt 0.656250 1.000000
vt 0.625000 0.500000
vt 0.625000 1.000000
vt 0.593750 0.500000
vt 0.593750 1.000000
vt 0.562500 0.500000
vt 0.562500 1.000000
vt 0.531250 0.500000
vt 0.531250 1.000000
vt 0.500000 0.500000
vt 0.500000 1.000000
vt 0.468750 0.500000
vt 0.468750 1.000000
vt 0.437500 0.500000
vt 0.437500 1.000000
vt 0.406250 0.500000
vt 0.406250 1.000000
vt 0.375000 0.500000
vt 0.375000 1.000000
vt 0.343750 0.500000
vt 0.343750 1.000000
vt 0.312500 0.500000
vt 0.312500 1.000000
vt 0.281250 0.500000
vt 0.281250 1.000000
vt 0.250000 0.500000
vt 0.250000 1.000000
vt 0.218750 0.500000
vt 0.218750 1.000000
vt 0.187500 0.500000
vt 0.187500 1.000000
vt 0.156250 0.500000
vt 0.156250 1.000000
vt 0.125000 0.500000
vt 0.125000 1.000000
vt 0.093750 0.500000
vt 0.093750 1.000000
vt 0.062500 0.500000
vt 0.062500 1.000000
vt 0.158156 0.471731
vt 0.203178 0.485388
vt 0.250000 0.490000
vt 0.296822 0.485388
vt 0.341844 0.471731
vt 0.383337 0.449553
vt 0.419706 0.419706
vt 0.449553 0.383337
vt 0.471731 0.341844
vt 0.485388 0.296822
vt 0.490000 0.250000
vt 0.485388 0.203178
vt 0.471731 0.158156
vt 0.377110 0.197349
vt 0.384939 0.223159
vt 0.387583 0.250000
vt 0.384939 0.276841
vt 0.377110 0.302651
vt 0.364396 0.326437
vt 0.347286 0.347286
vt 0.326437 0.364396
vt 0.302651 0.377110
vt 0.276841 0.384939
vt 0.250000 0.387583
vt 0.223159 0.384939
vt 0.197349 0.377110
vt 0.173563 0.364396
vt 0.152714 0.347286
vt 0.135604 0.326437
vt 0.122890 0.302651
vt 0.028269 0.341844
vt 0.050447 0.383337
vt 0.080294 0.419706
vt 0.116663 0.449553
vt 0.419706 0.080294
vt 0.383337 0.050447
vt 0.341844 0.028269
vt 0.296822 0.014612
vt 0.250000 0.010000
vt 0.203178 0.014612
vt 0.158156 0.028269
vt 0.116663 0.050447
vt 0.080294 0.080294
vt 0.050447 0.116663
vt 0.028269 0.158156
vt 0.014612 0.203178
vt 0.010000 0.250000
vt 0.014612 0.296822
vt 0.115061 0.276841
vt 0.112417 0.250000
vt 0.115061 0.223159
vt 0.122890 0.197349
vt 0.135604 0.173563
vt 0.152714 0.152714
vt 0.173563 0.135604
vt 0.197349 0.122890
vt 0.223159 0.115061
vt 0.250000 0.112417
vt 0.276841 0.115061
vt 0.302651 0.122890
vt 0.326437 0.135604
vt 0.347286 0.152714
vt 0.364396 0.173563
vt 0.449553 0.116663
vt 0.031250 0.500000
vt 0.031250 1.000000
vt 0.000000 0.500000
vt 0.000000 1.000000
vt 0.703178 0.485388
vt 0.658156 0.471731
vt 0.616663 0.449553
vt 0.580294 0.419706
vt 0.550447 0.383337
vt 0.528269 0.341844
vt 0.514612 0.296822
vt 0.510000 0.250000
vt 0.514612 0.203178
vt 0.615061 0.223159
vt 0.612417 0.250000
vt 0.615061 0.276841
vt 0.622890 0.302651
vt 0.635604 0.326437
vt 0.652714 0.347286
vt 0.673563 0.364396
vt 0.697349 0.377110
vt 0.723159 0.384939
vt 0.750000 0.387583
vt 0.776841 0.384939
vt 0.802651 0.377110
vt 0.826437 0.364396
vt 0.847286 0.347286
vt 0.864396 0.326437
vt 0.877110 0.302651
vt 0.884939 0.276841
vt 0.887583 0.250000
vt 0.884939 0.223159
vt 0.877110 0.197349
vt 0.864396 0.173563
vt 0.847286 0.152714
vt 0.826437 0.135604
vt 0.802651 0.122890
vt 0.776841 0.115061
vt 0.796822 0.014612
vt 0.841844 0.028269
vt 0.883337 0.050447
vt 0.919706 0.080294
vt 0.949553 0.116663
vt 0.971731 0.158156
vt 0.985388 0.203178
vt 0.990000 0.250000
vt 0.985388 0.296822
vt 0.971731 0.341844
vt 0.949553 0.383337
vt 0.919706 0.419706
vt 0.883337 0.449553
vt 0.841844 0.471731
vt 0.796822 0.485388
vt 0.750000 0.490000
vt 0.750000 0.112417
vt 0.723159 0.115061
vt 0.697349 0.122890
vt 0.673563 0.135604
vt 0.652714 0.152714
vt 0.635604 0.173563
vt 0.622890 0.197349
vt 0.528269 0.158156
vt 0.550447 0.116663
vt 0.580294 0.080294
vt 0.616663 0.050447
vt 0.658156 0.028269
vt 0.703178 0.014612
vt 0.750000 0.010000
vt 0.968750 0.598278
vt 1.000000 0.598278
vt 1.000000 0.901722
vt 0.968750 0.901722
vt 0.937500 0.598278
vt 0.937500 0.901722
vt 0.906250 0.598278
vt 0.906250 0.901722
vt 0.875000 0.598278
vt 0.875000 0.901722
vt 0.843750 0.901722
vt 0.843750 0.598278
vt 0.812500 0.901722
vt 0.812500 0.598278
vt 0.781250 0.901722
vt 0.781250 0.598278
vt 0.750000 0.901722
vt 0.750000 0.598278
vt 0.718750 0.901722
vt 0.718750 0.598278
vt 0.687500 0.901722
vt 0.687500 0.598278
vt 0.656250 0.901722
vt 0.656250 0.598278
vt 0.625000 0.901722
vt 0.625000 0.598278
vt 0.593750 0.901722
vt 0.593750 0.598278
vt 0.562500 0.901722
vt 0.562500 0.598278
vt 0.531250 0.901722
vt 0.531250 0.598278
vt 0.500000 0.901722
vt 0.500000 0.598278
vt 0.468750 0.901722
vt 0.468750 0.598278
vt 0.437500 0.901722
vt 0.437500 0.598278
vt 0.406250 0.901722
vt 0.406250 0.598278
vt 0.375000 0.901722
vt 0.375000 0.598278
vt 0.343750 0.598278
vt 0.343750 0.901722
vt 0.312500 0.598278
vt 0.312500 0.901722
vt 0.281250 0.598278
vt 0.281250 0.901722
vt 0.250000 0.598278
vt 0.250000 0.901722
vt 0.218750 0.598278
vt 0.218750 0.901722
vt 0.187500 0.598278
vt 0.187500 0.901722
vt 0.156250 0.598278
vt 0.156250 0.901722
vt 0.125000 0.598278
vt 0.125000 0.901722
vt 0.093750 0.598278
vt 0.093750 0.901722
vt 0.062500 0.598278
vt 0.062500 0.901722
vt 0.031250 0.598278
vt 0.031250 0.901722
vt 0.000000 0.598278
vt 0.000000 0.901722
vt 0.536963 0.207624
vt 0.532789 0.250000
vt 0.950677 0.166877
vt 0.930605 0.129324
vt 0.536963 0.292376
vt 0.903592 0.096409
vt 0.549323 0.333123
vt 0.870676 0.069396
vt 0.569396 0.370676
vt 0.833123 0.049323
vt 0.750000 0.467211
vt 0.792376 0.463038
vt 0.596409 0.403591
vt 0.792376 0.036963
vt 0.833123 0.450677
vt 0.629324 0.430604
vt 0.750000 0.032789
vt 0.870676 0.430605
vt 0.666877 0.450677
vt 0.707624 0.036963
vt 0.903591 0.403591
vt 0.707624 0.463038
vt 0.666877 0.049323
vt 0.930605 0.370676
vt 0.629324 0.069396
vt 0.950677 0.333123
vt 0.596409 0.096409
vt 0.963038 0.292376
vt 0.569396 0.129324
vt 0.967211 0.250000
vt 0.549323 0.166877
vt 0.963038 0.207624
vt 0.790065 0.451417
vt 0.750000 0.455373
vt 0.828589 0.439730
vt 0.864093 0.420752
vt 0.895214 0.395214
vt 0.920753 0.364093
vt 0.939730 0.328589
vt 0.951421 0.290065
vt 0.955373 0.250000
vt 0.951418 0.209936
vt 0.939730 0.171411
vt 0.920752 0.135907
vt 0.895217 0.104783
vt 0.864093 0.079247
vt 0.828589 0.060270
vt 0.790065 0.048583
vt 0.750000 0.044627
vt 0.709936 0.048584
vt 0.671411 0.060270
vt 0.635907 0.079248
vt 0.604787 0.104786
vt 0.579248 0.135907
vt 0.560270 0.171411
vt 0.548579 0.209935
vt 0.544627 0.250000
vt 0.548579 0.290065
vt 0.560270 0.328589
vt 0.579248 0.364093
vt 0.604787 0.395213
vt 0.635906 0.420753
vt 0.671411 0.439730
vt 0.709935 0.451421
vt 0.900520 0.187653
vt 0.885465 0.159486
vt 0.563254 0.212854
vt 0.574089 0.177135
vt 0.591685 0.144217
vt 0.615364 0.115364
vt 0.644217 0.091684
vt 0.677135 0.074089
vt 0.712854 0.063254
vt 0.750000 0.059595
vt 0.787146 0.063254
vt 0.822865 0.074089
vt 0.855783 0.091684
vt 0.884637 0.115364
vt 0.908316 0.144217
vt 0.925911 0.177135
vt 0.908316 0.355783
vt 0.925911 0.322865
vt 0.712854 0.436746
vt 0.750000 0.440405
vt 0.574089 0.322865
vt 0.563254 0.287146
vt 0.884637 0.384636
vt 0.677135 0.425911
vt 0.559596 0.250000
vt 0.855783 0.408316
vt 0.644217 0.408316
vt 0.822865 0.425911
vt 0.615364 0.384636
vt 0.787146 0.436746
vt 0.591684 0.355783
vt 0.936746 0.287146
vt 0.940405 0.250000
vt 0.936746 0.212854
vt 0.781785 0.409791
vt 0.750000 0.412922
vt 0.812348 0.400520
vt 0.840515 0.385465
vt 0.865203 0.365203
vt 0.885465 0.340515
vt 0.900520 0.312348
vt 0.909792 0.281785
vt 0.912922 0.250000
vt 0.909791 0.218216
vt 0.865203 0.134797
vt 0.840515 0.114536
vt 0.812348 0.099480
vt 0.781785 0.090209
vt 0.750000 0.087078
vt 0.718216 0.090209
vt 0.687653 0.099480
vt 0.659486 0.114536
vt 0.634797 0.134797
vt 0.614536 0.159486
vt 0.599480 0.187653
vt 0.590209 0.218216
vt 0.587079 0.250000
vt 0.590209 0.281784
vt 0.599480 0.312347
vt 0.614536 0.340514
vt 0.634797 0.365203
vt 0.659486 0.385464
vt 0.687653 0.400520
vt 0.718216 0.409791
vt 0.574089 0.177135
vt 0.591685 0.144217
vt 0.591685 0.144217
vt 0.574089 0.177135
vt 0.591684 0.144217
vt 0.574089 0.177135
vt 0.615364 0.115364
vt 0.615364 0.115364
vt 0.615364 0.115364
vt 0.644217 0.091684
vt 0.677135 0.074089
vt 0.677135 0.074089
vt 0.712854 0.063254
vt 0.750000 0.059595
vt 0.787146 0.063254
vt 0.822865 0.074089
vt 0.822865 0.074089
vt 0.855783 0.091684
vt 0.884637 0.115364
vt 0.884637 0.115364
vt 0.908316 0.144217
vt 0.908316 0.144217
vt 0.925911 0.177135
vt 0.925911 0.177135
vt 0.936746 0.212854
vt 0.936746 0.212854
vt 0.563254 0.212854
vt 0.559596 0.250000
vt 0.559596 0.250000
vt 0.563254 0.287146
vt 0.591684 0.355783
vt 0.591684 0.355783
vt 0.787146 0.436746
vt 0.750000 0.440405
vt 0.750000 0.440405
vt 0.787146 0.436746
vt 0.750000 0.440405
vt 0.750000 0.440405
vt 0.615364 0.384636
vt 0.615364 0.384636
vt 0.615364 0.384636
vt 0.644217 0.408316
vt 0.644217 0.408316
vt 0.855783 0.408316
vt 0.855783 0.408316
vt 0.677135 0.425911
vt 0.884637 0.384636
vt 0.884637 0.384636
vt 0.712854 0.436746
vt 0.712854 0.436746
vt 0.712854 0.436746
vt 0.908316 0.355783
vt 0.908316 0.355783
vt 0.925911 0.322865
vt 0.925911 0.322865
vt 0.925911 0.322865
vt 0.936746 0.287146
vt 0.936746 0.287146
vt 0.936746 0.287146
vt 0.940405 0.250000
vt 0.940405 0.250000
vt 0.940405 0.250000
vt 0.950669 0.333120
vt 0.963029 0.292374
vt 0.950645 0.333110
vt 0.963004 0.292369
vt 0.950645 0.333110
vt 0.963004 0.292369
vt 0.963029 0.292374
vt 0.629329 0.069403
vt 0.596415 0.096415
vt 0.596408 0.096409
vt 0.629343 0.069424
vt 0.596433 0.096433
vt 0.629343 0.069424
vt 0.629329 0.069403
vt 0.596415 0.096415
vt 0.930605 0.370676
vt 0.930597 0.370671
vt 0.930576 0.370657
vt 0.930576 0.370657
vt 0.930597 0.370671
vt 0.666880 0.049331
vt 0.666890 0.049355
vt 0.666880 0.049331
vt 0.707626 0.463029
vt 0.750000 0.467202
vt 0.707631 0.463004
vt 0.750000 0.467177
vt 0.707631 0.463004
vt 0.707631 0.463004
vt 0.750000 0.467177
vt 0.707626 0.463029
vt 0.750000 0.467202
vt 0.903591 0.403591
vt 0.903585 0.403585
vt 0.903567 0.403567
vt 0.903567 0.403567
vt 0.903567 0.403567
vt 0.903585 0.403585
vt 0.707624 0.036963
vt 0.707626 0.036971
vt 0.707631 0.036996
vt 0.707631 0.036996
vt 0.707626 0.036971
vt 0.666880 0.450669
vt 0.666890 0.450645
vt 0.666880 0.450669
vt 0.870671 0.430597
vt 0.870657 0.430576
vt 0.870657 0.430576
vt 0.870671 0.430597
vt 0.870676 0.430605
vt 0.750000 0.032798
vt 0.750000 0.032823
vt 0.750000 0.032798
vt 0.629329 0.430597
vt 0.629343 0.430576
vt 0.629324 0.430605
vt 0.833120 0.450669
vt 0.833110 0.450645
vt 0.833120 0.450669
vt 0.833123 0.450677
vt 0.792374 0.036971
vt 0.792369 0.036996
vt 0.792369 0.036996
vt 0.792374 0.036971
vt 0.596408 0.403591
vt 0.596415 0.403585
vt 0.596433 0.403567
vt 0.596433 0.403567
vt 0.596433 0.403567
vt 0.596415 0.403585
vt 0.792374 0.463029
vt 0.792369 0.463004
vt 0.792369 0.463004
vt 0.792369 0.463004
vt 0.792374 0.463029
vt 0.833120 0.049331
vt 0.833110 0.049355
vt 0.833110 0.049355
vt 0.833120 0.049331
vt 0.569403 0.370671
vt 0.569424 0.370657
vt 0.569424 0.370657
vt 0.569403 0.370671
vt 0.870671 0.069403
vt 0.870657 0.069424
vt 0.870657 0.069424
vt 0.870671 0.069403
vt 0.549331 0.333120
vt 0.549355 0.333110
vt 0.549331 0.333120
vt 0.903592 0.096409
vt 0.903585 0.096415
vt 0.903567 0.096433
vt 0.903567 0.096433
vt 0.903585 0.096415
vt 0.536971 0.292374
vt 0.536996 0.292369
vt 0.536996 0.292369
vt 0.536996 0.292369
vt 0.536971 0.292374
vt 0.930597 0.129329
vt 0.930576 0.129343
vt 0.930597 0.129329
vt 0.532798 0.250000
vt 0.532823 0.250000
vt 0.532798 0.250000
vt 0.950669 0.166880
vt 0.950645 0.166890
vt 0.950645 0.166890
vt 0.950669 0.166880
vt 0.536963 0.207624
vt 0.536971 0.207626
vt 0.536996 0.207631
vt 0.536996 0.207631
vt 0.536996 0.207631
vt 0.536963 0.207624
vt 0.963029 0.207626
vt 0.963004 0.207631
vt 0.963004 0.207631
vt 0.963004 0.207631
vt 0.963038 0.207624
vt 0.549331 0.166880
vt 0.549355 0.166890
vt 0.549355 0.166890
vt 0.967202 0.250000
vt 0.967177 0.250000
vt 0.967177 0.250000
vt 0.967202 0.250000
vt 0.569403 0.129329
vt 0.569424 0.129343
vt 0.569403 0.129329
vt 0.750000 0.442197
vt 0.750000 0.441772
vt 0.786221 0.438270
vt 0.787497 0.438506
vt 0.750000 0.441440
vt 0.782745 0.438466
vt 0.750000 0.440777
vt 0.785635 0.437407
vt 0.750000 0.440657
vt 0.786732 0.437079
vt 0.750000 0.440574
vt 0.787179 0.436910
vt 0.822037 0.427649
vt 0.823555 0.427577
vt 0.818045 0.428681
vt 0.820542 0.427213
vt 0.822236 0.426421
vt 0.822926 0.426059
vt 0.855488 0.410070
vt 0.856790 0.409823
vt 0.852272 0.411525
vt 0.853495 0.410185
vt 0.855180 0.408978
vt 0.855866 0.408439
vt 0.884874 0.386241
vt 0.885924 0.385924
vt 0.882518 0.387789
vt 0.882915 0.386739
vt 0.884213 0.385349
vt 0.884732 0.384732
vt 0.909004 0.357110
vt 0.909835 0.356798
vt 0.907386 0.358505
vt 0.907332 0.357737
vt 0.908121 0.356430
vt 0.908419 0.355852
vt 0.926941 0.323811
vt 0.927603 0.323566
vt 0.925889 0.324860
vt 0.925590 0.324351
vt 0.925919 0.323350
vt 0.926017 0.322909
vt 0.937990 0.287638
vt 0.938545 0.287504
vt 0.937296 0.288200
vt 0.936871 0.287946
vt 0.936890 0.287405
vt 0.936853 0.287167
vt 0.941722 0.250000
vt 0.942241 0.250000
vt 0.941150 0.250000
vt 0.940687 0.250000
vt 0.940597 0.250000
vt 0.940511 0.250000
vt 0.937990 0.212362
vt 0.938545 0.212496
vt 0.937296 0.211800
vt 0.936871 0.212054
vt 0.936890 0.212595
vt 0.936852 0.212833
vt 0.926941 0.176189
vt 0.927603 0.176435
vt 0.925889 0.175141
vt 0.925590 0.175649
vt 0.925919 0.176650
vt 0.926017 0.177092
vt 0.909004 0.142890
vt 0.909835 0.143202
vt 0.907386 0.141495
vt 0.907332 0.142263
vt 0.908120 0.143570
vt 0.908418 0.144148
vt 0.884875 0.113758
vt 0.885924 0.114076
vt 0.882518 0.112211
vt 0.882916 0.113261
vt 0.884213 0.114651
vt 0.884733 0.115268
vt 0.855488 0.089930
vt 0.856790 0.090178
vt 0.852272 0.088475
vt 0.853495 0.089815
vt 0.855180 0.091023
vt 0.855866 0.091561
vt 0.822037 0.072352
vt 0.823555 0.072423
vt 0.818045 0.071319
vt 0.820542 0.072787
vt 0.822236 0.073579
vt 0.822926 0.073941
vt 0.786221 0.061731
vt 0.787496 0.061494
vt 0.782744 0.061535
vt 0.785635 0.062593
vt 0.786732 0.062921
vt 0.787179 0.063090
vt 0.750000 0.058228
vt 0.750000 0.057803
vt 0.750000 0.058560
vt 0.750000 0.059223
vt 0.750000 0.059343
vt 0.750000 0.059427
vt 0.713779 0.061731
vt 0.712504 0.061494
vt 0.717256 0.061535
vt 0.714365 0.062593
vt 0.713268 0.062921
vt 0.712822 0.063090
vt 0.677963 0.072352
vt 0.676445 0.072423
vt 0.681955 0.071319
vt 0.679458 0.072787
vt 0.677765 0.073579
vt 0.677074 0.073941
vt 0.644512 0.089930
vt 0.643210 0.090178
vt 0.647728 0.088475
vt 0.646505 0.089815
vt 0.644820 0.091023
vt 0.644134 0.091561
vt 0.615126 0.113759
vt 0.614076 0.114076
vt 0.617482 0.112211
vt 0.617085 0.113261
vt 0.615787 0.114652
vt 0.615268 0.115268
vt 0.590997 0.142890
vt 0.590166 0.143202
vt 0.592615 0.141495
vt 0.592668 0.142263
vt 0.591880 0.143570
vt 0.591582 0.144148
vt 0.573060 0.176189
vt 0.572397 0.176435
vt 0.574112 0.175141
vt 0.574411 0.175649
vt 0.574081 0.176650
vt 0.573984 0.177092
vt 0.562010 0.212362
vt 0.561455 0.212496
vt 0.562705 0.211800
vt 0.563130 0.212054
vt 0.563110 0.212595
vt 0.563148 0.212833
vt 0.558278 0.250000
vt 0.557760 0.250000
vt 0.558851 0.250000
vt 0.559314 0.250000
vt 0.559404 0.250000
vt 0.559489 0.250000
vt 0.562010 0.287638
vt 0.561455 0.287504
vt 0.562705 0.288200
vt 0.563130 0.287946
vt 0.563110 0.287405
vt 0.563148 0.287167
vt 0.573060 0.323811
vt 0.572397 0.323566
vt 0.574112 0.324860
vt 0.574411 0.324351
vt 0.574081 0.323350
vt 0.573984 0.322908
vt 0.590997 0.357110
vt 0.590165 0.356798
vt 0.592615 0.358505
vt 0.592668 0.357737
vt 0.591880 0.356430
vt 0.591582 0.355852
vt 0.615126 0.386241
vt 0.614076 0.385924
vt 0.617482 0.387789
vt 0.617085 0.386739
vt 0.615787 0.385348
vt 0.615268 0.384732
vt 0.644512 0.410070
vt 0.643210 0.409823
vt 0.647728 0.411525
vt 0.646505 0.410185
vt 0.644820 0.408977
vt 0.644134 0.408439
vt 0.677964 0.427648
vt 0.676445 0.427577
vt 0.681955 0.428681
vt 0.679458 0.427213
vt 0.677765 0.426421
vt 0.677074 0.426059
vt 0.713779 0.438270
vt 0.712504 0.438507
vt 0.717256 0.438466
vt 0.714365 0.437407
vt 0.713269 0.437079
vt 0.712822 0.436910
s 1
usemtl Material.011
f 1441/1571/1436 1443/1572/1437 1444/1573/1437 1442/1574/1436
f 1443/1572/1437 1445/1575/1438 1446/1576/1438 1444/1573/1437
f 1445/1575/1438 1447/1577/1439 1448/1578/1439 1446/1576/1438
f 1447/1577/1439 1449/1579/1440 1450/1580/1440 1448/1578/1439
f 1449/1579/1440 1451/1581/1441 1452/1582/1441 1450/1580/1440
f 1451/1581/1441 1453/1583/1442 1454/1584/1442 1452/1582/1441
f 1453/1583/1442 1455/1585/1443 1456/1586/1443 1454/1584/1442
f 1455/1585/1443 1457/1587/1444 1458/1588/1444 1456/1586/1443
f 1457/1587/1444 1459/1589/1445 1460/1590/1445 1458/1588/1444
f 1459/1589/1445 1461/1591/1446 1462/1592/1446 1460/1590/1445
f 1461/1591/1446 1463/1593/1447 1464/1594/1447 1462/1592/1446
f 1463/1593/1447 1465/1595/1448 1466/1596/1448 1464/1594/1447
f 1465/1595/1448 1467/1597/1449 1468/1598/1449 1466/1596/1448
f 1467/1597/1449 1469/1599/1450 1470/1600/1450 1468/1598/1449
f 1469/1599/1450 1471/1601/1451 1472/1602/1451 1470/1600/1450
f 1471/1601/1451 1473/1603/1452 1474/1604/1452 1472/1602/1451
f 1473/1603/1452 1475/1605/1453 1476/1606/1453 1474/1604/1452
f 1475/1605/1453 1477/1607/1454 1478/1608/1454 1476/1606/1453
f 1477/1607/1454 1479/1609/1455 1480/1610/1455 1478/1608/1454
f 1479/1609/1455 1481/1611/1456 1482/1612/1456 1480/1610/1455
f 1481/1611/1456 1483/1613/1457 1484/1614/1457 1482/1612/1456
f 1483/1613/1457 1485/1615/1458 1486/1616/1458 1484/1614/1457
f 1485/1615/1458 1487/1617/1459 1488/1618/1459 1486/1616/1458
f 1487/1617/1459 1489/1619/1460 1490/1620/1460 1488/1618/1459
f 1489/1619/1460 1491/1621/1461 1492/1622/1461 1490/1620/1460
f 1491/1621/1461 1493/1623/1462 1494/1624/1462 1492/1622/1461
f 1493/1623/1462 1495/1625/1463 1496/1626/1463 1494/1624/1462
f 1495/1625/1463 1497/1627/1464 1498/1628/1464 1496/1626/1463
f 1497/1627/1464 1499/1629/1465 1500/1630/1465 1498/1628/1464
f 1499/1629/1465 1501/1631/1466 1502/1632/1466 1500/1630/1465
f 1502/1633/1467 1504/1634/1467 1442/1635/1467 1444/1636/1467 1446/1637/1467 1448/1638/1467 1450/1639/1467 1452/1640/1467 1454/1641/1467 1456/1642/1467 1458/1643/1467 1460/1644/1467 1462/1645/1467 1533/1646/1467 1534/1647/1467 1531/1648/1467 1532/1649/1467 1535/1650/1467 1528/1651/1467 1530/1652/1467 1526/1653/1467 1517/1654/1467 1518/1655/1467 1515/1656/1467 1516/1657/1467 1519/1658/1467 1514/1659/1467 1512/1660/1467 1510/1661/1467 1511/1662/1467 1494/1663/1467 1496/1664/1467 1498/1665/1467 1500/1666/1467
f 1466/1667/1467 1468/1668/1467 1470/1669/1467 1472/1670/1467 1474/1671/1467 1476/1672/1467 1478/1673/1467 1480/1674/1467 1482/1675/1467 1484/1676/1467 1486/1677/1467 1488/1678/1467 1490/1679/1467 1492/1680/1467 1494/1663/1467 1511/1662/1467 1508/1681/1467 1505/1682/1467 1507/1683/1467 1506/1684/1467 1509/1685/1467 1520/1686/1467 1513/1687/1467 1521/1688/1467 1524/1689/1467 1522/1690/1467 1523/1691/1467 1525/1692/1467 1527/1693/1467 1536/1694/1467 1529/1695/1467 1533/1646/1467 1462/1645/1467 1464/1696/1467
f 1501/1631/1466 1503/1697/1468 1504/1698/1468 1502/1632/1466
f 1503/1697/1468 1441/1699/1436 1442/1700/1436 1504/1698/1468
f 1503/1701/1469 1501/1702/1469 1499/1703/1469 1497/1704/1469 1495/1705/1469 1493/1706/1469 1491/1707/1469 1489/1708/1469 1487/1709/1469 1555/1710/1469 1553/1711/1469 1556/1712/1469 1560/1713/1469 1558/1714/1469 1568/1715/1469 1563/1716/1469 1561/1717/1469 1564/1718/1469 1537/1719/1469 1538/1720/1469 1543/1721/1469 1540/1722/1469 1552/1723/1469 1546/1724/1469 1551/1725/1469 1548/1726/1469 1547/1727/1469 1550/1728/1469 1549/1729/1469 1544/1730/1469 1545/1731/1469 1541/1732/1469 1539/1733/1469 1542/1734/1469 1471/1735/1469 1469/1736/1469 1467/1737/1469 1465/1738/1469 1463/1739/1469 1461/1740/1469 1459/1741/1469 1457/1742/1469 1455/1743/1469 1453/1744/1469 1451/1745/1469 1449/1746/1469 1447/1747/1469 1445/1748/1469 1443/1749/1469 1441/1750/1469
f 1542/1734/1469 1565/1751/1469 1566/1752/1469 1567/1753/1469 1562/1754/1469 1559/1755/1469 1557/1756/1469 1554/1757/1469 1555/1710/1469 1487/1709/1469 1485/1758/1469 1483/1759/1469 1481/1760/1469 1479/1761/1469 1477/1762/1469 1475/1763/1469 1473/1764/1469 1471/1735/1469
f 1538/1765/1453 1537/1766/1452 1515/1767/1452 1518/1768/1453
f 1543/1769/1454 1538/1765/1453 1518/1768/1453 1517/1770/1454
f 1540/1771/1455 1543/1769/1454 1517/1770/1454 1526/1772/1455
f 1552/1773/1456 1540/1771/1455 1526/1772/1455 1530/1774/1456
f 1528/1775/1457 1546/1776/1457 1552/1773/1456 1530/1774/1456
f 1535/1777/1458 1551/1778/1458 1546/1776/1457 1528/1775/1457
f 1532/1779/1459 1548/1780/1459 1551/1778/1458 1535/1777/1458
f 1531/1781/1460 1547/1782/1460 1548/1780/1459 1532/1779/1459
f 1534/1783/1461 1550/1784/1461 1547/1782/1460 1531/1781/1460
f 1533/1785/1462 1549/1786/1462 1550/1784/1461 1534/1783/1461
f 1529/1787/1463 1544/1788/1463 1549/1786/1462 1533/1785/1462
f 1536/1789/1464 1545/1790/1464 1544/1788/1463 1529/1787/1463
f 1527/1791/1465 1541/1792/1465 1545/1790/1464 1536/1789/1464
f 1525/1793/1466 1539/1794/1466 1541/1792/1465 1527/1791/1465
f 1523/1795/1468 1542/1796/1468 1539/1794/1466 1525/1793/1466
f 1522/1797/1436 1565/1798/1436 1542/1796/1468 1523/1795/1468
f 1524/1799/1437 1566/1800/1437 1565/1798/1436 1522/1797/1436
f 1521/1801/1438 1567/1802/1438 1566/1800/1437 1524/1799/1437
f 1513/1803/1439 1562/1804/1439 1567/1802/1438 1521/1801/1438
f 1520/1805/1440 1559/1806/1440 1562/1804/1439 1513/1803/1439
f 1557/1807/1441 1559/1806/1440 1520/1805/1440 1509/1808/1441
f 1554/1809/1442 1557/1807/1441 1509/1808/1441 1506/1810/1442
f 1555/1811/1443 1554/1809/1442 1506/1810/1442 1507/1812/1443
f 1553/1813/1444 1555/1811/1443 1507/1812/1443 1505/1814/1444
f 1556/1815/1445 1553/1813/1444 1505/1814/1444 1508/1816/1445
f 1560/1817/1446 1556/1815/1445 1508/1816/1445 1511/1818/1446
f 1558/1819/1447 1560/1817/1446 1511/1818/1446 1510/1820/1447
f 1568/1821/1470 1558/1819/1447 1510/1820/1447 1512/1822/1470
f 1563/1823/1449 1568/1821/1470 1512/1822/1470 1514/1824/1449
f 1561/1825/1450 1563/1823/1449 1514/1824/1449 1519/1826/1450
f 1564/1827/1451 1561/1825/1450 1519/1826/1450 1516/1828/1451
f 1537/1829/1452 1564/1827/1451 1516/1828/1451 1515/1830/1452
f 1592/1831/1471 1656/1831/1472 1657/1832/1473 1593/1832/1473
f 1579/1833/1474 1643/1833/1475 1644/1834/1476 1580/1834/1477
f 1593/1832/1473 1657/1832/1473 1658/1835/1478 1594/1835/1479
f 1580/1834/1477 1644/1834/1476 1645/1836/1480 1581/1836/1481
f 1594/1835/1479 1658/1835/1478 1659/1837/1482 1595/1837/1483
f 1581/1836/1481 1645/1836/1480 1646/1838/1484 1582/1838/1485
f 1595/1837/1483 1659/1837/1482 1660/1839/1486 1596/1839/1487
f 1582/1838/1485 1646/1838/1484 1647/1840/1488 1583/1840/1489
f 1569/1841/1490 1633/1841/1490 1634/1842/1491 1570/1842/1492
f 1596/1839/1487 1660/1839/1486 1661/1843/1493 1597/1843/1494
f 1583/1840/1489 1647/1840/1488 1648/1844/1495 1584/1844/1496
f 1570/1842/1492 1634/1842/1491 1635/1845/1497 1571/1845/1498
f 1597/1843/1494 1661/1843/1493 1662/1846/1499 1598/1846/1500
f 1584/1844/1496 1648/1844/1495 1649/1847/1501 1585/1847/1501
f 1571/1845/1498 1635/1845/1497 1636/1848/1502 1572/1848/1503
f 1598/1846/1500 1662/1846/1499 1663/1849/1504 1599/1849/1505
f 1585/1847/1501 1649/1847/1501 1650/1850/1506 1586/1850/1507
f 1572/1848/1503 1636/1848/1502 1637/1851/1508 1573/1851/1509
f 1599/1849/1505 1663/1849/1504 1664/1852/1510 1600/1852/1511
f 1586/1850/1507 1650/1850/1506 1651/1853/1512 1587/1853/1513
f 1573/1851/1509 1637/1851/1508 1638/1854/1514 1574/1854/1515
f 1600/1852/1511 1664/1852/1510 1633/1841/1490 1569/1841/1490
f 1587/1853/1513 1651/1853/1512 1652/1855/1516 1588/1855/1517
f 1574/1854/1515 1638/1854/1514 1639/1856/1518 1575/1856/1519
f 1588/1855/1517 1652/1855/1516 1653/1857/1520 1589/1857/1521
f 1575/1856/1519 1639/1856/1518 1640/1858/1522 1576/1858/1523
f 1589/1857/1521 1653/1857/1520 1654/1859/1524 1590/1859/1525
f 1576/1858/1523 1640/1858/1522 1641/1860/1526 1577/1860/1526
f 1590/1859/1525 1654/1859/1524 1655/1861/1527 1591/1861/1528
f 1577/1860/1526 1641/1860/1526 1642/1862/1529 1578/1862/1530
f 1591/1861/1528 1655/1861/1527 1656/1831/1472 1592/1831/1471
f 1578/1862/1530 1642/1862/1529 1643/1833/1475 1579/1833/1474
f 1602/1863/1531 1634/1842/1532 1633/1841/1533 1601/1864/1533
f 1603/1865/1534 1635/1845/1535 1634/1842/1532 1602/1863/1531
f 1604/1866/1536 1636/1848/1537 1635/1845/1535 1603/1865/1534
f 1605/1867/1538 1637/1851/1539 1636/1848/1537 1604/1866/1536
f 1606/1868/1540 1638/1854/1541 1637/1851/1539 1605/1867/1538
f 1607/1869/1542 1639/1856/1543 1638/1854/1541 1606/1868/1540
f 1608/1870/1544 1640/1858/1545 1639/1856/1543 1607/1869/1542
f 1609/1871/1546 1641/1860/1546 1640/1858/1545 1608/1870/1544
f 1610/1872/1547 1642/1862/1548 1641/1860/1546 1609/1871/1546
f 1611/1873/1549 1643/1833/1550 1642/1862/1548 1610/1872/1547
f 1612/1874/1551 1644/1834/1552 1643/1833/1550 1611/1873/1549
f 1613/1875/1553 1645/1836/1554 1644/1834/1552 1612/1874/1551
f 1614/1876/1555 1646/1838/1556 1645/1836/1554 1613/1875/1553
f 1615/1877/1557 1647/1840/1558 1646/1838/1556 1614/1876/1555
f 1616/1878/1559 1648/1844/1560 1647/1840/1558 1615/1877/1557
f 1617/1879/1561 1649/1847/1561 1648/1844/1560 1616/1878/1559
f 1618/1880/1562 1650/1850/1563 1649/1847/1561 1617/1879/1561
f 1619/1881/1564 1651/1853/1565 1650/1850/1563 1618/1880/1562
f 1620/1882/1566 1652/1855/1567 1651/1853/1565 1619/1881/1564
f 1621/1883/1568 1653/1857/1569 1652/1855/1567 1620/1882/1566
f 1622/1884/1570 1654/1859/1571 1653/1857/1569 1621/1883/1568
f 1623/1885/1572 1655/1861/1573 1654/1859/1571 1622/1884/1570
f 1624/1886/1574 1656/1831/1575 1655/1861/1573 1623/1885/1572
f 1625/1887/1576 1657/1832/1576 1656/1831/1575 1624/1886/1574
f 1626/1888/1577 1658/1835/1578 1657/1832/1576 1625/1887/1576
f 1627/1889/1579 1659/1837/1580 1658/1835/1578 1626/1888/1577
f 1628/1890/1581 1660/1839/1582 1659/1837/1580 1627/1889/1579
f 1629/1891/1583 1661/1843/1584 1660/1839/1582 1628/1890/1581
f 1630/1892/1585 1662/1846/1586 1661/1843/1584 1629/1891/1583
f 1631/1893/1587 1663/1849/1588 1662/1846/1586 1630/1892/1585
f 1632/1894/1589 1664/1852/1590 1663/1849/1588 1631/1893/1587
f 1601/1864/1533 1633/1841/1533 1664/1852/1590 1632/1894/1589
f 1675/1895/1591 1803/1895/1592 1804/1896/1593 1676/1896/1594
f 1784/1897/1595 1752/1897/1596 1751/1898/1597 1783/1898/1598
f 1783/1898/1598 1751/1898/1597 1750/1899/1599 1782/1899/1600
f 1782/1899/1600 1750/1899/1599 1749/1900/1601 1781/1900/1602
f 1781/1900/1602 1749/1900/1601 1748/1901/1603 1780/1901/1604
f 1780/1901/1604 1748/1901/1603 1747/1902/1605 1779/1902/1606
f 1779/1902/1606 1747/1902/1605 1746/1903/1607 1778/1903/1608
f 1778/1903/1608 1746/1903/1607 1745/1904/1609 1777/1904/1609
f 1777/1904/1609 1745/1904/1609 1744/1905/1610 1776/1905/1611
f 1776/1905/1611 1744/1905/1610 1743/1906/1612 1775/1906/1613
f 1775/1906/1613 1743/1906/1612 1742/1907/1614 1774/1907/1615
f 1774/1907/1615 1742/1907/1614 1741/1908/1616 1773/1908/1617
f 1773/1908/1617 1741/1908/1616 1740/1909/1618 1772/1909/1619
f 1772/1909/1619 1740/1909/1618 1739/1910/1620 1771/1910/1621
f 1702/1911/1622 2303/1911/1623 2304/1912/1624 1703/1912/1625
f 1728/1913/1626 2321/1913/1627 2298/1914/1628 1697/1914/1629
f 1755/1915/1630 2295/1915/1631 2294/1916/1632 1754/1916/1633
f 1701/1917/1634 2302/1917/1635 2303/1911/1623 1702/1911/1622
f 1727/1918/1636 2320/1918/1637 2321/1913/1627 1728/1913/1626
f 1754/1916/1633 2294/1916/1632 2334/1919/1638 1753/1919/1639
f 1700/1920/1640 2301/1920/1641 2302/1917/1635 1701/1917/1634
f 1726/1921/1642 2281/1921/1643 2320/1918/1637 1727/1918/1636
f 1753/1919/1639 2334/1919/1638 2293/1897/1644 1752/1897/1645
f 1699/1922/1646 2300/1922/1647 2301/1920/1641 1700/1920/1640
f 1725/1923/1648 2319/1923/1649 2281/1921/1643 1726/1921/1642
f 1752/1897/1645 2293/1897/1644 2292/1898/1650 1751/1898/1651
f 1698/1924/1652 2299/1924/1653 2300/1922/1647 1699/1922/1646
f 1724/1925/1654 2318/1925/1655 2319/1923/1649 1725/1923/1648
f 1751/1898/1651 2292/1898/1650 2291/1899/1656 1750/1899/1657
f 1697/1914/1629 2298/1914/1628 2299/1924/1653 1698/1924/1652
f 1723/1915/1658 2317/1915/1659 2318/1925/1655 1724/1925/1654
f 1750/1899/1657 2291/1899/1656 2290/1900/1660 1749/1900/1661
f 1722/1916/1662 2316/1916/1663 2317/1915/1659 1723/1915/1658
f 1749/1900/1661 2290/1900/1660 2333/1901/1664 1748/1901/1664
f 1721/1919/1665 2315/1919/1666 2316/1916/1663 1722/1916/1662
f 1748/1901/1664 2333/1901/1664 2289/1902/1667 1747/1902/1667
f 1720/1897/1668 2280/1897/1669 2315/1919/1666 1721/1919/1665
f 1747/1902/1667 2289/1902/1667 2288/1903/1670 1746/1903/1670
f 1719/1898/1671 2314/1898/1672 2280/1897/1669 1720/1897/1668
f 1746/1903/1670 2288/1903/1670 2287/1904/1673 1745/1904/1673
f 1718/1899/1674 2313/1899/1675 2314/1898/1672 1719/1898/1671
f 1745/1904/1673 2287/1904/1673 2332/1905/1676 1744/1905/1676
f 1717/1900/1677 2279/1900/1678 2313/1899/1675 1718/1899/1674
f 1744/1905/1676 2332/1905/1676 2286/1906/1679 1743/1906/1679
f 1716/1901/1680 2278/1901/1681 2279/1900/1678 1717/1900/1677
f 1743/1906/1679 2286/1906/1679 2285/1907/1682 1742/1907/1682
f 1785/1919/1683 1753/1919/1683 1752/1897/1596 1784/1897/1595
f 1786/1916/1684 1754/1916/1685 1753/1919/1683 1785/1919/1683
f 1787/1915/1686 1755/1915/1687 1754/1916/1685 1786/1916/1684
f 1788/1925/1688 1756/1925/1689 1755/1915/1687 1787/1915/1686
f 1762/1924/1690 1730/1924/1691 1729/1914/1692 1761/1914/1692
f 1789/1923/1693 1757/1923/1694 1756/1925/1689 1788/1925/1688
f 1763/1922/1695 1731/1922/1696 1730/1924/1691 1762/1924/1690
f 1790/1921/1697 1758/1921/1698 1757/1923/1694 1789/1923/1693
f 1764/1920/1699 1732/1920/1700 1731/1922/1696 1763/1922/1695
f 1791/1918/1701 1759/1918/1702 1758/1921/1698 1790/1921/1697
f 1765/1917/1703 1733/1917/1704 1732/1920/1700 1764/1920/1699
f 1792/1913/1705 1760/1913/1706 1759/1918/1702 1791/1918/1701
f 1766/1911/1707 1734/1911/1708 1733/1917/1704 1765/1917/1703
f 1761/1914/1692 1729/1914/1692 1760/1913/1706 1792/1913/1705
f 1767/1912/1709 1735/1912/1710 1734/1911/1708 1766/1911/1707
f 1768/1926/1711 1736/1926/1712 1735/1912/1710 1767/1912/1709
f 1769/1927/1713 1737/1927/1713 1736/1926/1712 1768/1926/1711
f 1770/1928/1714 1738/1928/1715 1737/1927/1713 1769/1927/1713
f 1771/1910/1621 1739/1910/1620 1738/1928/1715 1770/1928/1714
f 1666/1929/1436 1762/1924/1436 1761/1914/1436 1665/1930/1436
f 1667/1931/1436 1763/1922/1436 1762/1924/1436 1666/1929/1436
f 1668/1932/1436 1764/1920/1436 1763/1922/1436 1667/1931/1436
f 1669/1933/1436 1765/1917/1436 1764/1920/1436 1668/1932/1436
f 1670/1934/1436 1766/1911/1436 1765/1917/1436 1669/1933/1436
f 1671/1935/1436 1767/1912/1436 1766/1911/1436 1670/1934/1436
f 1672/1936/1436 1768/1926/1436 1767/1912/1436 1671/1935/1436
f 1673/1937/1436 1769/1927/1436 1768/1926/1436 1672/1936/1436
f 1674/1938/1436 1770/1928/1436 1769/1927/1436 1673/1937/1436
f 1675/1895/1436 1771/1910/1436 1770/1928/1436 1674/1938/1436
f 1676/1896/1436 1772/1909/1436 1771/1910/1436 1675/1895/1436
f 1677/1939/1436 1773/1908/1436 1772/1909/1436 1676/1896/1436
f 1678/1940/1436 1774/1907/1436 1773/1908/1436 1677/1939/1436
f 1679/1941/1436 1775/1906/1436 1774/1907/1436 1678/1940/1436
f 1680/1942/1436 1776/1905/1436 1775/1906/1436 1679/1941/1436
f 1681/1943/1436 1777/1904/1436 1776/1905/1436 1680/1942/1436
f 1682/1944/1436 1778/1903/1436 1777/1904/1436 1681/1943/1436
f 1683/1945/1436 1779/1902/1436 1778/1903/1436 1682/1944/1436
f 1684/1946/1436 1780/1901/1436 1779/1902/1436 1683/1945/1436
f 1685/1947/1436 1781/1900/1436 1780/1901/1436 1684/1946/1436
f 1686/1948/1436 1782/1899/1436 1781/1900/1436 1685/1947/1436
f 1687/1949/1436 1783/1898/1436 1782/1899/1436 1686/1948/1436
f 1688/1950/1436 1784/1897/1436 1783/1898/1436 1687/1949/1436
f 1689/1951/1436 1785/1919/1436 1784/1897/1436 1688/1950/1436
f 1690/1952/1436 1786/1916/1436 1785/1919/1436 1689/1951/1436
f 1691/1953/1436 1787/1915/1436 1786/1916/1436 1690/1952/1436
f 1692/1954/1436 1788/1925/1436 1787/1915/1436 1691/1953/1436
f 1693/1955/1436 1789/1923/1436 1788/1925/1436 1692/1954/1436
f 1694/1956/1436 1790/1921/1436 1789/1923/1436 1693/1955/1436
f 1695/1957/1436 1791/1918/1436 1790/1921/1436 1694/1956/1436
f 1696/1958/1436 1792/1913/1436 1791/1918/1436 1695/1957/1436
f 1665/1930/1436 1761/1914/1436 1792/1913/1436 1696/1958/1436
f 1793/1930/1436 1824/1958/1436 1823/1957/1436 1822/1956/1436 1821/1955/1436 1820/1954/1436 1819/1953/1436 1818/1952/1436 1817/1951/1436 1816/1950/1436 1815/1949/1436 1814/1948/1436 1813/1947/1436 1812/1946/1436 1811/1945/1436 1810/1944/1436 1809/1943/1436 1808/1942/1436 1807/1941/1436 1806/1940/1436 1805/1939/1436 1804/1896/1436 1803/1895/1436 1802/1938/1436 1801/1937/1436 1800/1936/1436 1799/1935/1436 1798/1934/1436 1797/1933/1436 1796/1932/1436 1795/1931/1436 1794/1929/1436
f 1689/1951/1716 1817/1951/1716 1818/1952/1717 1690/1952/1718
f 1676/1896/1594 1804/1896/1593 1805/1939/1719 1677/1939/1720
f 1690/1952/1718 1818/1952/1717 1819/1953/1721 1691/1953/1722
f 1677/1939/1720 1805/1939/1719 1806/1940/1723 1678/1940/1724
f 1691/1953/1722 1819/1953/1721 1820/1954/1725 1692/1954/1726
f 1678/1940/1724 1806/1940/1723 1807/1941/1727 1679/1941/1728
f 1665/1930/1729 1793/1930/1729 1794/1929/1730 1666/1929/1731
f 1692/1954/1726 1820/1954/1725 1821/1955/1732 1693/1955/1733
f 1679/1941/1728 1807/1941/1727 1808/1942/1734 1680/1942/1735
f 1666/1929/1731 1794/1929/1730 1795/1931/1736 1667/1931/1737
f 1693/1955/1733 1821/1955/1732 1822/1956/1738 1694/1956/1739
f 1680/1942/1735 1808/1942/1734 1809/1943/1740 1681/1943/1740
f 1667/1931/1737 1795/1931/1736 1796/1932/1741 1668/1932/1742
f 1694/1956/1739 1822/1956/1738 1823/1957/1743 1695/1957/1744
f 1681/1943/1740 1809/1943/1740 1810/1944/1745 1682/1944/1746
f 1668/1932/1742 1796/1932/1741 1797/1933/1747 1669/1933/1748
f 1695/1957/1744 1823/1957/1743 1824/1958/1749 1696/1958/1750
f 1682/1944/1746 1810/1944/1745 1811/1945/1751 1683/1945/1752
f 1669/1933/1748 1797/1933/1747 1798/1934/1753 1670/1934/1754
f 1696/1958/1750 1824/1958/1749 1793/1930/1729 1665/1930/1729
f 1683/1945/1752 1811/1945/1751 1812/1946/1755 1684/1946/1756
f 1670/1934/1754 1798/1934/1753 1799/1935/1757 1671/1935/1758
f 1684/1946/1756 1812/1946/1755 1813/1947/1759 1685/1947/1760
f 1671/1935/1758 1799/1935/1757 1800/1936/1761 1672/1936/1762
f 1685/1947/1760 1813/1947/1759 1814/1948/1763 1686/1948/1764
f 1672/1936/1762 1800/1936/1761 1801/1937/1765 1673/1937/1765
f 1686/1948/1764 1814/1948/1763 1815/1949/1766 1687/1949/1767
f 1673/1937/1765 1801/1937/1765 1802/1938/1768 1674/1938/1769
f 1687/1949/1767 1815/1949/1766 1816/1950/1770 1688/1950/1771
f 1674/1938/1769 1802/1938/1768 1803/1895/1592 1675/1895/1591
f 1688/1950/1771 1816/1950/1770 1817/1951/1716 1689/1951/1716
f 1928/1959/1772 1932/1959/1773 2013/1960/1774 2011/1961/1775
f 1932/1959/1773 1931/1962/1776 2014/1963/1777 2013/1960/1774
f 1931/1962/1776 1930/1964/1778 2015/1899/1779 2014/1963/1777
f 1930/1964/1778 1929/1959/1780 2016/1899/1781 2015/1899/1779
f 1929/1959/1780 1927/1898/1782 2012/1899/1783 2016/1899/1781
f 2011/1961/1775 2013/1960/1774 2007/1965/1784 2005/1965/1785
f 2013/1960/1774 2014/1963/1777 2008/1965/1786 2007/1965/1784
f 2014/1963/1777 2015/1899/1779 2009/1965/1787 2008/1965/1786
f 2015/1899/1779 2016/1899/1781 2010/1966/1788 2009/1965/1787
f 2016/1899/1781 2012/1899/1783 2006/1967/1789 2010/1966/1788
f 2005/1965/1785 2007/1965/1784 2001/1968/1790 1999/1968/1791
f 2007/1965/1784 2008/1965/1786 2002/1968/1792 2001/1968/1790
f 2008/1965/1786 2009/1965/1787 2003/1968/1793 2002/1968/1792
f 2009/1965/1787 2010/1966/1788 2004/1968/1794 2003/1968/1793
f 2010/1966/1788 2006/1967/1789 2000/1901/1795 2004/1968/1794
f 1999/1968/1791 2001/1968/1790 1995/1902/1796 1993/1969/1797
f 2001/1968/1790 2002/1968/1792 1996/1970/1798 1995/1902/1796
f 2002/1968/1792 2003/1968/1793 1997/1969/1799 1996/1970/1798
f 2003/1968/1793 2004/1968/1794 1998/1902/1800 1997/1969/1799
f 2004/1968/1794 2000/1901/1795 1994/1902/1801 1998/1902/1800
f 1993/1969/1797 1995/1902/1796 1989/1903/1802 1987/1903/1803
f 1995/1902/1796 1996/1970/1798 1990/1971/1804 1989/1903/1802
f 1996/1970/1798 1997/1969/1799 1991/1971/1805 1990/1971/1804
f 1997/1969/1799 1998/1902/1800 1992/1903/1806 1991/1971/1805
f 1998/1902/1800 1994/1902/1801 1988/1903/1807 1992/1903/1806
f 1987/1903/1803 1989/1903/1802 1983/1972/1808 1981/1972/1809
f 1989/1903/1802 1990/1971/1804 1984/1972/1810 1983/1972/1808
f 1990/1971/1804 1991/1971/1805 1985/1972/1811 1984/1972/1810
f 1991/1971/1805 1992/1903/1806 1986/1972/1812 1985/1972/1811
f 1992/1903/1806 1988/1903/1807 1982/1972/1813 1986/1972/1812
f 1981/1972/1809 1983/1972/1808 1977/1973/1814 1975/1905/1815
f 1983/1972/1808 1984/1972/1810 1978/1905/1816 1977/1973/1814
f 1984/1972/1810 1985/1972/1811 1979/1905/1817 1978/1905/1816
f 1985/1972/1811 1986/1972/1812 1980/1905/1818 1979/1905/1817
f 1986/1972/1812 1982/1972/1813 1976/1905/1819 1980/1905/1818
f 1975/1905/1815 1977/1973/1814 1971/1974/1820 1969/1974/1821
f 1977/1973/1814 1978/1905/1816 1972/1974/1822 1971/1974/1820
f 1978/1905/1816 1979/1905/1817 1973/1975/1823 1972/1974/1822
f 1979/1905/1817 1980/1905/1818 1974/1974/1824 1973/1975/1823
f 1980/1905/1818 1976/1905/1819 1970/1906/1825 1974/1974/1824
f 1969/1974/1821 1971/1974/1820 1965/1907/1826 1963/1907/1827
f 1971/1974/1820 1972/1974/1822 1966/1907/1828 1965/1907/1826
f 1972/1974/1822 1973/1975/1823 1967/1976/1829 1966/1907/1828
f 1973/1975/1823 1974/1974/1824 1968/1907/1830 1967/1976/1829
f 1974/1974/1824 1970/1906/1825 1964/1907/1831 1968/1907/1830
f 1963/1907/1827 1965/1907/1826 1959/1908/1832 1957/1977/1833
f 1965/1907/1826 1966/1907/1828 1960/1908/1834 1959/1908/1832
f 1966/1907/1828 1967/1976/1829 1961/1908/1835 1960/1908/1834
f 1967/1976/1829 1968/1907/1830 1962/1978/1836 1961/1908/1835
f 1968/1907/1830 1964/1907/1831 1958/1908/1837 1962/1978/1836
f 1957/1977/1833 1959/1908/1832 1953/1979/1838 1951/1980/1839
f 1959/1908/1832 1960/1908/1834 1954/1980/1840 1953/1979/1838
f 1960/1908/1834 1961/1908/1835 1955/1980/1841 1954/1980/1840
f 1961/1908/1835 1962/1978/1836 1956/1980/1842 1955/1980/1841
f 1962/1978/1836 1958/1908/1837 1952/1980/1843 1956/1980/1842
f 1951/1980/1839 1953/1979/1838 1947/1981/1844 1945/1982/1845
f 1953/1979/1838 1954/1980/1840 1948/1910/1846 1947/1981/1844
f 1954/1980/1840 1955/1980/1841 1949/1982/1847 1948/1910/1846
f 1955/1980/1841 1956/1980/1842 1950/1981/1848 1949/1982/1847
f 1956/1980/1842 1952/1980/1843 1946/1910/1849 1950/1981/1848
f 1945/1982/1845 1947/1981/1844 1941/1983/1850 1939/1928/1851
f 1947/1981/1844 1948/1910/1846 1942/1983/1852 1941/1983/1850
f 1948/1910/1846 1949/1982/1847 1943/1983/1853 1942/1983/1852
f 1949/1982/1847 1950/1981/1848 1944/1984/1854 1943/1983/1853
f 1950/1981/1848 1946/1910/1849 1940/1984/1855 1944/1984/1854
f 1934/1897/1856 1938/1897/1857 1932/1959/1773 1928/1959/1772
f 1938/1897/1857 1937/1985/1858 1931/1962/1776 1932/1959/1773
f 1937/1985/1858 1936/1897/1859 1930/1964/1778 1931/1962/1776
f 1936/1897/1859 1935/1897/1860 1929/1959/1780 1930/1964/1778
f 1935/1897/1860 1933/1897/1861 1927/1898/1782 1929/1959/1780
f 1922/1986/1862 1926/1987/1863 1938/1897/1857 1934/1897/1856
f 1926/1987/1863 1925/1987/1864 1937/1985/1858 1938/1897/1857
f 1925/1987/1864 1924/1987/1865 1936/1897/1859 1937/1985/1858
f 1924/1987/1865 1923/1987/1866 1935/1897/1860 1936/1897/1859
f 1923/1987/1866 1921/1919/1867 1933/1897/1861 1935/1897/1860
f 1916/1916/1868 1920/1916/1869 1926/1987/1863 1922/1986/1862
f 1920/1916/1869 1919/1988/1870 1925/1987/1864 1926/1987/1863
f 1919/1988/1870 1918/1988/1871 1924/1987/1865 1925/1987/1864
f 1918/1988/1871 1917/1916/1872 1923/1987/1866 1924/1987/1865
f 1917/1916/1872 1915/1916/1873 1921/1919/1867 1923/1987/1866
f 1910/1915/1874 1914/1915/1875 1920/1916/1869 1916/1916/1868
f 1914/1915/1875 1913/1915/1876 1919/1988/1870 1920/1916/1869
f 1913/1915/1876 1912/1915/1877 1918/1988/1871 1919/1988/1870
f 1912/1915/1877 1911/1915/1878 1917/1916/1872 1918/1988/1871
f 1911/1915/1878 1909/1915/1879 1915/1916/1873 1917/1916/1872
f 1904/1925/1880 1908/1925/1881 1914/1915/1875 1910/1915/1874
f 1908/1925/1881 1907/1989/1882 1913/1915/1876 1914/1915/1875
f 1907/1989/1882 1906/1989/1883 1912/1915/1877 1913/1915/1876
f 1906/1989/1883 1905/1989/1884 1911/1915/1878 1912/1915/1877
f 1905/1989/1884 1903/1990/1885 1909/1915/1879 1911/1915/1878
f 1898/1924/1886 1902/1991/1887 1893/1992/1888 1891/1993/1889
f 1902/1991/1887 1901/1994/1890 1894/1993/1891 1893/1992/1888
f 1901/1994/1890 1900/1991/1892 1895/1995/1893 1894/1993/1891
f 1900/1991/1892 1899/1991/1894 1896/1992/1895 1895/1995/1893
f 1899/1991/1894 1897/1924/1896 1892/1996/1897 1896/1992/1895
f 1886/1997/1898 1890/1997/1899 1908/1925/1881 1904/1925/1880
f 1890/1997/1899 1889/1998/1900 1907/1989/1882 1908/1925/1881
f 1889/1998/1900 1888/1999/1901 1906/1989/1883 1907/1989/1882
f 1888/1999/1901 1887/1997/1902 1905/1989/1884 1906/1989/1883
f 1887/1997/1902 1885/1997/1903 1903/1990/1885 1905/1989/1884
f 1880/1922/1904 1884/1922/1905 1902/1991/1887 1898/1924/1886
f 1884/1922/1905 1883/1922/1906 1901/1994/1890 1902/1991/1887
f 1883/1922/1906 1882/1922/1907 1900/1991/1892 1901/1994/1890
f 1882/1922/1907 1881/1922/1908 1899/1991/1894 1900/1991/1892
f 1881/1922/1908 1879/1922/1909 1897/1924/1896 1899/1991/1894
f 1874/2000/1910 1878/2000/1911 1890/1997/1899 1886/1997/1898
f 1878/2000/1911 1877/2000/1912 1889/1998/1900 1890/1997/1899
f 1877/2000/1912 1876/2000/1913 1888/1999/1901 1889/1998/1900
f 1876/2000/1913 1875/2000/1914 1887/1997/1902 1888/1999/1901
f 1875/2000/1914 1873/2001/1915 1885/1997/1903 1887/1997/1902
f 1868/2002/1916 1872/2002/1917 1884/1922/1905 1880/1922/1904
f 1872/2002/1917 1871/2002/1918 1883/1922/1906 1884/1922/1905
f 1871/2002/1918 1870/2003/1919 1882/1922/1907 1883/1922/1906
f 1870/2003/1919 1869/2002/1920 1881/1922/1908 1882/1922/1907
f 1869/2002/1920 1867/2002/1921 1879/1922/1909 1881/1922/1908
f 1862/2004/1922 1866/1918/1923 1878/2000/1911 1874/2000/1910
f 1866/1918/1923 1865/2004/1924 1877/2000/1912 1878/2000/1911
f 1865/2004/1924 1864/2004/1925 1876/2000/1913 1877/2000/1912
f 1864/2004/1925 1863/2004/1926 1875/2000/1914 1876/2000/1913
f 1863/2004/1926 1861/1918/1927 1873/2001/1915 1875/2000/1914
f 1856/2005/1928 1860/2006/1929 1872/2002/1917 1868/2002/1916
f 1860/2006/1929 1859/2005/1930 1871/2002/1918 1872/2002/1917
f 1859/2005/1930 1858/2005/1931 1870/2003/1919 1871/2002/1918
f 1858/2005/1931 1857/2005/1932 1869/2002/1920 1870/2003/1919
f 1857/2005/1932 1855/1917/1933 1867/2002/1921 1869/2002/1920
f 1850/1913/1934 1854/1913/1935 1866/1918/1923 1862/2004/1922
f 1854/1913/1935 1853/2007/1936 1865/2004/1924 1866/1918/1923
f 1853/2007/1936 1852/2008/1937 1864/2004/1925 1865/2004/1924
f 1852/2008/1937 1851/1913/1938 1863/2004/1926 1864/2004/1925
f 1851/1913/1938 1849/2009/1939 1861/1918/1927 1863/2004/1926
f 1844/2010/1940 1848/2010/1941 1860/2006/1929 1856/2005/1928
f 1848/2010/1941 1847/2011/1942 1859/2005/1930 1860/2006/1929
f 1847/2011/1942 1846/2011/1943 1858/2005/1931 1859/2005/1930
f 1846/2011/1943 1845/2010/1944 1857/2005/1932 1858/2005/1931
f 1845/2010/1944 1843/2010/1945 1855/1917/1933 1857/2005/1932
f 1891/1993/1889 1893/1992/1888 1854/1913/1935 1850/1913/1934
f 1893/1992/1888 1894/1993/1891 1853/2007/1936 1854/1913/1935
f 1894/1993/1891 1895/1995/1893 1852/2008/1937 1853/2007/1936
f 1895/1995/1893 1896/1992/1895 1851/1913/1938 1852/2008/1937
f 1896/1992/1895 1892/1996/1897 1849/2009/1939 1851/1913/1938
f 1838/2012/1946 1842/2013/1947 1848/2010/1941 1844/2010/1940
f 1842/2013/1947 1841/2013/1948 1847/2011/1942 1848/2010/1941
f 1841/2013/1948 1840/2013/1949 1846/2011/1943 1847/2011/1942
f 1840/2013/1949 1839/2012/1950 1845/2010/1944 1846/2011/1943
f 1839/2012/1950 1837/2014/1951 1843/2010/1945 1845/2010/1944
f 1832/2015/1952 1836/2015/1953 1842/2013/1947 1838/2012/1946
f 1836/2015/1953 1835/2016/1954 1841/2013/1948 1842/2013/1947
f 1835/2016/1954 1834/2017/1955 1840/2013/1949 1841/2013/1948
f 1834/2017/1955 1833/2015/1956 1839/2012/1950 1840/2013/1949
f 1833/2015/1956 1831/2015/1957 1837/2014/1951 1839/2012/1950
f 1826/2018/1958 1830/1927/1959 1836/2015/1953 1832/2015/1952
f 1830/1927/1959 1829/2019/1960 1835/2016/1954 1836/2015/1953
f 1829/2019/1960 1828/2019/1961 1834/2017/1955 1835/2016/1954
f 1828/2019/1961 1827/1927/1962 1833/2015/1956 1834/2017/1955
f 1827/1927/1962 1825/2020/1963 1831/2015/1957 1833/2015/1956
f 1939/1928/1851 1941/1983/1850 1830/1927/1959 1826/2018/1958
f 1941/1983/1850 1942/1983/1852 1829/2019/1960 1830/1927/1959
f 1942/1983/1852 1943/1983/1853 1828/2019/1961 1829/2019/1960
f 1943/1983/1853 1944/1984/1854 1827/1927/1962 1828/2019/1961
f 1944/1984/1854 1940/1984/1855 1825/2020/1963 1827/1927/1962
f 1832/2015/1952 1704/1926/1964 1705/1927/1965 1826/2018/1958
f 1826/2018/1958 1705/1927/1965 1706/1928/1966 1939/1928/1851
f 1838/2012/1946 1703/1912/1625 1704/1926/1964 1832/2015/1952
f 1844/2010/1940 1702/1911/1622 1703/1912/1625 1838/2012/1946
f 1856/2005/1928 1701/1917/1634 1702/1911/1622 1844/2010/1940
f 1862/2004/1922 1727/1918/1636 1728/1913/1626 1850/1913/1934
f 1850/1913/1934 1728/1913/1626 1697/1914/1629 1891/1993/1889
f 1868/2002/1916 1700/1920/1640 1701/1917/1634 1856/2005/1928
f 1874/2000/1910 1726/1921/1642 1727/1918/1636 1862/2004/1922
f 1880/1922/1904 1699/1922/1646 1700/1920/1640 1868/2002/1916
f 1886/1997/1898 1725/1923/1648 1726/1921/1642 1874/2000/1910
f 1898/1924/1886 1698/1924/1652 1699/1922/1646 1880/1922/1904
f 1904/1925/1880 1724/1925/1654 1725/1923/1648 1886/1997/1898
f 1891/1993/1889 1697/1914/1629 1698/1924/1652 1898/1924/1886
f 1910/1915/1874 1723/1915/1658 1724/1925/1654 1904/1925/1880
f 1916/1916/1868 1722/1916/1662 1723/1915/1658 1910/1915/1874
f 1922/1986/1862 1721/1919/1665 1722/1916/1662 1916/1916/1868
f 1934/1897/1856 1720/1897/1668 1721/1919/1665 1922/1986/1862
f 2011/1961/1775 1718/1899/1674 1719/1898/1671 1928/1959/1772
f 1928/1959/1772 1719/1898/1671 1720/1897/1668 1934/1897/1856
f 1939/1928/1851 1706/1928/1966 1707/1910/1967 1945/1982/1845
f 1945/1982/1845 1707/1910/1967 1708/1909/1968 1951/1980/1839
f 1951/1980/1839 1708/1909/1968 1709/1908/1969 1957/1977/1833
f 1957/1977/1833 1709/1908/1969 1710/1907/1970 1963/1907/1827
f 1963/1907/1827 1710/1907/1970 1711/1906/1971 1969/1974/1821
f 1969/1974/1821 1711/1906/1971 1712/1905/1972 1975/1905/1815
f 1975/1905/1815 1712/1905/1972 1713/1904/1973 1981/1972/1809
f 1981/1972/1809 1713/1904/1973 1714/1903/1974 1987/1903/1803
f 1987/1903/1803 1714/1903/1974 1715/1902/1975 1993/1969/1797
f 1993/1969/1797 1715/1902/1975 1716/1901/1680 1999/1968/1791
f 1999/1968/1791 1716/1901/1680 1717/1900/1677 2005/1965/1785
f 2005/1965/1785 1717/1900/1677 1718/1899/1674 2011/1961/1775
f 2236/1856/1976 2240/2021/1977 2069/2022/1978 2067/1858/1979
f 2240/2021/1977 2239/2023/1980 2070/2024/1981 2069/2022/1978
f 2242/2025/1982 2238/2025/1983 2071/2024/1984 2243/2026/1985
f 2238/2025/1983 2237/2021/1986 2072/2027/1987 2071/2024/1984
f 2237/2021/1986 2235/1856/1988 2068/1858/1989 2072/2027/1987
f 2230/1855/1990 2234/2028/1991 2057/2029/1992 2055/2030/1993
f 2234/2028/1991 2233/2031/1994 2058/2032/1995 2057/2029/1992
f 2244/2031/1996 2232/2033/1997 2059/2032/1998 2245/2032/1999
f 2232/2033/1997 2231/2034/2000 2060/2035/2001 2059/2032/1998
f 2231/2034/2000 2229/1855/2002 2056/2030/2003 2060/2035/2001
f 2224/2036/2004 2228/2037/2005 2240/2021/1977 2236/1856/1976
f 2228/2037/2005 2227/2038/2006 2239/2023/1980 2240/2021/1977
f 2246/2039/2007 2226/2039/2008 2238/2025/1983 2242/2025/1982
f 2226/2039/2008 2225/2040/2009 2237/2021/1986 2238/2025/1983
f 2225/2040/2009 2223/1854/2010 2235/1856/1988 2237/2021/1986
f 2218/1853/2011 2222/2041/2012 2234/2028/1991 2230/1855/1990
f 2222/2041/2012 2221/2042/2013 2233/2031/1994 2234/2028/1991
f 2247/2042/2014 2220/2042/2015 2232/2033/1997 2244/2031/1996
f 2220/2042/2015 2219/2043/2016 2231/2034/2000 2232/2033/1997
f 2219/2043/2016 2217/1853/2017 2229/1855/2002 2231/2034/2000
f 2212/1852/2018 2216/2044/2019 2153/2045/2020 2151/1841/2021
f 2216/2044/2019 2215/2046/2022 2154/2047/2023 2153/2045/2020
f 2248/2048/2024 2214/2049/2025 2155/2050/2026 2249/2047/2027
f 2214/2049/2025 2213/2051/2028 2156/2052/2029 2155/2050/2026
f 2213/2051/2028 2211/1852/2030 2152/1841/2031 2156/2052/2029
f 2206/2053/2032 2210/2054/2033 2228/2037/2005 2224/2036/2004
f 2210/2054/2033 2209/2055/2034 2227/2038/2006 2228/2037/2005
f 2250/2056/2035 2208/2057/2036 2226/2039/2008 2246/2039/2007
f 2208/2057/2036 2207/2058/2037 2225/2040/2009 2226/2039/2008
f 2207/2058/2037 2205/2053/2038 2223/1854/2010 2225/2040/2009
f 2200/2059/2039 2204/2060/2040 2222/2041/2012 2218/1853/2011
f 2204/2060/2040 2203/2061/2041 2221/2042/2013 2222/2041/2012
f 2251/2061/2042 2202/2062/2043 2220/2042/2015 2247/2042/2014
f 2202/2062/2043 2201/2063/2044 2219/2043/2016 2220/2042/2015
f 2201/2063/2044 2199/2059/2045 2217/1853/2017 2219/2043/2016
f 2194/1849/2046 2198/2064/2047 2216/2044/2019 2212/1852/2018
f 2198/2064/2047 2197/2065/2048 2215/2046/2022 2216/2044/2019
f 2252/2065/2049 2196/2065/2050 2214/2049/2025 2248/2048/2024
f 2196/2065/2050 2195/2066/2051 2213/2051/2028 2214/2049/2025
f 2195/2066/2051 2193/1849/2052 2211/1852/2030 2213/2051/2028
f 2188/1848/2053 2192/2067/2054 2210/2054/2033 2206/2053/2032
f 2192/2067/2054 2191/2068/2055 2209/2055/2034 2210/2054/2033
f 2253/2069/2056 2190/2068/2057 2208/2057/2036 2250/2056/2035
f 2190/2068/2057 2189/2070/2058 2207/2058/2037 2208/2057/2036
f 2189/2070/2058 2187/2071/2059 2205/2053/2038 2207/2058/2037
f 2182/1847/2060 2186/2072/2061 2204/2060/2040 2200/2059/2039
f 2186/2072/2061 2185/2073/2062 2203/2061/2041 2204/2060/2040
f 2254/2073/2063 2184/2073/2064 2202/2062/2043 2251/2061/2042
f 2184/2073/2064 2183/2074/2065 2201/2063/2044 2202/2062/2043
f 2183/2074/2065 2181/1847/2066 2199/2059/2045 2201/2063/2044
f 2176/1846/2067 2180/2075/2068 2198/2064/2047 2194/1849/2046
f 2180/2075/2068 2179/2076/2069 2197/2065/2048 2198/2064/2047
f 2255/2076/2070 2178/2076/2071 2196/2065/2050 2252/2065/2049
f 2178/2076/2071 2177/2075/2072 2195/2066/2051 2196/2065/2050
f 2177/2075/2072 2175/2077/2073 2193/1849/2052 2195/2066/2051
f 2170/1845/2074 2174/2078/2075 2192/2067/2054 2188/1848/2053
f 2174/2078/2075 2173/2079/2076 2191/2068/2055 2192/2067/2054
f 2256/2079/2077 2172/2079/2078 2190/2068/2057 2253/2069/2056
f 2172/2079/2078 2171/2080/2079 2189/2070/2058 2190/2068/2057
f 2171/2080/2079 2169/2081/2080 2187/2071/2059 2189/2070/2058
f 2164/1844/2081 2168/2082/2082 2186/2072/2061 2182/1847/2060
f 2168/2082/2082 2167/2083/2083 2185/2073/2062 2186/2072/2061
f 2257/2084/2084 2166/2083/2085 2184/2073/2064 2254/2073/2063
f 2166/2083/2085 2165/2085/2086 2183/2074/2065 2184/2073/2064
f 2165/2085/2086 2163/1844/2087 2181/1847/2066 2183/2074/2065
f 2158/2086/2088 2162/2087/2089 2180/2075/2068 2176/1846/2067
f 2162/2087/2089 2161/2088/2090 2179/2076/2069 2180/2075/2068
f 2258/2089/2091 2160/2090/2092 2178/2076/2071 2255/2076/2070
f 2160/2090/2092 2159/2091/2093 2177/2075/2072 2178/2076/2071
f 2159/2091/2093 2157/1843/2094 2175/2077/2073 2177/2075/2072
f 2146/1842/2095 2150/2092/2096 2174/2078/2075 2170/1845/2074
f 2150/2092/2096 2149/2093/2097 2173/2079/2076 2174/2078/2075
f 2259/2094/2098 2148/2095/2099 2172/2079/2078 2256/2079/2077
f 2148/2095/2099 2147/2096/2100 2171/2080/2079 2172/2079/2078
f 2147/2096/2100 2145/1842/2101 2169/2081/2080 2171/2080/2079
f 2140/1840/2102 2144/2097/2103 2168/2082/2082 2164/1844/2081
f 2144/2097/2103 2143/2098/2104 2167/2083/2083 2168/2082/2082
f 2260/2099/2105 2142/2098/2106 2166/2083/2085 2257/2084/2084
f 2142/2098/2106 2141/2100/2107 2165/2085/2086 2166/2083/2085
f 2141/2100/2107 2139/1840/2108 2163/1844/2087 2165/2085/2086
f 2134/1839/2109 2138/2101/2110 2162/2087/2089 2158/2086/2088
f 2138/2101/2110 2137/2102/2111 2161/2088/2090 2162/2087/2089
f 2261/2103/2112 2136/2103/2113 2160/2090/2092 2258/2089/2091
f 2136/2103/2113 2135/2104/2114 2159/2091/2093 2160/2090/2092
f 2135/2104/2114 2133/1839/2115 2157/1843/2094 2159/2091/2093
f 2151/1841/2021 2153/2045/2020 2150/2092/2096 2146/1842/2095
f 2153/2045/2020 2154/2047/2023 2149/2093/2097 2150/2092/2096
f 2249/2047/2027 2155/2050/2026 2148/2095/2099 2259/2094/2098
f 2155/2050/2026 2156/2052/2029 2147/2096/2100 2148/2095/2099
f 2156/2052/2029 2152/1841/2031 2145/1842/2101 2147/2096/2100
f 2128/1838/2116 2132/2105/2117 2144/2097/2103 2140/1840/2102
f 2132/2105/2117 2131/2106/2118 2143/2098/2104 2144/2097/2103
f 2262/2107/2119 2130/2107/2120 2142/2098/2106 2260/2099/2105
f 2130/2107/2120 2129/2108/2121 2141/2100/2107 2142/2098/2106
f 2129/2108/2121 2127/1838/2122 2139/1840/2108 2141/2100/2107
f 2122/1837/2123 2126/2109/2124 2138/2101/2110 2134/1839/2109
f 2126/2109/2124 2125/2110/2125 2137/2102/2111 2138/2101/2110
f 2263/2110/2126 2124/2110/2127 2136/2103/2113 2261/2103/2112
f 2124/2110/2127 2123/2111/2128 2135/2104/2114 2136/2103/2113
f 2123/2111/2128 2121/1837/2129 2133/1839/2115 2135/2104/2114
f 2116/2112/2130 2120/2113/2131 2132/2105/2117 2128/1838/2116
f 2120/2113/2131 2119/2114/2132 2131/2106/2118 2132/2105/2117
f 2264/2114/2133 2118/2115/2134 2130/2107/2120 2262/2107/2119
f 2118/2115/2134 2117/2116/2135 2129/2108/2121 2130/2107/2120
f 2117/2116/2135 2115/2112/2136 2127/1838/2122 2129/2108/2121
f 2110/1835/2137 2114/2117/2138 2126/2109/2124 2122/1837/2123
f 2114/2117/2138 2113/2118/2139 2125/2110/2125 2126/2109/2124
f 2265/2119/2140 2112/2120/2141 2124/2110/2127 2263/2110/2126
f 2112/2120/2141 2111/2121/2142 2123/2111/2128 2124/2110/2127
f 2111/2121/2142 2109/1835/2143 2121/1837/2129 2123/2111/2128
f 2104/1834/2144 2108/2122/2145 2120/2113/2131 2116/2112/2130
f 2108/2122/2145 2107/2123/2146 2119/2114/2132 2120/2113/2131
f 2266/2123/2147 2106/2123/2148 2118/2115/2134 2264/2114/2133
f 2106/2123/2148 2105/2124/2149 2117/2116/2135 2118/2115/2134
f 2105/2124/2149 2103/1834/2150 2115/2112/2136 2117/2116/2135
f 2098/1832/2151 2102/2125/2152 2114/2117/2138 2110/1835/2137
f 2102/2125/2152 2101/2126/2153 2113/2118/2139 2114/2117/2138
f 2267/2126/2154 2100/2126/2155 2112/2120/2141 2265/2119/2140
f 2100/2126/2155 2099/2127/2156 2111/2121/2142 2112/2120/2141
f 2099/2127/2156 2097/1832/2157 2109/1835/2143 2111/2121/2142
f 2092/1833/2158 2096/2128/2159 2108/2122/2145 2104/1834/2144
f 2096/2128/2159 2095/2129/2160 2107/2123/2146 2108/2122/2145
f 2268/2129/2161 2094/2130/2162 2106/2123/2148 2266/2123/2147
f 2094/2130/2162 2093/2131/2163 2105/2124/2149 2106/2123/2148
f 2093/2131/2163 2091/1833/2164 2103/1834/2150 2105/2124/2149
f 2086/2132/2165 2090/2133/2166 2102/2125/2152 2098/1832/2151
f 2090/2133/2166 2089/2134/2167 2101/2126/2153 2102/2125/2152
f 2269/2135/2168 2088/2136/2169 2100/2126/2155 2267/2126/2154
f 2088/2136/2169 2087/2133/2170 2099/2127/2156 2100/2126/2155
f 2087/2133/2170 2085/2137/2171 2097/1832/2157 2099/2127/2156
f 2080/1862/2172 2084/2138/2173 2096/2128/2159 2092/1833/2158
f 2084/2138/2173 2083/2139/2174 2095/2129/2160 2096/2128/2159
f 2270/2140/2175 2082/2141/2176 2094/2130/2162 2268/2129/2161
f 2082/2141/2176 2081/2138/2177 2093/2131/2163 2094/2130/2162
f 2081/2138/2177 2079/2142/2178 2091/1833/2164 2093/2131/2163
f 2074/1861/2179 2078/2143/2180 2090/2133/2166 2086/2132/2165
f 2078/2143/2180 2077/2144/2181 2089/2134/2167 2090/2133/2166
f 2271/2145/2182 2076/2144/2183 2088/2136/2169 2269/2135/2168
f 2076/2144/2183 2075/2143/2184 2087/2133/2170 2088/2136/2169
f 2075/2143/2184 2073/1861/2185 2085/2137/2171 2087/2133/2170
f 2062/1860/2186 2066/2146/2187 2084/2138/2173 2080/1862/2172
f 2066/2146/2187 2065/2147/2188 2083/2139/2174 2084/2138/2173
f 2272/2147/2189 2064/2148/2190 2082/2141/2176 2270/2140/2175
f 2064/2148/2190 2063/2149/2191 2081/2138/2177 2082/2141/2176
f 2063/2149/2191 2061/1860/2192 2079/2142/2178 2081/2138/2177
f 2050/1859/2193 2054/2150/2194 2078/2143/2180 2074/1861/2179
f 2054/2150/2194 2053/2151/2195 2077/2144/2181 2078/2143/2180
f 2273/2151/2196 2052/2151/2197 2076/2144/2183 2271/2145/2182
f 2052/2151/2197 2051/2152/2198 2075/2143/2184 2076/2144/2183
f 2051/2152/2198 2049/1859/2199 2073/1861/2185 2075/2143/2184
f 2067/1858/1979 2069/2022/1978 2066/2146/2187 2062/1860/2186
f 2069/2022/1978 2070/2024/1981 2065/2147/2188 2066/2146/2187
f 2243/2026/1985 2071/2024/1984 2064/2148/2190 2272/2147/2189
f 2071/2024/1984 2072/2027/1987 2063/2149/2191 2064/2148/2190
f 2072/2027/1987 2068/1858/1989 2061/1860/2192 2063/2149/2191
f 2055/2030/1993 2057/2029/1992 2054/2150/2194 2050/1859/2193
f 2057/2029/1992 2058/2032/1995 2053/2151/2195 2054/2150/2194
f 2245/2032/1999 2059/2032/1998 2052/2151/2197 2273/2151/2196
f 2059/2032/1998 2060/2035/2001 2051/2152/2198 2052/2151/2197
f 2060/2035/2001 2056/2030/2003 2049/1859/2199 2051/2152/2198
f 1590/1859/2200 2049/1859/2199 2056/2030/2003 1589/1857/2201
f 2074/1861/2179 2039/1861/2202 2038/1859/2203 2050/1859/2193
f 1591/1861/2204 2073/1861/2185 2049/1859/2199 1590/1859/2200
f 2050/1859/2193 2038/1859/2203 2037/1857/2205 2055/2030/1993
f 2055/2030/1993 2037/1857/2205 2036/1855/2206 2230/1855/1990
f 1589/1857/2201 2056/2030/2003 2229/1855/2002 1588/1855/2207
f 1577/1860/2208 2061/1860/2192 2068/1858/1989 1576/1858/2209
f 2080/1862/2172 2026/1862/2210 2025/1860/2211 2062/1860/2186
f 1578/1862/2212 2079/2142/2178 2061/1860/2192 1577/1860/2208
f 2062/1860/2186 2025/1860/2211 2024/1858/2213 2067/1858/1979
f 2067/1858/1979 2024/1858/2213 2023/1856/2214 2236/1856/1976
f 1576/1858/2209 2068/1858/1989 2235/1856/1988 1575/1856/2215
f 2086/2132/2165 2040/1831/2216 2039/1861/2202 2074/1861/2179
f 1592/1831/2217 2085/2137/2171 2073/1861/2185 1591/1861/2204
f 2092/1833/2158 2027/1833/2218 2026/1862/2210 2080/1862/2172
f 1579/1833/2219 2091/1833/2164 2079/2142/2178 1578/1862/2212
f 2098/1832/2151 2041/1832/2220 2040/1831/2216 2086/2132/2165
f 1593/1832/2221 2097/1832/2157 2085/2137/2171 1592/1831/2217
f 2104/1834/2144 2028/1834/2222 2027/1833/2218 2092/1833/2158
f 1580/1834/2223 2103/1834/2150 2091/1833/2164 1579/1833/2219
f 2110/1835/2137 2042/1835/2224 2041/1832/2220 2098/1832/2151
f 1594/1835/2225 2109/1835/2143 2097/1832/2157 1593/1832/2221
f 2116/2112/2130 2029/1836/2226 2028/1834/2222 2104/1834/2144
f 1581/1836/2227 2115/2112/2136 2103/1834/2150 1580/1834/2223
f 2122/1837/2123 2043/1837/2228 2042/1835/2224 2110/1835/2137
f 1595/1837/2229 2121/1837/2129 2109/1835/2143 1594/1835/2225
f 2128/1838/2116 2030/1838/2230 2029/1836/2226 2116/2112/2130
f 1582/1838/2231 2127/1838/2122 2115/2112/2136 1581/1836/2227
f 2134/1839/2109 2044/1839/2232 2043/1837/2228 2122/1837/2123
f 1596/1839/2233 2133/1839/2115 2121/1837/2129 1595/1837/2229
f 2140/1840/2102 2031/1840/2234 2030/1838/2230 2128/1838/2116
f 1583/1840/2235 2139/1840/2108 2127/1838/2122 1582/1838/2231
f 2158/2086/2088 2045/1843/2236 2044/1839/2232 2134/1839/2109
f 1597/1843/2237 2157/1843/2094 2133/1839/2115 1596/1839/2233
f 2164/1844/2081 2032/1844/2238 2031/1840/2234 2140/1840/2102
f 1584/1844/2239 2163/1844/2087 2139/1840/2108 1583/1840/2235
f 1570/1842/2240 2145/1842/2101 2152/1841/2031 1569/1841/2241
f 2170/1845/2074 2019/1845/2242 2018/1842/2243 2146/1842/2095
f 1571/1845/2244 2169/2081/2080 2145/1842/2101 1570/1842/2240
f 2146/1842/2095 2018/1842/2243 2017/1841/2245 2151/1841/2021
f 2151/1841/2021 2017/1841/2245 2048/1852/2246 2212/1852/2018
f 1569/1841/2241 2152/1841/2031 2211/1852/2030 1600/1852/2247
f 2176/1846/2067 2046/1846/2248 2045/1843/2236 2158/2086/2088
f 1598/1846/2249 2175/2077/2073 2157/1843/2094 1597/1843/2237
f 2182/1847/2060 2033/1847/2250 2032/1844/2238 2164/1844/2081
f 1585/1847/2251 2181/1847/2066 2163/1844/2087 1584/1844/2239
f 2188/1848/2053 2020/1848/2252 2019/1845/2242 2170/1845/2074
f 1572/1848/2253 2187/2071/2059 2169/2081/2080 1571/1845/2244
f 2194/1849/2046 2047/1849/2254 2046/1846/2248 2176/1846/2067
f 1599/1849/2255 2193/1849/2052 2175/2077/2073 1598/1846/2249
f 2200/2059/2039 2034/1850/2256 2033/1847/2250 2182/1847/2060
f 1586/1850/2257 2199/2059/2045 2181/1847/2066 1585/1847/2251
f 2206/2053/2032 2021/1851/2258 2020/1848/2252 2188/1848/2053
f 1573/1851/2259 2205/2053/2038 2187/2071/2059 1572/1848/2253
f 2212/1852/2018 2048/1852/2246 2047/1849/2254 2194/1849/2046
f 1600/1852/2247 2211/1852/2030 2193/1849/2052 1599/1849/2255
f 2218/1853/2011 2035/1853/2260 2034/1850/2256 2200/2059/2039
f 1587/1853/2261 2217/1853/2017 2199/2059/2045 1586/1850/2257
f 2224/2036/2004 2022/1854/2262 2021/1851/2258 2206/2053/2032
f 1574/1854/2263 2223/1854/2010 2205/2053/2038 1573/1851/2259
f 2230/1855/1990 2036/1855/2206 2035/1853/2260 2218/1853/2011
f 1588/1855/2207 2229/1855/2002 2217/1853/2017 1587/1853/2261
f 2236/1856/1976 2023/1856/2214 2022/1854/2262 2224/2036/2004
f 1575/1856/2215 2235/1856/1988 2223/1854/2010 1574/1854/2263
f 2033/1847/1452 2241/1847/1452 2032/1844/1452
f 2020/1848/1452 2241/1848/1452 2019/1845/1452
f 2047/1849/1452 2241/1849/1452 2046/1846/1452
f 2034/1850/1452 2241/1850/1452 2033/1847/1452
f 2021/1851/1452 2241/1851/1452 2020/1848/1452
f 2048/1852/1452 2241/1852/1452 2047/1849/1452
f 2035/1853/1452 2241/1853/1452 2034/1850/1452
f 2022/1854/1452 2241/1854/1452 2021/1851/1452
f 2017/1841/1452 2241/1841/1452 2048/1852/1452
f 2036/1855/1452 2241/1855/1452 2035/1853/1452
f 2023/1856/1452 2241/1856/1452 2022/1854/1452
f 2037/1857/1452 2241/1857/1452 2036/1855/1452
f 2024/1858/1452 2241/1858/1452 2023/1856/1452
f 2038/1859/1452 2241/1859/1452 2037/1857/1452
f 2025/1860/1452 2241/1860/1452 2024/1858/1452
f 2039/1861/1452 2241/1861/1452 2038/1859/1452
f 2026/1862/1452 2241/1862/1452 2025/1860/1452
f 2040/1831/1452 2241/1831/1452 2039/1861/1452
f 2027/1833/1452 2241/1833/1452 2026/1862/1452
f 2041/1832/1452 2241/1832/1452 2040/1831/1452
f 2028/1834/1452 2241/1834/1452 2027/1833/1452
f 2042/1835/1452 2241/1835/1452 2041/1832/1452
f 2029/1836/1452 2241/1836/1452 2028/1834/1452
f 2043/1837/1452 2241/1837/1452 2042/1835/1452
f 2030/1838/1452 2241/1838/1452 2029/1836/1452
f 2044/1839/1452 2241/1839/1452 2043/1837/1452
f 2031/1840/1452 2241/1840/1452 2030/1838/1452
f 2018/1842/1452 2241/1842/1452 2017/1841/1452
f 2045/1843/1452 2241/1843/1452 2044/1839/1452
f 2032/1844/1452 2241/1844/1452 2031/1840/1452
f 2019/1845/1452 2241/1845/1452 2018/1842/1452
f 2046/1846/1452 2241/1846/1452 2045/1843/1452
f 2058/2032/1995 2245/2032/1999 2273/2151/2196 2053/2151/2195
f 2070/2024/1981 2243/2026/1985 2272/2147/2189 2065/2147/2188
f 2053/2151/2195 2273/2151/2196 2271/2145/2182 2077/2144/2181
f 2065/2147/2188 2272/2147/2189 2270/2140/2175 2083/2139/2174
f 2077/2144/2181 2271/2145/2182 2269/2135/2168 2089/2134/2167
f 2083/2139/2174 2270/2140/2175 2268/2129/2161 2095/2129/2160
f 2089/2134/2167 2269/2135/2168 2267/2126/2154 2101/2126/2153
f 2095/2129/2160 2268/2129/2161 2266/2123/2147 2107/2123/2146
f 2101/2126/2153 2267/2126/2154 2265/2119/2140 2113/2118/2139
f 2107/2123/2146 2266/2123/2147 2264/2114/2133 2119/2114/2132
f 2113/2118/2139 2265/2119/2140 2263/2110/2126 2125/2110/2125
f 2119/2114/2132 2264/2114/2133 2262/2107/2119 2131/2106/2118
f 2125/2110/2125 2263/2110/2126 2261/2103/2112 2137/2102/2111
f 2131/2106/2118 2262/2107/2119 2260/2099/2105 2143/2098/2104
f 2154/2047/2023 2249/2047/2027 2259/2094/2098 2149/2093/2097
f 2137/2102/2111 2261/2103/2112 2258/2089/2091 2161/2088/2090
f 2143/2098/2104 2260/2099/2105 2257/2084/2084 2167/2083/2083
f 2149/2093/2097 2259/2094/2098 2256/2079/2077 2173/2079/2076
f 2161/2088/2090 2258/2089/2091 2255/2076/2070 2179/2076/2069
f 2167/2083/2083 2257/2084/2084 2254/2073/2063 2185/2073/2062
f 2173/2079/2076 2256/2079/2077 2253/2069/2056 2191/2068/2055
f 2179/2076/2069 2255/2076/2070 2252/2065/2049 2197/2065/2048
f 2185/2073/2062 2254/2073/2063 2251/2061/2042 2203/2061/2041
f 2191/2068/2055 2253/2069/2056 2250/2056/2035 2209/2055/2034
f 2197/2065/2048 2252/2065/2049 2248/2048/2024 2215/2046/2022
f 2203/2061/2041 2251/2061/2042 2247/2042/2014 2221/2042/2013
f 2209/2055/2034 2250/2056/2035 2246/2039/2007 2227/2038/2006
f 2215/2046/2022 2248/2048/2024 2249/2047/2027 2154/2047/2023
f 2221/2042/2013 2247/2042/2014 2244/2031/1996 2233/2031/1994
f 2227/2038/2006 2246/2039/2007 2242/2025/1982 2239/2023/1980
f 2233/2031/1994 2244/2031/1996 2245/2032/1999 2058/2032/1995
f 2239/2023/1980 2242/2025/1982 2243/2026/1985 2070/2024/1981
f 1756/1925/2264 2296/1925/2265 2295/1915/1631 1755/1915/1630
f 1730/1924/2266 2282/1924/2266 2322/1914/2267 1729/1914/2267
f 1703/1912/1625 2304/1912/1624 2305/1926/2268 1704/1926/1964
f 1757/1923/2269 2297/1923/2270 2296/1925/2265 1756/1925/2264
f 1731/1922/2271 2323/1922/2271 2282/1924/2266 1730/1924/2266
f 1704/1926/1964 2305/1926/2268 2306/1927/2272 1705/1927/1965
f 1758/1921/2273 2335/1921/2273 2297/1923/2270 1757/1923/2269
f 1732/1920/2274 2283/1920/2274 2323/1922/2271 1731/1922/2271
f 1705/1927/1965 2306/1927/2272 2307/1928/2275 1706/1928/1966
f 1759/1918/2276 2336/1918/2276 2335/1921/2273 1758/1921/2273
f 1733/1917/2277 2324/1917/2278 2283/1920/2274 1732/1920/2274
f 1706/1928/1966 2307/1928/2275 2274/1910/2279 1707/1910/1967
f 1760/1913/2280 2337/1913/2280 2336/1918/2276 1759/1918/2276
f 1734/1911/2281 2325/1911/2282 2324/1917/2278 1733/1917/2277
f 1707/1910/1967 2274/1910/2279 2308/1909/2283 1708/1909/1968
f 1729/1914/2267 2322/1914/2267 2337/1913/2280 1760/1913/2280
f 1735/1912/2284 2326/1912/2285 2325/1911/2282 1734/1911/2281
f 1708/1909/1968 2308/1909/2283 2275/1908/2286 1709/1908/1969
f 1736/1926/2287 2327/1926/2288 2326/1912/2285 1735/1912/2284
f 1709/1908/1969 2275/1908/2286 2309/1907/2289 1710/1907/1970
f 1737/1927/2290 2328/1927/2291 2327/1926/2288 1736/1926/2287
f 1710/1907/1970 2309/1907/2289 2276/1906/2292 1711/1906/1971
f 1738/1928/2293 2329/1928/2294 2328/1927/2291 1737/1927/2290
f 1711/1906/1971 2276/1906/2292 2310/1905/2295 1712/1905/1972
f 1739/1910/2296 2330/1910/2297 2329/1928/2294 1738/1928/2293
f 1712/1905/1972 2310/1905/2295 2277/1904/2298 1713/1904/1973
f 1740/1909/2299 2284/1909/2300 2330/1910/2297 1739/1910/2296
f 1713/1904/1973 2277/1904/2298 2311/1903/2301 1714/1903/1974
f 1741/1908/2302 2331/1908/2303 2284/1909/2300 1740/1909/2299
f 1714/1903/1974 2311/1903/2301 2312/1902/2304 1715/1902/1975
f 1742/1907/1682 2285/1907/1682 2331/1908/2303 1741/1908/2302
f 1715/1902/1975 2312/1902/2304 2278/1901/1681 1716/1901/1680
f 2298/1914/1628 2322/1914/2267 2282/1924/2266 2299/1924/1653
f 2318/1925/1655 2296/1925/2265 2297/1923/2270 2319/1923/1649
f 2276/1906/2292 2286/1906/1679 2332/1905/1676 2310/1905/2295
f 2299/1924/1653 2282/1924/2266 2323/1922/2271 2300/1922/1647
f 2319/1923/1649 2297/1923/2270 2335/1921/2273 2281/1921/1643
f 2310/1905/2295 2332/1905/1676 2287/1904/1673 2277/1904/2298
f 2300/1922/1647 2323/1922/2271 2283/1920/2274 2301/1920/1641
f 2281/1921/1643 2335/1921/2273 2336/1918/2276 2320/1918/1637
f 2277/1904/2298 2287/1904/1673 2288/1903/1670 2311/1903/2301
f 2301/1920/1641 2283/1920/2274 2324/1917/2278 2302/1917/1635
f 2320/1918/1637 2336/1918/2276 2337/1913/2280 2321/1913/1627
f 2311/1903/2301 2288/1903/1670 2289/1902/1667 2312/1902/2304
f 2302/1917/1635 2324/1917/2278 2325/1911/2282 2303/1911/1623
f 2321/1913/1627 2337/1913/2280 2322/1914/2267 2298/1914/1628
f 2312/1902/2304 2289/1902/1667 2333/1901/1664 2278/1901/1681
f 2303/1911/1623 2325/1911/2282 2326/1912/2285 2304/1912/1624
f 2278/1901/1681 2333/1901/1664 2290/1900/1660 2279/1900/1678
f 2304/1912/1624 2326/1912/2285 2327/1926/2288 2305/1926/2268
f 2279/1900/1678 2290/1900/1660 2291/1899/1656 2313/1899/1675
f 2305/1926/2268 2327/1926/2288 2328/1927/2291 2306/1927/2272
f 2313/1899/1675 2291/1899/1656 2292/1898/1650 2314/1898/1672
f 2306/1927/2272 2328/1927/2291 2329/1928/2294 2307/1928/2275
f 2314/1898/1672 2292/1898/1650 2293/1897/1644 2280/1897/1669
f 2307/1928/2275 2329/1928/2294 2330/1910/2297 2274/1910/2279
f 2280/1897/1669 2293/1897/1644 2334/1919/1638 2315/1919/1666
f 2274/1910/2279 2330/1910/2297 2284/1909/2300 2308/1909/2283
f 2315/1919/1666 2334/1919/1638 2294/1916/1632 2316/1916/1663
f 2308/1909/2283 2284/1909/2300 2331/1908/2303 2275/1908/2286
f 2316/1916/1663 2294/1916/1632 2295/1915/1631 2317/1915/1659
f 2275/1908/2286 2331/1908/2303 2285/1907/1682 2309/1907/2289
f 2317/1915/1659 2295/1915/1631 2296/1925/2265 2318/1925/1655
f 2309/1907/2289 2285/1907/1682 2286/1906/1679 2276/1906/2292
f 2339/2153/2305 2343/2154/2306 2346/2155/2307 2344/2156/2308
f 2343/2154/2306 2342/2157/2309 2347/2158/2310 2346/2155/2307
f 2342/2157/2309 2341/2159/2311 2348/2160/2312 2347/2158/2310
f 2341/2159/2311 2340/2161/2313 2349/2162/2314 2348/2160/2312
f 2340/2161/2313 2338/2163/2315 2345/2164/2316 2349/2162/2314
f 2344/2156/2308 2346/2155/2307 2352/2165/2317 2350/2166/2318
f 2346/2155/2307 2347/2158/2310 2353/2167/2319 2352/2165/2317
f 2347/2158/2310 2348/2160/2312 2354/2168/2320 2353/2167/2319
f 2348/2160/2312 2349/2162/2314 2355/2169/2321 2354/2168/2320
f 2349/2162/2314 2345/2164/2316 2351/2170/2322 2355/2169/2321
f 2350/2166/2318 2352/2165/2317 2358/2171/2323 2356/2172/2324
f 2352/2165/2317 2353/2167/2319 2359/2173/2325 2358/2171/2323
f 2353/2167/2319 2354/2168/2320 2360/2174/2326 2359/2173/2325
f 2354/2168/2320 2355/2169/2321 2361/2175/2327 2360/2174/2326
f 2355/2169/2321 2351/2170/2322 2357/2176/2328 2361/2175/2327
f 2356/2172/2324 2358/2171/2323 2364/2177/2329 2362/2178/2330
f 2358/2171/2323 2359/2173/2325 2365/2179/2331 2364/2177/2329
f 2359/2173/2325 2360/2174/2326 2366/2180/2332 2365/2179/2331
f 2360/2174/2326 2361/2175/2327 2367/2181/2333 2366/2180/2332
f 2361/2175/2327 2357/2176/2328 2363/2182/2334 2367/2181/2333
f 2362/2178/2330 2364/2177/2329 2370/2183/2335 2368/2184/2336
f 2364/2177/2329 2365/2179/2331 2371/2185/2337 2370/2183/2335
f 2365/2179/2331 2366/2180/2332 2372/2186/2338 2371/2185/2337
f 2366/2180/2332 2367/2181/2333 2373/2187/2339 2372/2186/2338
f 2367/2181/2333 2363/2182/2334 2369/2188/2340 2373/2187/2339
f 2368/2184/2336 2370/2183/2335 2376/2189/2341 2374/2190/2342
f 2370/2183/2335 2371/2185/2337 2377/2191/2343 2376/2189/2341
f 2371/2185/2337 2372/2186/2338 2378/2192/2344 2377/2191/2343
f 2372/2186/2338 2373/2187/2339 2379/2193/2345 2378/2192/2344
f 2373/2187/2339 2369/2188/2340 2375/2194/2346 2379/2193/2345
f 2374/2190/2342 2376/2189/2341 2382/2195/2347 2380/2196/2348
f 2376/2189/2341 2377/2191/2343 2383/2197/2349 2382/2195/2347
f 2377/2191/2343 2378/2192/2344 2384/2198/2350 2383/2197/2349
f 2378/2192/2344 2379/2193/2345 2385/2199/2351 2384/2198/2350
f 2379/2193/2345 2375/2194/2346 2381/2200/2352 2385/2199/2351
f 2380/2196/2348 2382/2195/2347 2388/2201/2353 2386/2202/2354
f 2382/2195/2347 2383/2197/2349 2389/2203/2355 2388/2201/2353
f 2383/2197/2349 2384/2198/2350 2390/2204/2356 2389/2203/2355
f 2384/2198/2350 2385/2199/2351 2391/2205/2357 2390/2204/2356
f 2385/2199/2351 2381/2200/2352 2387/2206/2358 2391/2205/2357
f 2386/2202/2354 2388/2201/2353 2394/2207/2359 2392/2208/2360
f 2388/2201/2353 2389/2203/2355 2395/2209/2361 2394/2207/2359
f 2389/2203/2355 2390/2204/2356 2396/2210/2362 2395/2209/2361
f 2390/2204/2356 2391/2205/2357 2397/2211/2363 2396/2210/2362
f 2391/2205/2357 2387/2206/2358 2393/2212/2364 2397/2211/2363
f 2392/2208/2360 2394/2207/2359 2400/2213/2365 2398/2214/2366
f 2394/2207/2359 2395/2209/2361 2401/2215/2367 2400/2213/2365
f 2395/2209/2361 2396/2210/2362 2402/2216/2368 2401/2215/2367
f 2396/2210/2362 2397/2211/2363 2403/2217/2369 2402/2216/2368
f 2397/2211/2363 2393/2212/2364 2399/2218/2370 2403/2217/2369
f 2398/2214/2366 2400/2213/2365 2406/2219/2371 2404/2220/2372
f 2400/2213/2365 2401/2215/2367 2407/2221/2373 2406/2219/2371
f 2401/2215/2367 2402/2216/2368 2408/2222/2374 2407/2221/2373
f 2402/2216/2368 2403/2217/2369 2409/2223/2375 2408/2222/2374
f 2403/2217/2369 2399/2218/2370 2405/2224/2376 2409/2223/2375
f 2404/2220/2372 2406/2219/2371 2412/2225/2377 2410/2226/2378
f 2406/2219/2371 2407/2221/2373 2413/2227/2379 2412/2225/2377
f 2407/2221/2373 2408/2222/2374 2414/2228/2380 2413/2227/2379
f 2408/2222/2374 2409/2223/2375 2415/2229/2381 2414/2228/2380
f 2409/2223/2375 2405/2224/2376 2411/2230/2382 2415/2229/2381
f 2410/2226/2378 2412/2225/2377 2418/2231/2383 2416/2232/2384
f 2412/2225/2377 2413/2227/2379 2419/2233/2385 2418/2231/2383
f 2413/2227/2379 2414/2228/2380 2420/2234/2386 2419/2233/2385
f 2414/2228/2380 2415/2229/2381 2421/2235/2387 2420/2234/2386
f 2415/2229/2381 2411/2230/2382 2417/2236/2388 2421/2235/2387
f 2416/2232/2384 2418/2231/2383 2424/2237/2389 2422/2238/2390
f 2418/2231/2383 2419/2233/2385 2425/2239/2391 2424/2237/2389
f 2419/2233/2385 2420/2234/2386 2426/2240/2392 2425/2239/2391
f 2420/2234/2386 2421/2235/2387 2427/2241/2393 2426/2240/2392
f 2421/2235/2387 2417/2236/2388 2423/2242/2394 2427/2241/2393
f 2422/2238/2390 2424/2237/2389 2430/2243/2395 2428/2244/2396
f 2424/2237/2389 2425/2239/2391 2431/2245/2397 2430/2243/2395
f 2425/2239/2391 2426/2240/2392 2432/2246/2398 2431/2245/2397
f 2426/2240/2392 2427/2241/2393 2433/2247/2399 2432/2246/2398
f 2427/2241/2393 2423/2242/2394 2429/2248/2400 2433/2247/2399
f 2428/2244/2396 2430/2243/2395 2436/2249/2401 2434/2250/2402
f 2430/2243/2395 2431/2245/2397 2437/2251/2403 2436/2249/2401
f 2431/2245/2397 2432/2246/2398 2438/2252/2404 2437/2251/2403
f 2432/2246/2398 2433/2247/2399 2439/2253/2405 2438/2252/2404
f 2433/2247/2399 2429/2248/2400 2435/2254/2406 2439/2253/2405
f 2434/2250/2402 2436/2249/2401 2442/2255/2407 2440/2256/2408
f 2436/2249/2401 2437/2251/2403 2443/2257/2409 2442/2255/2407
f 2437/2251/2403 2438/2252/2404 2444/2258/2410 2443/2257/2409
f 2438/2252/2404 2439/2253/2405 2445/2259/2411 2444/2258/2410
f 2439/2253/2405 2435/2254/2406 2441/2260/2412 2445/2259/2411
f 2440/2256/2408 2442/2255/2407 2448/2261/2413 2446/2262/2414
f 2442/2255/2407 2443/2257/2409 2449/2263/2415 2448/2261/2413
f 2443/2257/2409 2444/2258/2410 2450/2264/2416 2449/2263/2415
f 2444/2258/2410 2445/2259/2411 2451/2265/2417 2450/2264/2416
f 2445/2259/2411 2441/2260/2412 2447/2266/2418 2451/2265/2417
f 2446/2262/2414 2448/2261/2413 2454/2267/2419 2452/2268/2420
f 2448/2261/2413 2449/2263/2415 2455/2269/2421 2454/2267/2419
f 2449/2263/2415 2450/2264/2416 2456/2270/2422 2455/2269/2421
f 2450/2264/2416 2451/2265/2417 2457/2271/2423 2456/2270/2422
f 2451/2265/2417 2447/2266/2418 2453/2272/2424 2457/2271/2423
f 2452/2268/2420 2454/2267/2419 2460/2273/2425 2458/2274/2426
f 2454/2267/2419 2455/2269/2421 2461/2275/2427 2460/2273/2425
f 2455/2269/2421 2456/2270/2422 2462/2276/2428 2461/2275/2427
f 2456/2270/2422 2457/2271/2423 2463/2277/2429 2462/2276/2428
f 2457/2271/2423 2453/2272/2424 2459/2278/2430 2463/2277/2429
f 2458/2274/2426 2460/2273/2425 2466/2279/2431 2464/2280/2432
f 2460/2273/2425 2461/2275/2427 2467/2281/2433 2466/2279/2431
f 2461/2275/2427 2462/2276/2428 2468/2282/2434 2467/2281/2433
f 2462/2276/2428 2463/2277/2429 2469/2283/2435 2468/2282/2434
f 2463/2277/2429 2459/2278/2430 2465/2284/2436 2469/2283/2435
f 2464/2280/2432 2466/2279/2431 2472/2285/2437 2470/2286/2438
f 2466/2279/2431 2467/2281/2433 2473/2287/2439 2472/2285/2437
f 2467/2281/2433 2468/2282/2434 2474/2288/2440 2473/2287/2439
f 2468/2282/2434 2469/2283/2435 2475/2289/2441 2474/2288/2440
f 2469/2283/2435 2465/2284/2436 2471/2290/2442 2475/2289/2441
f 2470/2286/2438 2472/2285/2437 2478/2291/2443 2476/2292/2444
f 2472/2285/2437 2473/2287/2439 2479/2293/2445 2478/2291/2443
f 2473/2287/2439 2474/2288/2440 2480/2294/2446 2479/2293/2445
f 2474/2288/2440 2475/2289/2441 2481/2295/2447 2480/2294/2446
f 2475/2289/2441 2471/2290/2442 2477/2296/2448 2481/2295/2447
f 2476/2292/2444 2478/2291/2443 2484/2297/2449 2482/2298/2450
f 2478/2291/2443 2479/2293/2445 2485/2299/2451 2484/2297/2449
f 2479/2293/2445 2480/2294/2446 2486/2300/2452 2485/2299/2451
f 2480/2294/2446 2481/2295/2447 2487/2301/2453 2486/2300/2452
f 2481/2295/2447 2477/2296/2448 2483/2302/2454 2487/2301/2453
f 2482/2298/2450 2484/2297/2449 2490/2303/2455 2488/2304/2456
f 2484/2297/2449 2485/2299/2451 2491/2305/2457 2490/2303/2455
f 2485/2299/2451 2486/2300/2452 2492/2306/2458 2491/2305/2457
f 2486/2300/2452 2487/2301/2453 2493/2307/2459 2492/2306/2458
f 2487/2301/2453 2483/2302/2454 2489/2308/2460 2493/2307/2459
f 2488/2304/2456 2490/2303/2455 2496/2309/2461 2494/2310/2462
f 2490/2303/2455 2491/2305/2457 2497/2311/2463 2496/2309/2461
f 2491/2305/2457 2492/2306/2458 2498/2312/2464 2497/2311/2463
f 2492/2306/2458 2493/2307/2459 2499/2313/2465 2498/2312/2464
f 2493/2307/2459 2489/2308/2460 2495/2314/2466 2499/2313/2465
f 2494/2310/2462 2496/2309/2461 2502/2315/2467 2500/2316/2468
f 2496/2309/2461 2497/2311/2463 2503/2317/2469 2502/2315/2467
f 2497/2311/2463 2498/2312/2464 2504/2318/2470 2503/2317/2469
f 2498/2312/2464 2499/2313/2465 2505/2319/2471 2504/2318/2470
f 2499/2313/2465 2495/2314/2466 2501/2320/2472 2505/2319/2471
f 2500/2316/2468 2502/2315/2467 2508/2321/2473 2506/2322/2474
f 2502/2315/2467 2503/2317/2469 2509/2323/2475 2508/2321/2473
f 2503/2317/2469 2504/2318/2470 2510/2324/2476 2509/2323/2475
f 2504/2318/2470 2505/2319/2471 2511/2325/2477 2510/2324/2476
f 2505/2319/2471 2501/2320/2472 2507/2326/2478 2511/2325/2477
f 2506/2322/2474 2508/2321/2473 2514/2327/2479 2512/2328/2480
f 2508/2321/2473 2509/2323/2475 2515/2329/2481 2514/2327/2479
f 2509/2323/2475 2510/2324/2476 2516/2330/2482 2515/2329/2481
f 2510/2324/2476 2511/2325/2477 2517/2331/2483 2516/2330/2482
f 2511/2325/2477 2507/2326/2478 2513/2332/2484 2517/2331/2483
f 2512/2328/2480 2514/2327/2479 2520/2333/2485 2518/2334/2486
f 2514/2327/2479 2515/2329/2481 2521/2335/2487 2520/2333/2485
f 2515/2329/2481 2516/2330/2482 2522/2336/2488 2521/2335/2487
f 2516/2330/2482 2517/2331/2483 2523/2337/2489 2522/2336/2488
f 2517/2331/2483 2513/2332/2484 2519/2338/2490 2523/2337/2489
f 2518/2334/2486 2520/2333/2485 2526/2339/2491 2524/2340/2492
f 2520/2333/2485 2521/2335/2487 2527/2341/2493 2526/2339/2491
f 2521/2335/2487 2522/2336/2488 2528/2342/2494 2527/2341/2493
f 2522/2336/2488 2523/2337/2489 2529/2343/2495 2528/2342/2494
f 2523/2337/2489 2519/2338/2490 2525/2344/2496 2529/2343/2495
f 2524/2340/2492 2526/2339/2491 2343/2154/2306 2339/2153/2305
f 2526/2339/2491 2527/2341/2493 2342/2157/2309 2343/2154/2306
f 2527/2341/2493 2528/2342/2494 2341/2159/2311 2342/2157/2309
f 2528/2342/2494 2529/2343/2495 2340/2161/2313 2341/2159/2311
f 2529/2343/2495 2525/2344/2496 2338/2163/2315 2340/2161/2313
f 2338/2163/2315 1892/1996/1897 1897/1924/1896 2345/2164/2316
f 1632/1894/2497 2524/2340/2492 2339/2153/2305 1601/1864/2498
f 1601/1864/2498 2339/2153/2305 2344/2156/2308 1602/1863/2499
f 2525/2344/2496 1849/2009/1939 1892/1996/1897 2338/2163/2315
f 2345/2164/2316 1897/1924/1896 1879/1922/1909 2351/2170/2322
f 1602/1863/2499 2344/2156/2308 2350/2166/2318 1603/1865/2500
f 2351/2170/2322 1879/1922/1909 1867/2002/1921 2357/2176/2328
f 1603/1865/2500 2350/2166/2318 2356/2172/2324 1604/1866/2501
f 2357/2176/2328 1867/2002/1921 1855/1917/1933 2363/2182/2334
f 1604/1866/2501 2356/2172/2324 2362/2178/2330 1605/1867/2502
f 2363/2182/2334 1855/1917/1933 1843/2010/1945 2369/2188/2340
f 1605/1867/2502 2362/2178/2330 2368/2184/2336 1606/1868/2503
f 2369/2188/2340 1843/2010/1945 1837/2014/1951 2375/2194/2346
f 1606/1868/2503 2368/2184/2336 2374/2190/2342 1607/1869/2504
f 2375/2194/2346 1837/2014/1951 1831/2015/1957 2381/2200/2352
f 1607/1869/2504 2374/2190/2342 2380/2196/2348 1608/1870/2505
f 2381/2200/2352 1831/2015/1957 1825/2020/1963 2387/2206/2358
f 1608/1870/2505 2380/2196/2348 2386/2202/2354 1609/1871/2506
f 2387/2206/2358 1825/2020/1963 1940/1984/1855 2393/2212/2364
f 1609/1871/2506 2386/2202/2354 2392/2208/2360 1610/1872/2507
f 2393/2212/2364 1940/1984/1855 1946/1910/1849 2399/2218/2370
f 1610/1872/2507 2392/2208/2360 2398/2214/2366 1611/1873/2508
f 2399/2218/2370 1946/1910/1849 1952/1980/1843 2405/2224/2376
f 1611/1873/2508 2398/2214/2366 2404/2220/2372 1612/1874/2509
f 2405/2224/2376 1952/1980/1843 1958/1908/1837 2411/2230/2382
f 1612/1874/2509 2404/2220/2372 2410/2226/2378 1613/1875/2510
f 2411/2230/2382 1958/1908/1837 1964/1907/1831 2417/2236/2388
f 1613/1875/2510 2410/2226/2378 2416/2232/2384 1614/1876/2511
f 2417/2236/2388 1964/1907/1831 1970/1906/1825 2423/2242/2394
f 1614/1876/2511 2416/2232/2384 2422/2238/2390 1615/1877/2512
f 2423/2242/2394 1970/1906/1825 1976/1905/1819 2429/2248/2400
f 1615/1877/2512 2422/2238/2390 2428/2244/2396 1616/1878/2513
f 2429/2248/2400 1976/1905/1819 1982/1972/1813 2435/2254/2406
f 1616/1878/2513 2428/2244/2396 2434/2250/2402 1617/1879/2514
f 2435/2254/2406 1982/1972/1813 1988/1903/1807 2441/2260/2412
f 1617/1879/2514 2434/2250/2402 2440/2256/2408 1618/1880/2515
f 2441/2260/2412 1988/1903/1807 1994/1902/1801 2447/2266/2418
f 1618/1880/2515 2440/2256/2408 2446/2262/2414 1619/1881/2516
f 2447/2266/2418 1994/1902/1801 2000/1901/1795 2453/2272/2424
f 1619/1881/2516 2446/2262/2414 2452/2268/2420 1620/1882/2517
f 2453/2272/2424 2000/1901/1795 2006/1967/1789 2459/2278/2430
f 1620/1882/2517 2452/2268/2420 2458/2274/2426 1621/1883/2518
f 2459/2278/2430 2006/1967/1789 2012/1899/1783 2465/2284/2436
f 1621/1883/2518 2458/2274/2426 2464/2280/2432 1622/1884/2519
f 2465/2284/2436 2012/1899/1783 1927/1898/1782 2471/2290/2442
f 1622/1884/2519 2464/2280/2432 2470/2286/2438 1623/1885/2520
f 2471/2290/2442 1927/1898/1782 1933/1897/1861 2477/2296/2448
f 1623/1885/2520 2470/2286/2438 2476/2292/2444 1624/1886/2521
f 2477/2296/2448 1933/1897/1861 1921/1919/1867 2483/2302/2454
f 1624/1886/2521 2476/2292/2444 2482/2298/2450 1625/1887/2522
f 2483/2302/2454 1921/1919/1867 1915/1916/1873 2489/2308/2460
f 1625/1887/2522 2482/2298/2450 2488/2304/2456 1626/1888/2523
f 2489/2308/2460 1915/1916/1873 1909/1915/1879 2495/2314/2466
f 1626/1888/2523 2488/2304/2456 2494/2310/2462 1627/1889/2524
f 2495/2314/2466 1909/1915/1879 1903/1990/1885 2501/2320/2472
f 1627/1889/2524 2494/2310/2462 2500/2316/2468 1628/1890/2525
f 2501/2320/2472 1903/1990/1885 1885/1997/1903 2507/2326/2478
f 1628/1890/2525 2500/2316/2468 2506/2322/2474 1629/1891/2526
f 2507/2326/2478 1885/1997/1903 1873/2001/1915 2513/2332/2484
f 1629/1891/2526 2506/2322/2474 2512/2328/2480 1630/1892/2527
f 2513/2332/2484 1873/2001/1915 1861/1918/1927 2519/2338/2490
f 1630/1892/2527 2512/2328/2480 2518/2334/2486 1631/1893/2528
f 2519/2338/2490 1861/1918/1927 1849/2009/1939 2525/2344/2496
f 1631/1893/2528 2518/2334/2486 2524/2340/2492 1632/1894/2497
