# Blender 5.1.0
# www.blender.org
mtllib TrashCan.mtl
o Hook.R
v -2.067706 8.632048 -2.042506
v -2.067706 8.632048 -2.023184
v -2.065358 8.628707 -2.038423
v -2.070914 8.636611 -2.021690
v -2.070914 8.636611 -2.044001
v -1.965039 8.695469 -2.050996
v -1.970434 8.704468 -2.053863
v -1.961109 8.688914 -2.043303
v -1.715893 8.843673 -2.065961
v -1.388093 9.028539 -2.078208
v -1.724295 8.860985 -2.071220
v -1.709866 8.831031 -2.051911
v -1.380681 9.010753 -2.058984
v -1.707689 8.826411 -2.032845
v -1.378146 9.004170 -2.032846
v -1.709866 8.831031 -2.013780
v -1.959675 8.686522 -2.032845
v -1.961109 8.688914 -2.022388
v -2.064499 8.627484 -2.032845
v -2.065358 8.628707 -2.027267
v -1.965039 8.695469 -2.014695
v -1.715893 8.843673 -1.999730
v -1.970434 8.704468 -2.011827
v -1.724295 8.860985 -1.994471
v -1.975862 8.713516 -2.014591
v -1.732602 8.878531 -1.999478
v -1.979856 8.720173 -2.022285
v -2.074121 8.641174 -2.023184
v -2.074121 8.641174 -2.042506
v -2.076469 8.644515 -2.027267
v -2.076469 8.644515 -2.038423
v -2.077328 8.645738 -2.032845
v -1.981322 8.722616 -2.032845
v -1.979856 8.720173 -2.043406
v -1.740779 8.896374 -2.032845
v -1.416796 9.103585 -2.032846
v -1.738574 8.891582 -2.013515
v -1.738574 8.891582 -2.052176
v -1.414744 9.096437 -2.059283
v -1.732602 8.878531 -2.066212
v -1.407838 9.077929 -2.078501
v -1.975862 8.713516 -2.051099
v -1.397966 9.053134 -2.085392
v -1.120793 9.231869 -2.084435
v -0.932865 9.309806 -2.084874
v -1.128742 9.252380 -2.062658
v -1.109908 9.203943 -2.092343
v -0.922586 9.281581 -2.092923
v -1.099022 9.176100 -2.084311
v -0.912306 9.253356 -2.084874
v -1.091053 9.155767 -2.062534
v -0.904781 9.232694 -2.062885
v -1.088202 9.148301 -2.032846
v -0.902027 9.225130 -2.032846
v -1.091053 9.155767 -2.003158
v -0.904781 9.232694 -2.002807
v -1.099022 9.176100 -1.981381
v -1.380681 9.010753 -2.006707
v -1.388093 9.028539 -1.987483
v -1.397966 9.053134 -1.980299
v -1.109908 9.203943 -1.973349
v -1.407838 9.077929 -1.987190
v -1.120793 9.231869 -1.981257
v -1.414744 9.096437 -2.006408
v -1.128742 9.252380 -2.003033
v -1.131595 9.259937 -2.032846
v -0.940390 9.330467 -2.002807
v -0.779178 9.382732 -2.002807
v -0.932865 9.309806 -1.980817
v -0.943144 9.338031 -2.032846
v -0.940390 9.330467 -2.062885
v -0.781354 9.390481 -2.032846
v -0.637131 9.424865 -2.032846
v -0.779178 9.382732 -2.062885
v -0.635604 9.416963 -2.062885
v -0.773232 9.361562 -2.084875
v -0.631433 9.395371 -2.084875
v -0.765109 9.332643 -2.092923
v -0.625736 9.365879 -2.092923
v -0.756986 9.303722 -2.084875
v -0.620038 9.336386 -2.084875
v -0.751039 9.282553 -2.062885
v -0.615867 9.314795 -2.062885
v -0.748863 9.274803 -2.032846
v -0.614340 9.306892 -2.032846
v -0.751039 9.282553 -2.002807
v -0.615867 9.314795 -2.002808
v -0.756986 9.303722 -1.980818
v -0.765108 9.332643 -1.972769
v -0.912306 9.253356 -1.980818
v -0.620038 9.336386 -1.980818
v -0.499229 9.354347 -1.980818
v -0.625735 9.365879 -1.972769
v -0.502280 9.384232 -1.972769
v -0.631433 9.395371 -1.980818
v -0.505332 9.414115 -1.980818
v -0.635604 9.416963 -2.002807
v -0.773231 9.361562 -1.980818
v -0.507567 9.435991 -2.002808
v -0.508384 9.443998 -2.032846
v -0.393214 9.442394 -2.002808
v -0.290935 9.438526 -2.002808
v -0.393015 9.420406 -1.980818
v -0.393287 9.450443 -2.032846
v -0.393214 9.442394 -2.062885
v -0.290260 9.446547 -2.032846
v -0.197923 9.434452 -2.032846
v -0.290935 9.438526 -2.062885
v -0.199318 9.426525 -2.062885
v -0.292782 9.416614 -2.084875
v -0.203128 9.404867 -2.084875
v -0.295304 9.386681 -2.092924
v -0.393015 9.420406 -2.084875
v -0.392742 9.390368 -2.092924
v -0.505332 9.414115 -2.084875
v -0.507567 9.435991 -2.062885
v -0.502281 9.384232 -2.092924
v -0.499229 9.354347 -2.084875
v -0.392470 9.360332 -2.084875
v -0.496995 9.332472 -2.062885
v -0.392270 9.338342 -2.062885
v -0.496177 9.324465 -2.032846
v -0.392197 9.330294 -2.032846
v -0.496995 9.332472 -2.002808
v -0.392270 9.338342 -2.002808
v -0.392470 9.360332 -1.980818
v -0.299673 9.334837 -2.002808
v -0.217348 9.324041 -2.002808
v -0.300349 9.326816 -2.032846
v -0.297826 9.356749 -1.980818
v -0.295304 9.386681 -1.972769
v -0.213538 9.345699 -1.980818
v -0.138047 9.328972 -1.980818
v -0.208333 9.375283 -1.972769
v -0.130381 9.358016 -1.972769
v -0.203128 9.404867 -1.980818
v -0.122714 9.387060 -1.980818
v -0.199318 9.426525 -2.002808
v -0.292782 9.416614 -1.980818
v -0.117102 9.408321 -2.002808
v -0.115047 9.416104 -2.032846
v -0.043138 9.385599 -2.002808
v 0.023625 9.359760 -2.002808
v -0.050342 9.364823 -1.980818
v -0.040501 9.393204 -2.032846
v -0.043138 9.385599 -2.062885
v 0.026763 9.367172 -2.032847
v 0.087706 9.339105 -2.032847
v 0.023625 9.359760 -2.062885
v 0.084139 9.331889 -2.062885
v 0.015050 9.339510 -2.084875
v 0.074393 9.312178 -2.084875
v 0.003338 9.311850 -2.092924
v -0.050342 9.364823 -2.084875
v -0.060183 9.336443 -2.092924
v -0.122714 9.387060 -2.084875
v -0.117102 9.408321 -2.062885
v -0.130381 9.358016 -2.092924
v -0.138047 9.328972 -2.084875
v -0.208333 9.375283 -2.092924
v -0.213538 9.345699 -2.084875
v -0.217348 9.324041 -2.062885
v -0.297826 9.356749 -2.084875
v -0.299673 9.334837 -2.062885
v -0.218742 9.316114 -2.032846
v -0.143660 9.307711 -2.062885
v -0.077229 9.287285 -2.062885
v -0.145714 9.299929 -2.032846
v -0.079866 9.279680 -2.032847
v -0.143660 9.307711 -2.002808
v -0.077229 9.287285 -2.002808
v -0.070025 9.308062 -1.980818
v -0.016949 9.263939 -2.002808
v 0.038019 9.238611 -2.002808
v -0.020087 9.256527 -2.032847
v -0.008374 9.284188 -1.980818
v 0.003338 9.311850 -1.972769
v 0.047765 9.258324 -1.980818
v 0.099032 9.231194 -1.980818
v 0.061079 9.285251 -1.972769
v 0.113750 9.257380 -1.972769
v 0.074393 9.312178 -1.980818
v 0.128468 9.283566 -1.980818
v 0.084139 9.331889 -2.002808
v 0.015050 9.339510 -1.980818
v 0.139242 9.302736 -2.002808
v 0.143185 9.309752 -2.032847
v 0.189635 9.272706 -2.002808
v 0.235813 9.241913 -2.002808
v 0.177903 9.254107 -1.980818
v 0.193929 9.279513 -2.032847
v 0.189635 9.272706 -2.062885
v 0.240455 9.248488 -2.032847
v 0.283059 9.216684 -2.032847
v 0.235813 9.241913 -2.062885
v 0.278067 9.210371 -2.062885
v 0.223132 9.223948 -2.084875
v 0.264428 9.193121 -2.084875
v 0.205809 9.199408 -2.092924
v 0.177903 9.254107 -2.084875
v 0.161877 9.228701 -2.092924
v 0.128468 9.283566 -2.084875
v 0.139242 9.302736 -2.062885
v 0.113750 9.257380 -2.092924
v 0.099032 9.231194 -2.084875
v 0.061079 9.285251 -2.092924
v 0.047765 9.258324 -2.084875
v 0.038019 9.238611 -2.062885
v -0.008374 9.284188 -2.084875
v -0.016949 9.263939 -2.062885
v -0.070025 9.308062 -2.084875
v 0.034452 9.231396 -2.032847
v 0.088258 9.212025 -2.062885
v 0.134119 9.184696 -2.062885
v 0.084314 9.205009 -2.032847
v 0.129825 9.177888 -2.032847
v 0.088258 9.212025 -2.002808
v 0.134119 9.184696 -2.002808
v 0.145851 9.203295 -1.980818
v 0.175806 9.156900 -2.002808
v 0.213530 9.128744 -2.002808
v 0.171164 9.150326 -2.032847
v 0.188487 9.174866 -1.980818
v 0.205809 9.199408 -1.972769
v 0.227168 9.145994 -1.980818
v 0.262142 9.116728 -1.980818
v 0.245798 9.169558 -1.972769
v 0.282076 9.139199 -1.972769
v 0.264428 9.193121 -1.980818
v 0.302010 9.161671 -1.980818
v 0.278067 9.210371 -2.002808
v 0.223132 9.223948 -1.980818
v 0.316603 9.178120 -2.002808
v 0.321944 9.184141 -2.032847
v 0.351608 9.145214 -2.002808
v 0.383256 9.111710 -2.002808
v 0.336078 9.129645 -1.980818
v 0.357292 9.150912 -2.032847
v 0.351608 9.145214 -2.062886
v 0.389272 9.117058 -2.032847
v 0.418043 9.082647 -2.032847
v 0.383256 9.111710 -2.062886
v 0.411713 9.077677 -2.062886
v 0.366821 9.097101 -2.084875
v 0.394419 9.064094 -2.084875
v 0.344371 9.077143 -2.092924
v 0.336078 9.129645 -2.084875
v 0.314863 9.108378 -2.092924
v 0.302010 9.161671 -2.084875
v 0.316603 9.178120 -2.062885
v 0.282076 9.139199 -2.092924
v 0.262142 9.116728 -2.084875
v 0.245798 9.169558 -2.092924
v 0.227168 9.145994 -2.084875
v 0.213529 9.128744 -2.062885
v 0.188487 9.174866 -2.084875
v 0.175806 9.156900 -2.062885
v 0.145851 9.203295 -2.084875
v 0.208538 9.122431 -2.032847
v 0.247549 9.100278 -2.062885
v 0.278119 9.071544 -2.062886
v 0.242208 9.094256 -2.032847
v 0.272435 9.065845 -2.032847
v 0.247549 9.100278 -2.002808
v 0.278119 9.071544 -2.002808
v 0.293649 9.087111 -1.980818
v 0.305485 9.042576 -2.002808
v 0.329879 9.013403 -2.002808
v 0.299470 9.037229 -2.032847
v 0.321920 9.057186 -1.980818
v 0.344371 9.077143 -1.972769
v 0.347172 9.026986 -1.980818
v 0.369609 8.996545 -1.980818
v 0.370796 9.045540 -1.972769
v 0.394325 9.013617 -1.972769
v 0.394419 9.064094 -1.980818
v 0.419041 9.030687 -1.980818
v 0.411713 9.077677 -2.002808
v 0.366821 9.097101 -1.980818
v 0.437134 9.043185 -2.002808
v 0.443757 9.047759 -2.032847
v 0.459672 9.008314 -2.002808
v 0.479473 8.973143 -2.002808
v 0.440848 8.996947 -1.980818
v 0.466562 9.012475 -2.032847
v 0.459672 9.008314 -2.062886
v 0.486603 8.976878 -2.032847
v 0.504019 8.941055 -2.032847
v 0.479473 8.973143 -2.062886
v 0.496680 8.937751 -2.062886
v 0.459995 8.962937 -2.084875
v 0.476628 8.928724 -2.084875
v 0.433387 8.948997 -2.092924
v 0.440848 8.996947 -2.084875
v 0.415134 8.981419 -2.092924
v 0.419041 9.030687 -2.084875
v 0.437134 9.043185 -2.062886
v 0.394325 9.013617 -2.092924
v 0.369609 8.996545 -2.084875
v 0.370796 9.045540 -2.092924
v 0.347172 9.026986 -2.084875
v 0.329879 9.013403 -2.062886
v 0.321920 9.057186 -2.084875
v 0.305485 9.042576 -2.062886
v 0.293649 9.087111 -2.084875
v 0.323549 9.008431 -2.032847
v 0.351516 8.984047 -2.062886
v 0.370596 8.954524 -2.062886
v 0.344893 8.979473 -2.032847
v 0.363706 8.950363 -2.032847
v 0.351516 8.984047 -2.002808
v 0.370596 8.954524 -2.002808
v 0.389420 8.965891 -1.980818
v 0.387302 8.924850 -2.002808
v 0.401793 8.895039 -2.002808
v 0.380172 8.921114 -2.032847
v 0.406780 8.935055 -1.980818
v 0.433387 8.948997 -1.972770
v 0.421845 8.904064 -1.980818
v 0.434759 8.872952 -1.980818
v 0.449236 8.916394 -1.972770
v 0.462823 8.883662 -1.972770
v 0.476628 8.928724 -1.980818
v 0.490887 8.894375 -1.980818
v 0.496680 8.937751 -2.002808
v 0.459995 8.962937 -1.980818
v 0.511431 8.902216 -2.002808
v 0.518951 8.905086 -2.032847
v 0.523859 8.866610 -2.002808
v 0.534091 8.831000 -2.002808
v 0.502903 8.859947 -1.980818
v 0.531530 8.869048 -2.032847
v 0.523859 8.866610 -2.062886
v 0.541885 8.833013 -2.032847
v 0.550135 8.797040 -2.032847
v 0.534091 8.831000 -2.062886
v 0.542245 8.795448 -2.062886
v 0.512799 8.825505 -2.084875
v 0.520689 8.791101 -2.084875
v 0.483714 8.817998 -2.092924
v 0.502903 8.859947 -2.084875
v 0.474276 8.850848 -2.092924
v 0.490887 8.894375 -2.084875
v 0.511431 8.902216 -2.062886
v 0.462823 8.883662 -2.092924
v 0.434759 8.872952 -2.084875
v 0.449236 8.916394 -2.092924
v 0.421845 8.904064 -2.084875
v 0.401793 8.895039 -2.062886
v 0.406780 8.935055 -2.084875
v 0.387301 8.924850 -2.062886
v 0.389420 8.965891 -2.084875
v 0.394454 8.891734 -2.032847
v 0.414215 8.865109 -2.062886
v 0.424692 8.835085 -2.062886
v 0.406695 8.862240 -2.032847
v 0.417022 8.832647 -2.032847
v 0.414215 8.865109 -2.002808
v 0.424692 8.835085 -2.002808
v 0.445649 8.841747 -1.980818
v 0.433336 8.804996 -2.002808
v 0.440242 8.774874 -2.002808
v 0.425543 8.802983 -2.032847
v 0.454628 8.810491 -1.980818
v 0.483714 8.817998 -1.972770
v 0.461798 8.779222 -1.980818
v 0.467246 8.747984 -1.980818
v 0.491243 8.785162 -1.972770
v 0.496960 8.752385 -1.972770
v 0.520689 8.791101 -1.980818
v 0.526675 8.756787 -1.980819
v 0.542245 8.795448 -2.002808
v 0.512799 8.825505 -1.980818
v 0.548427 8.760010 -2.002808
v 0.556389 8.761189 -2.032847
v 0.552734 8.724732 -2.002808
v 0.555249 8.689663 -2.002808
v 0.530847 8.722613 -1.980819
v 0.560745 8.725508 -2.032847
v 0.552734 8.724732 -2.062886
v 0.563289 8.690042 -2.032847
v 0.564091 8.654837 -2.032847
v 0.555249 8.689663 -2.062886
v 0.556042 8.654846 -2.062886
v 0.533284 8.688625 -2.084875
v 0.534052 8.654871 -2.084875
v 0.503278 8.687209 -2.092924
v 0.530846 8.722613 -2.084875
v 0.500948 8.719719 -2.092924
v 0.526675 8.756787 -2.084875
v 0.548427 8.760010 -2.062886
v 0.496960 8.752385 -2.092924
v 0.467246 8.747984 -2.084875
v 0.491244 8.785162 -2.092924
v 0.461798 8.779222 -2.084875
v 0.440242 8.774874 -2.062886
v 0.454628 8.810491 -2.084875
v 0.433336 8.804996 -2.062886
v 0.445649 8.841747 -2.084875
v 0.432352 8.773282 -2.032847
v 0.445493 8.744761 -2.062886
v 0.449161 8.714705 -2.062886
v 0.437531 8.743582 -2.032847
v 0.441150 8.713929 -2.032847
v 0.445493 8.744761 -2.002808
v 0.449161 8.714705 -2.002808
v 0.471049 8.716824 -1.980819
v 0.451308 8.684756 -2.002808
v 0.451985 8.654965 -2.002808
v 0.443268 8.684377 -2.032847
v 0.473273 8.685793 -1.980818
v 0.503278 8.687209 -1.972770
v 0.473975 8.654941 -1.980819
v 0.473207 8.624310 -1.980819
v 0.504014 8.654905 -1.972770
v 0.503211 8.622856 -1.972770
v 0.534052 8.654871 -1.980819
v 0.533214 8.621402 -1.980819
v 0.556042 8.654846 -2.002808
v 0.533284 8.688625 -1.980818
v 0.555178 8.620337 -2.002808
v 0.563217 8.619946 -2.032847
v 0.552722 8.586190 -2.002808
v 0.548740 8.552459 -2.002808
v 0.530830 8.588268 -1.980819
v 0.560734 8.585429 -2.032847
v 0.552722 8.586190 -2.062886
v 0.556711 8.551337 -2.032847
v 0.551216 8.517723 -2.032847
v 0.548740 8.552459 -2.062886
v 0.543303 8.519194 -2.062886
v 0.526965 8.555522 -2.084875
v 0.521683 8.523211 -2.084875
v 0.497219 8.559708 -2.092924
v 0.530830 8.588268 -2.084875
v 0.500926 8.591108 -2.092924
v 0.533214 8.621402 -2.084875
v 0.555178 8.620337 -2.062886
v 0.503211 8.622856 -2.092924
v 0.473207 8.624310 -2.084875
v 0.504014 8.654905 -2.092924
v 0.473975 8.654941 -2.084875
v 0.451985 8.654965 -2.062886
v 0.473273 8.685793 -2.084875
v 0.451308 8.684756 -2.062886
v 0.471049 8.716824 -2.084875
v 0.443936 8.654975 -2.032847
v 0.451243 8.625376 -2.062886
v 0.449131 8.596026 -2.062886
v 0.443204 8.625765 -2.032847
v 0.441118 8.596787 -2.032847
v 0.451243 8.625376 -2.002808
v 0.449131 8.596026 -2.002808
v 0.471022 8.593947 -1.980819
v 0.445698 8.566957 -2.002808
v 0.440997 8.538206 -2.002808
v 0.437728 8.568078 -2.032847
v 0.467473 8.563892 -1.980818
v 0.497219 8.559708 -1.972770
v 0.462617 8.534188 -1.980818
v 0.456509 8.504878 -1.980818
v 0.492150 8.528700 -1.972770
v 0.485780 8.498131 -1.972770
v 0.521683 8.523211 -1.980818
v 0.515051 8.491384 -1.980818
v 0.543303 8.519194 -2.002808
v 0.526965 8.555522 -1.980819
v 0.536479 8.486444 -2.002808
v 0.544322 8.484636 -2.032847
v 0.528341 8.454258 -2.002808
v 0.518960 8.422677 -2.002808
v 0.507137 8.460085 -1.980819
v 0.536102 8.452125 -2.032847
v 0.528341 8.454258 -2.062886
v 0.526629 8.420232 -2.032847
v 0.515977 8.389001 -2.032847
v 0.518960 8.422677 -2.062886
v 0.508411 8.391747 -2.062886
v 0.498010 8.429359 -2.084875
v 0.487740 8.399249 -2.084875
v 0.469392 8.438486 -2.092924
v 0.507137 8.460085 -2.084875
v 0.478172 8.468045 -2.092924
v 0.515051 8.491384 -2.084875
v 0.536479 8.486444 -2.062886
v 0.485780 8.498131 -2.092924
v 0.456509 8.504878 -2.084875
v 0.492150 8.528700 -2.092924
v 0.462617 8.534188 -2.084875
v 0.440997 8.538206 -2.062886
v 0.467473 8.563892 -2.084875
v 0.445698 8.566957 -2.062886
v 0.471022 8.593947 -2.084875
v 0.433084 8.539677 -2.032847
v 0.435081 8.509818 -2.062886
v 0.428004 8.481833 -2.062886
v 0.427238 8.511626 -2.032847
v 0.420243 8.483967 -2.032847
v 0.435081 8.509818 -2.002808
v 0.428004 8.481833 -2.002808
v 0.449208 8.476007 -1.980818
v 0.419823 8.454295 -2.002808
v 0.410597 8.427246 -2.002808
v 0.412155 8.456741 -2.032847
v 0.440773 8.447614 -1.980818
v 0.469392 8.438486 -1.972770
v 0.431267 8.419744 -1.980818
v 0.420753 8.392441 -1.980818
v 0.459504 8.409496 -1.972770
v 0.448576 8.381119 -1.972770
v 0.487740 8.399249 -1.980818
v 0.476398 8.369795 -1.980818
v 0.508411 8.391747 -2.002808
v 0.498010 8.429359 -1.980818
v 0.496766 8.361506 -2.002808
v 0.504221 8.358472 -2.032847
v 0.484101 8.331996 -2.002808
v 0.470490 8.303252 -2.002808
v 0.464057 8.341039 -1.980818
v 0.491438 8.328686 -2.032847
v 0.484101 8.331996 -2.062886
v 0.477702 8.299678 -2.032847
v 0.463090 8.271485 -2.032847
v 0.470490 8.303252 -2.062886
v 0.456010 8.275313 -2.062886
v 0.450789 8.313019 -2.084875
v 0.436667 8.285773 -2.084875
v 0.423875 8.326361 -2.092924
v 0.464057 8.341039 -2.084875
v 0.436676 8.353393 -2.092924
v 0.476398 8.369795 -2.084875
v 0.496766 8.361506 -2.062886
v 0.448576 8.381119 -2.092924
v 0.420753 8.392441 -2.084875
v 0.459504 8.409496 -2.092924
v 0.431267 8.419744 -2.084875
v 0.410597 8.427246 -2.062886
v 0.440773 8.447614 -2.084875
v 0.419823 8.454295 -2.062886
v 0.449208 8.476007 -2.084875
v 0.403031 8.429993 -2.032847
v 0.400385 8.400730 -2.062886
v 0.389251 8.374790 -2.062886
v 0.392930 8.403764 -2.032847
v 0.381915 8.378100 -2.032847
v 0.400385 8.400730 -2.002808
v 0.389251 8.374790 -2.002808
v 0.409295 8.365746 -1.980818
v 0.377260 8.349469 -2.002808
v 0.364479 8.324810 -2.002808
v 0.370049 8.353044 -2.032847
v 0.396962 8.339703 -1.980818
v 0.423875 8.326361 -1.972770
v 0.383822 8.314350 -1.980818
v 0.369945 8.289732 -1.980818
v 0.410245 8.300062 -1.972769
v 0.395857 8.274535 -1.972769
v 0.436667 8.285773 -1.980818
v 0.421768 8.259339 -1.980818
v 0.456010 8.275313 -2.002808
v 0.450789 8.313019 -1.980818
v 0.440737 8.248215 -2.002808
v 0.447680 8.244143 -2.032847
v 0.424747 8.221991 -2.002808
v 0.408118 8.196674 -2.002808
v 0.406167 8.233752 -1.980818
v 0.431548 8.217686 -2.032847
v 0.424747 8.221991 -2.062886
v 0.414772 8.192144 -2.032847
v 0.397429 8.167552 -2.032847
v 0.408118 8.196674 -2.062886
v 0.390928 8.172297 -2.062886
v 0.389941 8.209048 -2.084875
v 0.373166 8.185261 -2.084875
v 0.365109 8.225952 -2.092924
v 0.406167 8.233752 -2.084875
v 0.380787 8.249820 -2.092924
v 0.421768 8.259339 -2.084875
v 0.440737 8.248215 -2.062886
v 0.395857 8.274535 -2.092924
v 0.369945 8.289731 -2.084875
v 0.410245 8.300062 -2.092924
v 0.383822 8.314350 -2.084875
v 0.364479 8.324810 -2.062886
v 0.396962 8.339703 -2.084875
v 0.377260 8.349469 -2.062886
v 0.409295 8.365746 -2.084875
v 0.357399 8.328638 -2.032847
v 0.350977 8.300856 -2.062886
v 0.336826 8.277649 -2.062886
v 0.344034 8.304927 -2.032847
v 0.330026 8.281954 -2.032847
v 0.350977 8.300856 -2.002808
v 0.336826 8.277649 -2.002808
v 0.355406 8.265886 -1.980818
v 0.322101 8.255230 -2.002808
v 0.306877 8.233643 -2.002808
v 0.315447 8.259760 -2.032847
v 0.340278 8.242856 -1.980818
v 0.365110 8.225952 -1.972769
v 0.324639 8.220679 -1.980818
v 0.308566 8.199394 -1.980818
v 0.348902 8.202971 -1.972769
v 0.332244 8.180909 -1.972769
v 0.373166 8.185261 -1.980818
v 0.355921 8.162424 -1.980818
v 0.390928 8.172297 -2.002808
v 0.389941 8.209048 -1.980818
v 0.373254 8.148891 -2.002808
v 0.379598 8.143938 -2.032847
v 0.355170 8.126482 -2.002808
v 0.336742 8.105083 -2.002808
v 0.338280 8.140563 -1.980818
v 0.361352 8.121327 -2.032847
v 0.355170 8.126482 -2.062886
v 0.342757 8.099734 -2.032847
v 0.323872 8.079166 -2.032847
v 0.336742 8.105083 -2.062886
v 0.318030 8.084703 -2.062886
v 0.320310 8.119696 -2.084875
v 0.302069 8.099830 -2.084875
v 0.297863 8.139657 -2.092924
v 0.338280 8.140563 -2.084875
v 0.315208 8.159799 -2.092924
v 0.355921 8.162424 -2.084875
v 0.373254 8.148891 -2.062886
v 0.332244 8.180909 -2.092924
v 0.308566 8.199394 -2.084875
v 0.348902 8.202971 -2.092924
v 0.324639 8.220679 -2.084875
v 0.306877 8.233643 -2.062886
v 0.340278 8.242856 -2.084875
v 0.322101 8.255230 -2.062886
v 0.355406 8.265886 -2.084875
v 0.300376 8.238388 -2.032847
v 0.291233 8.212927 -2.062886
v 0.275246 8.193115 -2.062886
v 0.284889 8.217879 -2.032847
v 0.269064 8.198270 -2.032847
v 0.291233 8.212927 -2.002808
v 0.275246 8.193115 -2.002808
v 0.292136 8.179034 -1.980818
v 0.258984 8.174232 -2.002808
v 0.242504 8.156283 -2.002808
v 0.252969 8.179581 -2.032847
v 0.275416 8.159618 -1.980818
v 0.297863 8.139657 -1.972769
v 0.258465 8.141157 -1.980818
v 0.241332 8.123643 -1.980818
v 0.280267 8.120493 -1.972769
v 0.262472 8.102303 -1.972769
v 0.302069 8.099830 -1.980818
v 0.283611 8.080961 -1.980818
v 0.318030 8.084703 -2.002808
v 0.320310 8.119696 -1.980818
v 0.299087 8.065339 -2.002808
v 0.304751 8.059621 -2.032847
v 0.279962 8.046980 -2.002808
v 0.260697 8.029605 -2.002808
v 0.264982 8.063079 -1.980818
v 0.285445 8.041088 -2.032847
v 0.279962 8.046980 -2.062885
v 0.265996 8.023546 -2.032847
v 0.246447 8.006968 -2.032847
v 0.260697 8.029605 -2.062885
v 0.241333 8.013184 -2.062885
v 0.246221 8.046158 -2.084875
v 0.227362 8.030165 -2.084875
v 0.226445 8.068769 -2.092924
v 0.264982 8.063079 -2.084875
v 0.244519 8.085070 -2.092924
v 0.283611 8.080961 -2.084875
v 0.299087 8.065339 -2.062885
v 0.262471 8.102303 -2.092924
v 0.241332 8.123643 -2.084875
v 0.280267 8.120493 -2.092924
v 0.258465 8.141157 -2.084875
v 0.242504 8.156283 -2.062885
v 0.275416 8.159618 -2.084875
v 0.258984 8.174232 -2.062885
v 0.292136 8.179034 -2.084875
v 0.236662 8.161820 -2.032847
v 0.225856 8.139266 -2.062885
v 0.209077 8.123158 -2.062885
v 0.220192 8.144984 -2.032847
v 0.203594 8.129051 -2.032847
v 0.225856 8.139266 -2.002808
v 0.209077 8.123158 -2.002808
v 0.224057 8.107060 -1.980818
v 0.192193 8.107932 -2.002808
v 0.175220 8.093539 -2.002808
v 0.186895 8.113990 -2.032847
v 0.206670 8.091379 -1.980818
v 0.226445 8.068769 -1.972769
v 0.189191 8.076558 -1.980818
v 0.171630 8.062542 -1.980818
v 0.208277 8.053362 -1.972769
v 0.190031 8.038799 -1.972769
v 0.227362 8.030165 -1.980818
v 0.208433 8.015057 -1.980818
v 0.241333 8.013184 -2.002808
v 0.246221 8.046158 -1.980818
v 0.221903 7.997676 -2.002808
v 0.226834 7.991314 -2.032847
v 0.202439 7.983030 -2.002808
v 0.182967 7.969184 -2.002808
v 0.189456 8.000778 -1.980818
v 0.207191 7.976533 -2.032847
v 0.202439 7.983030 -2.062885
v 0.187549 7.962567 -2.032847
v 0.167934 7.949341 -2.032847
v 0.182967 7.969184 -2.062885
v 0.163509 7.956064 -2.062885
v 0.170448 7.987263 -2.084875
v 0.151420 7.974433 -2.084875
v 0.153348 8.011958 -2.092924
v 0.189456 8.000778 -2.084875
v 0.171721 8.025023 -2.092924
v 0.208432 8.015057 -2.084875
v 0.221903 7.997676 -2.062885
v 0.190031 8.038799 -2.092924
v 0.171630 8.062542 -2.084875
v 0.208276 8.053362 -2.092924
v 0.189191 8.076558 -2.084875
v 0.175220 8.093539 -2.062885
v 0.206670 8.091379 -2.084875
v 0.192193 8.107932 -2.062885
v 0.224057 8.107060 -2.084875
v 0.170106 8.099754 -2.032847
v 0.158160 8.079923 -2.062885
v 0.141003 8.067015 -2.062885
v 0.153229 8.086285 -2.032847
v 0.136251 8.073511 -2.032847
v 0.158160 8.079923 -2.002808
v 0.141003 8.067015 -2.002808
v 0.153986 8.049267 -1.980818
v 0.123728 8.054733 -2.002808
v 0.106303 8.042986 -2.002808
v 0.119146 8.061350 -2.032847
v 0.136247 8.036654 -1.980818
v 0.153348 8.011958 -1.972769
v 0.118392 8.024617 -1.980818
v 0.100392 8.013057 -1.980818
v 0.134906 7.999525 -1.972769
v 0.116383 7.987628 -1.972769
v 0.151420 7.974433 -1.980818
v 0.132374 7.962199 -1.980818
v 0.163509 7.956064 -2.002808
v 0.170448 7.987263 -1.980818
v 0.144080 7.943584 -2.002808
v 0.148365 7.936771 -2.032847
v 0.124688 7.931646 -2.002808
v 0.105331 7.920138 -2.002808
v 0.113305 7.950460 -1.980818
v 0.128854 7.924759 -2.032847
v 0.124688 7.931646 -2.062885
v 0.109405 7.913196 -2.032847
v 0.090006 7.901958 -2.032847
v 0.105331 7.920137 -2.062885
v 0.085995 7.908936 -2.062885
v 0.094201 7.939103 -2.084875
v 0.075037 7.928000 -2.084875
v 0.078997 7.965009 -2.092924
v 0.113305 7.950460 -2.084875
v 0.097756 7.976161 -2.092924
v 0.132374 7.962199 -2.084875
v 0.144080 7.943584 -2.062885
v 0.116383 7.987628 -2.092924
v 0.100392 8.013057 -2.084875
v 0.134906 7.999525 -2.092924
v 0.118392 8.024617 -2.084875
v 0.106303 8.042986 -2.062885
v 0.136247 8.036654 -2.084875
v 0.123728 8.054733 -2.062885
v 0.153986 8.049267 -2.084875
v 0.101878 8.049709 -2.032847
v 0.088686 8.031672 -2.062885
v 0.070825 8.020678 -2.062885
v 0.084401 8.038486 -2.032847
v 0.066658 8.027564 -2.032847
v 0.088686 8.031672 -2.002808
v 0.070825 8.020678 -2.002808
v 0.082207 8.001863 -1.980818
v 0.052663 8.009881 -2.002808
v 0.034139 7.999151 -2.002808
v 0.048589 8.016823 -2.032847
v 0.063793 7.990916 -1.980818
v 0.078997 7.965010 -1.972769
v 0.045098 7.980086 -1.980818
v 0.026065 7.969232 -1.980818
v 0.060067 7.954043 -1.972769
v 0.040921 7.943124 -1.972769
v 0.075037 7.928000 -1.980818
v 0.055777 7.917016 -1.980818
v 0.085995 7.908936 -2.002808
v 0.094201 7.939103 -1.980818
v 0.066653 7.897904 -2.002808
v 0.070633 7.890908 -2.032847
v 0.047258 7.886893 -2.002808
v 0.027759 7.875750 -2.002808
v 0.036374 7.906000 -1.980818
v 0.051242 7.879899 -2.032847
v 0.047258 7.886893 -2.062885
v 0.031778 7.868776 -2.032847
v 0.012201 7.857397 -2.032847
v 0.027759 7.875750 -2.062885
v 0.008116 7.864332 -2.062885
v 0.016778 7.894801 -2.084875
v -0.003046 7.883278 -2.084875
v 0.001777 7.920826 -2.092924
v 0.036374 7.906000 -2.084875
v 0.021506 7.932101 -2.092924
v 0.055777 7.917016 -2.084875
v 0.066653 7.897904 -2.062885
v 0.040921 7.943124 -2.092924
v 0.026065 7.969232 -2.084875
v 0.060067 7.954043 -2.092924
v 0.045098 7.980086 -2.084875
v 0.034139 7.999151 -2.062885
v 0.063793 7.990916 -2.084875
v 0.052663 8.009881 -2.062885
v 0.082207 8.001863 -2.084875
v 0.030128 8.006129 -2.032847
v 0.015190 7.988344 -2.062885
v -0.004245 7.977310 -2.062885
v 0.011209 7.995340 -2.032847
v -0.008229 7.984304 -2.032847
v 0.015190 7.988344 -2.002808
v -0.004245 7.977310 -2.002808
v 0.006639 7.958203 -1.980818
v -0.024205 7.965903 -2.002808
v -0.044701 7.953988 -2.002808
v -0.028224 7.972877 -2.032847
v -0.013224 7.946851 -1.980818
v 0.001777 7.920826 -1.972769
v -0.033540 7.935041 -1.980818
v -0.054303 7.922646 -1.980818
v -0.018293 7.909160 -1.972769
v -0.038706 7.896974 -1.972769
v -0.003046 7.883278 -1.980818
v -0.023110 7.871301 -1.980818
v 0.008116 7.864332 -2.002808
v 0.016778 7.894801 -1.980818
v -0.011692 7.852508 -2.002808
v -0.007513 7.845629 -2.032847
v -0.031666 7.840160 -2.002808
v -0.051785 7.827186 -2.002808
v -0.043408 7.858753 -1.980818
v -0.027369 7.833355 -2.032846
v -0.031667 7.840160 -2.062885
v -0.047347 7.820471 -2.032846
v -0.067404 7.806888 -2.032846
v -0.051785 7.827186 -2.062885
v -0.072003 7.813493 -2.062885
v -0.063911 7.845530 -2.084875
v -0.084568 7.831540 -2.084875
v -0.080475 7.870589 -2.092924
v -0.043408 7.858753 -2.084875
v -0.059447 7.884151 -2.092924
v -0.023110 7.871301 -2.084875
v -0.011692 7.852508 -2.062885
v -0.038706 7.896973 -2.092924
v -0.054303 7.922646 -2.084875
v -0.018293 7.909160 -2.092924
v -0.033540 7.935041 -2.084875
v -0.044701 7.953988 -2.062885
v -0.013224 7.946851 -2.084875
v -0.024205 7.965903 -2.062885
v 0.006639 7.958203 -2.084875
v -0.048787 7.960922 -2.032847
v -0.065721 7.941439 -2.062885
v -0.087227 7.928143 -2.062885
v -0.069900 7.948318 -2.032847
v -0.091525 7.934948 -2.032847
v -0.065721 7.941439 -2.002808
v -0.087227 7.928143 -2.002808
v -0.075486 7.909550 -1.980818
v -0.109165 7.913992 -2.002808
v -0.131459 7.898892 -2.002808
v -0.113603 7.920707 -2.032847
v -0.097039 7.895648 -1.980818
v -0.080475 7.870589 -1.972769
v -0.118894 7.880845 -1.980818
v -0.140962 7.865055 -1.980818
v -0.101731 7.856193 -1.972769
v -0.123132 7.840880 -1.972769
v -0.084568 7.831540 -1.980818
v -0.105302 7.816706 -1.980818
v -0.072003 7.813494 -2.002808
v -0.063911 7.845530 -1.980818
v -0.092250 7.799009 -2.002808
v -0.087472 7.792531 -2.032846
v -0.112431 7.783671 -2.002808
v -0.132429 7.767435 -2.002808
v -0.126017 7.800962 -1.980818
v -0.107458 7.777342 -2.032846
v -0.112431 7.783671 -2.062885
v -0.127245 7.761278 -2.032846
v -0.146692 7.744312 -2.032846
v -0.132429 7.767435 -2.062885
v -0.152101 7.750273 -2.062885
v -0.146590 7.784258 -2.084875
v -0.166879 7.766556 -2.084875
v -0.165935 7.807238 -2.092924
v -0.126017 7.800962 -2.084875
v -0.144575 7.824582 -2.092924
v -0.105302 7.816706 -2.084875
v -0.092250 7.799009 -2.062885
v -0.123132 7.840880 -2.092924
v -0.140962 7.865055 -2.084875
v -0.101731 7.856193 -2.092924
v -0.118894 7.880845 -2.084875
v -0.131459 7.898892 -2.062885
v -0.097039 7.895648 -2.084875
v -0.109165 7.913992 -2.062885
v -0.075486 7.909550 -2.084875
v -0.136058 7.905498 -2.032846
v -0.154015 7.882752 -2.062885
v -0.176719 7.865493 -2.062885
v -0.158792 7.889230 -2.032846
v -0.181692 7.871822 -2.032846
v -0.154015 7.882752 -2.002808
v -0.176719 7.865493 -2.002808
v -0.163134 7.848202 -1.980818
v -0.199442 7.847041 -2.002808
v -0.222030 7.827329 -2.002808
v -0.204625 7.853199 -2.032846
v -0.185280 7.830218 -1.980818
v -0.165935 7.807238 -1.972769
v -0.207253 7.811045 -1.980818
v -0.228881 7.790633 -1.980818
v -0.187066 7.788801 -1.972769
v -0.207799 7.769235 -1.972769
v -0.166879 7.766556 -1.980818
v -0.186717 7.747837 -1.980818
v -0.152101 7.750273 -2.002808
v -0.146590 7.784258 -1.980818
v -0.171284 7.732172 -2.002808
v -0.165635 7.726439 -2.032846
v -0.189791 7.713140 -2.002808
v -0.207419 7.693204 -2.002808
v -0.205917 7.728091 -1.980818
v -0.183889 7.707668 -2.032846
v -0.189791 7.713140 -2.062885
v -0.201251 7.688033 -2.032846
v -0.217500 7.667587 -2.032846
v -0.207419 7.693204 -2.062885
v -0.223945 7.672408 -2.062885
v -0.224272 7.707330 -2.084875
v -0.241555 7.685578 -2.084875
v -0.247293 7.726626 -2.092924
v -0.205917 7.728091 -2.084875
v -0.227945 7.748514 -2.092924
v -0.186717 7.747837 -2.084875
v -0.171284 7.732172 -2.062885
v -0.207799 7.769235 -2.092924
v -0.228881 7.790633 -2.084875
v -0.187066 7.788801 -2.092924
v -0.207253 7.811045 -2.084875
v -0.222030 7.827329 -2.062885
v -0.185280 7.830218 -2.084875
v -0.199442 7.847041 -2.062885
v -0.163134 7.848202 -2.084875
v -0.227439 7.833290 -2.032846
v -0.244314 7.806297 -2.062885
v -0.266098 7.783888 -2.062885
v -0.249962 7.812031 -2.032846
v -0.272000 7.789360 -2.032846
v -0.244314 7.806297 -2.002808
v -0.266098 7.783888 -2.002808
v -0.249972 7.768937 -1.980818
v -0.287166 7.760049 -2.002808
v -0.307275 7.734730 -2.002808
v -0.293335 7.765219 -2.032846
v -0.270314 7.745923 -1.980818
v -0.247293 7.726626 -1.972769
v -0.289665 7.721560 -1.980818
v -0.307762 7.695825 -1.980818
v -0.265610 7.703569 -1.972769
v -0.282643 7.679352 -1.972769
v -0.241555 7.685578 -1.980818
v -0.257524 7.662879 -1.980818
v -0.223945 7.672408 -2.002808
v -0.224272 7.707330 -1.980818
v -0.239136 7.650820 -2.002808
v -0.232405 7.646406 -2.032846
v -0.252749 7.628524 -2.002808
v -0.264555 7.605601 -2.002808
v -0.271924 7.639290 -1.980818
v -0.245731 7.624584 -2.032846
v -0.252749 7.628524 -2.062885
v -0.257257 7.602208 -2.032846
v -0.266806 7.579329 -2.032846
v -0.264555 7.605601 -2.062885
v -0.274362 7.582101 -2.062885
v -0.284495 7.614871 -2.084875
v -0.295007 7.589674 -2.084875
v -0.311734 7.627535 -2.092924
v -0.271924 7.639290 -2.084875
v -0.298116 7.653996 -2.092924
v -0.257524 7.662879 -2.084875
v -0.239136 7.650820 -2.062885
v -0.282643 7.679352 -2.092924
v -0.307762 7.695825 -2.084875
v -0.265610 7.703569 -2.092924
v -0.289665 7.721560 -2.084875
v -0.307275 7.734730 -2.062885
v -0.270314 7.745923 -2.084875
v -0.287166 7.760049 -2.062885
v -0.249972 7.768937 -2.084875
v -0.313720 7.739551 -2.032846
v -0.326150 7.707884 -2.062885
v -0.343483 7.679468 -2.062885
v -0.332881 7.712298 -2.032846
v -0.350501 7.683409 -2.032846
v -0.326150 7.707884 -2.002808
v -0.343483 7.679468 -2.002808
v -0.324309 7.668703 -1.980818
v -0.358913 7.649468 -2.002808
v -0.372053 7.617939 -2.002808
v -0.366212 7.652862 -2.032846
v -0.338973 7.640198 -1.980818
v -0.311734 7.627535 -1.972769
v -0.351409 7.610366 -1.980818
v -0.361290 7.579310 -1.980818
v -0.323208 7.600020 -1.972769
v -0.332276 7.571532 -1.972769
v -0.295007 7.589674 -1.980818
v -0.303261 7.563753 -1.980818
v -0.274362 7.582101 -2.002808
v -0.284495 7.614871 -1.980818
v -0.282022 7.558059 -2.002808
v -0.274247 7.555975 -2.032846
v -0.287406 7.533509 -2.002808
v -0.290403 7.508490 -2.002808
v -0.309089 7.537173 -1.980818
v -0.279470 7.532168 -2.032846
v -0.287406 7.533509 -2.062885
v -0.282373 7.507933 -2.032846
v -0.282856 7.483303 -2.032846
v -0.290403 7.508490 -2.062885
v -0.290901 7.483053 -2.062885
v -0.312340 7.510012 -2.084875
v -0.312880 7.482369 -2.084875
v -0.342306 7.512091 -2.092924
v -0.309089 7.537173 -2.084875
v -0.338708 7.542177 -2.092924
v -0.303261 7.563753 -2.084875
v -0.282022 7.558059 -2.062885
v -0.332276 7.571532 -2.092924
v -0.361290 7.579310 -2.084875
v -0.323208 7.600020 -2.092924
v -0.351409 7.610366 -2.084875
v -0.372053 7.617939 -2.062885
v -0.338973 7.640198 -2.084875
v -0.358913 7.649468 -2.062885
v -0.324309 7.668703 -2.084875
v -0.379609 7.620711 -2.032846
v -0.382529 7.585005 -2.062885
v -0.390009 7.550845 -2.062885
v -0.390304 7.587089 -2.032846
v -0.397946 7.552186 -2.032846
v -0.382529 7.585005 -2.002808
v -0.390009 7.550845 -2.002808
v -0.368327 7.547182 -1.980818
v -0.394210 7.515693 -2.002808
v -0.394908 7.479820 -2.002808
v -0.402240 7.516250 -2.032846
v -0.372273 7.514171 -1.980818
v -0.342306 7.512091 -1.972769
v -0.372928 7.480504 -1.980818
v -0.370141 7.446436 -1.980818
v -0.342904 7.481436 -1.972769
v -0.340365 7.450403 -1.972769
v -0.312880 7.482369 -1.980818
v -0.310590 7.454370 -1.980818
v -0.290901 7.483053 -2.002808
v -0.312340 7.510012 -1.980818
v -0.288792 7.457273 -2.002808
v -0.280814 7.458336 -2.032846
v -0.283972 7.431264 -2.002808
v -0.276346 7.405184 -2.002808
v -0.305363 7.426168 -1.980818
v -0.276142 7.433129 -2.032846
v -0.283972 7.431264 -2.062885
v -0.268743 7.407827 -2.032846
v -0.258538 7.382629 -2.032846
v -0.276346 7.405184 -2.062885
v -0.265839 7.379242 -2.062885
v -0.297116 7.397963 -2.084875
v -0.285787 7.369987 -2.084875
v -0.325489 7.388098 -2.092924
v -0.305363 7.426168 -2.084875
v -0.334585 7.419208 -2.092924
v -0.310590 7.454370 -2.084875
v -0.288792 7.457273 -2.062885
v -0.340365 7.450403 -2.092924
v -0.370141 7.446436 -2.084875
v -0.342904 7.481436 -2.092924
v -0.372929 7.480504 -2.084875
v -0.394908 7.479820 -2.062885
v -0.372273 7.514171 -2.084875
v -0.394210 7.515693 -2.062885
v -0.368327 7.547182 -2.084875
v -0.402953 7.479570 -2.032846
v -0.391938 7.443532 -2.062885
v -0.385197 7.407153 -2.062885
v -0.399916 7.442470 -2.032846
v -0.393027 7.405288 -2.032846
v -0.391938 7.443532 -2.002808
v -0.385197 7.407153 -2.002808
v -0.363806 7.412248 -1.980818
v -0.374632 7.371012 -2.002808
v -0.360233 7.335449 -2.002808
v -0.382234 7.368369 -2.032846
v -0.353862 7.378234 -1.980818
v -0.325489 7.388098 -1.972769
v -0.340285 7.344704 -1.980818
v -0.323084 7.311983 -1.980818
v -0.313036 7.357346 -1.972769
v -0.297215 7.327251 -1.972769
v -0.285787 7.369987 -1.980818
v -0.271346 7.342519 -1.980818
v -0.265839 7.379241 -2.002808
v -0.297116 7.397963 -1.980818
v -0.252408 7.353696 -2.002808
v -0.245477 7.357787 -2.032846
v -0.236046 7.328851 -2.002808
v -0.216788 7.305050 -2.002808
v -0.253797 7.315872 -1.980818
v -0.229549 7.333601 -2.032846
v -0.236046 7.328851 -2.062885
v -0.210787 7.310413 -2.032846
v -0.189272 7.288594 -2.032846
v -0.216788 7.305050 -2.062885
v -0.194715 7.282665 -2.062885
v -0.233184 7.290396 -2.084875
v -0.209586 7.266467 -2.084875
v -0.255580 7.270378 -2.092924
v -0.253797 7.315873 -2.084875
v -0.278046 7.298143 -2.092924
v -0.271346 7.342519 -2.084875
v -0.252408 7.353696 -2.062885
v -0.297215 7.327251 -2.092924
v -0.323084 7.311983 -2.084875
v -0.313036 7.357346 -2.092924
v -0.340285 7.344704 -2.084875
v -0.360233 7.335449 -2.062885
v -0.353862 7.378234 -2.084875
v -0.374632 7.371012 -2.062885
v -0.363806 7.412248 -2.084875
v -0.367534 7.332062 -2.032846
v -0.342021 7.300806 -2.062885
v -0.320046 7.267436 -2.062885
v -0.348953 7.296715 -2.032846
v -0.326543 7.262685 -2.032846
v -0.342021 7.300806 -2.002808
v -0.320046 7.267436 -2.002808
v -0.302294 7.280414 -1.980818
v -0.294373 7.235706 -2.002808
v -0.265088 7.206013 -2.002808
v -0.300374 7.230343 -2.032846
v -0.277977 7.250360 -1.980818
v -0.255580 7.270378 -1.972769
v -0.250216 7.222212 -1.980818
v -0.219119 7.196387 -1.980818
v -0.229901 7.244339 -1.972769
v -0.201123 7.220438 -1.972769
v -0.209586 7.266467 -1.980818
v -0.183126 7.244489 -1.980818
v -0.194715 7.282665 -2.002808
v -0.233184 7.290396 -1.980818
v -0.169952 7.262095 -2.002808
v -0.165130 7.268540 -2.032847
v -0.142666 7.243754 -2.002808
v -0.113055 7.228062 -2.002808
v -0.153960 7.224886 -1.980818
v -0.138531 7.250660 -2.032847
v -0.142666 7.243754 -2.062885
v -0.109679 7.235369 -2.032847
v -0.078788 7.223075 -2.032847
v -0.113055 7.228062 -2.062885
v -0.081335 7.215440 -2.062885
v -0.122279 7.208100 -2.084875
v -0.088294 7.194581 -2.084875
v -0.134878 7.180831 -2.092924
v -0.153960 7.224886 -2.084875
v -0.169389 7.199113 -2.092924
v -0.183126 7.244489 -2.084875
v -0.169952 7.262095 -2.062885
v -0.201123 7.220438 -2.092924
v -0.219119 7.196387 -2.084875
v -0.229901 7.244339 -2.092924
v -0.250216 7.222212 -2.084875
v -0.265088 7.206013 -2.062885
v -0.277977 7.250360 -2.084875
v -0.294373 7.235706 -2.062885
v -0.302295 7.280414 -2.084875
v -0.270531 7.200084 -2.032846
v -0.232293 7.178780 -2.062885
v -0.196113 7.154472 -2.062885
v -0.237115 7.172336 -2.032846
v -0.200247 7.147566 -2.032847
v -0.232293 7.178780 -2.002808
v -0.196113 7.154472 -2.002808
v -0.184818 7.173340 -1.980818
v -0.156701 7.133601 -2.002808
v -0.114266 7.116732 -2.002808
v -0.160077 7.126295 -2.032847
v -0.147478 7.153563 -1.980818
v -0.134878 7.180831 -1.972769
v -0.107307 7.137591 -1.980818
v -0.064610 7.125985 -1.980818
v -0.097801 7.166086 -1.972769
v -0.058443 7.155384 -1.972769
v -0.088294 7.194581 -1.980818
v -0.052276 7.184783 -1.980818
v -0.081335 7.215440 -2.002808
v -0.122279 7.208100 -1.980818
v -0.047761 7.206304 -2.002808
v -0.046108 7.214181 -2.032847
v -0.012696 7.201066 -2.002808
v 0.023371 7.200133 -2.002808
v -0.014602 7.179159 -1.980818
v -0.011998 7.209085 -2.032847
v -0.012696 7.201066 -2.062885
v 0.023059 7.208176 -2.032847
v 0.058462 7.211823 -2.032847
v 0.023371 7.200133 -2.062885
v 0.059834 7.203892 -2.062885
v 0.024223 7.178160 -2.084875
v 0.063581 7.182224 -2.084875
v 0.025387 7.148144 -2.092924
v -0.014602 7.179159 -2.084875
v -0.017207 7.149233 -2.092924
v -0.052276 7.184783 -2.084875
v -0.047761 7.206304 -2.062885
v -0.058443 7.155384 -2.092924
v -0.064610 7.125985 -2.084875
v -0.097801 7.166086 -2.092924
v -0.107307 7.137591 -2.084875
v -0.114266 7.116732 -2.062885
v -0.147478 7.153563 -2.084875
v -0.156701 7.133601 -2.062885
v -0.184818 7.173340 -2.084875
v -0.116814 7.109097 -2.032847
v -0.069125 7.104464 -2.062885
v -0.021718 7.097401 -2.062885
v -0.070777 7.096586 -2.032847
v -0.022416 7.089382 -2.032847
v -0.069125 7.104464 -2.002808
v -0.021718 7.097401 -2.002808
v -0.019811 7.119308 -1.980818
v 0.027403 7.096155 -2.002808
v 0.077565 7.101357 -2.002808
v 0.027715 7.088111 -2.032847
v 0.026551 7.118128 -1.980818
v 0.025387 7.148144 -1.972769
v 0.073818 7.123025 -1.980818
v 0.121194 7.134597 -1.980818
v 0.068699 7.152625 -1.972769
v 0.111971 7.163185 -1.972769
v 0.063581 7.182224 -1.980818
v 0.102748 7.191773 -1.980818
v 0.059834 7.203892 -2.002808
v 0.024223 7.178160 -1.980818
v 0.095996 7.212701 -2.002808
v 0.093525 7.220361 -2.032847
v 0.131111 7.226899 -2.002808
v 0.164413 7.246847 -2.002808
v 0.140922 7.207220 -1.980818
v 0.127520 7.234103 -2.032847
v 0.131111 7.226899 -2.062886
v 0.159718 7.253384 -2.032847
v 0.189411 7.278648 -2.032847
v 0.164413 7.246847 -2.062886
v 0.195140 7.272995 -2.062886
v 0.177241 7.228986 -2.084875
v 0.210793 7.257550 -2.084875
v 0.194764 7.204588 -2.092924
v 0.140922 7.207220 -2.084875
v 0.154325 7.180336 -2.092924
v 0.102748 7.191773 -2.084875
v 0.095996 7.212701 -2.062885
v 0.111971 7.163185 -2.092924
v 0.121193 7.134597 -2.084875
v 0.068699 7.152625 -2.092924
v 0.073818 7.123025 -2.084875
v 0.077565 7.101357 -2.062886
v 0.026551 7.118128 -2.084875
v 0.027403 7.096155 -2.062885
v -0.019811 7.119308 -2.084875
v 0.078936 7.093426 -2.032847
v 0.127945 7.113670 -2.062886
v 0.177538 7.133774 -2.062886
v 0.130416 7.106010 -2.032847
v 0.181129 7.126571 -2.032847
v 0.127945 7.113670 -2.002808
v 0.177538 7.133774 -2.002808
v 0.167727 7.153453 -1.980818
v 0.225115 7.162330 -2.002808
v 0.269209 7.199909 -2.002808
v 0.229811 7.155792 -2.032847
v 0.212288 7.180190 -1.980818
v 0.194764 7.204588 -1.972769
v 0.253557 7.215353 -1.980818
v 0.290051 7.259387 -1.980819
v 0.232175 7.236452 -1.972770
v 0.265322 7.276439 -1.972770
v 0.210793 7.257550 -1.980818
v 0.240592 7.293490 -1.980818
v 0.195140 7.272995 -2.002808
v 0.177241 7.228986 -1.980818
v 0.222489 7.305974 -2.002808
v 0.215863 7.310543 -2.032847
v 0.245509 7.346638 -2.002808
v 0.262965 7.396023 -2.002808
v 0.265518 7.337518 -1.980818
v 0.238185 7.349977 -2.032847
v 0.245509 7.346638 -2.062886
v 0.255180 7.398064 -2.032847
v 0.265250 7.455966 -2.032847
v 0.262965 7.396023 -2.062886
v 0.273262 7.455202 -2.062886
v 0.284236 7.390446 -2.084875
v 0.295152 7.453112 -2.084875
v 0.313293 7.382829 -2.092924
v 0.265518 7.337518 -2.084875
v 0.292852 7.325060 -2.092924
v 0.240592 7.293490 -2.084875
v 0.222489 7.305974 -2.062886
v 0.265321 7.276439 -2.092924
v 0.290051 7.259387 -2.084875
v 0.232175 7.236452 -2.092924
v 0.253557 7.215353 -2.084875
v 0.269209 7.199909 -2.062886
v 0.212287 7.180190 -2.084875
v 0.225115 7.162330 -2.062886
v 0.167727 7.153453 -2.084875
v 0.274939 7.194255 -2.032847
v 0.308154 7.246903 -2.062886
v 0.340195 7.303482 -2.062886
v 0.314781 7.242334 -2.032847
v 0.347519 7.300144 -2.032847
v 0.308154 7.246903 -2.002808
v 0.340195 7.303482 -2.002808
v 0.320185 7.312602 -1.980819
v 0.363621 7.369634 -2.002808
v 0.376848 7.445312 -2.002808
v 0.371406 7.367593 -2.032847
v 0.342350 7.375211 -1.980819
v 0.313293 7.382829 -1.972770
v 0.354958 7.447402 -1.980819
v 0.356425 7.529427 -1.980819
v 0.325055 7.450256 -1.972770
v 0.326427 7.527857 -1.972770
v 0.295152 7.453112 -1.980819
v 0.296429 7.526287 -1.980819
v 0.273262 7.455202 -2.002808
v 0.284236 7.390446 -1.980819
v 0.274470 7.525138 -2.002808
v 0.266432 7.524717 -2.032847
v 0.264433 7.606609 -2.002808
v 0.240875 7.700215 -2.002808
v 0.286051 7.610639 -1.980819
v 0.256521 7.605134 -2.032847
v 0.264433 7.606609 -2.062886
v 0.233187 7.697831 -2.032847
v 0.240875 7.700215 -2.062886
v 0.194076 7.803225 -2.032847
v 0.201478 7.806386 -2.002808
v 0.201478 7.806386 -2.062886
v 0.221699 7.815025 -2.084875
v 0.221700 7.815025 -1.980819
v 0.249323 7.826827 -2.092924
v 0.261878 7.706729 -2.084875
v 0.290568 7.715628 -2.092924
v 0.286051 7.610639 -2.084876
v 0.315581 7.616143 -2.092924
v 0.296429 7.526287 -2.084876
v 0.274470 7.525138 -2.062886
v 0.326427 7.527857 -2.092924
v 0.356425 7.529427 -2.084876
v 0.325055 7.450256 -2.092924
v 0.354957 7.447402 -2.084876
v 0.376848 7.445312 -2.062886
v 0.342350 7.375211 -2.084876
v 0.363621 7.369634 -2.062886
v 0.320185 7.312602 -2.084876
v 0.384860 7.444547 -2.032847
v 0.378384 7.530576 -2.062886
v 0.366728 7.625676 -2.062886
v 0.386422 7.530996 -2.032847
v 0.374641 7.627151 -2.032847
v 0.378384 7.530576 -2.002808
v 0.366728 7.625676 -2.002808
v 0.345111 7.621647 -1.980819
v 0.340261 7.731040 -2.002808
v 0.347949 7.733425 -2.032847
v 0.319259 7.724526 -1.980819
v 0.297168 7.847267 -2.002808
v 0.297168 7.847267 -2.062886
v 0.304570 7.850429 -2.032847
v 0.276947 7.838627 -1.980819
v 0.249323 7.826827 -1.972770
v 0.276946 7.838627 -2.084876
v 0.319259 7.724526 -2.084876
v 0.340261 7.731040 -2.062886
v 0.345111 7.621647 -2.084876
v 0.290568 7.715628 -1.972770
v 0.261878 7.706729 -1.980819
v 0.315581 7.616143 -1.972770
v 0.292852 7.325060 -1.972770
v 0.154325 7.180336 -1.972769
v -0.017207 7.149233 -1.972769
v -0.169389 7.199113 -1.972769
v -0.278046 7.298143 -1.972769
v -0.334585 7.419208 -1.972769
v -0.338708 7.542177 -1.972769
v -0.298116 7.653996 -1.972769
v -0.227945 7.748514 -1.972769
v -0.144575 7.824582 -1.972769
v -0.059447 7.884151 -1.972769
v 0.021506 7.932101 -1.972769
v 0.097756 7.976161 -1.972769
v 0.171721 8.025023 -1.972769
v 0.244519 8.085070 -1.972769
v 0.315208 8.159799 -1.972769
v 0.380787 8.249820 -1.972769
v 0.436676 8.353393 -1.972770
v 0.478172 8.468045 -1.972770
v 0.500926 8.591108 -1.972770
v 0.500948 8.719719 -1.972770
v 0.474276 8.850848 -1.972770
v 0.415134 8.981419 -1.972769
v 0.314863 9.108378 -1.972769
v 0.161877 9.228701 -1.972769
v -0.060183 9.336443 -1.972769
v -0.392742 9.390368 -1.972769
v -0.922585 9.281581 -1.972769
vn -0.3536 -0.6907 -0.6308
vn -0.3536 -0.6908 0.6308
vn -0.2030 -0.9092 -0.3634
vn -0.5602 -0.3908 0.7303
vn -0.5602 -0.3908 -0.7303
vn 0.2143 -0.4552 -0.8642
vn -0.0591 -0.0379 -0.9975
vn 0.4147 -0.7609 -0.4991
vn 0.2187 -0.4505 -0.8656
vn 0.2156 -0.4492 -0.8670
vn -0.0419 -0.0247 -0.9988
vn 0.4100 -0.7628 -0.5001
vn 0.3944 -0.7700 -0.5015
vn 0.4801 -0.8772 -0.0000
vn 0.4603 -0.8878 -0.0000
vn 0.4100 -0.7628 0.5001
vn 0.4880 -0.8728 -0.0000
vn 0.4147 -0.7609 0.4991
vn -0.1480 -0.9890 -0.0000
vn -0.2030 -0.9092 0.3634
vn 0.2143 -0.4552 0.8642
vn 0.2187 -0.4505 0.8656
vn -0.0591 -0.0379 0.9975
vn -0.0419 -0.0247 0.9988
vn -0.3322 0.3791 0.8637
vn -0.3018 0.4007 0.8651
vn -0.5320 0.6844 0.4986
vn -0.7680 -0.0893 0.6342
vn -0.7680 -0.0893 -0.6342
vn -0.9208 0.1324 0.3668
vn -0.9208 0.1324 -0.3668
vn -0.9769 0.2138 -0.0000
vn -0.6051 0.7961 -0.0000
vn -0.5320 0.6844 -0.4986
vn -0.5618 0.8273 -0.0000
vn -0.5089 0.8608 -0.0000
vn -0.4920 0.7127 0.5000
vn -0.4920 0.7127 -0.5000
vn -0.4447 0.7426 -0.5008
vn -0.3018 0.4007 -0.8651
vn -0.2683 0.4228 -0.8656
vn -0.3322 0.3791 -0.8637
vn -0.0270 -0.0128 -0.9996
vn -0.2233 0.4504 -0.8645
vn -0.1751 0.4724 -0.8638
vn -0.3760 0.7804 -0.4995
vn -0.0136 -0.0003 -0.9999
vn -0.0033 0.0051 -1.0000
vn 0.1985 -0.4532 -0.8690
vn 0.1700 -0.4648 -0.8690
vn 0.3557 -0.7873 -0.5036
vn 0.2980 -0.8111 -0.5032
vn 0.4138 -0.9104 -0.0000
vn 0.3452 -0.9385 -0.0000
vn 0.3557 -0.7873 0.5036
vn 0.2980 -0.8111 0.5032
vn 0.1985 -0.4532 0.8690
vn 0.3944 -0.7700 0.5015
vn 0.2156 -0.4492 0.8670
vn -0.0270 -0.0128 0.9996
vn -0.0136 -0.0003 0.9999
vn -0.2683 0.4228 0.8656
vn -0.2233 0.4504 0.8645
vn -0.4447 0.7426 0.5008
vn -0.3760 0.7804 0.4995
vn -0.4319 0.9019 -0.0000
vn -0.3003 0.8135 0.4981
vn -0.2346 0.8353 0.4972
vn -0.1751 0.4724 0.8638
vn -0.3460 0.9382 -0.0000
vn -0.3003 0.8135 -0.4981
vn -0.2704 0.9628 -0.0000
vn -0.1896 0.9819 -0.0000
vn -0.2346 0.8353 -0.4972
vn -0.1646 0.8520 -0.4969
vn -0.1365 0.4861 -0.8632
vn -0.0958 0.4961 -0.8629
vn -0.0018 0.0063 -1.0000
vn -0.0013 0.0070 -1.0000
vn 0.1339 -0.4766 -0.8689
vn 0.0938 -0.4856 -0.8691
vn 0.2338 -0.8322 -0.5029
vn 0.1640 -0.8485 -0.5031
vn 0.2705 -0.9627 -0.0000
vn 0.1897 -0.9818 -0.0000
vn 0.2338 -0.8322 0.5029
vn 0.1640 -0.8485 0.5031
vn 0.1339 -0.4766 0.8689
vn -0.0018 0.0063 1.0000
vn 0.1700 -0.4648 0.8690
vn 0.0938 -0.4856 0.8691
vn 0.0502 -0.4917 0.8693
vn -0.0013 0.0070 1.0000
vn -0.0008 0.0075 1.0000
vn -0.0958 0.4961 0.8629
vn -0.0514 0.5030 0.8628
vn -0.1646 0.8520 0.4969
vn -0.1365 0.4861 0.8632
vn -0.0881 0.8634 0.4968
vn -0.1016 0.9948 -0.0000
vn -0.0079 0.8679 0.4967
vn 0.0728 0.8648 0.4967
vn -0.0046 0.5057 0.8627
vn -0.0091 1.0000 -0.0000
vn -0.0079 0.8679 -0.4967
vn 0.0839 0.9965 -0.0000
vn 0.1732 0.9849 -0.0000
vn 0.0728 0.8648 -0.4967
vn 0.1503 0.8547 -0.4969
vn 0.0424 0.5039 -0.8627
vn 0.0875 0.4977 -0.8629
vn 0.0006 0.0076 -1.0000
vn -0.0046 0.5057 -0.8627
vn -0.0001 0.0077 -1.0000
vn -0.0514 0.5030 -0.8628
vn -0.0881 0.8634 -0.4968
vn -0.0008 0.0075 -1.0000
vn 0.0502 -0.4917 -0.8693
vn 0.0045 -0.4941 -0.8694
vn 0.0878 -0.8596 -0.5033
vn 0.0078 -0.8640 -0.5034
vn 0.1016 -0.9948 -0.0000
vn 0.0091 -1.0000 -0.0000
vn 0.0878 -0.8596 0.5033
vn 0.0078 -0.8640 0.5034
vn 0.0045 -0.4941 0.8694
vn -0.0726 -0.8610 0.5033
vn -0.1498 -0.8511 0.5032
vn -0.0840 -0.9965 -0.0000
vn -0.0415 -0.4925 0.8693
vn 0.0006 0.0076 1.0000
vn -0.0857 -0.4871 0.8692
vn -0.1264 -0.4786 0.8689
vn 0.0012 0.0071 1.0000
vn 0.0017 0.0064 1.0000
vn 0.0875 0.4977 0.8629
vn 0.1288 0.4882 0.8632
vn 0.1503 0.8547 0.4969
vn 0.0424 0.5039 0.8627
vn 0.2214 0.8389 0.4972
vn 0.2551 0.9669 -0.0000
vn 0.2841 0.8196 0.4975
vn 0.3381 0.7987 0.4978
vn 0.1652 0.4766 0.8635
vn 0.3275 0.9449 -0.0000
vn 0.2841 0.8196 -0.4975
vn 0.3898 0.9209 -0.0000
vn 0.4432 0.8964 -0.0000
vn 0.3381 0.7987 -0.4978
vn 0.3843 0.7773 -0.4980
vn 0.1964 0.4640 -0.8638
vn 0.2231 0.4513 -0.8641
vn 0.0020 0.0047 -1.0000
vn 0.1652 0.4766 -0.8635
vn 0.0019 0.0055 -1.0000
vn 0.1288 0.4882 -0.8632
vn 0.2214 0.8389 -0.4972
vn 0.0017 0.0064 -1.0000
vn -0.1264 -0.4786 -0.8689
vn 0.0012 0.0071 -1.0000
vn -0.0857 -0.4871 -0.8692
vn -0.1498 -0.8511 -0.5032
vn -0.0415 -0.4925 -0.8693
vn -0.0726 -0.8610 -0.5033
vn -0.1734 -0.9849 -0.0000
vn -0.2207 -0.8357 -0.5029
vn -0.2833 -0.8168 -0.5026
vn -0.2553 -0.9668 -0.0000
vn -0.3277 -0.9448 -0.0000
vn -0.2207 -0.8357 0.5029
vn -0.2833 -0.8168 0.5026
vn -0.1624 -0.4682 0.8686
vn -0.3373 -0.7963 0.5022
vn -0.3834 -0.7753 0.5020
vn -0.3900 -0.9208 -0.0000
vn -0.1935 -0.4569 0.8682
vn 0.0020 0.0047 1.0000
vn -0.2201 -0.4451 0.8680
vn -0.2435 -0.4331 0.8678
vn 0.0020 0.0041 1.0000
vn 0.0020 0.0036 1.0000
vn 0.2231 0.4512 0.8641
vn 0.2465 0.4386 0.8642
vn 0.3843 0.7773 0.4980
vn 0.1964 0.4640 0.8638
vn 0.4248 0.7559 0.4982
vn 0.4899 0.8718 -0.0000
vn 0.4626 0.7333 0.4982
vn 0.5001 0.7084 0.4981
vn 0.2684 0.4255 0.8642
vn 0.5335 0.8458 -0.0000
vn 0.4626 0.7333 -0.4982
vn 0.5767 0.8170 -0.0000
vn 0.6202 0.7844 -0.0000
vn 0.5001 0.7084 -0.4981
vn 0.5378 0.6802 -0.4980
vn 0.2902 0.4111 -0.8641
vn 0.3122 0.3949 -0.8640
vn 0.0025 0.0036 -1.0000
vn 0.2684 0.4255 -0.8642
vn 0.0022 0.0035 -1.0000
vn 0.2465 0.4386 -0.8642
vn 0.4248 0.7559 -0.4982
vn 0.0020 0.0036 -1.0000
vn -0.2435 -0.4331 -0.8678
vn 0.0020 0.0041 -1.0000
vn -0.2201 -0.4451 -0.8680
vn -0.3834 -0.7753 -0.5020
vn -0.1935 -0.4569 -0.8682
vn -0.3373 -0.7963 -0.5022
vn -0.1624 -0.4682 -0.8686
vn -0.4433 -0.8964 -0.0000
vn -0.4238 -0.7540 -0.5018
vn -0.4615 -0.7316 -0.5018
vn -0.4900 -0.8717 -0.0000
vn -0.5335 -0.8458 -0.0000
vn -0.4238 -0.7540 0.5018
vn -0.4615 -0.7316 0.5018
vn -0.2651 -0.4202 0.8678
vn -0.4988 -0.7066 0.5019
vn -0.5364 -0.6785 0.5020
vn -0.5766 -0.8170 -0.0000
vn -0.2864 -0.4058 0.8679
vn 0.0025 0.0036 1.0000
vn -0.3080 -0.3895 0.8680
vn -0.3294 -0.3714 0.8681
vn 0.0028 0.0036 1.0000
vn 0.0032 0.0035 1.0000
vn 0.3122 0.3949 0.8640
vn 0.3342 0.3767 0.8640
vn 0.5378 0.6802 0.4980
vn 0.2902 0.4111 0.8641
vn 0.5755 0.6487 0.4980
vn 0.6636 0.7481 -0.0000
vn 0.6125 0.6140 0.4979
vn 0.6482 0.5762 0.4979
vn 0.3557 0.3566 0.8639
vn 0.7063 0.7080 -0.0000
vn 0.6125 0.6140 -0.4979
vn 0.7474 0.6644 -0.0000
vn 0.7864 0.6177 -0.0000
vn 0.6482 0.5762 -0.4979
vn 0.6821 0.5357 -0.4978
vn 0.3765 0.3347 -0.8639
vn 0.3962 0.3112 -0.8638
vn 0.0037 0.0033 -1.0000
vn 0.3557 0.3566 -0.8639
vn 0.0035 0.0035 -1.0000
vn 0.3342 0.3767 -0.8640
vn 0.5755 0.6487 -0.4980
vn 0.0032 0.0035 -1.0000
vn -0.3294 -0.3714 -0.8681
vn 0.0028 0.0036 -1.0000
vn -0.3080 -0.3895 -0.8680
vn -0.5364 -0.6785 -0.5020
vn -0.2864 -0.4058 -0.8679
vn -0.4988 -0.7066 -0.5019
vn -0.2651 -0.4202 -0.8678
vn -0.6202 -0.7845 -0.0000
vn -0.5739 -0.6470 -0.5021
vn -0.6107 -0.6123 -0.5021
vn -0.6636 -0.7481 -0.0000
vn -0.7062 -0.7080 -0.0000
vn -0.5739 -0.6470 0.5021
vn -0.6107 -0.6123 0.5021
vn -0.3505 -0.3514 0.8681
vn -0.6463 -0.5746 0.5022
vn -0.6801 -0.5341 0.5022
vn -0.7474 -0.6644 -0.0000
vn -0.3709 -0.3297 0.8682
vn 0.0037 0.0033 1.0000
vn -0.3902 -0.3065 0.8682
vn -0.4083 -0.2820 0.8682
vn 0.0040 0.0031 1.0000
vn 0.0042 0.0029 1.0000
vn 0.3962 0.3112 0.8638
vn 0.4145 0.2863 0.8638
vn 0.6821 0.5357 0.4978
vn 0.3765 0.3347 0.8639
vn 0.7136 0.4929 0.4978
vn 0.8228 0.5683 -0.0000
vn 0.7424 0.4483 0.4978
vn 0.7682 0.4025 0.4979
vn 0.4312 0.2604 0.8638
vn 0.8560 0.5169 -0.0000
vn 0.7424 0.4483 -0.4978
vn 0.8858 0.4641 -0.0000
vn 0.9119 0.4105 -0.0000
vn 0.7682 0.4025 -0.4979
vn 0.7908 0.3560 -0.4979
vn 0.4462 0.2338 -0.8639
vn 0.4592 0.2067 -0.8639
vn 0.0044 0.0023 -1.0000
vn 0.4312 0.2604 -0.8638
vn 0.0043 0.0026 -1.0000
vn 0.4145 0.2863 -0.8638
vn 0.7136 0.4929 -0.4978
vn 0.0042 0.0029 -1.0000
vn -0.4083 -0.2820 -0.8682
vn 0.0040 0.0031 -1.0000
vn -0.3902 -0.3065 -0.8682
vn -0.6801 -0.5341 -0.5022
vn -0.3709 -0.3297 -0.8682
vn -0.6463 -0.5746 -0.5022
vn -0.3505 -0.3514 -0.8681
vn -0.7864 -0.6177 -0.0000
vn -0.7115 -0.4915 -0.5022
vn -0.7403 -0.4470 -0.5022
vn -0.8228 -0.5683 -0.0000
vn -0.8560 -0.5169 -0.0000
vn -0.7115 -0.4915 0.5022
vn -0.7403 -0.4470 0.5022
vn -0.4248 -0.2565 0.8682
vn -0.7660 -0.4013 0.5022
vn -0.7886 -0.3550 0.5021
vn -0.8858 -0.4641 -0.0000
vn -0.4396 -0.2303 0.8682
vn 0.0044 0.0023 1.0000
vn -0.4526 -0.2037 0.8681
vn -0.4638 -0.1770 0.8681
vn 0.0044 0.0020 1.0000
vn 0.0044 0.0017 1.0000
vn 0.4592 0.2067 0.8639
vn 0.4704 0.1796 0.8640
vn 0.7908 0.3560 0.4979
vn 0.4462 0.2338 0.8639
vn 0.8102 0.3093 0.4980
vn 0.9342 0.3566 -0.0000
vn 0.8264 0.2627 0.4980
vn 0.8396 0.2167 0.4981
vn 0.4798 0.1525 0.8640
vn 0.9530 0.3030 -0.0000
vn 0.8264 0.2627 -0.4980
vn 0.9683 0.2499 -0.0000
vn 0.9803 0.1978 -0.0000
vn 0.8396 0.2167 -0.4981
vn 0.8500 0.1715 -0.4981
vn 0.4874 0.1258 -0.8641
vn 0.4933 0.0995 -0.8641
vn 0.0043 0.0011 -1.0000
vn 0.4798 0.1525 -0.8640
vn 0.0044 0.0014 -1.0000
vn 0.4704 0.1796 -0.8640
vn 0.8102 0.3093 -0.4980
vn 0.0044 0.0017 -1.0000
vn -0.4638 -0.1770 -0.8681
vn 0.0044 0.0020 -1.0000
vn -0.4526 -0.2037 -0.8681
vn -0.7886 -0.3550 -0.5021
vn -0.4396 -0.2303 -0.8682
vn -0.7660 -0.4013 -0.5022
vn -0.4248 -0.2565 -0.8682
vn -0.9119 -0.4104 -0.0000
vn -0.8080 -0.3084 -0.5021
vn -0.8242 -0.2620 -0.5020
vn -0.9343 -0.3566 -0.0000
vn -0.9530 -0.3029 -0.0000
vn -0.8080 -0.3084 0.5021
vn -0.8242 -0.2620 0.5020
vn -0.4732 -0.1504 0.8680
vn -0.8375 -0.2161 0.5019
vn -0.8479 -0.1710 0.5019
vn -0.9683 -0.2499 -0.0000
vn -0.4809 -0.1241 0.8680
vn 0.0043 0.0011 1.0000
vn -0.4869 -0.0982 0.8679
vn -0.4915 -0.0728 0.8678
vn 0.0043 0.0009 1.0000
vn 0.0042 0.0006 1.0000
vn 0.4933 0.0995 0.8641
vn 0.4977 0.0737 0.8642
vn 0.8500 0.1715 0.4981
vn 0.4874 0.1258 0.8641
vn 0.8577 0.1271 0.4982
vn 0.9892 0.1466 -0.0000
vn 0.8630 0.0836 0.4982
vn 0.8661 0.0409 0.4983
vn 0.5007 0.0485 0.8642
vn 0.9953 0.0964 -0.0000
vn 0.8630 0.0836 -0.4982
vn 0.9989 0.0472 -0.0000
vn 1.0000 -0.0011 -0.0000
vn 0.8661 0.0409 -0.4983
vn 0.8670 -0.0010 -0.4983
vn 0.5024 0.0237 -0.8643
vn 0.5029 -0.0006 -0.8643
vn 0.0040 0.0002 -1.0000
vn 0.5007 0.0485 -0.8642
vn 0.0041 0.0004 -1.0000
vn 0.4977 0.0737 -0.8642
vn 0.8577 0.1271 -0.4982
vn 0.0042 0.0006 -1.0000
vn -0.4915 -0.0728 -0.8678
vn 0.0043 0.0009 -1.0000
vn -0.4869 -0.0982 -0.8679
vn -0.8479 -0.1710 -0.5019
vn -0.4809 -0.1241 -0.8680
vn -0.8375 -0.2161 -0.5019
vn -0.4732 -0.1504 -0.8680
vn -0.9803 -0.1977 -0.0000
vn -0.8556 -0.1267 -0.5018
vn -0.8610 -0.0833 -0.5018
vn -0.9892 -0.1465 -0.0000
vn -0.9953 -0.0963 -0.0000
vn -0.8556 -0.1267 0.5018
vn -0.8610 -0.0833 0.5018
vn -0.4946 -0.0479 0.8678
vn -0.8641 -0.0408 0.5017
vn -0.8650 0.0010 0.5017
vn -0.9989 -0.0471 -0.0000
vn -0.4964 -0.0234 0.8678
vn 0.0040 0.0002 1.0000
vn -0.4970 0.0006 0.8677
vn -0.4965 0.0241 0.8677
vn 0.0039 -0.0000 1.0000
vn 0.0038 -0.0002 1.0000
vn 0.5029 -0.0006 0.8643
vn 0.5023 -0.0243 0.8644
vn 0.8670 -0.0010 0.4983
vn 0.5024 0.0237 0.8643
vn 0.8660 -0.0420 0.4983
vn 0.9988 -0.0484 -0.0000
vn 0.8631 -0.0819 0.4984
vn 0.8585 -0.1208 0.4984
vn 0.5006 -0.0475 0.8644
vn 0.9955 -0.0945 -0.0000
vn 0.8631 -0.0819 -0.4984
vn 0.9902 -0.1393 -0.0000
vn 0.9832 -0.1827 -0.0000
vn 0.8585 -0.1208 -0.4984
vn 0.8523 -0.1584 -0.4985
vn 0.4978 -0.0700 -0.8644
vn 0.4942 -0.0918 -0.8645
vn 0.0036 -0.0005 -1.0000
vn 0.5006 -0.0475 -0.8644
vn 0.0037 -0.0004 -1.0000
vn 0.5023 -0.0243 -0.8644
vn 0.8660 -0.0420 -0.4983
vn 0.0038 -0.0002 -1.0000
vn -0.4965 0.0241 -0.8677
vn 0.0039 -0.0000 -1.0000
vn -0.4970 0.0006 -0.8677
vn -0.8650 0.0010 -0.5017
vn -0.4964 -0.0234 -0.8678
vn -0.8641 -0.0408 -0.5017
vn -0.4946 -0.0479 -0.8678
vn -1.0000 0.0012 -0.0000
vn -0.8640 0.0419 -0.5017
vn -0.8612 0.0818 -0.5016
vn -0.9988 0.0484 -0.0000
vn -0.9955 0.0946 -0.0000
vn -0.8640 0.0419 0.5017
vn -0.8612 0.0818 0.5016
vn -0.4949 0.0470 0.8677
vn -0.8567 0.1206 0.5016
vn -0.8506 0.1581 0.5016
vn -0.9902 0.1394 -0.0000
vn -0.4924 0.0693 0.8676
vn 0.0036 -0.0005 1.0000
vn -0.4889 0.0909 0.8676
vn -0.4847 0.1117 0.8675
vn 0.0035 -0.0007 1.0000
vn 0.0034 -0.0008 1.0000
vn 0.4942 -0.0918 0.8645
vn 0.4898 -0.1129 0.8645
vn 0.8523 -0.1584 0.4985
vn 0.4978 -0.0700 0.8644
vn 0.8447 -0.1947 0.4985
vn 0.9745 -0.2246 -0.0000
vn 0.8359 -0.2297 0.4985
vn 0.8259 -0.2634 0.4986
vn 0.4846 -0.1332 0.8646
vn 0.9643 -0.2650 -0.0000
vn 0.8359 -0.2297 -0.4985
vn 0.9527 -0.3038 -0.0000
vn 0.9400 -0.3411 -0.0000
vn 0.8259 -0.2634 -0.4986
vn 0.8148 -0.2957 -0.4986
vn 0.4787 -0.1527 -0.8646
vn 0.4723 -0.1714 -0.8646
vn 0.0031 -0.0010 -1.0000
vn 0.4846 -0.1332 -0.8646
vn 0.0033 -0.0009 -1.0000
vn 0.4898 -0.1129 -0.8645
vn 0.8447 -0.1947 -0.4985
vn 0.0034 -0.0008 -1.0000
vn -0.4847 0.1117 -0.8675
vn 0.0035 -0.0007 -1.0000
vn -0.4889 0.0909 -0.8676
vn -0.8506 0.1581 -0.5016
vn -0.4924 0.0693 -0.8676
vn -0.8567 0.1206 -0.5016
vn -0.4949 0.0470 -0.8677
vn -0.9832 0.1827 -0.0000
vn -0.8430 0.1944 -0.5015
vn -0.8342 0.2293 -0.5015
vn -0.9744 0.2246 -0.0000
vn -0.9642 0.2650 -0.0000
vn -0.8430 0.1944 0.5015
vn -0.8342 0.2293 0.5015
vn -0.4797 0.1318 0.8675
vn -0.8243 0.2629 0.5014
vn -0.8133 0.2952 0.5014
vn -0.9527 0.3039 -0.0000
vn -0.4740 0.1512 0.8674
vn 0.0031 -0.0010 1.0000
vn -0.4677 0.1698 0.8674
vn -0.4609 0.1876 0.8674
vn 0.0030 -0.0011 1.0000
vn 0.0029 -0.0012 1.0000
vn 0.4723 -0.1714 0.8646
vn 0.4653 -0.1893 0.8647
vn 0.8148 -0.2957 0.4986
vn 0.4787 -0.1527 0.8646
vn 0.8029 -0.3267 0.4987
vn 0.9262 -0.3769 -0.0000
vn 0.7901 -0.3565 0.4987
vn 0.7766 -0.3850 0.4987
vn 0.4578 -0.2066 0.8647
vn 0.9115 -0.4112 -0.0000
vn 0.7901 -0.3565 -0.4987
vn 0.8960 -0.4441 -0.0000
vn 0.8796 -0.4757 -0.0000
vn 0.7766 -0.3850 -0.4987
vn 0.7624 -0.4123 -0.4988
vn 0.4500 -0.2231 -0.8647
vn 0.4417 -0.2389 -0.8648
vn 0.0026 -0.0013 -1.0000
vn 0.4578 -0.2066 -0.8647
vn 0.0028 -0.0012 -1.0000
vn 0.4653 -0.1893 -0.8647
vn 0.8029 -0.3267 -0.4987
vn 0.0029 -0.0012 -1.0000
vn -0.4609 0.1876 -0.8674
vn 0.0030 -0.0011 -1.0000
vn -0.4677 0.1698 -0.8674
vn -0.8133 0.2952 -0.5014
vn -0.4740 0.1512 -0.8674
vn -0.8243 0.2629 -0.5014
vn -0.4797 0.1318 -0.8675
vn -0.9400 0.3412 -0.0000
vn -0.8014 0.3262 -0.5014
vn -0.7887 0.3559 -0.5013
vn -0.9262 0.3770 -0.0000
vn -0.9115 0.4113 -0.0000
vn -0.8014 0.3262 0.5014
vn -0.7887 0.3559 0.5013
vn -0.4537 0.2047 0.8673
vn -0.7752 0.3843 0.5013
vn -0.7611 0.4116 0.5013
vn -0.8959 0.4442 -0.0000
vn -0.4460 0.2211 0.8673
vn 0.0026 -0.0013 1.0000
vn -0.4379 0.2368 0.8673
vn -0.4295 0.2519 0.8672
vn 0.0025 -0.0014 1.0000
vn 0.0024 -0.0014 1.0000
vn 0.4417 -0.2389 0.8648
vn 0.4331 -0.2540 0.8648
vn 0.7624 -0.4123 0.4988
vn 0.4500 -0.2230 0.8647
vn 0.7476 -0.4385 0.4988
vn 0.8626 -0.5059 -0.0000
vn 0.7323 -0.4636 0.4988
vn 0.7165 -0.4877 0.4988
vn 0.4242 -0.2685 0.8648
vn 0.8449 -0.5349 -0.0000
vn 0.7323 -0.4636 -0.4988
vn 0.8266 -0.5627 -0.0000
vn 0.8077 -0.5895 -0.0000
vn 0.7165 -0.4877 -0.4988
vn 0.7001 -0.5109 -0.4988
vn 0.4150 -0.2825 -0.8648
vn 0.4055 -0.2959 -0.8649
vn 0.0022 -0.0015 -1.0000
vn 0.4242 -0.2685 -0.8648
vn 0.0023 -0.0015 -1.0000
vn 0.4331 -0.2540 -0.8648
vn 0.7476 -0.4385 -0.4988
vn 0.0024 -0.0014 -1.0000
vn -0.4295 0.2519 -0.8672
vn 0.0025 -0.0014 -1.0000
vn -0.4379 0.2368 -0.8673
vn -0.7611 0.4116 -0.5013
vn -0.4460 0.2211 -0.8673
vn -0.7752 0.3843 -0.5013
vn -0.4537 0.2047 -0.8673
vn -0.8796 0.4757 -0.0000
vn -0.7464 0.4378 -0.5012
vn -0.7311 0.4629 -0.5012
vn -0.8626 0.5059 -0.0000
vn -0.8449 0.5349 -0.0000
vn -0.7464 0.4378 0.5012
vn -0.7311 0.4629 0.5012
vn -0.4207 0.2663 0.8672
vn -0.7153 0.4870 0.5012
vn -0.6990 0.5102 0.5012
vn -0.8266 0.5627 -0.0000
vn -0.4116 0.2802 0.8672
vn 0.0022 -0.0015 1.0000
vn -0.4022 0.2936 0.8672
vn -0.3925 0.3065 0.8672
vn 0.0022 -0.0016 1.0000
vn 0.0021 -0.0016 1.0000
vn 0.4055 -0.2959 0.8649
vn 0.3957 -0.3089 0.8649
vn 0.7001 -0.5109 0.4988
vn 0.4150 -0.2825 0.8648
vn 0.6831 -0.5333 0.4989
vn 0.7882 -0.6154 -0.0000
vn 0.6657 -0.5550 0.4989
vn 0.6476 -0.5759 0.4989
vn 0.3856 -0.3214 0.8649
vn 0.7681 -0.6404 -0.0000
vn 0.6657 -0.5550 -0.4989
vn 0.7473 -0.6645 -0.0000
vn 0.7258 -0.6879 -0.0000
vn 0.6476 -0.5759 -0.4989
vn 0.6290 -0.5962 -0.4989
vn 0.3751 -0.3336 -0.8649
vn 0.3643 -0.3453 -0.8649
vn 0.0020 -0.0017 -1.0000
vn 0.3856 -0.3214 -0.8649
vn 0.3957 -0.3089 -0.8649
vn 0.6831 -0.5333 -0.4989
vn 0.0021 -0.0016 -1.0000
vn -0.3925 0.3065 -0.8672
vn 0.0022 -0.0016 -1.0000
vn -0.4022 0.2936 -0.8672
vn -0.6990 0.5102 -0.5012
vn -0.4116 0.2802 -0.8672
vn -0.7153 0.4870 -0.5012
vn -0.4207 0.2663 -0.8672
vn -0.8077 0.5895 -0.0000
vn -0.6821 0.5325 -0.5012
vn -0.6647 0.5541 -0.5011
vn -0.7882 0.6154 -0.0000
vn -0.7681 0.6404 -0.0000
vn -0.6821 0.5325 0.5012
vn -0.6647 0.5541 0.5011
vn -0.3825 0.3189 0.8672
vn -0.6467 0.5751 0.5011
vn -0.6281 0.5953 0.5011
vn -0.7473 0.6645 -0.0000
vn -0.3722 0.3310 0.8672
vn 0.0020 -0.0017 1.0000
vn -0.3615 0.3426 0.8672
vn -0.3505 0.3538 0.8671
vn 0.0019 -0.0018 1.0000
vn 0.0018 -0.0018 1.0000
vn 0.3643 -0.3453 0.8649
vn 0.3532 -0.3566 0.8649
vn 0.6290 -0.5962 0.4989
vn 0.3751 -0.3336 0.8649
vn 0.6099 -0.6157 0.4989
vn 0.7038 -0.7104 -0.0000
vn 0.5904 -0.6345 0.4989
vn 0.5705 -0.6523 0.4989
vn 0.3419 -0.3674 0.8649
vn 0.6812 -0.7321 -0.0000
vn 0.5904 -0.6345 -0.4989
vn 0.6583 -0.7527 -0.0000
vn 0.6354 -0.7722 -0.0000
vn 0.5705 -0.6523 -0.4989
vn 0.5506 -0.6692 -0.4989
vn 0.3304 -0.3778 -0.8649
vn 0.3188 -0.3875 -0.8650
vn 0.0017 -0.0019 -1.0000
vn 0.3419 -0.3674 -0.8649
vn 0.3532 -0.3566 -0.8649
vn 0.6099 -0.6157 -0.4989
vn 0.0018 -0.0018 -1.0000
vn -0.3505 0.3538 -0.8671
vn 0.0019 -0.0018 -1.0000
vn -0.3615 0.3426 -0.8672
vn -0.6281 0.5953 -0.5011
vn -0.3722 0.3310 -0.8672
vn -0.6467 0.5751 -0.5011
vn -0.3825 0.3189 -0.8672
vn -0.7258 0.6879 -0.0000
vn -0.6090 0.6148 -0.5011
vn -0.5895 0.6335 -0.5011
vn -0.7038 0.7104 -0.0000
vn -0.6812 0.7321 -0.0000
vn -0.6090 0.6148 0.5011
vn -0.5895 0.6335 0.5011
vn -0.3393 0.3646 0.8671
vn -0.5697 0.6514 0.5011
vn -0.5498 0.6683 0.5011
vn -0.6583 0.7527 -0.0000
vn -0.3279 0.3749 0.8671
vn 0.0017 -0.0019 1.0000
vn -0.3165 0.3847 0.8671
vn -0.3052 0.3938 0.8670
vn 0.0016 -0.0019 1.0000
vn 0.0014 -0.0019 1.0000
vn 0.3188 -0.3875 0.8650
vn 0.3074 -0.3966 0.8650
vn 0.5506 -0.6692 0.4989
vn 0.3304 -0.3778 0.8649
vn 0.5309 -0.6850 0.4990
vn 0.6126 -0.7904 -0.0000
vn 0.5117 -0.6994 0.4990
vn 0.4933 -0.7124 0.4991
vn 0.2962 -0.4049 0.8651
vn 0.5904 -0.8071 -0.0000
vn 0.5117 -0.6994 -0.4990
vn 0.5693 -0.8221 -0.0000
vn 0.5498 -0.8353 -0.0000
vn 0.4933 -0.7124 -0.4991
vn 0.4764 -0.7238 -0.4992
vn 0.2855 -0.4123 -0.8651
vn 0.2756 -0.4188 -0.8652
vn 0.0012 -0.0017 -1.0000
vn 0.2962 -0.4049 -0.8651
vn 0.0013 -0.0018 -1.0000
vn 0.3074 -0.3966 -0.8650
vn 0.5309 -0.6850 -0.4990
vn 0.0014 -0.0019 -1.0000
vn -0.3052 0.3938 -0.8670
vn 0.0016 -0.0019 -1.0000
vn -0.3165 0.3847 -0.8671
vn -0.5498 0.6683 -0.5011
vn -0.3279 0.3749 -0.8671
vn -0.5697 0.6514 -0.5011
vn -0.3393 0.3646 -0.8671
vn -0.6353 0.7722 -0.0000
vn -0.5301 0.6841 -0.5010
vn -0.5110 0.6985 -0.5010
vn -0.6126 0.7904 -0.0000
vn -0.5904 0.8071 -0.0000
vn -0.5301 0.6841 0.5010
vn -0.5110 0.6985 0.5010
vn -0.2942 0.4022 0.8670
vn -0.4927 0.7116 0.5009
vn -0.4758 0.7230 0.5008
vn -0.5693 0.8222 -0.0000
vn -0.2838 0.4098 0.8669
vn 0.0012 -0.0017 1.0000
vn -0.2741 0.4165 0.8668
vn -0.2655 0.4223 0.8667
vn 0.0010 -0.0015 1.0000
vn 0.0008 -0.0013 1.0000
vn 0.2756 -0.4188 0.8652
vn 0.2668 -0.4243 0.8653
vn 0.4764 -0.7238 0.4992
vn 0.2855 -0.4123 0.8651
vn 0.4613 -0.7334 0.4993
vn 0.5324 -0.8465 -0.0000
vn 0.4485 -0.7412 0.4995
vn 0.4385 -0.7471 0.4996
vn 0.2593 -0.4286 0.8655
vn 0.5177 -0.8556 -0.0000
vn 0.4485 -0.7412 -0.4994
vn 0.5062 -0.8624 -0.0000
vn 0.4984 -0.8670 -0.0000
vn 0.4385 -0.7471 -0.4996
vn 0.4317 -0.7509 -0.4998
vn 0.2534 -0.4318 -0.8656
vn 0.2494 -0.4338 -0.8658
vn 0.0005 -0.0008 -1.0000
vn 0.2593 -0.4286 -0.8655
vn 0.0007 -0.0011 -1.0000
vn 0.2668 -0.4243 -0.8653
vn 0.4613 -0.7334 -0.4993
vn 0.0008 -0.0013 -1.0000
vn -0.2655 0.4223 -0.8667
vn 0.0010 -0.0015 -1.0000
vn -0.2741 0.4165 -0.8668
vn -0.4758 0.7230 -0.5008
vn -0.2838 0.4098 -0.8669
vn -0.4927 0.7116 -0.5009
vn -0.2942 0.4022 -0.8670
vn -0.5497 0.8354 -0.0000
vn -0.4608 0.7328 -0.5007
vn -0.4481 0.7407 -0.5006
vn -0.5323 0.8466 -0.0000
vn -0.5176 0.8556 -0.0000
vn -0.4608 0.7328 0.5007
vn -0.4481 0.7407 0.5006
vn -0.2583 0.4270 0.8666
vn -0.4382 0.7467 0.5004
vn -0.4315 0.7507 0.5002
vn -0.5061 0.8625 -0.0000
vn -0.2527 0.4306 0.8664
vn 0.0005 -0.0008 1.0000
vn -0.2490 0.4331 0.8663
vn -0.2472 0.4345 0.8661
vn 0.0003 -0.0005 1.0000
vn 0.0001 -0.0001 1.0000
vn 0.2494 -0.4338 0.8658
vn 0.2473 -0.4347 0.8660
vn 0.4317 -0.7509 0.4998
vn 0.2534 -0.4318 0.8656
vn 0.4283 -0.7527 0.4999
vn 0.4946 -0.8691 -0.0000
vn 0.4286 -0.7525 0.5001
vn 0.4324 -0.7502 0.5003
vn 0.2474 -0.4343 0.8661
vn 0.4949 -0.8689 -0.0000
vn 0.4286 -0.7525 -0.5001
vn 0.4994 -0.8664 -0.0000
vn 0.5076 -0.8616 -0.0000
vn 0.4324 -0.7502 -0.5003
vn 0.4394 -0.7460 -0.5004
vn 0.2495 -0.4328 -0.8663
vn 0.2534 -0.4302 -0.8664
vn -0.0003 0.0005 -1.0000
vn 0.2474 -0.4343 -0.8661
vn -0.0001 0.0002 -1.0000
vn 0.2473 -0.4347 -0.8660
vn 0.4283 -0.7527 -0.4999
vn 0.0001 -0.0001 -1.0000
vn -0.2472 0.4345 -0.8661
vn 0.0003 -0.0005 -1.0000
vn -0.2490 0.4331 -0.8663
vn -0.4315 0.7507 -0.5002
vn -0.2527 0.4306 -0.8664
vn -0.4382 0.7467 -0.5004
vn -0.2583 0.4270 -0.8666
vn -0.4983 0.8670 -0.0000
vn -0.4283 0.7527 -0.5001
vn -0.4287 0.7526 -0.4999
vn -0.4946 0.8691 -0.0000
vn -0.4950 0.8689 -0.0000
vn -0.4283 0.7527 0.5001
vn -0.4287 0.7526 0.4999
vn -0.2476 0.4346 0.8659
vn -0.4326 0.7504 0.4997
vn -0.4397 0.7464 0.4996
vn -0.4994 0.8664 -0.0000
vn -0.2499 0.4336 0.8658
vn -0.0003 0.0005 1.0000
vn -0.2542 0.4314 0.8656
vn -0.2601 0.4281 0.8655
vn -0.0005 0.0008 1.0000
vn -0.0007 0.0011 1.0000
vn 0.2534 -0.4302 0.8664
vn 0.2591 -0.4265 0.8666
vn 0.4394 -0.7460 0.5004
vn 0.2495 -0.4328 0.8663
vn 0.4495 -0.7399 0.5006
vn 0.5192 -0.8547 -0.0000
vn 0.4622 -0.7319 0.5007
vn 0.4773 -0.7221 0.5008
vn 0.2663 -0.4218 0.8667
vn 0.5339 -0.8455 -0.0000
vn 0.4622 -0.7319 -0.5007
vn 0.5514 -0.8342 -0.0000
vn 0.5713 -0.8207 -0.0000
vn 0.4773 -0.7221 -0.5008
vn 0.4945 -0.7103 -0.5009
vn 0.2749 -0.4160 -0.8668
vn 0.2848 -0.4090 -0.8669
vn -0.0010 0.0015 -1.0000
vn 0.2663 -0.4218 -0.8667
vn -0.0008 0.0013 -1.0000
vn 0.2591 -0.4265 -0.8666
vn 0.4495 -0.7399 -0.5006
vn -0.0007 0.0011 -1.0000
vn -0.2601 0.4281 -0.8655
vn -0.0005 0.0008 -1.0000
vn -0.2542 0.4314 -0.8656
vn -0.4397 0.7464 -0.4996
vn -0.2499 0.4336 -0.8658
vn -0.4326 0.7504 -0.4997
vn -0.2476 0.4346 -0.8659
vn -0.5076 0.8616 -0.0000
vn -0.4498 0.7404 -0.4994
vn -0.4626 0.7326 -0.4993
vn -0.5192 0.8546 -0.0000
vn -0.5340 0.8455 -0.0000
vn -0.4498 0.7404 0.4994
vn -0.4626 0.7326 0.4993
vn -0.2676 0.4238 0.8653
vn -0.4778 0.7228 0.4992
vn -0.4952 0.7112 0.4991
vn -0.5515 0.8342 -0.0000
vn -0.2765 0.4183 0.8652
vn -0.0010 0.0015 1.0000
vn -0.2866 0.4116 0.8651
vn -0.2978 0.4038 0.8650
vn -0.0012 0.0017 1.0000
vn -0.0014 0.0019 1.0000
vn 0.2848 -0.4090 0.8669
vn 0.2957 -0.4010 0.8671
vn 0.4945 -0.7103 0.5009
vn 0.2749 -0.4160 0.8668
vn 0.5137 -0.6965 0.5010
vn 0.5935 -0.8048 -0.0000
vn 0.5346 -0.6805 0.5011
vn 0.5572 -0.6620 0.5013
vn 0.3077 -0.3916 0.8672
vn 0.6178 -0.7864 -0.0000
vn 0.5346 -0.6805 -0.5011
vn 0.6440 -0.7651 -0.0000
vn 0.6720 -0.7406 -0.0000
vn 0.5572 -0.6620 -0.5013
vn 0.5814 -0.6408 -0.5014
vn 0.3206 -0.3808 -0.8673
vn 0.3344 -0.3685 -0.8674
vn -0.0019 0.0022 -1.0000
vn 0.3077 -0.3916 -0.8672
vn -0.0016 0.0021 -1.0000
vn 0.2957 -0.4010 -0.8671
vn 0.5137 -0.6965 -0.5010
vn -0.0014 0.0019 -1.0000
vn -0.2979 0.4038 -0.8650
vn -0.0012 0.0017 -1.0000
vn -0.2866 0.4116 -0.8651
vn -0.4952 0.7112 -0.4991
vn -0.2765 0.4183 -0.8652
vn -0.4778 0.7228 -0.4992
vn -0.2676 0.4238 -0.8653
vn -0.5714 0.8207 -0.0000
vn -0.5144 0.6974 -0.4990
vn -0.5355 0.6815 -0.4989
vn -0.5936 0.8048 -0.0000
vn -0.6179 0.7863 -0.0000
vn -0.5144 0.6974 0.4990
vn -0.5355 0.6815 0.4989
vn -0.3101 0.3947 0.8649
vn -0.5582 0.6631 0.4987
vn -0.5826 0.6419 0.4986
vn -0.6440 0.7650 -0.0000
vn -0.3234 0.3842 0.8648
vn -0.0019 0.0022 1.0000
vn -0.3376 0.3720 0.8646
vn -0.3528 0.3580 0.8645
vn -0.0022 0.0024 1.0000
vn -0.0025 0.0025 1.0000
vn 0.3344 -0.3685 0.8674
vn 0.3490 -0.3543 0.8676
vn 0.5814 -0.6408 0.5014
vn 0.3206 -0.3808 0.8673
vn 0.6071 -0.6163 0.5015
vn 0.7018 -0.7124 -0.0000
vn 0.6343 -0.5882 0.5017
vn 0.6628 -0.5557 0.5019
vn 0.3645 -0.3380 0.8677
vn 0.7332 -0.6800 -0.0000
vn 0.6343 -0.5882 -0.5017
vn 0.7663 -0.6425 -0.0000
vn 0.8007 -0.5991 -0.0000
vn 0.6628 -0.5557 -0.5019
vn 0.6925 -0.5181 -0.5021
vn 0.3807 -0.3191 -0.8679
vn 0.3975 -0.2973 -0.8681
vn -0.0033 0.0028 -1.0000
vn 0.3645 -0.3380 -0.8677
vn -0.0029 0.0026 -1.0000
vn 0.3490 -0.3543 -0.8676
vn 0.6071 -0.6163 -0.5015
vn -0.0025 0.0025 -1.0000
vn -0.3528 0.3580 -0.8645
vn -0.0022 0.0024 -1.0000
vn -0.3376 0.3720 -0.8646
vn -0.5826 0.6419 -0.4986
vn -0.3234 0.3842 -0.8648
vn -0.5582 0.6631 -0.4987
vn -0.3101 0.3947 -0.8649
vn -0.6721 0.7405 -0.0000
vn -0.6085 0.6175 -0.4985
vn -0.6358 0.5894 -0.4983
vn -0.7019 0.7123 -0.0000
vn -0.7334 0.6798 -0.0000
vn -0.6085 0.6175 0.4985
vn -0.6358 0.5894 0.4983
vn -0.3688 0.3419 0.8643
vn -0.6646 0.5569 0.4981
vn -0.6945 0.5193 0.4979
vn -0.7665 0.6423 -0.0000
vn -0.3857 0.3232 0.8642
vn -0.0033 0.0028 1.0000
vn -0.4033 0.3016 0.8639
vn -0.4215 0.2763 0.8637
vn -0.0039 0.0029 1.0000
vn -0.0045 0.0029 1.0000
vn 0.3975 -0.2973 0.8681
vn 0.4147 -0.2720 0.8683
vn 0.6925 -0.5181 0.5021
vn 0.3807 -0.3191 0.8679
vn 0.7230 -0.4743 0.5023
vn 0.8361 -0.5486 -0.0000
vn 0.7537 -0.4234 0.5026
vn 0.7837 -0.3646 0.5029
vn 0.4320 -0.2427 0.8686
vn 0.8718 -0.4898 -0.0000
vn 0.7537 -0.4234 -0.5026
vn 0.9067 -0.4219 -0.0000
vn 0.9387 -0.3447 -0.0000
vn 0.7837 -0.3646 -0.5029
vn 0.8113 -0.2979 -0.5031
vn 0.4488 -0.2088 -0.8689
vn 0.4643 -0.1704 -0.8691
vn -0.0060 0.0028 -1.0000
vn 0.4320 -0.2427 -0.8686
vn -0.0052 0.0029 -1.0000
vn 0.4147 -0.2720 -0.8683
vn 0.7230 -0.4743 -0.5023
vn -0.0045 0.0029 -1.0000
vn -0.4215 0.2763 -0.8637
vn -0.0039 0.0029 -1.0000
vn -0.4033 0.3016 -0.8639
vn -0.6945 0.5193 -0.4979
vn -0.3857 0.3232 -0.8642
vn -0.6646 0.5569 -0.4981
vn -0.3688 0.3419 -0.8643
vn -0.8009 0.5988 -0.0000
vn -0.7254 0.4755 -0.4977
vn -0.7565 0.4246 -0.4974
vn -0.8363 0.5482 -0.0000
vn -0.8721 0.4894 -0.0000
vn -0.7254 0.4755 0.4977
vn -0.7565 0.4246 0.4974
vn -0.4399 0.2469 0.8634
vn -0.7869 0.3656 0.4972
vn -0.8148 0.2987 0.4969
vn -0.9069 0.4214 -0.0000
vn -0.4579 0.2128 0.8632
vn -0.0060 0.0028 1.0000
vn -0.4744 0.1740 0.8629
vn -0.4884 0.1309 0.8627
vn -0.0067 0.0024 1.0000
vn -0.0074 0.0020 1.0000
vn 0.4643 -0.1704 0.8691
vn 0.4774 -0.1281 0.8693
vn 0.8113 -0.2979 0.5031
vn 0.4488 -0.2088 0.8689
vn 0.8346 -0.2239 0.5033
vn 0.9658 -0.2592 -0.0000
vn 0.8519 -0.1441 0.5035
vn 0.8619 -0.0599 0.5036
vn 0.4871 -0.0823 0.8695
vn 0.9860 -0.1668 -0.0000
vn 0.8519 -0.1441 -0.5035
vn 0.9976 -0.0693 -0.0000
vn 0.9995 0.0310 -0.0000
vn 0.8619 -0.0599 -0.5036
vn 0.8635 0.0268 -0.5036
vn 0.4926 -0.0342 -0.8696
vn 0.4935 0.0153 -0.8696
vn -0.0082 0.0006 -1.0000
vn 0.4871 -0.0823 -0.8695
vn -0.0078 0.0013 -1.0000
vn 0.4774 -0.1281 -0.8693
vn 0.8346 -0.2239 -0.5033
vn -0.0074 0.0020 -1.0000
vn -0.4884 0.1309 -0.8627
vn -0.0067 0.0024 -1.0000
vn -0.4744 0.1740 -0.8629
vn -0.8148 0.2987 -0.4969
vn -0.4579 0.2128 -0.8632
vn -0.7869 0.3656 -0.4972
vn -0.4399 0.2469 -0.8634
vn -0.9389 0.3442 -0.0000
vn -0.8383 0.2246 -0.4967
vn -0.8559 0.1445 -0.4966
vn -0.9659 0.2588 -0.0000
vn -0.9860 0.1665 -0.0000
vn -0.8383 0.2246 0.4967
vn -0.8559 0.1445 0.4966
vn -0.4989 0.0842 0.8626
vn -0.8660 0.0600 0.4965
vn -0.8677 -0.0270 0.4964
vn -0.9976 0.0691 -0.0000
vn -0.5049 0.0350 0.8625
vn -0.0082 0.0006 1.0000
vn -0.5059 -0.0157 0.8624
vn -0.5018 -0.0668 0.8624
vn -0.0083 -0.0003 1.0000
vn -0.0083 -0.0011 1.0000
vn 0.4935 0.0153 0.8696
vn 0.4894 0.0652 0.8696
vn 0.8635 0.0268 0.5036
vn 0.4926 -0.0342 0.8696
vn 0.8563 0.1141 0.5037
vn 0.9912 0.1320 -0.0000
vn 0.8404 0.2002 0.5036
vn 0.8160 0.2837 0.5036
vn 0.4803 0.1144 0.8696
vn 0.9728 0.2317 -0.0000
vn 0.8404 0.2002 -0.5036
vn 0.9445 0.3284 -0.0000
vn 0.9071 0.4209 -0.0000
vn 0.8160 0.2837 -0.5036
vn 0.7837 0.3636 -0.5036
vn 0.4664 0.1622 -0.8696
vn 0.4480 0.2078 -0.8696
vn -0.0078 -0.0027 -1.0000
vn 0.4803 0.1144 -0.8696
vn -0.0081 -0.0019 -1.0000
vn 0.4893 0.0652 -0.8696
vn 0.8563 0.1141 -0.5037
vn -0.0083 -0.0011 -1.0000
vn -0.5018 -0.0668 -0.8624
vn -0.0083 -0.0003 -1.0000
vn -0.5059 -0.0157 -0.8624
vn -0.8677 -0.0270 -0.4964
vn -0.5049 0.0350 -0.8625
vn -0.8660 0.0600 -0.4965
vn -0.4989 0.0842 -0.8626
vn -0.9995 -0.0311 -0.0000
vn -0.8605 -0.1146 -0.4964
vn -0.8445 -0.2011 -0.4964
vn -0.9912 -0.1320 -0.0000
vn -0.9728 -0.2317 -0.0000
vn -0.8605 -0.1146 0.4964
vn -0.8445 -0.2011 0.4964
vn -0.4924 -0.1173 0.8624
vn -0.8199 -0.2850 0.4965
vn -0.7874 -0.3653 0.4965
vn -0.9446 -0.3284 -0.0000
vn -0.4781 -0.1662 0.8625
vn -0.0078 -0.0027 1.0000
vn -0.4591 -0.2130 0.8625
vn -0.4358 -0.2572 0.8625
vn -0.0074 -0.0034 1.0000
vn -0.0070 -0.0041 1.0000
vn 0.4480 0.2078 0.8696
vn 0.4253 0.2510 0.8695
vn 0.7837 0.3636 0.5036
vn 0.4664 0.1622 0.8696
vn 0.7440 0.4392 0.5035
vn 0.8612 0.5083 -0.0000
vn 0.6974 0.5099 0.5035
vn 0.6442 0.5757 0.5035
vn 0.3987 0.2915 0.8695
vn 0.8072 0.5902 -0.0000
vn 0.6974 0.5099 -0.5035
vn 0.7456 0.6664 -0.0000
vn 0.6763 0.7366 -0.0000
vn 0.6442 0.5757 -0.5035
vn 0.5843 0.6364 -0.5036
vn 0.3683 0.3291 -0.8695
vn 0.3340 0.3638 -0.8696
vn -0.0060 -0.0054 -1.0000
vn 0.3987 0.2915 -0.8695
vn -0.0065 -0.0048 -1.0000
vn 0.4253 0.2510 -0.8695
vn 0.7440 0.4392 -0.5035
vn -0.0070 -0.0041 -1.0000
vn -0.4358 -0.2572 -0.8625
vn -0.0074 -0.0034 -1.0000
vn -0.4591 -0.2130 -0.8625
vn -0.7874 -0.3653 -0.4965
vn -0.4781 -0.1662 -0.8625
vn -0.8199 -0.2850 -0.4965
vn -0.4924 -0.1173 -0.8624
vn -0.9071 -0.4208 -0.0000
vn -0.7475 -0.4412 -0.4965
vn -0.7007 -0.5123 -0.4965
vn -0.8612 -0.5083 -0.0000
vn -0.8073 -0.5902 -0.0000
vn -0.7475 -0.4412 0.4965
vn -0.7007 -0.5123 0.4965
vn -0.4085 -0.2986 0.8625
vn -0.6472 -0.5785 0.4965
vn -0.5870 -0.6395 0.4965
vn -0.7456 -0.6664 -0.0000
vn -0.3773 -0.3372 0.8625
vn -0.0060 -0.0054 1.0000
vn -0.3422 -0.3728 0.8625
vn -0.3032 -0.4053 0.8624
vn -0.0055 -0.0060 1.0000
vn -0.0050 -0.0067 1.0000
vn 0.3340 0.3638 0.8696
vn 0.2958 0.3953 0.8696
vn 0.5843 0.6364 0.5036
vn 0.3683 0.3291 0.8695
vn 0.5176 0.6917 0.5036
vn 0.5992 0.8006 -0.0000
vn 0.4438 0.7411 0.5038
vn 0.3624 0.7840 0.5039
vn 0.2535 0.4234 0.8697
vn 0.5138 0.8579 -0.0000
vn 0.4438 0.7411 -0.5038
vn 0.4196 0.9077 -0.0000
vn 0.3167 0.9485 -0.0000
vn 0.3624 0.7840 -0.5039
vn 0.2735 0.8192 -0.5041
vn 0.2069 0.4477 -0.8699
vn 0.1561 0.4676 -0.8701
vn -0.0037 -0.0081 -1.0000
vn 0.2535 0.4234 -0.8697
vn -0.0044 -0.0074 -1.0000
vn 0.2958 0.3953 -0.8696
vn 0.5176 0.6917 -0.5036
vn -0.0050 -0.0067 -1.0000
vn -0.3033 -0.4053 -0.8624
vn -0.0055 -0.0060 -1.0000
vn -0.3422 -0.3728 -0.8625
vn -0.5870 -0.6395 -0.4965
vn -0.3773 -0.3372 -0.8625
vn -0.6472 -0.5785 -0.4965
vn -0.4085 -0.2986 -0.8625
vn -0.6763 -0.7367 -0.0000
vn -0.5200 -0.6951 -0.4964
vn -0.4458 -0.7449 -0.4963
vn -0.5990 -0.8007 -0.0000
vn -0.5135 -0.8581 -0.0000
vn -0.5200 -0.6951 0.4964
vn -0.4458 -0.7449 0.4963
vn -0.2601 -0.4345 0.8623
vn -0.3641 -0.7882 0.4962
vn -0.2747 -0.8237 0.4960
vn -0.4193 -0.9078 -0.0000
vn -0.2125 -0.4599 0.8622
vn -0.0037 -0.0081 1.0000
vn -0.1604 -0.4809 0.8620
vn -0.1041 -0.4964 0.8618
vn -0.0029 -0.0088 1.0000
vn -0.0020 -0.0095 1.0000
vn 0.1561 0.4676 0.8701
vn 0.1012 0.4822 0.8702
vn 0.2735 0.8192 0.5041
vn 0.2069 0.4477 0.8699
vn 0.1775 0.8451 0.5042
vn 0.2055 0.9787 -0.0000
vn 0.0751 0.8602 0.5044
vn -0.0332 0.8627 0.5046
vn 0.0428 0.4905 0.8704
vn 0.0870 0.9962 -0.0000
vn 0.0751 0.8602 -0.5044
vn -0.0384 0.9993 -0.0000
vn -0.1700 0.9855 -0.0000
vn -0.0332 0.8627 -0.5046
vn -0.1468 0.8506 -0.5049
vn -0.0190 0.4916 -0.8706
vn -0.0836 0.4843 -0.8709
vn 0.0004 -0.0106 -0.9999
vn 0.0428 0.4905 -0.8704
vn -0.0009 -0.0100 -0.9999
vn 0.1012 0.4822 -0.8702
vn 0.1775 0.8451 -0.5042
vn -0.0020 -0.0095 -1.0000
vn -0.1041 -0.4964 -0.8618
vn -0.0029 -0.0088 -1.0000
vn -0.1604 -0.4809 -0.8620
vn -0.2747 -0.8237 -0.4960
vn -0.2125 -0.4599 -0.8622
vn -0.3641 -0.7882 -0.4962
vn -0.2601 -0.4345 -0.8623
vn -0.3163 -0.9486 -0.0000
vn -0.1782 -0.8499 -0.4959
vn -0.0752 -0.8652 -0.4957
vn -0.2052 -0.9787 -0.0000
vn -0.0865 -0.9963 -0.0000
vn -0.1782 -0.8499 0.4959
vn -0.0752 -0.8652 0.4957
vn -0.0439 -0.5056 0.8617
vn 0.0339 -0.8680 0.4955
vn 0.1483 -0.8560 0.4952
vn 0.0390 -0.9992 -0.0000
vn 0.0198 -0.5075 0.8614
vn 0.0004 -0.0106 0.9999
vn 0.0867 -0.5009 0.8612
vn 0.1564 -0.4843 0.8608
vn 0.0019 -0.0111 0.9999
vn 0.0037 -0.0114 0.9999
vn -0.0836 0.4843 0.8709
vn -0.1506 0.4673 0.8712
vn -0.1468 0.8506 0.5049
vn -0.0190 0.4916 0.8706
vn -0.2646 0.8214 0.5052
vn -0.3065 0.9519 -0.0000
vn -0.3846 0.7723 0.5056
vn -0.5028 0.7008 0.5060
vn -0.2186 0.4388 0.8716
vn -0.4457 0.8952 -0.0000
vn -0.3846 0.7723 -0.5056
vn -0.5829 0.8125 -0.0000
vn -0.7116 0.7026 -0.0000
vn -0.5028 0.7008 -0.5060
vn -0.6137 0.6059 -0.5063
vn -0.2855 0.3978 -0.8719
vn -0.3481 0.3436 -0.8722
vn 0.0080 -0.0110 -0.9999
vn -0.2186 0.4388 -0.8716
vn 0.0057 -0.0114 -0.9999
vn -0.1506 0.4673 -0.8712
vn -0.2646 0.8214 -0.5052
vn 0.0037 -0.0114 -0.9999
vn 0.1564 -0.4843 -0.8608
vn 0.0019 -0.0111 -0.9999
vn 0.0867 -0.5009 -0.8612
vn 0.1483 -0.8560 -0.4952
vn 0.0198 -0.5075 -0.8614
vn 0.0339 -0.8680 -0.4955
vn -0.0439 -0.5056 -0.8617
vn 0.1707 -0.9853 -0.0000
vn 0.2671 -0.8269 -0.4949
vn 0.3881 -0.7777 -0.4945
vn 0.3074 -0.9516 -0.0000
vn 0.4465 -0.8948 -0.0000
vn 0.2671 -0.8269 0.4949
vn 0.3881 -0.7777 0.4945
vn 0.2274 -0.4559 0.8605
vn 0.5074 -0.7059 0.4942
vn 0.6190 -0.6106 0.4939
vn 0.5836 -0.8120 -0.0000
vn 0.2976 -0.4142 0.8601
vn 0.0080 -0.0110 0.9999
vn 0.3635 -0.3585 0.8599
vn 0.4205 -0.2899 0.8597
vn 0.0102 -0.0100 0.9999
vn 0.0120 -0.0083 0.9999
vn -0.3481 0.3436 0.8722
vn -0.4025 0.2775 0.8723
vn -0.6137 0.6059 0.5063
vn -0.2855 0.3978 0.8719
vn -0.7098 0.4895 0.5064
vn -0.8232 0.5677 -0.0000
vn -0.7847 0.3575 0.5064
vn -0.8344 0.2184 0.5061
vn -0.4450 0.2028 0.8723
vn -0.9100 0.4145 -0.0000
vn -0.7847 0.3575 -0.5064
vn -0.9674 0.2532 -0.0000
vn -0.8344 0.2184 -0.5061
vn -0.8589 0.0817 -0.5056
vn -0.4735 0.1240 -0.8720
vn -0.4881 0.0465 -0.8715
vn 0.0133 -0.0035 -0.9999
vn -0.4450 0.2028 -0.8723
vn 0.0131 -0.0060 -0.9999
vn -0.4025 0.2775 -0.8723
vn -0.7098 0.4895 -0.5064
vn 0.0120 -0.0083 -0.9999
vn 0.4205 -0.2899 -0.8597
vn 0.0102 -0.0100 -0.9999
vn 0.3635 -0.3585 -0.8599
vn 0.6190 -0.6106 -0.4939
vn 0.2976 -0.4142 -0.8601
vn 0.5074 -0.7059 -0.4942
vn 0.2274 -0.4559 -0.8605
vn 0.7120 -0.7022 -0.0000
vn 0.7159 -0.4936 -0.4938
vn 0.7912 -0.3607 -0.4939
vn 0.8233 -0.5676 -0.0000
vn 0.9099 -0.4149 -0.0000
vn 0.7159 -0.4936 0.4938
vn 0.7912 -0.3607 0.4939
vn 0.4646 -0.2118 0.8598
vn 0.8409 -0.2207 0.4941
vn 0.8652 -0.0829 0.4946
vn 0.9672 -0.2539 -0.0000
vn 0.4935 -0.1295 0.8601
vn 0.0133 -0.0035 0.9999
vn 0.5071 -0.0485 0.8605
vn 0.5079 0.0265 0.8610
vn 0.0127 -0.0012 0.9999
vn 0.0115 0.0006 0.9999
vn -0.4881 0.0465 0.8716
vn -0.4906 -0.0258 0.8710
vn -0.8589 0.0817 0.5056
vn -0.4735 0.1240 0.8720
vn -0.8619 -0.0454 0.5050
vn -0.9986 -0.0527 -0.0000
vn -0.8488 -0.1584 0.5045
vn -0.8249 -0.2560 0.5039
vn -0.4839 -0.0903 0.8704
vn -0.9830 -0.1835 -0.0000
vn -0.8488 -0.1584 -0.5045
vn -0.9551 -0.2964 -0.0000
vn -0.8249 -0.2560 -0.5039
vn -0.9454 0.3259 -0.0000
vn -0.8535 0.3626 0.3743
vn -0.8535 0.3626 -0.3743
vn -0.6006 0.4634 -0.6516
vn -0.6006 0.4634 0.6516
vn -0.2510 0.6029 -0.7573
vn -0.4711 -0.1462 -0.8699
vn 0.0086 0.0026 -1.0000
vn -0.4839 -0.0903 -0.8704
vn 0.0100 0.0019 -0.9999
vn -0.4906 -0.0258 -0.8710
vn -0.8619 -0.0454 -0.5050
vn 0.0115 0.0006 -0.9999
vn 0.5079 0.0265 -0.8610
vn 0.0127 -0.0012 -0.9999
vn 0.5071 -0.0485 -0.8605
vn 0.8652 -0.0829 -0.4946
vn 0.4935 -0.1295 -0.8601
vn 0.8409 -0.2207 -0.4941
vn 0.4646 -0.2118 -0.8598
vn 0.9954 -0.0954 -0.0000
vn 0.8677 0.0451 -0.4951
vn 0.8539 0.1589 -0.4956
vn 0.9987 0.0519 -0.0000
vn 0.9831 0.1830 -0.0000
vn 0.8677 0.0451 0.4951
vn 0.8539 0.1589 0.4956
vn 0.4990 0.0929 0.8616
vn 0.8293 0.2571 0.4961
vn 0.9552 0.2961 -0.0000
vn 0.4840 0.1500 0.8621
vn 0.3647 0.8489 0.3826
vn 0.3647 0.8489 -0.3826
vn 0.4610 0.8874 -0.0000
vn 0.1030 0.7443 0.6598
vn -0.2510 0.6029 0.7573
vn 0.1030 0.7443 -0.6598
vn 0.4839 0.1500 -0.8621
vn 0.8293 0.2571 -0.4961
vn 0.4990 0.0929 -0.8616
vn 0.0086 0.0026 1.0000
vn -0.4711 -0.1462 0.8699
vn 0.0100 0.0019 0.9999
vn 0.0131 -0.0060 0.9999
vn 0.0057 -0.0114 0.9999
vn -0.0009 -0.0100 0.9999
vn -0.0044 -0.0074 1.0000
vn -0.0065 -0.0048 1.0000
vn -0.0081 -0.0019 1.0000
vn -0.0078 0.0013 1.0000
vn -0.0052 0.0029 1.0000
vn -0.0029 0.0027 1.0000
vn -0.0016 0.0021 1.0000
vn -0.0008 0.0013 1.0000
vn -0.0001 0.0002 1.0000
vn 0.0007 -0.0011 1.0000
vn 0.0013 -0.0018 1.0000
vn 0.0023 -0.0015 1.0000
vn 0.0028 -0.0012 1.0000
vn 0.0033 -0.0009 1.0000
vn 0.0037 -0.0004 1.0000
vn 0.0041 0.0004 1.0000
vn 0.0044 0.0014 1.0000
vn 0.0043 0.0026 1.0000
vn 0.0035 0.0035 1.0000
vn 0.0022 0.0035 1.0000
vn 0.0019 0.0055 1.0000
vn -0.0001 0.0077 1.0000
vn -0.0033 0.0051 1.0000
vt 0.454545 0.000000
vt 0.000000 0.000000
vt 0.363636 0.000000
vt 0.090909 0.000000
vt 0.991597 0.083333
vt 1.000000 0.083333
vt 1.000000 0.000000
vt 0.991597 0.000000
vt 0.991597 1.000000
vt 1.000000 1.000000
vt 1.000000 0.916667
vt 0.991597 0.916667
vt 0.983193 1.000000
vt 0.983193 0.916667
vt 0.983193 0.083333
vt 0.983193 0.000000
vt 0.974790 0.083333
vt 0.974790 0.000000
vt 0.974790 1.000000
vt 0.974790 0.916667
vt 0.974790 0.166667
vt 0.983193 0.166667
vt 0.991597 0.166667
vt 0.974790 0.250000
vt 0.983193 0.250000
vt 0.991597 0.250000
vt 1.000000 0.166667
vt 1.000000 0.250000
vt 0.272727 0.000000
vt 0.181818 0.000000
vt 0.991597 0.333333
vt 1.000000 0.333333
vt 0.983193 0.333333
vt 0.983193 0.416667
vt 0.991597 0.416667
vt 1.000000 0.416667
vt 0.983193 0.500000
vt 0.991597 0.500000
vt 1.000000 0.500000
vt 0.983193 0.583333
vt 0.991597 0.583333
vt 1.000000 0.583333
vt 0.545455 0.000000
vt 0.909091 0.000000
vt 0.636364 0.000000
vt 0.818182 0.000000
vt 0.727273 0.000000
vt 0.991597 0.666667
vt 1.000000 0.666667
vt 0.991597 0.750000
vt 1.000000 0.750000
vt 0.983193 0.750000
vt 0.983193 0.666667
vt 0.974790 0.750000
vt 0.974790 0.666667
vt 0.974790 0.583333
vt 0.974790 0.833333
vt 0.983193 0.833333
vt 0.991597 0.833333
vt 1.000000 0.833333
vt 0.966387 0.833333
vt 0.966387 0.750000
vt 0.966387 0.916667
vt 0.957983 0.916667
vt 0.957983 0.833333
vt 0.957983 0.750000
vt 0.957983 1.000000
vt 0.966387 1.000000
vt 0.957983 0.083333
vt 0.966387 0.083333
vt 0.966387 0.000000
vt 0.957983 0.000000
vt 0.957983 0.166667
vt 0.966387 0.166667
vt 0.957983 0.250000
vt 0.966387 0.250000
vt 0.957983 0.333333
vt 0.966387 0.333333
vt 0.974790 0.333333
vt 0.966387 0.416667
vt 0.974790 0.416667
vt 0.966387 0.500000
vt 0.974790 0.500000
vt 0.966387 0.583333
vt 0.966387 0.666667
vt 0.957983 0.583333
vt 0.957983 0.500000
vt 0.957983 0.666667
vt 0.949580 0.666667
vt 0.949580 0.583333
vt 0.949580 0.500000
vt 0.949580 0.750000
vt 0.941176 0.750000
vt 0.941176 0.666667
vt 0.941176 0.583333
vt 0.941176 0.833333
vt 0.949580 0.833333
vt 0.941176 0.916667
vt 0.949580 0.916667
vt 0.941176 1.000000
vt 0.949580 1.000000
vt 0.941176 0.083333
vt 0.949580 0.083333
vt 0.949580 0.000000
vt 0.941176 0.000000
vt 0.941176 0.166667
vt 0.949580 0.166667
vt 0.941176 0.250000
vt 0.949580 0.250000
vt 0.941176 0.333333
vt 0.949580 0.333333
vt 0.949580 0.416667
vt 0.957983 0.416667
vt 0.941176 0.416667
vt 0.932773 0.416667
vt 0.932773 0.333333
vt 0.932773 0.250000
vt 0.932773 0.500000
vt 0.941176 0.500000
vt 0.932773 0.583333
vt 0.932773 0.666667
vt 0.924370 0.583333
vt 0.924370 0.500000
vt 0.924370 0.666667
vt 0.915966 0.666667
vt 0.915966 0.583333
vt 0.915966 0.500000
vt 0.924370 0.750000
vt 0.932773 0.750000
vt 0.915966 0.750000
vt 0.907563 0.750000
vt 0.907563 0.666667
vt 0.907563 0.583333
vt 0.907563 0.833333
vt 0.915966 0.833333
vt 0.924370 0.833333
vt 0.907563 0.916667
vt 0.915966 0.916667
vt 0.924370 0.916667
vt 0.932773 0.833333
vt 0.932773 0.916667
vt 0.924370 1.000000
vt 0.932773 1.000000
vt 0.924370 0.083333
vt 0.932773 0.083333
vt 0.932773 0.000000
vt 0.924370 0.000000
vt 0.924370 0.166667
vt 0.932773 0.166667
vt 0.924370 0.250000
vt 0.924370 0.333333
vt 0.915966 0.250000
vt 0.915966 0.166667
vt 0.915966 0.333333
vt 0.907563 0.333333
vt 0.907563 0.250000
vt 0.907563 0.166667
vt 0.915966 0.416667
vt 0.924370 0.416667
vt 0.907563 0.416667
vt 0.899160 0.416667
vt 0.899160 0.333333
vt 0.899160 0.250000
vt 0.899160 0.500000
vt 0.907563 0.500000
vt 0.899160 0.583333
vt 0.899160 0.666667
vt 0.890756 0.583333
vt 0.890756 0.500000
vt 0.890756 0.666667
vt 0.882353 0.666667
vt 0.882353 0.583333
vt 0.882353 0.500000
vt 0.890756 0.750000
vt 0.899160 0.750000
vt 0.882353 0.750000
vt 0.873950 0.750000
vt 0.873950 0.666667
vt 0.873950 0.583333
vt 0.873950 0.833333
vt 0.882353 0.833333
vt 0.890756 0.833333
vt 0.873950 0.916667
vt 0.882353 0.916667
vt 0.890756 0.916667
vt 0.899160 0.833333
vt 0.899160 0.916667
vt 0.890756 1.000000
vt 0.899160 1.000000
vt 0.907563 1.000000
vt 0.915966 1.000000
vt 0.907563 0.083333
vt 0.915966 0.083333
vt 0.915966 0.000000
vt 0.907563 0.000000
vt 0.899160 0.083333
vt 0.899160 0.000000
vt 0.899160 0.166667
vt 0.890756 0.166667
vt 0.890756 0.083333
vt 0.890756 0.000000
vt 0.890756 0.250000
vt 0.890756 0.333333
vt 0.882353 0.250000
vt 0.882353 0.166667
vt 0.882353 0.333333
vt 0.873950 0.333333
vt 0.873950 0.250000
vt 0.873950 0.166667
vt 0.882353 0.416667
vt 0.890756 0.416667
vt 0.873950 0.416667
vt 0.865546 0.416667
vt 0.865546 0.333333
vt 0.865546 0.250000
vt 0.865546 0.500000
vt 0.873950 0.500000
vt 0.865546 0.583333
vt 0.865546 0.666667
vt 0.857143 0.583333
vt 0.857143 0.500000
vt 0.857143 0.666667
vt 0.848740 0.666667
vt 0.848740 0.583333
vt 0.848740 0.500000
vt 0.857143 0.750000
vt 0.865546 0.750000
vt 0.848740 0.750000
vt 0.840336 0.750000
vt 0.840336 0.666667
vt 0.840336 0.583333
vt 0.840336 0.833333
vt 0.848740 0.833333
vt 0.857143 0.833333
vt 0.840336 0.916667
vt 0.848740 0.916667
vt 0.857143 0.916667
vt 0.865546 0.833333
vt 0.865546 0.916667
vt 0.857143 1.000000
vt 0.865546 1.000000
vt 0.873950 1.000000
vt 0.882353 1.000000
vt 0.873950 0.083333
vt 0.882353 0.083333
vt 0.882353 0.000000
vt 0.873950 0.000000
vt 0.865546 0.083333
vt 0.865546 0.000000
vt 0.865546 0.166667
vt 0.857143 0.166667
vt 0.857143 0.083333
vt 0.857143 0.000000
vt 0.857143 0.250000
vt 0.857143 0.333333
vt 0.848740 0.250000
vt 0.848740 0.166667
vt 0.848740 0.333333
vt 0.840336 0.333333
vt 0.840336 0.250000
vt 0.840336 0.166667
vt 0.848740 0.416667
vt 0.857143 0.416667
vt 0.840336 0.416667
vt 0.831933 0.416667
vt 0.831933 0.333333
vt 0.831933 0.250000
vt 0.831933 0.500000
vt 0.840336 0.500000
vt 0.831933 0.583333
vt 0.831933 0.666667
vt 0.823529 0.583333
vt 0.823529 0.500000
vt 0.823529 0.666667
vt 0.815126 0.666667
vt 0.815126 0.583333
vt 0.815126 0.500000
vt 0.823529 0.750000
vt 0.831933 0.750000
vt 0.815126 0.750000
vt 0.806723 0.750000
vt 0.806723 0.666667
vt 0.806723 0.583333
vt 0.806723 0.833333
vt 0.815126 0.833333
vt 0.823529 0.833333
vt 0.806723 0.916667
vt 0.815126 0.916667
vt 0.823529 0.916667
vt 0.831933 0.833333
vt 0.831933 0.916667
vt 0.823529 1.000000
vt 0.831933 1.000000
vt 0.840336 1.000000
vt 0.848740 1.000000
vt 0.840336 0.083333
vt 0.848740 0.083333
vt 0.848740 0.000000
vt 0.840336 0.000000
vt 0.831933 0.083333
vt 0.831933 0.000000
vt 0.831933 0.166667
vt 0.823529 0.166667
vt 0.823529 0.083333
vt 0.823529 0.000000
vt 0.823529 0.250000
vt 0.823529 0.333333
vt 0.815126 0.250000
vt 0.815126 0.166667
vt 0.815126 0.333333
vt 0.806723 0.333333
vt 0.806723 0.250000
vt 0.806723 0.166667
vt 0.815126 0.416667
vt 0.823529 0.416667
vt 0.806723 0.416667
vt 0.798319 0.416667
vt 0.798319 0.333333
vt 0.798319 0.250000
vt 0.798319 0.500000
vt 0.806723 0.500000
vt 0.798319 0.583333
vt 0.798319 0.666667
vt 0.789916 0.583333
vt 0.789916 0.500000
vt 0.789916 0.666667
vt 0.781513 0.666667
vt 0.781513 0.583333
vt 0.781513 0.500000
vt 0.789916 0.750000
vt 0.798319 0.750000
vt 0.781513 0.750000
vt 0.773109 0.750000
vt 0.773109 0.666667
vt 0.773109 0.583333
vt 0.773109 0.833333
vt 0.781513 0.833333
vt 0.789916 0.833333
vt 0.773109 0.916667
vt 0.781513 0.916667
vt 0.789916 0.916667
vt 0.798319 0.833333
vt 0.798319 0.916667
vt 0.789916 1.000000
vt 0.798319 1.000000
vt 0.806723 1.000000
vt 0.815126 1.000000
vt 0.806723 0.083333
vt 0.815126 0.083333
vt 0.815126 0.000000
vt 0.806723 0.000000
vt 0.798319 0.083333
vt 0.798319 0.000000
vt 0.798319 0.166667
vt 0.789916 0.166667
vt 0.789916 0.083333
vt 0.789916 0.000000
vt 0.789916 0.250000
vt 0.789916 0.333333
vt 0.781513 0.250000
vt 0.781513 0.166667
vt 0.781513 0.333333
vt 0.773109 0.333333
vt 0.773109 0.250000
vt 0.773109 0.166667
vt 0.781513 0.416667
vt 0.789916 0.416667
vt 0.773109 0.416667
vt 0.764706 0.416667
vt 0.764706 0.333333
vt 0.764706 0.250000
vt 0.764706 0.500000
vt 0.773109 0.500000
vt 0.764706 0.583333
vt 0.764706 0.666667
vt 0.756303 0.583333
vt 0.756303 0.500000
vt 0.756303 0.666667
vt 0.747899 0.666667
vt 0.747899 0.583333
vt 0.747899 0.500000
vt 0.756303 0.750000
vt 0.764706 0.750000
vt 0.747899 0.750000
vt 0.739496 0.750000
vt 0.739496 0.666667
vt 0.739496 0.583333
vt 0.739496 0.833333
vt 0.747899 0.833333
vt 0.756303 0.833333
vt 0.739496 0.916667
vt 0.747899 0.916667
vt 0.756303 0.916667
vt 0.764706 0.833333
vt 0.764706 0.916667
vt 0.756303 1.000000
vt 0.764706 1.000000
vt 0.773109 1.000000
vt 0.781513 1.000000
vt 0.773109 0.083333
vt 0.781513 0.083333
vt 0.781513 0.000000
vt 0.773109 0.000000
vt 0.764706 0.083333
vt 0.764706 0.000000
vt 0.764706 0.166667
vt 0.756303 0.166667
vt 0.756303 0.083333
vt 0.756303 0.000000
vt 0.756303 0.250000
vt 0.756303 0.333333
vt 0.747899 0.250000
vt 0.747899 0.166667
vt 0.747899 0.333333
vt 0.739496 0.333333
vt 0.739496 0.250000
vt 0.739496 0.166667
vt 0.747899 0.416667
vt 0.756303 0.416667
vt 0.739496 0.416667
vt 0.731092 0.416667
vt 0.731092 0.333333
vt 0.731092 0.250000
vt 0.731092 0.500000
vt 0.739496 0.500000
vt 0.731092 0.583333
vt 0.731092 0.666667
vt 0.722689 0.583333
vt 0.722689 0.500000
vt 0.722689 0.666667
vt 0.714286 0.666667
vt 0.714286 0.583333
vt 0.714286 0.500000
vt 0.722689 0.750000
vt 0.731092 0.750000
vt 0.714286 0.750000
vt 0.705882 0.750000
vt 0.705882 0.666667
vt 0.705882 0.583333
vt 0.705882 0.833333
vt 0.714286 0.833333
vt 0.722689 0.833333
vt 0.705882 0.916667
vt 0.714286 0.916667
vt 0.722689 0.916667
vt 0.731092 0.833333
vt 0.731092 0.916667
vt 0.722689 1.000000
vt 0.731092 1.000000
vt 0.739496 1.000000
vt 0.747899 1.000000
vt 0.739496 0.083333
vt 0.747899 0.083333
vt 0.747899 0.000000
vt 0.739496 0.000000
vt 0.731092 0.083333
vt 0.731092 0.000000
vt 0.731092 0.166667
vt 0.722689 0.166667
vt 0.722689 0.083333
vt 0.722689 0.000000
vt 0.722689 0.250000
vt 0.722689 0.333333
vt 0.714286 0.250000
vt 0.714286 0.166667
vt 0.714286 0.333333
vt 0.705882 0.333333
vt 0.705882 0.250000
vt 0.705882 0.166667
vt 0.714286 0.416667
vt 0.722689 0.416667
vt 0.705882 0.416667
vt 0.697479 0.416667
vt 0.697479 0.333333
vt 0.697479 0.250000
vt 0.697479 0.500000
vt 0.705882 0.500000
vt 0.697479 0.583333
vt 0.697479 0.666667
vt 0.689076 0.583333
vt 0.689076 0.500000
vt 0.689076 0.666667
vt 0.680672 0.666667
vt 0.680672 0.583333
vt 0.680672 0.500000
vt 0.689076 0.750000
vt 0.697479 0.750000
vt 0.680672 0.750000
vt 0.672269 0.750000
vt 0.672269 0.666667
vt 0.672269 0.583333
vt 0.672269 0.833333
vt 0.680672 0.833333
vt 0.689076 0.833333
vt 0.672269 0.916667
vt 0.680672 0.916667
vt 0.689076 0.916667
vt 0.697479 0.833333
vt 0.697479 0.916667
vt 0.689076 1.000000
vt 0.697479 1.000000
vt 0.705882 1.000000
vt 0.714286 1.000000
vt 0.705882 0.083333
vt 0.714286 0.083333
vt 0.714286 0.000000
vt 0.705882 0.000000
vt 0.697479 0.083333
vt 0.697479 0.000000
vt 0.697479 0.166667
vt 0.689076 0.166667
vt 0.689076 0.083333
vt 0.689076 0.000000
vt 0.689076 0.250000
vt 0.689076 0.333333
vt 0.680672 0.250000
vt 0.680672 0.166667
vt 0.680672 0.333333
vt 0.672269 0.333333
vt 0.672269 0.250000
vt 0.672269 0.166667
vt 0.680672 0.416667
vt 0.689076 0.416667
vt 0.672269 0.416667
vt 0.663866 0.416667
vt 0.663866 0.333333
vt 0.663866 0.250000
vt 0.663866 0.500000
vt 0.672269 0.500000
vt 0.663866 0.583333
vt 0.663866 0.666667
vt 0.655462 0.583333
vt 0.655462 0.500000
vt 0.655462 0.666667
vt 0.647059 0.666667
vt 0.647059 0.583333
vt 0.647059 0.500000
vt 0.655462 0.750000
vt 0.663866 0.750000
vt 0.647059 0.750000
vt 0.638655 0.750000
vt 0.638655 0.666667
vt 0.638655 0.583333
vt 0.638655 0.833333
vt 0.647059 0.833333
vt 0.655462 0.833333
vt 0.638655 0.916667
vt 0.647059 0.916667
vt 0.655462 0.916667
vt 0.663866 0.833333
vt 0.663866 0.916667
vt 0.655462 1.000000
vt 0.663866 1.000000
vt 0.672269 1.000000
vt 0.680672 1.000000
vt 0.672269 0.083333
vt 0.680672 0.083333
vt 0.680672 0.000000
vt 0.672269 0.000000
vt 0.663866 0.083333
vt 0.663866 0.000000
vt 0.663866 0.166667
vt 0.655462 0.166667
vt 0.655462 0.083333
vt 0.655462 0.000000
vt 0.655462 0.250000
vt 0.655462 0.333333
vt 0.647059 0.250000
vt 0.647059 0.166667
vt 0.647059 0.333333
vt 0.638655 0.333333
vt 0.638655 0.250000
vt 0.638655 0.166667
vt 0.647059 0.416667
vt 0.655462 0.416667
vt 0.638655 0.416667
vt 0.630252 0.416667
vt 0.630252 0.333333
vt 0.630252 0.250000
vt 0.630252 0.500000
vt 0.638655 0.500000
vt 0.630252 0.583333
vt 0.630252 0.666667
vt 0.621849 0.583333
vt 0.621849 0.500000
vt 0.621849 0.666667
vt 0.613445 0.666667
vt 0.613445 0.583333
vt 0.613445 0.500000
vt 0.621849 0.750000
vt 0.630252 0.750000
vt 0.613445 0.750000
vt 0.605042 0.750000
vt 0.605042 0.666667
vt 0.605042 0.583333
vt 0.605042 0.833333
vt 0.613445 0.833333
vt 0.621849 0.833333
vt 0.605042 0.916667
vt 0.613445 0.916667
vt 0.621849 0.916667
vt 0.630252 0.833333
vt 0.630252 0.916667
vt 0.621849 1.000000
vt 0.630252 1.000000
vt 0.638655 1.000000
vt 0.647059 1.000000
vt 0.638655 0.083333
vt 0.647059 0.083333
vt 0.647059 0.000000
vt 0.638655 0.000000
vt 0.630252 0.083333
vt 0.630252 0.000000
vt 0.630252 0.166667
vt 0.621849 0.166667
vt 0.621849 0.083333
vt 0.621849 0.000000
vt 0.621849 0.250000
vt 0.621849 0.333333
vt 0.613445 0.250000
vt 0.613445 0.166667
vt 0.613445 0.333333
vt 0.605042 0.333333
vt 0.605042 0.250000
vt 0.605042 0.166667
vt 0.613445 0.416667
vt 0.621849 0.416667
vt 0.605042 0.416667
vt 0.596639 0.416667
vt 0.596639 0.333333
vt 0.596639 0.250000
vt 0.596639 0.500000
vt 0.605042 0.500000
vt 0.596639 0.583333
vt 0.596639 0.666667
vt 0.588235 0.583333
vt 0.588235 0.500000
vt 0.588235 0.666667
vt 0.579832 0.666667
vt 0.579832 0.583333
vt 0.579832 0.500000
vt 0.588235 0.750000
vt 0.596639 0.750000
vt 0.579832 0.750000
vt 0.571429 0.750000
vt 0.571429 0.666667
vt 0.571429 0.583333
vt 0.571429 0.833333
vt 0.579832 0.833333
vt 0.588235 0.833333
vt 0.571429 0.916667
vt 0.579832 0.916667
vt 0.588235 0.916667
vt 0.596639 0.833333
vt 0.596639 0.916667
vt 0.588235 1.000000
vt 0.596639 1.000000
vt 0.605042 1.000000
vt 0.613445 1.000000
vt 0.605042 0.083333
vt 0.613445 0.083333
vt 0.613445 0.000000
vt 0.605042 0.000000
vt 0.596639 0.083333
vt 0.596639 0.000000
vt 0.596639 0.166667
vt 0.588235 0.166667
vt 0.588235 0.083333
vt 0.588235 0.000000
vt 0.588235 0.250000
vt 0.588235 0.333333
vt 0.579832 0.250000
vt 0.579832 0.166667
vt 0.579832 0.333333
vt 0.571429 0.333333
vt 0.571429 0.250000
vt 0.571429 0.166667
vt 0.579832 0.416667
vt 0.588235 0.416667
vt 0.571429 0.416667
vt 0.563025 0.416667
vt 0.563025 0.333333
vt 0.563025 0.250000
vt 0.563025 0.500000
vt 0.571429 0.500000
vt 0.563025 0.583333
vt 0.563025 0.666667
vt 0.554622 0.583333
vt 0.554622 0.500000
vt 0.554622 0.666667
vt 0.546219 0.666667
vt 0.546219 0.583333
vt 0.546219 0.500000
vt 0.554622 0.750000
vt 0.563025 0.750000
vt 0.546219 0.750000
vt 0.537815 0.750000
vt 0.537815 0.666667
vt 0.537815 0.583333
vt 0.537815 0.833333
vt 0.546219 0.833333
vt 0.554622 0.833333
vt 0.537815 0.916667
vt 0.546219 0.916667
vt 0.554622 0.916667
vt 0.563025 0.833333
vt 0.563025 0.916667
vt 0.554622 1.000000
vt 0.563025 1.000000
vt 0.571429 1.000000
vt 0.579832 1.000000
vt 0.571429 0.083333
vt 0.579832 0.083333
vt 0.579832 0.000000
vt 0.571429 0.000000
vt 0.563025 0.083333
vt 0.563025 0.000000
vt 0.563025 0.166667
vt 0.554622 0.166667
vt 0.554622 0.083333
vt 0.554622 0.000000
vt 0.554622 0.250000
vt 0.554622 0.333333
vt 0.546219 0.250000
vt 0.546219 0.166667
vt 0.546219 0.333333
vt 0.537815 0.333333
vt 0.537815 0.250000
vt 0.537815 0.166667
vt 0.546219 0.416667
vt 0.554622 0.416667
vt 0.537815 0.416667
vt 0.529412 0.416667
vt 0.529412 0.333333
vt 0.529412 0.250000
vt 0.529412 0.500000
vt 0.537815 0.500000
vt 0.529412 0.583333
vt 0.529412 0.666667
vt 0.521008 0.583333
vt 0.521008 0.500000
vt 0.521008 0.666667
vt 0.512605 0.666667
vt 0.512605 0.583333
vt 0.512605 0.500000
vt 0.521008 0.750000
vt 0.529412 0.750000
vt 0.512605 0.750000
vt 0.504202 0.750000
vt 0.504202 0.666667
vt 0.504202 0.583333
vt 0.504202 0.833333
vt 0.512605 0.833333
vt 0.521008 0.833333
vt 0.504202 0.916667
vt 0.512605 0.916667
vt 0.521008 0.916667
vt 0.529412 0.833333
vt 0.529412 0.916667
vt 0.521008 1.000000
vt 0.529412 1.000000
vt 0.537815 1.000000
vt 0.546219 1.000000
vt 0.537815 0.083333
vt 0.546219 0.083333
vt 0.546219 0.000000
vt 0.537815 0.000000
vt 0.529412 0.083333
vt 0.529412 0.000000
vt 0.529412 0.166667
vt 0.521008 0.166667
vt 0.521008 0.083333
vt 0.521008 0.000000
vt 0.521008 0.250000
vt 0.521008 0.333333
vt 0.512605 0.250000
vt 0.512605 0.166667
vt 0.512605 0.333333
vt 0.504202 0.333333
vt 0.504202 0.250000
vt 0.504202 0.166667
vt 0.512605 0.416667
vt 0.521008 0.416667
vt 0.504202 0.416667
vt 0.495798 0.416667
vt 0.495798 0.333333
vt 0.495798 0.250000
vt 0.495798 0.500000
vt 0.504202 0.500000
vt 0.495798 0.583333
vt 0.495798 0.666667
vt 0.487395 0.583333
vt 0.487395 0.500000
vt 0.487395 0.666667
vt 0.478992 0.666667
vt 0.478992 0.583333
vt 0.478992 0.500000
vt 0.487395 0.750000
vt 0.495798 0.750000
vt 0.478992 0.750000
vt 0.470588 0.750000
vt 0.470588 0.666667
vt 0.470588 0.583333
vt 0.470588 0.833333
vt 0.478992 0.833333
vt 0.487395 0.833333
vt 0.470588 0.916667
vt 0.478992 0.916667
vt 0.487395 0.916667
vt 0.495798 0.833333
vt 0.495798 0.916667
vt 0.487395 1.000000
vt 0.495798 1.000000
vt 0.504202 1.000000
vt 0.512605 1.000000
vt 0.504202 0.083333
vt 0.512605 0.083333
vt 0.512605 0.000000
vt 0.504202 0.000000
vt 0.495798 0.083333
vt 0.495798 0.000000
vt 0.495798 0.166667
vt 0.487395 0.166667
vt 0.487395 0.083333
vt 0.487395 0.000000
vt 0.487395 0.250000
vt 0.487395 0.333333
vt 0.478992 0.250000
vt 0.478992 0.166667
vt 0.478992 0.333333
vt 0.470588 0.333333
vt 0.470588 0.250000
vt 0.470588 0.166667
vt 0.478992 0.416667
vt 0.487395 0.416667
vt 0.470588 0.416667
vt 0.462185 0.416667
vt 0.462185 0.333333
vt 0.462185 0.250000
vt 0.462185 0.500000
vt 0.470588 0.500000
vt 0.462185 0.583333
vt 0.462185 0.666667
vt 0.453782 0.583333
vt 0.453782 0.500000
vt 0.453782 0.666667
vt 0.445378 0.666667
vt 0.445378 0.583333
vt 0.445378 0.500000
vt 0.453782 0.750000
vt 0.462185 0.750000
vt 0.445378 0.750000
vt 0.436975 0.750000
vt 0.436975 0.666667
vt 0.436975 0.583333
vt 0.436975 0.833333
vt 0.445378 0.833333
vt 0.453782 0.833333
vt 0.436975 0.916667
vt 0.445378 0.916667
vt 0.453782 0.916667
vt 0.462185 0.833333
vt 0.462185 0.916667
vt 0.453782 1.000000
vt 0.462185 1.000000
vt 0.470588 1.000000
vt 0.478992 1.000000
vt 0.470588 0.083333
vt 0.478992 0.083333
vt 0.478992 0.000000
vt 0.470588 0.000000
vt 0.462185 0.083333
vt 0.462185 0.000000
vt 0.462185 0.166667
vt 0.453782 0.166667
vt 0.453782 0.083333
vt 0.453782 0.000000
vt 0.453782 0.250000
vt 0.453782 0.333333
vt 0.445378 0.250000
vt 0.445378 0.166667
vt 0.445378 0.333333
vt 0.436975 0.333333
vt 0.436975 0.250000
vt 0.436975 0.166667
vt 0.445378 0.416667
vt 0.453782 0.416667
vt 0.436975 0.416667
vt 0.428571 0.416667
vt 0.428571 0.333333
vt 0.428571 0.250000
vt 0.428571 0.500000
vt 0.436975 0.500000
vt 0.428571 0.583333
vt 0.428571 0.666667
vt 0.420168 0.583333
vt 0.420168 0.500000
vt 0.420168 0.666667
vt 0.411765 0.666667
vt 0.411765 0.583333
vt 0.411765 0.500000
vt 0.420168 0.750000
vt 0.428571 0.750000
vt 0.411765 0.750000
vt 0.403361 0.750000
vt 0.403361 0.666667
vt 0.403361 0.583333
vt 0.403361 0.833333
vt 0.411765 0.833333
vt 0.420168 0.833333
vt 0.403361 0.916667
vt 0.411765 0.916667
vt 0.420168 0.916667
vt 0.428571 0.833333
vt 0.428571 0.916667
vt 0.420168 1.000000
vt 0.428571 1.000000
vt 0.436975 1.000000
vt 0.445378 1.000000
vt 0.436975 0.083333
vt 0.445378 0.083333
vt 0.445378 0.000000
vt 0.436975 0.000000
vt 0.428571 0.083333
vt 0.428571 0.000000
vt 0.428571 0.166667
vt 0.420168 0.166667
vt 0.420168 0.083333
vt 0.420168 0.000000
vt 0.420168 0.250000
vt 0.420168 0.333333
vt 0.411765 0.250000
vt 0.411765 0.166667
vt 0.411765 0.333333
vt 0.403361 0.333333
vt 0.403361 0.250000
vt 0.403361 0.166667
vt 0.411765 0.416667
vt 0.420168 0.416667
vt 0.403361 0.416667
vt 0.394958 0.416667
vt 0.394958 0.333333
vt 0.394958 0.250000
vt 0.394958 0.500000
vt 0.403361 0.500000
vt 0.394958 0.583333
vt 0.394958 0.666667
vt 0.386555 0.583333
vt 0.386555 0.500000
vt 0.386555 0.666667
vt 0.378151 0.666667
vt 0.378151 0.583333
vt 0.378151 0.500000
vt 0.386555 0.750000
vt 0.394958 0.750000
vt 0.378151 0.750000
vt 0.369748 0.750000
vt 0.369748 0.666667
vt 0.369748 0.583333
vt 0.369748 0.833333
vt 0.378151 0.833333
vt 0.386555 0.833333
vt 0.369748 0.916667
vt 0.378151 0.916667
vt 0.386555 0.916667
vt 0.394958 0.833333
vt 0.394958 0.916667
vt 0.386555 1.000000
vt 0.394958 1.000000
vt 0.403361 1.000000
vt 0.411765 1.000000
vt 0.403361 0.083333
vt 0.411765 0.083333
vt 0.411765 0.000000
vt 0.403361 0.000000
vt 0.394958 0.083333
vt 0.394958 0.000000
vt 0.394958 0.166667
vt 0.386555 0.166667
vt 0.386555 0.083333
vt 0.386555 0.000000
vt 0.386555 0.250000
vt 0.386555 0.333333
vt 0.378151 0.250000
vt 0.378151 0.166667
vt 0.378151 0.333333
vt 0.369748 0.333333
vt 0.369748 0.250000
vt 0.369748 0.166667
vt 0.378151 0.416667
vt 0.386555 0.416667
vt 0.369748 0.416667
vt 0.361345 0.416667
vt 0.361345 0.333333
vt 0.361345 0.250000
vt 0.361345 0.500000
vt 0.369748 0.500000
vt 0.361345 0.583333
vt 0.361345 0.666667
vt 0.352941 0.583333
vt 0.352941 0.500000
vt 0.352941 0.666667
vt 0.344538 0.666667
vt 0.344538 0.583333
vt 0.344538 0.500000
vt 0.352941 0.750000
vt 0.361345 0.750000
vt 0.344538 0.750000
vt 0.336134 0.750000
vt 0.336134 0.666667
vt 0.336134 0.583333
vt 0.336134 0.833333
vt 0.344538 0.833333
vt 0.352941 0.833333
vt 0.336134 0.916667
vt 0.344538 0.916667
vt 0.352941 0.916667
vt 0.361345 0.833333
vt 0.361345 0.916667
vt 0.352941 1.000000
vt 0.361345 1.000000
vt 0.369748 1.000000
vt 0.378151 1.000000
vt 0.369748 0.083333
vt 0.378151 0.083333
vt 0.378151 0.000000
vt 0.369748 0.000000
vt 0.361345 0.083333
vt 0.361345 0.000000
vt 0.361345 0.166667
vt 0.352941 0.166667
vt 0.352941 0.083333
vt 0.352941 0.000000
vt 0.352941 0.250000
vt 0.352941 0.333333
vt 0.344538 0.250000
vt 0.344538 0.166667
vt 0.344538 0.333333
vt 0.336134 0.333333
vt 0.336134 0.250000
vt 0.336134 0.166667
vt 0.344538 0.416667
vt 0.352941 0.416667
vt 0.336134 0.416667
vt 0.327731 0.416667
vt 0.327731 0.333333
vt 0.327731 0.250000
vt 0.327731 0.500000
vt 0.336134 0.500000
vt 0.327731 0.583333
vt 0.327731 0.666667
vt 0.319328 0.583333
vt 0.319328 0.500000
vt 0.319328 0.666667
vt 0.310924 0.666667
vt 0.310924 0.583333
vt 0.310924 0.500000
vt 0.319328 0.750000
vt 0.327731 0.750000
vt 0.310924 0.750000
vt 0.302521 0.750000
vt 0.302521 0.666667
vt 0.302521 0.583333
vt 0.302521 0.833333
vt 0.310924 0.833333
vt 0.319328 0.833333
vt 0.302521 0.916667
vt 0.310924 0.916667
vt 0.319328 0.916667
vt 0.327731 0.833333
vt 0.327731 0.916667
vt 0.319328 1.000000
vt 0.327731 1.000000
vt 0.336134 1.000000
vt 0.344538 1.000000
vt 0.336134 0.083333
vt 0.344538 0.083333
vt 0.344538 0.000000
vt 0.336134 0.000000
vt 0.327731 0.083333
vt 0.327731 0.000000
vt 0.327731 0.166667
vt 0.319328 0.166667
vt 0.319328 0.083333
vt 0.319328 0.000000
vt 0.319328 0.250000
vt 0.319328 0.333333
vt 0.310924 0.250000
vt 0.310924 0.166667
vt 0.310924 0.333333
vt 0.302521 0.333333
vt 0.302521 0.250000
vt 0.302521 0.166667
vt 0.310924 0.416667
vt 0.319328 0.416667
vt 0.302521 0.416667
vt 0.294118 0.416667
vt 0.294118 0.333333
vt 0.294118 0.250000
vt 0.294118 0.500000
vt 0.302521 0.500000
vt 0.294118 0.583333
vt 0.294118 0.666667
vt 0.285714 0.583333
vt 0.285714 0.500000
vt 0.285714 0.666667
vt 0.277311 0.666667
vt 0.277311 0.583333
vt 0.277311 0.500000
vt 0.285714 0.750000
vt 0.294118 0.750000
vt 0.277311 0.750000
vt 0.268908 0.750000
vt 0.268908 0.666667
vt 0.268908 0.583333
vt 0.268908 0.833333
vt 0.277311 0.833333
vt 0.285714 0.833333
vt 0.268908 0.916667
vt 0.277311 0.916667
vt 0.285714 0.916667
vt 0.294118 0.833333
vt 0.294118 0.916667
vt 0.285714 1.000000
vt 0.294118 1.000000
vt 0.302521 1.000000
vt 0.310924 1.000000
vt 0.302521 0.083333
vt 0.310924 0.083333
vt 0.310924 0.000000
vt 0.302521 0.000000
vt 0.294118 0.083333
vt 0.294118 0.000000
vt 0.294118 0.166667
vt 0.285714 0.166667
vt 0.285714 0.083333
vt 0.285714 0.000000
vt 0.285714 0.250000
vt 0.285714 0.333333
vt 0.277311 0.250000
vt 0.277311 0.166667
vt 0.277311 0.333333
vt 0.268908 0.333333
vt 0.268908 0.250000
vt 0.268908 0.166667
vt 0.277311 0.416667
vt 0.285714 0.416667
vt 0.268908 0.416667
vt 0.260504 0.416667
vt 0.260504 0.333333
vt 0.260504 0.250000
vt 0.260504 0.500000
vt 0.268908 0.500000
vt 0.260504 0.583333
vt 0.260504 0.666667
vt 0.252101 0.583333
vt 0.252101 0.500000
vt 0.252101 0.666667
vt 0.243697 0.666667
vt 0.243697 0.583333
vt 0.243697 0.500000
vt 0.252101 0.750000
vt 0.260504 0.750000
vt 0.243697 0.750000
vt 0.235294 0.750000
vt 0.235294 0.666667
vt 0.235294 0.583333
vt 0.235294 0.833333
vt 0.243697 0.833333
vt 0.252101 0.833333
vt 0.235294 0.916667
vt 0.243697 0.916667
vt 0.252101 0.916667
vt 0.260504 0.833333
vt 0.260504 0.916667
vt 0.252101 1.000000
vt 0.260504 1.000000
vt 0.268908 1.000000
vt 0.277311 1.000000
vt 0.268908 0.083333
vt 0.277311 0.083333
vt 0.277311 0.000000
vt 0.268908 0.000000
vt 0.260504 0.083333
vt 0.260504 0.000000
vt 0.260504 0.166667
vt 0.252101 0.166667
vt 0.252101 0.083333
vt 0.252101 0.000000
vt 0.252101 0.250000
vt 0.252101 0.333333
vt 0.243697 0.250000
vt 0.243697 0.166667
vt 0.243697 0.333333
vt 0.235294 0.333333
vt 0.235294 0.250000
vt 0.235294 0.166667
vt 0.243697 0.416667
vt 0.252101 0.416667
vt 0.235294 0.416667
vt 0.226891 0.416667
vt 0.226891 0.333333
vt 0.226891 0.250000
vt 0.226891 0.500000
vt 0.235294 0.500000
vt 0.226891 0.583333
vt 0.226891 0.666667
vt 0.218487 0.583333
vt 0.218487 0.500000
vt 0.218487 0.666667
vt 0.210084 0.666667
vt 0.210084 0.583333
vt 0.210084 0.500000
vt 0.218487 0.750000
vt 0.226891 0.750000
vt 0.210084 0.750000
vt 0.201681 0.750000
vt 0.201681 0.666667
vt 0.201681 0.583333
vt 0.201681 0.833333
vt 0.210084 0.833333
vt 0.218487 0.833333
vt 0.201681 0.916667
vt 0.210084 0.916667
vt 0.218487 0.916667
vt 0.226891 0.833333
vt 0.226891 0.916667
vt 0.218487 1.000000
vt 0.226891 1.000000
vt 0.235294 1.000000
vt 0.243697 1.000000
vt 0.235294 0.083333
vt 0.243697 0.083333
vt 0.243697 0.000000
vt 0.235294 0.000000
vt 0.226891 0.083333
vt 0.226891 0.000000
vt 0.226891 0.166667
vt 0.218487 0.166667
vt 0.218487 0.083333
vt 0.218487 0.000000
vt 0.218487 0.250000
vt 0.218487 0.333333
vt 0.210084 0.250000
vt 0.210084 0.166667
vt 0.210084 0.333333
vt 0.201681 0.333333
vt 0.201681 0.250000
vt 0.201681 0.166667
vt 0.210084 0.416667
vt 0.218487 0.416667
vt 0.201681 0.416667
vt 0.193277 0.416667
vt 0.193277 0.333333
vt 0.193277 0.250000
vt 0.193277 0.500000
vt 0.201681 0.500000
vt 0.193277 0.583333
vt 0.193277 0.666667
vt 0.184874 0.583333
vt 0.184874 0.500000
vt 0.184874 0.666667
vt 0.176471 0.666667
vt 0.176471 0.583333
vt 0.176471 0.500000
vt 0.184874 0.750000
vt 0.193277 0.750000
vt 0.176471 0.750000
vt 0.168067 0.750000
vt 0.168067 0.666667
vt 0.168067 0.583333
vt 0.168067 0.833333
vt 0.176471 0.833333
vt 0.184874 0.833333
vt 0.168067 0.916667
vt 0.176471 0.916667
vt 0.184874 0.916667
vt 0.193277 0.833333
vt 0.193277 0.916667
vt 0.184874 1.000000
vt 0.193277 1.000000
vt 0.201681 1.000000
vt 0.210084 1.000000
vt 0.201681 0.083333
vt 0.210084 0.083333
vt 0.210084 0.000000
vt 0.201681 0.000000
vt 0.193277 0.083333
vt 0.193277 0.000000
vt 0.193277 0.166667
vt 0.184874 0.166667
vt 0.184874 0.083333
vt 0.184874 0.000000
vt 0.184874 0.250000
vt 0.184874 0.333333
vt 0.176471 0.250000
vt 0.176471 0.166667
vt 0.176471 0.333333
vt 0.168067 0.333333
vt 0.168067 0.250000
vt 0.168067 0.166667
vt 0.176471 0.416667
vt 0.184874 0.416667
vt 0.168067 0.416667
vt 0.159664 0.416667
vt 0.159664 0.333333
vt 0.159664 0.250000
vt 0.159664 0.500000
vt 0.168067 0.500000
vt 0.159664 0.583333
vt 0.159664 0.666667
vt 0.151261 0.583333
vt 0.151261 0.500000
vt 0.151261 0.666667
vt 0.142857 0.666667
vt 0.142857 0.583333
vt 0.142857 0.500000
vt 0.151261 0.750000
vt 0.159664 0.750000
vt 0.142857 0.750000
vt 0.134454 0.750000
vt 0.134454 0.666667
vt 0.134454 0.583333
vt 0.134454 0.833333
vt 0.142857 0.833333
vt 0.151261 0.833333
vt 0.134454 0.916667
vt 0.142857 0.916667
vt 0.151261 0.916667
vt 0.159664 0.833333
vt 0.159664 0.916667
vt 0.151261 1.000000
vt 0.159664 1.000000
vt 0.168067 1.000000
vt 0.176471 1.000000
vt 0.168067 0.083333
vt 0.176471 0.083333
vt 0.176471 0.000000
vt 0.168067 0.000000
vt 0.159664 0.083333
vt 0.159664 0.000000
vt 0.159664 0.166667
vt 0.151261 0.166667
vt 0.151261 0.083333
vt 0.151261 0.000000
vt 0.151261 0.250000
vt 0.151261 0.333333
vt 0.142857 0.250000
vt 0.142857 0.166667
vt 0.142857 0.333333
vt 0.134454 0.333333
vt 0.134454 0.250000
vt 0.134454 0.166667
vt 0.142857 0.416667
vt 0.151261 0.416667
vt 0.134454 0.416667
vt 0.126050 0.416667
vt 0.126050 0.333333
vt 0.126050 0.250000
vt 0.126050 0.500000
vt 0.134454 0.500000
vt 0.126050 0.583333
vt 0.126050 0.666667
vt 0.117647 0.583333
vt 0.117647 0.500000
vt 0.117647 0.666667
vt 0.109244 0.666667
vt 0.109244 0.583333
vt 0.109244 0.500000
vt 0.117647 0.750000
vt 0.126050 0.750000
vt 0.109244 0.750000
vt 0.100840 0.750000
vt 0.100840 0.666667
vt 0.100840 0.583333
vt 0.100840 0.833333
vt 0.109244 0.833333
vt 0.117647 0.833333
vt 0.100840 0.916667
vt 0.109244 0.916667
vt 0.117647 0.916667
vt 0.126050 0.833333
vt 0.126050 0.916667
vt 0.117647 1.000000
vt 0.126050 1.000000
vt 0.134454 1.000000
vt 0.142857 1.000000
vt 0.134454 0.083333
vt 0.142857 0.083333
vt 0.142857 0.000000
vt 0.134454 0.000000
vt 0.126050 0.083333
vt 0.126050 0.000000
vt 0.126050 0.166667
vt 0.117647 0.166667
vt 0.117647 0.083333
vt 0.117647 0.000000
vt 0.117647 0.250000
vt 0.117647 0.333333
vt 0.109244 0.250000
vt 0.109244 0.166667
vt 0.109244 0.333333
vt 0.100840 0.333333
vt 0.100840 0.250000
vt 0.100840 0.166667
vt 0.109244 0.416667
vt 0.117647 0.416667
vt 0.100840 0.416667
vt 0.092437 0.416667
vt 0.092437 0.333333
vt 0.092437 0.250000
vt 0.092437 0.500000
vt 0.100840 0.500000
vt 0.092437 0.583333
vt 0.092437 0.666667
vt 0.084034 0.583333
vt 0.084034 0.500000
vt 0.084034 0.666667
vt 0.075630 0.666667
vt 0.075630 0.583333
vt 0.075630 0.500000
vt 0.084034 0.750000
vt 0.092437 0.750000
vt 0.075630 0.750000
vt 0.067227 0.750000
vt 0.067227 0.666667
vt 0.067227 0.583333
vt 0.067227 0.833333
vt 0.075630 0.833333
vt 0.084034 0.833333
vt 0.067227 0.916667
vt 0.075630 0.916667
vt 0.084034 0.916667
vt 0.092437 0.833333
vt 0.092437 0.916667
vt 0.084034 1.000000
vt 0.092437 1.000000
vt 0.100840 1.000000
vt 0.109244 1.000000
vt 0.100840 0.083333
vt 0.109244 0.083333
vt 0.109244 0.000000
vt 0.100840 0.000000
vt 0.092437 0.083333
vt 0.092437 0.000000
vt 0.092437 0.166667
vt 0.084034 0.166667
vt 0.084034 0.083333
vt 0.084034 0.000000
vt 0.084034 0.250000
vt 0.084034 0.333333
vt 0.075630 0.250000
vt 0.075630 0.166667
vt 0.075630 0.333333
vt 0.067227 0.333333
vt 0.067227 0.250000
vt 0.067227 0.166667
vt 0.075630 0.416667
vt 0.084034 0.416667
vt 0.067227 0.416667
vt 0.058824 0.416667
vt 0.058824 0.333333
vt 0.058824 0.250000
vt 0.058824 0.500000
vt 0.067227 0.500000
vt 0.058824 0.583333
vt 0.058824 0.666667
vt 0.050420 0.583333
vt 0.050420 0.500000
vt 0.050420 0.666667
vt 0.042017 0.666667
vt 0.042017 0.583333
vt 0.042017 0.500000
vt 0.050420 0.750000
vt 0.058824 0.750000
vt 0.042017 0.750000
vt 0.033613 0.750000
vt 0.033613 0.666667
vt 0.033613 0.583333
vt 0.033613 0.833333
vt 0.042017 0.833333
vt 0.050420 0.833333
vt 0.033613 0.916667
vt 0.042017 0.916667
vt 0.050420 0.916667
vt 0.058824 0.833333
vt 0.058824 0.916667
vt 0.050420 1.000000
vt 0.058824 1.000000
vt 0.067227 1.000000
vt 0.075630 1.000000
vt 0.067227 0.083333
vt 0.075630 0.083333
vt 0.075630 0.000000
vt 0.067227 0.000000
vt 0.058824 0.083333
vt 0.058824 0.000000
vt 0.058824 0.166667
vt 0.050420 0.166667
vt 0.050420 0.083333
vt 0.050420 0.000000
vt 0.050420 0.250000
vt 0.050420 0.333333
vt 0.042017 0.250000
vt 0.042017 0.166667
vt 0.042017 0.333333
vt 0.033613 0.333333
vt 0.033613 0.250000
vt 0.033613 0.166667
vt 0.042017 0.416667
vt 0.050420 0.416667
vt 0.033613 0.416667
vt 0.025210 0.416667
vt 0.025210 0.333333
vt 0.025210 0.250000
vt 0.025210 0.500000
vt 0.033613 0.500000
vt 0.025210 0.583333
vt 0.025210 0.666667
vt 0.016807 0.583333
vt 0.016807 0.500000
vt 0.016807 0.666667
vt 0.008403 0.666667
vt 0.008403 0.583333
vt 0.008403 0.500000
vt 0.016807 0.750000
vt 0.025210 0.750000
vt 0.008403 0.750000
vt 0.000000 0.666667
vt 0.000000 0.583333
vt 0.000000 0.750000
vt 0.000000 0.833333
vt 0.008403 0.833333
vt 0.000000 0.916667
vt 0.008403 0.916667
vt 0.016807 0.833333
vt 0.016807 0.916667
vt 0.025210 0.833333
vt 0.025210 0.916667
vt 0.016807 1.000000
vt 0.025210 1.000000
vt 0.033613 1.000000
vt 0.042017 1.000000
vt 0.033613 0.083333
vt 0.042017 0.083333
vt 0.042017 0.000000
vt 0.033613 0.000000
vt 0.025210 0.083333
vt 0.025210 0.000000
vt 0.025210 0.166667
vt 0.016807 0.166667
vt 0.016807 0.083333
vt 0.016807 0.000000
vt 0.016807 0.250000
vt 0.016807 0.333333
vt 0.008403 0.250000
vt 0.008403 0.166667
vt 0.008403 0.333333
vt 0.000000 0.250000
vt 0.000000 0.166667
vt 0.000000 0.333333
vt 0.000000 0.416667
vt 0.008403 0.416667
vt 0.000000 1.000000
vt 0.008403 1.000000
vt 0.000000 0.083333
vt 0.008403 0.083333
vt 0.008403 0.000000
vt 0.000000 0.500000
vt 0.016807 0.416667
s 1
usemtl Material.002
f 4/1/4 1/2/1 2/3/2
f 2/3/2 1/2/1 3/4/3
f 8/5/8 3/6/3 1/7/1 6/8/6
f 4/1/4 5/7/5 1/2/1
f 6/9/6 1/10/1 5/11/5 7/12/7
f 9/13/9 6/9/6 7/12/7 11/14/11
f 12/15/12 8/5/8 6/8/6 9/16/9
f 13/17/13 12/15/12 9/16/9 10/18/10
f 10/19/10 9/13/9 11/14/11 43/20/43
f 15/21/15 14/22/14 12/15/12 13/17/13
f 14/22/14 17/23/17 8/5/8 12/15/12
f 58/24/58 16/25/16 14/22/14 15/21/15
f 16/25/16 18/26/18 17/23/17 14/22/14
f 17/23/17 19/27/19 3/6/3 8/5/8
f 18/26/18 20/28/20 19/27/19 17/23/17
f 20/29/20 3/4/3 19/30/19
f 2/3/2 3/4/3 20/29/20
f 21/31/21 2/32/2 20/28/20 18/26/18
f 22/33/22 21/31/21 18/26/18 16/25/16
f 24/34/24 23/35/23 21/31/21 22/33/22
f 23/35/23 4/36/4 2/32/2 21/31/21
f 26/37/26 25/38/25 23/35/23 24/34/24
f 25/38/25 28/39/28 4/36/4 23/35/23
f 37/40/37 27/41/27 25/38/25 26/37/26
f 27/41/27 30/42/30 28/39/28 25/38/25
f 28/43/28 5/7/5 4/1/4
f 28/43/28 29/44/29 5/7/5
f 30/45/30 29/44/29 28/43/28
f 30/45/30 31/46/31 29/44/29
f 32/47/32 31/46/31 30/45/30
f 33/48/33 32/49/32 30/42/30 27/41/27
f 34/50/34 31/51/31 32/49/32 33/48/33
f 38/52/38 34/50/34 33/48/33 35/53/35
f 35/53/35 33/48/33 27/41/27 37/40/37
f 39/54/39 38/52/38 35/53/35 36/55/36
f 36/55/36 35/53/35 37/40/37 64/56/64
f 41/57/41 40/58/40 38/52/38 39/54/39
f 40/58/40 42/59/42 34/50/34 38/52/38
f 43/20/43 11/14/11 40/58/40 41/57/41
f 11/14/11 7/12/7 42/59/42 40/58/40
f 42/59/42 29/60/29 31/51/31 34/50/34
f 7/12/7 5/11/5 29/60/29 42/59/42
f 44/61/44 41/57/41 39/54/39 46/62/46
f 47/63/47 43/20/43 41/57/41 44/61/44
f 48/64/48 47/63/47 44/61/44 45/65/45
f 45/65/45 44/61/44 46/62/46 71/66/71
f 50/67/50 49/68/49 47/63/47 48/64/48
f 49/68/49 10/19/10 43/20/43 47/63/47
f 52/69/52 51/70/51 49/71/49 50/72/50
f 51/70/51 13/17/13 10/18/10 49/71/49
f 54/73/54 53/74/53 51/70/51 52/69/52
f 53/74/53 15/21/15 13/17/13 51/70/51
f 56/75/56 55/76/55 53/74/53 54/73/54
f 55/76/55 58/24/58 15/21/15 53/74/53
f 90/77/90 57/78/57 55/76/55 56/75/56
f 57/78/57 59/79/59 58/24/58 55/76/55
f 59/79/59 22/33/22 16/25/16 58/24/58
f 61/80/61 60/81/60 59/79/59 57/78/57
f 60/81/60 24/34/24 22/33/22 59/79/59
f 63/82/63 62/83/62 60/81/60 61/80/61
f 62/83/62 26/37/26 24/34/24 60/81/60
f 65/84/65 64/56/64 62/83/62 63/82/63
f 64/56/64 37/40/37 26/37/26 62/83/62
f 66/85/66 36/55/36 64/56/64 65/84/65
f 67/86/67 65/84/65 63/82/63 69/87/69
f 70/88/70 66/85/66 65/84/65 67/86/67
f 72/89/72 70/88/70 67/86/67 68/90/68
f 68/90/68 67/86/67 69/87/69 98/91/98
f 71/66/71 46/62/46 66/85/66 70/88/70
f 74/92/74 71/66/71 70/88/70 72/89/72
f 75/93/75 74/92/74 72/89/72 73/94/73
f 73/94/73 72/89/72 68/90/68 97/95/97
f 77/96/77 76/97/76 74/92/74 75/93/75
f 76/97/76 45/65/45 71/66/71 74/92/74
f 79/98/79 78/99/78 76/97/76 77/96/77
f 78/99/78 48/64/48 45/65/45 76/97/76
f 81/100/81 80/101/80 78/99/78 79/98/79
f 80/101/80 50/67/50 48/64/48 78/99/78
f 83/102/83 82/103/82 80/104/80 81/105/81
f 82/103/82 52/69/52 50/72/50 80/104/80
f 85/106/85 84/107/84 82/103/82 83/102/83
f 84/107/84 54/73/54 52/69/52 82/103/82
f 87/108/87 86/109/86 84/107/84 85/106/85
f 86/109/86 56/75/56 54/73/54 84/107/84
f 91/110/91 88/111/88 86/109/86 87/108/87
f 88/111/88 90/77/90 56/75/56 86/109/86
f 89/112/89 1440/113/1435 90/77/90 88/111/88
f 93/114/93 89/112/89 88/111/88 91/110/91
f 94/115/94 93/114/93 91/110/91 92/116/92
f 92/116/92 91/110/91 87/108/87 124/117/124
f 96/118/96 95/119/95 93/114/93 94/115/94
f 95/119/95 98/91/98 89/112/89 93/114/93
f 99/120/99 97/95/97 95/119/95 96/118/96
f 97/95/97 68/90/68 98/91/98 95/119/95
f 98/91/98 69/87/69 1440/113/1435 89/112/89
f 100/121/100 73/94/73 97/95/97 99/120/99
f 101/122/101 99/120/99 96/118/96 103/123/103
f 104/124/104 100/121/100 99/120/99 101/122/101
f 106/125/106 104/124/104 101/122/101 102/126/102
f 102/126/102 101/122/101 103/123/103 139/127/139
f 105/128/105 116/129/116 100/121/100 104/124/104
f 108/130/108 105/128/105 104/124/104 106/125/106
f 109/131/109 108/130/108 106/125/106 107/132/107
f 107/132/107 106/125/106 102/126/102 138/133/138
f 111/134/111 110/135/110 108/130/108 109/131/109
f 110/135/110 113/136/113 105/128/105 108/130/108
f 160/137/160 112/138/112 110/135/110 111/134/111
f 112/138/112 114/139/114 113/136/113 110/135/110
f 113/136/113 115/140/115 116/129/116 105/128/105
f 114/139/114 117/141/117 115/140/115 113/136/113
f 115/140/115 77/96/77 75/93/75 116/129/116
f 117/141/117 79/98/79 77/96/77 115/140/115
f 119/142/119 118/143/118 117/141/117 114/139/114
f 118/143/118 81/100/81 79/98/79 117/141/117
f 121/144/121 120/145/120 118/146/118 119/147/119
f 120/145/120 83/102/83 81/105/81 118/146/118
f 123/148/123 122/149/122 120/145/120 121/144/121
f 122/149/122 85/106/85 83/102/83 120/145/120
f 125/150/125 124/117/124 122/149/122 123/148/123
f 124/117/124 87/108/87 85/106/85 122/149/122
f 126/151/126 92/116/92 124/117/124 125/150/125
f 127/152/127 125/150/125 123/148/123 129/153/129
f 130/154/130 126/151/126 125/150/125 127/152/127
f 132/155/132 130/154/130 127/152/127 128/156/128
f 128/156/128 127/152/127 129/153/129 165/157/165
f 131/158/131 1439/159/1434 126/151/126 130/154/130
f 134/160/134 131/158/131 130/154/130 132/155/132
f 135/161/135 134/160/134 132/155/132 133/162/133
f 133/162/133 132/155/132 128/156/128 170/163/170
f 137/164/137 136/165/136 134/160/134 135/161/135
f 136/165/136 139/127/139 131/158/131 134/160/134
f 140/166/140 138/133/138 136/165/136 137/164/137
f 138/133/138 102/126/102 139/127/139 136/165/136
f 139/127/139 103/123/103 1439/159/1434 131/158/131
f 141/167/141 107/132/107 138/133/138 140/166/140
f 142/168/142 140/166/140 137/164/137 144/169/144
f 145/170/145 141/167/141 140/166/140 142/168/142
f 147/171/147 145/170/145 142/168/142 143/172/143
f 143/172/143 142/168/142 144/169/144 185/173/185
f 146/174/146 157/175/157 141/167/141 145/170/145
f 149/176/149 146/174/146 145/170/145 147/171/147
f 150/177/150 149/176/149 147/171/147 148/178/148
f 148/178/148 147/171/147 143/172/143 184/179/184
f 152/180/152 151/181/151 149/176/149 150/177/150
f 151/181/151 154/182/154 146/174/146 149/176/149
f 206/183/206 153/184/153 151/181/151 152/180/152
f 153/184/153 155/185/155 154/182/154 151/181/151
f 154/182/154 156/186/156 157/175/157 146/174/146
f 155/185/155 158/187/158 156/186/156 154/182/154
f 156/186/156 111/134/111 109/131/109 157/175/157
f 158/187/158 160/137/160 111/134/111 156/186/156
f 211/188/211 159/189/159 158/187/158 155/185/155
f 159/189/159 161/190/161 160/137/160 158/187/158
f 161/190/161 163/191/163 112/138/112 160/137/160
f 162/192/162 164/193/164 163/194/163 161/195/161
f 166/196/166 162/192/162 161/195/161 159/197/159
f 163/191/163 119/142/119 114/139/114 112/138/112
f 164/193/164 121/144/121 119/147/119 163/194/163
f 165/157/165 129/153/129 164/193/164 162/192/162
f 129/153/129 123/148/123 121/144/121 164/193/164
f 168/198/168 165/157/165 162/192/162 166/196/166
f 169/199/169 168/198/168 166/196/166 167/200/167
f 167/200/167 166/196/166 159/197/159 211/201/211
f 171/202/171 170/163/170 168/198/168 169/199/169
f 170/163/170 128/156/128 165/157/165 168/198/168
f 172/203/172 133/162/133 170/163/170 171/202/171
f 173/204/173 171/202/171 169/199/169 175/205/175
f 176/206/176 172/203/172 171/202/171 173/204/173
f 178/207/178 176/206/176 173/204/173 174/208/174
f 174/208/174 173/204/173 175/205/175 212/209/212
f 177/210/177 1438/211/1433 172/203/172 176/206/176
f 180/212/180 177/210/177 176/206/176 178/207/178
f 181/213/181 180/212/180 178/207/178 179/214/179
f 179/214/179 178/207/178 174/208/174 217/215/217
f 183/216/183 182/217/182 180/212/180 181/213/181
f 182/217/182 185/173/185 177/210/177 180/212/180
f 186/218/186 184/179/184 182/217/182 183/216/183
f 184/179/184 143/172/143 185/173/185 182/217/182
f 185/173/185 144/169/144 1438/211/1433 177/210/177
f 187/219/187 148/178/148 184/179/184 186/218/186
f 188/220/188 186/218/186 183/216/183 190/221/190
f 191/222/191 187/219/187 186/218/186 188/220/188
f 193/223/193 191/222/191 188/220/188 189/224/189
f 189/224/189 188/220/188 190/221/190 232/225/232
f 192/226/192 203/227/203 187/219/187 191/222/191
f 195/228/195 192/226/192 191/222/191 193/223/193
f 196/229/196 195/228/195 193/223/193 194/230/194
f 194/230/194 193/223/193 189/224/189 231/231/231
f 198/232/198 197/233/197 195/228/195 196/229/196
f 197/233/197 200/234/200 192/226/192 195/228/195
f 253/235/253 199/236/199 197/233/197 198/232/198
f 199/236/199 201/237/201 200/234/200 197/233/197
f 200/234/200 202/238/202 203/227/203 192/226/192
f 201/237/201 204/239/204 202/238/202 200/234/200
f 202/238/202 152/180/152 150/177/150 203/227/203
f 204/239/204 206/183/206 152/180/152 202/238/202
f 258/240/258 205/241/205 204/239/204 201/237/201
f 205/241/205 207/242/207 206/183/206 204/239/204
f 207/242/207 209/243/209 153/184/153 206/183/206
f 208/244/208 210/245/210 209/246/209 207/247/207
f 213/248/213 208/244/208 207/247/207 205/249/205
f 209/243/209 211/188/211 155/185/155 153/184/153
f 210/245/210 167/200/167 211/201/211 209/246/209
f 212/209/212 175/205/175 210/245/210 208/244/208
f 175/205/175 169/199/169 167/200/167 210/245/210
f 215/250/215 212/209/212 208/244/208 213/248/213
f 216/251/216 215/250/215 213/248/213 214/252/214
f 214/252/214 213/248/213 205/249/205 258/253/258
f 218/254/218 217/215/217 215/250/215 216/251/216
f 217/215/217 174/208/174 212/209/212 215/250/215
f 219/255/219 179/214/179 217/215/217 218/254/218
f 220/256/220 218/254/218 216/251/216 222/257/222
f 223/258/223 219/255/219 218/254/218 220/256/220
f 225/259/225 223/258/223 220/256/220 221/260/221
f 221/260/221 220/256/220 222/257/222 259/261/259
f 224/262/224 1437/263/1432 219/255/219 223/258/223
f 227/264/227 224/262/224 223/258/223 225/259/225
f 228/265/228 227/264/227 225/259/225 226/266/226
f 226/266/226 225/259/225 221/260/221 264/267/264
f 230/268/230 229/269/229 227/264/227 228/265/228
f 229/269/229 232/225/232 224/262/224 227/264/227
f 233/270/233 231/231/231 229/269/229 230/268/230
f 231/231/231 189/224/189 232/225/232 229/269/229
f 232/225/232 190/221/190 1437/263/1432 224/262/224
f 234/271/234 194/230/194 231/231/231 233/270/233
f 235/272/235 233/270/233 230/268/230 237/273/237
f 238/274/238 234/271/234 233/270/233 235/272/235
f 240/275/240 238/274/238 235/272/235 236/276/236
f 236/276/236 235/272/235 237/273/237 279/277/279
f 239/278/239 250/279/250 234/271/234 238/274/238
f 242/280/242 239/278/239 238/274/238 240/275/240
f 243/281/243 242/280/242 240/275/240 241/282/241
f 241/282/241 240/275/240 236/276/236 278/283/278
f 245/284/245 244/285/244 242/280/242 243/281/243
f 244/285/244 247/286/247 239/278/239 242/280/242
f 300/287/300 246/288/246 244/285/244 245/284/245
f 246/288/246 248/289/248 247/286/247 244/285/244
f 247/286/247 249/290/249 250/279/250 239/278/239
f 248/289/248 251/291/251 249/290/249 247/286/247
f 249/290/249 198/232/198 196/229/196 250/279/250
f 251/291/251 253/235/253 198/232/198 249/290/249
f 305/292/305 252/293/252 251/291/251 248/289/248
f 252/293/252 254/294/254 253/235/253 251/291/251
f 254/294/254 256/295/256 199/236/199 253/235/253
f 255/296/255 257/297/257 256/298/256 254/299/254
f 260/300/260 255/296/255 254/299/254 252/301/252
f 256/295/256 258/240/258 201/237/201 199/236/199
f 257/297/257 214/252/214 258/253/258 256/298/256
f 259/261/259 222/257/222 257/297/257 255/296/255
f 222/257/222 216/251/216 214/252/214 257/297/257
f 262/302/262 259/261/259 255/296/255 260/300/260
f 263/303/263 262/302/262 260/300/260 261/304/261
f 261/304/261 260/300/260 252/301/252 305/305/305
f 265/306/265 264/267/264 262/302/262 263/303/263
f 264/267/264 221/260/221 259/261/259 262/302/262
f 266/307/266 226/266/226 264/267/264 265/306/265
f 267/308/267 265/306/265 263/303/263 269/309/269
f 270/310/270 266/307/266 265/306/265 267/308/267
f 272/311/272 270/310/270 267/308/267 268/312/268
f 268/312/268 267/308/267 269/309/269 306/313/306
f 271/314/271 1436/315/1431 266/307/266 270/310/270
f 274/316/274 271/314/271 270/310/270 272/311/272
f 275/317/275 274/316/274 272/311/272 273/318/273
f 273/318/273 272/311/272 268/312/268 311/319/311
f 277/320/277 276/321/276 274/316/274 275/317/275
f 276/321/276 279/277/279 271/314/271 274/316/274
f 280/322/280 278/283/278 276/321/276 277/320/277
f 278/283/278 236/276/236 279/277/279 276/321/276
f 279/277/279 237/273/237 1436/315/1431 271/314/271
f 281/323/281 241/282/241 278/283/278 280/322/280
f 282/324/282 280/322/280 277/320/277 284/325/284
f 285/326/285 281/323/281 280/322/280 282/324/282
f 287/327/287 285/326/285 282/324/282 283/328/283
f 283/328/283 282/324/282 284/325/284 326/329/326
f 286/330/286 297/331/297 281/323/281 285/326/285
f 289/332/289 286/330/286 285/326/285 287/327/287
f 290/333/290 289/332/289 287/327/287 288/334/288
f 288/334/288 287/327/287 283/328/283 325/335/325
f 292/336/292 291/337/291 289/332/289 290/333/290
f 291/337/291 294/338/294 286/330/286 289/332/289
f 347/339/347 293/340/293 291/337/291 292/336/292
f 293/340/293 295/341/295 294/338/294 291/337/291
f 294/338/294 296/342/296 297/331/297 286/330/286
f 295/341/295 298/343/298 296/342/296 294/338/294
f 296/342/296 245/284/245 243/281/243 297/331/297
f 298/343/298 300/287/300 245/284/245 296/342/296
f 352/344/352 299/345/299 298/343/298 295/341/295
f 299/345/299 301/346/301 300/287/300 298/343/298
f 301/346/301 303/347/303 246/288/246 300/287/300
f 302/348/302 304/349/304 303/350/303 301/351/301
f 307/352/307 302/348/302 301/351/301 299/353/299
f 303/347/303 305/292/305 248/289/248 246/288/246
f 304/349/304 261/304/261 305/305/305 303/350/303
f 306/313/306 269/309/269 304/349/304 302/348/302
f 269/309/269 263/303/263 261/304/261 304/349/304
f 309/354/309 306/313/306 302/348/302 307/352/307
f 310/355/310 309/354/309 307/352/307 308/356/308
f 308/356/308 307/352/307 299/353/299 352/357/352
f 312/358/312 311/319/311 309/354/309 310/355/310
f 311/319/311 268/312/268 306/313/306 309/354/309
f 313/359/313 273/318/273 311/319/311 312/358/312
f 314/360/314 312/358/312 310/355/310 316/361/316
f 317/362/317 313/359/313 312/358/312 314/360/314
f 319/363/319 317/362/317 314/360/314 315/364/315
f 315/364/315 314/360/314 316/361/316 353/365/353
f 318/366/318 1435/367/1430 313/359/313 317/362/317
f 321/368/321 318/366/318 317/362/317 319/363/319
f 322/369/322 321/368/321 319/363/319 320/370/320
f 320/370/320 319/363/319 315/364/315 358/371/358
f 324/372/324 323/373/323 321/368/321 322/369/322
f 323/373/323 326/329/326 318/366/318 321/368/321
f 327/374/327 325/335/325 323/373/323 324/372/324
f 325/335/325 283/328/283 326/329/326 323/373/323
f 326/329/326 284/325/284 1435/367/1430 318/366/318
f 328/375/328 288/334/288 325/335/325 327/374/327
f 329/376/329 327/374/327 324/372/324 331/377/331
f 332/378/332 328/375/328 327/374/327 329/376/329
f 334/379/334 332/378/332 329/376/329 330/380/330
f 330/380/330 329/376/329 331/377/331 373/381/373
f 333/382/333 344/383/344 328/375/328 332/378/332
f 336/384/336 333/382/333 332/378/332 334/379/334
f 337/385/337 336/384/336 334/379/334 335/386/335
f 335/386/335 334/379/334 330/380/330 372/387/372
f 339/388/339 338/389/338 336/384/336 337/385/337
f 338/389/338 341/390/341 333/382/333 336/384/336
f 394/391/394 340/392/340 338/389/338 339/388/339
f 340/392/340 342/393/342 341/390/341 338/389/338
f 341/390/341 343/394/343 344/383/344 333/382/333
f 342/393/342 345/395/345 343/394/343 341/390/341
f 343/394/343 292/336/292 290/333/290 344/383/344
f 345/395/345 347/339/347 292/336/292 343/394/343
f 399/396/399 346/397/346 345/395/345 342/393/342
f 346/397/346 348/398/348 347/339/347 345/395/345
f 348/398/348 350/399/350 293/340/293 347/339/347
f 349/400/349 351/401/351 350/402/350 348/403/348
f 354/404/354 349/400/349 348/403/348 346/405/346
f 350/399/350 352/344/352 295/341/295 293/340/293
f 351/401/351 308/356/308 352/357/352 350/402/350
f 353/365/353 316/361/316 351/401/351 349/400/349
f 316/361/316 310/355/310 308/356/308 351/401/351
f 356/406/356 353/365/353 349/400/349 354/404/354
f 357/407/357 356/406/356 354/404/354 355/408/355
f 355/408/355 354/404/354 346/405/346 399/409/399
f 359/410/359 358/371/358 356/406/356 357/407/357
f 358/371/358 315/364/315 353/365/353 356/406/356
f 360/411/360 320/370/320 358/371/358 359/410/359
f 361/412/361 359/410/359 357/407/357 363/413/363
f 364/414/364 360/411/360 359/410/359 361/412/361
f 366/415/366 364/414/364 361/412/361 362/416/362
f 362/416/362 361/412/361 363/413/363 400/417/400
f 365/418/365 1434/419/1429 360/411/360 364/414/364
f 368/420/368 365/418/365 364/414/364 366/415/366
f 369/421/369 368/420/368 366/415/366 367/422/367
f 367/422/367 366/415/366 362/416/362 405/423/405
f 371/424/371 370/425/370 368/420/368 369/421/369
f 370/425/370 373/381/373 365/418/365 368/420/368
f 374/426/374 372/387/372 370/425/370 371/424/371
f 372/387/372 330/380/330 373/381/373 370/425/370
f 373/381/373 331/377/331 1434/419/1429 365/418/365
f 375/427/375 335/386/335 372/387/372 374/426/374
f 376/428/376 374/426/374 371/424/371 378/429/378
f 379/430/379 375/427/375 374/426/374 376/428/376
f 381/431/381 379/430/379 376/428/376 377/432/377
f 377/432/377 376/428/376 378/429/378 420/433/420
f 380/434/380 391/435/391 375/427/375 379/430/379
f 383/436/383 380/434/380 379/430/379 381/431/381
f 384/437/384 383/436/383 381/431/381 382/438/382
f 382/438/382 381/431/381 377/432/377 419/439/419
f 386/440/386 385/441/385 383/436/383 384/437/384
f 385/441/385 388/442/388 380/434/380 383/436/383
f 441/443/441 387/444/387 385/441/385 386/440/386
f 387/444/387 389/445/389 388/442/388 385/441/385
f 388/442/388 390/446/390 391/435/391 380/434/380
f 389/445/389 392/447/392 390/446/390 388/442/388
f 390/446/390 339/388/339 337/385/337 391/435/391
f 392/447/392 394/391/394 339/388/339 390/446/390
f 446/448/446 393/449/393 392/447/392 389/445/389
f 393/449/393 395/450/395 394/391/394 392/447/392
f 395/450/395 397/451/397 340/392/340 394/391/394
f 396/452/396 398/453/398 397/454/397 395/455/395
f 401/456/401 396/452/396 395/455/395 393/457/393
f 397/451/397 399/396/399 342/393/342 340/392/340
f 398/453/398 355/408/355 399/409/399 397/454/397
f 400/417/400 363/413/363 398/453/398 396/452/396
f 363/413/363 357/407/357 355/408/355 398/453/398
f 403/458/403 400/417/400 396/452/396 401/456/401
f 404/459/404 403/458/403 401/456/401 402/460/402
f 402/460/402 401/456/401 393/457/393 446/461/446
f 406/462/406 405/423/405 403/458/403 404/459/404
f 405/423/405 362/416/362 400/417/400 403/458/403
f 407/463/407 367/422/367 405/423/405 406/462/406
f 408/464/408 406/462/406 404/459/404 410/465/410
f 411/466/411 407/463/407 406/462/406 408/464/408
f 413/467/413 411/466/411 408/464/408 409/468/409
f 409/468/409 408/464/408 410/465/410 447/469/447
f 412/470/412 1433/471/1428 407/463/407 411/466/411
f 415/472/415 412/470/412 411/466/411 413/467/413
f 416/473/416 415/472/415 413/467/413 414/474/414
f 414/474/414 413/467/413 409/468/409 452/475/452
f 418/476/418 417/477/417 415/472/415 416/473/416
f 417/477/417 420/433/420 412/470/412 415/472/415
f 421/478/421 419/439/419 417/477/417 418/476/418
f 419/439/419 377/432/377 420/433/420 417/477/417
f 420/433/420 378/429/378 1433/471/1428 412/470/412
f 422/479/422 382/438/382 419/439/419 421/478/421
f 423/480/423 421/478/421 418/476/418 425/481/425
f 426/482/426 422/479/422 421/478/421 423/480/423
f 428/483/428 426/482/426 423/480/423 424/484/424
f 424/484/424 423/480/423 425/481/425 467/485/467
f 427/486/427 438/487/438 422/479/422 426/482/426
f 430/488/430 427/486/427 426/482/426 428/483/428
f 431/489/431 430/488/430 428/483/428 429/490/429
f 429/490/429 428/483/428 424/484/424 466/491/466
f 433/492/433 432/493/432 430/488/430 431/489/431
f 432/493/432 435/494/435 427/486/427 430/488/430
f 488/495/488 434/496/434 432/493/432 433/492/433
f 434/496/434 436/497/436 435/494/435 432/493/432
f 435/494/435 437/498/437 438/487/438 427/486/427
f 436/497/436 439/499/439 437/498/437 435/494/435
f 437/498/437 386/440/386 384/437/384 438/487/438
f 439/499/439 441/443/441 386/440/386 437/498/437
f 493/500/493 440/501/440 439/499/439 436/497/436
f 440/501/440 442/502/442 441/443/441 439/499/439
f 442/502/442 444/503/444 387/444/387 441/443/441
f 443/504/443 445/505/445 444/506/444 442/507/442
f 448/508/448 443/504/443 442/507/442 440/509/440
f 444/503/444 446/448/446 389/445/389 387/444/387
f 445/505/445 402/460/402 446/461/446 444/506/444
f 447/469/447 410/465/410 445/505/445 443/504/443
f 410/465/410 404/459/404 402/460/402 445/505/445
f 450/510/450 447/469/447 443/504/443 448/508/448
f 451/511/451 450/510/450 448/508/448 449/512/449
f 449/512/449 448/508/448 440/509/440 493/513/493
f 453/514/453 452/475/452 450/510/450 451/511/451
f 452/475/452 409/468/409 447/469/447 450/510/450
f 454/515/454 414/474/414 452/475/452 453/514/453
f 455/516/455 453/514/453 451/511/451 457/517/457
f 458/518/458 454/515/454 453/514/453 455/516/455
f 460/519/460 458/518/458 455/516/455 456/520/456
f 456/520/456 455/516/455 457/517/457 494/521/494
f 459/522/459 1432/523/1427 454/515/454 458/518/458
f 462/524/462 459/522/459 458/518/458 460/519/460
f 463/525/463 462/524/462 460/519/460 461/526/461
f 461/526/461 460/519/460 456/520/456 499/527/499
f 465/528/465 464/529/464 462/524/462 463/525/463
f 464/529/464 467/485/467 459/522/459 462/524/462
f 468/530/468 466/491/466 464/529/464 465/528/465
f 466/491/466 424/484/424 467/485/467 464/529/464
f 467/485/467 425/481/425 1432/523/1427 459/522/459
f 469/531/469 429/490/429 466/491/466 468/530/468
f 470/532/470 468/530/468 465/528/465 472/533/472
f 473/534/473 469/531/469 468/530/468 470/532/470
f 475/535/475 473/534/473 470/532/470 471/536/471
f 471/536/471 470/532/470 472/533/472 514/537/514
f 474/538/474 485/539/485 469/531/469 473/534/473
f 477/540/477 474/538/474 473/534/473 475/535/475
f 478/541/478 477/540/477 475/535/475 476/542/476
f 476/542/476 475/535/475 471/536/471 513/543/513
f 480/544/480 479/545/479 477/540/477 478/541/478
f 479/545/479 482/546/482 474/538/474 477/540/477
f 535/547/535 481/548/481 479/545/479 480/544/480
f 481/548/481 483/549/483 482/546/482 479/545/479
f 482/546/482 484/550/484 485/539/485 474/538/474
f 483/549/483 486/551/486 484/550/484 482/546/482
f 484/550/484 433/492/433 431/489/431 485/539/485
f 486/551/486 488/495/488 433/492/433 484/550/484
f 540/552/540 487/553/487 486/551/486 483/549/483
f 487/553/487 489/554/489 488/495/488 486/551/486
f 489/554/489 491/555/491 434/496/434 488/495/488
f 490/556/490 492/557/492 491/558/491 489/559/489
f 495/560/495 490/556/490 489/559/489 487/561/487
f 491/555/491 493/500/493 436/497/436 434/496/434
f 492/557/492 449/512/449 493/513/493 491/558/491
f 494/521/494 457/517/457 492/557/492 490/556/490
f 457/517/457 451/511/451 449/512/449 492/557/492
f 497/562/497 494/521/494 490/556/490 495/560/495
f 498/563/498 497/562/497 495/560/495 496/564/496
f 496/564/496 495/560/495 487/561/487 540/565/540
f 500/566/500 499/527/499 497/562/497 498/563/498
f 499/527/499 456/520/456 494/521/494 497/562/497
f 501/567/501 461/526/461 499/527/499 500/566/500
f 502/568/502 500/566/500 498/563/498 504/569/504
f 505/570/505 501/567/501 500/566/500 502/568/502
f 507/571/507 505/570/505 502/568/502 503/572/503
f 503/572/503 502/568/502 504/569/504 541/573/541
f 506/574/506 1431/575/1426 501/567/501 505/570/505
f 509/576/509 506/574/506 505/570/505 507/571/507
f 510/577/510 509/576/509 507/571/507 508/578/508
f 508/578/508 507/571/507 503/572/503 546/579/546
f 512/580/512 511/581/511 509/576/509 510/577/510
f 511/581/511 514/537/514 506/574/506 509/576/509
f 515/582/515 513/543/513 511/581/511 512/580/512
f 513/543/513 471/536/471 514/537/514 511/581/511
f 514/537/514 472/533/472 1431/575/1426 506/574/506
f 516/583/516 476/542/476 513/543/513 515/582/515
f 517/584/517 515/582/515 512/580/512 519/585/519
f 520/586/520 516/583/516 515/582/515 517/584/517
f 522/587/522 520/586/520 517/584/517 518/588/518
f 518/588/518 517/584/517 519/585/519 561/589/561
f 521/590/521 532/591/532 516/583/516 520/586/520
f 524/592/524 521/590/521 520/586/520 522/587/522
f 525/593/525 524/592/524 522/587/522 523/594/523
f 523/594/523 522/587/522 518/588/518 560/595/560
f 527/596/527 526/597/526 524/592/524 525/593/525
f 526/597/526 529/598/529 521/590/521 524/592/524
f 582/599/582 528/600/528 526/597/526 527/596/527
f 528/600/528 530/601/530 529/598/529 526/597/526
f 529/598/529 531/602/531 532/591/532 521/590/521
f 530/601/530 533/603/533 531/602/531 529/598/529
f 531/602/531 480/544/480 478/541/478 532/591/532
f 533/603/533 535/547/535 480/544/480 531/602/531
f 587/604/587 534/605/534 533/603/533 530/601/530
f 534/605/534 536/606/536 535/547/535 533/603/533
f 536/606/536 538/607/538 481/548/481 535/547/535
f 537/608/537 539/609/539 538/610/538 536/611/536
f 542/612/542 537/608/537 536/611/536 534/613/534
f 538/607/538 540/552/540 483/549/483 481/548/481
f 539/609/539 496/564/496 540/565/540 538/610/538
f 541/573/541 504/569/504 539/609/539 537/608/537
f 504/569/504 498/563/498 496/564/496 539/609/539
f 544/614/544 541/573/541 537/608/537 542/612/542
f 545/615/545 544/614/544 542/612/542 543/616/543
f 543/616/543 542/612/542 534/613/534 587/617/587
f 547/618/547 546/579/546 544/614/544 545/615/545
f 546/579/546 503/572/503 541/573/541 544/614/544
f 548/619/548 508/578/508 546/579/546 547/618/547
f 549/620/549 547/618/547 545/615/545 551/621/551
f 552/622/552 548/619/548 547/618/547 549/620/549
f 554/623/554 552/622/552 549/620/549 550/624/550
f 550/624/550 549/620/549 551/621/551 588/625/588
f 553/626/553 1430/627/1425 548/619/548 552/622/552
f 556/628/556 553/626/553 552/622/552 554/623/554
f 557/629/557 556/628/556 554/623/554 555/630/555
f 555/630/555 554/623/554 550/624/550 593/631/593
f 559/632/559 558/633/558 556/628/556 557/629/557
f 558/633/558 561/589/561 553/626/553 556/628/556
f 562/634/562 560/595/560 558/633/558 559/632/559
f 560/595/560 518/588/518 561/589/561 558/633/558
f 561/589/561 519/585/519 1430/627/1425 553/626/553
f 563/635/563 523/594/523 560/595/560 562/634/562
f 564/636/564 562/634/562 559/632/559 566/637/566
f 567/638/567 563/635/563 562/634/562 564/636/564
f 569/639/569 567/638/567 564/636/564 565/640/565
f 565/640/565 564/636/564 566/637/566 608/641/608
f 568/642/568 579/643/579 563/635/563 567/638/567
f 571/644/571 568/642/568 567/638/567 569/639/569
f 572/645/572 571/644/571 569/639/569 570/646/570
f 570/646/570 569/639/569 565/640/565 607/647/607
f 574/648/574 573/649/573 571/644/571 572/645/572
f 573/649/573 576/650/576 568/642/568 571/644/571
f 629/651/628 575/652/575 573/649/573 574/648/574
f 575/652/575 577/653/577 576/650/576 573/649/573
f 576/650/576 578/654/578 579/643/579 568/642/568
f 577/653/577 580/655/580 578/654/578 576/650/576
f 578/654/578 527/596/527 525/593/525 579/643/579
f 580/655/580 582/599/582 527/596/527 578/654/578
f 634/656/633 581/657/581 580/655/580 577/653/577
f 581/657/581 583/658/583 582/599/582 580/655/580
f 583/658/583 585/659/585 528/600/528 582/599/582
f 584/660/584 586/661/586 585/662/585 583/663/583
f 589/664/589 584/660/584 583/663/583 581/665/581
f 585/659/585 587/604/587 530/601/530 528/600/528
f 586/661/586 543/616/543 587/617/587 585/662/585
f 588/625/588 551/621/551 586/661/586 584/660/584
f 551/621/551 545/615/545 543/616/543 586/661/586
f 591/666/591 588/625/588 584/660/584 589/664/589
f 592/667/592 591/666/591 589/664/589 590/668/590
f 590/668/590 589/664/589 581/665/581 634/669/633
f 594/670/594 593/631/593 591/666/591 592/667/592
f 593/631/593 550/624/550 588/625/588 591/666/591
f 595/671/595 555/630/555 593/631/593 594/670/594
f 596/672/596 594/670/594 592/667/592 598/673/598
f 599/674/599 595/671/595 594/670/594 596/672/596
f 601/675/601 599/674/599 596/672/596 597/676/597
f 597/676/597 596/672/596 598/673/598 635/677/634
f 600/678/600 1429/679/1424 595/671/595 599/674/599
f 603/680/603 600/678/600 599/674/599 601/675/601
f 604/681/604 603/680/603 601/675/601 602/682/602
f 602/682/602 601/675/601 597/676/597 640/683/639
f 606/684/606 605/685/605 603/680/603 604/681/604
f 605/685/605 608/641/608 600/678/600 603/680/603
f 609/686/609 607/647/607 605/685/605 606/684/606
f 607/647/607 565/640/565 608/641/608 605/685/605
f 608/641/608 566/637/566 1429/679/1424 600/678/600
f 610/687/610 570/646/570 607/647/607 609/686/609
f 611/688/611 609/686/609 606/684/606 613/689/613
f 614/690/614 610/687/610 609/686/609 611/688/611
f 616/691/616 614/690/614 611/688/611 612/692/612
f 612/692/612 611/688/611 613/689/613 655/693/654
f 615/694/615 626/695/625 610/687/610 614/690/614
f 618/696/618 615/694/615 614/690/614 616/691/616
f 619/697/619 618/696/618 616/691/616 617/698/617
f 617/698/617 616/691/616 612/692/612 654/699/653
f 621/700/621 620/701/620 618/696/618 619/697/619
f 620/701/620 623/702/623 615/694/615 618/696/618
f 676/703/674 622/704/622 620/701/620 621/700/621
f 622/704/622 624/705/622 623/702/623 620/701/620
f 623/702/623 625/706/624 626/695/625 615/694/615
f 624/705/622 627/707/626 625/706/624 623/702/623
f 625/706/624 574/648/574 572/645/572 626/695/625
f 627/707/626 629/651/628 574/648/574 625/706/624
f 681/708/679 628/709/627 627/707/626 624/705/622
f 628/709/627 630/710/629 629/651/628 627/707/626
f 630/710/629 632/711/631 575/652/575 629/651/628
f 631/712/630 633/713/632 632/714/631 630/715/629
f 636/716/635 631/712/630 630/715/629 628/717/627
f 632/711/631 634/656/633 577/653/577 575/652/575
f 633/713/632 590/668/590 634/669/633 632/714/631
f 635/677/634 598/673/598 633/713/632 631/712/630
f 598/673/598 592/667/592 590/668/590 633/713/632
f 638/718/637 635/677/634 631/712/630 636/716/635
f 639/719/638 638/718/637 636/716/635 637/720/636
f 637/720/636 636/716/635 628/717/627 681/721/679
f 641/722/640 640/683/639 638/718/637 639/719/638
f 640/683/639 597/676/597 635/677/634 638/718/637
f 642/723/641 602/682/602 640/683/639 641/722/640
f 643/724/642 641/722/640 639/719/638 645/725/644
f 646/726/645 642/723/641 641/722/640 643/724/642
f 648/727/647 646/726/645 643/724/642 644/728/643
f 644/728/643 643/724/642 645/725/644 682/729/680
f 647/730/646 1428/731/646 642/723/641 646/726/645
f 650/732/649 647/730/646 646/726/645 648/727/647
f 651/733/650 650/732/649 648/727/647 649/734/648
f 649/734/648 648/727/647 644/728/643 687/735/685
f 653/736/652 652/737/651 650/732/649 651/733/650
f 652/737/651 655/693/654 647/730/646 650/732/649
f 656/738/655 654/699/653 652/737/651 653/736/652
f 654/699/653 612/692/612 655/693/654 652/737/651
f 655/693/654 613/689/613 1428/731/646 647/730/646
f 657/739/656 617/698/617 654/699/653 656/738/655
f 658/740/657 656/738/655 653/736/652 660/741/659
f 661/742/660 657/739/656 656/738/655 658/740/657
f 663/743/662 661/742/660 658/740/657 659/744/658
f 659/744/658 658/740/657 660/741/659 702/745/700
f 662/746/661 673/747/671 657/739/656 661/742/660
f 665/748/664 662/746/661 661/742/660 663/743/662
f 666/749/665 665/748/664 663/743/662 664/750/663
f 664/750/663 663/743/662 659/744/658 701/751/699
f 668/752/667 667/753/666 665/748/664 666/749/665
f 667/753/666 670/754/669 662/746/661 665/748/664
f 723/755/721 669/756/668 667/753/666 668/752/667
f 669/756/668 671/757/668 670/754/669 667/753/666
f 670/754/669 672/758/670 673/747/671 662/746/661
f 671/757/668 674/759/672 672/758/670 670/754/669
f 672/758/670 621/700/621 619/697/619 673/747/671
f 674/759/672 676/703/674 621/700/621 672/758/670
f 728/760/726 675/761/673 674/759/672 671/757/668
f 675/761/673 677/762/675 676/703/674 674/759/672
f 677/762/675 679/763/677 622/704/622 676/703/674
f 678/764/676 680/765/678 679/766/677 677/767/675
f 683/768/681 678/764/676 677/767/675 675/769/673
f 679/763/677 681/708/679 624/705/622 622/704/622
f 680/765/678 637/720/636 681/721/679 679/766/677
f 682/729/680 645/725/644 680/765/678 678/764/676
f 645/725/644 639/719/638 637/720/636 680/765/678
f 685/770/683 682/729/680 678/764/676 683/768/681
f 686/771/684 685/770/683 683/768/681 684/772/682
f 684/772/682 683/768/681 675/769/673 728/773/726
f 688/774/686 687/735/685 685/770/683 686/771/684
f 687/735/685 644/728/643 682/729/680 685/770/683
f 689/775/687 649/734/648 687/735/685 688/774/686
f 690/776/688 688/774/686 686/771/684 692/777/690
f 693/778/691 689/775/687 688/774/686 690/776/688
f 695/779/693 693/778/691 690/776/688 691/780/689
f 691/780/689 690/776/688 692/777/690 729/781/727
f 694/782/692 1427/783/692 689/775/687 693/778/691
f 697/784/695 694/782/692 693/778/691 695/779/693
f 698/785/696 697/784/695 695/779/693 696/786/694
f 696/786/694 695/779/693 691/780/689 734/787/732
f 700/788/698 699/789/697 697/784/695 698/785/696
f 699/789/697 702/745/700 694/782/692 697/784/695
f 703/790/701 701/751/699 699/789/697 700/788/698
f 701/751/699 659/744/658 702/745/700 699/789/697
f 702/745/700 660/741/659 1427/783/692 694/782/692
f 704/791/702 664/750/663 701/751/699 703/790/701
f 705/792/703 703/790/701 700/788/698 707/793/705
f 708/794/706 704/791/702 703/790/701 705/792/703
f 710/795/708 708/794/706 705/792/703 706/796/704
f 706/796/704 705/792/703 707/793/705 749/797/747
f 709/798/707 720/799/718 704/791/702 708/794/706
f 712/800/710 709/798/707 708/794/706 710/795/708
f 713/801/711 712/800/710 710/795/708 711/802/709
f 711/802/709 710/795/708 706/796/704 748/803/746
f 715/804/713 714/805/712 712/800/710 713/801/711
f 714/805/712 717/806/715 709/798/707 712/800/710
f 770/807/768 716/808/714 714/805/712 715/804/713
f 716/808/714 718/809/716 717/806/715 714/805/712
f 717/806/715 719/810/717 720/799/718 709/798/707
f 718/809/716 721/811/719 719/810/717 717/806/715
f 719/810/717 668/752/667 666/749/665 720/799/718
f 721/811/719 723/755/721 668/752/667 719/810/717
f 775/812/773 722/813/720 721/811/719 718/809/716
f 722/813/720 724/814/722 723/755/721 721/811/719
f 724/814/722 726/815/724 669/756/668 723/755/721
f 725/816/723 727/817/725 726/818/724 724/819/722
f 730/820/728 725/816/723 724/819/722 722/821/720
f 726/815/724 728/760/726 671/757/668 669/756/668
f 727/817/725 684/772/682 728/773/726 726/818/724
f 729/781/727 692/777/690 727/817/725 725/816/723
f 692/777/690 686/771/684 684/772/682 727/817/725
f 732/822/730 729/781/727 725/816/723 730/820/728
f 733/823/731 732/822/730 730/820/728 731/824/729
f 731/824/729 730/820/728 722/821/720 775/825/773
f 735/826/733 734/787/732 732/822/730 733/823/731
f 734/787/732 691/780/689 729/781/727 732/822/730
f 736/827/734 696/786/694 734/787/732 735/826/733
f 737/828/735 735/826/733 733/823/731 739/829/737
f 740/830/738 736/827/734 735/826/733 737/828/735
f 742/831/740 740/830/738 737/828/735 738/832/736
f 738/832/736 737/828/735 739/829/737 776/833/774
f 741/834/739 1426/835/1423 736/827/734 740/830/738
f 744/836/742 741/834/739 740/830/738 742/831/740
f 745/837/743 744/836/742 742/831/740 743/838/741
f 743/838/741 742/831/740 738/832/736 781/839/779
f 747/840/745 746/841/744 744/836/742 745/837/743
f 746/841/744 749/797/747 741/834/739 744/836/742
f 750/842/748 748/803/746 746/841/744 747/840/745
f 748/803/746 706/796/704 749/797/747 746/841/744
f 749/797/747 707/793/705 1426/835/1423 741/834/739
f 751/843/749 711/802/709 748/803/746 750/842/748
f 752/844/750 750/842/748 747/840/745 754/845/752
f 755/846/753 751/843/749 750/842/748 752/844/750
f 757/847/755 755/846/753 752/844/750 753/848/751
f 753/848/751 752/844/750 754/845/752 796/849/794
f 756/850/754 767/851/765 751/843/749 755/846/753
f 759/852/757 756/850/754 755/846/753 757/847/755
f 760/853/758 759/852/757 757/847/755 758/854/756
f 758/854/756 757/847/755 753/848/751 795/855/793
f 762/856/760 761/857/759 759/852/757 760/853/758
f 761/857/759 764/858/762 756/850/754 759/852/757
f 817/859/815 763/860/761 761/857/759 762/856/760
f 763/860/761 765/861/763 764/858/762 761/857/759
f 764/858/762 766/862/764 767/851/765 756/850/754
f 765/861/763 768/863/766 766/862/764 764/858/762
f 766/862/764 715/804/713 713/801/711 767/851/765
f 768/863/766 770/807/768 715/804/713 766/862/764
f 822/864/820 769/865/767 768/863/766 765/861/763
f 769/865/767 771/866/769 770/807/768 768/863/766
f 771/866/769 773/867/771 716/808/714 770/807/768
f 772/868/770 774/869/772 773/870/771 771/871/769
f 777/872/775 772/868/770 771/871/769 769/873/767
f 773/867/771 775/812/773 718/809/716 716/808/714
f 774/869/772 731/824/729 775/825/773 773/870/771
f 776/833/774 739/829/737 774/869/772 772/868/770
f 739/829/737 733/823/731 731/824/729 774/869/772
f 779/874/777 776/833/774 772/868/770 777/872/775
f 780/875/778 779/874/777 777/872/775 778/876/776
f 778/876/776 777/872/775 769/873/767 822/877/820
f 782/878/780 781/839/779 779/874/777 780/875/778
f 781/839/779 738/832/736 776/833/774 779/874/777
f 783/879/781 743/838/741 781/839/779 782/878/780
f 784/880/782 782/878/780 780/875/778 786/881/784
f 787/882/785 783/879/781 782/878/780 784/880/782
f 789/883/787 787/882/785 784/880/782 785/884/783
f 785/884/783 784/880/782 786/881/784 823/885/821
f 788/886/786 1425/887/1422 783/879/781 787/882/785
f 791/888/789 788/886/786 787/882/785 789/883/787
f 792/889/790 791/888/789 789/883/787 790/890/788
f 790/890/788 789/883/787 785/884/783 828/891/826
f 794/892/792 793/893/791 791/888/789 792/889/790
f 793/893/791 796/849/794 788/886/786 791/888/789
f 797/894/795 795/855/793 793/893/791 794/892/792
f 795/855/793 753/848/751 796/849/794 793/893/791
f 796/849/794 754/845/752 1425/887/1422 788/886/786
f 798/895/796 758/854/756 795/855/793 797/894/795
f 799/896/797 797/894/795 794/892/792 801/897/799
f 802/898/800 798/895/796 797/894/795 799/896/797
f 804/899/802 802/898/800 799/896/797 800/900/798
f 800/900/798 799/896/797 801/897/799 843/901/841
f 803/902/801 814/903/812 798/895/796 802/898/800
f 806/904/804 803/902/801 802/898/800 804/899/802
f 807/905/805 806/904/804 804/899/802 805/906/803
f 805/906/803 804/899/802 800/900/798 842/907/840
f 809/908/807 808/909/806 806/904/804 807/905/805
f 808/909/806 811/910/809 803/902/801 806/904/804
f 864/911/862 810/912/808 808/909/806 809/908/807
f 810/912/808 812/913/810 811/910/809 808/909/806
f 811/910/809 813/914/811 814/903/812 803/902/801
f 812/913/810 815/915/813 813/914/811 811/910/809
f 813/914/811 762/856/760 760/853/758 814/903/812
f 815/915/813 817/859/815 762/856/760 813/914/811
f 869/916/867 816/917/814 815/915/813 812/913/810
f 816/917/814 818/918/816 817/859/815 815/915/813
f 818/918/816 820/919/818 763/860/761 817/859/815
f 819/920/817 821/921/819 820/922/818 818/923/816
f 824/924/822 819/920/817 818/923/816 816/925/814
f 820/919/818 822/864/820 765/861/763 763/860/761
f 821/921/819 778/876/776 822/877/820 820/922/818
f 823/885/821 786/881/784 821/921/819 819/920/817
f 786/881/784 780/875/778 778/876/776 821/921/819
f 826/926/824 823/885/821 819/920/817 824/924/822
f 827/927/825 826/926/824 824/924/822 825/928/823
f 825/928/823 824/924/822 816/925/814 869/929/867
f 829/930/827 828/891/826 826/926/824 827/927/825
f 828/891/826 785/884/783 823/885/821 826/926/824
f 830/931/828 790/890/788 828/891/826 829/930/827
f 831/932/829 829/930/827 827/927/825 833/933/831
f 834/934/832 830/931/828 829/930/827 831/932/829
f 836/935/834 834/934/832 831/932/829 832/936/830
f 832/936/830 831/932/829 833/933/831 870/937/868
f 835/938/833 1424/939/1421 830/931/828 834/934/832
f 838/940/836 835/938/833 834/934/832 836/935/834
f 839/941/837 838/940/836 836/935/834 837/942/835
f 837/942/835 836/935/834 832/936/830 875/943/873
f 841/944/839 840/945/838 838/940/836 839/941/837
f 840/945/838 843/901/841 835/938/833 838/940/836
f 844/946/842 842/907/840 840/945/838 841/944/839
f 842/907/840 800/900/798 843/901/841 840/945/838
f 843/901/841 801/897/799 1424/939/1421 835/938/833
f 845/947/843 805/906/803 842/907/840 844/946/842
f 846/948/844 844/946/842 841/944/839 848/949/846
f 849/950/847 845/947/843 844/946/842 846/948/844
f 851/951/849 849/950/847 846/948/844 847/952/845
f 847/952/845 846/948/844 848/949/846 890/953/888
f 850/954/848 861/955/859 845/947/843 849/950/847
f 853/956/851 850/954/848 849/950/847 851/951/849
f 854/957/852 853/956/851 851/951/849 852/958/850
f 852/958/850 851/951/849 847/952/845 889/959/887
f 856/960/854 855/961/853 853/956/851 854/957/852
f 855/961/853 858/962/856 850/954/848 853/956/851
f 911/963/909 857/964/855 855/961/853 856/960/854
f 857/964/855 859/965/857 858/962/856 855/961/853
f 858/962/856 860/966/858 861/955/859 850/954/848
f 859/965/857 862/967/860 860/966/858 858/962/856
f 860/966/858 809/908/807 807/905/805 861/955/859
f 862/967/860 864/911/862 809/908/807 860/966/858
f 916/968/914 863/969/861 862/967/860 859/965/857
f 863/969/861 865/970/863 864/911/862 862/967/860
f 865/970/863 867/971/865 810/912/808 864/911/862
f 866/972/864 868/973/866 867/974/865 865/975/863
f 871/976/869 866/972/864 865/975/863 863/977/861
f 867/971/865 869/916/867 812/913/810 810/912/808
f 868/973/866 825/928/823 869/929/867 867/974/865
f 870/937/868 833/933/831 868/973/866 866/972/864
f 833/933/831 827/927/825 825/928/823 868/973/866
f 873/978/871 870/937/868 866/972/864 871/976/869
f 874/979/872 873/978/871 871/976/869 872/980/870
f 872/980/870 871/976/869 863/977/861 916/981/914
f 876/982/874 875/943/873 873/978/871 874/979/872
f 875/943/873 832/936/830 870/937/868 873/978/871
f 877/983/875 837/942/835 875/943/873 876/982/874
f 878/984/876 876/982/874 874/979/872 880/985/878
f 881/986/879 877/983/875 876/982/874 878/984/876
f 883/987/881 881/986/879 878/984/876 879/988/877
f 879/988/877 878/984/876 880/985/878 917/989/915
f 882/990/880 1423/991/1420 877/983/875 881/986/879
f 885/992/883 882/990/880 881/986/879 883/987/881
f 886/993/884 885/992/883 883/987/881 884/994/882
f 884/994/882 883/987/881 879/988/877 922/995/920
f 888/996/886 887/997/885 885/992/883 886/993/884
f 887/997/885 890/953/888 882/990/880 885/992/883
f 891/998/889 889/959/887 887/997/885 888/996/886
f 889/959/887 847/952/845 890/953/888 887/997/885
f 890/953/888 848/949/846 1423/991/1420 882/990/880
f 892/999/890 852/958/850 889/959/887 891/998/889
f 893/1000/891 891/998/889 888/996/886 895/1001/893
f 896/1002/894 892/999/890 891/998/889 893/1000/891
f 898/1003/896 896/1002/894 893/1000/891 894/1004/892
f 894/1004/892 893/1000/891 895/1001/893 937/1005/935
f 897/1006/895 908/1007/906 892/999/890 896/1002/894
f 900/1008/898 897/1006/895 896/1002/894 898/1003/896
f 901/1009/899 900/1008/898 898/1003/896 899/1010/897
f 899/1010/897 898/1003/896 894/1004/892 936/1011/934
f 903/1012/901 902/1013/900 900/1008/898 901/1009/899
f 902/1013/900 905/1014/903 897/1006/895 900/1008/898
f 958/1015/956 904/1016/902 902/1013/900 903/1012/901
f 904/1016/902 906/1017/904 905/1014/903 902/1013/900
f 905/1014/903 907/1018/905 908/1007/906 897/1006/895
f 906/1017/904 909/1019/907 907/1018/905 905/1014/903
f 907/1018/905 856/960/854 854/957/852 908/1007/906
f 909/1019/907 911/963/909 856/960/854 907/1018/905
f 963/1020/961 910/1021/908 909/1019/907 906/1017/904
f 910/1021/908 912/1022/910 911/963/909 909/1019/907
f 912/1022/910 914/1023/912 857/964/855 911/963/909
f 913/1024/911 915/1025/913 914/1026/912 912/1027/910
f 918/1028/916 913/1024/911 912/1027/910 910/1029/908
f 914/1023/912 916/968/914 859/965/857 857/964/855
f 915/1025/913 872/980/870 916/981/914 914/1026/912
f 917/989/915 880/985/878 915/1025/913 913/1024/911
f 880/985/878 874/979/872 872/980/870 915/1025/913
f 920/1030/918 917/989/915 913/1024/911 918/1028/916
f 921/1031/919 920/1030/918 918/1028/916 919/1032/917
f 919/1032/917 918/1028/916 910/1029/908 963/1033/961
f 923/1034/921 922/995/920 920/1030/918 921/1031/919
f 922/995/920 879/988/877 917/989/915 920/1030/918
f 924/1035/922 884/994/882 922/995/920 923/1034/921
f 925/1036/923 923/1034/921 921/1031/919 927/1037/925
f 928/1038/926 924/1035/922 923/1034/921 925/1036/923
f 930/1039/928 928/1038/926 925/1036/923 926/1040/924
f 926/1040/924 925/1036/923 927/1037/925 964/1041/962
f 929/1042/927 1422/1043/1419 924/1035/922 928/1038/926
f 932/1044/930 929/1042/927 928/1038/926 930/1039/928
f 933/1045/931 932/1044/930 930/1039/928 931/1046/929
f 931/1046/929 930/1039/928 926/1040/924 969/1047/967
f 935/1048/933 934/1049/932 932/1044/930 933/1045/931
f 934/1049/932 937/1005/935 929/1042/927 932/1044/930
f 938/1050/936 936/1011/934 934/1049/932 935/1048/933
f 936/1011/934 894/1004/892 937/1005/935 934/1049/932
f 937/1005/935 895/1001/893 1422/1043/1419 929/1042/927
f 939/1051/937 899/1010/897 936/1011/934 938/1050/936
f 940/1052/938 938/1050/936 935/1048/933 942/1053/940
f 943/1054/941 939/1051/937 938/1050/936 940/1052/938
f 945/1055/943 943/1054/941 940/1052/938 941/1056/939
f 941/1056/939 940/1052/938 942/1053/940 984/1057/982
f 944/1058/942 955/1059/953 939/1051/937 943/1054/941
f 947/1060/945 944/1058/942 943/1054/941 945/1055/943
f 948/1061/946 947/1060/945 945/1055/943 946/1062/944
f 946/1062/944 945/1055/943 941/1056/939 983/1063/981
f 950/1064/948 949/1065/947 947/1060/945 948/1061/946
f 949/1065/947 952/1066/950 944/1058/942 947/1060/945
f 1005/1067/1003 951/1068/949 949/1065/947 950/1064/948
f 951/1068/949 953/1069/951 952/1066/950 949/1065/947
f 952/1066/950 954/1070/952 955/1059/953 944/1058/942
f 953/1069/951 956/1071/954 954/1070/952 952/1066/950
f 954/1070/952 903/1012/901 901/1009/899 955/1059/953
f 956/1071/954 958/1015/956 903/1012/901 954/1070/952
f 1010/1072/1008 957/1073/955 956/1071/954 953/1069/951
f 957/1073/955 959/1074/957 958/1015/956 956/1071/954
f 959/1074/957 961/1075/959 904/1016/902 958/1015/956
f 960/1076/958 962/1077/960 961/1078/959 959/1079/957
f 965/1080/963 960/1076/958 959/1079/957 957/1081/955
f 961/1075/959 963/1020/961 906/1017/904 904/1016/902
f 962/1077/960 919/1032/917 963/1033/961 961/1078/959
f 964/1041/962 927/1037/925 962/1077/960 960/1076/958
f 927/1037/925 921/1031/919 919/1032/917 962/1077/960
f 967/1082/965 964/1041/962 960/1076/958 965/1080/963
f 968/1083/966 967/1082/965 965/1080/963 966/1084/964
f 966/1084/964 965/1080/963 957/1081/955 1010/1085/1008
f 970/1086/968 969/1047/967 967/1082/965 968/1083/966
f 969/1047/967 926/1040/924 964/1041/962 967/1082/965
f 971/1087/969 931/1046/929 969/1047/967 970/1086/968
f 972/1088/970 970/1086/968 968/1083/966 974/1089/972
f 975/1090/973 971/1087/969 970/1086/968 972/1088/970
f 977/1091/975 975/1090/973 972/1088/970 973/1092/971
f 973/1092/971 972/1088/970 974/1089/972 1011/1093/1009
f 976/1094/974 1421/1095/1418 971/1087/969 975/1090/973
f 979/1096/977 976/1094/974 975/1090/973 977/1091/975
f 980/1097/978 979/1096/977 977/1091/975 978/1098/976
f 978/1098/976 977/1091/975 973/1092/971 1016/1099/1014
f 982/1100/980 981/1101/979 979/1096/977 980/1097/978
f 981/1101/979 984/1057/982 976/1094/974 979/1096/977
f 985/1102/983 983/1063/981 981/1101/979 982/1100/980
f 983/1063/981 941/1056/939 984/1057/982 981/1101/979
f 984/1057/982 942/1053/940 1421/1095/1418 976/1094/974
f 986/1103/984 946/1062/944 983/1063/981 985/1102/983
f 987/1104/985 985/1102/983 982/1100/980 989/1105/987
f 990/1106/988 986/1103/984 985/1102/983 987/1104/985
f 992/1107/990 990/1106/988 987/1104/985 988/1108/986
f 988/1108/986 987/1104/985 989/1105/987 1031/1109/1029
f 991/1110/989 1002/1111/1000 986/1103/984 990/1106/988
f 994/1112/992 991/1110/989 990/1106/988 992/1107/990
f 995/1113/993 994/1112/992 992/1107/990 993/1114/991
f 993/1114/991 992/1107/990 988/1108/986 1030/1115/1028
f 997/1116/995 996/1117/994 994/1112/992 995/1113/993
f 996/1117/994 999/1118/997 991/1110/989 994/1112/992
f 1052/1119/1050 998/1120/996 996/1117/994 997/1116/995
f 998/1120/996 1000/1121/998 999/1118/997 996/1117/994
f 999/1118/997 1001/1122/999 1002/1111/1000 991/1110/989
f 1000/1121/998 1003/1123/1001 1001/1122/999 999/1118/997
f 1001/1122/999 950/1064/948 948/1061/946 1002/1111/1000
f 1003/1123/1001 1005/1067/1003 950/1064/948 1001/1122/999
f 1057/1124/1055 1004/1125/1002 1003/1123/1001 1000/1121/998
f 1004/1125/1002 1006/1126/1004 1005/1067/1003 1003/1123/1001
f 1006/1126/1004 1008/1127/1006 951/1068/949 1005/1067/1003
f 1007/1128/1005 1009/1129/1007 1008/1130/1006 1006/1131/1004
f 1012/1132/1010 1007/1128/1005 1006/1131/1004 1004/1133/1002
f 1008/1127/1006 1010/1072/1008 953/1069/951 951/1068/949
f 1009/1129/1007 966/1084/964 1010/1085/1008 1008/1130/1006
f 1011/1093/1009 974/1089/972 1009/1129/1007 1007/1128/1005
f 974/1089/972 968/1083/966 966/1084/964 1009/1129/1007
f 1014/1134/1012 1011/1093/1009 1007/1128/1005 1012/1132/1010
f 1015/1135/1013 1014/1134/1012 1012/1132/1010 1013/1136/1011
f 1013/1136/1011 1012/1132/1010 1004/1133/1002 1057/1137/1055
f 1017/1138/1015 1016/1099/1014 1014/1134/1012 1015/1135/1013
f 1016/1099/1014 973/1092/971 1011/1093/1009 1014/1134/1012
f 1018/1139/1016 978/1098/976 1016/1099/1014 1017/1138/1015
f 1019/1140/1017 1017/1138/1015 1015/1135/1013 1021/1141/1019
f 1022/1142/1020 1018/1139/1016 1017/1138/1015 1019/1140/1017
f 1024/1143/1022 1022/1142/1020 1019/1140/1017 1020/1144/1018
f 1020/1144/1018 1019/1140/1017 1021/1141/1019 1058/1145/1056
f 1023/1146/1021 1420/1147/1417 1018/1139/1016 1022/1142/1020
f 1026/1148/1024 1023/1146/1021 1022/1142/1020 1024/1143/1022
f 1027/1149/1025 1026/1148/1024 1024/1143/1022 1025/1150/1023
f 1025/1150/1023 1024/1143/1022 1020/1144/1018 1063/1151/1061
f 1029/1152/1027 1028/1153/1026 1026/1148/1024 1027/1149/1025
f 1028/1153/1026 1031/1109/1029 1023/1146/1021 1026/1148/1024
f 1032/1154/1030 1030/1115/1028 1028/1153/1026 1029/1152/1027
f 1030/1115/1028 988/1108/986 1031/1109/1029 1028/1153/1026
f 1031/1109/1029 989/1105/987 1420/1147/1417 1023/1146/1021
f 1033/1155/1031 993/1114/991 1030/1115/1028 1032/1154/1030
f 1034/1156/1032 1032/1154/1030 1029/1152/1027 1036/1157/1034
f 1037/1158/1035 1033/1155/1031 1032/1154/1030 1034/1156/1032
f 1039/1159/1037 1037/1158/1035 1034/1156/1032 1035/1160/1033
f 1035/1160/1033 1034/1156/1032 1036/1157/1034 1078/1161/1076
f 1038/1162/1036 1049/1163/1047 1033/1155/1031 1037/1158/1035
f 1041/1164/1039 1038/1162/1036 1037/1158/1035 1039/1159/1037
f 1042/1165/1040 1041/1164/1039 1039/1159/1037 1040/1166/1038
f 1040/1166/1038 1039/1159/1037 1035/1160/1033 1077/1167/1075
f 1044/1168/1042 1043/1169/1041 1041/1164/1039 1042/1165/1040
f 1043/1169/1041 1046/1170/1044 1038/1162/1036 1041/1164/1039
f 1099/1171/1097 1045/1172/1043 1043/1169/1041 1044/1168/1042
f 1045/1172/1043 1047/1173/1045 1046/1170/1044 1043/1169/1041
f 1046/1170/1044 1048/1174/1046 1049/1163/1047 1038/1162/1036
f 1047/1173/1045 1050/1175/1048 1048/1174/1046 1046/1170/1044
f 1048/1174/1046 997/1116/995 995/1113/993 1049/1163/1047
f 1050/1175/1048 1052/1119/1050 997/1116/995 1048/1174/1046
f 1104/1176/1102 1051/1177/1049 1050/1175/1048 1047/1173/1045
f 1051/1177/1049 1053/1178/1051 1052/1119/1050 1050/1175/1048
f 1053/1178/1051 1055/1179/1053 998/1120/996 1052/1119/1050
f 1054/1180/1052 1056/1181/1054 1055/1182/1053 1053/1183/1051
f 1059/1184/1057 1054/1180/1052 1053/1183/1051 1051/1185/1049
f 1055/1179/1053 1057/1124/1055 1000/1121/998 998/1120/996
f 1056/1181/1054 1013/1136/1011 1057/1137/1055 1055/1182/1053
f 1058/1145/1056 1021/1141/1019 1056/1181/1054 1054/1180/1052
f 1021/1141/1019 1015/1135/1013 1013/1136/1011 1056/1181/1054
f 1061/1186/1059 1058/1145/1056 1054/1180/1052 1059/1184/1057
f 1062/1187/1060 1061/1186/1059 1059/1184/1057 1060/1188/1058
f 1060/1188/1058 1059/1184/1057 1051/1185/1049 1104/1189/1102
f 1064/1190/1062 1063/1151/1061 1061/1186/1059 1062/1187/1060
f 1063/1151/1061 1020/1144/1018 1058/1145/1056 1061/1186/1059
f 1065/1191/1063 1025/1150/1023 1063/1151/1061 1064/1190/1062
f 1066/1192/1064 1064/1190/1062 1062/1187/1060 1068/1193/1066
f 1069/1194/1067 1065/1191/1063 1064/1190/1062 1066/1192/1064
f 1071/1195/1069 1069/1194/1067 1066/1192/1064 1067/1196/1065
f 1067/1196/1065 1066/1192/1064 1068/1193/1066 1105/1197/1103
f 1070/1198/1068 1419/1199/1416 1065/1191/1063 1069/1194/1067
f 1073/1200/1071 1070/1198/1068 1069/1194/1067 1071/1195/1069
f 1074/1201/1072 1073/1200/1071 1071/1195/1069 1072/1202/1070
f 1072/1202/1070 1071/1195/1069 1067/1196/1065 1110/1203/1108
f 1076/1204/1074 1075/1205/1073 1073/1200/1071 1074/1201/1072
f 1075/1205/1073 1078/1161/1076 1070/1198/1068 1073/1200/1071
f 1079/1206/1077 1077/1167/1075 1075/1205/1073 1076/1204/1074
f 1077/1167/1075 1035/1160/1033 1078/1161/1076 1075/1205/1073
f 1078/1161/1076 1036/1157/1034 1419/1199/1416 1070/1198/1068
f 1080/1207/1078 1040/1166/1038 1077/1167/1075 1079/1206/1077
f 1081/1208/1079 1079/1206/1077 1076/1204/1074 1083/1209/1081
f 1084/1210/1082 1080/1207/1078 1079/1206/1077 1081/1208/1079
f 1086/1211/1084 1084/1210/1082 1081/1208/1079 1082/1212/1080
f 1082/1212/1080 1081/1208/1079 1083/1209/1081 1125/1213/1123
f 1085/1214/1083 1096/1215/1094 1080/1207/1078 1084/1210/1082
f 1088/1216/1086 1085/1214/1083 1084/1210/1082 1086/1211/1084
f 1089/1217/1087 1088/1216/1086 1086/1211/1084 1087/1218/1085
f 1087/1218/1085 1086/1211/1084 1082/1212/1080 1124/1219/1122
f 1091/1220/1089 1090/1221/1088 1088/1216/1086 1089/1217/1087
f 1090/1221/1088 1093/1222/1091 1085/1214/1083 1088/1216/1086
f 1146/1223/1144 1092/1224/1090 1090/1221/1088 1091/1220/1089
f 1092/1224/1090 1094/1225/1092 1093/1222/1091 1090/1221/1088
f 1093/1222/1091 1095/1226/1093 1096/1215/1094 1085/1214/1083
f 1094/1225/1092 1097/1227/1095 1095/1226/1093 1093/1222/1091
f 1095/1226/1093 1044/1168/1042 1042/1165/1040 1096/1215/1094
f 1097/1227/1095 1099/1171/1097 1044/1168/1042 1095/1226/1093
f 1151/1228/1149 1098/1229/1096 1097/1227/1095 1094/1225/1092
f 1098/1229/1096 1100/1230/1098 1099/1171/1097 1097/1227/1095
f 1100/1230/1098 1102/1231/1100 1045/1172/1043 1099/1171/1097
f 1101/1232/1099 1103/1233/1101 1102/1234/1100 1100/1235/1098
f 1106/1236/1104 1101/1232/1099 1100/1235/1098 1098/1237/1096
f 1102/1231/1100 1104/1176/1102 1047/1173/1045 1045/1172/1043
f 1103/1233/1101 1060/1188/1058 1104/1189/1102 1102/1234/1100
f 1105/1197/1103 1068/1193/1066 1103/1233/1101 1101/1232/1099
f 1068/1193/1066 1062/1187/1060 1060/1188/1058 1103/1233/1101
f 1108/1238/1106 1105/1197/1103 1101/1232/1099 1106/1236/1104
f 1109/1239/1107 1108/1238/1106 1106/1236/1104 1107/1240/1105
f 1107/1240/1105 1106/1236/1104 1098/1237/1096 1151/1241/1149
f 1111/1242/1109 1110/1203/1108 1108/1238/1106 1109/1239/1107
f 1110/1203/1108 1067/1196/1065 1105/1197/1103 1108/1238/1106
f 1112/1243/1110 1072/1202/1070 1110/1203/1108 1111/1242/1109
f 1113/1244/1111 1111/1242/1109 1109/1239/1107 1115/1245/1113
f 1116/1246/1114 1112/1243/1110 1111/1242/1109 1113/1244/1111
f 1118/1247/1116 1116/1246/1114 1113/1244/1111 1114/1248/1112
f 1114/1248/1112 1113/1244/1111 1115/1245/1113 1152/1249/1150
f 1117/1250/1115 1418/1251/1415 1112/1243/1110 1116/1246/1114
f 1120/1252/1118 1117/1250/1115 1116/1246/1114 1118/1247/1116
f 1121/1253/1119 1120/1252/1118 1118/1247/1116 1119/1254/1117
f 1119/1254/1117 1118/1247/1116 1114/1248/1112 1157/1255/1155
f 1123/1256/1121 1122/1257/1120 1120/1252/1118 1121/1253/1119
f 1122/1257/1120 1125/1213/1123 1117/1250/1115 1120/1252/1118
f 1126/1258/1124 1124/1219/1122 1122/1257/1120 1123/1256/1121
f 1124/1219/1122 1082/1212/1080 1125/1213/1123 1122/1257/1120
f 1125/1213/1123 1083/1209/1081 1418/1251/1415 1117/1250/1115
f 1127/1259/1125 1087/1218/1085 1124/1219/1122 1126/1258/1124
f 1128/1260/1126 1126/1258/1124 1123/1256/1121 1130/1261/1128
f 1131/1262/1129 1127/1259/1125 1126/1258/1124 1128/1260/1126
f 1133/1263/1131 1131/1262/1129 1128/1260/1126 1129/1264/1127
f 1129/1264/1127 1128/1260/1126 1130/1261/1128 1172/1265/1170
f 1132/1266/1130 1143/1267/1141 1127/1259/1125 1131/1262/1129
f 1135/1268/1133 1132/1266/1130 1131/1262/1129 1133/1263/1131
f 1136/1269/1134 1135/1268/1133 1133/1263/1131 1134/1270/1132
f 1134/1270/1132 1133/1263/1131 1129/1264/1127 1171/1271/1169
f 1138/1272/1136 1137/1273/1135 1135/1268/1133 1136/1269/1134
f 1137/1273/1135 1140/1274/1138 1132/1266/1130 1135/1268/1133
f 1193/1275/1191 1139/1276/1137 1137/1273/1135 1138/1272/1136
f 1139/1276/1137 1141/1277/1139 1140/1274/1138 1137/1273/1135
f 1140/1274/1138 1142/1278/1140 1143/1267/1141 1132/1266/1130
f 1141/1277/1139 1144/1279/1142 1142/1278/1140 1140/1274/1138
f 1142/1278/1140 1091/1220/1089 1089/1217/1087 1143/1267/1141
f 1144/1279/1142 1146/1223/1144 1091/1220/1089 1142/1278/1140
f 1198/1280/1196 1145/1281/1143 1144/1279/1142 1141/1277/1139
f 1145/1281/1143 1147/1282/1145 1146/1223/1144 1144/1279/1142
f 1147/1282/1145 1149/1283/1147 1092/1224/1090 1146/1223/1144
f 1148/1284/1146 1150/1285/1148 1149/1286/1147 1147/1287/1145
f 1153/1288/1151 1148/1284/1146 1147/1287/1145 1145/1289/1143
f 1149/1283/1147 1151/1228/1149 1094/1225/1092 1092/1224/1090
f 1150/1285/1148 1107/1240/1105 1151/1241/1149 1149/1286/1147
f 1152/1249/1150 1115/1245/1113 1150/1285/1148 1148/1284/1146
f 1115/1245/1113 1109/1239/1107 1107/1240/1105 1150/1285/1148
f 1155/1290/1153 1152/1249/1150 1148/1284/1146 1153/1288/1151
f 1156/1291/1154 1155/1290/1153 1153/1288/1151 1154/1292/1152
f 1154/1292/1152 1153/1288/1151 1145/1289/1143 1198/1293/1196
f 1158/1294/1156 1157/1255/1155 1155/1290/1153 1156/1291/1154
f 1157/1255/1155 1114/1248/1112 1152/1249/1150 1155/1290/1153
f 1159/1295/1157 1119/1254/1117 1157/1255/1155 1158/1294/1156
f 1160/1296/1158 1158/1294/1156 1156/1291/1154 1162/1297/1160
f 1163/1298/1161 1159/1295/1157 1158/1294/1156 1160/1296/1158
f 1165/1299/1163 1163/1298/1161 1160/1296/1158 1161/1300/1159
f 1161/1300/1159 1160/1296/1158 1162/1297/1160 1199/1301/1197
f 1164/1302/1162 1417/1303/1414 1159/1295/1157 1163/1298/1161
f 1167/1304/1165 1164/1302/1162 1163/1298/1161 1165/1299/1163
f 1168/1305/1166 1167/1304/1165 1165/1299/1163 1166/1306/1164
f 1166/1306/1164 1165/1299/1163 1161/1300/1159 1204/1307/1202
f 1170/1308/1168 1169/1309/1167 1167/1304/1165 1168/1305/1166
f 1169/1309/1167 1172/1265/1170 1164/1302/1162 1167/1304/1165
f 1173/1310/1171 1171/1271/1169 1169/1309/1167 1170/1308/1168
f 1171/1271/1169 1129/1264/1127 1172/1265/1170 1169/1309/1167
f 1172/1265/1170 1130/1261/1128 1417/1303/1414 1164/1302/1162
f 1174/1311/1172 1134/1270/1132 1171/1271/1169 1173/1310/1171
f 1175/1312/1173 1173/1310/1171 1170/1308/1168 1177/1313/1175
f 1178/1314/1176 1174/1311/1172 1173/1310/1171 1175/1312/1173
f 1180/1315/1178 1178/1314/1176 1175/1312/1173 1176/1316/1174
f 1176/1316/1174 1175/1312/1173 1177/1313/1175 1219/1317/1217
f 1179/1318/1177 1190/1319/1188 1174/1311/1172 1178/1314/1176
f 1182/1320/1180 1179/1318/1177 1178/1314/1176 1180/1315/1178
f 1183/1321/1181 1182/1320/1180 1180/1315/1178 1181/1322/1179
f 1181/1322/1179 1180/1315/1178 1176/1316/1174 1218/1323/1216
f 1185/1324/1183 1184/1325/1182 1182/1320/1180 1183/1321/1181
f 1184/1325/1182 1187/1326/1185 1179/1318/1177 1182/1320/1180
f 1240/1327/1238 1186/1328/1184 1184/1325/1182 1185/1324/1183
f 1186/1328/1184 1188/1329/1186 1187/1326/1185 1184/1325/1182
f 1187/1326/1185 1189/1330/1187 1190/1319/1188 1179/1318/1177
f 1188/1329/1186 1191/1331/1189 1189/1330/1187 1187/1326/1185
f 1189/1330/1187 1138/1272/1136 1136/1269/1134 1190/1319/1188
f 1191/1331/1189 1193/1275/1191 1138/1272/1136 1189/1330/1187
f 1245/1332/1243 1192/1333/1190 1191/1331/1189 1188/1329/1186
f 1192/1333/1190 1194/1334/1192 1193/1275/1191 1191/1331/1189
f 1194/1334/1192 1196/1335/1194 1139/1276/1137 1193/1275/1191
f 1195/1336/1193 1197/1337/1195 1196/1338/1194 1194/1339/1192
f 1200/1340/1198 1195/1336/1193 1194/1339/1192 1192/1341/1190
f 1196/1335/1194 1198/1280/1196 1141/1277/1139 1139/1276/1137
f 1197/1337/1195 1154/1292/1152 1198/1293/1196 1196/1338/1194
f 1199/1301/1197 1162/1297/1160 1197/1337/1195 1195/1336/1193
f 1162/1297/1160 1156/1291/1154 1154/1292/1152 1197/1337/1195
f 1202/1342/1200 1199/1301/1197 1195/1336/1193 1200/1340/1198
f 1203/1343/1201 1202/1342/1200 1200/1340/1198 1201/1344/1199
f 1201/1344/1199 1200/1340/1198 1192/1341/1190 1245/1345/1243
f 1205/1346/1203 1204/1307/1202 1202/1342/1200 1203/1343/1201
f 1204/1307/1202 1161/1300/1159 1199/1301/1197 1202/1342/1200
f 1206/1347/1204 1166/1306/1164 1204/1307/1202 1205/1346/1203
f 1207/1348/1205 1205/1346/1203 1203/1343/1201 1209/1349/1207
f 1210/1350/1208 1206/1347/1204 1205/1346/1203 1207/1348/1205
f 1212/1351/1210 1210/1350/1208 1207/1348/1205 1208/1352/1206
f 1208/1352/1206 1207/1348/1205 1209/1349/1207 1246/1353/1244
f 1211/1354/1209 1416/1355/1413 1206/1347/1204 1210/1350/1208
f 1214/1356/1212 1211/1354/1209 1210/1350/1208 1212/1351/1210
f 1215/1357/1213 1214/1356/1212 1212/1351/1210 1213/1358/1211
f 1213/1358/1211 1212/1351/1210 1208/1352/1206 1251/1359/1249
f 1217/1360/1215 1216/1361/1214 1214/1356/1212 1215/1357/1213
f 1216/1361/1214 1219/1317/1217 1211/1354/1209 1214/1356/1212
f 1220/1362/1218 1218/1323/1216 1216/1361/1214 1217/1360/1215
f 1218/1323/1216 1176/1316/1174 1219/1317/1217 1216/1361/1214
f 1219/1317/1217 1177/1313/1175 1416/1355/1413 1211/1354/1209
f 1221/1363/1219 1181/1322/1179 1218/1323/1216 1220/1362/1218
f 1222/1364/1220 1220/1362/1218 1217/1360/1215 1224/1365/1222
f 1225/1366/1223 1221/1363/1219 1220/1362/1218 1222/1364/1220
f 1227/1367/1225 1225/1366/1223 1222/1364/1220 1223/1368/1221
f 1223/1368/1221 1222/1364/1220 1224/1365/1222 1266/1369/1264
f 1226/1370/1224 1237/1371/1235 1221/1363/1219 1225/1366/1223
f 1229/1372/1227 1226/1370/1224 1225/1366/1223 1227/1367/1225
f 1230/1373/1228 1229/1372/1227 1227/1367/1225 1228/1374/1226
f 1228/1374/1226 1227/1367/1225 1223/1368/1221 1265/1375/1263
f 1232/1376/1230 1231/1377/1229 1229/1372/1227 1230/1373/1228
f 1231/1377/1229 1234/1378/1232 1226/1370/1224 1229/1372/1227
f 1287/1379/1285 1233/1380/1231 1231/1377/1229 1232/1376/1230
f 1233/1380/1231 1235/1381/1233 1234/1378/1232 1231/1377/1229
f 1234/1378/1232 1236/1382/1234 1237/1371/1235 1226/1370/1224
f 1235/1381/1233 1238/1383/1236 1236/1382/1234 1234/1378/1232
f 1236/1382/1234 1185/1324/1183 1183/1321/1181 1237/1371/1235
f 1238/1383/1236 1240/1327/1238 1185/1324/1183 1236/1382/1234
f 1292/1384/1290 1239/1385/1237 1238/1383/1236 1235/1381/1233
f 1239/1385/1237 1241/1386/1239 1240/1327/1238 1238/1383/1236
f 1241/1386/1239 1243/1387/1241 1186/1328/1184 1240/1327/1238
f 1242/1388/1240 1244/1389/1242 1243/1390/1241 1241/1391/1239
f 1247/1392/1245 1242/1388/1240 1241/1391/1239 1239/1393/1237
f 1243/1387/1241 1245/1332/1243 1188/1329/1186 1186/1328/1184
f 1244/1389/1242 1201/1344/1199 1245/1345/1243 1243/1390/1241
f 1246/1353/1244 1209/1349/1207 1244/1389/1242 1242/1388/1240
f 1209/1349/1207 1203/1343/1201 1201/1344/1199 1244/1389/1242
f 1249/1394/1247 1246/1353/1244 1242/1388/1240 1247/1392/1245
f 1250/1395/1248 1249/1394/1247 1247/1392/1245 1248/1396/1246
f 1248/1396/1246 1247/1392/1245 1239/1393/1237 1292/1397/1290
f 1252/1398/1250 1251/1359/1249 1249/1394/1247 1250/1395/1248
f 1251/1359/1249 1208/1352/1206 1246/1353/1244 1249/1394/1247
f 1253/1399/1251 1213/1358/1211 1251/1359/1249 1252/1398/1250
f 1254/1400/1252 1252/1398/1250 1250/1395/1248 1256/1401/1254
f 1257/1402/1255 1253/1399/1251 1252/1398/1250 1254/1400/1252
f 1259/1403/1257 1257/1402/1255 1254/1400/1252 1255/1404/1253
f 1255/1404/1253 1254/1400/1252 1256/1401/1254 1293/1405/1291
f 1258/1406/1256 1415/1407/1412 1253/1399/1251 1257/1402/1255
f 1261/1408/1259 1258/1406/1256 1257/1402/1255 1259/1403/1257
f 1262/1409/1260 1261/1408/1259 1259/1403/1257 1260/1410/1258
f 1260/1410/1258 1259/1403/1257 1255/1404/1253 1298/1411/1296
f 1264/1412/1262 1263/1413/1261 1261/1408/1259 1262/1409/1260
f 1263/1413/1261 1266/1369/1264 1258/1406/1256 1261/1408/1259
f 1267/1414/1265 1265/1375/1263 1263/1413/1261 1264/1412/1262
f 1265/1375/1263 1223/1368/1221 1266/1369/1264 1263/1413/1261
f 1266/1369/1264 1224/1365/1222 1415/1407/1412 1258/1406/1256
f 1268/1415/1266 1228/1374/1226 1265/1375/1263 1267/1414/1265
f 1269/1416/1267 1267/1414/1265 1264/1412/1262 1271/1417/1269
f 1272/1418/1270 1268/1415/1266 1267/1414/1265 1269/1416/1267
f 1274/1419/1272 1272/1418/1270 1269/1416/1267 1270/1420/1268
f 1270/1420/1268 1269/1416/1267 1271/1417/1269 1313/1421/1311
f 1273/1422/1271 1284/1423/1282 1268/1415/1266 1272/1418/1270
f 1276/1424/1274 1273/1422/1271 1272/1418/1270 1274/1419/1272
f 1277/1425/1275 1276/1424/1274 1274/1419/1272 1275/1426/1273
f 1275/1426/1273 1274/1419/1272 1270/1420/1268 1312/1427/1310
f 1279/1428/1277 1278/1429/1276 1276/1424/1274 1277/1425/1275
f 1278/1429/1276 1281/1430/1279 1273/1422/1271 1276/1424/1274
f 1334/1431/1331 1280/1432/1278 1278/1429/1276 1279/1428/1277
f 1280/1432/1278 1282/1433/1280 1281/1430/1279 1278/1429/1276
f 1281/1430/1279 1283/1434/1281 1284/1423/1282 1273/1422/1271
f 1282/1433/1280 1285/1435/1283 1283/1434/1281 1281/1430/1279
f 1283/1434/1281 1232/1376/1230 1230/1373/1228 1284/1423/1282
f 1285/1435/1283 1287/1379/1285 1232/1376/1230 1283/1434/1281
f 1339/1436/1336 1286/1437/1284 1285/1435/1283 1282/1433/1280
f 1286/1437/1284 1288/1438/1286 1287/1379/1285 1285/1435/1283
f 1288/1438/1286 1290/1439/1288 1233/1380/1231 1287/1379/1285
f 1289/1440/1287 1291/1441/1289 1290/1442/1288 1288/1443/1286
f 1294/1444/1292 1289/1440/1287 1288/1443/1286 1286/1445/1284
f 1290/1439/1288 1292/1384/1290 1235/1381/1233 1233/1380/1231
f 1291/1441/1289 1248/1396/1246 1292/1397/1290 1290/1442/1288
f 1293/1405/1291 1256/1401/1254 1291/1441/1289 1289/1440/1287
f 1256/1401/1254 1250/1395/1248 1248/1396/1246 1291/1441/1289
f 1296/1446/1294 1293/1405/1291 1289/1440/1287 1294/1444/1292
f 1297/1447/1295 1296/1446/1294 1294/1444/1292 1295/1448/1293
f 1295/1448/1293 1294/1444/1292 1286/1445/1284 1339/1449/1336
f 1299/1450/1297 1298/1411/1296 1296/1446/1294 1297/1447/1295
f 1298/1411/1296 1255/1404/1253 1293/1405/1291 1296/1446/1294
f 1300/1451/1298 1260/1410/1258 1298/1411/1296 1299/1450/1297
f 1301/1452/1299 1299/1450/1297 1297/1447/1295 1303/1453/1301
f 1304/1454/1302 1300/1451/1298 1299/1450/1297 1301/1452/1299
f 1306/1455/1304 1304/1454/1302 1301/1452/1299 1302/1456/1300
f 1302/1456/1300 1301/1452/1299 1303/1453/1301 1340/1457/1337
f 1305/1458/1303 1414/1459/1411 1300/1451/1298 1304/1454/1302
f 1308/1460/1306 1305/1458/1303 1304/1454/1302 1306/1455/1304
f 1309/1461/1307 1308/1460/1306 1306/1455/1304 1307/1462/1305
f 1307/1462/1305 1306/1455/1304 1302/1456/1300 1345/1463/1342
f 1311/1464/1309 1310/1465/1308 1308/1460/1306 1309/1461/1307
f 1310/1465/1308 1313/1421/1311 1305/1458/1303 1308/1460/1306
f 1314/1466/1312 1312/1427/1310 1310/1465/1308 1311/1464/1309
f 1312/1427/1310 1270/1420/1268 1313/1421/1311 1310/1465/1308
f 1313/1421/1311 1271/1417/1269 1414/1459/1411 1305/1458/1303
f 1315/1467/1313 1275/1426/1273 1312/1427/1310 1314/1466/1312
f 1316/1468/1314 1314/1466/1312 1311/1464/1309 1318/1469/1316
f 1319/1470/1317 1315/1467/1313 1314/1466/1312 1316/1468/1314
f 1321/1471/1319 1319/1470/1317 1316/1468/1314 1317/1472/1315
f 1317/1472/1315 1316/1468/1314 1318/1469/1316 1360/1473/1357
f 1320/1474/1318 1331/1475/1328 1315/1467/1313 1319/1470/1317
f 1323/1476/1320 1320/1474/1318 1319/1470/1317 1321/1471/1319
f 1324/1477/1321 1323/1476/1320 1321/1471/1319 1322/1478/451
f 1322/1478/451 1321/1471/1319 1317/1472/1315 1359/1479/1356
f 1326/1480/1323 1325/1481/1322 1323/1476/1320 1324/1477/1321
f 1325/1481/1322 1328/1482/1325 1320/1474/1318 1323/1476/1320
f 1384/1483/1381 1327/1484/1324 1325/1481/1322 1326/1480/1323
f 1327/1484/1324 1329/1485/1326 1328/1482/1325 1325/1481/1322
f 1328/1482/1325 1330/1486/1327 1331/1475/1328 1320/1474/1318
f 1329/1485/1326 1332/1487/1329 1330/1486/1327 1328/1482/1325
f 1330/1486/1327 1279/1428/1277 1277/1425/1275 1331/1475/1328
f 1332/1487/1329 1334/1431/1331 1279/1428/1277 1330/1486/1327
f 1389/1488/1386 1333/1489/1330 1332/1487/1329 1329/1485/1326
f 1333/1489/1330 1335/1490/1332 1334/1431/1331 1332/1487/1329
f 1335/1490/1332 1337/1491/1334 1280/1432/1278 1334/1431/1331
f 1336/1492/1333 1338/1493/1335 1337/1494/1334 1335/1495/1332
f 1341/1496/1338 1336/1492/1333 1335/1495/1332 1333/1497/1330
f 1337/1491/1334 1339/1436/1336 1282/1433/1280 1280/1432/1278
f 1338/1493/1335 1295/1448/1293 1339/1449/1336 1337/1494/1334
f 1340/1457/1337 1303/1453/1301 1338/1493/1335 1336/1492/1333
f 1303/1453/1301 1297/1447/1295 1295/1448/1293 1338/1493/1335
f 1343/1498/1340 1340/1457/1337 1336/1492/1333 1341/1496/1338
f 1344/1499/1341 1343/1498/1340 1341/1496/1338 1342/1500/1339
f 1342/1500/1339 1341/1496/1338 1333/1497/1330 1389/1501/1386
f 1346/1502/1343 1345/1463/1342 1343/1498/1340 1344/1499/1341
f 1345/1463/1342 1302/1456/1300 1340/1457/1337 1343/1498/1340
f 1347/1503/1344 1307/1462/1305 1345/1463/1342 1346/1502/1343
f 1348/1504/1345 1346/1502/1343 1344/1499/1341 1350/1505/1347
f 1351/1506/1348 1347/1503/1344 1346/1502/1343 1348/1504/1345
f 1353/1507/1350 1351/1506/1348 1348/1504/1345 1349/1508/1346
f 1349/1508/1346 1348/1504/1345 1350/1505/1347 1390/1509/1387
f 1352/1510/1349 1413/1511/1410 1347/1503/1344 1351/1506/1348
f 1355/1512/1352 1352/1510/1349 1351/1506/1348 1353/1507/1350
f 1356/1513/1353 1355/1512/1352 1353/1507/1350 1354/1514/1351
f 1354/1514/1351 1353/1507/1350 1349/1508/1346 1395/1515/1392
f 1358/1516/1355 1357/1517/1354 1355/1512/1352 1356/1513/1353
f 1357/1517/1354 1360/1473/1357 1352/1510/1349 1355/1512/1352
f 1361/1518/1358 1359/1479/1356 1357/1517/1354 1358/1516/1355
f 1359/1479/1356 1317/1472/1315 1360/1473/1357 1357/1517/1354
f 1360/1473/1357 1318/1469/1316 1413/1511/1410 1352/1510/1349
f 1362/1519/1359 1322/1478/451 1359/1479/1356 1361/1518/1358
f 1363/1520/1360 1361/1518/1358 1358/1516/1355 1365/1521/1362
f 1366/1522/1363 1362/1519/1359 1361/1518/1358 1363/1520/1360
f 1368/1523/1365 1366/1522/1363 1363/1520/1360 1364/1524/1361
f 1364/1524/1361 1363/1520/1360 1365/1521/1362 1411/1525/1408
f 1367/1526/1364 1381/1527/1378 1362/1519/1359 1366/1522/1363
f 1369/1528/1366 1367/1526/1364 1366/1522/1363 1368/1523/1365
f 1370/1529/1367 1368/1523/1365 1364/1524/1361 1371/1530/1368
f 1372/1531/1369 1369/1528/1366 1368/1523/1365 1370/1529/1367
f 1371/45/1368 1372/46/1369 1370/47/1367
f 1371/45/1368 1373/44/1370 1372/46/1369
f 1373/1532/1370 1376/1533/1373 1369/1528/1366 1372/1531/1369
f 1374/43/1371 1375/7/1372 1373/44/1370
f 1374/43/1371 1373/44/1370 1371/45/1368
f 1375/1534/1372 1377/1535/1374 1376/1533/1373 1373/1532/1370
f 1376/1533/1373 1378/1536/1375 1367/1526/1364 1369/1528/1366
f 1377/1535/1374 1379/1537/1376 1378/1536/1375 1376/1533/1373
f 1378/1536/1375 1380/1538/1377 1381/1527/1378 1367/1526/1364
f 1379/1537/1376 1382/1539/1379 1380/1538/1377 1378/1536/1375
f 1380/1538/1377 1326/1480/1323 1324/1477/1321 1381/1527/1378
f 1382/1539/1379 1384/1483/1381 1326/1480/1323 1380/1538/1377
f 1409/1540/1406 1383/1541/1380 1382/1539/1379 1379/1537/1376
f 1383/1541/1380 1385/1542/1382 1384/1483/1381 1382/1539/1379
f 1385/1542/1382 1387/1543/1384 1327/1484/1324 1384/1483/1381
f 1386/1544/1383 1388/1545/1385 1387/1546/1384 1385/1547/1382
f 1391/1548/1388 1386/1544/1383 1385/1547/1382 1383/1549/1380
f 1387/1543/1384 1389/1488/1386 1329/1485/1326 1327/1484/1324
f 1388/1545/1385 1342/1500/1339 1389/1501/1386 1387/1546/1384
f 1390/1509/1387 1350/1505/1347 1388/1545/1385 1386/1544/1383
f 1350/1505/1347 1344/1499/1341 1342/1500/1339 1388/1545/1385
f 1393/1550/1390 1390/1509/1387 1386/1544/1383 1391/1548/1388
f 1394/1551/1391 1393/1550/1390 1391/1548/1388 1392/1552/1389
f 1392/1552/1389 1391/1548/1388 1383/1549/1380 1409/1553/1406
f 1396/1554/1393 1395/1515/1392 1393/1550/1390 1394/1551/1391
f 1395/1515/1392 1349/1508/1346 1390/1509/1387 1393/1550/1390
f 1397/1555/1394 1354/1514/1351 1395/1515/1392 1396/1554/1393
f 1398/1556/1395 1396/1554/1393 1394/1551/1391 1399/1557/1396
f 1400/1558/1397 1397/1555/1394 1396/1554/1393 1398/1556/1395
f 1401/1559/1398 1398/1556/1395 1399/1557/1396 1403/1560/1400
f 1404/1561/1401 1400/1558/1397 1398/1556/1395 1401/1559/1398
f 1401/29/1398 1403/30/1400 1402/4/1399
f 1401/29/1398 1402/4/1399 1404/3/1401
f 1405/1562/1402 1410/1563/1407 1400/1558/1397 1404/1561/1401
f 1404/3/1401 1406/2/1403 1405/1/1402
f 1404/3/1401 1402/4/1399 1406/2/1403
f 1405/1/1402 1406/2/1403 1375/7/1372
f 1406/1564/1403 1407/1565/1404 1377/1535/1374 1375/1534/1372
f 1402/1566/1399 1408/1567/1405 1407/1568/1404 1406/2/1403
f 1407/1565/1404 1409/1540/1406 1379/1537/1376 1377/1535/1374
f 1408/1567/1405 1392/1552/1389 1409/1553/1406 1407/1568/1404
f 1399/1557/1396 1394/1551/1391 1392/1552/1389 1408/1567/1405
f 1403/1560/1400 1399/1557/1396 1408/1567/1405 1402/1566/1399
f 1374/1569/1371 1411/1525/1408 1410/1563/1407 1405/1562/1402
f 1405/1/1402 1375/7/1372 1374/43/1371
f 1410/1563/1407 1412/1570/1409 1397/1555/1394 1400/1558/1397
f 1411/1525/1408 1365/1521/1362 1412/1570/1409 1410/1563/1407
f 1412/1570/1409 1356/1513/1353 1354/1514/1351 1397/1555/1394
f 1365/1521/1362 1358/1516/1355 1356/1513/1353 1412/1570/1409
f 1371/1530/1368 1364/1524/1361 1411/1525/1408 1374/1569/1371
f 1381/1527/1378 1324/1477/1321 1322/1478/451 1362/1519/1359
f 1413/1511/1410 1309/1461/1307 1307/1462/1305 1347/1503/1344
f 1318/1469/1316 1311/1464/1309 1309/1461/1307 1413/1511/1410
f 1331/1475/1328 1277/1425/1275 1275/1426/1273 1315/1467/1313
f 1414/1459/1411 1262/1409/1260 1260/1410/1258 1300/1451/1298
f 1271/1417/1269 1264/1412/1262 1262/1409/1260 1414/1459/1411
f 1284/1423/1282 1230/1373/1228 1228/1374/1226 1268/1415/1266
f 1415/1407/1412 1215/1357/1213 1213/1358/1211 1253/1399/1251
f 1224/1365/1222 1217/1360/1215 1215/1357/1213 1415/1407/1412
f 1237/1371/1235 1183/1321/1181 1181/1322/1179 1221/1363/1219
f 1416/1355/1413 1168/1305/1166 1166/1306/1164 1206/1347/1204
f 1177/1313/1175 1170/1308/1168 1168/1305/1166 1416/1355/1413
f 1190/1319/1188 1136/1269/1134 1134/1270/1132 1174/1311/1172
f 1417/1303/1414 1121/1253/1119 1119/1254/1117 1159/1295/1157
f 1130/1261/1128 1123/1256/1121 1121/1253/1119 1417/1303/1414
f 1143/1267/1141 1089/1217/1087 1087/1218/1085 1127/1259/1125
f 1418/1251/1415 1074/1201/1072 1072/1202/1070 1112/1243/1110
f 1083/1209/1081 1076/1204/1074 1074/1201/1072 1418/1251/1415
f 1096/1215/1094 1042/1165/1040 1040/1166/1038 1080/1207/1078
f 1419/1199/1416 1027/1149/1025 1025/1150/1023 1065/1191/1063
f 1036/1157/1034 1029/1152/1027 1027/1149/1025 1419/1199/1416
f 1049/1163/1047 995/1113/993 993/1114/991 1033/1155/1031
f 1420/1147/1417 980/1097/978 978/1098/976 1018/1139/1016
f 989/1105/987 982/1100/980 980/1097/978 1420/1147/1417
f 1002/1111/1000 948/1061/946 946/1062/944 986/1103/984
f 1421/1095/1418 933/1045/931 931/1046/929 971/1087/969
f 942/1053/940 935/1048/933 933/1045/931 1421/1095/1418
f 955/1059/953 901/1009/899 899/1010/897 939/1051/937
f 1422/1043/1419 886/993/884 884/994/882 924/1035/922
f 895/1001/893 888/996/886 886/993/884 1422/1043/1419
f 908/1007/906 854/957/852 852/958/850 892/999/890
f 1423/991/1420 839/941/837 837/942/835 877/983/875
f 848/949/846 841/944/839 839/941/837 1423/991/1420
f 861/955/859 807/905/805 805/906/803 845/947/843
f 1424/939/1421 792/889/790 790/890/788 830/931/828
f 801/897/799 794/892/792 792/889/790 1424/939/1421
f 814/903/812 760/853/758 758/854/756 798/895/796
f 1425/887/1422 745/837/743 743/838/741 783/879/781
f 754/845/752 747/840/745 745/837/743 1425/887/1422
f 767/851/765 713/801/711 711/802/709 751/843/749
f 1426/835/1423 698/785/696 696/786/694 736/827/734
f 707/793/705 700/788/698 698/785/696 1426/835/1423
f 720/799/718 666/749/665 664/750/663 704/791/702
f 1427/783/692 651/733/650 649/734/648 689/775/687
f 660/741/659 653/736/652 651/733/650 1427/783/692
f 673/747/671 619/697/619 617/698/617 657/739/656
f 1428/731/646 604/681/604 602/682/602 642/723/641
f 613/689/613 606/684/606 604/681/604 1428/731/646
f 626/695/625 572/645/572 570/646/570 610/687/610
f 1429/679/1424 557/629/557 555/630/555 595/671/595
f 566/637/566 559/632/559 557/629/557 1429/679/1424
f 579/643/579 525/593/525 523/594/523 563/635/563
f 1430/627/1425 510/577/510 508/578/508 548/619/548
f 519/585/519 512/580/512 510/577/510 1430/627/1425
f 532/591/532 478/541/478 476/542/476 516/583/516
f 1431/575/1426 463/525/463 461/526/461 501/567/501
f 472/533/472 465/528/465 463/525/463 1431/575/1426
f 485/539/485 431/489/431 429/490/429 469/531/469
f 1432/523/1427 416/473/416 414/474/414 454/515/454
f 425/481/425 418/476/418 416/473/416 1432/523/1427
f 438/487/438 384/437/384 382/438/382 422/479/422
f 1433/471/1428 369/421/369 367/422/367 407/463/407
f 378/429/378 371/424/371 369/421/369 1433/471/1428
f 391/435/391 337/385/337 335/386/335 375/427/375
f 1434/419/1429 322/369/322 320/370/320 360/411/360
f 331/377/331 324/372/324 322/369/322 1434/419/1429
f 344/383/344 290/333/290 288/334/288 328/375/328
f 1435/367/1430 275/317/275 273/318/273 313/359/313
f 284/325/284 277/320/277 275/317/275 1435/367/1430
f 297/331/297 243/281/243 241/282/241 281/323/281
f 1436/315/1431 228/265/228 226/266/226 266/307/266
f 237/273/237 230/268/230 228/265/228 1436/315/1431
f 250/279/250 196/229/196 194/230/194 234/271/234
f 1437/263/1432 181/213/181 179/214/179 219/255/219
f 190/221/190 183/216/183 181/213/181 1437/263/1432
f 203/227/203 150/177/150 148/178/148 187/219/187
f 1438/211/1433 135/161/135 133/162/133 172/203/172
f 144/169/144 137/164/137 135/161/135 1438/211/1433
f 157/175/157 109/131/109 107/132/107 141/167/141
f 1439/159/1434 94/115/94 92/116/92 126/151/126
f 103/123/103 96/118/96 94/115/94 1439/159/1434
f 116/129/116 75/93/75 73/94/73 100/121/100
f 1440/113/1435 61/80/61 57/78/57 90/77/90
f 69/87/69 63/82/63 61/80/61 1440/113/1435
f 46/62/46 39/54/39 36/55/36 66/85/66
o Trasah_Can.R
v -0.750602 3.767281 -2.032650
v -0.735834 3.767281 -2.179161
v -0.879876 3.767281 -2.032945
v -0.736503 3.767281 -1.886073
v -0.680694 3.814599 -2.032490
v -0.667300 3.814599 -2.165366
v -0.667907 3.814599 -1.899555
v -0.629432 3.814599 -1.771668
v -0.566746 3.814599 -1.653745
v -0.694080 3.767281 -1.745063
v -0.624961 3.767281 -1.615039
v -0.813626 3.767281 -1.695865
v -0.732613 3.767281 -1.543463
v -0.815093 3.907952 -1.695261
v -0.863351 3.767281 -1.861142
v -0.864907 3.907952 -1.860837
v -0.800298 3.907952 -1.873535
v -0.881462 3.907952 -2.032949
v -0.815618 3.907952 -2.032799
v -0.864121 3.907952 -2.204984
v -0.799572 3.907952 -2.191991
v -0.862567 3.767281 -2.204671
v -0.813552 3.907952 -2.370330
v -0.752777 3.907952 -2.344994
v -0.812088 3.767281 -2.369720
v -0.731696 3.907952 -2.522634
v -0.677032 3.907952 -2.485927
v -0.730380 3.767281 -2.521749
v -0.621700 3.907952 -2.656041
v -0.575248 3.907952 -2.609376
v -0.620582 3.767281 -2.654917
v -0.487792 3.907952 -2.765427
v -0.451336 3.907952 -2.710596
v -0.486914 3.767281 -2.764106
v -0.335116 3.907952 -2.846586
v -0.310058 3.907952 -2.785697
v -0.334513 3.767281 -2.845119
v -0.169541 3.907952 -2.896400
v -0.156842 3.907952 -2.831792
v -0.169235 3.767281 -2.894844
v 0.002572 3.907952 -2.912955
v 0.002421 3.907952 -2.847111
v 0.002568 3.767281 -2.911370
v 0.174607 3.907952 -2.895615
v 0.161614 3.907952 -2.831065
v 0.174294 3.767281 -2.894060
v 0.339953 3.907952 -2.845045
v 0.314616 3.907952 -2.784270
v 0.339343 3.767281 -2.843581
v 0.492256 3.907952 -2.763190
v 0.455550 3.907952 -2.708525
v 0.491372 3.767281 -2.761873
v 0.625664 3.907952 -2.653194
v 0.624540 3.767281 -2.652075
v 0.735050 3.907952 -2.519285
v 0.578999 3.907952 -2.606741
v 0.680219 3.907952 -2.482829
v 0.580925 3.950631 -2.608658
v 0.668894 3.950624 -2.501008
v 0.473677 3.950624 -2.697118
v 0.538655 4.039940 -2.566581
v 0.594124 4.039920 -2.498792
v 0.471120 4.039920 -2.622359
v 0.538732 4.050796 -2.567418
v 0.584343 4.050778 -2.511778
v 0.482135 4.050778 -2.614107
v 0.538732 4.050796 -2.567418
v 0.584343 4.050778 -2.511778
v 0.482135 4.050778 -2.614107
v 0.508426 4.050796 -2.537208
v 0.591949 6.139867 -2.618912
v 0.551469 4.050778 -2.484701
v 0.455017 4.050778 -2.581268
v 0.520074 6.139885 -2.678152
v 0.551074 6.139885 -2.716772
v 0.627238 6.139867 -2.653998
v 0.551074 6.139885 -2.716772
v 0.627238 6.139867 -2.653998
v 0.540776 6.150743 -2.726093
v 0.627315 6.150723 -2.654837
v 0.555727 6.240038 -2.819309
v 0.685273 6.240032 -2.712531
v 0.540659 6.282711 -2.835272
v 0.556861 6.306755 -2.859401
v 0.373362 6.282711 -2.925185
v 0.687199 6.282711 -2.714448
v 0.707797 6.306755 -2.734953
v 0.807352 6.282711 -2.567358
v 0.831555 6.306755 -2.583450
v 0.896501 6.282711 -2.399653
v 0.791459 6.240038 -2.582499
v 0.698175 6.150743 -2.567974
v 0.687323 6.139885 -2.580247
v 0.687323 6.139885 -2.580247
v 0.648650 6.139885 -2.549314
v 0.755319 3.907952 -2.341551
v 0.923378 6.306755 -2.410714
v 0.951219 6.282711 -2.217778
v 0.801415 3.907952 -2.188336
v 0.979737 6.306755 -2.223383
v 0.969403 6.282711 -2.028723
v 0.861453 6.150743 -2.138908
v 0.740623 4.039920 -2.115160
v 0.872103 6.150723 -2.028946
v 0.874101 6.150743 -2.140494
v 0.751496 4.039920 -2.116397
v 0.884907 6.150723 -2.028916
v 0.876880 6.139896 -2.104919
v 0.876880 6.139896 -2.104919
v 0.755536 4.050768 -2.081071
v 0.884328 6.139878 -2.028918
v 0.876533 6.139896 -1.952951
v 0.884328 6.139878 -2.028918
v 0.876533 6.139896 -1.952951
v 0.834561 6.139878 -2.029031
v 0.717597 4.050785 -2.029298
v 0.827533 6.139896 -2.100753
v 0.827206 6.139896 -1.957342
v 0.712799 4.050768 -1.980370
v 0.755299 4.050768 -1.977353
v 0.760384 4.050785 -2.029201
v 0.755299 4.050768 -1.977353
v 0.760384 4.050785 -2.029201
v 0.751098 4.039920 -1.942046
v 0.873591 6.150743 -1.917389
v 0.759809 4.039940 -2.029202
v 0.740231 4.039920 -1.943333
v 0.860951 6.150743 -1.919033
v 0.748816 4.039940 -2.029227
v 0.800688 3.907952 -1.869880
v 0.950356 6.282711 -1.839754
v 0.753893 3.907952 -1.716877
v 0.816734 3.907952 -2.029072
v 0.865238 3.907952 -1.856887
v 0.863683 3.767281 -1.857200
v 0.814668 3.907952 -1.691540
v 0.882578 3.907952 -2.028922
v 0.880992 3.767281 -2.028925
v 0.866023 3.907952 -2.201034
v 0.864467 3.767281 -2.200728
v 0.816209 3.907952 -2.366609
v 0.814743 3.767281 -2.366006
v 0.733729 3.767281 -2.518407
v 0.695196 3.767281 -2.316808
v 0.626078 3.767281 -2.446832
v 0.737620 3.767281 -2.175797
v 0.630548 3.814599 -2.290202
v 0.567862 3.814599 -2.408126
v 0.669024 3.814599 -2.162316
v 0.681810 3.814599 -2.029380
v 0.668417 3.814599 -1.896504
v 0.751719 3.767281 -2.029220
v 0.736951 3.767281 -1.882709
v 0.693884 3.767281 -1.741894
v 0.813204 3.767281 -1.692151
v 0.624172 3.767281 -1.612187
v 0.629358 3.814599 -1.768794
v 0.566135 3.814599 -1.651159
v 0.481176 3.814599 -1.548117
v 0.377748 3.814599 -1.463631
v 0.530496 3.767281 -1.498572
v 0.416455 3.767281 -1.405416
v 0.621698 3.767281 -1.406953
v 0.731496 3.767281 -1.540121
v 0.622817 3.907952 -1.405829
v 0.488030 3.767281 -1.297764
v 0.488908 3.907952 -1.296444
v 0.335629 3.767281 -1.216751
v 0.336232 3.907952 -1.215284
v 0.170351 3.767281 -1.167026
v 0.286430 3.767281 -1.336298
v 0.145420 3.767281 -1.293874
v 0.259825 3.814599 -1.400945
v 0.131939 3.814599 -1.362470
v -0.000997 3.814599 -1.349683
v -0.133873 3.814599 -1.363077
v -0.001157 3.767281 -1.279775
v -0.147668 3.767281 -1.294543
v -0.001452 3.767281 -1.150501
v -0.001455 3.907952 -1.148915
v -0.173177 3.767281 -1.167810
v -0.173490 3.907952 -1.166256
v -0.338227 3.767281 -1.218289
v -0.288483 3.767281 -1.337610
v -0.338837 3.907952 -1.216825
v -0.490256 3.767281 -1.299998
v -0.418190 3.767281 -1.407321
v -0.491140 3.907952 -1.298681
v -0.623424 3.767281 -1.409796
v -0.624548 3.907952 -1.408677
v -0.531805 3.767281 -1.500997
v -0.482260 3.814599 -1.550317
v -0.379218 3.814599 -1.465359
v -0.261583 3.814599 -1.402136
v -0.577883 3.907952 -1.455129
v -0.733933 3.907952 -1.542585
v -0.679102 3.907952 -1.579041
v -0.806236 6.282711 -1.494513
v -0.754203 3.907952 -1.720320
v -0.667778 3.950624 -1.560862
v -0.790343 6.240038 -1.479372
v -0.579809 3.950631 -1.453212
v -0.593008 4.039920 -1.563078
v -0.697059 6.150743 -1.493897
v -0.537539 4.039940 -1.495290
v -0.583227 4.050778 -1.550092
v -0.686207 6.139885 -1.481624
v -0.537615 4.050796 -1.494452
v -0.583227 4.050778 -1.550092
v -0.550353 4.050778 -1.577169
v -0.686207 6.139885 -1.481624
v -0.537615 4.050796 -1.494452
v -0.481019 4.050778 -1.447764
v -0.507310 4.050796 -1.524662
v -0.590833 6.139867 -1.442958
v -0.453901 4.050778 -1.480603
v -0.518958 6.139885 -1.383719
v -0.549958 6.139885 -1.345098
v -0.626122 6.139867 -1.407873
v -0.549958 6.139885 -1.345098
v -0.481019 4.050778 -1.447764
v -0.626122 6.139867 -1.407873
v -0.539660 6.150743 -1.335778
v -0.470004 4.039920 -1.439512
v -0.626198 6.150723 -1.407034
v -0.554611 6.240038 -1.242561
v -0.472561 3.950624 -1.364752
v -0.684157 6.240032 -1.349339
v -0.539542 6.282711 -1.226599
v -0.454434 3.907952 -1.353345
v -0.555744 6.306755 -1.202470
v -0.372246 6.282711 -1.136685
v -0.686083 6.282711 -1.347422
v -0.706681 6.306755 -1.326918
v -0.707085 6.397166 -1.326516
v -0.830438 6.306755 -1.478421
v -0.830913 6.397166 -1.478106
v -0.922261 6.306755 -1.651157
v -0.922788 6.397166 -1.650940
v -0.978621 6.306755 -1.838487
v -0.895384 6.282711 -1.662217
v -0.950102 6.282711 -1.844092
v -0.968287 6.282711 -2.033147
v -0.949470 6.240038 -1.866034
v -0.805050 3.950624 -1.894419
v -0.965570 6.240032 -2.033141
v -0.872984 6.150743 -1.921377
v -0.750379 4.039920 -1.945473
v -0.883790 6.150723 -2.032954
v -0.875764 6.139896 -1.956951
v -0.875764 6.139896 -1.956951
v -0.754419 4.050768 -1.980800
v -0.883211 6.139878 -2.032953
v -0.883211 6.139878 -2.032953
v -0.875417 6.139896 -2.108919
v -0.754183 4.050768 -2.084517
v -0.872475 6.150743 -2.144481
v -0.875417 6.139896 -2.108919
v -0.754183 4.050768 -2.084517
v -0.826089 6.139896 -2.104528
v -0.711682 4.050768 -2.081500
v -0.833445 6.139878 -2.032839
v -0.716481 4.050785 -2.032572
v -0.826417 6.139896 -1.961118
v -0.711906 4.050768 -1.983623
v -0.754419 4.050768 -1.980800
v -0.759268 4.050785 -2.032670
v -0.759268 4.050785 -2.032670
v -0.758692 4.039940 -2.032669
v -0.818335 3.950631 -2.032805
v -0.749981 4.039920 -2.119825
v -0.804418 3.950624 -2.171129
v -0.948707 6.240038 -2.200172
v -0.949239 6.282711 -2.222117
v -0.977732 6.306755 -2.227852
v -0.893692 6.282711 -2.403740
v -0.920518 6.306755 -2.414923
v -0.803778 6.282711 -2.571036
v -0.827907 6.306755 -2.587238
v -0.682955 6.282711 -2.717576
v -0.787816 6.240038 -2.586104
v -0.665625 3.950624 -2.504054
v -0.681038 6.240032 -2.715650
v -0.694599 6.150743 -2.571153
v -0.590865 4.039920 -2.501498
v -0.623343 6.150723 -2.657692
v -0.683692 6.139885 -2.583377
v -0.581025 4.050778 -2.514438
v -0.623270 6.139867 -2.656852
v -0.683692 6.139885 -2.583377
v -0.645161 6.139885 -2.552268
v -0.581025 4.050778 -2.514438
v -0.623270 6.139867 -2.656852
v -0.546821 6.139885 -2.719279
v -0.588142 6.139867 -2.621606
v -0.504993 4.050796 -2.539521
v -0.515997 6.139885 -2.680517
v -0.451383 4.050778 -2.583337
v -0.478351 4.050778 -2.616299
v -0.535160 4.050796 -2.569870
v -0.478351 4.050778 -2.616299
v -0.546821 6.139885 -2.719279
v -0.535160 4.050796 -2.569870
v -0.467299 4.039920 -2.624501
v -0.469515 3.950624 -2.699271
v -0.536480 6.150743 -2.728552
v -0.535087 4.039940 -2.569032
v -0.577165 3.950631 -2.611302
v -0.551006 6.240038 -2.821836
v -0.535864 6.282711 -2.837729
v -0.551956 6.306755 -2.861932
v -0.368160 6.282711 -2.926878
v -0.379221 6.306755 -2.953755
v -0.186285 6.282711 -2.981596
v -0.191890 6.306755 -3.010114
v 0.002770 6.282711 -2.999780
v -0.164343 6.240038 -2.980963
v -0.135958 3.950624 -2.836544
v 0.002764 6.240032 -2.997063
v -0.109001 6.150743 -2.904478
v -0.084904 4.039920 -2.781873
v 0.002577 6.150723 -2.915284
v -0.097900 6.139884 -2.904902
v -0.074051 4.050779 -2.783560
v 0.002576 6.139866 -2.914641
v -0.097900 6.139884 -2.904902
v -0.074051 4.050779 -2.783560
v 0.002576 6.139866 -2.914641
v -0.092356 6.139884 -2.855688
v -0.069850 4.050779 -2.741178
v 0.002462 6.139866 -2.864878
v 0.002195 4.050797 -2.748038
v 0.097237 6.139884 -2.855255
v 0.074208 4.050779 -2.740849
v 0.103006 6.139884 -2.904444
v 0.078603 4.050779 -2.783211
v 0.103006 6.139884 -2.904444
v 0.078603 4.050779 -2.783211
v 0.114104 6.150743 -2.903968
v 0.089448 4.039920 -2.781475
v 0.169795 6.240038 -2.980201
v 0.140751 3.950624 -2.835912
v 0.191740 6.282711 -2.980733
v 0.197475 6.306755 -3.009225
v 0.197587 6.397166 -3.009784
v 0.384546 6.306755 -2.952011
v 0.002836 6.306755 -3.028844
v 0.002838 6.397166 -3.029414
v 0.002918 6.397166 -3.064627
v -0.192000 6.397166 -3.010673
v -0.198791 6.397166 -3.045226
v -0.379437 6.397166 -2.954281
v -0.392839 6.397166 -2.986845
v -0.552271 6.397166 -2.862406
v -0.571768 6.397166 -2.891730
v -0.703861 6.397166 -2.738578
v -0.703459 6.306755 -2.738174
v -0.728704 6.397166 -2.763535
v -0.828380 6.397166 -2.587556
v -0.857615 6.397166 -2.607186
v -0.921043 6.397166 -2.415142
v -0.953546 6.397166 -2.428692
v -0.978290 6.397166 -2.227964
v -1.012812 6.397166 -2.234913
v -0.997920 6.397166 -2.033215
v -0.997351 6.306755 -2.033213
v -1.033134 6.397166 -2.033295
v -0.979180 6.397166 -1.838377
v -1.013733 6.397166 -1.831586
v -1.015275 6.638254 -1.831283
v -0.955352 6.397166 -1.637538
v -0.956806 6.638254 -1.636940
v -0.860237 6.397166 -1.458609
v -0.861546 6.638254 -1.457738
v -0.732041 6.397166 -1.301673
v -0.733156 6.638254 -1.300564
v -0.575692 6.397166 -1.172763
v -0.556062 6.397166 -1.201997
v -0.576569 6.638254 -1.171457
v -0.397199 6.397166 -1.076831
v -0.383649 6.397166 -1.109334
v -0.397804 6.638254 -1.075380
v -0.203420 6.397166 -1.017565
v -0.196471 6.397166 -1.052087
v -0.203730 6.638254 -1.016024
v -0.001802 6.397166 -0.997243
v -0.001721 6.397166 -1.032457
v -0.001805 6.638254 -0.995670
v 0.199907 6.397166 -1.016645
v 0.193116 6.397166 -1.051197
v 0.200210 6.638254 -1.015102
v 0.393955 6.397166 -1.075025
v 0.380553 6.397166 -1.107589
v 0.394553 6.638254 -1.073571
v 0.572885 6.397166 -1.170141
v 0.553388 6.397166 -1.199464
v 0.573756 6.638254 -1.168831
v 0.729821 6.397166 -1.298336
v 0.704977 6.397166 -1.323292
v 0.730930 6.638254 -1.297221
v 0.858731 6.397166 -1.454684
v 0.829496 6.397166 -1.474315
v 0.860036 6.638254 -1.453808
v 0.954662 6.397166 -1.633178
v 0.922160 6.397166 -1.646728
v 0.956114 6.638254 -1.632573
v 1.013928 6.397166 -1.826957
v 0.979407 6.397166 -1.833906
v 1.015470 6.638254 -1.826647
v 1.034251 6.397166 -2.028575
v 0.999037 6.397166 -2.028656
v 1.035823 6.638254 -2.028572
v 1.014849 6.397166 -2.230284
v 0.980296 6.397166 -2.223493
v 1.016392 6.638254 -2.230587
v 0.956469 6.397166 -2.424332
v 0.923904 6.397166 -2.410931
v 0.957923 6.638254 -2.424931
v 0.861353 6.397166 -2.603262
v 0.832029 6.397166 -2.583765
v 0.862662 6.638254 -2.604133
v 0.733158 6.397166 -2.760198
v 0.708201 6.397166 -2.735355
v 0.734272 6.638254 -2.761307
v 0.576809 6.397166 -2.889108
v 0.557178 6.397166 -2.859874
v 0.577686 6.638254 -2.890414
v 0.398315 6.397166 -2.985039
v 0.384765 6.397166 -2.952537
v 0.398920 6.638254 -2.986491
v 0.204536 6.397166 -3.044305
v 0.204846 6.638254 -3.045846
v 0.002922 6.638254 -3.066200
v 0.157175 6.749794 -2.809015
v 0.123188 6.805564 -2.640167
v 0.305962 6.749794 -2.763510
v 0.002370 6.749794 -2.824619
v 0.001977 6.805564 -2.652385
v -0.152505 6.749794 -2.809722
v -0.199094 6.638254 -3.046768
v -0.119289 6.805564 -2.640721
v -0.301498 6.749794 -2.764897
v -0.393437 6.638254 -2.988300
v -0.235950 6.805564 -2.605623
v -0.438882 6.749794 -2.691866
v -0.572639 6.638254 -2.893039
v -0.343521 6.805564 -2.548440
v -0.559380 6.749794 -2.593436
v -0.729813 6.638254 -2.764649
v -0.437870 6.805564 -2.471370
v -0.658359 6.749794 -2.473389
v -0.858920 6.638254 -2.608063
v -0.515370 6.805564 -2.377374
v -0.732016 6.749794 -2.336339
v -0.954997 6.638254 -2.429297
v -0.573043 6.805564 -2.270065
v -0.777522 6.749794 -2.187552
v -1.014353 6.638254 -2.235223
v -0.608674 6.805564 -2.153565
v -0.793125 6.749794 -2.032747
v -1.034707 6.638254 -2.033298
v -0.778228 6.749794 -1.877872
v -0.620892 6.805564 -2.032354
v -0.609227 6.805564 -1.911088
v -0.484175 6.833449 -2.032042
v -0.192414 6.861334 -2.031376
v -0.475076 6.833449 -1.937454
v -0.474645 6.833449 -2.126587
v -0.188620 6.861334 -2.069014
v -0.446853 6.833449 -2.217457
v -0.177556 6.861334 -2.105190
v -0.401867 6.833449 -2.301158
v -0.159648 6.861334 -2.138511
v -0.341417 6.833449 -2.374475
v -0.135582 6.861334 -2.167699
v -0.267825 6.833449 -2.434591
v -0.106285 6.861334 -2.191631
v -0.183919 6.833449 -2.479193
v -0.072882 6.861334 -2.209387
v -0.092923 6.833449 -2.506570
v -0.036657 6.861334 -2.220286
v 0.001665 6.833449 -2.515668
v 0.000999 6.861334 -2.223908
v 0.096210 6.833449 -2.506138
v 0.038637 6.861334 -2.220114
v 0.187080 6.833449 -2.478346
v 0.239687 6.805564 -2.604537
v 0.074813 6.861334 -2.209050
v 0.270781 6.833449 -2.433361
v 0.346997 6.805564 -2.546864
v 0.108134 6.861334 -2.191141
v 0.344098 6.833449 -2.372910
v 0.440993 6.805564 -2.469363
v 0.137322 6.861334 -2.167076
v 0.404213 6.833449 -2.299318
v 0.518063 6.805564 -2.375015
v 0.161254 6.861334 -2.137779
v 0.448816 6.833449 -2.215412
v 0.575246 6.805564 -2.267443
v 0.179010 6.861334 -2.104376
v 0.476193 6.833449 -2.124417
v 0.610344 6.805564 -2.150783
v 0.189909 6.861334 -2.068150
v 0.485291 6.833449 -2.029829
v 0.622008 6.805564 -2.029516
v 0.193531 6.861334 -2.030495
v 0.475761 6.833449 -1.935283
v 0.609790 6.805564 -1.908305
v 0.189737 6.861334 -1.992856
v 0.447969 6.833449 -1.844414
v 0.574160 6.805564 -1.791806
v 0.178673 6.861334 -1.956681
v 0.402984 6.833449 -1.760712
v 0.516487 6.805564 -1.684497
v 0.160764 6.861334 -1.923359
v 0.342533 6.833449 -1.687395
v 0.438986 6.805564 -1.590501
v 0.136699 6.861334 -1.894172
v 0.268941 6.833449 -1.627280
v 0.344637 6.805564 -1.513431
v 0.107402 6.861334 -1.870240
v 0.185035 6.833449 -1.582677
v 0.237066 6.805564 -1.456248
v 0.073999 6.861334 -1.852484
v 0.094039 6.833449 -1.555301
v 0.120406 6.805564 -1.421150
v 0.037773 6.861334 -1.841585
v -0.000548 6.833449 -1.546203
v -0.000860 6.805564 -1.409486
v 0.000118 6.861334 -1.837963
v -0.095094 6.833449 -1.555732
v -0.122072 6.805564 -1.421703
v -0.037521 6.861334 -1.841757
v -0.185963 6.833449 -1.583524
v -0.238571 6.805564 -1.457334
v -0.073696 6.861334 -1.852821
v -0.269665 6.833449 -1.628510
v -0.345880 6.805564 -1.515007
v -0.107018 6.861334 -1.870729
v -0.342982 6.833449 -1.688960
v -0.439876 6.805564 -1.592507
v -0.136205 6.861334 -1.894795
v -0.403097 6.833449 -1.762552
v -0.516947 6.805564 -1.686856
v -0.160137 6.861334 -1.924092
v -0.447700 6.833449 -1.846458
v -0.574129 6.805564 -1.794427
v -0.177894 6.861334 -1.957495
v -0.188792 6.861334 -1.993720
v -0.733403 6.749794 -1.728880
v -0.660372 6.749794 -1.591495
v -0.561942 6.749794 -1.470997
v -0.441895 6.749794 -1.372018
v -0.304845 6.749794 -1.298361
v -0.156059 6.749794 -1.252856
v -0.001254 6.749794 -1.237252
v 0.153621 6.749794 -1.252149
v 0.302614 6.749794 -1.296974
v 0.439999 6.749794 -1.370005
v 0.560496 6.749794 -1.468435
v 0.659475 6.749794 -1.588482
v 0.733133 6.749794 -1.725532
v 0.778638 6.749794 -1.874318
v 0.794242 6.749794 -2.029124
v 0.779345 6.749794 -2.183998
v 0.734519 6.749794 -2.332991
v 0.661488 6.749794 -2.470376
v 0.563058 6.749794 -2.590873
v 0.443012 6.749794 -2.689852
v 0.998467 6.306755 -2.028657
v 0.978848 6.306755 -1.834018
v 0.921634 6.306755 -1.646947
v 0.829024 6.306755 -1.474633
v 0.894808 6.282711 -1.658131
v 0.804895 6.282711 -1.490835
v 0.678148 3.907952 -1.575943
v 0.684071 6.282711 -1.344294
v 0.788932 6.240038 -1.475766
v 0.666741 3.950624 -1.557816
v 0.682154 6.240032 -1.346220
v 0.695716 6.150743 -1.490717
v 0.591982 4.039920 -1.560373
v 0.624459 6.150723 -1.404179
v 0.684808 6.139885 -1.478494
v 0.582141 4.050778 -1.547432
v 0.624387 6.139867 -1.405018
v 0.684808 6.139885 -1.478494
v 0.646277 6.139885 -1.509603
v 0.582141 4.050778 -1.547432
v 0.624387 6.139867 -1.405018
v 0.589258 6.139867 -1.440264
v 0.547937 6.139885 -1.342592
v 0.479468 4.050778 -1.445571
v 0.547937 6.139885 -1.342592
v 0.517113 6.139885 -1.381353
v 0.452499 4.050778 -1.478534
v 0.506110 4.050796 -1.522349
v 0.549392 4.050778 -1.574659
v 0.536277 4.050796 -1.492001
v 0.536277 4.050796 -1.492001
v 0.479468 4.050778 -1.445571
v 0.536204 4.039940 -1.492839
v 0.468415 4.039920 -1.437370
v 0.578281 3.950631 -1.450568
v 0.470631 3.950624 -1.362599
v 0.576364 3.907952 -1.452494
v 0.452452 3.907952 -1.351275
v 0.536981 6.282711 -1.224141
v 0.311174 3.907952 -1.276174
v 0.369276 6.282711 -1.134993
v 0.157959 3.907952 -1.230079
v 0.187401 6.282711 -1.080274
v -0.001305 3.907952 -1.214759
v 0.170657 3.907952 -1.165470
v 0.137075 3.950624 -1.225327
v 0.165459 6.240038 -1.080907
v -0.001311 3.950631 -1.212042
v 0.086020 4.039920 -1.279998
v 0.110117 6.150743 -1.157393
v -0.001175 4.039940 -1.271685
v 0.075168 4.050779 -1.278311
v 0.099016 6.139884 -1.156968
v -0.001177 4.050797 -1.271042
v 0.075168 4.050779 -1.278311
v 0.099016 6.139884 -1.156968
v -0.001177 4.050797 -1.271042
v 0.070966 4.050779 -1.320693
v 0.093472 6.139884 -1.206183
v -0.001079 4.050797 -1.313833
v -0.001346 6.139866 -1.196992
v -0.073092 4.050779 -1.321021
v -0.096121 6.139884 -1.206615
v -0.077487 4.050779 -1.278660
v -0.101889 6.139884 -1.157427
v -0.077487 4.050779 -1.278660
v -0.101889 6.139884 -1.157427
v -0.088331 4.039920 -1.280396
v -0.112988 6.150743 -1.157902
v -0.139635 3.950624 -1.225959
v -0.168679 6.240038 -1.081670
v -0.160497 3.907952 -1.230806
v -0.190623 6.282711 -1.081138
v -0.313500 3.907952 -1.277600
v -0.196359 6.306755 -1.052645
v -0.001654 6.282711 -1.062090
v -0.001720 6.306755 -1.033026
v -0.001647 6.240032 -1.064807
v -0.001461 6.150723 -1.146587
v -0.001459 6.139866 -1.147229
v -0.001459 6.139866 -1.147229
v 0.193006 6.306755 -1.051756
v 0.380337 6.306755 -1.108116
v 0.553073 6.306755 -1.199939
v 0.704576 6.306755 -1.323696
v -0.383430 6.306755 -1.109859
v 0.552122 6.240038 -1.240035
v 0.537597 6.150743 -1.333319
v 0.732812 3.907952 -1.539237
v 0.002428 3.950631 -2.849828
v 0.002291 4.039940 -2.790186
v 0.002293 4.050797 -2.790828
v 0.002293 4.050797 -2.790828
v -0.548275 4.050778 -2.487212
v -0.647534 6.139885 -1.512556
v 0.483376 3.814599 -2.511553
v 0.380335 3.814599 -2.596512
v 0.532921 3.767281 -2.560873
v 0.419306 3.767281 -2.654549
v 0.289599 3.767281 -2.724261
v 0.148784 3.767281 -2.767328
v 0.262699 3.814599 -2.659735
v 0.134989 3.814599 -2.698794
v 0.002113 3.814599 -2.712187
v -0.130822 3.814599 -2.699401
v 0.002273 3.767281 -2.782096
v -0.144304 3.767281 -2.767997
v -0.285314 3.767281 -2.725573
v -0.415338 3.767281 -2.656455
v -0.258709 3.814599 -2.660925
v -0.376632 3.814599 -2.598240
v -0.480060 3.814599 -2.513753
v -0.565018 3.814599 -2.410712
v -0.529380 3.767281 -2.563298
v -0.623056 3.767281 -2.449683
v -0.692767 3.767281 -2.319976
v -0.628241 3.814599 -2.293076
v 0.755536 4.050768 -2.081071
v 0.713022 4.050768 -2.078248
v -0.462285 6.511210 -1.152272
v -0.462285 6.575634 -1.152272
v -0.238222 6.511210 -1.151761
v -0.303698 6.511210 -1.001871
v -0.461824 6.511210 -1.354291
v -0.461824 6.575634 -1.354291
v -0.237761 6.511210 -1.353780
v -0.237761 6.575634 -1.353780
v -0.238222 6.575634 -1.151761
v -0.238565 6.575634 -1.001722
v 0.004640 6.575635 -1.035879
v -0.203220 6.575634 -0.902861
v 0.005304 6.575635 -1.034143
v -0.185129 6.575634 -0.877903
v -0.217503 6.575634 -0.935930
v -0.225052 6.575634 -0.865583
v -0.217503 6.511210 -0.935930
v -0.225052 6.511210 -0.865583
v -0.203220 6.511210 -0.902861
v -0.238565 6.511210 -1.001722
v 0.025736 6.511209 -1.037794
v 0.028017 6.511209 -1.037465
v -0.168079 6.511210 -0.867744
v -0.185129 6.511210 -0.877903
v 0.025210 6.511209 -1.039911
v -0.222930 6.511210 -0.832926
v -0.168079 6.575634 -0.867744
v 0.001141 6.511210 -0.868012
v 0.001007 6.511210 -0.809443
v 0.001141 6.575634 -0.868012
v 0.170358 6.511210 -0.866972
v 0.187454 6.511210 -0.877053
v 0.225049 6.511210 -0.831904
v 0.170358 6.575634 -0.866972
v 0.030393 6.511209 -1.037939
v 0.205658 6.511210 -0.901928
v 0.030835 6.511209 -1.039898
v 0.220092 6.511210 -0.934932
v 0.227320 6.511210 -0.864550
v 0.220092 6.575634 -0.934932
v 0.241454 6.511210 -1.000627
v 0.241796 6.511210 -1.150666
v 0.241454 6.575634 -1.000627
v 0.306587 6.511210 -1.000478
v 0.465859 6.511210 -1.150155
v 0.306587 6.575634 -1.000478
v 0.306245 6.511210 -0.850440
v 0.306245 6.575634 -0.850440
v 0.241016 6.511210 -0.808895
v 0.241016 6.575634 -0.808895
v 0.001007 6.575634 -0.809443
v 0.225049 6.575634 -0.831904
v 0.227320 6.575634 -0.864550
v -0.239002 6.575634 -0.809991
v -0.304040 6.575634 -0.851832
v -0.239002 6.511210 -0.809991
v -0.222930 6.575634 -0.832926
v -0.304040 6.511210 -0.851832
v -0.303698 6.575634 -1.001871
v 0.465859 6.575634 -1.150154
v 0.241796 6.575634 -1.150666
v 0.466320 6.575634 -1.352173
v 0.466320 6.511210 -1.352173
v 0.242257 6.575634 -1.352685
v 0.242257 6.511210 -1.352685
v 0.009987 6.575635 -1.037376
v 0.009616 6.575635 -1.034796
v 0.187454 6.575634 -0.877053
v 0.007238 6.575635 -1.034147
v 0.205658 6.575634 -0.901928
v -0.106493 6.930483 -2.338860
v 0.100672 6.930483 -2.338387
v -0.106831 6.930483 -2.190897
v -0.106733 7.080522 -2.233908
v -0.106493 6.728464 -2.338860
v 0.100672 6.728464 -2.338387
v -0.106831 6.728464 -2.190897
v 0.100334 6.728464 -2.190424
v -0.107555 6.728464 -1.873884
v -0.107893 6.728464 -1.725946
v -0.107555 6.930483 -1.873884
v 0.099610 6.728464 -1.873180
v 0.099272 6.728464 -1.725473
v 0.099610 6.930483 -1.873180
v 0.099272 6.930483 -1.725473
v 0.099610 7.080522 -1.873436
v 0.100334 6.930483 -2.190424
v 0.100334 7.080522 -2.190424
v 0.100432 7.080522 -2.233435
v -0.106831 7.080522 -2.190897
v 0.100302 7.146266 -2.176416
v 0.100280 7.179303 -2.166934
v 0.100313 7.216631 -2.181295
v -0.106863 7.146266 -2.176889
v -0.106852 7.216630 -2.181768
v -0.106885 7.179303 -2.167407
v -0.106912 7.204219 -2.155424
v -0.106938 7.214339 -2.144149
v 0.100253 7.204219 -2.154951
v 0.100227 7.214339 -2.143676
v 0.100310 7.249282 -2.179845
v 0.099972 7.213685 -2.031930
v 0.099972 7.272254 -2.031930
v -0.107193 7.213685 -2.032403
v 0.099717 7.214339 -1.920184
v 0.099634 7.249282 -1.884016
v 0.099691 7.204219 -1.908910
v -0.107448 7.214339 -1.920657
v -0.107474 7.204219 -1.909383
v -0.107531 7.249282 -1.884489
v -0.107534 7.216631 -1.883038
v -0.107555 7.272254 -1.873909
v 0.099610 7.272254 -1.873436
v -0.107653 7.230561 -1.830898
v -0.107193 7.272254 -2.032403
v -0.106831 7.272254 -2.190897
v 0.100334 7.272254 -2.190424
v -0.106733 7.230561 -2.233908
v -0.106855 7.249282 -2.180318
v 0.100432 7.230561 -2.233435
v 0.099512 7.230561 -1.830425
v -0.107653 7.080522 -1.830898
v -0.107893 6.930483 -1.725946
v 0.099512 7.080522 -1.830425
v -0.107555 7.080522 -1.873909
v -0.107523 7.146266 -1.887917
v -0.107501 7.179303 -1.897399
v 0.099642 7.146266 -1.887444
v 0.099664 7.179303 -1.896926
v 0.099631 7.216630 -1.882565
v 0.464615 6.511211 -2.909310
v 0.464615 6.575635 -2.909310
v 0.240552 6.511211 -2.909822
v 0.306028 6.511211 -3.059712
v 0.464154 6.511211 -2.707291
v 0.464154 6.575635 -2.707291
v 0.240091 6.511211 -2.707803
v 0.240091 6.575635 -2.707803
v 0.240552 6.575635 -2.909822
v 0.240895 6.575635 -3.059860
v -0.005055 6.575635 -3.024096
v 0.001190 6.575635 -3.193571
v 0.170410 6.575635 -3.193839
v 0.187460 6.575635 -3.183680
v -0.185124 6.575635 -3.184530
v -0.168028 6.575635 -3.194612
v 0.205550 6.575635 -3.158722
v -0.239466 6.575635 -2.910918
v -0.239124 6.575635 -3.060956
v -0.203328 6.575635 -3.159655
v 0.219833 6.575635 -3.125652
v -0.217762 6.575635 -3.126652
v -0.224990 6.575635 -3.197033
v -0.217762 6.511211 -3.126652
v -0.224990 6.511211 -3.197033
v -0.203328 6.511211 -3.159655
v -0.239124 6.511211 -3.060956
v -0.005055 6.511211 -3.024096
v 0.001190 6.511211 -3.193571
v -0.168028 6.511211 -3.194612
v 0.219833 6.511211 -3.125652
v 0.205550 6.511211 -3.158722
v 0.187460 6.511211 -3.183680
v -0.185124 6.511211 -3.184530
v 0.240895 6.511211 -3.059860
v 0.170410 6.511211 -3.193839
v -0.239466 6.511211 -2.910918
v -0.463529 6.511211 -2.911429
v -0.239928 6.511211 -2.708899
v -0.239928 6.575635 -2.708899
v -0.463990 6.511211 -2.709410
v -0.463990 6.575635 -2.709410
v -0.463529 6.575635 -2.911429
v -0.304257 6.575635 -3.061105
v -0.304257 6.511211 -3.061105
v -0.303915 6.575635 -3.211144
v -0.303915 6.511211 -3.211144
v -0.238686 6.575635 -3.252688
v -0.238686 6.511211 -3.252688
v 0.001323 6.575635 -3.252140
v -0.222719 6.575635 -3.229679
v 0.001323 6.511211 -3.252140
v 0.241333 6.575635 -3.251592
v 0.306371 6.575635 -3.209750
v 0.241333 6.511211 -3.251592
v 0.225260 6.575635 -3.228657
v 0.227382 6.575635 -3.196000
v 0.306371 6.511211 -3.209750
v 0.225260 6.511211 -3.228657
v 0.227382 6.511211 -3.196000
v 0.306028 6.575635 -3.059712
v -0.222719 6.511211 -3.229679
vn 0.5605 -0.8281 0.0013
vn 0.5495 -0.8281 0.1106
vn -0.0000 -1.0000 -0.0000
vn 0.5500 -0.8281 -0.1081
vn 0.5183 -0.8281 -0.2133
vn 0.4668 -0.8281 -0.3103
vn -0.8327 -0.0113 0.5536
vn -0.9247 -0.0113 0.3805
vn -0.9812 -0.0113 0.1928
vn -0.9999 -0.0113 -0.0023
vn -0.0000 1.0000 -0.0000
vn -0.9803 -0.0113 -0.1973
vn -0.9229 -0.0113 -0.3848
vn -0.8301 -0.0113 -0.5574
vn -0.7054 -0.0113 -0.7087
vn -0.5536 -0.0113 -0.8327
vn -0.3805 -0.0113 -0.9247
vn -0.1928 -0.0113 -0.9812
vn 0.0023 -0.0113 -0.9999
vn 0.1973 -0.0113 -0.9803
vn 0.3848 -0.0113 -0.9229
vn 0.5574 -0.0113 -0.8301
vn 0.7087 -0.0113 -0.7054
vn 0.8327 -0.0113 -0.5536
vn 0.7073 -0.0639 -0.7041
vn 0.7729 -0.0637 -0.6314
vn 0.8310 -0.0641 -0.5526
vn 0.6349 -0.0637 -0.7700
vn 0.5563 -0.0641 -0.8285
vn 0.6449 0.5533 -0.5272
vn 0.5895 0.5552 -0.5868
vn 0.5301 0.5533 -0.6425
vn 0.7051 -0.0600 -0.7066
vn 0.7727 -0.0581 -0.6321
vn 0.7728 -0.0583 -0.6319
vn 0.7094 -0.0598 -0.7023
vn 0.6352 -0.0603 -0.7700
vn 0.6352 -0.0600 -0.7700
vn 0.0001 1.0000 0.0001
vn -0.0001 1.0000 -0.0001
vn 0.0002 1.0000 0.0002
vn -0.0002 1.0000 -0.0002
vn 0.7076 -0.0558 -0.7044
vn 0.7733 -0.0556 -0.6317
vn 0.6352 -0.0555 -0.7704
vn 0.7758 0.0053 0.6310
vn -0.0001 -1.0000 -0.0001
vn 0.6348 -0.0603 -0.7703
vn 0.6349 -0.0600 -0.7703
vn 0.7098 -0.0597 -0.7018
vn 0.7054 -0.0598 -0.7062
vn 0.9942 -0.0290 0.1036
vn 0.4698 -0.6737 -0.5704
vn 0.5226 -0.6755 -0.5202
vn 0.6348 -0.0637 -0.7700
vn 0.3840 -0.0642 -0.9211
vn 0.2453 -0.7705 -0.5883
vn 0.3553 -0.7705 -0.5292
vn 0.4518 -0.7705 -0.4497
vn 0.5308 -0.7705 -0.3529
vn 0.7729 -0.0637 -0.6313
vn 0.8310 -0.0641 -0.5525
vn 0.9228 -0.0642 -0.3798
vn 0.5895 -0.7705 -0.2426
vn -0.0991 -0.0290 -0.9947
vn 0.5725 -0.6737 -0.4672
vn 0.7735 -0.0580 -0.6312
vn 0.7734 -0.0582 -0.6313
vn -0.6298 0.0054 -0.7768
vn 0.0001 -1.0000 0.0001
vn 0.9556 -0.0638 -0.2875
vn 0.6255 -0.7705 -0.1229
vn 0.6761 -0.7283 -0.1117
vn 0.7102 -0.0345 0.7032
vn 0.6374 -0.7705 0.0015
vn 0.7229 -0.6910 0.0017
vn 0.8048 -0.5936 0.0018
vn 0.8024 -0.5917 -0.0774
vn -0.1192 -0.0044 -0.9929
vn -0.0000 1.0000 0.0002
vn 0.9937 -0.0582 -0.0963
vn 0.9938 -0.0585 -0.0947
vn 0.9937 -0.0587 -0.0953
vn 0.9937 -0.0586 -0.0958
vn 0.9983 -0.0581 0.0023
vn -0.0000 1.0000 -0.0001
vn 0.9932 -0.0582 0.1008
vn 0.9932 -0.0586 0.1003
vn -0.0000 -1.0000 -0.0003
vn -0.0000 -1.0000 0.0003
vn 0.9984 -0.0558 0.0023
vn 0.9934 -0.0556 0.1001
vn 0.9939 -0.0556 -0.0956
vn 0.0804 0.0068 -0.9967
vn -0.0000 1.0000 0.0001
vn -0.0000 1.0000 0.0003
vn 0.9933 -0.0585 0.0992
vn 0.9933 -0.0587 0.0998
vn 0.9983 -0.0586 0.0023
vn -0.1237 -0.0044 0.9923
vn -0.0000 -1.0000 -0.0002
vn 0.7134 -0.0345 -0.7000
vn 0.8893 0.4573 0.0020
vn 0.8857 0.4556 0.0891
vn 0.9543 -0.0638 0.2919
vn 0.9211 -0.0642 0.3840
vn 0.9999 -0.0113 0.0023
vn 0.9803 -0.0113 0.1973
vn 0.9229 -0.0113 0.3848
vn 0.9812 -0.0113 -0.1928
vn 0.9247 -0.0113 -0.3805
vn -0.4668 -0.8281 0.3103
vn -0.5183 -0.8281 0.2133
vn -0.5500 -0.8281 0.1081
vn -0.5605 -0.8281 -0.0013
vn -0.5495 -0.8281 -0.1106
vn -0.5174 -0.8281 -0.2157
vn -0.4654 -0.8281 -0.3125
vn -0.3954 -0.8281 -0.3973
vn -0.3103 -0.8281 -0.4668
vn 0.8301 -0.0113 0.5574
vn 0.7054 -0.0113 0.7087
vn 0.5536 -0.0113 0.8327
vn 0.3805 -0.0113 0.9247
vn 0.1928 -0.0113 0.9812
vn -0.2133 -0.8281 -0.5184
vn -0.1081 -0.8281 -0.5500
vn 0.0013 -0.8281 -0.5605
vn 0.1106 -0.8281 -0.5495
vn -0.0023 -0.0113 0.9999
vn -0.1973 -0.0113 0.9803
vn -0.3848 -0.0113 0.9229
vn -0.5574 -0.0113 0.8301
vn -0.7087 -0.0113 0.7054
vn 0.3125 -0.8281 -0.4654
vn 0.3973 -0.8281 -0.3954
vn 0.2157 -0.8281 -0.5174
vn -0.7729 -0.0637 0.6314
vn -0.7729 -0.0637 0.6313
vn -0.8310 -0.0641 0.5525
vn -0.8310 -0.0641 0.5526
vn -0.9228 -0.0642 0.3798
vn -0.7073 -0.0639 0.7040
vn 0.0991 -0.0290 0.9947
vn -0.6449 0.5533 0.5272
vn -0.5895 0.5552 0.5868
vn -0.7727 -0.0581 0.6321
vn -0.7735 -0.0580 0.6312
vn -0.7734 -0.0582 0.6313
vn -0.7728 -0.0583 0.6319
vn -0.7051 -0.0599 0.7066
vn -0.7094 -0.0598 0.7023
vn 0.6298 0.0054 0.7768
vn -0.7076 -0.0558 0.7044
vn -0.7733 -0.0556 0.6317
vn -0.6352 -0.0555 0.7704
vn -0.7758 0.0053 -0.6310
vn -0.6348 -0.0603 0.7703
vn -0.6352 -0.0603 0.7700
vn -0.6352 -0.0600 0.7700
vn -0.6349 -0.0600 0.7703
vn -0.7098 -0.0597 0.7018
vn -0.7054 -0.0598 0.7062
vn -0.9942 -0.0290 -0.1036
vn -0.4698 -0.6737 0.5704
vn -0.5226 -0.6755 0.5202
vn -0.6348 -0.0637 0.7700
vn -0.6349 -0.0637 0.7700
vn -0.5563 -0.0641 0.8285
vn -0.7073 -0.0639 0.7041
vn -0.3840 -0.0642 0.9211
vn -0.2453 -0.7705 0.5883
vn -0.3553 -0.7705 0.5292
vn -0.4518 -0.7705 0.4497
vn -0.5308 -0.7705 0.3529
vn -0.5575 -0.0063 0.8302
vn -0.7087 -0.0063 0.7055
vn -0.8327 -0.0063 0.5537
vn -0.9247 -0.0063 0.3806
vn -0.5895 -0.7705 0.2426
vn -0.9812 -0.0063 0.1928
vn -0.6255 -0.7705 0.1229
vn -0.9792 -0.0641 0.1925
vn -0.9792 -0.0641 0.1924
vn -0.9934 -0.0637 0.0956
vn -0.9934 -0.0637 0.0955
vn -0.6374 -0.7705 -0.0015
vn -0.9980 -0.0639 -0.0023
vn -0.6297 -0.0290 -0.7763
vn -0.7355 -0.6737 0.0711
vn -0.7373 -0.6755 -0.0017
vn -0.9937 -0.0582 0.0963
vn -0.9938 -0.0585 0.0947
vn -0.9937 -0.0587 0.0953
vn -0.9937 -0.0586 0.0958
vn -0.9983 -0.0581 -0.0023
vn -0.9932 -0.0582 -0.1008
vn -0.9932 -0.0586 -0.1003
vn -0.9933 -0.0585 -0.0992
vn -0.9933 -0.0587 -0.0998
vn -0.0804 0.0068 0.9967
vn -0.9984 -0.0558 -0.0023
vn -0.9934 -0.0556 -0.1001
vn -0.9939 -0.0556 0.0956
vn -0.0759 0.0068 -0.9971
vn -0.0000 1.0000 -0.0003
vn -0.9983 -0.0586 -0.0023
vn -0.8317 0.5552 -0.0019
vn -0.8292 0.5533 0.0795
vn -0.8288 0.5533 -0.0832
vn -0.6333 -0.0290 0.7734
vn -0.9929 -0.0637 -0.1000
vn -0.9929 -0.0637 -0.1001
vn -0.9783 -0.0641 -0.1969
vn -0.7352 -0.6737 -0.0744
vn -0.9211 -0.0642 -0.3840
vn -0.6249 -0.7705 -0.1258
vn -0.5883 -0.7705 -0.2453
vn -0.8285 -0.0641 -0.5563
vn -0.5292 -0.7705 -0.3553
vn -0.7700 -0.0637 -0.6348
vn -0.7700 -0.0637 -0.6349
vn -0.4497 -0.7705 -0.4518
vn -0.7041 -0.0639 -0.7073
vn 0.1036 -0.0290 -0.9942
vn -0.5704 -0.6737 -0.4699
vn -0.5202 -0.6755 -0.5226
vn -0.7706 -0.0580 -0.6347
vn -0.7698 -0.0581 -0.6356
vn -0.7699 -0.0583 -0.6354
vn -0.7705 -0.0582 -0.6348
vn -0.7066 -0.0597 -0.7051
vn -0.7022 -0.0598 -0.7095
vn -0.0001 1.0000 0.0001
vn -0.0001 -1.0000 0.0001
vn 0.6333 0.0054 -0.7739
vn 0.0001 -1.0000 -0.0001
vn -0.7044 -0.0558 -0.7076
vn -0.6317 -0.0555 -0.7733
vn -0.7704 -0.0556 -0.6352
vn -0.7787 0.0053 0.6274
vn 0.0001 1.0000 -0.0001
vn 0.0002 1.0000 -0.0002
vn -0.6317 -0.0603 -0.7729
vn -0.6313 -0.0603 -0.7732
vn -0.6313 -0.0600 -0.7732
vn -0.6317 -0.0600 -0.7729
vn -0.7018 -0.0600 -0.7098
vn -0.7062 -0.0598 -0.7055
vn -0.9947 -0.0290 0.0991
vn -0.5272 0.5533 -0.6449
vn -0.5868 0.5552 -0.5895
vn -0.6425 0.5533 -0.5301
vn -0.6314 -0.0637 -0.7729
vn -0.5526 -0.0641 -0.8310
vn -0.4672 -0.6737 -0.5725
vn -0.6313 -0.0637 -0.7729
vn -0.5525 -0.0641 -0.8310
vn -0.3798 -0.0642 -0.9228
vn -0.3529 -0.7705 -0.5308
vn -0.2426 -0.7705 -0.5895
vn -0.1925 -0.0641 -0.9792
vn -0.1924 -0.0641 -0.9792
vn -0.1229 -0.7705 -0.6255
vn -0.0956 -0.0637 -0.9934
vn -0.0955 -0.0637 -0.9934
vn 0.0015 -0.7705 -0.6374
vn 0.0023 -0.0639 -0.9980
vn 0.7763 -0.0290 -0.6297
vn -0.0711 -0.6737 -0.7355
vn 0.0017 -0.6755 -0.7373
vn -0.0959 -0.0590 -0.9936
vn -0.0951 -0.0590 -0.9937
vn 0.0023 -0.0595 -0.9982
vn -0.0001 1.0000 -0.0000
vn 0.9944 0.0051 -0.1058
vn -0.0002 -1.0000 -0.0000
vn -0.0956 -0.0555 -0.9939
vn 0.0023 -0.0558 -0.9984
vn 0.1001 -0.0555 -0.9934
vn 0.0002 -1.0000 -0.0000
vn -0.9939 0.0051 -0.1103
vn 0.0001 1.0000 -0.0000
vn 0.0997 -0.0590 -0.9933
vn 0.1005 -0.0590 -0.9932
vn -0.7734 -0.0290 -0.6333
vn 0.0744 -0.6737 -0.7352
vn 0.1001 -0.0637 -0.9929
vn 0.1970 -0.0641 -0.9783
vn 0.1969 -0.0641 -0.9783
vn 0.1258 -0.7705 -0.6249
vn 0.0023 -0.0063 -1.0000
vn 0.1973 -0.0063 -0.9803
vn 0.3848 -0.0063 -0.9230
vn -0.1928 -0.0063 -0.9812
vn -0.3806 -0.0063 -0.9247
vn -0.5537 -0.0063 -0.8327
vn -0.7055 -0.0063 -0.7087
vn -0.8302 -0.0063 -0.5575
vn -0.9230 -0.0063 -0.3848
vn -0.9803 -0.0063 -0.1973
vn -1.0000 -0.0063 -0.0023
vn -0.9812 -0.0065 0.1928
vn -1.0000 -0.0065 -0.0023
vn -0.9247 -0.0065 0.3806
vn -0.8327 -0.0065 0.5537
vn -0.7087 -0.0065 0.7055
vn -0.5575 -0.0065 0.8302
vn -0.3848 -0.0065 0.9230
vn -0.1973 -0.0065 0.9803
vn -0.0023 -0.0065 1.0000
vn 0.1928 -0.0065 0.9812
vn 0.3806 -0.0065 0.9247
vn 0.5537 -0.0065 0.8327
vn 0.7055 -0.0065 0.7087
vn 0.8302 -0.0065 0.5575
vn 0.9230 -0.0065 0.3848
vn 0.9803 -0.0065 0.1973
vn 1.0000 -0.0065 0.0023
vn 0.9812 -0.0065 -0.1928
vn 0.9247 -0.0065 -0.3806
vn 0.8327 -0.0065 -0.5537
vn 0.7087 -0.0065 -0.7055
vn 0.5575 -0.0065 -0.8302
vn 0.3848 -0.0065 -0.9230
vn 0.1973 -0.0065 -0.9803
vn 0.0023 -0.0065 -1.0000
vn 0.0008 0.9300 -0.3675
vn 0.0725 0.9300 -0.3603
vn 0.0827 0.9079 -0.4109
vn 0.0010 0.9079 -0.4192
vn 0.1414 0.9300 -0.3392
vn 0.1613 0.9079 -0.3869
vn 0.0006 0.9662 -0.2576
vn 0.0508 0.9662 -0.2525
vn 0.0991 0.9662 -0.2378
vn -0.0709 0.9300 -0.3606
vn -0.0808 0.9079 -0.4113
vn -0.0497 0.9662 -0.2528
vn -0.1399 0.9300 -0.3398
vn -0.1595 0.9079 -0.3876
vn -0.0980 0.9662 -0.2382
vn -0.2035 0.9300 -0.3060
vn -0.2321 0.9079 -0.3491
vn -0.1426 0.9662 -0.2145
vn -0.2593 0.9300 -0.2604
vn -0.2957 0.9079 -0.2971
vn -0.1817 0.9662 -0.1826
vn -0.3051 0.9300 -0.2049
vn -0.3480 0.9079 -0.2337
vn -0.2139 0.9662 -0.1436
vn -0.3392 0.9300 -0.1414
vn -0.3869 0.9079 -0.1613
vn -0.2378 0.9662 -0.0991
vn -0.3603 0.9300 -0.0725
vn -0.4109 0.9079 -0.0827
vn -0.2525 0.9662 -0.0508
vn -0.3675 0.9300 -0.0008
vn -0.4192 0.9079 -0.0010
vn -0.2576 0.9662 -0.0006
vn -0.3606 0.9300 0.0709
vn -0.4113 0.9079 0.0808
vn -0.2528 0.9662 0.0497
vn -0.1509 0.9885 -0.0003
vn -0.1480 0.9885 -0.0298
vn -0.1481 0.9885 0.0291
vn -0.0506 0.9987 -0.0001
vn -0.0496 0.9987 -0.0100
vn -0.0496 0.9987 0.0098
vn -0.1393 0.9885 -0.0581
vn -0.0467 0.9987 -0.0195
vn -0.1253 0.9885 -0.0841
vn -0.0420 0.9987 -0.0282
vn -0.1065 0.9885 -0.1070
vn -0.0357 0.9987 -0.0359
vn -0.0836 0.9885 -0.1257
vn -0.0280 0.9987 -0.0421
vn -0.0574 0.9885 -0.1396
vn -0.0193 0.9987 -0.0468
vn -0.0291 0.9885 -0.1481
vn -0.0098 0.9987 -0.0496
vn 0.0003 0.9885 -0.1509
vn 0.0001 0.9987 -0.0506
vn 0.0298 0.9885 -0.1480
vn 0.0100 0.9987 -0.0496
vn 0.0581 0.9885 -0.1393
vn 0.0195 0.9987 -0.0467
vn 0.0841 0.9885 -0.1253
vn 0.1436 0.9662 -0.2139
vn 0.0282 0.9987 -0.0420
vn 0.1070 0.9885 -0.1065
vn 0.1826 0.9662 -0.1817
vn 0.0359 0.9987 -0.0357
vn 0.1257 0.9885 -0.0836
vn 0.2145 0.9662 -0.1426
vn 0.0421 0.9987 -0.0280
vn 0.1396 0.9885 -0.0574
vn 0.2382 0.9662 -0.0980
vn 0.0468 0.9987 -0.0193
vn 0.1481 0.9885 -0.0291
vn 0.2528 0.9662 -0.0497
vn 0.0496 0.9987 -0.0098
vn 0.1509 0.9885 0.0003
vn 0.2576 0.9662 0.0006
vn 0.0506 0.9987 0.0001
vn 0.1480 0.9885 0.0298
vn 0.2525 0.9662 0.0508
vn 0.0496 0.9987 0.0100
vn 0.1393 0.9885 0.0581
vn 0.2378 0.9662 0.0991
vn 0.0467 0.9987 0.0195
vn 0.1253 0.9885 0.0841
vn 0.2139 0.9662 0.1436
vn 0.0420 0.9987 0.0282
vn 0.1065 0.9885 0.1070
vn 0.1817 0.9662 0.1826
vn 0.0357 0.9987 0.0359
vn 0.0836 0.9885 0.1257
vn 0.1426 0.9662 0.2145
vn 0.0280 0.9987 0.0421
vn 0.0574 0.9885 0.1396
vn 0.0980 0.9662 0.2382
vn 0.0193 0.9987 0.0468
vn 0.0291 0.9885 0.1481
vn 0.0497 0.9662 0.2528
vn 0.0098 0.9987 0.0496
vn -0.0003 0.9885 0.1509
vn -0.0006 0.9662 0.2576
vn -0.0001 0.9987 0.0506
vn -0.0298 0.9885 0.1480
vn -0.0508 0.9662 0.2525
vn -0.0100 0.9987 0.0496
vn -0.0581 0.9885 0.1393
vn -0.0991 0.9662 0.2378
vn -0.0195 0.9987 0.0467
vn -0.0841 0.9885 0.1253
vn -0.1436 0.9662 0.2139
vn -0.0282 0.9987 0.0420
vn -0.1070 0.9885 0.1065
vn -0.1826 0.9662 0.1817
vn -0.0359 0.9987 0.0357
vn -0.1257 0.9885 0.0836
vn -0.2145 0.9662 0.1426
vn -0.0421 0.9987 0.0280
vn -0.1396 0.9885 0.0574
vn -0.2382 0.9662 0.0980
vn -0.0468 0.9987 0.0193
vn -0.3398 0.9300 0.1399
vn -0.3060 0.9300 0.2035
vn -0.3876 0.9079 0.1595
vn -0.3491 0.9079 0.2321
vn -0.2604 0.9300 0.2593
vn -0.2971 0.9079 0.2957
vn -0.2049 0.9300 0.3051
vn -0.2337 0.9079 0.3480
vn -0.1414 0.9300 0.3392
vn -0.1613 0.9079 0.3869
vn -0.0725 0.9300 0.3603
vn -0.0827 0.9079 0.4109
vn -0.0008 0.9300 0.3675
vn -0.0010 0.9079 0.4192
vn 0.0709 0.9300 0.3606
vn 0.0808 0.9079 0.4113
vn 0.1399 0.9300 0.3398
vn 0.1595 0.9079 0.3876
vn 0.2035 0.9300 0.3060
vn 0.2321 0.9079 0.3491
vn 0.2593 0.9300 0.2604
vn 0.2957 0.9079 0.2971
vn 0.3051 0.9300 0.2049
vn 0.3480 0.9079 0.2337
vn 0.3392 0.9300 0.1414
vn 0.3869 0.9079 0.1613
vn 0.3603 0.9300 0.0725
vn 0.4109 0.9079 0.0827
vn 0.3675 0.9300 0.0008
vn 0.4192 0.9079 0.0010
vn 0.3606 0.9300 -0.0709
vn 0.4113 0.9079 -0.0808
vn 0.3398 0.9300 -0.1399
vn 0.3876 0.9079 -0.1595
vn 0.3060 0.9300 -0.2035
vn 0.3491 0.9079 -0.2321
vn 0.2604 0.9300 -0.2593
vn 0.2971 0.9079 -0.2957
vn 0.2049 0.9300 -0.3051
vn 0.2337 0.9079 -0.3480
vn -0.9803 -0.0065 -0.1973
vn -0.9230 -0.0065 -0.3848
vn -0.8302 -0.0065 -0.5575
vn -0.7055 -0.0065 -0.7087
vn -0.5537 -0.0065 -0.8327
vn -0.3806 -0.0065 -0.9247
vn -0.1928 -0.0065 -0.9812
vn 0.5575 -0.0063 -0.8302
vn 0.7087 -0.0063 -0.7055
vn 0.8327 -0.0063 -0.5537
vn 0.9247 -0.0063 -0.3806
vn 0.9812 -0.0063 -0.1928
vn 1.0000 -0.0063 0.0023
vn 0.9803 -0.0063 0.1973
vn 0.6249 -0.7705 0.1258
vn 0.6756 -0.7283 0.1148
vn 0.9230 -0.0063 0.3848
vn 0.5883 -0.7705 0.2453
vn 0.8302 -0.0063 0.5575
vn 0.5292 -0.7705 0.3553
vn 0.8285 -0.0641 0.5563
vn 0.7700 -0.0637 0.6348
vn 0.7700 -0.0637 0.6349
vn 0.4497 -0.7705 0.4518
vn 0.7041 -0.0639 0.7073
vn -0.1036 -0.0290 0.9942
vn 0.5704 -0.6737 0.4698
vn 0.5202 -0.6755 0.5226
vn 0.7706 -0.0580 0.6347
vn 0.7698 -0.0581 0.6356
vn 0.7700 -0.0583 0.6354
vn 0.7705 -0.0582 0.6348
vn 0.7066 -0.0597 0.7051
vn 0.7022 -0.0598 0.7095
vn -0.6333 0.0054 0.7739
vn 0.7787 0.0053 -0.6274
vn 0.7044 -0.0558 0.7076
vn 0.6317 -0.0555 0.7733
vn -0.0002 1.0000 0.0002
vn 0.7704 -0.0556 0.6352
vn 0.7018 -0.0599 0.7098
vn 0.6317 -0.0603 0.7729
vn 0.6317 -0.0600 0.7729
vn 0.7062 -0.0598 0.7055
vn 0.5272 0.5533 0.6449
vn 0.5868 0.5552 0.5895
vn 0.6425 0.5533 0.5301
vn 0.6314 -0.0637 0.7729
vn 0.5526 -0.0641 0.8310
vn 0.6313 -0.0637 0.7729
vn 0.5525 -0.0641 0.8310
vn 0.3798 -0.0642 0.9228
vn 0.1925 -0.0641 0.9792
vn 0.1924 -0.0641 0.9792
vn 0.0956 -0.0637 0.9934
vn 0.0955 -0.0637 0.9934
vn -0.0023 -0.0639 0.9980
vn -0.7763 -0.0290 0.6297
vn -0.0019 0.5552 0.8317
vn 0.0795 0.5533 0.8292
vn 0.0959 -0.0590 0.9936
vn 0.0951 -0.0590 0.9937
vn -0.0023 -0.0596 0.9982
vn -0.9944 0.0051 0.1058
vn 0.0002 1.0000 -0.0000
vn 0.0956 -0.0555 0.9939
vn -0.0023 -0.0558 0.9984
vn -0.1001 -0.0555 0.9934
vn -0.0002 1.0000 -0.0000
vn 0.9939 0.0051 0.1103
vn -0.0997 -0.0590 0.9933
vn -0.1005 -0.0590 0.9932
vn 0.7734 -0.0290 0.6333
vn -0.0832 0.5533 0.8288
vn -0.1000 -0.0637 0.9929
vn -0.1001 -0.0637 0.9929
vn -0.1969 -0.0641 0.9783
vn -0.0015 -0.7705 0.6374
vn -0.1258 -0.7705 0.6249
vn 0.1229 -0.7705 0.6255
vn 0.0711 -0.6737 0.7355
vn -0.0017 -0.6755 0.7373
vn -0.0744 -0.6737 0.7352
vn -0.0023 -0.0595 0.9982
vn 0.1928 -0.0063 0.9812
vn -0.0023 -0.0063 1.0000
vn -0.1973 -0.0063 0.9803
vn 0.3806 -0.0063 0.9247
vn 0.2426 -0.7705 0.5895
vn 0.5537 -0.0063 0.8327
vn 0.3529 -0.7705 0.5308
vn 0.7055 -0.0063 0.7087
vn -0.3848 -0.0063 0.9230
vn 0.9947 -0.0290 -0.0991
vn 0.4672 -0.6737 0.5725
vn 0.6313 -0.0603 0.7732
vn 0.6313 -0.0600 0.7732
vn 0.0832 0.5533 -0.8288
vn 0.0019 0.5552 -0.8317
vn -0.0795 0.5533 -0.8292
vn -0.5725 -0.6737 0.4672
vn -0.5301 0.5533 0.6425
vn -0.3973 -0.8281 0.3954
vn -0.3125 -0.8281 0.4654
vn -0.2157 -0.8281 0.5174
vn -0.1106 -0.8281 0.5495
vn -0.0013 -0.8281 0.5605
vn 0.1081 -0.8281 0.5500
vn 0.2133 -0.8281 0.5183
vn 0.3103 -0.8281 0.4668
vn 0.3954 -0.8281 0.3973
vn 0.4654 -0.8281 0.3125
vn 0.5174 -0.8281 0.2157
vn 0.8861 0.4556 -0.0850
vn 0.8020 -0.5917 0.0811
vn -0.0000 -1.0000 0.0002
vn -0.0000 1.0000 -0.0002
vn 0.0759 0.0068 0.9971
vn -1.0000 -0.0000 -0.0023
vn -0.6881 -0.0000 0.7256
vn 0.0023 -0.0000 -1.0000
vn 1.0000 -0.0000 0.0023
vn 0.9882 -0.0000 -0.1532
vn 0.8691 -0.0000 -0.4947
vn 0.9363 -0.0000 -0.3511
vn 0.6746 -0.0000 -0.7381
vn 0.5119 -0.0000 -0.8591
vn -0.0016 -0.0000 -1.0000
vn 0.0061 -0.0000 -1.0000
vn -0.5079 -0.0000 -0.8614
vn -0.6713 -0.0000 -0.7412
vn -0.8668 -0.0000 -0.4986
vn -0.9347 -0.0000 -0.3554
vn -0.9875 -0.0000 -0.1577
vn 0.6848 -0.0000 0.7287
vn 0.5372 -0.0000 0.8435
vn -0.0023 -0.0000 1.0000
vn -0.5410 -0.0000 0.8410
vn 0.0019 0.5732 -0.8194
vn 0.0034 -0.0000 -1.0000
vn 0.0028 -0.0009 -1.0000
vn 0.0026 -0.1052 -0.9944
vn -0.0023 -0.1048 0.9945
vn -0.0022 -0.2423 0.9702
vn -0.0021 -0.3559 0.9345
vn -0.0018 -0.6002 0.7998
vn -0.0015 -0.7442 0.6680
vn -0.0000 -1.0000 -0.0059
vn -0.0000 -1.0000 0.0059
vn 0.0015 -0.7442 -0.6680
vn 0.0018 -0.6002 -0.7998
vn -0.0016 0.7180 0.6960
vn 0.0016 0.7180 -0.6960
vn -0.0019 0.5732 0.8194
vn 0.0022 -0.2423 -0.9702
vn 0.0021 -0.3559 -0.9345
vn 0.6881 -0.0000 -0.7256
vn -0.9882 -0.0000 0.1532
vn 0.8668 -0.0000 0.4986
vn 0.9347 -0.0000 0.3554
vn 0.9875 -0.0000 0.1577
vn -0.6848 -0.0000 -0.7287
vn -0.5372 -0.0000 -0.8435
vn 0.5410 -0.0000 -0.8410
vn -0.5119 -0.0000 0.8591
vn -0.6746 -0.0000 0.7381
vn 0.0016 -0.0000 1.0000
vn -0.9363 -0.0000 0.3511
vn 0.6713 -0.0000 0.7412
vn 0.5079 -0.0000 0.8614
vn -0.8691 -0.0000 0.4947
vn -0.0061 -0.0000 1.0000
vt 0.750000 0.490000
vt 0.796822 0.485388
vt 0.703178 0.485388
vt 0.841844 0.471731
vt 0.883337 0.449553
vt 0.919706 0.419706
vt 0.949553 0.383337
vt 0.971731 0.341844
vt 0.985388 0.296822
vt 0.990000 0.250000
vt 0.985388 0.203178
vt 0.971731 0.158156
vt 0.949553 0.116663
vt 0.919706 0.080294
vt 0.883337 0.050447
vt 0.841844 0.028269
vt 0.796822 0.014612
vt 0.750000 0.010000
vt 0.703178 0.014612
vt 0.658156 0.028269
vt 0.616663 0.050447
vt 0.580294 0.080294
vt 0.550447 0.116663
vt 0.528269 0.158156
vt 0.514612 0.203178
vt 0.510000 0.250000
vt 0.514612 0.296822
vt 0.528269 0.341844
vt 0.550447 0.383337
vt 0.580294 0.419706
vt 0.616663 0.449553
vt 0.658156 0.471731
vt 0.093750 0.500000
vt 0.093750 0.523445
vt 0.062500 0.523445
vt 0.062500 0.500000
vt 0.031250 0.523445
vt 0.031250 0.500000
vt 0.000000 0.523445
vt 0.000000 0.500000
vt 1.000000 0.523445
vt 0.968750 0.523445
vt 1.000000 0.500000
vt 0.968750 0.500000
vt 0.937500 0.523445
vt 0.937500 0.500000
vt 0.906250 0.523445
vt 0.906250 0.500000
vt 0.875000 0.523445
vt 0.875000 0.500000
vt 0.843750 0.523445
vt 0.843750 0.500000
vt 0.812500 0.523445
vt 0.812500 0.500000
vt 0.781250 0.523445
vt 0.781250 0.500000
vt 0.750000 0.523445
vt 0.750000 0.500000
vt 0.718750 0.523445
vt 0.718750 0.500000
vt 0.687500 0.523445
vt 0.687500 0.500000
vt 0.656250 0.523445
vt 0.656250 0.500000
vt 0.625000 0.523445
vt 0.625000 0.500000
vt 0.593750 0.523445
vt 0.593750 0.500000
vt 0.625000 0.530557
vt 0.597905 0.530557
vt 0.652095 0.530557
vt 0.625001 0.545440
vt 0.606601 0.545440
vt 0.643399 0.545440
vt 0.625106 0.547249
vt 0.610008 0.547249
vt 0.640511 0.547249
vt 0.624895 0.895435
vt 0.607760 0.895435
vt 0.642693 0.895434
vt 0.645193 0.897244
vt 0.625001 0.897244
vt 0.652675 0.912126
vt 0.625000 0.912126
vt 0.656250 0.919238
vt 0.625000 0.919238
vt 0.687500 0.919238
vt 0.687500 0.931921
vt 0.656250 0.931921
vt 0.625000 0.931921
vt 0.593750 0.931921
vt 0.593750 0.919238
vt 0.597325 0.912126
vt 0.562500 0.919238
vt 0.562500 0.523445
vt 0.562500 0.931921
vt 0.604807 0.897244
vt 0.531250 0.919238
vt 0.531250 0.523445
vt 0.531250 0.931921
vt 0.520193 0.897244
vt 0.518399 0.545440
vt 0.500000 0.931921
vt 0.500000 0.919238
vt 0.500001 0.897244
vt 0.513767 0.895437
vt 0.510930 0.547247
vt 0.500013 0.895437
vt 0.486233 0.895437
vt 0.479807 0.897244
vt 0.500016 0.547247
vt 0.489072 0.547247
vt 0.481601 0.545440
vt 0.500001 0.545440
vt 0.481601 0.545440
vt 0.500001 0.545440
vt 0.468750 0.919238
vt 0.468750 0.523445
vt 0.500000 0.523445
vt 0.437500 0.919238
vt 0.437500 0.523445
vt 0.500000 0.500000
vt 0.468750 0.500000
vt 0.437500 0.500000
vt 0.531250 0.500000
vt 0.562500 0.500000
vt 0.406250 0.500000
vt 0.406250 0.523445
vt 0.375000 0.523445
vt 0.375000 0.500000
vt 0.343750 0.523445
vt 0.343750 0.500000
vt 0.312500 0.523445
vt 0.312500 0.500000
vt 0.281250 0.523445
vt 0.281250 0.500000
vt 0.250000 0.523445
vt 0.250000 0.500000
vt 0.218750 0.523445
vt 0.218750 0.500000
vt 0.187500 0.523445
vt 0.187500 0.500000
vt 0.156250 0.523445
vt 0.156250 0.500000
vt 0.125000 0.523445
vt 0.125000 0.500000
vt 0.097905 0.530557
vt 0.097325 0.912126
vt 0.093750 0.919238
vt 0.062500 0.919238
vt 0.125000 0.530557
vt 0.106601 0.545440
vt 0.104807 0.897244
vt 0.125002 0.545440
vt 0.110008 0.547249
vt 0.107760 0.895435
vt 0.125106 0.547249
vt 0.140511 0.547249
vt 0.124895 0.895435
vt 0.142693 0.895434
vt 0.143399 0.545440
vt 0.145193 0.897244
vt 0.125001 0.897244
vt 0.152095 0.530557
vt 0.152675 0.912126
vt 0.125000 0.912126
vt 0.156250 0.919238
vt 0.125000 0.919238
vt 0.187500 0.919238
vt 0.187500 0.931921
vt 0.156250 0.931921
vt 0.125000 0.931921
vt 0.093750 0.931921
vt 0.156250 0.950488
vt 0.125000 0.950488
vt 0.093750 0.950488
vt 0.062500 0.950488
vt 0.062500 0.931921
vt 0.031250 0.950488
vt 0.031250 0.931921
vt 0.031250 0.919238
vt 0.027675 0.912126
vt 0.027095 0.530557
vt 0.000000 0.931921
vt 0.000000 0.919238
vt -0.000000 0.912126
vt 0.020193 0.897244
vt 0.018399 0.545440
vt -0.000001 0.897244
vt 0.013767 0.895437
vt 0.010930 0.547247
vt -0.000013 0.895437
vt 1.000013 0.895437
vt 0.986233 0.895437
vt 1.000001 0.897244
vt 0.979807 0.897244
vt 0.989070 0.547247
vt 0.981601 0.545440
vt 0.999984 0.547247
vt 0.000016 0.547247
vt 0.000002 0.545440
vt 0.999999 0.545440
vt 0.000000 0.530557
vt 0.972905 0.530557
vt 1.000000 0.530557
vt 0.972325 0.912126
vt 0.968750 0.919238
vt 1.000000 0.912126
vt 1.000000 0.919238
vt 0.937500 0.919238
vt 1.000000 0.931921
vt 0.968750 0.931921
vt 0.937500 0.931921
vt 0.906250 0.919238
vt 0.906250 0.931921
vt 0.902675 0.912126
vt 0.902095 0.530557
vt 0.875000 0.931921
vt 0.875000 0.919238
vt 0.875000 0.912126
vt 0.895193 0.897244
vt 0.893399 0.545440
vt 0.875001 0.897244
vt 0.892240 0.895434
vt 0.889992 0.547249
vt 0.875091 0.895434
vt 0.857308 0.895434
vt 0.874879 0.547249
vt 0.859489 0.547249
vt 0.854807 0.897244
vt 0.856601 0.545440
vt 0.875001 0.545440
vt 0.847325 0.912126
vt 0.847905 0.530557
vt 0.875000 0.530557
vt 0.843750 0.919238
vt 0.812500 0.919238
vt 0.843750 0.931921
vt 0.812500 0.931921
vt 0.781250 0.919238
vt 0.781250 0.931921
vt 0.777675 0.912126
vt 0.777095 0.530557
vt 0.750000 0.931921
vt 0.750000 0.919238
vt 0.750000 0.912126
vt 0.770193 0.897244
vt 0.768399 0.545440
vt 0.750001 0.897244
vt 0.768193 0.895434
vt 0.766098 0.547249
vt 0.750001 0.895434
vt 0.750001 0.547249
vt 0.731807 0.895434
vt 0.733902 0.547249
vt 0.729807 0.897244
vt 0.731601 0.545440
vt 0.722325 0.912126
vt 0.722905 0.530557
vt 0.718750 0.919238
vt 0.718750 0.931921
vt 0.750000 0.950488
vt 0.718750 0.950488
vt 0.687500 0.950488
vt 0.781250 0.950488
vt 0.812500 0.950488
vt 0.843750 0.950488
vt 0.875000 0.950488
vt 0.906250 0.950488
vt 0.937500 0.950488
vt 0.968750 0.950488
vt 1.000000 0.950488
vt 0.000000 0.950488
vt 0.031250 1.000000
vt 0.000000 1.000000
vt 0.062500 1.000000
vt 0.093750 1.000000
vt 0.125000 1.000000
vt 0.156250 1.000000
vt 0.187500 0.950488
vt 0.187500 1.000000
vt 0.218750 0.950488
vt 0.218750 1.000000
vt 0.250000 0.950488
vt 0.250000 1.000000
vt 0.281250 0.950488
vt 0.281250 1.000000
vt 0.312500 0.950488
vt 0.312500 1.000000
vt 0.343750 0.950488
vt 0.343750 1.000000
vt 0.375000 0.950488
vt 0.375000 1.000000
vt 0.406250 0.950488
vt 0.406250 1.000000
vt 0.437500 0.950488
vt 0.437500 1.000000
vt 0.468750 0.950488
vt 0.468750 1.000000
vt 0.500000 0.950488
vt 0.500000 1.000000
vt 0.531250 0.950488
vt 0.531250 1.000000
vt 0.562500 0.950488
vt 0.562500 1.000000
vt 0.593750 0.950488
vt 0.593750 1.000000
vt 0.625000 0.950488
vt 0.625000 1.000000
vt 0.656250 0.950488
vt 0.656250 1.000000
vt 0.687500 1.000000
vt 0.718750 1.000000
vt 0.750000 1.000000
vt 0.392368 0.250000
vt 0.389632 0.222225
vt 0.485388 0.203178
vt 0.490000 0.250000
vt 0.381531 0.195518
vt 0.471731 0.158156
vt 0.343552 0.250000
vt 0.341754 0.231749
vt 0.336431 0.214199
vt 0.389632 0.277775
vt 0.485388 0.296822
vt 0.341754 0.268251
vt 0.381531 0.304482
vt 0.471731 0.341844
vt 0.336431 0.285801
vt 0.368375 0.329095
vt 0.449553 0.383337
vt 0.327785 0.301975
vt 0.350669 0.350669
vt 0.419706 0.419706
vt 0.316151 0.316151
vt 0.329095 0.368375
vt 0.383337 0.449553
vt 0.301975 0.327786
vt 0.304482 0.381531
vt 0.341844 0.471731
vt 0.285801 0.336431
vt 0.277775 0.389632
vt 0.296822 0.485388
vt 0.268251 0.341754
vt 0.250000 0.392368
vt 0.250000 0.490000
vt 0.250000 0.343552
vt 0.222225 0.389632
vt 0.203178 0.485388
vt 0.231749 0.341754
vt 0.250000 0.319144
vt 0.263489 0.317815
vt 0.236511 0.317815
vt 0.250000 0.294736
vt 0.258727 0.293876
vt 0.241273 0.293876
vt 0.276460 0.313881
vt 0.267120 0.291330
vt 0.288414 0.307491
vt 0.274854 0.287196
vt 0.298892 0.298892
vt 0.281633 0.281633
vt 0.307491 0.288414
vt 0.287196 0.274854
vt 0.313881 0.276460
vt 0.291330 0.267120
vt 0.317815 0.263489
vt 0.293876 0.258728
vt 0.319144 0.250000
vt 0.294736 0.250000
vt 0.317815 0.236511
vt 0.293876 0.241272
vt 0.313881 0.223540
vt 0.291330 0.232880
vt 0.307491 0.211586
vt 0.327785 0.198025
vt 0.287196 0.225146
vt 0.298892 0.201108
vt 0.316151 0.183849
vt 0.281633 0.218367
vt 0.288414 0.192509
vt 0.301975 0.172215
vt 0.274854 0.212804
vt 0.276460 0.186119
vt 0.285801 0.163569
vt 0.267120 0.208670
vt 0.263489 0.182185
vt 0.268251 0.158246
vt 0.258727 0.206124
vt 0.250000 0.180856
vt 0.250000 0.156448
vt 0.250000 0.205264
vt 0.236511 0.182185
vt 0.231749 0.158246
vt 0.241272 0.206124
vt 0.223540 0.186119
vt 0.214199 0.163569
vt 0.232880 0.208670
vt 0.211586 0.192509
vt 0.198025 0.172215
vt 0.225146 0.212804
vt 0.201108 0.201108
vt 0.183849 0.183849
vt 0.218367 0.218367
vt 0.192509 0.211586
vt 0.172215 0.198025
vt 0.212804 0.225146
vt 0.186119 0.223540
vt 0.163569 0.214199
vt 0.208670 0.232880
vt 0.182185 0.236511
vt 0.158246 0.231749
vt 0.206124 0.241273
vt 0.180856 0.250000
vt 0.156448 0.250000
vt 0.205264 0.250000
vt 0.182185 0.263489
vt 0.158246 0.268251
vt 0.206124 0.258728
vt 0.186119 0.276460
vt 0.163569 0.285801
vt 0.208670 0.267120
vt 0.192509 0.288414
vt 0.172215 0.301975
vt 0.212804 0.274854
vt 0.201108 0.298892
vt 0.183849 0.316151
vt 0.218367 0.281633
vt 0.211586 0.307491
vt 0.198025 0.327786
vt 0.225146 0.287196
vt 0.223540 0.313881
vt 0.214199 0.336431
vt 0.232880 0.291330
vt 0.195518 0.381531
vt 0.170905 0.368375
vt 0.158156 0.471731
vt 0.116663 0.449553
vt 0.149331 0.350669
vt 0.080294 0.419706
vt 0.131625 0.329095
vt 0.050447 0.383337
vt 0.118469 0.304482
vt 0.028269 0.341844
vt 0.110368 0.277775
vt 0.014612 0.296822
vt 0.107632 0.250000
vt 0.010000 0.250000
vt 0.110368 0.222225
vt 0.014612 0.203178
vt 0.118469 0.195518
vt 0.028269 0.158156
vt 0.131625 0.170905
vt 0.050447 0.116663
vt 0.149331 0.149331
vt 0.080294 0.080294
vt 0.170905 0.131625
vt 0.116663 0.050447
vt 0.195518 0.118469
vt 0.158156 0.028269
vt 0.222225 0.110368
vt 0.203178 0.014612
vt 0.250000 0.107632
vt 0.250000 0.010000
vt 0.277775 0.110368
vt 0.296822 0.014612
vt 0.304482 0.118469
vt 0.341844 0.028269
vt 0.329095 0.131625
vt 0.383337 0.050447
vt 0.350669 0.149331
vt 0.419706 0.080294
vt 0.368375 0.170905
vt 0.449553 0.116663
vt 1.000000 1.000000
vt 0.968750 1.000000
vt 0.937500 1.000000
vt 0.906250 1.000000
vt 0.875000 1.000000
vt 0.843750 1.000000
vt 0.812500 1.000000
vt 0.781250 1.000000
vt 0.468750 0.931921
vt 0.437500 0.931921
vt 0.406250 0.931921
vt 0.406250 0.919238
vt 0.402675 0.912126
vt 0.402095 0.530557
vt 0.375000 0.931921
vt 0.375000 0.919238
vt 0.375000 0.912126
vt 0.395193 0.897244
vt 0.393399 0.545440
vt 0.375001 0.897244
vt 0.392240 0.895434
vt 0.389992 0.547249
vt 0.375091 0.895434
vt 0.357308 0.895434
vt 0.359489 0.547249
vt 0.374879 0.547249
vt 0.356601 0.545440
vt 0.375001 0.545440
vt 0.347905 0.530557
vt 0.375000 0.530557
vt 0.347325 0.912126
vt 0.343750 0.919238
vt 0.312500 0.919238
vt 0.281250 0.919238
vt 0.277675 0.912126
vt 0.277095 0.530557
vt 0.250000 0.530557
vt 0.270193 0.897244
vt 0.268399 0.545440
vt 0.250002 0.545440
vt 0.268193 0.895434
vt 0.266098 0.547249
vt 0.250002 0.547249
vt 0.250001 0.895434
vt 0.231807 0.895434
vt 0.233902 0.547249
vt 0.229807 0.897244
vt 0.231601 0.545440
vt 0.222325 0.912126
vt 0.222905 0.530557
vt 0.218750 0.919238
vt 0.250000 0.919238
vt 0.250000 0.931921
vt 0.218750 0.931921
vt 0.250000 0.912126
vt 0.281250 0.931921
vt 0.250001 0.897244
vt 0.312500 0.931921
vt 0.343750 0.931921
vt 0.354807 0.897244
vt 0.750000 0.530557
vt 0.750001 0.545440
vt 0.375000 0.000000
vt 0.375000 0.250000
vt 0.476500 0.000000
vt 0.476500 0.250000
vt 0.375000 0.750000
vt 0.476500 0.750000
vt 0.476500 1.000000
vt 0.125000 0.750000
vt 0.476500 0.500000
vt 0.540054 0.500000
vt 0.564561 0.500000
vt 0.578000 0.500000
vt 0.578000 0.433745
vt 0.607197 0.500000
vt 0.557842 0.750000
vt 0.527406 0.750000
vt 0.578000 0.250000
vt 0.578000 0.816255
vt 0.578000 1.000000
vt 0.582134 0.750000
vt 0.587590 0.750000
vt 0.607197 0.750000
vt 0.578000 0.750000
vt 0.625000 0.750000
vt 0.578000 0.000000
vt 0.875000 0.750000
s 1
usemtl Material.008
f 1441/1571/1436 1442/1572/1437 1446/1572/1437 1445/1571/1436
f 1442/1572/1438 1441/1571/1438 1443/1571/1438 1462/1572/1438
f 1441/1571/1438 1444/1573/1438 1455/1573/1438 1443/1571/1438
f 1444/1573/1439 1441/1571/1436 1445/1571/1436 1447/1573/1439
f 1445/1571/1438 1446/1572/1438 2126/1574/1438 2122/1575/1438 2121/1576/1438 2120/1577/1438 2119/1578/1438 2114/1579/1438 2113/1580/1438 2112/1581/1438 2111/1582/1438 2106/1583/1438 2105/1584/1438 1588/1585/1438 1587/1586/1438 1589/1587/1438 1590/1588/1438 1591/1589/1438 1597/1590/1438 1598/1591/1438 1599/1592/1438 1600/1593/1438 1613/1594/1438 1614/1595/1438 1615/1596/1438 1616/1597/1438 1634/1598/1438 1633/1599/1438 1632/1600/1438 1449/1601/1438 1448/1602/1438 1447/1573/1438
f 1450/1602/1440 1444/1573/1439 1447/1573/1439 1448/1602/1440
f 1451/1601/1441 1450/1602/1440 1448/1602/1440 1449/1601/1441
f 1450/1602/1438 1451/1601/1438 1453/1601/1438 1452/1602/1438
f 1444/1573/1438 1450/1602/1438 1452/1602/1438 1455/1573/1438
f 1453/1603/1442 1636/1604/1442 1454/1605/1443 1452/1606/1443
f 1452/1606/1443 1454/1605/1443 1456/1607/1444 1455/1608/1444
f 1455/1608/1444 1456/1607/1444 1458/1609/1445 1443/1610/1445
f 1457/1607/1446 1459/1609/1446 1458/1609/1446 1456/1607/1446
f 1639/1605/1446 1457/1607/1446 1456/1607/1446 1454/1605/1446
f 1459/1611/1446 1461/1612/1446 1460/1612/1446 1458/1611/1446
f 1443/1613/1445 1458/1611/1445 1460/1612/1447 1462/1614/1447
f 1461/1612/1446 1464/1615/1446 1463/1615/1446 1460/1612/1446
f 1462/1614/1447 1460/1612/1447 1463/1615/1448 1465/1616/1448
f 1464/1615/1446 1467/1617/1446 1466/1617/1446 1463/1615/1446
f 1465/1616/1448 1463/1615/1448 1466/1617/1449 1468/1618/1449
f 1467/1617/1446 1470/1619/1446 1469/1619/1446 1466/1617/1446
f 1468/1618/1449 1466/1617/1449 1469/1619/1450 1471/1620/1450
f 1470/1619/1446 1473/1621/1446 1472/1621/1446 1469/1619/1446
f 1471/1620/1450 1469/1619/1450 1472/1621/1451 1474/1622/1451
f 1473/1621/1446 1476/1623/1446 1475/1623/1446 1472/1621/1446
f 1474/1622/1451 1472/1621/1451 1475/1623/1452 1477/1624/1452
f 1476/1623/1446 1479/1625/1446 1478/1625/1446 1475/1623/1446
f 1477/1624/1452 1475/1623/1452 1478/1625/1453 1480/1626/1453
f 1479/1625/1446 1482/1627/1446 1481/1627/1446 1478/1625/1446
f 1480/1626/1453 1478/1625/1453 1481/1627/1454 1483/1628/1454
f 1482/1627/1446 1485/1629/1446 1484/1629/1446 1481/1627/1446
f 1483/1628/1454 1481/1627/1454 1484/1629/1455 1486/1630/1455
f 1485/1629/1446 1488/1631/1446 1487/1631/1446 1484/1629/1446
f 1486/1630/1455 1484/1629/1455 1487/1631/1456 1489/1632/1456
f 1488/1631/1446 1491/1633/1446 1490/1633/1446 1487/1631/1446
f 1489/1632/1456 1487/1631/1456 1490/1633/1457 1492/1634/1457
f 1491/1633/1446 1496/1635/1446 1493/1635/1446 1490/1633/1446
f 1492/1634/1457 1490/1633/1457 1493/1635/1458 1494/1636/1458
f 1494/1636/1458 1493/1635/1458 1495/1637/1459 1583/1638/1459
f 1496/1635/1446 1497/1637/1446 1495/1637/1446 1493/1635/1446
f 1498/1639/1460 1499/1640/1461 1497/1637/1462 1496/1635/1460
f 1500/1641/1463 1498/1639/1460 1496/1635/1460 1491/1633/1464
f 1499/1640/1465 1498/1639/1466 1501/1642/1466 1502/1643/1465
f 1498/1639/1466 1500/1641/1467 1503/1644/1467 1501/1642/1466
f 1504/1645/1468 1505/1646/1469 1502/1643/1470 1501/1642/1471
f 1506/1647/1472 1504/1645/1468 1501/1642/1471 1503/1644/1473
f 1505/1646/1446 1504/1645/1446 1507/1645/1446 1508/1646/1474
f 1504/1645/1446 1506/1647/1446 1509/1647/1475 1507/1645/1446
f 1508/1646/1474 1507/1645/1446 1510/1645/1446 1512/1646/1476
f 1507/1645/1446 1509/1647/1475 1513/1647/1477 1510/1645/1446
f 1510/1645/1478 1511/1648/1478 1535/1649/1479 1512/1646/1479
f 1513/1647/1480 1514/1650/1480 1511/1648/1478 1510/1645/1478
f 1509/1647/1481 1515/1650/1481 1514/1650/1481 1513/1647/1481
f 1515/1650/1482 1516/1648/1438 1511/1648/1438 1514/1650/1482
f 1506/1647/1446 1517/1650/1446 1515/1650/1446 1509/1647/1475
f 1517/1650/1446 1518/1648/1446 1516/1648/1446 1515/1650/1446
f 1517/1650/1483 1506/1647/1472 1503/1644/1473 1519/1651/1484
f 1518/1648/1485 1517/1650/1483 1519/1651/1484 1520/1652/1486
f 1500/1641/1487 1521/1653/1487 1519/1651/1487 1503/1644/1487
f 1521/1653/1488 1522/1654/1489 1520/1652/1489 1519/1651/1488
f 1521/1653/1490 1500/1641/1463 1491/1633/1464 1523/1655/1464
f 1522/1654/1460 1521/1653/1490 1523/1655/1464 1526/1656/1460
f 1488/1631/1491 1525/1657/1491 1523/1655/1464 1491/1633/1464
f 1525/1657/1492 1786/1658/1492 1524/1659/1493 1523/1655/1493
f 1523/1655/1493 1524/1659/1493 1527/1660/1494 1526/1656/1494
f 1526/1656/1494 1527/1660/1494 1529/1661/1495 1528/1662/1495
f 1531/1663/1496 1522/1654/1460 1526/1656/1460 1528/1662/1497
f 1499/1640/1461 1531/1663/1496 1528/1662/1497 1497/1637/1462
f 1497/1637/1462 1528/1662/1497 1530/1664/1498 1536/1665/1498
f 1528/1662/1495 1529/1661/1495 1537/1666/1499 1530/1664/1499
f 1531/1663/1500 1499/1640/1500 1502/1643/1500 1532/1667/1500
f 1522/1654/1489 1531/1663/1501 1532/1667/1501 1520/1652/1489
f 1505/1646/1469 1533/1649/1502 1532/1667/1503 1502/1643/1470
f 1533/1649/1502 1518/1648/1485 1520/1652/1486 1532/1667/1503
f 1533/1649/1446 1505/1646/1446 1508/1646/1474 1534/1649/1446
f 1518/1648/1446 1533/1649/1446 1534/1649/1446 1516/1648/1446
f 1534/1649/1504 1508/1646/1504 1512/1646/1504 1535/1649/1504
f 1516/1648/1438 1534/1649/1505 1535/1649/1505 1511/1648/1438
f 1536/1665/1498 1530/1664/1498 1538/1668/1506 1539/1669/1506
f 1530/1664/1499 1537/1666/1499 1540/1670/1507 1538/1668/1508
f 1542/1671/1509 1543/1672/1509 1539/1669/1509 1538/1668/1509
f 1538/1668/1508 1540/1670/1507 2010/1673/1510 1541/1674/1511
f 1544/1675/1512 1542/1671/1513 1538/1668/1508 1541/1674/1511
f 1543/1672/1514 1542/1671/1514 1545/1671/1514 1546/1672/1514
f 1542/1671/1515 1544/1675/1446 1547/1675/1446 1545/1671/1515
f 1548/1676/1516 1550/1677/1517 1546/1672/1518 1545/1671/1519
f 1551/1678/1520 1548/1676/1516 1545/1671/1519 1547/1675/1520
f 1548/1676/1446 1551/1678/1446 1553/1678/1446 1549/1676/1446
f 1550/1677/1446 1548/1676/1446 1549/1676/1446 2127/1677/1521
f 1551/1678/1446 1552/1679/1446 1554/1679/1446 1553/1678/1446
f 1552/1679/1522 1551/1678/1520 1547/1675/1520 1565/1680/1523
f 1549/1676/1524 1553/1678/1438 1555/1678/1438 1557/1676/1524
f 1553/1678/1438 1554/1679/1525 1558/1679/1525 1555/1678/1438
f 1556/1681/1526 1555/1678/1526 1558/1679/1527 1559/1682/1527
f 2128/1677/1528 1557/1676/1528 1555/1678/1526 1556/1681/1526
f 1554/1679/1529 1560/1682/1529 1559/1682/1529 1558/1679/1529
f 1560/1682/1530 1561/1681/1446 1556/1681/1446 1559/1682/1531
f 1552/1679/1446 1562/1682/1446 1560/1682/1530 1554/1679/1446
f 1562/1682/1446 1563/1681/1446 1561/1681/1446 1560/1682/1530
f 1562/1682/1532 1552/1679/1522 1565/1680/1523 1564/1683/1533
f 1563/1681/1534 1562/1682/1532 1564/1683/1533 1566/1684/1534
f 1568/1680/1535 1567/1685/1535 1564/1683/1535 1565/1680/1535
f 1567/1685/1536 1569/1686/1438 1566/1684/1438 1564/1683/1536
f 1567/1685/1537 1568/1680/1537 1571/1687/1537 1570/1688/1537
f 1569/1686/1538 1567/1685/1539 1570/1688/1539 1573/1689/1538
f 1570/1688/1540 1571/1687/1540 2014/1690/1541 1572/1691/1541
f 1570/1688/1446 1572/1691/1446 1576/1691/1446 1574/1688/1446
f 1573/1689/1446 1570/1688/1446 1574/1688/1446 1577/1689/1446
f 1578/1692/1542 1577/1689/1542 1574/1688/1543 1575/1693/1543
f 1575/1693/1543 1574/1688/1543 1576/1691/1544 1595/1694/1544
f 1580/1695/1545 1579/1669/1545 1577/1689/1542 1578/1692/1542
f 1539/1669/1446 1573/1689/1446 1577/1689/1446 1579/1669/1446
f 1582/1696/1546 1581/1665/1546 1579/1669/1545 1580/1695/1545
f 1536/1665/1446 1539/1669/1446 1579/1669/1446 1581/1665/1446
f 1583/1638/1459 1495/1637/1459 1581/1665/1546 1582/1696/1546
f 1497/1637/1446 1536/1665/1446 1581/1665/1446 1495/1637/1446
f 1584/1586/1438 1585/1585/1438 1583/1585/1438 1582/1586/1438
f 1586/1587/1438 1584/1586/1438 1582/1586/1438 1580/1587/1438
f 1585/1585/1547 1584/1586/1548 1587/1586/1548 1588/1585/1547
f 1584/1586/1548 1586/1587/1549 1589/1587/1549 1587/1586/1548
f 1586/1587/1549 1592/1588/1550 1590/1588/1550 1589/1587/1549
f 1592/1588/1550 1593/1589/1551 1591/1589/1551 1590/1588/1550
f 1592/1588/1438 1586/1587/1438 1580/1587/1438 1578/1588/1438
f 1593/1589/1438 1592/1588/1438 1578/1588/1438 1575/1589/1438
f 1593/1589/1551 1594/1590/1552 1597/1590/1552 1591/1589/1551
f 1594/1590/1438 1593/1589/1438 1575/1589/1438 1595/1590/1438
f 1596/1591/1438 1594/1590/1438 1595/1590/1438 1604/1591/1438
f 1594/1590/1552 1596/1591/1553 1598/1591/1553 1597/1590/1552
f 1596/1591/1553 1601/1592/1554 1599/1592/1554 1598/1591/1553
f 1601/1592/1554 1602/1593/1555 1600/1593/1555 1599/1592/1554
f 1601/1592/1438 1596/1591/1438 1604/1591/1438 1603/1592/1438
f 1602/1593/1438 1601/1592/1438 1603/1592/1438 1606/1593/1438
f 1604/1697/1556 2098/1698/1556 1605/1699/1557 1603/1700/1557
f 1603/1700/1557 1605/1699/1557 1607/1701/1558 1606/1702/1558
f 1606/1702/1558 1607/1701/1558 1609/1703/1559 1608/1704/1559
f 1611/1594/1438 1602/1593/1438 1606/1593/1438 1608/1594/1438
f 1608/1704/1559 1609/1703/1559 2054/1705/1560 1610/1706/1560
f 1612/1595/1438 1611/1594/1438 1608/1594/1438 1610/1595/1438
f 1602/1593/1555 1611/1594/1561 1613/1594/1561 1600/1593/1555
f 1611/1594/1561 1612/1595/1562 1614/1595/1562 1613/1594/1561
f 1612/1595/1562 1617/1596/1563 1615/1596/1563 1614/1595/1562
f 1617/1596/1563 1618/1597/1564 1616/1597/1564 1615/1596/1563
f 1617/1596/1438 1612/1595/1438 1610/1595/1438 1619/1596/1438
f 1618/1597/1438 1617/1596/1438 1619/1596/1438 1621/1597/1438
f 1610/1706/1560 2054/1705/1560 1620/1707/1565 1619/1708/1565
f 1619/1708/1565 1620/1707/1565 1622/1709/1566 1621/1710/1566
f 1624/1598/1438 1618/1597/1438 1621/1597/1438 1623/1598/1438
f 1621/1710/1566 1622/1709/1566 1625/1711/1567 1623/1712/1567
f 1627/1599/1438 1624/1598/1438 1623/1598/1438 1626/1599/1438
f 1623/1712/1567 1625/1711/1567 1628/1713/1568 1626/1714/1568
f 1631/1600/1438 1627/1599/1438 1626/1599/1438 1629/1600/1438
f 1626/1714/1568 1628/1713/1568 1630/1715/1569 1629/1716/1569
f 1629/1716/1569 1630/1715/1569 1636/1604/1442 1453/1603/1442
f 1451/1601/1438 1631/1600/1438 1629/1600/1438 1453/1601/1438
f 1627/1599/1570 1631/1600/1571 1632/1600/1571 1633/1599/1570
f 1631/1600/1571 1451/1601/1441 1449/1601/1441 1632/1600/1571
f 1624/1598/1572 1627/1599/1570 1633/1599/1570 1634/1598/1572
f 1618/1597/1564 1624/1598/1572 1634/1598/1572 1616/1597/1564
f 1635/1715/1446 1637/1604/1446 1636/1604/1446 1630/1715/1446
f 1670/1713/1446 1635/1715/1446 1630/1715/1446 1628/1713/1446
f 1637/1604/1446 1639/1605/1446 1454/1605/1446 1636/1604/1446
f 1640/1717/1573 1641/1718/1574 1638/1719/1575 1637/1604/1576
f 1637/1604/1576 1638/1719/1575 1681/1720/1577 1639/1605/1577
f 1642/1721/1578 1640/1717/1573 1637/1604/1576 1635/1715/1578
f 1641/1718/1579 1640/1717/1579 1643/1722/1579 1644/1723/1579
f 1640/1717/1580 1642/1721/1581 1645/1724/1581 1643/1722/1580
f 1646/1725/1582 1647/1726/1583 1644/1723/1584 1643/1722/1585
f 1648/1727/1586 1646/1725/1582 1643/1722/1585 1645/1724/1587
f 1647/1726/1446 1646/1725/1446 1649/1725/1475 1651/1726/1446
f 1646/1725/1446 1648/1727/1446 1652/1727/1446 1649/1725/1475
f 1651/1726/1588 1649/1725/1588 1650/1725/1588 2104/1726/1588
f 1649/1725/1475 1652/1727/1446 1654/1727/1446 1650/1725/1477
f 1652/1727/1446 1653/1728/1474 1656/1728/1476 1654/1727/1446
f 1648/1727/1446 1661/1728/1446 1653/1728/1474 1652/1727/1446
f 1654/1727/1589 1655/1729/1589 2104/1726/1590 1650/1725/1590
f 1656/1728/1591 1657/1730/1591 1655/1729/1589 1654/1727/1589
f 1653/1728/1592 1658/1730/1592 1657/1730/1592 1656/1728/1592
f 1658/1730/1505 1659/1729/1438 1655/1729/1438 1657/1730/1505
f 1661/1728/1446 1660/1730/1446 1658/1730/1446 1653/1728/1474
f 1660/1730/1446 1662/1729/1446 1659/1729/1446 1658/1730/1446
f 1660/1730/1593 1661/1728/1594 1664/1731/1595 1663/1732/1596
f 1662/1729/1597 1660/1730/1593 1663/1732/1596 1665/1733/1598
f 1667/1734/1599 1666/1735/1599 1663/1732/1599 1664/1731/1599
f 1666/1735/1600 1668/1736/1601 1665/1733/1601 1663/1732/1600
f 1666/1735/1602 1667/1734/1603 1670/1713/1604 1669/1737/1604
f 1668/1736/1605 1666/1735/1602 1669/1737/1604 1673/1738/1605
f 2083/1711/1606 1672/1739/1606 1669/1737/1604 1670/1713/1604
f 1672/1739/1607 2095/1740/1607 1671/1741/1608 1669/1737/1608
f 1669/1737/1608 1671/1741/1608 1674/1742/1609 1673/1738/1609
f 1673/1738/1609 1674/1742/1609 1676/1743/1610 1638/1719/1610
f 1641/1718/1574 1668/1736/1605 1673/1738/1605 1638/1719/1575
f 1671/1741/1611 1818/1744/1611 1675/1745/1612 1674/1742/1612
f 1674/1742/1612 1675/1745/1612 1677/1746/1613 1676/1743/1613
f 1676/1743/1613 1677/1746/1613 1679/1747/1614 1678/1748/1614
f 1638/1719/1610 1676/1743/1610 1678/1748/1615 1681/1720/1615
f 1678/1748/1614 1679/1747/1614 1808/1749/1616 1680/1750/1616
f 1681/1720/1615 1678/1748/1615 1680/1750/1617 1682/1751/1617
f 1639/1605/1577 1681/1720/1577 1682/1751/1618 1457/1607/1619
f 1684/1752/1620 1685/1753/1621 1457/1607/1619 1682/1751/1618
f 1682/1751/1617 1680/1750/1617 1806/1754/1622 1683/1755/1622
f 1686/1756/1623 1684/1752/1620 1682/1751/1618 1683/1755/1623
f 1685/1753/1624 1684/1752/1624 1687/1757/1624 1688/1758/1624
f 1684/1752/1625 1686/1756/1626 1689/1759/1626 1687/1757/1625
f 1690/1760/1627 1692/1761/1628 1688/1758/1629 1687/1757/1630
f 1693/1762/1631 1690/1760/1627 1687/1757/1630 1689/1759/1631
f 1692/1761/1446 1690/1760/1446 1691/1760/1446 1706/1761/1530
f 1690/1760/1446 1693/1762/1446 1694/1762/1446 1691/1760/1446
f 1693/1763/1446 1695/1764/1446 1698/1764/1446 1694/1763/1446
f 1695/1764/1632 1693/1763/1631 1689/1765/1631 1697/1766/1633
f 1695/1764/1446 1696/1767/1446 1699/1767/1521 1698/1764/1446
f 1696/1767/1634 1695/1764/1632 1697/1766/1633 1711/1768/1635
f 1698/1764/1636 1699/1767/1636 1701/1767/1636 1700/1764/1636
f 1694/1763/1438 1698/1764/1524 1700/1764/1524 1702/1763/1438
f 1703/1769/1637 1702/1763/1637 1700/1764/1638 1701/1767/1638
f 1705/1761/1639 1704/1760/1639 1702/1762/1637 1703/1770/1637
f 1691/1760/1525 1694/1762/1438 1702/1762/1438 1704/1760/1525
f 1706/1761/1640 1691/1760/1640 1704/1760/1640 1705/1761/1640
f 1707/1770/1446 1706/1761/1530 1705/1761/1531 1703/1770/1446
f 1708/1770/1446 1692/1761/1446 1706/1761/1530 1707/1770/1446
f 1696/1767/1446 1708/1769/1446 1707/1769/1446 1699/1767/1521
f 1699/1767/1521 1707/1769/1446 1703/1769/1446 1701/1767/1641
f 1692/1761/1628 1708/1770/1642 1709/1771/1642 1688/1758/1629
f 1708/1769/1642 1696/1767/1634 1711/1768/1635 1709/1772/1642
f 1710/1773/1643 1685/1753/1644 1688/1758/1644 1709/1771/1643
f 1712/1774/1645 1710/1775/1643 1709/1772/1643 1711/1768/1645
f 1713/1776/1646 1712/1774/1646 1711/1768/1646 1697/1766/1646
f 1712/1774/1647 1713/1776/1648 1714/1777/1649 1461/1612/1649
f 1710/1775/1623 1712/1774/1647 1461/1612/1649 1459/1611/1623
f 1713/1776/1648 1686/1778/1623 1683/1779/1623 1714/1777/1649
f 1686/1778/1626 1713/1776/1650 1697/1766/1650 1689/1765/1626
f 1461/1612/1649 1714/1777/1649 1716/1780/1651 1464/1615/1651
f 1683/1779/1622 1806/1781/1622 1715/1782/1652 1714/1777/1652
f 1714/1777/1652 1715/1782/1652 1717/1783/1653 1716/1780/1653
f 1464/1615/1651 1716/1780/1651 1718/1784/1654 1467/1617/1654
f 1716/1780/1653 1717/1783/1653 1719/1785/1655 1718/1784/1655
f 1721/1786/1656 1722/1787/1657 1467/1617/1654 1718/1784/1654
f 1718/1784/1655 1719/1785/1655 1797/1788/1658 1720/1789/1658
f 1723/1790/1659 1721/1786/1656 1718/1784/1654 1720/1789/1659
f 1722/1787/1660 1721/1786/1660 1724/1791/1660 1725/1792/1660
f 1721/1786/1661 1723/1790/1662 1726/1793/1662 1724/1791/1661
f 1727/1794/1663 1728/1795/1664 1725/1792/1665 1724/1791/1666
f 1729/1796/1667 1727/1794/1663 1724/1791/1666 1726/1793/1668
f 1728/1795/1446 1727/1794/1446 1730/1794/1446 1732/1795/1669
f 1727/1794/1446 1729/1796/1446 1733/1796/1446 1730/1794/1446
f 1730/1794/1670 1733/1796/1438 1735/1796/1438 1731/1794/1670
f 1732/1795/1671 1730/1794/1671 1731/1794/1671 2103/1795/1671
f 1729/1796/1446 1742/1797/1446 1734/1797/1446 1733/1796/1446
f 1733/1796/1438 1734/1797/1672 1737/1797/1672 1735/1796/1438
f 1736/1798/1673 1735/1796/1673 1737/1797/1674 1738/1799/1674
f 2103/1795/1675 1731/1794/1675 1735/1796/1673 1736/1798/1673
f 1734/1797/1676 1739/1799/1676 1738/1799/1676 1737/1797/1676
f 1739/1799/1677 1740/1798/1446 1736/1798/1446 1738/1799/1678
f 1742/1797/1446 1741/1799/1446 1739/1799/1677 1734/1797/1446
f 1741/1799/1446 1743/1798/1446 1740/1798/1446 1739/1799/1677
f 1741/1799/1679 1742/1797/1680 1746/1800/1681 1744/1801/1682
f 1743/1798/1683 1741/1799/1679 1744/1801/1682 1747/1802/1684
f 1749/1803/1685 1745/1804/1685 1744/1801/1685 1746/1800/1685
f 1745/1804/1686 1748/1805/1687 1747/1802/1687 1744/1801/1686
f 1748/1805/1687 1722/1787/1688 1725/1792/1688 1747/1802/1687
f 1728/1795/1664 1743/1798/1683 1747/1802/1684 1725/1792/1665
f 1748/1805/1659 1745/1804/1689 1473/1621/1690 1470/1619/1659
f 1722/1787/1657 1748/1805/1659 1470/1619/1659 1467/1617/1654
f 1723/1790/1662 1749/1803/1691 1746/1800/1691 1726/1793/1662
f 1742/1797/1680 1729/1796/1667 1726/1793/1668 1746/1800/1681
f 1745/1804/1689 1749/1803/1692 1750/1806/1693 1473/1621/1690
f 1749/1803/1692 1723/1790/1659 1720/1789/1659 1750/1806/1693
f 1473/1621/1690 1750/1806/1693 1752/1807/1694 1476/1623/1694
f 1720/1789/1658 1797/1788/1658 1751/1808/1695 1750/1806/1695
f 1750/1806/1695 1751/1808/1695 1753/1809/1696 1752/1807/1696
f 1476/1623/1694 1752/1807/1694 1754/1810/1697 1479/1625/1698
f 1752/1807/1696 1753/1809/1696 1755/1811/1699 1754/1810/1699
f 1757/1812/1700 1758/1813/1701 1479/1625/1698 1754/1810/1697
f 1754/1810/1699 1755/1811/1699 1787/1814/1702 1756/1815/1702
f 1759/1816/1703 1757/1812/1700 1754/1810/1697 1756/1815/1703
f 1758/1813/1704 1757/1812/1704 1760/1817/1704 1761/1818/1704
f 1757/1812/1705 1759/1816/1706 1762/1819/1706 1760/1817/1705
f 1763/1820/1707 1764/1821/1708 1761/1818/1708 1760/1817/1707
f 1765/1822/1709 1763/1820/1707 1760/1817/1707 1762/1819/1709
f 1764/1821/1446 1763/1820/1446 1766/1820/1446 1767/1821/1710
f 1763/1820/1446 1765/1822/1446 1768/1822/1446 1766/1820/1446
f 1767/1821/1711 1766/1820/1711 1769/1820/1711 1770/1821/1711
f 1766/1820/1712 1768/1822/1438 1771/1822/1438 1769/1820/1712
f 1770/1821/1713 1769/1820/1713 1771/1822/1714 1772/1823/1714
f 1772/1823/1714 1771/1822/1714 1773/1824/1715 1774/1825/1715
f 1768/1822/1438 1775/1824/1716 1773/1824/1716 1771/1822/1438
f 1775/1824/1717 1776/1825/1717 1774/1825/1717 1773/1824/1717
f 1777/1824/1446 1778/1825/1446 1776/1825/1718 1775/1824/1446
f 1765/1822/1446 1777/1824/1446 1775/1824/1446 1768/1822/1446
f 1778/1825/1719 1777/1824/1720 1779/1826/1720 1780/1827/1719
f 1777/1824/1720 1765/1822/1709 1762/1819/1709 1779/1826/1720
f 1781/1828/1721 1782/1829/1721 1780/1827/1721 1779/1826/1721
f 1759/1816/1706 1781/1828/1722 1779/1826/1722 1762/1819/1706
f 1782/1829/1723 1781/1828/1723 1783/1830/1724 1485/1629/1725
f 1781/1828/1723 1759/1816/1703 1756/1815/1703 1783/1830/1724
f 1485/1629/1725 1783/1830/1724 1525/1657/1491 1488/1631/1491
f 1756/1815/1702 1787/1814/1702 1784/1831/1726 1783/1830/1726
f 1783/1830/1726 1784/1831/1726 1786/1658/1492 1525/1657/1492
f 1787/1814/1727 1788/1832/1727 1785/1833/1728 1784/1831/1728
f 1784/1831/1728 1785/1833/1728 1869/1834/1729 1786/1658/1729
f 1755/1811/1730 1790/1835/1730 1788/1832/1727 1787/1814/1727
f 1785/1833/1438 1788/1832/1438 1789/1832/1438 1871/1833/1438
f 1788/1832/1438 1790/1835/1438 1791/1835/1438 1789/1832/1438
f 1753/1809/1731 1792/1836/1731 1790/1835/1730 1755/1811/1730
f 1790/1835/1438 1792/1836/1438 1793/1836/1438 1791/1835/1438
f 1751/1808/1732 1794/1837/1732 1792/1836/1731 1753/1809/1731
f 1792/1836/1438 1794/1837/1438 1795/1837/1438 1793/1836/1438
f 1797/1788/1733 1796/1838/1733 1794/1837/1732 1751/1808/1732
f 1794/1837/1438 1796/1838/1438 1798/1838/1438 1795/1837/1438
f 1719/1785/1734 1799/1839/1734 1796/1838/1733 1797/1788/1733
f 1796/1838/1438 1799/1839/1438 1800/1839/1438 1798/1838/1438
f 1717/1783/1735 1801/1840/1735 1799/1839/1734 1719/1785/1734
f 1799/1839/1438 1801/1840/1438 1802/1840/1438 1800/1839/1438
f 1715/1782/1736 1803/1841/1736 1801/1840/1735 1717/1783/1735
f 1801/1840/1438 1803/1841/1438 1804/1841/1438 1802/1840/1438
f 1806/1781/1737 1805/1842/1737 1803/1841/1736 1715/1782/1736
f 1803/1841/1438 1805/1842/1438 1807/1842/1438 1804/1841/1438
f 1680/1750/1616 1808/1749/1616 1805/1843/1737 1806/1754/1737
f 1805/1843/1438 1808/1749/1438 1809/1749/1438 1807/1843/1438
f 1808/1749/1438 1679/1747/1438 1811/1747/1438 1809/1749/1438
f 1809/1749/1738 1810/1844/1738 1901/1845/1739 1807/1843/1739
f 1811/1747/1740 1812/1846/1740 1810/1844/1738 1809/1749/1738
f 1679/1747/1438 1677/1746/1438 1813/1746/1438 1811/1747/1438
f 1813/1746/1741 1814/1847/1741 1812/1846/1740 1811/1747/1740
f 1677/1746/1438 1675/1745/1438 1815/1745/1438 1813/1746/1438
f 1815/1745/1742 1816/1848/1742 1814/1847/1741 1813/1746/1741
f 1675/1745/1438 1818/1744/1438 1817/1744/1438 1815/1745/1438
f 1817/1744/1743 1819/1849/1743 1816/1848/1742 1815/1745/1742
f 1818/1744/1438 1821/1850/1438 1820/1850/1438 1817/1744/1438
f 1820/1850/1744 1822/1851/1744 1819/1849/1743 1817/1744/1743
f 1821/1850/1438 1824/1852/1438 1823/1852/1438 1820/1850/1438
f 1823/1852/1745 1825/1853/1745 1822/1851/1744 1820/1850/1744
f 1824/1852/1438 1827/1854/1438 1826/1854/1438 1823/1852/1438
f 1826/1854/1746 1828/1855/1746 1825/1853/1745 1823/1852/1745
f 1827/1854/1438 1830/1856/1438 1829/1856/1438 1826/1854/1438
f 1829/1856/1747 1831/1857/1747 1828/1855/1746 1826/1854/1746
f 1830/1856/1438 1833/1858/1438 1832/1858/1438 1829/1856/1438
f 1832/1858/1748 1834/1859/1748 1831/1857/1747 1829/1856/1747
f 1833/1858/1438 1836/1860/1438 1835/1860/1438 1832/1858/1438
f 1835/1860/1749 1837/1861/1749 1834/1859/1748 1832/1858/1748
f 1836/1860/1438 1839/1862/1438 1838/1862/1438 1835/1860/1438
f 1838/1862/1750 1840/1863/1750 1837/1861/1749 1835/1860/1749
f 1839/1862/1438 1842/1864/1438 1841/1864/1438 1838/1862/1438
f 1841/1864/1751 1843/1865/1751 1840/1863/1750 1838/1862/1750
f 1842/1864/1438 1845/1866/1438 1844/1866/1438 1841/1864/1438
f 1844/1866/1752 1846/1867/1752 1843/1865/1751 1841/1864/1751
f 1845/1866/1438 1848/1868/1438 1847/1868/1438 1844/1866/1438
f 1847/1868/1753 1849/1869/1753 1846/1867/1752 1844/1866/1752
f 1848/1868/1438 1851/1870/1438 1850/1870/1438 1847/1868/1438
f 1850/1870/1754 1852/1871/1754 1849/1869/1753 1847/1868/1753
f 1851/1870/1438 1854/1872/1438 1853/1872/1438 1850/1870/1438
f 1853/1872/1755 1855/1873/1755 1852/1871/1754 1850/1870/1754
f 1854/1872/1438 1857/1874/1438 1856/1874/1438 1853/1872/1438
f 1856/1874/1756 1858/1875/1756 1855/1873/1755 1853/1872/1755
f 1857/1874/1438 1860/1876/1438 1859/1876/1438 1856/1874/1438
f 1859/1876/1757 1861/1877/1757 1858/1875/1756 1856/1874/1756
f 1860/1876/1438 1863/1878/1438 1862/1878/1438 1859/1876/1438
f 1862/1878/1758 1864/1879/1758 1861/1877/1757 1859/1876/1757
f 1863/1878/1438 1866/1880/1438 1865/1880/1438 1862/1878/1438
f 1865/1880/1759 1867/1881/1759 1864/1879/1758 1862/1878/1758
f 1866/1880/1438 1869/1834/1438 1868/1834/1438 1865/1880/1438
f 1868/1834/1760 1870/1882/1760 1867/1881/1759 1865/1880/1759
f 1869/1834/1438 1785/1833/1438 1871/1833/1438 1868/1834/1438
f 1871/1833/1761 1872/1883/1761 1870/1882/1760 1868/1834/1760
f 1789/1832/1762 1873/1884/1762 1872/1883/1761 1871/1833/1761
f 1877/1885/1763 1874/1886/1764 1872/1887/1765 1873/1888/1766
f 1874/1886/1764 1876/1889/1767 1870/1890/1768 1872/1887/1765
f 1878/1891/1769 1875/1892/1770 1874/1886/1764 1877/1885/1763
f 1875/1892/1770 1927/1893/1771 1876/1889/1767 1874/1886/1764
f 1879/1894/1772 1877/1885/1763 1873/1888/1766 1880/1895/1773
f 1881/1896/1774 1878/1891/1769 1877/1885/1763 1879/1894/1772
f 1882/1897/1775 1879/1894/1772 1880/1895/1773 1883/1898/1776
f 1884/1899/1777 1881/1896/1774 1879/1894/1772 1882/1897/1775
f 1885/1900/1778 1882/1897/1775 1883/1898/1776 1886/1901/1779
f 1887/1902/1780 1884/1899/1777 1882/1897/1775 1885/1900/1778
f 1888/1903/1781 1885/1900/1778 1886/1901/1779 1889/1904/1782
f 1890/1905/1783 1887/1902/1780 1885/1900/1778 1888/1903/1781
f 1891/1906/1784 1888/1903/1781 1889/1904/1782 1892/1907/1785
f 1893/1908/1786 1890/1905/1783 1888/1903/1781 1891/1906/1784
f 1894/1909/1787 1891/1906/1784 1892/1907/1785 1895/1910/1788
f 1896/1911/1789 1893/1908/1786 1891/1906/1784 1894/1909/1787
f 1897/1912/1790 1894/1909/1787 1895/1910/1788 1898/1913/1791
f 1899/1914/1792 1896/1911/1789 1894/1909/1787 1897/1912/1790
f 1900/1915/1793 1897/1912/1790 1898/1913/1791 1901/1916/1794
f 1903/1917/1795 1899/1914/1792 1897/1912/1790 1900/1915/1793
f 1902/1918/1796 1900/1915/1793 1901/1916/1794 1810/1919/1797
f 1904/1920/1798 1903/1917/1795 1900/1915/1793 1902/1918/1796
f 1905/1921/1799 1908/1922/1800 1899/1914/1792 1903/1917/1795
f 1907/1923/1801 1905/1921/1799 1903/1917/1795 1904/1920/1798
f 1906/1924/1802 1909/1925/1803 1908/1922/1800 1905/1921/1799
f 1989/1926/1804 1906/1924/1802 1905/1921/1799 1907/1923/1801
f 1908/1922/1800 1910/1927/1805 1896/1911/1789 1899/1914/1792
f 1909/1925/1803 1911/1928/1806 1910/1927/1805 1908/1922/1800
f 1910/1927/1805 1912/1929/1807 1893/1908/1786 1896/1911/1789
f 1911/1928/1806 1913/1930/1808 1912/1929/1807 1910/1927/1805
f 1912/1929/1807 1914/1931/1809 1890/1905/1783 1893/1908/1786
f 1913/1930/1808 1915/1932/1810 1914/1931/1809 1912/1929/1807
f 1914/1931/1809 1916/1933/1811 1887/1902/1780 1890/1905/1783
f 1915/1932/1810 1917/1934/1812 1916/1933/1811 1914/1931/1809
f 1916/1933/1811 1918/1935/1813 1884/1899/1777 1887/1902/1780
f 1917/1934/1812 1919/1936/1814 1918/1935/1813 1916/1933/1811
f 1918/1935/1813 1920/1937/1815 1881/1896/1774 1884/1899/1777
f 1919/1936/1814 1921/1938/1816 1920/1937/1815 1918/1935/1813
f 1920/1937/1815 1922/1939/1817 1878/1891/1769 1881/1896/1774
f 1921/1938/1816 1923/1940/1818 1922/1939/1817 1920/1937/1815
f 1922/1939/1817 1924/1941/1819 1875/1892/1770 1878/1891/1769
f 1923/1940/1818 1925/1942/1820 1924/1941/1819 1922/1939/1817
f 1924/1941/1819 1926/1943/1821 1927/1893/1771 1875/1892/1770
f 1925/1942/1820 1928/1944/1822 1926/1943/1821 1924/1941/1819
f 1926/1943/1821 1929/1945/1823 1930/1946/1824 1927/1893/1771
f 1928/1944/1822 1931/1947/1825 1929/1945/1823 1926/1943/1821
f 1929/1945/1823 1932/1948/1826 1933/1949/1827 1930/1946/1824
f 1931/1947/1825 1934/1950/1828 1932/1948/1826 1929/1945/1823
f 1932/1948/1826 1935/1951/1829 1936/1952/1830 1933/1949/1827
f 1934/1950/1828 1937/1953/1831 1935/1951/1829 1932/1948/1826
f 1935/1951/1829 1938/1954/1832 1939/1955/1833 1936/1952/1830
f 1937/1953/1831 1940/1956/1834 1938/1954/1832 1935/1951/1829
f 1938/1954/1832 1941/1957/1835 1942/1958/1836 1939/1955/1833
f 1940/1956/1834 1943/1959/1837 1941/1957/1835 1938/1954/1832
f 1941/1957/1835 1944/1960/1838 1945/1961/1839 1942/1958/1836
f 1943/1959/1837 1946/1962/1840 1944/1960/1838 1941/1957/1835
f 1944/1960/1838 1947/1963/1841 1948/1964/1842 1945/1961/1839
f 1946/1962/1840 1949/1965/1843 1947/1963/1841 1944/1960/1838
f 1947/1963/1841 1950/1966/1844 1951/1967/1845 1948/1964/1842
f 1949/1965/1843 1952/1968/1846 1950/1966/1844 1947/1963/1841
f 1950/1966/1844 1953/1969/1847 1954/1970/1848 1951/1967/1845
f 1952/1968/1846 1955/1971/1849 1953/1969/1847 1950/1966/1844
f 1953/1969/1847 1956/1972/1850 1957/1973/1851 1954/1970/1848
f 1955/1971/1849 1958/1974/1852 1956/1972/1850 1953/1969/1847
f 1956/1972/1850 1959/1975/1853 1960/1976/1854 1957/1973/1851
f 1958/1974/1852 1961/1977/1855 1959/1975/1853 1956/1972/1850
f 1959/1975/1853 1962/1978/1856 1963/1979/1857 1960/1976/1854
f 1961/1977/1855 1964/1980/1858 1962/1978/1856 1959/1975/1853
f 1962/1978/1856 1965/1981/1859 1966/1982/1860 1963/1979/1857
f 1964/1980/1858 1967/1983/1861 1965/1981/1859 1962/1978/1856
f 1965/1981/1859 1968/1984/1862 1969/1985/1863 1966/1982/1860
f 1967/1983/1861 1970/1986/1864 1968/1984/1862 1965/1981/1859
f 1968/1984/1862 1971/1987/1865 1972/1988/1866 1969/1985/1863
f 1970/1986/1864 1973/1989/1867 1971/1987/1865 1968/1984/1862
f 1971/1987/1865 1974/1990/1868 1975/1991/1869 1972/1988/1866
f 1973/1989/1867 1976/1992/1870 1974/1990/1868 1971/1987/1865
f 1974/1990/1868 1977/1993/1871 1978/1994/1872 1975/1991/1869
f 1976/1992/1870 1979/1995/1873 1977/1993/1871 1974/1990/1868
f 1977/1993/1871 1980/1996/1874 1981/1997/1875 1978/1994/1872
f 1979/1995/1873 1982/1998/1876 1980/1996/1874 1977/1993/1871
f 1980/1996/1874 1983/1999/1877 1984/2000/1878 1981/1997/1875
f 1982/1998/1876 1985/2001/1879 1983/1999/1877 1980/1996/1874
f 1983/1999/1877 1986/2002/1880 1987/2003/1881 1984/2000/1878
f 1985/2001/1879 1988/2004/1882 1986/2002/1880 1983/1999/1877
f 1986/2002/1880 1907/1923/1801 1904/1920/1798 1987/2003/1881
f 1988/2004/1882 1989/1926/1804 1907/1923/1801 1986/2002/1880
f 1909/1925/1803 1906/1924/1802 1989/1926/1804 1988/2004/1882 1985/2001/1879 1982/1998/1876 1979/1995/1873 1976/1992/1870 1973/1989/1867 1970/1986/1864 1967/1983/1861 1964/1980/1858 1961/1977/1855 1958/1974/1852 1955/1971/1849 1952/1968/1846 1949/1965/1843 1946/1962/1840 1943/1959/1837 1940/1956/1834 1937/1953/1831 1934/1950/1828 1931/1947/1825 1928/1944/1822 1925/1942/1820 1923/1940/1818 1921/1938/1816 1919/1936/1814 1917/1934/1812 1915/1932/1810 1913/1930/1808 1911/1928/1806
f 1984/2000/1878 1987/2003/1881 1990/2005/1883 1991/2006/1884
f 1987/2003/1881 1904/1920/1798 1902/1918/1796 1990/2005/1883
f 1990/2005/1883 1902/1918/1796 1810/1919/1797 1812/2007/1885
f 1991/2006/1884 1990/2005/1883 1812/2007/1885 1814/2008/1886
f 1992/2009/1887 1991/2006/1884 1814/2008/1886 1816/2010/1888
f 1981/1997/1875 1984/2000/1878 1991/2006/1884 1992/2009/1887
f 1993/2011/1889 1992/2009/1887 1816/2010/1888 1819/2012/1890
f 1978/1994/1872 1981/1997/1875 1992/2009/1887 1993/2011/1889
f 1994/2013/1891 1993/2011/1889 1819/2012/1890 1822/2014/1892
f 1975/1991/1869 1978/1994/1872 1993/2011/1889 1994/2013/1891
f 1995/2015/1893 1994/2013/1891 1822/2014/1892 1825/2016/1894
f 1972/1988/1866 1975/1991/1869 1994/2013/1891 1995/2015/1893
f 1996/2017/1895 1995/2015/1893 1825/2016/1894 1828/2018/1896
f 1969/1985/1863 1972/1988/1866 1995/2015/1893 1996/2017/1895
f 1997/2019/1897 1996/2017/1895 1828/2018/1896 1831/2020/1898
f 1966/1982/1860 1969/1985/1863 1996/2017/1895 1997/2019/1897
f 1998/2021/1899 1997/2019/1897 1831/2020/1898 1834/2022/1900
f 1963/1979/1857 1966/1982/1860 1997/2019/1897 1998/2021/1899
f 1999/2023/1901 1998/2021/1899 1834/2022/1900 1837/2024/1902
f 1960/1976/1854 1963/1979/1857 1998/2021/1899 1999/2023/1901
f 2000/2025/1903 1999/2023/1901 1837/2024/1902 1840/2026/1904
f 1957/1973/1851 1960/1976/1854 1999/2023/1901 2000/2025/1903
f 2001/2027/1905 2000/2025/1903 1840/2026/1904 1843/2028/1906
f 1954/1970/1848 1957/1973/1851 2000/2025/1903 2001/2027/1905
f 2002/2029/1907 2001/2027/1905 1843/2028/1906 1846/2030/1908
f 1951/1967/1845 1954/1970/1848 2001/2027/1905 2002/2029/1907
f 2003/2031/1909 2002/2029/1907 1846/2030/1908 1849/2032/1910
f 1948/1964/1842 1951/1967/1845 2002/2029/1907 2003/2031/1909
f 2004/2033/1911 2003/2031/1909 1849/2032/1910 1852/2034/1912
f 1945/1961/1839 1948/1964/1842 2003/2031/1909 2004/2033/1911
f 2005/2035/1913 2004/2033/1911 1852/2034/1912 1855/2036/1914
f 1942/1958/1836 1945/1961/1839 2004/2033/1911 2005/2035/1913
f 2006/2037/1915 2005/2035/1913 1855/2036/1914 1858/2038/1916
f 1939/1955/1833 1942/1958/1836 2005/2035/1913 2006/2037/1915
f 2007/2039/1917 2006/2037/1915 1858/2038/1916 1861/2040/1918
f 1936/1952/1830 1939/1955/1833 2006/2037/1915 2007/2039/1917
f 2008/2041/1919 2007/2039/1917 1861/2040/1918 1864/2042/1920
f 1933/1949/1827 1936/1952/1830 2007/2039/1917 2008/2041/1919
f 2009/2043/1921 2008/2041/1919 1864/2042/1920 1867/2044/1922
f 1930/1946/1824 1933/1949/1827 2008/2041/1919 2009/2043/1921
f 1876/1889/1767 2009/2043/1921 1867/2044/1922 1870/1890/1768
f 1927/1893/1771 1930/1946/1824 2009/2043/1921 1876/1889/1767
f 1807/1842/1739 1901/2045/1739 1898/2046/1923 1804/1841/1923
f 1804/1841/1923 1898/2046/1923 1895/2047/1924 1802/1840/1924
f 1802/1840/1924 1895/2047/1924 1892/2048/1925 1800/1839/1925
f 1800/1839/1925 1892/2048/1925 1889/2049/1926 1798/1838/1926
f 1798/1838/1926 1889/2049/1926 1886/2050/1927 1795/1837/1927
f 1795/1837/1927 1886/2050/1927 1883/2051/1928 1793/1836/1928
f 1793/1836/1928 1883/2051/1928 1880/2052/1929 1791/1835/1929
f 1791/1835/1929 1880/2052/1929 1873/1884/1762 1789/1832/1762
f 1786/1658/1729 1869/1834/1729 1866/1880/1930 1524/1659/1930
f 1524/1659/1930 1866/1880/1930 1863/1878/1931 1527/1660/1931
f 1527/1660/1931 1863/1878/1931 1860/1876/1932 1529/1661/1932
f 1529/1661/1932 1860/1876/1932 1857/1874/1933 1537/1666/1933
f 1537/1666/1933 1857/1874/1933 1854/1872/1934 1540/1670/1934
f 1540/1670/1934 1854/1872/1934 1851/1870/1935 2010/1673/1935
f 2010/1673/1935 1851/1870/1935 1848/1868/1936 2011/2053/1936
f 1541/1674/1511 2010/1673/1510 2011/2053/1937 1571/1687/1938
f 2011/2053/1936 1848/1868/1936 1845/1866/1939 2012/2054/1939
f 1571/1687/1938 2011/2053/1937 2012/2054/1940 2014/1690/1940
f 2012/2054/1939 1845/1866/1939 1842/1864/1941 2013/2055/1941
f 2014/1690/1940 2012/2054/1940 2013/2055/1942 2015/2056/1942
f 1572/1691/1541 2014/1690/1541 2015/2056/1943 2016/1698/1943
f 2018/2057/1944 2019/2058/1945 2016/1698/1943 2015/2056/1943
f 2015/2056/1942 2013/2055/1942 2094/2059/1946 2017/2060/1946
f 2020/2061/1947 2018/2057/1944 2015/2056/1943 2017/2060/1947
f 2019/2058/1948 2018/2057/1948 2021/2062/1948 2022/2063/1948
f 2018/2057/1949 2020/2061/1950 2023/2064/1950 2021/2062/1949
f 2024/2065/1951 2025/2066/1952 2022/2063/1953 2021/2062/1954
f 2026/2067/1955 2024/2065/1951 2021/2062/1954 2023/2064/1956
f 2025/2066/1446 2024/2065/1446 2027/2065/1446 2029/2066/1677
f 2024/2065/1446 2026/2067/1446 2030/2067/1446 2027/2065/1446
f 2029/2066/1957 2027/2065/1957 2028/2065/1957 2038/2066/1957
f 2027/2065/1672 2030/2067/1438 2031/2067/1438 2028/2065/1672
f 2030/2067/1438 2032/2068/1670 2035/2068/1670 2031/2067/1438
f 2026/2067/1446 2034/2068/1446 2032/2068/1446 2030/2067/1446
f 2032/2068/1958 2033/2069/1958 2036/2069/1958 2035/2068/1958
f 2034/2068/1446 2041/2069/1446 2033/2069/1669 2032/2068/1446
f 2037/2070/1959 2031/2067/1959 2035/2068/1960 2036/2069/1960
f 2033/2069/1669 2039/2070/1446 2037/2070/1446 2036/2069/1961
f 2038/2066/1962 2028/2065/1962 2031/2067/1959 2037/2070/1959
f 2039/2070/1446 2029/2066/1677 2038/2066/1678 2037/2070/1446
f 2041/2069/1446 2040/2070/1446 2039/2070/1446 2033/2069/1669
f 2040/2070/1446 2025/2066/1446 2029/2066/1677 2039/2070/1446
f 2040/2070/1963 2041/2069/1964 2043/2071/1965 2042/2072/1966
f 2025/2066/1952 2040/2070/1963 2042/2072/1966 2022/2063/1953
f 2045/2073/1967 2044/2074/1968 2042/2072/1968 2043/2071/1967
f 2044/2074/1968 2019/2058/1969 2022/2063/1969 2042/2072/1968
f 2044/2074/1947 2045/2073/1970 2047/1701/1971 2046/1699/1947
f 2019/2058/1945 2044/2074/1947 2046/1699/1947 2016/1698/1943
f 2046/1699/1446 2047/1701/1446 1607/1701/1446 1605/1699/1446
f 2016/1698/1446 2046/1699/1446 1605/1699/1446 2098/1698/1446
f 2045/2073/1970 2096/2075/1972 2048/2076/1973 2047/1701/1971
f 2047/1701/1971 2048/2076/1973 2050/2077/1974 2049/1703/1974
f 2047/1701/1446 2049/1703/1446 1609/1703/1446 1607/1701/1446
f 2049/1703/1974 2050/2077/1974 2052/2078/1975 2051/1705/1976
f 2049/1703/1446 2051/1705/1446 2054/1705/1446 1609/1703/1446
f 2056/2079/1977 2055/2080/1978 2051/1705/1976 2052/2078/1975
f 2055/2080/1978 2057/2081/1979 2053/1707/1979 2051/1705/1976
f 2051/1705/1446 2053/1707/1446 1620/1707/1446 2054/1705/1446
f 2055/2080/1980 2056/2079/1980 2059/2082/1980 2058/2083/1980
f 2057/2081/1981 2055/2080/1982 2058/2083/1982 2060/2084/1981
f 2062/2085/1983 2061/2086/1984 2058/2083/1984 2059/2082/1983
f 2061/2086/1984 2063/2087/1985 2060/2084/1985 2058/2083/1984
f 2061/2086/1446 2062/2085/1446 2065/2085/1446 2064/2086/1718
f 2063/2087/1446 2061/2086/1446 2064/2086/1718 2066/2087/1446
f 2064/2086/1986 2065/2085/1986 2068/2085/1986 2067/2086/1986
f 2066/2087/1446 2064/2086/1718 2067/2086/1987 2069/2087/1446
f 2067/2086/1988 2068/2085/1988 2070/2088/1989 2069/2087/1989
f 2069/2087/1989 2070/2088/1989 2072/2089/1990 2071/2090/1990
f 2073/2090/1710 2066/2087/1446 2069/2087/1446 2071/2090/1991
f 2074/2089/1992 2073/2090/1992 2071/2090/1992 2072/2089/1992
f 2076/2089/1446 2075/2090/1446 2073/2090/1710 2074/2089/1446
f 2075/2090/1446 2063/2087/1446 2066/2087/1446 2073/2090/1710
f 2075/2090/1993 2076/2089/1994 2078/2091/1994 2077/2092/1993
f 2063/2087/1985 2075/2090/1993 2077/2092/1993 2060/2084/1985
f 2080/2093/1995 2079/2094/1995 2077/2092/1995 2078/2091/1995
f 2079/2094/1996 2057/2081/1981 2060/2084/1981 2077/2092/1996
f 2079/2094/1997 2080/2093/1998 2082/2095/1999 2081/1709/1999
f 2057/2081/1979 2079/2094/1997 2081/1709/1999 2053/1707/1979
f 2081/1709/1999 2082/2095/1999 1672/1739/1606 2083/1711/1606
f 2081/1709/1446 2083/1711/1446 1625/1711/1446 1622/1709/1446
f 2053/1707/1446 2081/1709/1446 1622/1709/1446 1620/1707/1446
f 2083/1711/1446 1670/1713/1446 1628/1713/1446 1625/1711/1446
f 2085/2096/2000 2086/2097/2000 2084/2098/2001 2082/2095/2001
f 2082/2095/2001 2084/2098/2001 2095/1740/1607 1672/1739/1607
f 2080/2093/1998 2087/2099/1979 2085/2096/1979 2082/2095/1999
f 2052/2078/2002 2091/2100/2002 2086/2097/2000 2085/2096/2000
f 2087/2099/1979 2056/2079/1977 2052/2078/1975 2085/2096/1979
f 2056/2079/2003 2087/2099/2004 2088/2101/2004 2059/2082/2003
f 2087/2099/2004 2080/2093/2005 2078/2091/2005 2088/2101/2004
f 2089/2088/2006 2062/2085/1983 2059/2082/1983 2088/2101/2006
f 2076/2089/1994 2089/2088/2006 2088/2101/2006 2078/2091/1994
f 2062/2085/1446 2089/2088/1446 2090/2088/1446 2065/2085/1446
f 2089/2088/1446 2076/2089/1446 2074/2089/1446 2090/2088/1446
f 2065/2085/1716 2090/2088/1438 2070/2088/1438 2068/2085/1716
f 2090/2088/1438 2074/2089/1712 2072/2089/1712 2070/2088/1438
f 2091/2100/2007 1830/1856/2007 1827/1854/2008 2086/2097/2008
f 2086/2097/2008 1827/1854/2008 1824/1852/2009 2084/2098/2009
f 2092/2102/2010 1833/1858/2010 1830/1856/2007 2091/2100/2007
f 2050/2077/2011 2092/2102/2011 2091/2100/2002 2052/2078/2002
f 2093/2103/2012 1836/1860/2012 1833/1858/2010 2092/2102/2010
f 2048/2076/2013 2093/2103/2013 2092/2102/2011 2050/2077/2011
f 2094/2059/2014 1839/1862/2014 1836/1860/2012 2093/2103/2012
f 2017/2060/1946 2094/2059/1946 2093/2103/2013 2048/2076/2013
f 2013/2055/1941 1842/1864/1941 1839/1862/2014 2094/2059/2014
f 2084/2098/2009 1824/1852/2009 1821/1850/2015 2095/1740/2015
f 2095/1740/2015 1821/1850/2015 1818/1744/1611 1671/1741/1611
f 2096/2075/1972 2020/2061/1947 2017/2060/1947 2048/2076/1973
f 2096/2075/2016 2045/2073/2016 2043/2071/2016 2097/2104/2016
f 2020/2061/1950 2096/2075/2017 2097/2104/2017 2023/2064/1950
f 2041/2069/1964 2034/2068/2018 2097/2104/2019 2043/2071/1965
f 2034/2068/2018 2026/2067/1955 2023/2064/1956 2097/2104/2019
f 1572/1691/1446 2016/1698/1446 2098/1698/1446 1576/1691/1446
f 1595/1694/1544 1576/1691/1544 2098/1698/1556 1604/1697/1556
f 1782/1829/2020 2099/2105/2021 2100/2106/2021 1780/1827/2020
f 2099/2105/1703 1782/1829/1723 1485/1629/1725 1482/1627/1703
f 2099/2105/2021 1758/1813/2022 1761/1818/2022 2100/2106/2021
f 1758/1813/1701 2099/2105/1703 1482/1627/1703 1479/1625/1698
f 2101/1823/1709 1778/1825/1719 1780/1827/1719 2100/2106/1709
f 1764/1821/1708 2101/1823/1709 2100/2106/1709 1761/1818/1708
f 1778/1825/1446 2101/1823/1446 2102/1823/1446 1776/1825/1718
f 2101/1823/1446 1764/1821/1446 1767/1821/1710 2102/1823/1446
f 1776/1825/1718 2102/1823/1446 1772/1823/1446 1774/1825/1987
f 2102/1823/1446 1767/1821/1710 1770/1821/1991 1772/1823/1446
f 1743/1798/1446 1728/1795/1446 1732/1795/1669 1740/1798/1446
f 1740/1798/1446 1732/1795/1669 2103/1795/1961 1736/1798/1446
f 1685/1753/1621 1710/1773/1623 1459/1609/1623 1457/1607/1619
f 1667/1734/1603 1642/1721/1578 1635/1715/1578 1670/1713/1604
f 1668/1736/1601 1641/1718/2023 1644/1723/2023 1665/1733/1601
f 1642/1721/1581 1667/1734/2024 1664/1731/2024 1645/1724/1581
f 1647/1726/1583 1662/1729/1597 1665/1733/1598 1644/1723/1584
f 1661/1728/1594 1648/1727/1586 1645/1724/1587 1664/1731/1595
f 1662/1729/1446 1647/1726/1446 1651/1726/1446 1659/1729/1446
f 1659/1729/1438 1651/1726/1482 2104/1726/1482 1655/1729/1438
f 2107/1584/2025 1585/1585/1547 1588/1585/1547 2105/1584/2025
f 2108/1583/2026 2107/1584/2025 2105/1584/2025 2106/1583/2026
f 2107/1584/1438 2108/1583/1438 1492/1583/1438 1494/1584/1438
f 1585/1585/1438 2107/1584/1438 1494/1584/1438 1583/1585/1438
f 2109/1582/2027 2108/1583/2026 2106/1583/2026 2111/1582/2027
f 2108/1583/1438 2109/1582/1438 1489/1582/1438 1492/1583/1438
f 2110/1581/2028 2109/1582/2027 2111/1582/2027 2112/1581/2028
f 2109/1582/1438 2110/1581/1438 1486/1581/1438 1489/1582/1438
f 2115/1580/2029 2110/1581/2028 2112/1581/2028 2113/1580/2029
f 2116/1579/2030 2115/1580/2029 2113/1580/2029 2114/1579/2030
f 2115/1580/1438 2116/1579/1438 1480/1579/1438 1483/1580/1438
f 2110/1581/1438 2115/1580/1438 1483/1580/1438 1486/1581/1438
f 2117/1578/2031 2116/1579/2030 2114/1579/2030 2119/1578/2031
f 2116/1579/1438 2117/1578/1438 1477/1578/1438 1480/1579/1438
f 2118/1577/2032 2117/1578/2031 2119/1578/2031 2120/1577/2032
f 2117/1578/1438 2118/1577/1438 1474/1577/1438 1477/1578/1438
f 2123/1576/2033 2118/1577/2032 2120/1577/2032 2121/1576/2033
f 2124/1575/2034 2123/1576/2033 2121/1576/2033 2122/1575/2034
f 2123/1576/1438 2124/1575/1438 1468/1575/1438 1471/1576/1438
f 2118/1577/1438 2123/1576/1438 1471/1576/1438 1474/1577/1438
f 2125/1574/2035 2124/1575/2034 2122/1575/2034 2126/1574/2035
f 2124/1575/1438 2125/1574/1438 1465/1574/1438 1468/1575/1438
f 1442/1572/1437 2125/1574/2035 2126/1574/2035 1446/1572/1437
f 2125/1574/1438 1442/1572/1438 1462/1572/1438 1465/1574/1438
f 1543/1672/2036 1569/1686/1538 1573/1689/1538 1539/1669/2036
f 1568/1680/2037 1544/1675/1512 1541/1674/1511 1571/1687/1938
f 1569/1686/1438 1543/1672/2038 1546/1672/2038 1566/1684/1438
f 1544/1675/1446 1568/1680/2039 1565/1680/2039 1547/1675/1446
f 1550/1677/1517 1563/1681/1534 1566/1684/1534 1546/1672/1518
f 1563/1681/1446 1550/1677/1446 2127/1677/1521 1561/1681/1446
f 1561/1681/1446 2127/1677/1521 2128/1677/1641 1556/1681/1446
f 2127/1677/2040 1549/1676/2040 1557/1676/2040 2128/1677/2040
f 2129/2107/2041 2130/2108/2041 2134/2108/2041 2133/2107/2041
f 2129/2107/2042 2132/2109/2042 2187/2110/2042 2130/2108/2042
f 2131/2111/1438 2129/1863/1438 2133/1863/1438 2135/2111/1438
f 2131/2111/1438 2148/2112/1438 2132/2113/1438 2129/1863/1438
f 2134/1716/2043 2136/1700/2043 2135/2111/2043 2133/2114/2043
f 2137/1700/2044 2131/2111/2044 2135/2111/2044 2136/1700/2044
f 2130/2108/1446 2137/1700/1446 2136/1700/1446 2134/2108/1446
f 2130/2108/1446 2187/2110/1446 2138/2115/1446 2137/1700/1446
f 2138/2115/1438 2137/1700/1438 2139/2115/1438
f 2137/1700/2044 2138/2115/2045 2148/2112/2045 2131/2111/2044
f 2138/2115/1446 2143/2116/1446 2139/2115/1446
f 2140/2117/1438 2143/2116/1438 2139/2117/1438
f 2142/2118/1438 2140/2117/1438 2139/2118/1438
f 2155/2118/1438 2142/2118/1438 2139/2118/1438 2141/2118/1438
f 2155/2118/1446 2142/2118/1446 2140/2117/1446 2143/2116/1446 2144/2119/1446 2185/2120/1446
f 2140/2117/2046 2147/2121/2046 2145/2122/2047 2143/2116/2047
f 2187/2110/1446 2183/2123/1446 2144/2119/1446 2143/2116/1446 2138/2115/1446
f 2138/2115/2045 2143/2116/2047 2145/2122/2047 2148/2112/2045
f 2148/2112/1438 2145/2122/1438 2146/2124/1438 2186/2125/1438 2132/2113/1438
f 2145/2122/1438 2147/2121/1438 2152/2126/1438 2151/2127/1438 2154/2128/1438 2146/2124/1438
f 2145/2122/1446 2147/2121/1446 2149/2122/1446
f 2145/2122/1438 2148/2112/1438 2153/2112/1438 2149/2122/1438
f 2156/2129/1438 2151/2127/1438 2149/2127/1438 2150/2129/1438
f 2152/2126/1446 2151/2127/1446 2149/2126/1446
f 2147/2121/1446 2152/2126/1446 2149/2121/1446
f 2148/2112/1438 2131/2111/1438 2153/2112/1438
f 2142/2118/2048 2152/2126/2048 2147/2121/2046 2140/2117/2046
f 2155/2118/2049 2151/2127/2049 2152/2126/2048 2142/2118/2048
f 2184/2130/1438 2154/2128/1438 2151/2127/1438 2156/2129/1438 2157/2130/1438
f 2151/2127/2050 2155/2118/2050 2158/2118/2050 2156/2129/2050
f 2177/2130/1438 2157/2130/1438 2156/2129/1438 2159/2127/1438 2161/2128/1438
f 2158/2118/2044 2179/1636/2044 2157/2130/2044 2156/2129/2044
f 2159/2127/2051 2156/2129/2051 2158/2118/2051 2162/2118/2051
f 2159/2127/1438 2156/2129/1438 2150/2129/1438 2163/2127/1438
f 2159/2127/1446 2160/2126/1446 2163/2127/1446
f 2166/2122/1438 2167/2124/1438 2161/2128/1438 2159/2127/1438 2160/2126/1438 2164/2121/1438
f 2162/2118/2052 2196/2118/2053 2160/2126/2053 2159/2127/2052
f 2160/2126/1446 2164/2121/1446 2163/2126/1446
f 2164/2121/1446 2166/2122/1446 2163/2121/1446
f 2169/2112/1438 2166/2122/1438 2163/2122/1438 2165/2112/1438
f 2169/2112/1438 2172/2113/1438 2175/2125/1438 2167/2124/1438 2166/2122/1438
f 2198/2117/2054 2168/2116/2055 2166/2122/2055 2164/2121/2054
f 2171/2115/2056 2169/2112/2056 2166/2122/2055 2168/2116/2055
f 2170/2111/1438 2169/2112/1438 2165/2111/1438
f 2189/1700/2041 2170/2111/2041 2169/2112/2056 2171/2115/2056
f 2170/2111/1438 2173/1863/1438 2172/2113/1438 2169/2112/1438
f 2173/2107/2057 2188/2108/2057 2174/2110/2057 2172/2109/2057
f 2172/2109/2044 2174/2110/2044 2176/2123/2044 2175/2131/2044
f 2178/1636/2058 2177/2130/2058 2175/2132/2058 2176/1620/2058
f 2167/2124/1438 2175/2125/1438 2177/2130/1438 2161/2128/1438
f 2178/1636/2059 2179/1636/2059 2157/2130/2059 2177/2130/2059
f 2176/2123/1446 2181/2119/1446 2180/2120/1446 2178/1636/1446
f 2162/2118/1446 2158/2118/1446 2179/1636/1446 2178/1636/1446 2180/2120/1446
f 2162/2118/1446 2180/2120/1446 2181/2119/1446 2168/2116/1446 2198/2117/1446 2196/2118/1446
f 2174/2110/1446 2171/2115/1446 2168/2116/1446 2181/2119/1446 2176/2123/1446
f 2182/1636/2059 2184/2130/2059 2157/2130/2059 2179/1636/2059
f 2155/2118/1446 2185/2120/1446 2182/1636/1446 2179/1636/1446 2158/2118/1446
f 2183/2123/1446 2182/1636/1446 2185/2120/1446 2144/2119/1446
f 2182/1636/2060 2183/1620/2060 2186/2132/2060 2184/2130/2060
f 2146/2124/1438 2154/2128/1438 2184/2130/1438 2186/2125/1438
f 2132/2109/2041 2186/2131/2041 2183/2123/2041 2187/2110/2041
f 2188/2108/1446 2189/1700/1446 2171/2115/1446 2174/2110/1446
f 2173/2107/2044 2191/2107/2044 2190/2108/2044 2188/2108/2044
f 2188/2108/1446 2190/2108/1446 2192/1700/1446 2189/1700/1446
f 2190/1716/2043 2191/2114/2043 2193/2111/2043 2192/1700/2043
f 2189/1700/2041 2192/1700/2041 2193/2111/2041 2170/2111/2041
f 2170/2111/1438 2193/2111/1438 2191/1863/1438 2173/1863/1438
f 2189/1700/1438 2171/2115/1438 2195/2115/1438 2194/1700/1438
f 2198/2117/1438 2196/2118/1438 2195/2117/1438
f 2196/2118/1438 2162/2118/1438 2195/2118/1438
f 2162/2118/1438 2158/2118/1438 2197/2118/1438 2195/2118/1438
f 2168/2116/1438 2198/2117/1438 2195/2116/1438
f 2168/2116/1446 2171/2115/1446 2195/2116/1446
f 2196/2118/2053 2198/2117/2054 2164/2121/2054 2160/2126/2053
f 2158/2118/1438 2155/2118/1438 2141/2118/1438 2197/2118/1438
f 2199/2107/2061 2202/2109/2061 2217/2110/2061 2200/2108/2061
f 2199/2107/2043 2200/2108/2043 2204/2108/2043 2203/2107/2043
f 2201/2111/2041 2218/2112/2041 2202/2113/2041 2199/1863/2041
f 2201/2111/2041 2199/1863/2041 2203/1863/2041 2205/2111/2041
f 2204/1716/1438 2206/1700/1438 2205/2111/1438 2203/2114/1438
f 2205/2111/1438 2206/1700/1438 2210/1700/1438 2207/2111/1438
f 2201/2111/2041 2205/2111/2041 2207/2111/2041 2209/2111/2041
f 2211/1716/1438 2208/2114/1438 2207/2111/1438 2210/1700/1438
f 2209/2111/2041 2207/2111/2041 2208/1863/2041 2251/1863/2041
f 2212/1700/2062 2210/1700/2062 2207/2111/2062 2209/2111/2062
f 2206/1700/2044 2215/1700/2044 2212/1700/2044 2210/1700/2044
f 2213/2108/2044 2211/2108/2044 2210/1700/2044 2212/1700/2044
f 2213/2108/2044 2212/1700/2044 2214/2115/2044 2252/2110/2044
f 2212/1700/2063 2209/2111/2063 2253/2112/2064 2214/2115/2064
f 2215/1700/1446 2201/2111/1446 2209/2111/1446 2212/1700/1446
f 2200/2108/2044 2217/2110/2044 2216/2115/2044 2215/1700/2044
f 2200/2108/2044 2215/1700/2044 2206/1700/2044 2204/2108/2044
f 2215/1700/2059 2216/2115/2065 2218/2112/2065 2201/2111/2059
f 2217/2110/2044 2248/2123/2044 2221/2119/2044 2219/2116/2044 2216/2115/2044
f 2216/2115/2065 2219/2116/2066 2222/2122/2066 2218/2112/2065
f 2228/2118/2044 2227/2118/2044 2220/2117/2044 2219/2116/2044 2221/2119/2044 2229/2120/2044
f 2220/2117/2067 2224/2121/2067 2222/2122/2066 2219/2116/2066
f 2222/2122/2041 2224/2121/2041 2225/2126/2041 2226/2127/2041 2247/2128/2041 2223/2124/2041
f 2218/2112/2041 2222/2122/2041 2223/2124/2041 2246/2125/2041 2202/2113/2041
f 2227/2118/2068 2225/2126/2068 2224/2121/2067 2220/2117/2067
f 2228/2118/2069 2226/2127/2069 2225/2126/2068 2227/2118/2068
f 2228/2118/2044 2229/2120/2044 2245/1636/2044 2231/1636/2044 2230/2118/2044
f 2226/2127/2070 2228/2118/2070 2230/2118/2070 2232/2129/2070
f 2230/2118/2059 2231/1636/2059 2243/2130/2059 2232/2129/2059
f 2233/2118/2044 2230/2118/2044 2231/1636/2044 2241/1636/2044 2234/2120/2044
f 2236/2127/2071 2232/2129/2071 2230/2118/2071 2233/2118/2071
f 2233/2118/2044 2234/2120/2044 2258/2119/2044 2256/2116/2044 2257/2117/2044 2235/2118/2044
f 2233/2118/2072 2235/2118/2073 2237/2126/2073 2236/2127/2072
f 2254/2122/2041 2239/2124/2041 2238/2128/2041 2236/2127/2041 2237/2126/2041 2255/2121/2041
f 2240/2130/2041 2243/2130/2041 2232/2129/2041 2236/2127/2041 2238/2128/2041
f 2239/2124/2041 2242/2125/2041 2240/2130/2041 2238/2128/2041
f 2241/1636/2074 2240/2130/2074 2242/2132/2074 2249/1620/2074
f 2241/1636/1446 2231/1636/1446 2243/2130/1446 2240/2130/1446
f 2245/1636/1446 2244/2130/1446 2243/2130/1446 2231/1636/1446
f 2244/2130/2041 2247/2128/2041 2226/2127/2041 2232/2129/2041 2243/2130/2041
f 2245/1636/2075 2248/1620/2075 2246/2132/2075 2244/2130/2075
f 2223/2124/2041 2247/2128/2041 2244/2130/2041 2246/2125/2041
f 2202/2109/2043 2246/2131/2043 2248/2123/2043 2217/2110/2043
f 2248/2123/2044 2245/1636/2044 2229/2120/2044 2221/2119/2044
f 2250/2109/2059 2252/2110/2059 2249/2123/2059 2242/2131/2059
f 2253/2112/2041 2250/2113/2041 2242/2125/2041 2239/2124/2041 2254/2122/2041
f 2251/2107/2076 2213/2108/2076 2252/2110/2076 2250/2109/2076
f 2209/2111/2041 2251/1863/2041 2250/2113/2041 2253/2112/2041
f 2214/2115/2064 2253/2112/2064 2254/2122/2077 2256/2116/2077
f 2257/2117/2078 2256/2116/2077 2254/2122/2077 2255/2121/2078
f 2252/2110/2044 2214/2115/2044 2256/2116/2044 2258/2119/2044 2249/2123/2044
f 2249/2123/2044 2258/2119/2044 2234/2120/2044 2241/1636/2044
f 2235/2118/2073 2257/2117/2078 2255/2121/2078 2237/2126/2073
f 2251/2107/2059 2208/2107/2059 2211/2108/2059 2213/2108/2059
f 2259/2107/2044 2260/2108/2044 2264/2108/2044 2263/2107/2044
f 2259/2107/2079 2262/2109/2079 2319/2110/2079 2260/2108/2079
f 2261/2111/1438 2259/1863/1438 2263/1863/1438 2265/2111/1438
f 2261/2111/1438 2293/2112/1438 2262/2113/1438 2259/1863/1438
f 2264/1716/2059 2266/1700/2059 2265/2111/2059 2263/2114/2059
f 2267/1700/2041 2261/2111/2041 2265/2111/2041 2266/1700/2041
f 2260/2108/1446 2267/1700/1446 2266/1700/1446 2264/2108/1446
f 2260/2108/1446 2319/2110/1446 2268/2115/1446 2267/1700/1446
f 2268/2115/1438 2267/1700/1438 2269/2115/1438
f 2267/1700/2041 2268/2115/2080 2293/2112/2080 2261/2111/2041
f 2274/2118/1438 2270/2118/1438 2269/2118/1438
f 2270/2118/1438 2271/2118/1438 2269/2118/1438
f 2271/2118/1438 2272/2118/1438 2269/2118/1438
f 2272/2118/1438 2275/2117/1438 2269/2118/1438
f 2278/2117/1438 2273/2118/1438 2269/2117/1438
f 2273/2118/1438 2274/2118/1438 2269/2118/1438
f 2275/2117/1438 2279/2116/1438 2269/2117/1438
f 2276/1700/1438 2277/2115/1438 2269/1700/1438
f 2280/2116/1446 2277/2115/1446 2269/2116/1446
f 2280/2116/1438 2278/2117/1438 2269/2116/1438
f 2268/2115/1446 2279/2116/1446 2269/2115/1446
f 2274/2118/1446 2309/2120/1446 2281/2119/1446 2280/2116/1446 2278/2117/1446 2273/2118/1446
f 2278/2117/2081 2280/2116/2082 2282/2122/2082 2284/2121/2081
f 2302/2110/1446 2277/2115/1446 2280/2116/1446 2281/2119/1446 2304/2123/1446
f 2277/2115/2083 2285/2112/2083 2282/2122/2082 2280/2116/2082
f 2285/2112/1438 2303/2113/1438 2305/2125/1438 2283/2124/1438 2282/2122/1438
f 2282/2122/1438 2283/2124/1438 2320/2128/1438 2288/2127/1438 2292/2126/1438 2284/2121/1438
f 2284/2121/1446 2282/2122/1446 2286/2121/1446
f 2285/2112/1438 2282/2122/1438 2286/2112/1438
f 2287/2129/1438 2294/2127/1438 2286/2129/1438
f 2288/2127/1438 2287/2129/1438 2286/2127/1438
f 2288/2127/1446 2292/2126/1446 2286/2127/1446
f 2289/2122/1438 2293/2112/1438 2286/2122/1438
f 2289/2122/1446 2290/2121/1446 2286/2122/1446
f 2290/2121/1446 2291/2126/1446 2286/2121/1446
f 2292/2126/1446 2284/2121/1446 2286/2126/1446
f 2291/2126/1446 2294/2127/1446 2286/2126/1446
f 2293/2112/1438 2261/2111/1438 2286/2112/1438
f 2295/2111/1438 2285/2112/1438 2286/2111/1438
f 2276/1700/2044 2295/2111/2044 2285/2112/2083 2277/2115/2083
f 2276/1700/2044 2298/1700/2044 2297/2111/2044 2295/2111/2044
f 2295/2111/1438 2296/1863/1438 2303/2113/1438 2285/2112/1438
f 2295/2111/1438 2297/2111/1438 2299/1863/1438 2296/1863/1438
f 2300/1716/2059 2299/2114/2059 2297/2111/2059 2298/1700/2059
f 2296/2107/2041 2299/2107/2041 2300/2108/2041 2301/2108/2041
f 2301/2108/1446 2300/2108/1446 2298/1700/1446 2276/1700/1446
f 2296/2107/2084 2301/2108/2084 2302/2110/2084 2303/2109/2084
f 2301/2108/1446 2276/1700/1446 2277/2115/1446 2302/2110/1446
f 2303/2109/2041 2302/2110/2041 2304/2123/2041 2305/2131/2041
f 2306/1636/2085 2307/2130/2085 2305/2132/2085 2304/1620/2085
f 2304/2123/1446 2281/2119/1446 2309/2120/1446 2306/1636/1446
f 2306/1636/2043 2308/1636/2043 2310/2130/2043 2307/2130/2043
f 2274/2118/1446 2270/2118/1446 2308/1636/1446 2306/1636/1446 2309/2120/1446
f 2270/2118/2041 2308/1636/2041 2310/2130/2041 2287/2129/2041
f 2311/1636/2043 2313/2130/2043 2310/2130/2043 2308/1636/2043
f 2271/2118/1446 2314/2120/1446 2311/1636/1446 2308/1636/1446 2270/2118/1446
f 2312/2123/1446 2311/1636/1446 2314/2120/1446 2315/2119/1446
f 2311/1636/2086 2312/1620/2086 2316/2132/2086 2313/2130/2086
f 2271/2118/1446 2272/2118/1446 2275/2117/1446 2279/2116/1446 2315/2119/1446 2314/2120/1446
f 2319/2110/1446 2312/2123/1446 2315/2119/1446 2279/2116/1446 2268/2115/1446
f 2318/2124/1438 2317/2128/1438 2313/2130/1438 2316/2125/1438
f 2313/2130/1438 2317/2128/1438 2294/2127/1438 2287/2129/1438 2310/2130/1438
f 2289/2122/1438 2290/2121/1438 2291/2126/1438 2294/2127/1438 2317/2128/1438 2318/2124/1438
f 2293/2112/1438 2289/2122/1438 2318/2124/1438 2316/2125/1438 2262/2113/1438
f 2262/2109/2044 2316/2131/2044 2312/2123/2044 2319/2110/2044
f 2307/2130/1438 2310/2130/1438 2287/2129/1438 2288/2127/1438 2320/2128/1438
f 2283/2124/1438 2305/2125/1438 2307/2130/1438 2320/2128/1438
f 2271/2118/2087 2294/2127/2087 2291/2126/2088 2272/2118/2088
f 2294/2127/2089 2271/2118/2089 2270/2118/2089 2287/2129/2089
f 2268/2115/2080 2279/2116/2090 2289/2122/2090 2293/2112/2080
f 2273/2118/2091 2278/2117/2081 2284/2121/2081 2292/2126/2091
f 2274/2118/2092 2273/2118/2091 2292/2126/2091 2288/2127/2092
f 2272/2118/2088 2291/2126/2088 2290/2121/2093 2275/2117/2093
f 2275/2117/2093 2290/2121/2093 2289/2122/2090 2279/2116/2090
f 2288/2127/2094 2287/2129/2094 2270/2118/2094 2274/2118/2094
