# Blender 5.1.0
# www.blender.org
mtllib Pineapple.mtl
o Pineapple.R
v -0.000000 5.309485 -2.032847
v 0.555570 5.407263 -2.032847
v 0.885003 4.859887 -2.032847
v 0.980785 4.411033 -2.032847
v 1.000000 4.074657 -2.032847
v 0.941975 3.517688 -2.032847
v 0.831470 3.116740 -2.032847
v 0.191342 5.356479 -1.994787
v 0.375330 5.423772 -1.958189
v 0.544895 5.407263 -1.924460
v 0.693520 5.280971 -1.894897
v 0.815493 5.032575 -1.870635
v 0.906127 4.734483 -1.852607
v 0.975158 4.175102 -1.838876
v 0.980785 4.074657 -1.837756
v 0.961940 3.738281 -1.841505
v 0.906127 3.414832 -1.852607
v 0.747939 2.979167 -1.884072
v 0.544895 2.742052 -1.924460
v 0.180240 5.356479 -1.958189
v 0.353553 5.423772 -1.886400
v 0.513280 5.407263 -1.820239
v 0.653281 5.280971 -1.762249
v 0.817637 4.859887 -1.694170
v 0.853553 4.734483 -1.679293
v 0.906127 4.411033 -1.657516
v 0.923879 4.074657 -1.650163
v 0.870272 3.517688 -1.672368
v 0.853553 3.414832 -1.679293
v 0.768178 3.116740 -1.714657
v 0.513280 2.742052 -1.820239
v 0.162212 5.356479 -1.924460
v 0.318190 5.423772 -1.820239
v 0.461940 5.407263 -1.724188
v 0.587938 5.280971 -1.639999
v 0.691342 5.032575 -1.570907
v 0.768178 4.734483 -1.519567
v 0.826699 4.175102 -1.480464
v 0.831469 4.074657 -1.477276
v 0.815493 3.738281 -1.487952
v 0.768178 3.414832 -1.519567
v 0.634072 2.979167 -1.609174
v 0.461940 2.742052 -1.724188
v 0.137950 5.356479 -1.894897
v 0.270598 5.423772 -1.762249
v 0.392847 5.407263 -1.639999
v 0.500000 5.280971 -1.532847
v 0.625792 4.859887 -1.407055
v 0.653281 4.734483 -1.379565
v 0.693520 4.411033 -1.339327
v 0.707107 4.074657 -1.325740
v 0.666077 3.517688 -1.366770
v 0.653281 3.414832 -1.379565
v 0.587938 3.116740 -1.444909
v 0.392847 2.742052 -1.639999
v 0.108386 5.356479 -1.870635
v 0.212608 5.423772 -1.714657
v 0.308658 5.407263 -1.570907
v 0.392847 5.280971 -1.444909
v 0.461940 5.032575 -1.341505
v 0.513280 4.734483 -1.264669
v 0.552382 4.175102 -1.206148
v 0.555570 4.074657 -1.201377
v 0.544895 3.738281 -1.217354
v 0.513280 3.414832 -1.264669
v 0.423673 2.979167 -1.398775
v 0.308658 2.742052 -1.570907
v 0.074658 5.356479 -1.852607
v 0.146447 5.423771 -1.679293
v 0.212607 5.407263 -1.519567
v 0.270598 5.280971 -1.379565
v 0.338676 4.859887 -1.215210
v 0.353553 4.734483 -1.179293
v 0.375330 4.411033 -1.126719
v 0.382683 4.074657 -1.108967
v 0.360478 3.517688 -1.162575
v 0.353553 3.414832 -1.179293
v 0.318190 3.116740 -1.264669
v 0.212607 2.742052 -1.519567
v 0.038060 5.356479 -1.841505
v 0.074658 5.423771 -1.657516
v 0.108386 5.407263 -1.487952
v 0.137950 5.280971 -1.339327
v 0.162212 5.032575 -1.217354
v 0.180240 4.734483 -1.126719
v 0.193971 4.175102 -1.057689
v 0.195090 4.074657 -1.052062
v 0.191342 3.738281 -1.070907
v 0.180240 3.414832 -1.126719
v 0.148774 2.979167 -1.284908
v 0.108386 2.742052 -1.487952
v -0.000000 5.356479 -1.837756
v -0.000000 5.423771 -1.650163
v -0.000000 5.407263 -1.477277
v 0.000000 5.280971 -1.325740
v 0.000000 4.859887 -1.147843
v 0.000000 4.734483 -1.108967
v -0.000000 4.411033 -1.052062
v -0.000000 4.074657 -1.032847
v 0.000000 3.517688 -1.090871
v 0.000000 3.414832 -1.108967
v -0.000000 3.116740 -1.201377
v -0.000000 2.742052 -1.477277
v -0.038060 5.356479 -1.841505
v -0.074658 5.423771 -1.657516
v -0.108386 5.407263 -1.487952
v -0.137950 5.280971 -1.339327
v -0.162212 5.032575 -1.217354
v -0.180240 4.734483 -1.126719
v -0.193971 4.175102 -1.057689
v -0.195090 4.074657 -1.052062
v -0.191342 3.738281 -1.070907
v -0.180240 3.414832 -1.126719
v -0.148774 2.979167 -1.284908
v -0.108386 2.742052 -1.487952
v -0.074658 5.356479 -1.852607
v -0.146447 5.423771 -1.679293
v -0.212608 5.407263 -1.519567
v -0.270598 5.280971 -1.379565
v -0.338676 4.859887 -1.215210
v -0.353553 4.734483 -1.179293
v -0.375330 4.411033 -1.126719
v -0.382683 4.074657 -1.108968
v -0.360478 3.517688 -1.162575
v -0.353553 3.414832 -1.179293
v -0.318190 3.116740 -1.264669
v -0.212608 2.742052 -1.519567
v -0.108386 5.356479 -1.870635
v -0.212608 5.423771 -1.714657
v -0.308658 5.407263 -1.570907
v -0.392847 5.280971 -1.444909
v -0.461940 5.032575 -1.341505
v -0.513280 4.734483 -1.264669
v -0.552382 4.175102 -1.206148
v -0.555570 4.074657 -1.201378
v -0.544895 3.738281 -1.217354
v -0.513280 3.414832 -1.264669
v -0.423673 2.979167 -1.398775
v -0.308658 2.742052 -1.570907
v -0.137950 5.356479 -1.894897
v -0.270598 5.423771 -1.762249
v -0.392847 5.407262 -1.639999
v -0.500000 5.280971 -1.532847
v -0.625792 4.859887 -1.407055
v -0.653281 4.734483 -1.379565
v -0.693520 4.411033 -1.339327
v -0.707107 4.074657 -1.325740
v -0.666077 3.517688 -1.366770
v -0.653281 3.414832 -1.379565
v -0.587938 3.116740 -1.444909
v -0.392847 2.742053 -1.639999
v -0.162212 5.356479 -1.924460
v -0.318190 5.423771 -1.820239
v -0.461940 5.407262 -1.724189
v -0.587938 5.280971 -1.639999
v -0.691342 5.032575 -1.570907
v -0.768178 4.734483 -1.519567
v -0.826699 4.175102 -1.480464
v -0.831469 4.074657 -1.477277
v -0.815493 3.738281 -1.487952
v -0.768178 3.414832 -1.519567
v -0.634072 2.979167 -1.609174
v -0.461940 2.742053 -1.724189
v -0.180240 5.356479 -1.958189
v -0.353553 5.423771 -1.886400
v -0.513280 5.407262 -1.820239
v -0.653281 5.280971 -1.762249
v -0.817637 4.859887 -1.694170
v -0.853553 4.734483 -1.679293
v -0.906127 4.411033 -1.657517
v -0.923879 4.074657 -1.650164
v -0.870272 3.517688 -1.672368
v -0.853553 3.414832 -1.679293
v -0.768178 3.116740 -1.714657
v -0.513280 2.742053 -1.820239
v -0.191342 5.356479 -1.994787
v -0.375330 5.423771 -1.958189
v -0.544895 5.407262 -1.924460
v -0.693520 5.280971 -1.894897
v -0.815493 5.032575 -1.870635
v -0.906127 4.734483 -1.852607
v -0.975158 4.175102 -1.838876
v -0.980785 4.074657 -1.837757
v -0.961939 3.738281 -1.841505
v -0.906127 3.414832 -1.852607
v -0.747939 2.979167 -1.884072
v -0.544895 2.742053 -1.924460
v -0.195090 5.356479 -2.032847
v -0.382683 5.423771 -2.032847
v -0.555570 5.407262 -2.032847
v -0.707107 5.280971 -2.032847
v -0.885003 4.859887 -2.032847
v -0.923879 4.734483 -2.032847
v -0.980785 4.411033 -2.032847
v -0.999999 4.074657 -2.032847
v -0.941975 3.517688 -2.032847
v -0.923879 3.414832 -2.032847
v -0.831469 3.116740 -2.032847
v -0.555570 2.742053 -2.032847
v -0.191342 5.356479 -2.070907
v -0.375330 5.423771 -2.107505
v -0.544895 5.407262 -2.141233
v -0.693520 5.280971 -2.170796
v -0.815493 5.032575 -2.195058
v -0.906127 4.734483 -2.213087
v -0.975158 4.175102 -2.226818
v -0.980785 4.074657 -2.227937
v -0.961939 3.738281 -2.224189
v -0.906127 3.414832 -2.213087
v -0.747939 2.979167 -2.181621
v -0.544895 2.742053 -2.141233
v -0.180240 5.356479 -2.107504
v -0.353553 5.423771 -2.179293
v -0.513280 5.407262 -2.245454
v -0.653281 5.280971 -2.303445
v -0.817637 4.859887 -2.371523
v -0.853553 4.734483 -2.386400
v -0.906127 4.411033 -2.408177
v -0.923879 4.074657 -2.415530
v -0.870272 3.517688 -2.393325
v -0.853553 3.414832 -2.386400
v -0.768177 3.116740 -2.351036
v -0.513280 2.742053 -2.245454
v -0.162212 5.356479 -2.141233
v -0.318190 5.423771 -2.245454
v -0.461939 5.407262 -2.341505
v -0.587938 5.280971 -2.425694
v -0.691341 5.032575 -2.494786
v -0.768178 4.734483 -2.546126
v -0.826699 4.175102 -2.585229
v -0.831469 4.074657 -2.588417
v -0.815493 3.738281 -2.577742
v -0.768178 3.414832 -2.546126
v -0.634072 2.979167 -2.456520
v -0.461939 2.742053 -2.341505
v -0.137950 5.356479 -2.170796
v -0.270598 5.423771 -2.303445
v -0.392847 5.407262 -2.425694
v -0.500000 5.280971 -2.532847
v -0.625792 4.859887 -2.658639
v -0.653281 4.734483 -2.686128
v -0.693520 4.411033 -2.726367
v -0.707106 4.074657 -2.739953
v -0.666077 3.517688 -2.698924
v -0.653281 3.414832 -2.686128
v -0.587937 3.116740 -2.620784
v -0.392847 2.742053 -2.425694
v -0.108386 5.356479 -2.195058
v -0.212607 5.423771 -2.351036
v -0.308658 5.407262 -2.494786
v -0.392847 5.280971 -2.620784
v -0.461939 5.032575 -2.724188
v -0.513280 4.734483 -2.801024
v -0.552382 4.175102 -2.859545
v -0.555569 4.074657 -2.864316
v -0.544895 3.738281 -2.848340
v -0.513280 3.414832 -2.801024
v -0.423673 2.979167 -2.666919
v -0.308658 2.742053 -2.494786
v -0.074658 5.356479 -2.213087
v -0.146447 5.423771 -2.386400
v -0.212607 5.407262 -2.546126
v -0.270598 5.280971 -2.686128
v -0.338676 4.859887 -2.850483
v -0.353553 4.734483 -2.886400
v -0.375330 4.411033 -2.938974
v -0.382683 4.074657 -2.956726
v -0.360478 3.517688 -2.903118
v -0.353553 3.414832 -2.886400
v -0.318189 3.116740 -2.801024
v -0.212607 2.742053 -2.546126
v -0.038060 5.356479 -2.224188
v -0.074658 5.423771 -2.408177
v -0.108386 5.407262 -2.577741
v -0.137950 5.280971 -2.726367
v -0.162211 5.032575 -2.848340
v -0.180240 4.734483 -2.938974
v -0.193971 4.175102 -3.008004
v -0.195090 4.074657 -3.013631
v -0.191341 3.738281 -2.994786
v -0.180240 3.414832 -2.938974
v -0.148774 2.979167 -2.780785
v -0.108386 2.742053 -2.577741
v 0.000000 5.356479 -2.227937
v 0.000000 5.423771 -2.415530
v 0.000000 5.407262 -2.588417
v 0.000000 5.280971 -2.739953
v -0.000000 4.859887 -2.917850
v -0.000000 4.734483 -2.956726
v 0.000000 4.411033 -3.013632
v 0.000000 4.074657 -3.032846
v -0.000000 3.517688 -2.974822
v -0.000000 3.414832 -2.956726
v 0.000000 3.116740 -2.864316
v 0.000000 2.742053 -2.588417
v 0.038060 5.356479 -2.224188
v 0.074658 5.423771 -2.408177
v 0.108386 5.407262 -2.577741
v 0.137950 5.280971 -2.726367
v 0.162212 5.032575 -2.848339
v 0.180240 4.734483 -2.938974
v 0.193971 4.175102 -3.008004
v 0.195091 4.074657 -3.013631
v 0.191342 3.738281 -2.994786
v 0.180240 3.414832 -2.938974
v 0.148774 2.979167 -2.780785
v 0.108386 2.742053 -2.577741
v 0.074658 5.356479 -2.213086
v 0.146447 5.423771 -2.386400
v 0.212607 5.407262 -2.546126
v 0.270598 5.280971 -2.686128
v 0.338676 4.859887 -2.850483
v 0.353553 4.734483 -2.886400
v 0.375330 4.411033 -2.938973
v 0.382683 4.074657 -2.956725
v 0.360478 3.517688 -2.903118
v 0.353553 3.414832 -2.886400
v 0.318190 3.116740 -2.801024
v 0.212607 2.742053 -2.546126
v 0.108386 5.356479 -2.195058
v 0.212607 5.423771 -2.351036
v 0.308658 5.407262 -2.494786
v 0.392847 5.280971 -2.620784
v 0.461940 5.032575 -2.724188
v 0.513280 4.734483 -2.801024
v 0.552382 4.175102 -2.859545
v 0.555570 4.074657 -2.864315
v 0.544895 3.738281 -2.848339
v 0.513280 3.414832 -2.801024
v 0.423673 2.979167 -2.666919
v 0.308658 2.742053 -2.494786
v 0.137950 5.356479 -2.170796
v 0.270598 5.423771 -2.303445
v 0.392847 5.407262 -2.425694
v 0.500000 5.280971 -2.532846
v 0.625792 4.859887 -2.658639
v 0.653281 4.734483 -2.686128
v 0.693520 4.411033 -2.726366
v 0.707106 4.074657 -2.739952
v 0.666077 3.517688 -2.698924
v 0.653281 3.414832 -2.686128
v 0.587938 3.116740 -2.620784
v 0.392847 2.742053 -2.425694
v 0.162212 5.356479 -2.141233
v 0.318190 5.423771 -2.245454
v 0.461939 5.407262 -2.341505
v 0.587938 5.280971 -2.425694
v 0.691341 5.032575 -2.494786
v 0.768177 4.734483 -2.546126
v 0.826699 4.175102 -2.585229
v 0.831469 4.074657 -2.588416
v 0.815493 3.738281 -2.577741
v 0.768177 3.414832 -2.546126
v 0.634072 2.979167 -2.456520
v 0.461939 2.742053 -2.341505
v 0.180240 5.356479 -2.107504
v 0.353553 5.423771 -2.179293
v 0.513279 5.407262 -2.245454
v 0.653281 5.280971 -2.303445
v 0.817637 4.859887 -2.371523
v 0.853553 4.734483 -2.386400
v 0.906127 4.411033 -2.408176
v 0.923879 4.074657 -2.415529
v 0.870272 3.517688 -2.393325
v 0.853553 3.414832 -2.386400
v 0.768177 3.116740 -2.351036
v 0.513279 2.742053 -2.245454
v 0.191342 5.356479 -2.070907
v 0.375330 5.423771 -2.107504
v 0.544895 5.407262 -2.141233
v 0.693520 5.280971 -2.170796
v 0.815493 5.032575 -2.195058
v 0.906127 4.734483 -2.213087
v 0.975158 4.175102 -2.226818
v 0.980784 4.074657 -2.227936
v 0.961939 3.738281 -2.224188
v 0.906127 3.414832 -2.213087
v 0.747939 2.979167 -2.181621
v 0.544895 2.742053 -2.141233
v 0.195090 5.356479 -2.032847
v 0.382683 5.423771 -2.032847
v 0.707107 5.280971 -2.032847
v 0.923879 4.734483 -2.032847
v 0.923879 3.414832 -2.032847
v 0.555570 2.742053 -2.032846
v 0.460113 5.436496 -1.941325
v 0.433417 5.436496 -1.853320
v 0.390065 5.436496 -1.772214
v 0.331723 5.436496 -1.701124
v 0.260633 5.436496 -1.642782
v 0.179527 5.436496 -1.599430
v 0.091522 5.436496 -1.572734
v -0.000000 5.436496 -1.563720
v -0.091522 5.436496 -1.572734
v -0.179527 5.436496 -1.599430
v -0.260633 5.436496 -1.642782
v -0.331723 5.436496 -1.701124
v -0.390065 5.436496 -1.772214
v -0.433417 5.436496 -1.853320
v -0.460113 5.436496 -1.941325
v -0.469127 5.436496 -2.032847
v -0.460113 5.436496 -2.124369
v -0.433416 5.436496 -2.212374
v -0.390064 5.436496 -2.293479
v -0.331723 5.436496 -2.364569
v -0.260633 5.436496 -2.422911
v -0.179527 5.436496 -2.466263
v -0.091522 5.436496 -2.492959
v 0.000000 5.436496 -2.501973
v 0.091522 5.436496 -2.492959
v 0.179527 5.436496 -2.466263
v 0.260633 5.436496 -2.422911
v 0.331723 5.436496 -2.364569
v 0.390064 5.436496 -2.293479
v 0.433416 5.436496 -2.212373
v 0.460112 5.436496 -2.124369
v 0.469127 5.436496 -2.032847
v 1.000000 4.074657 -2.032847
v 0.941975 3.517688 -2.032847
v 0.693520 5.280971 -1.894897
v 0.815493 5.032575 -1.870635
v 0.906127 4.734483 -1.852607
v 0.975158 4.175102 -1.838876
v 0.980785 4.074657 -1.837756
v 0.961940 3.738281 -1.841505
v 0.906127 3.414832 -1.852607
v 0.747939 2.979167 -1.884072
v 0.831470 3.116740 -2.032847
v 0.885003 4.859887 -2.032847
v 0.980785 4.411033 -2.032847
v 0.653281 5.280971 -1.762249
v 0.817637 4.859887 -1.694170
v 0.853553 4.734483 -1.679293
v 0.906127 4.411033 -1.657516
v 0.923879 4.074657 -1.650163
v 0.870272 3.517688 -1.672368
v 0.853553 3.414832 -1.679293
v 0.768178 3.116740 -1.714657
v 0.587938 5.280971 -1.639999
v 0.691342 5.032575 -1.570907
v 0.768178 4.734483 -1.519567
v 0.826699 4.175102 -1.480464
v 0.831469 4.074657 -1.477276
v 0.815493 3.738281 -1.487952
v 0.768178 3.414832 -1.519567
v 0.634072 2.979167 -1.609174
v 0.500000 5.280971 -1.532847
v 0.625792 4.859887 -1.407055
v 0.653281 4.734483 -1.379565
v 0.693520 4.411033 -1.339327
v 0.707107 4.074657 -1.325740
v 0.666077 3.517688 -1.366770
v 0.653281 3.414832 -1.379565
v 0.587938 3.116740 -1.444909
v 0.392847 5.280971 -1.444909
v 0.461940 5.032575 -1.341505
v 0.513280 4.734483 -1.264669
v 0.552382 4.175102 -1.206148
v 0.555570 4.074657 -1.201377
v 0.544895 3.738281 -1.217354
v 0.513280 3.414832 -1.264669
v 0.423673 2.979167 -1.398775
v 0.270598 5.280971 -1.379565
v 0.338676 4.859887 -1.215210
v 0.353553 4.734483 -1.179293
v 0.375330 4.411033 -1.126719
v 0.382683 4.074657 -1.108967
v 0.360478 3.517688 -1.162575
v 0.353553 3.414832 -1.179293
v 0.318190 3.116740 -1.264669
v 0.137950 5.280971 -1.339327
v 0.162212 5.032575 -1.217354
v 0.180240 4.734483 -1.126719
v 0.193971 4.175102 -1.057689
v 0.195090 4.074657 -1.052062
v 0.191342 3.738281 -1.070907
v 0.180240 3.414832 -1.126719
v 0.148774 2.979167 -1.284908
v 0.000000 5.280971 -1.325740
v 0.000000 4.859887 -1.147843
v 0.000000 4.734483 -1.108967
v -0.000000 4.411033 -1.052062
v -0.000000 4.074657 -1.032847
v 0.000000 3.517688 -1.090871
v 0.000000 3.414832 -1.108967
v -0.000000 3.116740 -1.201377
v -0.137950 5.280971 -1.339327
v -0.162212 5.032575 -1.217354
v -0.180240 4.734483 -1.126719
v -0.193971 4.175102 -1.057689
v -0.195090 4.074657 -1.052062
v -0.191342 3.738281 -1.070907
v -0.180240 3.414832 -1.126719
v -0.148774 2.979167 -1.284908
v -0.270598 5.280971 -1.379565
v -0.338676 4.859887 -1.215210
v -0.353553 4.734483 -1.179293
v -0.375330 4.411033 -1.126719
v -0.382683 4.074657 -1.108968
v -0.360478 3.517688 -1.162575
v -0.353553 3.414832 -1.179293
v -0.318190 3.116740 -1.264669
v -0.392847 5.280971 -1.444909
v -0.461940 5.032575 -1.341505
v -0.513280 4.734483 -1.264669
v -0.552382 4.175102 -1.206148
v -0.555570 4.074657 -1.201378
v -0.544895 3.738281 -1.217354
v -0.513280 3.414832 -1.264669
v -0.423673 2.979167 -1.398775
v -0.500000 5.280971 -1.532847
v -0.625792 4.859887 -1.407055
v -0.653281 4.734483 -1.379565
v -0.693520 4.411033 -1.339327
v -0.707107 4.074657 -1.325740
v -0.666077 3.517688 -1.366770
v -0.653281 3.414832 -1.379565
v -0.587938 3.116740 -1.444909
v -0.587938 5.280971 -1.639999
v -0.691342 5.032575 -1.570907
v -0.768178 4.734483 -1.519567
v -0.826699 4.175102 -1.480464
v -0.831469 4.074657 -1.477277
v -0.815493 3.738281 -1.487952
v -0.768178 3.414832 -1.519567
v -0.634072 2.979167 -1.609174
v -0.653281 5.280971 -1.762249
v -0.817637 4.859887 -1.694170
v -0.853553 4.734483 -1.679293
v -0.906127 4.411033 -1.657517
v -0.923879 4.074657 -1.650164
v -0.870272 3.517688 -1.672368
v -0.853553 3.414832 -1.679293
v -0.768178 3.116740 -1.714657
v -0.693520 5.280971 -1.894897
v -0.815493 5.032575 -1.870635
v -0.906127 4.734483 -1.852607
v -0.975158 4.175102 -1.838876
v -0.980785 4.074657 -1.837757
v -0.961939 3.738281 -1.841505
v -0.906127 3.414832 -1.852607
v -0.747939 2.979167 -1.884072
v -0.707107 5.280971 -2.032847
v -0.885003 4.859887 -2.032847
v -0.923879 4.734483 -2.032847
v -0.980785 4.411033 -2.032847
v -0.999999 4.074657 -2.032847
v -0.941975 3.517688 -2.032847
v -0.923879 3.414832 -2.032847
v -0.831469 3.116740 -2.032847
v -0.693520 5.280971 -2.170796
v -0.815493 5.032575 -2.195058
v -0.906127 4.734483 -2.213087
v -0.975158 4.175102 -2.226818
v -0.980785 4.074657 -2.227937
v -0.961939 3.738281 -2.224189
v -0.906127 3.414832 -2.213087
v -0.747939 2.979167 -2.181621
v -0.653281 5.280971 -2.303445
v -0.817637 4.859887 -2.371523
v -0.853553 4.734483 -2.386400
v -0.906127 4.411033 -2.408177
v -0.923879 4.074657 -2.415530
v -0.870272 3.517688 -2.393325
v -0.853553 3.414832 -2.386400
v -0.768177 3.116740 -2.351036
v -0.587938 5.280971 -2.425694
v -0.691341 5.032575 -2.494786
v -0.768178 4.734483 -2.546126
v -0.826699 4.175102 -2.585229
v -0.831469 4.074657 -2.588417
v -0.815493 3.738281 -2.577742
v -0.768178 3.414832 -2.546126
v -0.634072 2.979167 -2.456520
v -0.500000 5.280971 -2.532847
v -0.625792 4.859887 -2.658639
v -0.653281 4.734483 -2.686128
v -0.693520 4.411033 -2.726367
v -0.707106 4.074657 -2.739953
v -0.666077 3.517688 -2.698924
v -0.653281 3.414832 -2.686128
v -0.587937 3.116740 -2.620784
v -0.392847 5.280971 -2.620784
v -0.461939 5.032575 -2.724188
v -0.513280 4.734483 -2.801024
v -0.552382 4.175102 -2.859545
v -0.555569 4.074657 -2.864316
v -0.544895 3.738281 -2.848340
v -0.513280 3.414832 -2.801024
v -0.423673 2.979167 -2.666919
v -0.270598 5.280971 -2.686128
v -0.338676 4.859887 -2.850483
v -0.353553 4.734483 -2.886400
v -0.375330 4.411033 -2.938974
v -0.382683 4.074657 -2.956726
v -0.360478 3.517688 -2.903118
v -0.353553 3.414832 -2.886400
v -0.318189 3.116740 -2.801024
v -0.137950 5.280971 -2.726367
v -0.162211 5.032575 -2.848340
v -0.180240 4.734483 -2.938974
v -0.193971 4.175102 -3.008004
v -0.195090 4.074657 -3.013631
v -0.191341 3.738281 -2.994786
v -0.180240 3.414832 -2.938974
v -0.148774 2.979167 -2.780785
v 0.000000 5.280971 -2.739953
v -0.000000 4.859887 -2.917850
v -0.000000 4.734483 -2.956726
v 0.000000 4.411033 -3.013632
v 0.000000 4.074657 -3.032846
v -0.000000 3.517688 -2.974822
v -0.000000 3.414832 -2.956726
v 0.000000 3.116740 -2.864316
v 0.137950 5.280971 -2.726367
v 0.162212 5.032575 -2.848339
v 0.180240 4.734483 -2.938974
v 0.193971 4.175102 -3.008004
v 0.195091 4.074657 -3.013631
v 0.191342 3.738281 -2.994786
v 0.180240 3.414832 -2.938974
v 0.148774 2.979167 -2.780785
v 0.270598 5.280971 -2.686128
v 0.338676 4.859887 -2.850483
v 0.353553 4.734483 -2.886400
v 0.375330 4.411033 -2.938973
v 0.382683 4.074657 -2.956725
v 0.360478 3.517688 -2.903118
v 0.353553 3.414832 -2.886400
v 0.318190 3.116740 -2.801024
v 0.392847 5.280971 -2.620784
v 0.461940 5.032575 -2.724188
v 0.513280 4.734483 -2.801024
v 0.552382 4.175102 -2.859545
v 0.555570 4.074657 -2.864315
v 0.544895 3.738281 -2.848339
v 0.513280 3.414832 -2.801024
v 0.423673 2.979167 -2.666919
v 0.500000 5.280971 -2.532846
v 0.625792 4.859887 -2.658639
v 0.653281 4.734483 -2.686128
v 0.693520 4.411033 -2.726366
v 0.707106 4.074657 -2.739952
v 0.666077 3.517688 -2.698924
v 0.653281 3.414832 -2.686128
v 0.587938 3.116740 -2.620784
v 0.587938 5.280971 -2.425694
v 0.691341 5.032575 -2.494786
v 0.768177 4.734483 -2.546126
v 0.826699 4.175102 -2.585229
v 0.831469 4.074657 -2.588416
v 0.815493 3.738281 -2.577741
v 0.768177 3.414832 -2.546126
v 0.634072 2.979167 -2.456520
v 0.653281 5.280971 -2.303445
v 0.817637 4.859887 -2.371523
v 0.853553 4.734483 -2.386400
v 0.906127 4.411033 -2.408176
v 0.923879 4.074657 -2.415529
v 0.870272 3.517688 -2.393325
v 0.853553 3.414832 -2.386400
v 0.768177 3.116740 -2.351036
v 0.693520 5.280971 -2.170796
v 0.815493 5.032575 -2.195058
v 0.906127 4.734483 -2.213087
v 0.975158 4.175102 -2.226818
v 0.980784 4.074657 -2.227936
v 0.961939 3.738281 -2.224188
v 0.906127 3.414832 -2.213087
v 0.747939 2.979167 -2.181621
v 0.923879 3.414832 -2.032847
v 0.707107 5.280971 -2.032847
v 0.923879 4.734483 -2.032847
v 1.033016 4.033412 -2.032847
v 0.999608 3.509534 -2.032847
v 0.716417 5.239725 -1.890342
v 0.842417 4.991329 -1.865279
v 0.936044 4.693237 -1.846656
v 1.033887 4.166949 -1.786140
v 1.013167 4.033412 -1.831315
v 0.993699 3.697036 -1.835188
v 0.936044 3.373587 -1.846656
v 0.799166 2.971014 -1.832829
v 0.858921 3.075494 -2.032847
v 0.940756 4.851734 -2.032847
v 1.013167 4.369788 -2.032847
v 0.674850 5.239725 -1.753314
v 0.871165 4.851734 -1.636657
v 0.881734 4.693237 -1.667620
v 0.936044 4.369788 -1.645125
v 0.954382 4.033412 -1.637529
v 0.925538 3.509534 -1.614135
v 0.881734 3.373587 -1.667620
v 0.793540 3.075494 -1.704152
v 0.607349 5.239725 -1.627029
v 0.714167 4.991329 -1.555656
v 0.793540 4.693237 -1.502620
v 0.880526 4.166949 -1.415895
v 0.858921 4.033412 -1.458934
v 0.842417 3.697036 -1.469961
v 0.793540 3.373587 -1.502620
v 0.681539 2.971014 -1.548854
v 0.516508 5.239725 -1.516339
v 0.672986 4.851734 -1.340062
v 0.674850 4.693237 -1.357996
v 0.716417 4.369788 -1.316429
v 0.730452 4.033412 -1.302394
v 0.714601 3.509534 -1.298447
v 0.674850 3.373587 -1.357996
v 0.607349 3.075494 -1.425498
v 0.405818 5.239725 -1.425498
v 0.477191 4.991329 -1.318680
v 0.530226 4.693237 -1.239307
v 0.597153 4.166949 -1.132522
v 0.573913 4.033412 -1.173925
v 0.562885 3.697036 -1.190429
v 0.530226 3.373587 -1.239307
v 0.464194 2.971014 -1.331509
v 0.279532 5.239725 -1.357996
v 0.376391 4.851734 -1.141883
v 0.365226 4.693237 -1.151112
v 0.387722 4.369788 -1.096803
v 0.395318 4.033412 -1.078465
v 0.398913 3.509534 -1.087511
v 0.365226 3.373587 -1.151112
v 0.328695 3.075494 -1.239307
v 0.142504 5.239725 -1.316429
v 0.167567 4.991329 -1.190429
v 0.186191 4.693237 -1.096803
v 0.226908 4.166949 -0.979162
v 0.201531 4.033412 -1.019680
v 0.197659 3.697036 -1.039148
v 0.186191 3.373587 -1.096803
v 0.180219 2.971014 -1.213882
v 0.000000 5.239725 -1.302394
v 0.000000 4.851734 -1.072292
v 0.000000 4.693237 -1.078464
v -0.000000 4.369788 -1.019680
v -0.000000 4.033412 -0.999831
v 0.000000 3.509534 -1.013440
v 0.000000 3.373587 -1.078464
v -0.000000 3.075494 -1.173925
v -0.142504 5.239725 -1.316430
v -0.167567 4.991329 -1.190429
v -0.186191 4.693237 -1.096803
v -0.226908 4.166949 -0.979162
v -0.201532 4.033412 -1.019680
v -0.197659 3.697036 -1.039148
v -0.186191 3.373587 -1.096803
v -0.180219 2.971014 -1.213882
v -0.279532 5.239725 -1.357996
v -0.376391 4.851734 -1.141883
v -0.365226 4.693237 -1.151112
v -0.387722 4.369788 -1.096803
v -0.395318 4.033412 -1.078465
v -0.398913 3.509534 -1.087511
v -0.365226 3.373587 -1.151112
v -0.328695 3.075494 -1.239307
v -0.405818 5.239725 -1.425498
v -0.477191 4.991329 -1.318680
v -0.530226 4.693237 -1.239307
v -0.597153 4.166949 -1.132522
v -0.573913 4.033412 -1.173926
v -0.562885 3.697036 -1.190429
v -0.530226 3.373587 -1.239307
v -0.464194 2.971014 -1.331509
v -0.516508 5.239725 -1.516339
v -0.672986 4.851734 -1.340062
v -0.674850 4.693237 -1.357996
v -0.716417 4.369788 -1.316430
v -0.730453 4.033412 -1.302395
v -0.714601 3.509534 -1.298447
v -0.674850 3.373587 -1.357996
v -0.607349 3.075494 -1.425498
v -0.607349 5.239725 -1.627029
v -0.714167 4.991329 -1.555656
v -0.793540 4.693237 -1.502620
v -0.880526 4.166949 -1.415895
v -0.858921 4.033412 -1.458934
v -0.842417 3.697036 -1.469962
v -0.793540 3.373587 -1.502620
v -0.681539 2.971014 -1.548854
v -0.674850 5.239725 -1.753315
v -0.871165 4.851734 -1.636657
v -0.881734 4.693237 -1.667620
v -0.936044 4.369788 -1.645125
v -0.954382 4.033412 -1.637529
v -0.925538 3.509534 -1.614135
v -0.881734 3.373587 -1.667620
v -0.793540 3.075494 -1.704152
v -0.716417 5.239725 -1.890342
v -0.842417 4.991329 -1.865280
v -0.936044 4.693237 -1.846656
v -1.033887 4.166949 -1.786140
v -1.013166 4.033412 -1.831316
v -0.993699 3.697036 -1.835188
v -0.936044 3.373587 -1.846656
v -0.799166 2.971014 -1.832829
v -0.730453 5.239725 -2.032847
v -0.940756 4.851734 -2.032847
v -0.954382 4.693237 -2.032847
v -1.013167 4.369788 -2.032847
v -1.033015 4.033412 -2.032847
v -0.999608 3.509534 -2.032847
v -0.954382 3.373587 -2.032847
v -0.858921 3.075494 -2.032847
v -0.716417 5.239725 -2.175351
v -0.842417 4.991329 -2.200414
v -0.936044 4.693237 -2.219037
v -1.033887 4.166949 -2.279553
v -1.013166 4.033412 -2.234378
v -0.993699 3.697036 -2.230506
v -0.936044 3.373587 -2.219037
v -0.799166 2.971014 -2.232864
v -0.674850 5.239725 -2.312379
v -0.871165 4.851734 -2.429036
v -0.881734 4.693237 -2.398073
v -0.936044 4.369788 -2.420569
v -0.954382 4.033412 -2.428165
v -0.925538 3.509534 -2.451558
v -0.881734 3.373587 -2.398073
v -0.793540 3.075494 -2.361542
v -0.607349 5.239725 -2.438664
v -0.714167 4.991329 -2.510038
v -0.793540 4.693237 -2.563073
v -0.880526 4.166949 -2.649798
v -0.858921 4.033412 -2.606760
v -0.842417 3.697036 -2.595732
v -0.793540 3.373587 -2.563073
v -0.681539 2.971014 -2.516840
v -0.516508 5.239725 -2.549355
v -0.672986 4.851734 -2.725631
v -0.674850 4.693237 -2.707697
v -0.716417 4.369788 -2.749264
v -0.730452 4.033412 -2.763299
v -0.714601 3.509534 -2.767246
v -0.674850 3.373587 -2.707697
v -0.607349 3.075494 -2.640196
v -0.405818 5.239725 -2.640196
v -0.477191 4.991329 -2.747014
v -0.530226 4.693237 -2.826386
v -0.597153 4.166949 -2.933172
v -0.573912 4.033412 -2.891768
v -0.562885 3.697036 -2.875264
v -0.530226 3.373587 -2.826386
v -0.464194 2.971014 -2.734185
v -0.279532 5.239725 -2.707697
v -0.376391 4.851734 -2.923810
v -0.365226 4.693237 -2.914581
v -0.387722 4.369788 -2.968891
v -0.395317 4.033412 -2.987228
v -0.398913 3.509534 -2.978183
v -0.365226 3.373587 -2.914581
v -0.328695 3.075494 -2.826386
v -0.142504 5.239725 -2.749264
v -0.167567 4.991329 -2.875264
v -0.186191 4.693237 -2.968891
v -0.226908 4.166949 -3.086532
v -0.201531 4.033412 -3.046013
v -0.197659 3.697036 -3.026546
v -0.186191 3.373587 -2.968891
v -0.180219 2.971014 -2.851811
v 0.000000 5.239725 -2.763299
v -0.000000 4.851734 -2.993401
v -0.000000 4.693237 -2.987229
v 0.000000 4.369788 -3.046013
v 0.000000 4.033412 -3.065862
v -0.000000 3.509534 -3.052254
v -0.000000 3.373587 -2.987229
v 0.000000 3.075494 -2.891768
v 0.142504 5.239725 -2.749264
v 0.167567 4.991329 -2.875264
v 0.186191 4.693237 -2.968890
v 0.226908 4.166949 -3.086532
v 0.201532 4.033412 -3.046013
v 0.197659 3.697036 -3.026546
v 0.186191 3.373587 -2.968890
v 0.180219 2.971014 -2.851811
v 0.279532 5.239725 -2.707697
v 0.376391 4.851734 -2.923810
v 0.365226 4.693237 -2.914581
v 0.387722 4.369788 -2.968890
v 0.395318 4.033412 -2.987228
v 0.398913 3.509534 -2.978183
v 0.365226 3.373587 -2.914581
v 0.328695 3.075494 -2.826386
v 0.405818 5.239725 -2.640196
v 0.477191 4.991329 -2.747013
v 0.530226 4.693237 -2.826386
v 0.597153 4.166949 -2.933172
v 0.573913 4.033412 -2.891767
v 0.562885 3.697036 -2.875264
v 0.530226 3.373587 -2.826386
v 0.464194 2.971014 -2.734185
v 0.516508 5.239725 -2.549355
v 0.672986 4.851734 -2.725631
v 0.674850 4.693237 -2.707697
v 0.716417 4.369788 -2.749263
v 0.730452 4.033412 -2.763298
v 0.714601 3.509534 -2.767246
v 0.674850 3.373587 -2.707697
v 0.607349 3.075494 -2.640195
v 0.607349 5.239725 -2.438664
v 0.714167 4.991329 -2.510037
v 0.793540 4.693237 -2.563073
v 0.880526 4.166949 -2.649798
v 0.858921 4.033412 -2.606759
v 0.842417 3.697036 -2.595731
v 0.793540 3.373587 -2.563073
v 0.681539 2.971014 -2.516840
v 0.674850 5.239725 -2.312379
v 0.871165 4.851734 -2.429036
v 0.881734 4.693237 -2.398073
v 0.936044 4.369788 -2.420568
v 0.954381 4.033412 -2.428164
v 0.925538 3.509534 -2.451558
v 0.881734 3.373587 -2.398073
v 0.793539 3.075494 -2.361541
v 0.716417 5.239725 -2.175351
v 0.842417 4.991329 -2.200414
v 0.936044 4.693237 -2.219037
v 1.033887 4.166949 -2.279553
v 1.013166 4.033412 -2.234377
v 0.993699 3.697036 -2.230505
v 0.936044 3.373587 -2.219037
v 0.799166 2.971014 -2.232865
v 0.954382 3.373587 -2.032847
v 0.730452 5.239725 -2.032847
v 0.954382 4.693237 -2.032847
v -0.347597 6.149193 -2.539443
v -0.297136 5.607440 -2.138538
v 0.387772 6.164091 -2.463769
v 0.278508 5.619102 -2.079301
v 0.093428 6.706114 -3.322477
v -0.000000 5.345561 -2.146725
v 0.183531 5.426559 -2.139996
v 0.247724 6.612910 -2.997355
v -0.119960 6.605461 -3.035192
v -0.184153 5.419110 -2.177833
v 0.067828 6.595986 -3.052020
v -0.147920 6.088733 -2.661760
v 0.219764 6.096182 -2.623923
v 0.039606 6.077522 -2.675704
v 0.189604 5.538786 -2.221101
v -0.178081 5.531337 -2.258938
v 0.009269 5.516863 -2.270523
v 0.003086 5.402590 -2.187940
v -0.343193 6.110806 -2.591874
v -0.293133 5.569235 -2.190668
v 0.395676 6.125775 -2.515840
v 0.286736 5.580983 -2.130996
v 0.099409 6.665198 -3.372546
v 0.006242 5.306886 -2.199773
v 0.190914 5.388128 -2.192621
v 0.254461 6.573636 -3.049730
v -0.114314 6.566165 -3.087679
v -0.179122 5.380631 -2.230700
v 0.073962 6.555996 -3.103761
v -0.142742 6.050139 -2.714631
v 0.227009 6.057630 -2.676582
v 0.045848 6.038845 -2.728750
v 0.197109 5.500337 -2.273583
v -0.173198 5.492835 -2.311690
v 0.015512 5.478189 -2.323571
v 0.009328 5.363915 -2.240988
v -0.394892 6.290379 -2.191667
v -0.309120 5.598022 -2.006150
v 0.394891 6.290380 -2.191667
v 0.309120 5.598022 -2.006150
v -0.000000 7.152954 -2.804324
v -0.000000 5.345561 -2.146725
v 0.197446 5.427288 -2.129320
v 0.197445 6.938925 -2.534362
v -0.197446 6.938925 -2.534362
v -0.197446 5.427288 -2.129320
v -0.000000 6.939466 -2.575278
v -0.197446 6.280515 -2.357942
v 0.197446 6.280515 -2.357942
v -0.000000 6.278219 -2.396631
v 0.197446 5.570286 -2.167637
v -0.197446 5.570286 -2.167636
v -0.000000 5.563832 -2.205211
v -0.000000 5.418227 -2.166196
v -0.396771 6.272165 -2.258782
v -0.311388 5.579866 -2.072853
v 0.396771 6.272166 -2.258782
v 0.311388 5.579866 -2.072853
v -0.000000 7.131346 -2.870234
v -0.000000 5.327330 -2.214764
v 0.198708 5.409161 -2.196971
v 0.198031 6.919849 -2.602015
v -0.198032 6.919849 -2.602015
v -0.198708 5.409161 -2.196971
v -0.000000 6.919422 -2.642509
v -0.198556 6.262277 -2.425657
v 0.198555 6.262277 -2.425657
v -0.000000 6.259985 -2.464668
v 0.198854 5.552089 -2.235167
v -0.198854 5.552089 -2.235167
v -0.000000 5.545602 -2.273250
v -0.000000 5.399996 -2.234235
v -0.349250 6.168124 -1.797025
v 0.047827 5.626299 -1.871341
v -0.382453 6.135422 -2.534958
v 0.021835 5.600700 -2.448992
v -1.196576 6.691071 -2.152513
v -0.000000 5.345561 -2.146725
v -0.021445 5.414451 -2.334032
v -0.896263 6.589673 -2.346750
v -0.879661 6.606024 -1.977784
v -0.004843 5.430802 -1.965066
v -0.923703 6.584237 -2.160056
v -0.498625 6.094143 -1.972245
v -0.515226 6.077792 -2.341211
v -0.539750 6.070656 -2.154572
v -0.104201 5.525625 -2.335235
v -0.087600 5.541976 -1.966269
v -0.126319 5.515256 -2.148562
v -0.042054 5.402055 -2.147337
v -0.401192 6.129263 -1.791203
v -0.003760 5.587647 -1.865179
v -0.434553 6.096406 -2.532648
v -0.029942 5.561860 -2.447069
v -1.246375 6.649595 -2.148434
v -0.052817 5.306289 -2.142609
v -0.074014 5.375351 -2.331119
v -0.948477 6.549775 -2.343183
v -0.931826 6.566175 -1.973122
v -0.057306 5.391807 -1.959793
v -0.975191 6.543667 -2.155941
v -0.551112 6.055023 -1.967108
v -0.567806 6.038580 -2.338149
v -0.592565 6.031382 -2.150455
v -0.156647 5.486500 -2.332463
v -0.139927 5.502967 -1.960865
v -0.179136 5.475985 -2.144445
v -0.094870 5.362783 -2.143220
v 0.317474 5.861304 -2.647742
v -0.007738 5.542606 -2.366430
v 0.606233 5.898269 -2.139674
v 0.218301 5.571542 -1.968716
v 1.106515 6.109892 -2.776842
v 0.084645 5.345561 -2.140455
v 0.178278 5.410608 -2.029685
v 0.956788 6.115192 -2.523412
v 0.812409 6.096710 -2.777446
v 0.033898 5.392126 -2.283720
v 0.906294 6.087829 -2.661441
v 0.473320 5.789821 -2.562398
v 0.617700 5.808303 -2.308364
v 0.564975 5.780279 -2.445077
v 0.251924 5.477261 -2.076391
v 0.107544 5.458778 -2.330425
v 0.197057 5.447299 -2.211746
v 0.122069 5.379431 -2.164189
v 0.345228 5.820280 -2.662137
v 0.019678 5.501784 -2.380980
v 0.635361 5.857420 -2.151651
v 0.247377 5.530932 -1.980348
v 1.133053 6.067508 -2.788840
v 0.113564 5.304198 -2.153882
v 0.207494 5.369541 -2.042224
v 0.985403 6.073535 -2.536144
v 0.840595 6.054998 -2.790931
v 0.062191 5.350941 -2.297882
v 0.934111 6.045767 -2.674191
v 0.501661 5.748548 -2.576451
v 0.646852 5.767134 -2.320989
v 0.593892 5.738915 -2.458503
v 0.281103 5.436213 -2.088786
v 0.135694 5.417600 -2.344631
v 0.225977 5.405936 -2.225173
v 0.150988 5.338069 -2.177616
v -0.022718 5.873230 -1.451211
v 0.096551 5.530037 -1.787942
v -0.478598 5.907442 -1.742281
v -0.260310 5.556818 -2.015790
v -0.589879 6.191758 -1.030022
v -0.090709 5.345561 -1.911293
v -0.211319 5.408535 -1.967265
v -0.579817 6.165946 -1.301090
v -0.351877 6.148840 -1.155555
v 0.016621 5.391429 -1.821730
v -0.479758 6.143690 -1.208146
v -0.191374 5.818942 -1.445715
v -0.419314 5.836048 -1.591250
v -0.318068 5.812873 -1.500273
v -0.246178 5.480185 -1.904246
v -0.018238 5.463079 -1.758711
v -0.143919 5.454926 -1.815101
v -0.108424 5.381970 -1.879269
v -0.041526 5.839345 -1.423335
v 0.078099 5.496311 -1.760106
v -0.499576 5.873720 -1.715790
v -0.281382 5.523289 -1.989627
v -0.608845 6.156355 -1.004479
v -0.110912 5.311431 -1.883664
v -0.232135 5.374654 -1.940259
v -0.600097 6.131473 -1.274127
v -0.371481 6.114316 -1.128160
v -0.002737 5.357439 -1.793793
v -0.499410 6.108762 -1.181472
v -0.210825 5.784870 -1.417837
v -0.440046 5.802073 -1.564190
v -0.338269 5.778741 -1.472645
v -0.267026 5.446310 -1.877374
v -0.037461 5.429082 -1.730801
v -0.164121 5.420796 -1.787472
v -0.128626 5.347840 -1.851640
v -0.570043 5.892141 -2.004976
v -0.252907 5.526631 -1.946730
v -0.345276 5.925803 -2.487361
v -0.076960 5.552982 -2.324339
v -1.030791 6.259630 -2.488749
v -0.171950 5.345561 -2.152359
v -0.128840 5.408810 -2.275224
v -0.767954 6.214816 -2.516773
v -0.880337 6.197985 -2.275581
v -0.241223 5.391979 -2.034031
v -0.846648 6.195012 -2.407457
v -0.601964 5.846920 -2.170371
v -0.489581 5.863751 -2.411564
v -0.566275 5.842855 -2.301391
v -0.189299 5.485056 -2.298074
v -0.301683 5.468225 -2.056881
v -0.264235 5.461944 -2.187237
v -0.202673 5.384306 -2.163970
v -0.602210 5.861731 -2.020684
v -0.284975 5.496358 -1.962091
v -0.376373 5.895553 -2.505364
v -0.107738 5.522902 -2.342472
v -1.060827 6.227574 -2.504981
v -0.204082 5.314955 -2.169466
v -0.160430 5.378432 -2.293005
v -0.799475 6.183830 -2.534060
v -0.912192 6.166949 -2.292152
v -0.273532 5.361494 -2.050270
v -0.877838 6.163532 -2.424186
v -0.634234 5.816356 -2.186712
v -0.521218 5.833281 -2.429260
v -0.598405 5.812248 -2.318498
v -0.220762 5.454677 -2.315905
v -0.333946 5.437726 -2.072992
v -0.296367 5.431338 -2.204345
v -0.234805 5.353701 -2.181078
v -0.187285 6.245887 -2.599470
v -0.301393 5.596351 -2.305846
v 0.369885 6.295744 -2.041946
v 0.134758 5.635378 -1.869419
v 0.578179 7.029099 -2.875088
v -0.000000 5.345561 -2.146725
v 0.132159 5.441279 -2.007660
v 0.513404 6.871245 -2.516537
v 0.234819 6.846317 -2.795299
v -0.146426 5.416351 -2.286422
v 0.403028 6.853128 -2.684312
v 0.068763 6.223479 -2.573652
v 0.347348 6.248407 -2.294890
v 0.235223 6.227829 -2.460695
v 0.168224 5.576551 -2.055799
v -0.110361 5.551623 -2.334561
v 0.055050 5.552040 -2.220204
v 0.018327 5.414301 -2.171188
v -0.142381 6.217653 -2.644483
v -0.257051 5.568213 -2.350858
v 0.417441 6.267747 -2.084306
v 0.182301 5.607526 -1.911227
v 0.623345 6.997818 -2.917427
v 0.046881 5.317288 -2.191048
v 0.179664 5.413248 -2.050839
v 0.560372 6.842235 -2.560052
v 0.280961 6.817233 -2.839641
v -0.100703 5.388160 -2.331384
v 0.449225 6.823190 -2.727802
v 0.114633 6.195179 -2.618534
v 0.394783 6.220247 -2.338205
v 0.282103 6.199554 -2.505017
v 0.215741 5.548479 -2.098782
v -0.064830 5.523373 -2.379531
v 0.101930 5.523767 -2.264527
v 0.065208 5.386029 -2.215510
v 0.473228 6.150651 -2.569249
v 0.004030 5.609807 -2.477195
v 0.414697 6.209853 -1.783867
v -0.041788 5.656151 -1.862401
v 1.364428 6.701083 -2.147220
v -0.000000 5.345561 -2.146725
v 0.004581 5.441547 -1.955068
v 1.015111 6.636418 -1.969827
v 1.044377 6.606817 -2.362518
v 0.033847 5.411946 -2.347759
v 1.066848 6.604842 -2.162143
v 0.604230 6.086378 -2.356089
v 0.574964 6.115979 -1.963398
v 0.623483 6.082779 -2.155832
v 0.100176 5.554580 -1.956464
v 0.129442 5.524979 -2.349155
v 0.145915 5.518093 -2.148856
v 0.048577 5.402999 -2.147435
v 0.526074 6.105734 -2.563815
v 0.056558 5.565088 -2.472191
v 0.467264 6.165218 -1.774694
v 0.010404 5.611772 -1.852884
v 1.414600 6.653749 -2.139913
v 0.053531 5.300379 -2.139330
v 0.057714 5.396718 -1.946459
v 1.067891 6.590680 -1.961856
v 1.097243 6.560991 -2.355713
v 0.087167 5.366927 -2.341661
v 1.118878 6.558363 -2.154761
v 0.657549 6.041244 -2.349830
v 0.628119 6.071011 -1.954931
v 0.677012 6.037596 -2.148436
v 0.153159 5.509749 -1.947720
v 0.182633 5.479937 -2.343211
v 0.199446 5.472912 -2.141461
v 0.102109 5.357818 -2.140040
v -0.376907 5.931307 -2.597035
v -0.269208 5.542877 -2.252470
v 0.201131 5.967930 -2.630339
v 0.183278 5.571545 -2.278540
v -0.150324 6.312870 -3.297915
v -0.030116 5.345561 -2.275225
v 0.109758 5.413979 -2.298851
v 0.011678 6.270729 -3.059044
v -0.277341 6.252418 -3.042392
v -0.179261 5.395667 -2.282199
v -0.133558 6.248455 -3.077753
v -0.234621 5.879251 -2.711282
v 0.054397 5.897562 -2.727934
v -0.090629 5.874164 -2.744253
v 0.100479 5.495026 -2.370764
v -0.188539 5.476714 -2.354112
v -0.044278 5.469271 -2.384993
v -0.034830 5.386745 -2.311768
v -0.378321 5.897190 -2.635056
v -0.270904 5.508916 -2.290223
v 0.202468 5.933987 -2.668518
v 0.184903 5.537795 -2.316484
v -0.150138 6.277014 -3.334114
v -0.030169 5.311216 -2.313925
v 0.110628 5.379888 -2.337384
v 0.012110 6.235985 -3.097239
v -0.277766 6.217619 -3.080538
v -0.180239 5.361460 -2.320626
v -0.133489 6.213188 -3.115330
v -0.235481 5.844956 -2.749721
v 0.055162 5.863370 -2.766466
v -0.090683 5.839817 -2.782952
v 0.101463 5.460936 -2.409201
v -0.189617 5.442493 -2.392430
v -0.044331 5.434926 -2.423693
v -0.034884 5.352401 -2.350469
v 0.525805 5.856931 -1.934789
v 0.265854 5.522944 -2.070251
v 0.200184 5.887622 -1.575083
v 0.010959 5.546968 -1.788674
v 0.796392 6.193463 -1.390010
v 0.140338 5.357891 -1.912607
v 0.069621 5.415587 -1.817273
v 0.559967 6.152064 -1.436226
v 0.722778 6.136719 -1.616079
v 0.232431 5.400242 -1.997126
v 0.657961 6.134069 -1.510256
v 0.509202 5.815938 -1.782048
v 0.346391 5.831284 -1.602196
v 0.442875 5.812288 -1.677506
v 0.116007 5.485257 -1.781227
v 0.278817 5.469912 -1.961080
v 0.211141 5.464235 -1.857586
v 0.163909 5.393295 -1.894289
v 0.549655 5.829291 -1.912404
v 0.289711 5.495428 -2.048193
v 0.222484 5.860127 -1.550986
v 0.032946 5.519629 -1.764551
v 0.818247 6.164319 -1.367738
v 0.163781 5.330075 -1.889011
v 0.092410 5.387978 -1.793237
v 0.582831 6.123900 -1.412639
v 0.746125 6.108510 -1.593025
v 0.256261 5.372535 -1.974240
v 0.680687 6.105453 -1.487241
v 0.532971 5.788159 -1.759084
v 0.369246 5.803590 -1.578221
v 0.466317 5.784470 -1.653912
v 0.138672 5.457645 -1.757182
v 0.302643 5.442191 -1.938317
v 0.234584 5.436418 -1.833990
v 0.187353 5.365478 -1.870694
v -0.062370 6.174639 -1.545341
v 0.172005 5.605119 -1.800816
v -0.472991 6.174639 -2.148238
v -0.149428 5.605119 -2.272762
v -0.895682 6.789098 -1.419071
v -0.040045 5.345561 -2.001827
v -0.146739 5.422583 -2.149801
v -0.755816 6.666025 -1.734971
v -0.550506 6.666025 -1.433522
v 0.058571 5.422583 -1.848352
v -0.683347 6.656310 -1.563687
v -0.285215 6.124430 -1.614206
v -0.490526 6.124430 -1.915655
v -0.415836 6.112748 -1.745883
v -0.204357 5.540210 -2.110559
v 0.000954 5.540210 -1.809110
v -0.127992 5.525107 -1.941928
v -0.069324 5.405334 -1.981886
v -0.106975 6.141715 -1.512861
v 0.127893 5.572351 -1.768237
v -0.519550 6.141715 -2.118628
v -0.195899 5.572351 -2.243647
v -0.939679 6.753456 -1.389105
v -0.086302 5.312392 -1.970322
v -0.193390 5.389603 -2.119439
v -0.801921 6.632201 -1.704225
v -0.596001 6.632201 -1.401882
v 0.013234 5.389603 -1.816063
v -0.728638 6.621730 -1.532840
v -0.330657 6.091335 -1.582016
v -0.537121 6.091335 -1.885160
v -0.462093 6.079576 -1.714379
v -0.250979 5.507198 -2.080378
v -0.044205 5.507198 -1.776780
v -0.174249 5.491938 -1.910423
v -0.115581 5.372166 -1.950381
v 0.363286 6.000582 -1.629885
v 0.363887 5.490934 -2.073760
v -0.366443 5.986304 -1.748243
v -0.207342 5.479757 -2.166411
v -0.149600 6.471174 -0.834085
v 0.080899 5.215327 -2.103708
v -0.105958 5.287731 -2.115177
v -0.280299 6.397069 -1.174120
v 0.084565 6.404209 -1.114941
v 0.258906 5.294870 -2.055998
v -0.103116 6.384442 -1.110213
v 0.160501 5.921024 -1.524829
v -0.204363 5.913885 -1.584008
v -0.026666 5.899774 -1.523089
v -0.122451 5.392673 -2.026155
v 0.242414 5.399812 -1.966976
v 0.055726 5.375509 -1.967825
v 0.072519 5.268655 -2.058470
v 0.357963 5.957947 -1.580936
v 0.358972 5.448524 -2.025074
v -0.375238 5.943602 -1.699858
v -0.216449 5.437265 -2.118404
v -0.156229 6.426135 -0.787777
v 0.073725 5.172268 -2.054279
v -0.114259 5.244895 -2.066219
v -0.287897 6.353445 -1.125437
v 0.078050 6.360605 -1.066082
v 0.252939 5.252079 -2.006661
v -0.110041 6.340184 -1.062180
v 0.154394 5.878111 -1.475505
v -0.212521 5.870932 -1.535017
v -0.033841 5.856712 -1.473662
v -0.130864 5.349823 -1.977347
v 0.236602 5.357014 -1.917746
v 0.048551 5.332451 -1.918395
v 0.065344 5.225595 -2.009041
v 0.154451 5.345561 -2.032847
v 0.154451 6.572004 -2.032847
v 0.151484 5.345561 -2.002715
v 0.151484 6.572004 -2.002715
v 0.142694 5.345561 -1.973741
v 0.142694 6.572004 -1.973741
v 0.128422 5.345561 -1.947038
v 0.128422 6.572004 -1.947038
v 0.109214 5.345561 -1.923633
v 0.109214 6.572004 -1.923633
v 0.085809 5.345561 -1.904425
v 0.085809 6.572004 -1.904425
v 0.059106 5.345561 -1.890152
v 0.059106 6.572004 -1.890152
v 0.030132 5.345561 -1.881363
v 0.030132 6.572004 -1.881363
v 0.000000 5.345561 -1.878395
v -0.000000 6.572004 -1.878395
v -0.030132 5.345561 -1.881363
v -0.030132 6.572004 -1.881363
v -0.059106 5.345561 -1.890152
v -0.059106 6.572004 -1.890152
v -0.085809 5.345561 -1.904425
v -0.085809 6.572004 -1.904425
v -0.109214 5.345561 -1.923633
v -0.109214 6.572004 -1.923633
v -0.128422 5.345561 -1.947038
v -0.128422 6.572004 -1.947038
v -0.142694 5.345561 -1.973741
v -0.142694 6.572004 -1.973741
v -0.151484 5.345561 -2.002715
v -0.151484 6.572004 -2.002715
v -0.154451 5.345561 -2.032847
v -0.154451 6.572004 -2.032847
v -0.151484 5.345561 -2.062979
v -0.151484 6.572004 -2.062979
v -0.142694 5.345561 -2.091953
v -0.142694 6.572004 -2.091953
v -0.128422 5.345561 -2.118655
v -0.128422 6.572004 -2.118655
v -0.109214 5.345561 -2.142060
v -0.109214 6.572004 -2.142060
v -0.085809 5.345561 -2.161268
v -0.085809 6.572004 -2.161268
v -0.059106 5.345561 -2.175541
v -0.059106 6.572004 -2.175541
v -0.030132 5.345561 -2.184330
v -0.030132 6.572004 -2.184330
v 0.000000 5.345561 -2.187298
v -0.000000 6.572004 -2.187298
v 0.030132 5.345561 -2.184330
v 0.030132 6.572004 -2.184330
v 0.059106 5.345561 -2.175541
v 0.059106 6.572004 -2.175541
v 0.085809 5.345561 -2.161268
v 0.085809 6.572004 -2.161268
v 0.109214 5.345561 -2.142060
v 0.109214 6.572004 -2.142060
v 0.128422 5.345561 -2.118655
v 0.128422 6.572004 -2.118655
v 0.142694 5.345561 -2.091953
v 0.142694 6.572004 -2.091953
v 0.151484 5.345561 -2.062979
v 0.151484 6.572004 -2.062979
v -0.000000 7.014575 -1.432847
v 0.100000 7.014575 -1.459642
v 0.173205 7.014575 -1.532847
v 0.200000 7.014575 -1.632847
v 0.173205 7.014575 -1.732847
v 0.100000 7.014575 -1.806052
v -0.000000 7.014575 -1.832847
v -0.100000 7.014575 -1.806052
v -0.173205 7.014575 -1.732846
v -0.200000 7.014575 -1.632847
v -0.173205 7.014575 -1.532847
v -0.100000 7.014575 -1.459642
v -0.000000 6.936259 -1.437980
v 0.100000 6.939757 -1.464545
v 0.173205 6.949312 -1.537124
v 0.200000 6.962365 -1.636269
v 0.173205 6.975417 -1.735413
v 0.100000 6.984972 -1.807992
v -0.000000 6.988470 -1.834558
v -0.100000 6.984972 -1.807992
v -0.173205 6.975417 -1.735413
v -0.200000 6.962365 -1.636269
v -0.173205 6.949312 -1.537124
v -0.100000 6.939756 -1.464545
v -0.000000 6.859284 -1.453291
v 0.100000 6.866219 -1.479173
v 0.173205 6.885166 -1.549884
v 0.200000 6.911047 -1.646476
v 0.173205 6.936930 -1.743069
v 0.100000 6.955876 -1.813780
v -0.000000 6.962811 -1.839661
v -0.100000 6.955876 -1.813780
v -0.173205 6.936930 -1.743069
v -0.200000 6.911047 -1.646476
v -0.173205 6.885165 -1.549884
v -0.100000 6.866219 -1.479173
v -0.000000 6.784966 -1.478519
v 0.100000 6.795219 -1.503274
v 0.173205 6.823234 -1.570907
v 0.200000 6.861502 -1.663295
v 0.173205 6.899770 -1.755683
v 0.100000 6.927785 -1.823315
v -0.000000 6.938038 -1.848071
v -0.100000 6.927784 -1.823315
v -0.173205 6.899770 -1.755683
v -0.200000 6.861502 -1.663295
v -0.173205 6.823234 -1.570907
v -0.100000 6.795219 -1.503274
v -0.000000 6.714575 -1.513231
v 0.100000 6.727973 -1.536437
v 0.173205 6.764575 -1.599834
v 0.200000 6.814575 -1.686436
v 0.173205 6.864575 -1.773039
v 0.100000 6.901178 -1.836437
v -0.000000 6.914575 -1.859642
v -0.100000 6.901178 -1.836437
v -0.173205 6.864575 -1.773039
v -0.200000 6.814575 -1.686437
v -0.173205 6.764575 -1.599834
v -0.100000 6.727973 -1.536437
v -0.000000 6.649319 -1.556835
v 0.100000 6.665630 -1.578092
v 0.173205 6.710195 -1.636170
v 0.200000 6.771070 -1.715505
v 0.173205 6.831947 -1.794841
v 0.100000 6.876512 -1.852918
v -0.000000 6.892823 -1.874176
v -0.100000 6.876512 -1.852918
v -0.173205 6.831947 -1.794841
v -0.200000 6.771070 -1.715505
v -0.173205 6.710195 -1.636170
v -0.100000 6.665630 -1.578092
v -0.000000 6.590311 -1.608583
v 0.100000 6.609258 -1.627529
v 0.173205 6.661022 -1.679293
v 0.200000 6.731732 -1.750004
v 0.173205 6.802444 -1.820715
v 0.100000 6.854207 -1.872478
v -0.000000 6.873154 -1.891425
v -0.100000 6.854207 -1.872478
v -0.173205 6.802444 -1.820715
v -0.200000 6.731732 -1.750004
v -0.173205 6.661022 -1.679293
v -0.100000 6.609258 -1.627529
v -0.000000 6.538564 -1.667590
v 0.100000 6.559821 -1.683901
v 0.173205 6.617899 -1.728466
v 0.200000 6.697234 -1.789342
v 0.173205 6.776569 -1.850218
v 0.100000 6.834647 -1.894783
v -0.000000 6.855905 -1.911094
v -0.100000 6.834647 -1.894783
v -0.173205 6.776569 -1.850218
v -0.200000 6.697234 -1.789342
v -0.173205 6.617899 -1.728466
v -0.100000 6.559821 -1.683901
v -0.000000 6.494960 -1.732847
v 0.100000 6.518165 -1.746244
v 0.173205 6.581563 -1.782847
v 0.200000 6.668165 -1.832847
v 0.173205 6.754767 -1.882847
v 0.100000 6.818165 -1.919449
v -0.000000 6.841371 -1.932847
v -0.100000 6.818165 -1.919449
v -0.173205 6.754767 -1.882847
v -0.200000 6.668165 -1.832847
v -0.173205 6.581563 -1.782847
v -0.100000 6.518165 -1.746244
v -0.000000 6.460248 -1.803236
v 0.100000 6.485003 -1.813490
v 0.173205 6.552636 -1.841505
v 0.200000 6.645023 -1.879773
v 0.173205 6.737411 -1.918041
v 0.100000 6.805044 -1.946056
v -0.000000 6.829800 -1.956310
v -0.100000 6.805044 -1.946056
v -0.173205 6.737411 -1.918041
v -0.200000 6.645023 -1.879773
v -0.173205 6.552636 -1.841505
v -0.100000 6.485003 -1.813490
v -0.000000 6.435020 -1.877555
v 0.100000 6.460902 -1.884490
v 0.173205 6.531612 -1.903437
v 0.200000 6.628205 -1.929319
v 0.173205 6.724797 -1.955201
v 0.100000 6.795508 -1.974148
v -0.000000 6.821390 -1.981083
v -0.100000 6.795508 -1.974148
v -0.173205 6.724797 -1.955201
v -0.200000 6.628205 -1.929319
v -0.173205 6.531612 -1.903437
v -0.100000 6.460902 -1.884490
v -0.000000 6.419708 -1.954531
v 0.100000 6.446274 -1.958028
v 0.173205 6.518853 -1.967584
v 0.200000 6.617997 -1.980636
v 0.173205 6.717142 -1.993689
v 0.100000 6.789721 -2.003244
v -0.000000 6.816286 -2.006742
v -0.100000 6.789721 -2.003244
v -0.173205 6.717142 -1.993689
v -0.200000 6.617997 -1.980636
v -0.173205 6.518853 -1.967584
v -0.100000 6.446274 -1.958029
v -0.000000 6.414576 -2.032846
v 0.100000 6.441370 -2.032846
v 0.173205 6.514575 -2.032847
v 0.200000 6.614575 -2.032847
v 0.173205 6.714575 -2.032847
v 0.100000 6.787780 -2.032846
v -0.000000 6.814575 -2.032846
v -0.100000 6.787780 -2.032847
v -0.173205 6.714575 -2.032846
v -0.200000 6.614575 -2.032846
v -0.173205 6.514575 -2.032846
v -0.100000 6.441370 -2.032846
v -0.000000 6.419708 -2.111162
v 0.100000 6.446274 -2.107665
v 0.173205 6.518853 -2.098110
v 0.200000 6.617997 -2.085057
v 0.173205 6.717142 -2.072005
v 0.100000 6.789721 -2.062449
v -0.000000 6.816286 -2.058952
v -0.100000 6.789721 -2.062449
v -0.173205 6.717142 -2.072004
v -0.200000 6.617997 -2.085057
v -0.173205 6.518853 -2.098110
v -0.100000 6.446274 -2.107665
v -0.000000 6.435020 -2.188138
v 0.100000 6.460902 -2.181203
v 0.173205 6.531612 -2.162256
v 0.200000 6.628205 -2.136374
v 0.173205 6.724797 -2.110492
v 0.100000 6.795508 -2.091545
v -0.000000 6.821390 -2.084610
v -0.100000 6.795508 -2.091545
v -0.173205 6.724797 -2.110492
v -0.200000 6.628205 -2.136374
v -0.173205 6.531612 -2.162256
v -0.100000 6.460902 -2.181203
v -0.000000 6.460248 -2.262457
v 0.100000 6.485003 -2.252203
v 0.173205 6.552636 -2.224188
v 0.200000 6.645023 -2.185920
v 0.173205 6.737411 -2.147652
v 0.100000 6.805044 -2.119637
v -0.000000 6.829800 -2.109383
v -0.100000 6.805044 -2.119637
v -0.173205 6.737411 -2.147652
v -0.200000 6.645023 -2.185920
v -0.173205 6.552636 -2.224188
v -0.100000 6.485003 -2.252203
v -0.000000 6.494960 -2.332846
v 0.100000 6.518165 -2.319449
v 0.173205 6.581563 -2.282846
v 0.200000 6.668165 -2.232846
v 0.173205 6.754767 -2.182847
v 0.100000 6.818165 -2.146244
v -0.000000 6.841370 -2.132847
v -0.100000 6.818165 -2.146244
v -0.173205 6.754767 -2.182847
v -0.200000 6.668165 -2.232846
v -0.173205 6.581563 -2.282846
v -0.100000 6.518165 -2.319449
v -0.000000 6.538564 -2.398103
v 0.100000 6.559821 -2.381792
v 0.173205 6.617899 -2.337227
v 0.200000 6.697234 -2.276351
v 0.173205 6.776569 -2.215475
v 0.100000 6.834646 -2.170911
v -0.000000 6.855905 -2.154599
v -0.100000 6.834646 -2.170911
v -0.173205 6.776569 -2.215475
v -0.200000 6.697234 -2.276351
v -0.173205 6.617899 -2.337227
v -0.100000 6.559821 -2.381792
v -0.000000 6.590311 -2.457111
v 0.100000 6.609258 -2.438164
v 0.173205 6.661022 -2.386400
v 0.200000 6.731732 -2.315689
v 0.173205 6.802444 -2.244979
v 0.100000 6.854207 -2.193215
v -0.000000 6.873154 -2.174268
v -0.100000 6.854207 -2.193215
v -0.173205 6.802444 -2.244979
v -0.200000 6.731732 -2.315689
v -0.173205 6.661022 -2.386400
v -0.100000 6.609258 -2.438164
v -0.000000 6.649319 -2.508858
v 0.100000 6.665630 -2.487601
v 0.173205 6.710195 -2.429523
v 0.200000 6.771070 -2.350188
v 0.173205 6.831947 -2.270853
v 0.100000 6.876512 -2.212775
v -0.000000 6.892823 -2.191517
v -0.100000 6.876512 -2.212775
v -0.173205 6.831947 -2.270853
v -0.200000 6.771070 -2.350188
v -0.173205 6.710195 -2.429523
v -0.100000 6.665630 -2.487601
v -0.000000 6.714575 -2.552462
v 0.100000 6.727973 -2.529257
v 0.173205 6.764575 -2.465859
v 0.200000 6.814575 -2.379257
v 0.173205 6.864575 -2.292654
v 0.100000 6.901177 -2.229257
v -0.000000 6.914575 -2.206052
v -0.100000 6.901177 -2.229257
v -0.173205 6.864575 -2.292654
v -0.200000 6.814575 -2.379257
v -0.173205 6.764575 -2.465859
v -0.100000 6.727973 -2.529257
v -0.000000 6.784966 -2.587174
v 0.100000 6.795219 -2.562419
v 0.173205 6.823234 -2.494786
v 0.200000 6.861502 -2.402398
v 0.173205 6.899770 -2.310010
v 0.100000 6.927785 -2.242378
v -0.000000 6.938038 -2.217623
v -0.100000 6.927785 -2.242378
v -0.173205 6.899770 -2.310010
v -0.200000 6.861502 -2.402398
v -0.173205 6.823234 -2.494786
v -0.100000 6.795219 -2.562419
v -0.000000 6.859283 -2.612402
v 0.100000 6.866219 -2.586520
v 0.173205 6.885166 -2.515810
v 0.200000 6.911047 -2.419217
v 0.173205 6.936930 -2.322624
v 0.100000 6.955876 -2.251914
v -0.000000 6.962811 -2.226032
v -0.100000 6.955876 -2.251914
v -0.173205 6.936930 -2.322624
v -0.200000 6.911047 -2.419217
v -0.173205 6.885166 -2.515810
v -0.100000 6.866219 -2.586520
v -0.000000 6.936259 -2.627713
v 0.100000 6.939756 -2.601148
v 0.173205 6.949312 -2.528569
v 0.200000 6.962365 -2.429424
v 0.173205 6.975417 -2.330280
v 0.100000 6.984972 -2.257701
v -0.000000 6.988470 -2.231135
v -0.100000 6.984972 -2.257701
v -0.173205 6.975417 -2.330280
v -0.200000 6.962365 -2.429425
v -0.173205 6.949312 -2.528569
v -0.100000 6.939756 -2.601148
v -0.000000 7.014575 -2.632846
v 0.100000 7.014575 -2.606052
v 0.173205 7.014575 -2.532846
v 0.200000 7.014575 -2.432847
v 0.173205 7.014575 -2.332847
v 0.100000 7.014575 -2.259641
v -0.000000 7.014575 -2.232846
v -0.100000 7.014575 -2.259641
v -0.173205 7.014575 -2.332847
v -0.200000 7.014575 -2.432847
v -0.173205 7.014575 -2.532846
v -0.100000 7.014575 -2.606051
v -0.000000 7.092891 -2.627713
v 0.100000 7.089394 -2.601148
v 0.173205 7.079838 -2.528569
v 0.200000 7.066786 -2.429425
v 0.173205 7.053733 -2.330280
v 0.100000 7.044178 -2.257701
v -0.000000 7.040680 -2.231136
v -0.100000 7.044178 -2.257701
v -0.173205 7.053733 -2.330280
v -0.200000 7.066786 -2.429424
v -0.173205 7.079838 -2.528569
v -0.100000 7.089394 -2.601148
v -0.000000 7.169867 -2.612402
v 0.100000 7.162931 -2.586520
v 0.173205 7.143985 -2.515810
v 0.200000 7.118103 -2.419217
v 0.173205 7.092221 -2.322624
v 0.100000 7.073274 -2.251914
v -0.000000 7.066339 -2.226032
v -0.100000 7.073274 -2.251914
v -0.173205 7.092221 -2.322624
v -0.200000 7.118103 -2.419217
v -0.173205 7.143985 -2.515810
v -0.100000 7.162931 -2.586520
v -0.000000 7.244185 -2.587174
v 0.100000 7.233932 -2.562419
v 0.173205 7.205917 -2.494787
v 0.200000 7.167648 -2.402398
v 0.173205 7.129380 -2.310010
v 0.100000 7.101366 -2.242378
v -0.000000 7.091112 -2.217623
v -0.100000 7.101366 -2.242378
v -0.173205 7.129380 -2.310010
v -0.200000 7.167648 -2.402398
v -0.173205 7.205916 -2.494786
v -0.100000 7.233931 -2.562419
v -0.000000 7.314575 -2.552462
v 0.100000 7.301178 -2.529257
v 0.173205 7.264575 -2.465859
v 0.200000 7.214575 -2.379257
v 0.173205 7.164576 -2.292654
v 0.100000 7.127973 -2.229257
v -0.000000 7.114575 -2.206052
v -0.100000 7.127973 -2.229257
v -0.173205 7.164575 -2.292654
v -0.200000 7.214575 -2.379257
v -0.173205 7.264575 -2.465859
v -0.100000 7.301178 -2.529257
v -0.000000 7.379832 -2.508858
v 0.100000 7.363520 -2.487601
v 0.173205 7.318956 -2.429523
v 0.200000 7.258080 -2.350188
v 0.173205 7.197204 -2.270853
v 0.100000 7.152639 -2.212775
v -0.000000 7.136328 -2.191517
v -0.100000 7.152639 -2.212775
v -0.173205 7.197204 -2.270853
v -0.200000 7.258080 -2.350188
v -0.173205 7.318955 -2.429523
v -0.100000 7.363520 -2.487601
v -0.000000 7.438839 -2.457111
v 0.100000 7.419892 -2.438164
v 0.173205 7.368128 -2.386400
v 0.200000 7.297418 -2.315689
v 0.173205 7.226707 -2.244979
v 0.100000 7.174943 -2.193215
v -0.000000 7.155996 -2.174268
v -0.100000 7.174943 -2.193215
v -0.173205 7.226707 -2.244979
v -0.200000 7.297418 -2.315689
v -0.173205 7.368128 -2.386400
v -0.100000 7.419892 -2.438164
v -0.000000 7.490587 -2.398104
v 0.100000 7.469329 -2.381792
v 0.173205 7.411252 -2.337227
v 0.200000 7.331916 -2.276351
v 0.173205 7.252581 -2.215475
v 0.100000 7.194504 -2.170911
v -0.000000 7.173245 -2.154599
v -0.100000 7.194504 -2.170911
v -0.173205 7.252581 -2.215475
v -0.200000 7.331916 -2.276351
v -0.173205 7.411251 -2.337227
v -0.100000 7.469329 -2.381792
v -0.000000 7.534190 -2.332846
v 0.100000 7.510985 -2.319449
v 0.173205 7.447588 -2.282846
v 0.200000 7.360986 -2.232846
v 0.173205 7.274383 -2.182847
v 0.100000 7.210985 -2.146244
v -0.000000 7.187780 -2.132847
v -0.100000 7.210985 -2.146244
v -0.173205 7.274383 -2.182847
v -0.200000 7.360986 -2.232846
v -0.173205 7.447588 -2.282846
v -0.100000 7.510985 -2.319449
v -0.000000 7.568903 -2.262457
v 0.100000 7.544147 -2.252203
v 0.173205 7.476515 -2.224188
v 0.200000 7.384127 -2.185920
v 0.173205 7.291739 -2.147652
v 0.100000 7.224106 -2.119637
v -0.000000 7.199351 -2.109383
v -0.100000 7.224106 -2.119637
v -0.173205 7.291739 -2.147652
v -0.200000 7.384127 -2.185920
v -0.173205 7.476515 -2.224188
v -0.100000 7.544147 -2.252203
v -0.000000 7.594131 -2.188138
v 0.100000 7.568249 -2.181203
v 0.173205 7.497538 -2.162256
v 0.200000 7.400946 -2.136374
v 0.173205 7.304353 -2.110492
v 0.100000 7.233643 -2.091546
v -0.000000 7.207760 -2.084610
v -0.100000 7.233643 -2.091545
v -0.173205 7.304353 -2.110492
v -0.200000 7.400946 -2.136374
v -0.173205 7.497538 -2.162256
v -0.100000 7.568249 -2.181203
v -0.000000 7.609442 -2.111163
v 0.100000 7.582876 -2.107665
v 0.173205 7.510298 -2.098110
v 0.200000 7.411153 -2.085057
v 0.173205 7.312009 -2.072005
v 0.100000 7.239430 -2.062449
v -0.000000 7.212864 -2.058952
v -0.100000 7.239429 -2.062449
v -0.173205 7.312009 -2.072005
v -0.200000 7.411153 -2.085057
v -0.173205 7.510298 -2.098110
v -0.100000 7.582876 -2.107665
v -0.000000 7.614575 -2.032846
v 0.100000 7.587780 -2.032846
v 0.173205 7.514575 -2.032846
v 0.200000 7.414575 -2.032847
v 0.173205 7.314575 -2.032847
v 0.100000 7.241370 -2.032847
v -0.000000 7.214575 -2.032846
v -0.100000 7.241370 -2.032847
v -0.173205 7.314575 -2.032846
v -0.200000 7.414575 -2.032846
v -0.173205 7.514575 -2.032846
v -0.100000 7.587780 -2.032846
v -0.000000 7.609442 -1.954531
v 0.100000 7.582876 -1.958028
v 0.173205 7.510298 -1.967584
v 0.200000 7.411153 -1.980636
v 0.173205 7.312009 -1.993689
v 0.100000 7.239430 -2.003244
v -0.000000 7.212864 -2.006742
v -0.100000 7.239430 -2.003244
v -0.173205 7.312009 -1.993689
v -0.200000 7.411153 -1.980636
v -0.173205 7.510298 -1.967584
v -0.100000 7.582876 -1.958028
v -0.000000 7.594131 -1.877555
v 0.100000 7.568249 -1.884490
v 0.173205 7.497539 -1.903437
v 0.200000 7.400946 -1.929319
v 0.173205 7.304353 -1.955201
v 0.100000 7.233643 -1.974148
v -0.000000 7.207760 -1.981083
v -0.100000 7.233643 -1.974148
v -0.173205 7.304353 -1.955201
v -0.200000 7.400946 -1.929319
v -0.173205 7.497538 -1.903437
v -0.100000 7.568249 -1.884490
v -0.000000 7.568903 -1.803236
v 0.100000 7.544147 -1.813490
v 0.173205 7.476515 -1.841505
v 0.200000 7.384127 -1.879773
v 0.173205 7.291739 -1.918041
v 0.100000 7.224106 -1.946056
v -0.000000 7.199351 -1.956310
v -0.100000 7.224106 -1.946056
v -0.173205 7.291739 -1.918041
v -0.200000 7.384127 -1.879773
v -0.173205 7.476515 -1.841505
v -0.100000 7.544147 -1.813490
v -0.000000 7.534190 -1.732847
v 0.100000 7.510985 -1.746244
v 0.173205 7.447588 -1.782847
v 0.200000 7.360986 -1.832846
v 0.173205 7.274383 -1.882847
v 0.100000 7.210985 -1.919449
v -0.000000 7.187780 -1.932847
v -0.100000 7.210985 -1.919449
v -0.173205 7.274383 -1.882847
v -0.200000 7.360986 -1.832847
v -0.173205 7.447588 -1.782847
v -0.100000 7.510985 -1.746244
v -0.000000 7.490587 -1.667590
v 0.100000 7.469329 -1.683902
v 0.173205 7.411252 -1.728466
v 0.200000 7.331917 -1.789342
v 0.173205 7.252582 -1.850218
v 0.100000 7.194504 -1.894783
v -0.000000 7.173246 -1.911094
v -0.100000 7.194504 -1.894783
v -0.173205 7.252582 -1.850218
v -0.200000 7.331917 -1.789342
v -0.173205 7.411252 -1.728466
v -0.100000 7.469329 -1.683902
v -0.000000 7.438840 -1.608583
v 0.100000 7.419892 -1.627530
v 0.173205 7.368129 -1.679293
v 0.200000 7.297418 -1.750004
v 0.173205 7.226707 -1.820714
v 0.100000 7.174943 -1.872478
v -0.000000 7.155996 -1.891425
v -0.100000 7.174943 -1.872478
v -0.173205 7.226707 -1.820715
v -0.200000 7.297418 -1.750004
v -0.173205 7.368129 -1.679293
v -0.100000 7.419892 -1.627530
v -0.000000 7.379832 -1.556835
v 0.100000 7.363521 -1.578092
v 0.173205 7.318955 -1.636170
v 0.200000 7.258080 -1.715505
v 0.173205 7.197204 -1.794841
v 0.100000 7.152639 -1.852918
v -0.000000 7.136328 -1.874176
v -0.100000 7.152639 -1.852918
v -0.173205 7.197204 -1.794841
v -0.200000 7.258080 -1.715505
v -0.173205 7.318956 -1.636170
v -0.100000 7.363521 -1.578092
v -0.000000 7.314575 -1.513231
v 0.100000 7.301178 -1.536437
v 0.173205 7.264575 -1.599834
v 0.200000 7.214575 -1.686437
v 0.173205 7.164576 -1.773039
v 0.100000 7.127973 -1.836436
v -0.000000 7.114575 -1.859642
v -0.100000 7.127973 -1.836436
v -0.173205 7.164576 -1.773039
v -0.200000 7.214575 -1.686436
v -0.173205 7.264575 -1.599834
v -0.100000 7.301178 -1.536437
v -0.000000 7.244185 -1.478519
v 0.100000 7.233932 -1.503274
v 0.173205 7.205917 -1.570907
v 0.200000 7.167649 -1.663295
v 0.173205 7.129380 -1.755683
v 0.100000 7.101366 -1.823315
v -0.000000 7.091112 -1.848071
v -0.100000 7.101366 -1.823316
v -0.173205 7.129380 -1.755683
v -0.200000 7.167649 -1.663295
v -0.173205 7.205917 -1.570907
v -0.100000 7.233932 -1.503274
v -0.000000 7.169867 -1.453291
v 0.100000 7.162931 -1.479173
v 0.173205 7.143985 -1.549884
v 0.200000 7.118103 -1.646476
v 0.173205 7.092221 -1.743069
v 0.100000 7.073274 -1.813779
v -0.000000 7.066339 -1.839661
v -0.100000 7.073274 -1.813780
v -0.173205 7.092221 -1.743069
v -0.200000 7.118103 -1.646476
v -0.173205 7.143985 -1.549884
v -0.100000 7.162931 -1.479173
v -0.000000 7.092891 -1.437980
v 0.100000 7.089394 -1.464545
v 0.173205 7.079838 -1.537124
v 0.200000 7.066786 -1.636269
v 0.173205 7.053733 -1.735413
v 0.100000 7.044178 -1.807992
v -0.000000 7.040680 -1.834558
v -0.100000 7.044178 -1.807992
v -0.173205 7.053733 -1.735413
v -0.200000 7.066786 -1.636269
v -0.173205 7.079838 -1.537124
v -0.100000 7.089394 -1.464545
v 0.413016 6.176502 -1.978976
v 0.162413 5.604689 -2.213026
v -0.194567 6.176502 -1.575320
v -0.313201 5.604689 -1.897046
v 0.527354 6.796140 -1.147779
v -0.040045 5.345561 -2.001827
v -0.189527 5.422614 -1.897281
v 0.213554 6.671064 -1.290564
v 0.517345 6.671064 -1.492392
v 0.114264 5.422614 -2.099109
v 0.385696 6.661599 -1.361003
v 0.341779 6.127288 -1.756655
v 0.037987 6.127288 -1.554827
v 0.208651 6.115837 -1.627492
v -0.151396 5.540715 -1.839887
v 0.152395 5.540715 -2.041715
v 0.018158 5.525830 -1.914221
v -0.020668 5.405575 -1.972662
v 0.445104 6.143956 -1.933814
v 0.194605 5.572295 -2.168357
v -0.165370 6.143956 -1.528237
v -0.284499 5.572295 -1.850057
v 0.556946 6.760862 -1.103238
v -0.008949 5.312775 -1.955023
v -0.159580 5.390015 -1.850098
v 0.243895 6.637620 -1.243918
v 0.548587 6.637620 -1.446344
v 0.146154 5.390015 -2.053216
v 0.416150 6.627395 -1.315164
v 0.373568 6.094575 -1.710658
v 0.068069 6.094575 -1.507696
v 0.239745 6.083049 -1.580688
v -0.121630 5.508083 -1.792733
v 0.184327 5.508083 -1.996000
v 0.049254 5.493044 -1.867416
v 0.010427 5.372789 -1.925857
v 0.190390 5.345561 -2.032847
v 0.190390 6.107235 -2.032847
v 0.186731 5.345561 -1.995704
v 0.186731 6.107235 -1.995704
v 0.175897 5.345561 -1.959988
v 0.175897 6.107235 -1.959988
v 0.158303 5.345561 -1.927072
v 0.158303 6.107235 -1.927072
v 0.134626 5.345561 -1.898221
v 0.134626 6.107235 -1.898221
v 0.105775 5.345561 -1.874544
v 0.105775 6.107235 -1.874544
v 0.072859 5.345561 -1.856950
v 0.072859 6.107235 -1.856950
v 0.037143 5.345561 -1.846115
v 0.037143 6.107235 -1.846115
v 0.000000 5.345561 -1.842457
v 0.000000 6.107235 -1.842457
v -0.037143 5.345561 -1.846115
v -0.037143 6.107235 -1.846115
v -0.072859 5.345561 -1.856950
v -0.072859 6.107235 -1.856950
v -0.105775 5.345561 -1.874544
v -0.105775 6.107235 -1.874543
v -0.134626 5.345561 -1.898221
v -0.134626 6.107235 -1.898221
v -0.158303 5.345561 -1.927072
v -0.158303 6.107235 -1.927072
v -0.175897 5.345561 -1.959988
v -0.175897 6.107235 -1.959988
v -0.186731 5.345561 -1.995704
v -0.186731 6.107235 -1.995703
v -0.190390 5.345561 -2.032847
v -0.190390 6.107235 -2.032847
v -0.186731 5.345561 -2.069990
v -0.186731 6.107235 -2.069990
v -0.175897 5.345561 -2.105706
v -0.175897 6.107235 -2.105706
v -0.158303 5.345561 -2.138622
v -0.158303 6.107235 -2.138622
v -0.134626 5.345561 -2.167473
v -0.134626 6.107235 -2.167472
v -0.105775 5.345561 -2.191150
v -0.105775 6.107235 -2.191150
v -0.072859 5.345561 -2.208744
v -0.072859 6.107235 -2.208744
v -0.037143 5.345561 -2.219578
v -0.037143 6.107235 -2.219578
v -0.000000 5.345561 -2.223236
v 0.000000 6.107235 -2.223236
v 0.037143 5.345561 -2.219578
v 0.037143 6.107235 -2.219578
v 0.072859 5.345561 -2.208744
v 0.072859 6.107235 -2.208744
v 0.105775 5.345561 -2.191150
v 0.105775 6.107235 -2.191150
v 0.134626 5.345561 -2.167473
v 0.134626 6.107235 -2.167472
v 0.158303 5.345561 -2.138622
v 0.158303 6.107235 -2.138622
v 0.175897 5.345561 -2.105706
v 0.175897 6.107235 -2.105706
v 0.186731 5.345561 -2.069990
v 0.186731 6.107235 -2.069990
v 0.394892 6.290379 -1.888088
v 0.309120 5.598022 -2.073605
v -0.394891 6.290380 -1.888088
v -0.309120 5.598022 -2.073604
v 0.000000 7.152954 -1.275431
v -0.000000 5.345561 -1.933029
v -0.197446 5.427288 -1.950434
v -0.197445 6.938925 -1.545392
v 0.197446 6.938925 -1.545392
v 0.197446 5.427288 -1.950434
v 0.000000 6.939466 -1.504477
v 0.197446 6.280515 -1.721813
v -0.197446 6.280515 -1.721813
v 0.000000 6.278219 -1.683124
v -0.197446 5.570286 -1.912118
v 0.197446 5.570286 -1.912118
v 0.000000 5.563833 -1.874543
v 0.000000 5.418227 -1.913558
v 0.396771 6.272165 -1.820972
v 0.311388 5.579866 -2.006902
v -0.396771 6.272165 -1.820972
v -0.311388 5.579866 -2.006902
v 0.000000 7.131346 -1.209520
v 0.000000 5.327330 -1.864990
v -0.198708 5.409161 -1.882783
v -0.198031 6.919849 -1.477739
v 0.198032 6.919849 -1.477739
v 0.198708 5.409161 -1.882783
v 0.000000 6.919422 -1.437245
v 0.198556 6.262277 -1.654097
v -0.198555 6.262277 -1.654097
v 0.000000 6.259985 -1.615086
v -0.198854 5.552089 -1.844588
v 0.198854 5.552089 -1.844588
v 0.000000 5.545602 -1.806505
v 0.000000 5.399996 -1.845520
v 0.988938 4.278318 -1.836135
v 0.922018 4.453320 -1.650934
v 0.838381 4.278318 -1.472658
v 0.705682 4.453320 -1.327164
v 0.560188 4.278318 -1.194466
v 0.381913 4.453320 -1.110828
v 0.196712 4.278318 -1.043909
v -0.000000 4.453320 -1.034861
v -0.196712 4.278318 -1.043909
v -0.381913 4.453320 -1.110828
v -0.560188 4.278318 -1.194466
v -0.705682 4.453320 -1.327164
v -0.838381 4.278318 -1.472658
v -0.922018 4.453320 -1.650934
v -0.988938 4.278318 -1.836135
v -0.997985 4.453320 -2.032847
v -0.988938 4.278318 -2.229559
v -0.922018 4.453320 -2.414759
v -0.838381 4.278318 -2.593035
v -0.705682 4.453320 -2.738529
v -0.560188 4.278318 -2.871228
v -0.381912 4.453320 -2.954865
v -0.196712 4.278318 -3.021784
v 0.000000 4.453320 -3.030832
v 0.196712 4.278318 -3.021784
v 0.381913 4.453320 -2.954865
v 0.560188 4.278318 -2.871228
v 0.705682 4.453320 -2.738529
v 0.838381 4.278318 -2.593035
v 0.922018 4.453320 -2.414759
v 0.988938 4.278318 -2.229559
v 0.997985 4.453320 -2.032847
v 0.988766 3.622237 -2.032847
v 0.998795 3.785087 -1.834174
v 0.913501 3.622237 -1.654462
v 0.846738 3.785087 -1.467075
v 0.699163 3.622237 -1.333684
v 0.565772 3.785087 -1.186109
v 0.378384 3.622237 -1.119346
v 0.198673 3.785087 -1.034052
v -0.000000 3.622237 -1.044081
v -0.198673 3.785087 -1.034052
v -0.378384 3.622237 -1.119346
v -0.565772 3.785087 -1.186109
v -0.699163 3.622237 -1.333684
v -0.846738 3.785087 -1.467075
v -0.913500 3.622237 -1.654462
v -0.998795 3.785087 -1.834174
v -0.988765 3.622237 -2.032847
v -0.998795 3.785087 -2.231519
v -0.913500 3.622237 -2.411231
v -0.846737 3.785087 -2.598619
v -0.699163 3.622237 -2.732010
v -0.565772 3.785087 -2.879584
v -0.378384 3.622237 -2.946347
v -0.198672 3.785087 -3.031641
v 0.000000 3.622237 -3.021612
v 0.198673 3.785087 -3.031641
v 0.378384 3.622237 -2.946347
v 0.565772 3.785087 -2.879584
v 0.699163 3.622237 -2.732009
v 0.846737 3.785087 -2.598618
v 0.913500 3.622237 -2.411231
v 0.998794 3.785087 -2.231519
v 0.821545 3.068325 -1.869431
v 0.819938 3.164720 -1.693217
v 0.696472 3.068325 -1.567479
v 0.627554 3.164720 -1.405293
v 0.465368 3.068325 -1.336374
v 0.339630 3.164720 -1.212908
v 0.163416 3.068325 -1.211301
v -0.000000 3.164720 -1.145352
v -0.163415 3.068325 -1.211301
v -0.339630 3.164720 -1.212909
v -0.465368 3.068325 -1.336374
v -0.627554 3.164720 -1.405293
v -0.696472 3.068325 -1.567479
v -0.819938 3.164720 -1.693217
v -0.821545 3.068325 -1.869431
v -0.887495 3.164720 -2.032847
v -0.821545 3.068325 -2.196262
v -0.819938 3.164720 -2.372476
v -0.696472 3.068325 -2.498215
v -0.627553 3.164720 -2.660400
v -0.465368 3.068325 -2.729319
v -0.339629 3.164720 -2.852785
v -0.163416 3.068325 -2.854392
v 0.000000 3.164720 -2.920341
v 0.163415 3.068325 -2.854392
v 0.339630 3.164720 -2.852785
v 0.465368 3.068325 -2.729319
v 0.627553 3.164720 -2.660400
v 0.696472 3.068325 -2.498215
v 0.819938 3.164720 -2.372476
v 0.821545 3.068325 -2.196262
v 0.887495 3.164720 -2.032847
v 0.811156 5.052958 -1.871498
v 0.802508 4.923115 -1.700437
v 0.687665 5.052958 -1.573364
v 0.614213 4.923115 -1.418634
v 0.459483 5.052958 -1.345182
v 0.332410 4.923115 -1.230339
v 0.161349 5.052958 -1.221691
v 0.000000 4.923115 -1.164218
v -0.161349 5.052958 -1.221691
v -0.332410 4.923115 -1.230339
v -0.459483 5.052958 -1.345182
v -0.614213 4.923115 -1.418634
v -0.687665 5.052958 -1.573364
v -0.802508 4.923115 -1.700437
v -0.811156 5.052958 -1.871498
v -0.868628 4.923115 -2.032847
v -0.811156 5.052958 -2.194196
v -0.802508 4.923115 -2.365256
v -0.687665 5.052958 -2.492330
v -0.614213 4.923115 -2.647060
v -0.459483 5.052958 -2.720511
v -0.332410 4.923115 -2.835355
v -0.161349 5.052958 -2.844002
v -0.000000 4.923115 -2.901475
v 0.161349 5.052958 -2.844002
v 0.332410 4.923115 -2.835355
v 0.459483 5.052958 -2.720511
v 0.614213 4.923115 -2.647060
v 0.687665 5.052958 -2.492329
v 0.802508 4.923115 -2.365256
v 0.811156 5.052958 -2.194195
v 0.868628 4.923115 -2.032847
v 0.980785 4.411033 -2.032847
v 1.000000 4.074657 -2.032847
v 0.815493 5.032575 -1.870635
v 0.906127 4.734483 -1.852607
v 0.975158 4.175102 -1.838876
v 0.980785 4.074657 -1.837756
v 0.961940 3.738281 -1.841505
v 0.906127 3.414832 -1.852607
v 0.747939 2.979167 -1.884072
v 0.544895 2.742052 -1.924460
v 0.941975 3.517688 -2.032847
v 0.831470 3.116740 -2.032847
v 0.885003 4.859887 -2.032847
v 0.817637 4.859887 -1.694170
v 0.853553 4.734483 -1.679293
v 0.906127 4.411033 -1.657516
v 0.923879 4.074657 -1.650163
v 0.870272 3.517688 -1.672368
v 0.853553 3.414832 -1.679293
v 0.768178 3.116740 -1.714657
v 0.513280 2.742052 -1.820239
v 0.691342 5.032575 -1.570907
v 0.768178 4.734483 -1.519567
v 0.826699 4.175102 -1.480464
v 0.831469 4.074657 -1.477276
v 0.815493 3.738281 -1.487952
v 0.768178 3.414832 -1.519567
v 0.634072 2.979167 -1.609174
v 0.461940 2.742052 -1.724188
v 0.625792 4.859887 -1.407055
v 0.653281 4.734483 -1.379565
v 0.693520 4.411033 -1.339327
v 0.707107 4.074657 -1.325740
v 0.666077 3.517688 -1.366770
v 0.653281 3.414832 -1.379565
v 0.587938 3.116740 -1.444909
v 0.392847 2.742052 -1.639999
v 0.461940 5.032575 -1.341505
v 0.513280 4.734483 -1.264669
v 0.552382 4.175102 -1.206148
v 0.555570 4.074657 -1.201377
v 0.544895 3.738281 -1.217354
v 0.513280 3.414832 -1.264669
v 0.423673 2.979167 -1.398775
v 0.308658 2.742052 -1.570907
v 0.338676 4.859887 -1.215210
v 0.353553 4.734483 -1.179293
v 0.375330 4.411033 -1.126719
v 0.382683 4.074657 -1.108967
v 0.360478 3.517688 -1.162575
v 0.353553 3.414832 -1.179293
v 0.318190 3.116740 -1.264669
v 0.212607 2.742052 -1.519567
v 0.162212 5.032575 -1.217354
v 0.180240 4.734483 -1.126719
v 0.193971 4.175102 -1.057689
v 0.195090 4.074657 -1.052062
v 0.191342 3.738281 -1.070907
v 0.180240 3.414832 -1.126719
v 0.148774 2.979167 -1.284908
v 0.108386 2.742052 -1.487952
v 0.000000 4.859887 -1.147843
v 0.000000 4.734483 -1.108967
v -0.000000 4.411033 -1.052062
v -0.000000 4.074657 -1.032847
v 0.000000 3.517688 -1.090871
v 0.000000 3.414832 -1.108967
v -0.000000 3.116740 -1.201377
v -0.000000 2.742052 -1.477277
v -0.162212 5.032575 -1.217354
v -0.180240 4.734483 -1.126719
v -0.193971 4.175102 -1.057689
v -0.195090 4.074657 -1.052062
v -0.191342 3.738281 -1.070907
v -0.180240 3.414832 -1.126719
v -0.148774 2.979167 -1.284908
v -0.108386 2.742052 -1.487952
v -0.338676 4.859887 -1.215210
v -0.353553 4.734483 -1.179293
v -0.375330 4.411033 -1.126719
v -0.382683 4.074657 -1.108968
v -0.360478 3.517688 -1.162575
v -0.353553 3.414832 -1.179293
v -0.318190 3.116740 -1.264669
v -0.212608 2.742052 -1.519567
v -0.461940 5.032575 -1.341505
v -0.513280 4.734483 -1.264669
v -0.552382 4.175102 -1.206148
v -0.555570 4.074657 -1.201378
v -0.544895 3.738281 -1.217354
v -0.513280 3.414832 -1.264669
v -0.423673 2.979167 -1.398775
v -0.308658 2.742052 -1.570907
v -0.625792 4.859887 -1.407055
v -0.653281 4.734483 -1.379565
v -0.693520 4.411033 -1.339327
v -0.707107 4.074657 -1.325740
v -0.666077 3.517688 -1.366770
v -0.653281 3.414832 -1.379565
v -0.587938 3.116740 -1.444909
v -0.392847 2.742053 -1.639999
v -0.691342 5.032575 -1.570907
v -0.768178 4.734483 -1.519567
v -0.826699 4.175102 -1.480464
v -0.831469 4.074657 -1.477277
v -0.815493 3.738281 -1.487952
v -0.768178 3.414832 -1.519567
v -0.634072 2.979167 -1.609174
v -0.461940 2.742053 -1.724189
v -0.817637 4.859887 -1.694170
v -0.853553 4.734483 -1.679293
v -0.906127 4.411033 -1.657517
v -0.923879 4.074657 -1.650164
v -0.870272 3.517688 -1.672368
v -0.853553 3.414832 -1.679293
v -0.768178 3.116740 -1.714657
v -0.513280 2.742053 -1.820239
v -0.815493 5.032575 -1.870635
v -0.906127 4.734483 -1.852607
v -0.975158 4.175102 -1.838876
v -0.980785 4.074657 -1.837757
v -0.961939 3.738281 -1.841505
v -0.906127 3.414832 -1.852607
v -0.747939 2.979167 -1.884072
v -0.544895 2.742053 -1.924460
v -0.885003 4.859887 -2.032847
v -0.923879 4.734483 -2.032847
v -0.980785 4.411033 -2.032847
v -0.999999 4.074657 -2.032847
v -0.941975 3.517688 -2.032847
v -0.923879 3.414832 -2.032847
v -0.831469 3.116740 -2.032847
v -0.555570 2.742053 -2.032847
v -0.815493 5.032575 -2.195058
v -0.906127 4.734483 -2.213087
v -0.975158 4.175102 -2.226818
v -0.980785 4.074657 -2.227937
v -0.961939 3.738281 -2.224189
v -0.906127 3.414832 -2.213087
v -0.747939 2.979167 -2.181621
v -0.544895 2.742053 -2.141233
v -0.817637 4.859887 -2.371523
v -0.853553 4.734483 -2.386400
v -0.906127 4.411033 -2.408177
v -0.923879 4.074657 -2.415530
v -0.870272 3.517688 -2.393325
v -0.853553 3.414832 -2.386400
v -0.768177 3.116740 -2.351036
v -0.513280 2.742053 -2.245454
v -0.691341 5.032575 -2.494786
v -0.768178 4.734483 -2.546126
v -0.826699 4.175102 -2.585229
v -0.831469 4.074657 -2.588417
v -0.815493 3.738281 -2.577742
v -0.768178 3.414832 -2.546126
v -0.634072 2.979167 -2.456520
v -0.461939 2.742053 -2.341505
v -0.625792 4.859887 -2.658639
v -0.653281 4.734483 -2.686128
v -0.693520 4.411033 -2.726367
v -0.707106 4.074657 -2.739953
v -0.666077 3.517688 -2.698924
v -0.653281 3.414832 -2.686128
v -0.587937 3.116740 -2.620784
v -0.392847 2.742053 -2.425694
v -0.461939 5.032575 -2.724188
v -0.513280 4.734483 -2.801024
v -0.552382 4.175102 -2.859545
v -0.555569 4.074657 -2.864316
v -0.544895 3.738281 -2.848340
v -0.513280 3.414832 -2.801024
v -0.423673 2.979167 -2.666919
v -0.308658 2.742053 -2.494786
v -0.338676 4.859887 -2.850483
v -0.353553 4.734483 -2.886400
v -0.375330 4.411033 -2.938974
v -0.382683 4.074657 -2.956726
v -0.360478 3.517688 -2.903118
v -0.353553 3.414832 -2.886400
v -0.318189 3.116740 -2.801024
v -0.212607 2.742053 -2.546126
v -0.162211 5.032575 -2.848340
v -0.180240 4.734483 -2.938974
v -0.193971 4.175102 -3.008004
v -0.195090 4.074657 -3.013631
v -0.191341 3.738281 -2.994786
v -0.180240 3.414832 -2.938974
v -0.148774 2.979167 -2.780785
v -0.108386 2.742053 -2.577741
v -0.000000 4.859887 -2.917850
v -0.000000 4.734483 -2.956726
v 0.000000 4.411033 -3.013632
v 0.000000 4.074657 -3.032846
v -0.000000 3.517688 -2.974822
v -0.000000 3.414832 -2.956726
v 0.000000 3.116740 -2.864316
v 0.000000 2.742053 -2.588417
v 0.162212 5.032575 -2.848339
v 0.180240 4.734483 -2.938974
v 0.193971 4.175102 -3.008004
v 0.195091 4.074657 -3.013631
v 0.191342 3.738281 -2.994786
v 0.180240 3.414832 -2.938974
v 0.148774 2.979167 -2.780785
v 0.108386 2.742053 -2.577741
v 0.338676 4.859887 -2.850483
v 0.353553 4.734483 -2.886400
v 0.375330 4.411033 -2.938973
v 0.382683 4.074657 -2.956725
v 0.360478 3.517688 -2.903118
v 0.353553 3.414832 -2.886400
v 0.318190 3.116740 -2.801024
v 0.212607 2.742053 -2.546126
v 0.461940 5.032575 -2.724188
v 0.513280 4.734483 -2.801024
v 0.552382 4.175102 -2.859545
v 0.555570 4.074657 -2.864315
v 0.544895 3.738281 -2.848339
v 0.513280 3.414832 -2.801024
v 0.423673 2.979167 -2.666919
v 0.308658 2.742053 -2.494786
v 0.625792 4.859887 -2.658639
v 0.653281 4.734483 -2.686128
v 0.693520 4.411033 -2.726366
v 0.707106 4.074657 -2.739952
v 0.666077 3.517688 -2.698924
v 0.653281 3.414832 -2.686128
v 0.587938 3.116740 -2.620784
v 0.392847 2.742053 -2.425694
v 0.691341 5.032575 -2.494786
v 0.768177 4.734483 -2.546126
v 0.826699 4.175102 -2.585229
v 0.831469 4.074657 -2.588416
v 0.815493 3.738281 -2.577741
v 0.768177 3.414832 -2.546126
v 0.634072 2.979167 -2.456520
v 0.461939 2.742053 -2.341505
v 0.817637 4.859887 -2.371523
v 0.853553 4.734483 -2.386400
v 0.906127 4.411033 -2.408176
v 0.923879 4.074657 -2.415529
v 0.870272 3.517688 -2.393325
v 0.853553 3.414832 -2.386400
v 0.768177 3.116740 -2.351036
v 0.513279 2.742053 -2.245454
v 0.815493 5.032575 -2.195058
v 0.906127 4.734483 -2.213087
v 0.975158 4.175102 -2.226818
v 0.980784 4.074657 -2.227936
v 0.961939 3.738281 -2.224188
v 0.906127 3.414832 -2.213087
v 0.747939 2.979167 -2.181621
v 0.544895 2.742053 -2.141233
v 0.555570 2.742053 -2.032846
v 0.923879 3.414832 -2.032847
v 0.923879 4.734483 -2.032847
v 0.544895 2.742052 -1.924460
v 0.513280 2.742052 -1.820239
v 0.461940 2.742052 -1.724188
v 0.392847 2.742052 -1.639999
v 0.308658 2.742052 -1.570907
v 0.212607 2.742052 -1.519567
v 0.108386 2.742052 -1.487952
v -0.000000 2.742052 -1.477277
v -0.108386 2.742052 -1.487952
v -0.212608 2.742052 -1.519567
v -0.308658 2.742052 -1.570907
v -0.392847 2.742053 -1.639999
v -0.461940 2.742053 -1.724189
v -0.513280 2.742053 -1.820239
v -0.544895 2.742053 -1.924460
v -0.555570 2.742053 -2.032847
v -0.544895 2.742053 -2.141233
v -0.513280 2.742053 -2.245454
v -0.461939 2.742053 -2.341505
v -0.392847 2.742053 -2.425694
v -0.308658 2.742053 -2.494786
v -0.212607 2.742053 -2.546126
v -0.108386 2.742053 -2.577741
v 0.000000 2.742053 -2.588417
v 0.108386 2.742053 -2.577741
v 0.212607 2.742053 -2.546126
v 0.308658 2.742053 -2.494786
v 0.392847 2.742053 -2.425694
v 0.461939 2.742053 -2.341505
v 0.513279 2.742053 -2.245454
v 0.544895 2.742053 -2.141233
v 0.555570 2.742053 -2.032846
v 0.980785 4.411033 -2.032847
v 1.000000 4.074657 -2.032847
v 0.815493 5.032575 -1.870635
v 0.906127 4.734483 -1.852607
v 0.975158 4.175102 -1.838876
v 0.980785 4.074657 -1.837756
v 0.961940 3.738281 -1.841505
v 0.906127 3.414832 -1.852607
v 0.747939 2.979167 -1.884072
v 0.544895 2.742052 -1.924460
v 0.941975 3.517688 -2.032847
v 0.831470 3.116740 -2.032847
v 0.885003 4.859887 -2.032847
v 0.817637 4.859887 -1.694170
v 0.853553 4.734483 -1.679293
v 0.906127 4.411033 -1.657516
v 0.923879 4.074657 -1.650163
v 0.870272 3.517688 -1.672368
v 0.853553 3.414832 -1.679293
v 0.768178 3.116740 -1.714657
v 0.513280 2.742052 -1.820239
v 0.691342 5.032575 -1.570907
v 0.768178 4.734483 -1.519567
v 0.826699 4.175102 -1.480464
v 0.831469 4.074657 -1.477276
v 0.815493 3.738281 -1.487952
v 0.768178 3.414832 -1.519567
v 0.634072 2.979167 -1.609174
v 0.461940 2.742052 -1.724188
v 0.625792 4.859887 -1.407055
v 0.653281 4.734483 -1.379565
v 0.693520 4.411033 -1.339327
v 0.707107 4.074657 -1.325740
v 0.666077 3.517688 -1.366770
v 0.653281 3.414832 -1.379565
v 0.587938 3.116740 -1.444909
v 0.392847 2.742052 -1.639999
v 0.461940 5.032575 -1.341505
v 0.513280 4.734483 -1.264669
v 0.552382 4.175102 -1.206148
v 0.555570 4.074657 -1.201377
v 0.544895 3.738281 -1.217354
v 0.513280 3.414832 -1.264669
v 0.423673 2.979167 -1.398775
v 0.308658 2.742052 -1.570907
v 0.338676 4.859887 -1.215210
v 0.353553 4.734483 -1.179293
v 0.375330 4.411033 -1.126719
v 0.382683 4.074657 -1.108967
v 0.360478 3.517688 -1.162575
v 0.353553 3.414832 -1.179293
v 0.318190 3.116740 -1.264669
v 0.212607 2.742052 -1.519567
v 0.162212 5.032575 -1.217354
v 0.180240 4.734483 -1.126719
v 0.193971 4.175102 -1.057689
v 0.195090 4.074657 -1.052062
v 0.191342 3.738281 -1.070907
v 0.180240 3.414832 -1.126719
v 0.148774 2.979167 -1.284908
v 0.108386 2.742052 -1.487952
v 0.000000 4.859887 -1.147843
v 0.000000 4.734483 -1.108967
v -0.000000 4.411033 -1.052062
v -0.000000 4.074657 -1.032847
v 0.000000 3.517688 -1.090871
v 0.000000 3.414832 -1.108967
v -0.000000 3.116740 -1.201377
v -0.000000 2.742052 -1.477277
v -0.162212 5.032575 -1.217354
v -0.180240 4.734483 -1.126719
v -0.193971 4.175102 -1.057689
v -0.195090 4.074657 -1.052062
v -0.191342 3.738281 -1.070907
v -0.180240 3.414832 -1.126719
v -0.148774 2.979167 -1.284908
v -0.108386 2.742052 -1.487952
v -0.338676 4.859887 -1.215210
v -0.353553 4.734483 -1.179293
v -0.375330 4.411033 -1.126719
v -0.382683 4.074657 -1.108968
v -0.360478 3.517688 -1.162575
v -0.353553 3.414832 -1.179293
v -0.318190 3.116740 -1.264669
v -0.212608 2.742052 -1.519567
v -0.461940 5.032575 -1.341505
v -0.513280 4.734483 -1.264669
v -0.552382 4.175102 -1.206148
v -0.555570 4.074657 -1.201378
v -0.544895 3.738281 -1.217354
v -0.513280 3.414832 -1.264669
v -0.423673 2.979167 -1.398775
v -0.308658 2.742052 -1.570907
v -0.625792 4.859887 -1.407055
v -0.653281 4.734483 -1.379565
v -0.693520 4.411033 -1.339327
v -0.707107 4.074657 -1.325740
v -0.666077 3.517688 -1.366770
v -0.653281 3.414832 -1.379565
v -0.587938 3.116740 -1.444909
v -0.392847 2.742053 -1.639999
v -0.691342 5.032575 -1.570907
v -0.768178 4.734483 -1.519567
v -0.826699 4.175102 -1.480464
v -0.831469 4.074657 -1.477277
v -0.815493 3.738281 -1.487952
v -0.768178 3.414832 -1.519567
v -0.634072 2.979167 -1.609174
v -0.461940 2.742053 -1.724189
v -0.817637 4.859887 -1.694170
v -0.853553 4.734483 -1.679293
v -0.906127 4.411033 -1.657517
v -0.923879 4.074657 -1.650164
v -0.870272 3.517688 -1.672368
v -0.853553 3.414832 -1.679293
v -0.768178 3.116740 -1.714657
v -0.513280 2.742053 -1.820239
v -0.815493 5.032575 -1.870635
v -0.906127 4.734483 -1.852607
v -0.975158 4.175102 -1.838876
v -0.980785 4.074657 -1.837757
v -0.961939 3.738281 -1.841505
v -0.906127 3.414832 -1.852607
v -0.747939 2.979167 -1.884072
v -0.544895 2.742053 -1.924460
v -0.885003 4.859887 -2.032847
v -0.923879 4.734483 -2.032847
v -0.980785 4.411033 -2.032847
v -0.999999 4.074657 -2.032847
v -0.941975 3.517688 -2.032847
v -0.923879 3.414832 -2.032847
v -0.831469 3.116740 -2.032847
v -0.555570 2.742053 -2.032847
v -0.815493 5.032575 -2.195058
v -0.906127 4.734483 -2.213087
v -0.975158 4.175102 -2.226818
v -0.980785 4.074657 -2.227937
v -0.961939 3.738281 -2.224189
v -0.906127 3.414832 -2.213087
v -0.747939 2.979167 -2.181621
v -0.544895 2.742053 -2.141233
v -0.817637 4.859887 -2.371523
v -0.853553 4.734483 -2.386400
v -0.906127 4.411033 -2.408177
v -0.923879 4.074657 -2.415530
v -0.870272 3.517688 -2.393325
v -0.853553 3.414832 -2.386400
v -0.768177 3.116740 -2.351036
v -0.513280 2.742053 -2.245454
v -0.691341 5.032575 -2.494786
v -0.768178 4.734483 -2.546126
v -0.826699 4.175102 -2.585229
v -0.831469 4.074657 -2.588417
v -0.815493 3.738281 -2.577742
v -0.768178 3.414832 -2.546126
v -0.634072 2.979167 -2.456520
v -0.461939 2.742053 -2.341505
v -0.625792 4.859887 -2.658639
v -0.653281 4.734483 -2.686128
v -0.693520 4.411033 -2.726367
v -0.707106 4.074657 -2.739953
v -0.666077 3.517688 -2.698924
v -0.653281 3.414832 -2.686128
v -0.587937 3.116740 -2.620784
v -0.392847 2.742053 -2.425694
v -0.461939 5.032575 -2.724188
v -0.513280 4.734483 -2.801024
v -0.552382 4.175102 -2.859545
v -0.555569 4.074657 -2.864316
v -0.544895 3.738281 -2.848340
v -0.513280 3.414832 -2.801024
v -0.423673 2.979167 -2.666919
v -0.308658 2.742053 -2.494786
v -0.338676 4.859887 -2.850483
v -0.353553 4.734483 -2.886400
v -0.375330 4.411033 -2.938974
v -0.382683 4.074657 -2.956726
v -0.360478 3.517688 -2.903118
v -0.353553 3.414832 -2.886400
v -0.318189 3.116740 -2.801024
v -0.212607 2.742053 -2.546126
v -0.162211 5.032575 -2.848340
v -0.180240 4.734483 -2.938974
v -0.193971 4.175102 -3.008004
v -0.195090 4.074657 -3.013631
v -0.191341 3.738281 -2.994786
v -0.180240 3.414832 -2.938974
v -0.148774 2.979167 -2.780785
v -0.108386 2.742053 -2.577741
v -0.000000 4.859887 -2.917850
v -0.000000 4.734483 -2.956726
v 0.000000 4.411033 -3.013632
v 0.000000 4.074657 -3.032846
v -0.000000 3.517688 -2.974822
v -0.000000 3.414832 -2.956726
v 0.000000 3.116740 -2.864316
v 0.000000 2.742053 -2.588417
v 0.162212 5.032575 -2.848339
v 0.180240 4.734483 -2.938974
v 0.193971 4.175102 -3.008004
v 0.195091 4.074657 -3.013631
v 0.191342 3.738281 -2.994786
v 0.180240 3.414832 -2.938974
v 0.148774 2.979167 -2.780785
v 0.108386 2.742053 -2.577741
v 0.338676 4.859887 -2.850483
v 0.353553 4.734483 -2.886400
v 0.375330 4.411033 -2.938973
v 0.382683 4.074657 -2.956725
v 0.360478 3.517688 -2.903118
v 0.353553 3.414832 -2.886400
v 0.318190 3.116740 -2.801024
v 0.212607 2.742053 -2.546126
v 0.461940 5.032575 -2.724188
v 0.513280 4.734483 -2.801024
v 0.552382 4.175102 -2.859545
v 0.555570 4.074657 -2.864315
v 0.544895 3.738281 -2.848339
v 0.513280 3.414832 -2.801024
v 0.423673 2.979167 -2.666919
v 0.308658 2.742053 -2.494786
v 0.625792 4.859887 -2.658639
v 0.653281 4.734483 -2.686128
v 0.693520 4.411033 -2.726366
v 0.707106 4.074657 -2.739952
v 0.666077 3.517688 -2.698924
v 0.653281 3.414832 -2.686128
v 0.587938 3.116740 -2.620784
v 0.392847 2.742053 -2.425694
v 0.691341 5.032575 -2.494786
v 0.768177 4.734483 -2.546126
v 0.826699 4.175102 -2.585229
v 0.831469 4.074657 -2.588416
v 0.815493 3.738281 -2.577741
v 0.768177 3.414832 -2.546126
v 0.634072 2.979167 -2.456520
v 0.461939 2.742053 -2.341505
v 0.817637 4.859887 -2.371523
v 0.853553 4.734483 -2.386400
v 0.906127 4.411033 -2.408176
v 0.923879 4.074657 -2.415529
v 0.870272 3.517688 -2.393325
v 0.853553 3.414832 -2.386400
v 0.768177 3.116740 -2.351036
v 0.513279 2.742053 -2.245454
v 0.815493 5.032575 -2.195058
v 0.906127 4.734483 -2.213087
v 0.975158 4.175102 -2.226818
v 0.980784 4.074657 -2.227936
v 0.961939 3.738281 -2.224188
v 0.906127 3.414832 -2.213087
v 0.747939 2.979167 -2.181621
v 0.544895 2.742053 -2.141233
v 0.555570 2.742053 -2.032846
v 0.923879 3.414832 -2.032847
v 0.923879 4.734483 -2.032847
v 0.544895 2.742052 -1.924460
v 0.375330 2.713667 -1.958189
v 0.191342 2.720769 -1.994787
v 0.513280 2.742052 -1.820239
v 0.353553 2.713667 -1.886400
v 0.180240 2.720769 -1.958189
v 0.461940 2.742052 -1.724188
v 0.318190 2.713667 -1.820239
v 0.162212 2.720769 -1.924460
v 0.392847 2.742052 -1.639999
v 0.270598 2.713667 -1.762249
v 0.137950 2.720769 -1.894897
v 0.308658 2.742052 -1.570907
v 0.212608 2.713667 -1.714657
v 0.108386 2.720769 -1.870635
v 0.212607 2.742052 -1.519567
v 0.146447 2.713667 -1.679293
v 0.074658 2.720769 -1.852607
v 0.108386 2.742052 -1.487952
v 0.074658 2.713667 -1.657516
v 0.038060 2.720769 -1.841505
v -0.000000 2.742052 -1.477277
v -0.000000 2.713667 -1.650163
v -0.000000 2.720769 -1.837756
v -0.108386 2.742052 -1.487952
v -0.074658 2.713667 -1.657516
v -0.038060 2.720769 -1.841505
v -0.212608 2.742052 -1.519567
v -0.146447 2.713667 -1.679293
v -0.074658 2.720769 -1.852607
v -0.308658 2.742052 -1.570907
v -0.212608 2.713667 -1.714657
v -0.108386 2.720769 -1.870635
v -0.392847 2.742053 -1.639999
v -0.270598 2.713667 -1.762249
v -0.137950 2.720769 -1.894897
v -0.461940 2.742053 -1.724189
v -0.318190 2.713667 -1.820239
v -0.162212 2.720769 -1.924460
v -0.513280 2.742053 -1.820239
v -0.353553 2.713667 -1.886400
v -0.180240 2.720769 -1.958189
v -0.544895 2.742053 -1.924460
v -0.375330 2.713667 -1.958189
v -0.191342 2.720769 -1.994787
v -0.555570 2.742053 -2.032847
v -0.382683 2.713667 -2.032847
v -0.195090 2.720769 -2.032847
v -0.544895 2.742053 -2.141233
v -0.375330 2.713667 -2.107505
v -0.191342 2.720769 -2.070907
v -0.513280 2.742053 -2.245454
v -0.353553 2.713667 -2.179293
v -0.180240 2.720769 -2.107504
v -0.461939 2.742053 -2.341505
v -0.318190 2.713667 -2.245454
v -0.162212 2.720769 -2.141233
v -0.392847 2.742053 -2.425694
v -0.270598 2.713667 -2.303445
v -0.137950 2.720769 -2.170796
v -0.308658 2.742053 -2.494786
v -0.212607 2.713667 -2.351036
v -0.108386 2.720769 -2.195058
v -0.212607 2.742053 -2.546126
v -0.146447 2.713667 -2.386400
v -0.074658 2.720769 -2.213087
v -0.108386 2.742053 -2.577741
v -0.074658 2.713667 -2.408177
v -0.038060 2.720769 -2.224188
v 0.000000 2.742053 -2.588417
v 0.000000 2.713667 -2.415530
v 0.000000 2.720769 -2.227937
v 0.108386 2.742053 -2.577741
v 0.074658 2.713667 -2.408177
v 0.038060 2.720769 -2.224188
v 0.212607 2.742053 -2.546126
v 0.146447 2.713667 -2.386400
v 0.074658 2.720769 -2.213086
v 0.308658 2.742053 -2.494786
v 0.212607 2.713667 -2.351036
v 0.108386 2.720769 -2.195058
v 0.392847 2.742053 -2.425694
v 0.270598 2.713667 -2.303445
v 0.137950 2.720769 -2.170796
v 0.461939 2.742053 -2.341505
v 0.318190 2.713667 -2.245454
v 0.162212 2.720769 -2.141233
v 0.513279 2.742053 -2.245454
v 0.353553 2.713667 -2.179293
v 0.180240 2.720769 -2.107504
v 0.544895 2.742053 -2.141233
v 0.375330 2.713667 -2.107504
v 0.191342 2.720769 -2.070907
v 0.555570 2.742053 -2.032846
v 0.382683 2.713667 -2.032847
v 0.195090 2.720769 -2.032847
v -0.000000 2.728395 -2.032847
v 0.980785 4.411033 -2.032847
v 1.000000 4.074657 -2.032847
v 0.815493 5.032575 -1.870635
v 0.906127 4.734483 -1.852607
v 0.975158 4.175102 -1.838876
v 0.980785 4.074657 -1.837756
v 0.961940 3.738281 -1.841505
v 0.906127 3.414832 -1.852607
v 0.747939 2.979167 -1.884072
v 0.693520 2.868344 -1.894897
v 0.544895 2.742052 -1.924460
v 0.941975 3.517688 -2.032847
v 0.831470 3.116740 -2.032847
v 0.885003 4.859887 -2.032847
v 0.817637 4.859887 -1.694170
v 0.853553 4.734483 -1.679293
v 0.906127 4.411033 -1.657516
v 0.923879 4.074657 -1.650163
v 0.870272 3.517688 -1.672368
v 0.853553 3.414832 -1.679293
v 0.768178 3.116740 -1.714657
v 0.653281 2.868344 -1.762249
v 0.513280 2.742052 -1.820239
v 0.691342 5.032575 -1.570907
v 0.768178 4.734483 -1.519567
v 0.826699 4.175102 -1.480464
v 0.831469 4.074657 -1.477276
v 0.815493 3.738281 -1.487952
v 0.768178 3.414832 -1.519567
v 0.634072 2.979167 -1.609174
v 0.587938 2.868344 -1.639999
v 0.461940 2.742052 -1.724188
v 0.625792 4.859887 -1.407055
v 0.653281 4.734483 -1.379565
v 0.693520 4.411033 -1.339327
v 0.707107 4.074657 -1.325740
v 0.666077 3.517688 -1.366770
v 0.653281 3.414832 -1.379565
v 0.587938 3.116740 -1.444909
v 0.500000 2.868344 -1.532847
v 0.392847 2.742052 -1.639999
v 0.461940 5.032575 -1.341505
v 0.513280 4.734483 -1.264669
v 0.552382 4.175102 -1.206148
v 0.555570 4.074657 -1.201377
v 0.544895 3.738281 -1.217354
v 0.513280 3.414832 -1.264669
v 0.423673 2.979167 -1.398775
v 0.392847 2.868344 -1.444909
v 0.308658 2.742052 -1.570907
v 0.338676 4.859887 -1.215210
v 0.353553 4.734483 -1.179293
v 0.375330 4.411033 -1.126719
v 0.382683 4.074657 -1.108967
v 0.360478 3.517688 -1.162575
v 0.353553 3.414832 -1.179293
v 0.318190 3.116740 -1.264669
v 0.270598 2.868344 -1.379565
v 0.212607 2.742052 -1.519567
v 0.162212 5.032575 -1.217354
v 0.180240 4.734483 -1.126719
v 0.193971 4.175102 -1.057689
v 0.195090 4.074657 -1.052062
v 0.191342 3.738281 -1.070907
v 0.180240 3.414832 -1.126719
v 0.148774 2.979167 -1.284908
v 0.137950 2.868344 -1.339327
v 0.108386 2.742052 -1.487952
v 0.000000 4.859887 -1.147843
v 0.000000 4.734483 -1.108967
v -0.000000 4.411033 -1.052062
v -0.000000 4.074657 -1.032847
v 0.000000 3.517688 -1.090871
v 0.000000 3.414832 -1.108967
v -0.000000 3.116740 -1.201377
v 0.000000 2.868344 -1.325740
v -0.000000 2.742052 -1.477277
v -0.162212 5.032575 -1.217354
v -0.180240 4.734483 -1.126719
v -0.193971 4.175102 -1.057689
v -0.195090 4.074657 -1.052062
v -0.191342 3.738281 -1.070907
v -0.180240 3.414832 -1.126719
v -0.148774 2.979167 -1.284908
v -0.137950 2.868344 -1.339327
v -0.108386 2.742052 -1.487952
v -0.338676 4.859887 -1.215210
v -0.353553 4.734483 -1.179293
v -0.375330 4.411033 -1.126719
v -0.382683 4.074657 -1.108968
v -0.360478 3.517688 -1.162575
v -0.353553 3.414832 -1.179293
v -0.318190 3.116740 -1.264669
v -0.270598 2.868344 -1.379565
v -0.212608 2.742052 -1.519567
v -0.461940 5.032575 -1.341505
v -0.513280 4.734483 -1.264669
v -0.552382 4.175102 -1.206148
v -0.555570 4.074657 -1.201378
v -0.544895 3.738281 -1.217354
v -0.513280 3.414832 -1.264669
v -0.423673 2.979167 -1.398775
v -0.392847 2.868344 -1.444909
v -0.308658 2.742052 -1.570907
v -0.625792 4.859887 -1.407055
v -0.653281 4.734483 -1.379565
v -0.693520 4.411033 -1.339327
v -0.707107 4.074657 -1.325740
v -0.666077 3.517688 -1.366770
v -0.653281 3.414832 -1.379565
v -0.587938 3.116740 -1.444909
v -0.500000 2.868344 -1.532847
v -0.392847 2.742053 -1.639999
v -0.691342 5.032575 -1.570907
v -0.768178 4.734483 -1.519567
v -0.826699 4.175102 -1.480464
v -0.831469 4.074657 -1.477277
v -0.815493 3.738281 -1.487952
v -0.768178 3.414832 -1.519567
v -0.634072 2.979167 -1.609174
v -0.587938 2.868344 -1.639999
v -0.461940 2.742053 -1.724189
v -0.817637 4.859887 -1.694170
v -0.853553 4.734483 -1.679293
v -0.906127 4.411033 -1.657517
v -0.923879 4.074657 -1.650164
v -0.870272 3.517688 -1.672368
v -0.853553 3.414832 -1.679293
v -0.768178 3.116740 -1.714657
v -0.653281 2.868344 -1.762249
v -0.513280 2.742053 -1.820239
v -0.815493 5.032575 -1.870635
v -0.906127 4.734483 -1.852607
v -0.975158 4.175102 -1.838876
v -0.980785 4.074657 -1.837757
v -0.961939 3.738281 -1.841505
v -0.906127 3.414832 -1.852607
v -0.747939 2.979167 -1.884072
v -0.693520 2.868344 -1.894897
v -0.544895 2.742053 -1.924460
v -0.885003 4.859887 -2.032847
v -0.923879 4.734483 -2.032847
v -0.980785 4.411033 -2.032847
v -0.999999 4.074657 -2.032847
v -0.941975 3.517688 -2.032847
v -0.923879 3.414832 -2.032847
v -0.831469 3.116740 -2.032847
v -0.707107 2.868344 -2.032847
v -0.555570 2.742053 -2.032847
v -0.815493 5.032575 -2.195058
v -0.906127 4.734483 -2.213087
v -0.975158 4.175102 -2.226818
v -0.980785 4.074657 -2.227937
v -0.961939 3.738281 -2.224189
v -0.906127 3.414832 -2.213087
v -0.747939 2.979167 -2.181621
v -0.693520 2.868344 -2.170796
v -0.544895 2.742053 -2.141233
v -0.817637 4.859887 -2.371523
v -0.853553 4.734483 -2.386400
v -0.906127 4.411033 -2.408177
v -0.923879 4.074657 -2.415530
v -0.870272 3.517688 -2.393325
v -0.853553 3.414832 -2.386400
v -0.768177 3.116740 -2.351036
v -0.653281 2.868344 -2.303445
v -0.513280 2.742053 -2.245454
v -0.691341 5.032575 -2.494786
v -0.768178 4.734483 -2.546126
v -0.826699 4.175102 -2.585229
v -0.831469 4.074657 -2.588417
v -0.815493 3.738281 -2.577742
v -0.768178 3.414832 -2.546126
v -0.634072 2.979167 -2.456520
v -0.587938 2.868344 -2.425694
v -0.461939 2.742053 -2.341505
v -0.625792 4.859887 -2.658639
v -0.653281 4.734483 -2.686128
v -0.693520 4.411033 -2.726367
v -0.707106 4.074657 -2.739953
v -0.666077 3.517688 -2.698924
v -0.653281 3.414832 -2.686128
v -0.587937 3.116740 -2.620784
v -0.500000 2.868344 -2.532847
v -0.392847 2.742053 -2.425694
v -0.461939 5.032575 -2.724188
v -0.513280 4.734483 -2.801024
v -0.552382 4.175102 -2.859545
v -0.555569 4.074657 -2.864316
v -0.544895 3.738281 -2.848340
v -0.513280 3.414832 -2.801024
v -0.423673 2.979167 -2.666919
v -0.392847 2.868344 -2.620784
v -0.308658 2.742053 -2.494786
v -0.338676 4.859887 -2.850483
v -0.353553 4.734483 -2.886400
v -0.375330 4.411033 -2.938974
v -0.382683 4.074657 -2.956726
v -0.360478 3.517688 -2.903118
v -0.353553 3.414832 -2.886400
v -0.318189 3.116740 -2.801024
v -0.270598 2.868344 -2.686128
v -0.212607 2.742053 -2.546126
v -0.162211 5.032575 -2.848340
v -0.180240 4.734483 -2.938974
v -0.193971 4.175102 -3.008004
v -0.195090 4.074657 -3.013631
v -0.191341 3.738281 -2.994786
v -0.180240 3.414832 -2.938974
v -0.148774 2.979167 -2.780785
v -0.137950 2.868344 -2.726367
v -0.108386 2.742053 -2.577741
v -0.000000 4.859887 -2.917850
v -0.000000 4.734483 -2.956726
v 0.000000 4.411033 -3.013632
v 0.000000 4.074657 -3.032846
v -0.000000 3.517688 -2.974822
v -0.000000 3.414832 -2.956726
v 0.000000 3.116740 -2.864316
v 0.000000 2.868344 -2.739953
v 0.000000 2.742053 -2.588417
v 0.162212 5.032575 -2.848339
v 0.180240 4.734483 -2.938974
v 0.193971 4.175102 -3.008004
v 0.195091 4.074657 -3.013631
v 0.191342 3.738281 -2.994786
v 0.180240 3.414832 -2.938974
v 0.148774 2.979167 -2.780785
v 0.137950 2.868344 -2.726367
v 0.108386 2.742053 -2.577741
v 0.338676 4.859887 -2.850483
v 0.353553 4.734483 -2.886400
v 0.375330 4.411033 -2.938973
v 0.382683 4.074657 -2.956725
v 0.360478 3.517688 -2.903118
v 0.353553 3.414832 -2.886400
v 0.318190 3.116740 -2.801024
v 0.270598 2.868344 -2.686128
v 0.212607 2.742053 -2.546126
v 0.461940 5.032575 -2.724188
v 0.513280 4.734483 -2.801024
v 0.552382 4.175102 -2.859545
v 0.555570 4.074657 -2.864315
v 0.544895 3.738281 -2.848339
v 0.513280 3.414832 -2.801024
v 0.423673 2.979167 -2.666919
v 0.392847 2.868344 -2.620784
v 0.308658 2.742053 -2.494786
v 0.625792 4.859887 -2.658639
v 0.653281 4.734483 -2.686128
v 0.693520 4.411033 -2.726366
v 0.707106 4.074657 -2.739952
v 0.666077 3.517688 -2.698924
v 0.653281 3.414832 -2.686128
v 0.587938 3.116740 -2.620784
v 0.500000 2.868344 -2.532846
v 0.392847 2.742053 -2.425694
v 0.691341 5.032575 -2.494786
v 0.768177 4.734483 -2.546126
v 0.826699 4.175102 -2.585229
v 0.831469 4.074657 -2.588416
v 0.815493 3.738281 -2.577741
v 0.768177 3.414832 -2.546126
v 0.634072 2.979167 -2.456520
v 0.587938 2.868344 -2.425694
v 0.461939 2.742053 -2.341505
v 0.817637 4.859887 -2.371523
v 0.853553 4.734483 -2.386400
v 0.906127 4.411033 -2.408176
v 0.923879 4.074657 -2.415529
v 0.870272 3.517688 -2.393325
v 0.853553 3.414832 -2.386400
v 0.768177 3.116740 -2.351036
v 0.653281 2.868344 -2.303445
v 0.513279 2.742053 -2.245454
v 0.815493 5.032575 -2.195058
v 0.906127 4.734483 -2.213087
v 0.975158 4.175102 -2.226818
v 0.980784 4.074657 -2.227936
v 0.961939 3.738281 -2.224188
v 0.906127 3.414832 -2.213087
v 0.747939 2.979167 -2.181621
v 0.693520 2.868344 -2.170796
v 0.544895 2.742053 -2.141233
v 0.707107 2.868344 -2.032847
v 0.555570 2.742053 -2.032846
v 0.923879 3.414832 -2.032847
v 0.923879 4.734483 -2.032847
vn -0.0000 1.0000 -0.0000
vn -0.2384 0.9712 -0.0000
vn -0.2901 0.9570 -0.0000
vn -0.2845 0.9570 -0.0566
vn -0.2338 0.9712 -0.0465
vn 0.1080 0.9942 -0.0000
vn 0.1059 0.9942 0.0211
vn 0.3574 0.9340 -0.0000
vn 0.5079 0.8614 -0.0000
vn 0.4982 0.8614 0.0991
vn 0.3505 0.9340 0.0697
vn -0.2680 0.9570 -0.1110
vn -0.2203 0.9712 -0.0912
vn 0.0998 0.9942 0.0413
vn -0.3505 0.9340 0.0697
vn -0.3574 0.9340 -0.0000
vn 0.4693 0.8614 0.1944
vn 0.3302 0.9340 0.1368
vn 0.4223 0.8614 0.2822
vn 0.2972 0.9340 0.1986
vn -0.2412 0.9570 -0.1611
vn -0.1982 0.9712 -0.1325
vn 0.0898 0.9942 0.0600
vn -0.2051 0.9570 -0.2051
vn -0.1686 0.9712 -0.1686
vn 0.0764 0.9942 0.0764
vn 0.3592 0.8614 0.3592
vn 0.2527 0.9340 0.2527
vn -0.1368 0.9340 -0.3302
vn -0.0697 0.9340 -0.3505
vn -0.1611 0.9570 -0.2412
vn -0.1325 0.9712 -0.1982
vn 0.0600 0.9942 0.0898
vn 0.2972 0.9340 -0.1986
vn 0.3302 0.9340 -0.1368
vn 0.2822 0.8614 0.4223
vn 0.1986 0.9340 0.2972
vn -0.1110 0.9570 -0.2680
vn -0.0912 0.9712 -0.2203
vn 0.0413 0.9942 0.0998
vn 0.1944 0.8614 0.4693
vn 0.1368 0.9340 0.3302
vn -0.0566 0.9570 -0.2845
vn -0.0465 0.9712 -0.2338
vn 0.0211 0.9942 0.1059
vn 0.0991 0.8614 0.4982
vn 0.0697 0.9340 0.3505
vn -0.0000 0.9570 -0.2901
vn -0.0000 0.9712 -0.2384
vn -0.0000 0.9942 0.1080
vn -0.0000 0.8614 0.5079
vn -0.0000 0.9340 0.3574
vn 0.0566 0.9570 -0.2845
vn 0.0465 0.9712 -0.2338
vn -0.0211 0.9942 0.1059
vn -0.1986 0.9340 0.2972
vn -0.2527 0.9340 0.2527
vn -0.0991 0.8614 0.4982
vn -0.0697 0.9340 0.3505
vn 0.0912 0.9712 -0.2203
vn -0.0413 0.9942 0.0998
vn -0.1944 0.8614 0.4693
vn -0.1368 0.9340 0.3302
vn 0.1110 0.9570 -0.2680
vn 0.1611 0.9570 -0.2412
vn 0.1325 0.9712 -0.1982
vn -0.0600 0.9942 0.0898
vn -0.2822 0.8614 0.4223
vn 0.1686 0.9712 -0.1686
vn -0.0764 0.9942 0.0764
vn -0.3302 0.9340 -0.1368
vn -0.2972 0.9340 -0.1986
vn -0.3592 0.8614 0.3592
vn 0.2051 0.9570 -0.2051
vn 0.0697 0.9340 -0.3505
vn 0.1368 0.9340 -0.3302
vn 0.2412 0.9570 -0.1611
vn 0.1982 0.9712 -0.1325
vn -0.0898 0.9942 0.0600
vn -0.4223 0.8614 0.2822
vn -0.2972 0.9340 0.1986
vn -0.4693 0.8614 0.1944
vn -0.3302 0.9340 0.1368
vn 0.2680 0.9570 -0.1110
vn 0.2203 0.9712 -0.0912
vn -0.0998 0.9942 0.0413
vn 0.2845 0.9570 -0.0566
vn 0.2338 0.9712 -0.0465
vn -0.1059 0.9942 0.0211
vn -0.4982 0.8614 0.0991
vn 0.2901 0.9570 -0.0000
vn 0.2384 0.9712 -0.0000
vn -0.1080 0.9942 -0.0000
vn -0.5079 0.8614 -0.0000
vn 0.2845 0.9570 0.0566
vn 0.2338 0.9712 0.0465
vn -0.1059 0.9942 -0.0211
vn -0.4982 0.8614 -0.0991
vn -0.3505 0.9340 -0.0697
vn -0.1986 0.9340 -0.2972
vn 0.2680 0.9570 0.1110
vn 0.2203 0.9712 0.0912
vn -0.0998 0.9942 -0.0413
vn -0.4693 0.8614 -0.1944
vn 0.2412 0.9570 0.1611
vn 0.1982 0.9712 0.1325
vn -0.0898 0.9942 -0.0600
vn -0.4223 0.8614 -0.2822
vn 0.2051 0.9570 0.2051
vn 0.1686 0.9712 0.1686
vn -0.0764 0.9942 -0.0764
vn -0.3592 0.8614 -0.3592
vn -0.2527 0.9340 -0.2527
vn 0.1611 0.9570 0.2412
vn 0.1325 0.9712 0.1982
vn -0.0600 0.9942 -0.0898
vn -0.2822 0.8614 -0.4223
vn 0.1110 0.9570 0.2680
vn 0.0912 0.9712 0.2203
vn -0.0413 0.9942 -0.0998
vn -0.1944 0.8614 -0.4693
vn 0.0465 0.9712 0.2338
vn -0.0211 0.9942 -0.1059
vn -0.0991 0.8614 -0.4982
vn 0.0566 0.9570 0.2845
vn -0.0000 0.9570 0.2901
vn -0.0000 0.9712 0.2384
vn -0.0000 0.9942 -0.1080
vn -0.0000 0.8614 -0.5079
vn -0.0000 0.9340 -0.3574
vn 0.0991 0.8614 -0.4982
vn -0.0566 0.9570 0.2845
vn -0.0465 0.9712 0.2338
vn 0.0211 0.9942 -0.1059
vn -0.1110 0.9570 0.2680
vn -0.0912 0.9712 0.2203
vn 0.0413 0.9942 -0.0998
vn 0.2527 0.9340 -0.2527
vn 0.1944 0.8614 -0.4693
vn 0.2822 0.8614 -0.4223
vn 0.1986 0.9340 -0.2972
vn -0.1611 0.9570 0.2412
vn -0.1325 0.9712 0.1982
vn 0.0600 0.9942 -0.0898
vn -0.2051 0.9570 0.2051
vn -0.1686 0.9712 0.1686
vn 0.0764 0.9942 -0.0764
vn 0.3592 0.8614 -0.3592
vn -0.2412 0.9570 0.1611
vn -0.1982 0.9712 0.1325
vn 0.0898 0.9942 -0.0600
vn 0.4223 0.8614 -0.2822
vn -0.2680 0.9570 0.1110
vn -0.2203 0.9712 0.0912
vn 0.0998 0.9942 -0.0413
vn 0.4693 0.8614 -0.1944
vn -0.2845 0.9570 0.0566
vn -0.2338 0.9712 0.0465
vn 0.1059 0.9942 -0.0211
vn 0.4982 0.8614 -0.0991
vn 0.3505 0.9340 -0.0697
vn -0.8535 0.4926 -0.1698
vn -0.8040 0.4926 -0.3330
vn -0.8228 0.4548 -0.3408
vn -0.8723 0.4571 -0.1735
vn -0.6798 -0.6527 -0.3346
vn 0.0098 -0.7923 0.6100
vn -0.0000 0.6249 0.7807
vn -0.1523 0.6249 0.7657
vn 0.1569 0.5946 -0.7886
vn 0.3077 0.5946 -0.7428
vn 0.7145 -0.6930 -0.0965
vn -0.6156 -0.7789 0.1193
vn -0.5020 -0.7685 -0.3967
vn 0.1698 0.4926 -0.8535
vn 0.3330 0.4926 -0.8040
vn 0.3408 0.4548 -0.8228
vn 0.1735 0.4571 -0.8723
vn -0.0000 0.5946 0.8040
vn -0.1569 0.5946 0.7886
vn 0.4973 -0.6650 0.5572
vn -0.0246 -0.7080 0.7058
vn -0.8040 0.5946 -0.0000
vn -0.7886 0.5946 -0.1569
vn -0.7406 -0.6720 0.0005
vn 0.4762 -0.7466 -0.4646
vn 0.5479 -0.6509 0.5255
vn -0.8703 0.4926 -0.0000
vn -0.8906 0.4548 -0.0000
vn 0.1523 0.6249 -0.7657
vn 0.2988 0.6249 -0.7213
vn 0.1523 0.6249 0.7657
vn 0.1103 -0.7947 0.5968
vn -0.7145 -0.6930 -0.0965
vn 0.1569 0.5946 0.7886
vn -0.7807 0.6249 -0.0000
vn -0.7657 0.6249 -0.1523
vn 0.5020 -0.7685 -0.3967
vn 0.3940 -0.6270 -0.6720
vn 0.1698 0.4926 0.8535
vn -0.0000 0.4926 0.8703
vn -0.0000 0.4548 0.8906
vn 0.1735 0.4571 0.8723
vn 0.6798 -0.6527 0.3346
vn -0.6260 -0.7586 -0.1807
vn -0.0000 0.6249 -0.7807
vn 0.6798 -0.6527 -0.3346
vn -0.7145 -0.6930 0.0965
vn -0.0000 0.5946 -0.8040
vn -0.7886 0.5946 0.1569
vn 0.5020 -0.7685 0.3967
vn 0.3940 -0.6270 0.6720
vn -0.0000 0.4926 -0.8703
vn -0.0000 0.4548 -0.8906
vn -0.7657 0.6249 0.1523
vn -0.0246 -0.7080 -0.7058
vn -0.6260 -0.7586 0.1807
vn 0.3330 0.4926 0.8040
vn 0.3408 0.4548 0.8228
vn 0.4973 -0.6650 -0.5572
vn -0.8535 0.4926 0.1698
vn -0.8723 0.4571 0.1735
vn 0.3077 0.5946 0.7428
vn 0.4762 -0.7466 0.4646
vn -0.7406 -0.6720 -0.0005
vn 0.1103 -0.7947 -0.5968
vn 0.2988 0.6249 0.7213
vn -0.5020 -0.7685 0.3967
vn 0.5479 -0.6509 -0.5255
vn -0.1698 0.4926 -0.8535
vn -0.1735 0.4571 -0.8723
vn -0.6156 -0.7789 -0.1193
vn 0.6260 -0.7586 0.1807
vn -0.1569 0.5946 -0.7886
vn -0.7428 0.5946 0.3077
vn -0.6798 -0.6527 0.3346
vn 0.0098 -0.7923 -0.6100
vn -0.1523 0.6249 -0.7657
vn -0.8040 0.4926 0.3330
vn -0.8228 0.4548 0.3408
vn 0.0246 -0.7080 0.7058
vn 0.7129 -0.5269 0.4628
vn 0.7145 -0.6930 0.0965
vn -0.4762 -0.7466 -0.4646
vn -0.7363 -0.6712 0.0863
vn -0.1103 -0.7947 0.5968
vn 0.4467 0.5946 0.6685
vn -0.1133 -0.7094 -0.6956
vn 0.7657 0.6249 -0.1523
vn 0.7807 0.6249 -0.0000
vn 0.3071 -0.7671 -0.5633
vn 0.6652 -0.5896 0.4582
vn -0.3940 -0.6270 -0.6720
vn 0.4835 0.4926 0.7236
vn 0.4941 0.4571 0.7395
vn -0.7213 0.6249 0.2988
vn 0.8040 0.5946 -0.0000
vn 0.7886 0.5946 0.1569
vn -0.7042 -0.7099 0.0094
vn -0.2988 0.6249 -0.7213
vn 0.8703 0.4926 -0.0000
vn 0.8535 0.4926 0.1698
vn 0.8723 0.4571 0.1735
vn 0.8906 0.4548 -0.0000
vn -0.5479 -0.6509 0.5255
vn 0.4337 0.6249 0.6491
vn -0.3077 0.5946 -0.7428
vn 0.4915 -0.6455 -0.5846
vn 0.6156 -0.7789 0.1193
vn 0.7167 -0.5680 0.4047
vn -0.3330 0.4926 -0.8040
vn -0.3408 0.4548 -0.8228
vn -0.6491 0.6249 0.4337
vn -0.4973 -0.6650 0.5572
vn 0.7886 0.5946 -0.1569
vn -0.2154 -0.6983 -0.6826
vn 0.7406 -0.6720 0.0005
vn 0.8535 0.4926 -0.1698
vn 0.8723 0.4571 -0.1735
vn -0.6685 0.5946 0.4467
vn 0.5685 0.5946 0.5685
vn 0.6583 -0.7264 0.1976
vn -0.7129 -0.5269 -0.4628
vn -0.7519 -0.6285 0.1992
vn -0.7236 0.4926 0.4835
vn -0.7395 0.4571 0.4941
vn 0.7428 0.5946 -0.3077
vn 0.5520 0.6249 0.5520
vn 0.1133 -0.7094 0.6956
vn 0.3895 -0.6801 -0.6211
vn -0.0902 -0.7710 -0.6305
vn 0.7213 0.6249 -0.2988
vn -0.4835 0.4926 -0.7236
vn -0.4941 0.4571 -0.7395
vn -0.6652 -0.5896 -0.4582
vn 0.6154 0.4926 0.6154
vn 0.6297 0.4548 0.6297
vn 0.7042 -0.7099 -0.0094
vn -0.6504 -0.7588 0.0349
vn -0.4467 0.5946 -0.6685
vn 0.8040 0.4926 -0.3330
vn 0.8228 0.4548 -0.3408
vn 0.2927 -0.7295 -0.6181
vn -0.4915 -0.6455 0.5846
vn -0.0098 -0.7923 0.6100
vn -0.1539 -0.7837 -0.6017
vn -0.4337 0.6249 -0.6491
vn 0.9999 -0.0134 -0.0000
vn 0.9960 -0.0888 -0.0000
vn 0.9769 -0.0895 0.1943
vn 0.9793 -0.0325 0.1999
vn 0.9549 -0.2969 -0.0000
vn 0.9412 -0.3380 -0.0000
vn 0.9240 -0.3354 0.1838
vn 0.9450 -0.2650 0.1918
vn 0.8390 0.5441 -0.0000
vn 0.8428 0.5109 0.1696
vn 0.9755 0.2201 -0.0000
vn 0.9890 0.1480 -0.0000
vn 0.9702 0.1468 0.1930
vn 0.9417 0.2679 0.2035
vn 0.9202 -0.0888 0.3812
vn 0.9188 0.0371 0.3929
vn 0.8695 -0.3380 0.3602
vn 0.8844 -0.2864 0.3686
vn 0.8228 0.4548 0.3408
vn 0.7444 0.5802 0.3305
vn 0.9137 0.1480 0.3785
vn 0.8994 0.2227 0.3761
vn 0.7395 0.4571 0.4941
vn 0.7097 0.5195 0.4758
vn 0.8225 0.1468 0.5496
vn 0.7872 0.2984 0.5397
vn 0.8281 -0.0895 0.5533
vn 0.8297 -0.0137 0.5580
vn 0.7833 -0.3354 0.5234
vn 0.8085 -0.2252 0.5437
vn 0.7043 -0.0888 0.7043
vn 0.7014 0.0631 0.7100
vn 0.6655 -0.3380 0.6655
vn 0.6805 -0.2690 0.6816
vn 0.5617 0.5953 0.5745
vn 0.6993 0.1480 0.6993
vn 0.6865 0.2342 0.6884
vn 0.4728 0.5246 0.7080
vn 0.5496 0.1468 0.8225
vn 0.5266 0.3102 0.7915
vn 0.5533 -0.0895 0.8281
vn 0.5552 -0.0054 0.8317
vn 0.5234 -0.3354 0.7833
vn 0.5430 -0.2080 0.8136
vn 0.3812 -0.0888 0.9202
vn 0.3846 0.0669 0.9206
vn 0.3602 -0.3380 0.8695
vn 0.3692 -0.2663 0.8904
vn 0.3109 0.5975 0.7392
vn 0.3785 0.1480 0.9137
vn 0.3725 0.2359 0.8976
vn 0.1930 0.1468 0.9702
vn 0.1941 0.3046 0.9325
vn 0.1943 -0.0895 0.9769
vn 0.1967 -0.0078 0.9804
vn 0.1838 -0.3354 0.9240
vn 0.1926 -0.2164 0.9571
vn 0.1666 0.5251 0.8346
vn -0.0000 -0.3380 0.9412
vn -0.0000 -0.2677 0.9635
vn -0.0000 0.5854 0.8107
vn -0.0000 0.1480 0.9890
vn -0.0000 0.2387 0.9711
vn -0.0000 -0.0888 0.9960
vn -0.0000 0.0475 0.9989
vn -0.1930 0.1468 0.9702
vn -0.1941 0.3046 0.9325
vn -0.1943 -0.0895 0.9769
vn -0.1967 -0.0078 0.9804
vn -0.1838 -0.3354 0.9240
vn -0.1926 -0.2164 0.9571
vn -0.1735 0.4571 0.8723
vn -0.1666 0.5251 0.8346
vn -0.3602 -0.3380 0.8695
vn -0.3692 -0.2663 0.8904
vn -0.3408 0.4548 0.8228
vn -0.3109 0.5975 0.7392
vn -0.3785 0.1480 0.9137
vn -0.3725 0.2359 0.8976
vn -0.3812 -0.0888 0.9202
vn -0.3846 0.0669 0.9206
vn -0.5496 0.1468 0.8225
vn -0.5266 0.3102 0.7915
vn -0.5533 -0.0895 0.8281
vn -0.5552 -0.0054 0.8317
vn -0.5234 -0.3354 0.7833
vn -0.5430 -0.2080 0.8136
vn -0.4941 0.4571 0.7395
vn -0.4728 0.5246 0.7080
vn -0.6655 -0.3380 0.6655
vn -0.6805 -0.2690 0.6816
vn -0.6297 0.4548 0.6297
vn -0.5617 0.5953 0.5745
vn -0.6993 0.1480 0.6993
vn -0.6865 0.2342 0.6884
vn -0.7043 -0.0888 0.7043
vn -0.7014 0.0631 0.7100
vn -0.8225 0.1468 0.5496
vn -0.7872 0.2984 0.5397
vn -0.8281 -0.0895 0.5533
vn -0.8297 -0.0137 0.5580
vn -0.7833 -0.3354 0.5234
vn -0.8085 -0.2252 0.5437
vn -0.7097 0.5195 0.4758
vn -0.8695 -0.3380 0.3602
vn -0.8844 -0.2864 0.3686
vn -0.7444 0.5802 0.3305
vn -0.9137 0.1480 0.3785
vn -0.8994 0.2227 0.3761
vn -0.9202 -0.0888 0.3812
vn -0.9188 0.0371 0.3929
vn -0.9769 -0.0895 0.1943
vn -0.9793 -0.0325 0.1999
vn -0.9240 -0.3354 0.1838
vn -0.9450 -0.2650 0.1918
vn -0.8428 0.5109 0.1696
vn -0.9702 0.1468 0.1930
vn -0.9417 0.2679 0.2035
vn -0.8390 0.5441 -0.0000
vn -0.9890 0.1480 -0.0000
vn -0.9755 0.2201 -0.0000
vn -0.9960 -0.0888 -0.0000
vn -0.9999 -0.0134 -0.0000
vn -0.9412 -0.3380 -0.0000
vn -0.9549 -0.2969 -0.0000
vn -0.9769 -0.0895 -0.1943
vn -0.9793 -0.0325 -0.1999
vn -0.9240 -0.3354 -0.1838
vn -0.9450 -0.2650 -0.1918
vn -0.8428 0.5109 -0.1696
vn -0.9702 0.1468 -0.1930
vn -0.9417 0.2679 -0.2035
vn -0.7444 0.5802 -0.3305
vn -0.9137 0.1480 -0.3785
vn -0.8994 0.2227 -0.3761
vn -0.9202 -0.0888 -0.3812
vn -0.9188 0.0371 -0.3929
vn -0.8695 -0.3380 -0.3602
vn -0.8844 -0.2864 -0.3686
vn -0.8281 -0.0895 -0.5533
vn -0.8297 -0.0137 -0.5580
vn -0.7833 -0.3354 -0.5234
vn -0.8085 -0.2252 -0.5437
vn -0.7395 0.4571 -0.4941
vn -0.7097 0.5195 -0.4758
vn -0.8225 0.1468 -0.5496
vn -0.7872 0.2984 -0.5397
vn -0.6993 0.1480 -0.6993
vn -0.6865 0.2342 -0.6884
vn -0.7043 -0.0888 -0.7043
vn -0.7014 0.0631 -0.7100
vn -0.6655 -0.3380 -0.6655
vn -0.6805 -0.2690 -0.6816
vn -0.6297 0.4548 -0.6297
vn -0.5617 0.5953 -0.5745
vn -0.5234 -0.3354 -0.7833
vn -0.5430 -0.2080 -0.8136
vn -0.4728 0.5246 -0.7080
vn -0.5496 0.1468 -0.8225
vn -0.5266 0.3102 -0.7915
vn -0.5533 -0.0895 -0.8281
vn -0.5552 -0.0054 -0.8317
vn -0.3785 0.1480 -0.9137
vn -0.3725 0.2359 -0.8976
vn -0.3812 -0.0888 -0.9202
vn -0.3846 0.0669 -0.9206
vn -0.3602 -0.3380 -0.8695
vn -0.3692 -0.2663 -0.8904
vn -0.3109 0.5975 -0.7392
vn -0.1838 -0.3354 -0.9240
vn -0.1926 -0.2164 -0.9571
vn -0.1666 0.5251 -0.8346
vn -0.1930 0.1468 -0.9702
vn -0.1941 0.3046 -0.9325
vn -0.1943 -0.0895 -0.9769
vn -0.1967 -0.0078 -0.9804
vn -0.0000 0.1480 -0.9890
vn -0.0000 0.2387 -0.9711
vn -0.0000 -0.0888 -0.9960
vn -0.0000 0.0475 -0.9989
vn -0.0000 -0.3380 -0.9412
vn -0.0000 -0.2677 -0.9635
vn -0.0000 0.5854 -0.8107
vn 0.1838 -0.3354 -0.9240
vn 0.1926 -0.2164 -0.9571
vn 0.1666 0.5251 -0.8346
vn 0.1930 0.1468 -0.9702
vn 0.1941 0.3046 -0.9325
vn 0.1943 -0.0895 -0.9769
vn 0.1967 -0.0078 -0.9804
vn 0.3812 -0.0888 -0.9202
vn 0.3846 0.0669 -0.9206
vn 0.3602 -0.3380 -0.8695
vn 0.3692 -0.2663 -0.8904
vn 0.3109 0.5975 -0.7392
vn 0.3785 0.1480 -0.9137
vn 0.3725 0.2359 -0.8976
vn 0.4941 0.4571 -0.7395
vn 0.4728 0.5246 -0.7080
vn 0.5496 0.1468 -0.8225
vn 0.5266 0.3102 -0.7915
vn 0.5533 -0.0895 -0.8281
vn 0.5552 -0.0054 -0.8317
vn 0.5234 -0.3354 -0.7833
vn 0.5430 -0.2080 -0.8136
vn 0.7043 -0.0888 -0.7043
vn 0.7014 0.0631 -0.7100
vn 0.6655 -0.3380 -0.6655
vn 0.6805 -0.2690 -0.6816
vn 0.6297 0.4548 -0.6297
vn 0.5617 0.5953 -0.5745
vn 0.6993 0.1480 -0.6993
vn 0.6865 0.2342 -0.6884
vn 0.7395 0.4571 -0.4941
vn 0.7097 0.5195 -0.4758
vn 0.8225 0.1468 -0.5496
vn 0.7872 0.2984 -0.5397
vn 0.8281 -0.0895 -0.5533
vn 0.8297 -0.0137 -0.5580
vn 0.7833 -0.3354 -0.5234
vn 0.8085 -0.2252 -0.5437
vn 0.9202 -0.0888 -0.3812
vn 0.9188 0.0371 -0.3929
vn 0.8695 -0.3380 -0.3602
vn 0.8844 -0.2864 -0.3686
vn 0.7444 0.5802 -0.3305
vn 0.9137 0.1480 -0.3785
vn 0.8994 0.2227 -0.3761
vn 0.8428 0.5109 -0.1696
vn 0.9702 0.1468 -0.1930
vn 0.9417 0.2679 -0.2035
vn 0.9769 -0.0895 -0.1943
vn 0.9793 -0.0325 -0.1999
vn 0.9240 -0.3354 -0.1838
vn 0.9450 -0.2650 -0.1918
vn -0.7428 0.5946 -0.3077
vn 0.6260 -0.7586 -0.1807
vn 0.6652 -0.5896 -0.4582
vn -0.1698 0.4926 0.8535
vn 0.4835 0.4926 -0.7236
vn -0.7213 0.6249 -0.2988
vn -0.7042 -0.7099 -0.0094
vn -0.1133 -0.7094 0.6956
vn 0.3071 -0.7671 0.5633
vn 0.4467 0.5946 -0.6685
vn 0.7129 -0.5269 -0.4628
vn -0.3940 -0.6270 0.6720
vn -0.7363 -0.6712 -0.0863
vn -0.3077 0.5946 0.7428
vn 0.7657 0.6249 0.1523
vn 0.4337 0.6249 -0.6491
vn 0.7406 -0.6720 -0.0005
vn -0.1103 -0.7947 -0.5968
vn 0.4915 -0.6455 0.5846
vn -0.4973 -0.6650 -0.5572
vn -0.4762 -0.7466 0.4646
vn -0.3330 0.4926 0.8040
vn 0.0246 -0.7080 -0.7058
vn 0.7167 -0.5680 -0.4047
vn 0.6156 -0.7789 -0.1193
vn -0.6491 0.6249 -0.4337
vn -0.6685 0.5946 -0.4467
vn -0.5479 -0.6509 -0.5255
vn -0.0902 -0.7710 0.6305
vn -0.2988 0.6249 0.7213
vn 0.5520 0.6249 -0.5520
vn -0.7236 0.4926 -0.4835
vn 0.7213 0.6249 0.2988
vn 0.3895 -0.6801 0.6211
vn 0.6583 -0.7264 -0.1976
vn -0.6652 -0.5896 0.4582
vn -0.7519 -0.6284 -0.1992
vn 0.1133 -0.7094 -0.6956
vn 0.5685 0.5946 -0.5685
vn -0.2154 -0.6983 0.6826
vn 0.7428 0.5946 0.3077
vn 0.2927 -0.7295 0.6181
vn 0.7363 -0.6712 0.0863
vn -0.7129 -0.5269 0.4628
vn 0.6154 0.4926 -0.6154
vn -0.4467 0.5946 0.6685
vn 0.8040 0.4926 0.3330
vn -0.6504 -0.7588 -0.0349
vn -0.4337 0.6249 0.6491
vn -0.0098 -0.7923 -0.6100
vn -0.4915 -0.6455 -0.5846
vn -0.5685 0.5946 -0.5685
vn -0.1539 -0.7837 0.6017
vn 0.7042 -0.7099 0.0094
vn 0.7207 -0.6376 -0.2721
vn -0.4835 0.4926 0.7236
vn -0.5520 0.6249 -0.5520
vn -0.3071 -0.7671 -0.5633
vn -0.7385 -0.6354 -0.2258
vn -0.3086 -0.6838 0.6611
vn 0.7236 0.4926 0.4835
vn 0.1539 -0.7837 0.6017
vn 0.0902 -0.7710 -0.6305
vn 0.7236 0.4926 -0.4835
vn 0.7385 -0.6354 -0.2258
vn -0.6583 -0.7264 0.1976
vn 0.6685 0.5946 -0.4467
vn -0.6154 0.4926 -0.6154
vn 0.6685 0.5946 0.4467
vn -0.7207 -0.6376 -0.2721
vn -0.2927 -0.7295 -0.6181
vn 0.2154 -0.6983 -0.6826
vn 0.6491 0.6249 -0.4337
vn -0.5685 0.5946 0.5685
vn 0.6491 0.6249 0.4337
vn 0.3086 -0.6838 0.6611
vn -0.6154 0.4926 0.6154
vn -0.7167 -0.5680 0.4047
vn 0.6504 -0.7588 0.0349
vn 0.7519 -0.6285 -0.1992
vn -0.3895 -0.6801 -0.6211
vn -0.2927 -0.7295 0.6181
vn -0.5520 0.6249 0.5520
vn 0.7519 -0.6284 0.1992
vn -0.7167 -0.5680 -0.4047
vn 0.6504 -0.7588 -0.0349
vn -0.7207 -0.6376 0.2721
vn -0.3895 -0.6801 0.6211
vn 0.3086 -0.6838 -0.6611
vn 0.0902 -0.7710 0.6305
vn 0.7207 -0.6376 0.2721
vn -0.7385 -0.6354 0.2258
vn -0.6583 -0.7264 -0.1976
vn 0.1539 -0.7837 -0.6017
vn 0.2154 -0.6983 0.6826
vn -0.3086 -0.6838 -0.6611
vn -0.3071 -0.7671 0.5633
vn 0.7385 -0.6354 0.2258
vn 0.7363 -0.6712 -0.0863
vn -0.3371 0.6649 0.6666
vn -0.5391 0.5194 0.6630
vn -0.7600 0.4300 0.4874
vn 0.1687 0.6765 0.7169
vn 0.3705 0.5382 0.7570
vn -0.0952 0.5869 0.8040
vn -0.0789 0.7839 0.6159
vn -0.0567 0.9265 0.3719
vn 0.6262 0.4582 0.6308
vn 0.6961 0.4185 0.5834
vn 0.4379 0.5231 0.7312
vn -0.0952 0.5865 0.8044
vn -0.5994 0.5018 0.6236
vn -0.8171 0.3870 0.4272
vn -0.2807 0.5721 0.7706
vn -0.8742 0.3146 0.3699
vn 0.0948 0.5797 0.8093
vn 0.7673 0.3479 0.5388
vn -0.0970 0.5864 0.8042
vn 0.3374 -0.6648 -0.6664
vn 0.7598 -0.4300 -0.4877
vn 0.5391 -0.5193 -0.6631
vn -0.1692 -0.6764 -0.7168
vn 0.0789 -0.7835 -0.6163
vn 0.0952 -0.5869 -0.8041
vn -0.3705 -0.5381 -0.7571
vn 0.0567 -0.9268 -0.3712
vn -0.6260 -0.4582 -0.6310
vn -0.4380 -0.5231 -0.7311
vn -0.6953 -0.4190 -0.5839
vn 0.0952 -0.5864 -0.8044
vn 0.5995 -0.5018 -0.6236
vn 0.8165 -0.3877 -0.4278
vn 0.2816 -0.5718 -0.7705
vn 0.8735 -0.3156 -0.3706
vn -0.0957 -0.5795 -0.8093
vn -0.7664 -0.3488 -0.5393
vn 0.0970 -0.5864 -0.8042
vn -0.9470 0.2080 -0.2447
vn -0.9189 0.2653 -0.2921
vn -0.8455 0.3743 -0.3809
vn -0.9951 -0.0983 -0.0080
vn 0.7166 -0.5068 0.4792
vn 0.5771 -0.6168 0.5353
vn 0.4970 -0.6654 0.5570
vn 0.9790 -0.0583 0.1951
vn 0.8399 0.4731 -0.2661
vn 0.9473 0.3041 -0.1009
vn 0.8904 0.4083 -0.2011
vn -0.0443 -0.8077 0.5879
vn -0.6488 -0.6416 0.4091
vn -0.5708 -0.6882 0.4479
vn -0.0402 -0.8077 0.5883
vn 0.9679 0.2468 -0.0477
vn -0.7864 0.4402 -0.4334
vn -0.7782 -0.5371 0.3253
vn -0.2996 0.2477 0.9214
vn -0.4510 0.2403 0.8596
vn -0.6947 0.2134 0.6869
vn 0.2996 0.2477 0.9214
vn 0.4510 0.2403 0.8596
vn -0.0000 0.2593 0.9658
vn -0.0000 0.2598 0.9657
vn -0.0000 0.7315 0.6818
vn -0.1380 0.7245 0.6753
vn 0.6947 0.2134 0.6869
vn 0.7505 0.2016 0.6294
vn 0.7680 0.1897 0.6117
vn 0.1380 0.7245 0.6753
vn 0.1888 0.2542 0.9486
vn -0.0000 0.2588 0.9659
vn -0.1888 0.2542 0.9486
vn -0.7680 0.1897 0.6117
vn -0.7505 0.2016 0.6294
vn -0.8252 0.1462 0.5456
vn 0.8252 0.1462 0.5456
vn 0.2996 -0.2475 -0.9214
vn 0.6945 -0.2133 -0.6872
vn 0.4510 -0.2401 -0.8596
vn -0.2996 -0.2475 -0.9214
vn -0.0000 -0.2596 -0.9657
vn -0.0000 -0.2593 -0.9658
vn -0.4510 -0.2401 -0.8596
vn -0.0000 -0.7320 -0.6813
vn 0.1395 -0.7249 -0.6746
vn -0.6945 -0.2133 -0.6872
vn -0.7675 -0.1899 -0.6123
vn -0.7499 -0.2019 -0.6300
vn -0.1395 -0.7249 -0.6746
vn -0.0000 -0.2588 -0.9659
vn -0.1897 -0.2540 -0.9484
vn 0.1897 -0.2540 -0.9484
vn 0.7499 -0.2019 -0.6300
vn 0.7675 -0.1899 -0.6123
vn 0.1897 -0.2539 -0.9484
vn -0.0000 -0.2587 -0.9660
vn 0.8245 -0.1469 -0.5465
vn -0.1897 -0.2539 -0.9484
vn -0.8245 -0.1469 -0.5465
vn -0.9627 0.2648 -0.0557
vn -0.9370 0.3392 -0.0834
vn -0.8795 0.4583 -0.1285
vn -0.9925 -0.1067 0.0598
vn 0.7515 -0.6317 0.1903
vn 0.6319 -0.7447 0.2149
vn 0.5120 -0.8272 0.2317
vn 0.9925 -0.1067 0.0598
vn 0.8176 0.5518 -0.1645
vn 0.9370 0.3392 -0.0834
vn 0.8795 0.4583 -0.1285
vn -0.0000 -0.9650 0.2621
vn -0.6319 -0.7447 0.2149
vn -0.5120 -0.8272 0.2317
vn 0.9627 0.2648 -0.0557
vn -0.8176 0.5518 -0.1645
vn -0.7515 -0.6317 0.1903
vn 0.6959 0.6916 0.1935
vn 0.7276 0.5574 0.3999
vn 0.5883 0.4813 0.6498
vn 0.6769 0.6663 -0.3129
vn 0.6858 0.5160 -0.5133
vn 0.8005 0.5959 -0.0636
vn 0.6088 0.7909 -0.0616
vn 0.3626 0.9302 -0.0569
vn 0.5241 0.4194 -0.7412
vn 0.4677 0.3736 -0.8010
vn 0.4674 0.3731 -0.8014
vn 0.7780 0.5765 -0.2497
vn 0.8009 0.5955 -0.0635
vn 0.6984 0.5433 0.4659
vn 0.5372 0.4426 0.7180
vn 0.7950 0.5932 0.1271
vn 0.4894 0.3728 0.7883
vn 0.4153 0.2999 -0.8588
vn 0.8007 0.5953 -0.0675
vn -0.6958 -0.6916 -0.1939
vn -0.5886 -0.4813 -0.6496
vn -0.7277 -0.5573 -0.3999
vn -0.6768 -0.6662 0.3133
vn -0.6093 -0.7905 0.0616
vn -0.8006 -0.5959 0.0636
vn -0.6859 -0.5159 0.5133
vn -0.3619 -0.9305 0.0569
vn -0.5244 -0.4194 0.7410
vn -0.4679 -0.3736 0.8010
vn -0.4683 -0.3742 0.8004
vn -0.8009 -0.5954 0.0635
vn -0.7779 -0.5762 0.2506
vn -0.6983 -0.5433 -0.4660
vn -0.5377 -0.4431 -0.7173
vn -0.7950 -0.5929 -0.1281
vn -0.4900 -0.3738 -0.7875
vn -0.7780 -0.5762 0.2506
vn -0.4159 -0.3009 0.8582
vn -0.8007 -0.5953 0.0675
vn -0.1063 0.2681 0.9575
vn -0.1596 0.3248 0.9322
vn -0.2565 0.4250 0.8681
vn 0.1394 -0.0332 0.9897
vn 0.3763 -0.5500 -0.7456
vn 0.4541 -0.6507 -0.6086
vn 0.4889 -0.6949 -0.5273
vn 0.0503 -0.1210 -0.9914
vn -0.3933 0.4160 -0.8200
vn -0.2420 0.2397 -0.9402
vn -0.3373 0.3504 -0.8738
vn 0.5998 -0.8001 0.0081
vn 0.5094 -0.5963 0.6204
vn 0.5355 -0.6447 0.5455
vn 0.6002 -0.7997 0.0172
vn -0.1927 0.1829 -0.9641
vn -0.3198 0.4883 0.8120
vn 0.4438 -0.4836 0.7545
vn -0.5508 0.8342 -0.0282
vn -0.7133 0.6775 -0.1795
vn -0.7206 0.5413 -0.4332
vn -0.3064 0.8663 0.3945
vn -0.2579 0.7377 0.6239
vn -0.5542 0.7922 0.2554
vn -0.3414 0.9313 0.1269
vn -0.1138 0.9935 -0.0075
vn -0.0354 0.6300 0.7758
vn 0.0387 0.5734 0.8184
vn -0.1996 0.7148 0.6703
vn -0.5545 0.7919 0.2557
vn -0.7209 0.6455 -0.2522
vn -0.7164 0.4732 -0.5126
vn -0.6369 0.7658 0.0886
vn -0.7197 0.3952 -0.5708
vn -0.4507 0.7897 0.4163
vn 0.0942 0.4994 0.8612
vn -0.5563 0.7917 0.2525
vn 0.5508 -0.8342 0.0287
vn 0.7207 -0.5415 0.4329
vn 0.7134 -0.6774 0.1794
vn 0.3060 -0.8663 -0.3948
vn 0.3419 -0.9311 -0.1272
vn 0.5542 -0.7922 -0.2555
vn 0.2580 -0.7376 -0.6240
vn 0.1131 -0.9936 0.0079
vn 0.0357 -0.6301 -0.7757
vn 0.1996 -0.7148 -0.6703
vn -0.0380 -0.5741 -0.8179
vn 0.5546 -0.7919 -0.2557
vn 0.7209 -0.6455 0.2523
vn 0.7164 -0.4741 0.5118
vn 0.6374 -0.7655 -0.0879
vn 0.5546 -0.7918 -0.2557
vn 0.7196 -0.3964 0.5701
vn 0.4503 -0.7895 -0.4171
vn -0.0935 -0.5005 -0.8607
vn 0.5564 -0.7917 -0.2525
vn -0.5054 -0.0411 -0.8619
vn -0.2295 0.1601 -0.9601
vn -0.0969 0.2373 -0.9666
vn -0.4017 0.0415 -0.9148
vn -0.5856 -0.1108 -0.8030
vn -0.0831 -0.3368 0.9379
vn -0.2488 -0.4374 0.8642
vn -0.2895 -0.4602 0.8393
vn 0.4796 0.0844 0.8734
vn 0.3933 0.0146 0.9193
vn 0.5708 0.1636 0.8046
vn 0.7983 0.3884 0.4603
vn 0.6962 0.2806 0.6607
vn 0.7602 0.3447 0.5506
vn -0.8032 -0.5882 0.0945
vn -0.8401 -0.5114 -0.1811
vn -0.8375 -0.5346 -0.1137
vn -0.4567 -0.5439 0.7040
vn -0.0081 0.2852 -0.9584
vn -0.8243 -0.4317 -0.3662
vn 0.5601 0.7607 -0.3281
vn 0.7563 0.6033 -0.2531
vn 0.8758 0.4824 -0.0159
vn 0.1398 0.7946 -0.5908
vn -0.0175 0.6630 -0.7484
vn 0.4192 0.7064 -0.5704
vn 0.3057 0.8741 -0.3775
vn 0.1721 0.9726 -0.1561
vn -0.2953 0.5710 -0.7660
vn -0.3814 0.5229 -0.7623
vn -0.0902 0.6448 -0.7590
vn 0.4193 0.7060 -0.5707
vn 0.7943 0.5767 -0.1911
vn 0.9039 0.4234 0.0601
vn 0.5693 0.6815 -0.4599
vn 0.9302 0.3467 0.1204
vn 0.2516 0.7053 -0.6627
vn -0.4581 0.4509 -0.7661
vn 0.4232 0.7057 -0.5683
vn -0.5603 -0.7607 0.3277
vn -0.8757 -0.4825 0.0162
vn -0.7564 -0.6032 0.2532
vn -0.1393 -0.7946 0.5909
vn -0.3060 -0.8738 0.3780
vn -0.4192 -0.7063 0.5704
vn 0.0174 -0.6629 0.7485
vn -0.1717 -0.9728 0.1554
vn 0.2950 -0.5711 0.7661
vn 0.0903 -0.6448 0.7590
vn 0.3805 -0.5236 0.7623
vn -0.4193 -0.7060 0.5708
vn -0.7943 -0.5767 0.1910
vn -0.9036 -0.4242 -0.0593
vn -0.5700 -0.6812 0.4595
vn -0.4194 -0.7059 0.5708
vn -0.9299 -0.3478 -0.1196
vn -0.2508 -0.7051 0.6632
vn 0.4572 -0.4519 0.7660
vn -0.4232 -0.7057 0.5682
vn 0.7233 0.1402 0.6762
vn 0.6728 0.1910 0.7148
vn 0.5608 0.2868 0.7767
vn 0.8881 -0.1250 0.4423
vn -0.3974 -0.4032 -0.8243
vn -0.2323 -0.5123 -0.8268
vn -0.1717 -0.5461 -0.8200
vn -0.8291 0.0796 -0.5533
vn -0.7816 0.0003 -0.6238
vn -0.8726 0.1765 -0.4555
vn -0.8920 0.4462 -0.0729
vn -0.9052 0.3120 -0.2887
vn -0.9046 0.3936 -0.1637
vn 0.3466 -0.7031 -0.6209
vn 0.7904 -0.5878 -0.1726
vn 0.7483 -0.6195 -0.2372
vn 0.3326 -0.7019 -0.6298
vn 0.4835 0.3430 0.8053
vn 0.8669 -0.4981 -0.0171
vn 0.4605 0.7048 0.5397
vn 0.4003 0.5489 0.7338
vn 0.1711 0.4393 0.8819
vn 0.6675 0.7399 0.0831
vn 0.7879 0.6083 -0.0956
vn 0.6746 0.6438 0.3611
vn 0.4845 0.8280 0.2824
vn 0.2525 0.9501 0.1832
vn 0.7606 0.5278 -0.3781
vn 0.7419 0.4859 -0.4621
vn 0.7873 0.5931 -0.1683
vn 0.6750 0.6434 0.3612
vn 0.5839 0.6200 0.5241
vn 0.0996 0.3892 0.9158
vn 0.0976 0.3869 0.9169
vn 0.0338 0.3114 0.9497
vn 0.7431 0.6439 0.1824
vn 0.7294 0.4156 -0.5433
vn 0.6727 0.6431 0.3659
vn -0.4602 -0.7047 -0.5400
vn -0.1714 -0.4394 -0.8818
vn -0.4004 -0.5488 -0.7338
vn -0.6676 -0.7399 -0.0826
vn -0.4849 -0.8276 -0.2826
vn -0.6746 -0.6438 -0.3611
vn -0.7880 -0.6082 0.0955
vn -0.2519 -0.9503 -0.1828
vn -0.7607 -0.5278 0.3778
vn -0.7873 -0.5931 0.1685
vn -0.7420 -0.4865 0.4612
vn -0.6750 -0.6434 -0.3612
vn -0.3432 -0.5258 -0.7783
vn -0.0983 -0.3876 -0.9165
vn -0.5835 -0.6197 -0.5248
vn -0.6750 -0.6433 -0.3612
vn -0.0345 -0.3124 -0.9493
vn -0.7434 -0.6437 -0.1816
vn -0.7296 -0.4165 0.5424
vn -0.6727 -0.6431 -0.3659
vn -0.5592 0.1548 0.8144
vn -0.5993 0.2091 0.7727
vn -0.6691 0.3154 0.6729
vn -0.3263 -0.1337 0.9358
vn 0.7294 -0.4425 -0.5218
vn 0.7457 -0.5555 -0.3679
vn 0.7443 -0.5979 -0.2975
vn 0.5104 -0.0083 -0.8599
vn -0.0144 0.4803 -0.8770
vn 0.1884 0.3304 -0.9249
vn 0.0697 0.4219 -0.9039
vn 0.6066 -0.7607 0.2310
vn 0.2288 -0.6322 0.7403
vn 0.2910 -0.6703 0.6826
vn 0.6126 -0.7597 0.2179
vn 0.2523 0.2764 -0.9273
vn -0.7036 0.3771 0.6022
vn 0.0958 -0.5373 0.8379
vn -0.8397 0.3672 0.4000
vn -0.9111 0.3371 0.2371
vn -0.9613 0.2705 -0.0513
vn -0.4268 0.4028 0.8097
vn -0.2724 0.3952 0.8773
vn -0.6664 0.4018 0.6280
vn -0.6609 0.4027 0.6332
vn -0.4340 0.8248 0.3624
vn -0.4373 0.8245 0.3591
vn -0.5284 0.8081 0.2603
vn 0.0188 0.3583 0.9334
vn 0.1024 0.3389 0.9352
vn 0.1199 0.3292 0.9366
vn -0.3337 0.8255 0.4551
vn -0.5204 0.4061 0.7512
vn -0.6665 0.4013 0.6283
vn -0.7868 0.3822 0.4846
vn -0.9616 0.2349 -0.1421
vn -0.9613 0.2421 -0.1315
vn -0.9581 0.1746 -0.2271
vn 0.2063 0.2788 0.9379
vn -0.6717 0.4008 0.6230
vn 0.8398 -0.3670 -0.4001
vn 0.9614 -0.2705 0.0510
vn 0.9112 -0.3369 -0.2371
vn 0.4268 -0.4026 -0.8098
vn 0.6610 -0.4025 -0.6333
vn 0.6664 -0.4017 -0.6281
vn 0.2724 -0.3951 -0.8773
vn 0.4335 -0.8253 -0.3619
vn 0.5289 -0.8083 -0.2587
vn 0.4369 -0.8250 -0.3586
vn -0.0185 -0.3582 -0.9335
vn -0.1192 -0.3295 -0.9366
vn -0.1016 -0.3393 -0.9352
vn 0.3321 -0.8259 -0.4556
vn 0.6665 -0.4012 -0.6283
vn 0.5197 -0.4060 -0.7517
vn 0.7873 -0.3820 -0.4839
vn 0.9613 -0.2426 0.1306
vn 0.9616 -0.2352 0.1414
vn 0.7874 -0.3819 -0.4839
vn 0.6666 -0.4012 -0.6283
vn 0.9582 -0.1755 0.2261
vn 0.5197 -0.4059 -0.7518
vn -0.2051 -0.2796 -0.9380
vn 0.6717 -0.4008 -0.6230
vn -0.6232 0.1920 -0.7581
vn -0.5834 0.2587 -0.7699
vn -0.4945 0.3854 -0.7790
vn -0.7491 -0.1588 -0.6432
vn 0.3560 -0.5469 0.7577
vn 0.2429 -0.6662 0.7051
vn 0.1553 -0.7411 0.6532
vn 0.6513 -0.0335 0.7581
vn 0.7277 0.5711 0.3799
vn 0.7412 0.3803 0.5531
vn 0.7397 0.4918 0.4593
vn -0.2444 -0.9122 0.3288
vn -0.6408 -0.7467 -0.1784
vn -0.5818 -0.8091 -0.0833
vn -0.2390 -0.9117 0.3342
vn 0.7351 0.3136 0.6010
vn -0.4259 0.4679 -0.7744
vn -0.7044 -0.6418 -0.3033
vn -0.6231 0.6995 -0.3499
vn -0.6347 0.5415 -0.5513
vn -0.4725 0.4295 -0.7696
vn -0.6542 0.7413 0.1500
vn -0.7039 0.6119 0.3606
vn -0.7595 0.6417 -0.1070
vn -0.5541 0.8261 -0.1023
vn -0.3021 0.9487 -0.0931
vn -0.5784 0.5346 0.6162
vn -0.5310 0.4938 0.6886
vn -0.6777 0.5976 0.4284
vn -0.7598 0.6413 -0.1069
vn -0.7323 0.6157 -0.2909
vn -0.4178 0.3791 -0.8257
vn -0.4161 0.3763 -0.8278
vn -0.3681 0.3004 -0.8799
vn -0.7603 0.6440 0.0847
vn -0.4904 0.4241 0.7613
vn -0.7593 0.6408 -0.1131
vn 0.6229 -0.6995 0.3502
vn 0.4728 -0.4296 0.7694
vn 0.6348 -0.5414 0.5513
vn 0.6541 -0.7413 -0.1505
vn 0.5546 -0.8258 0.1024
vn 0.7595 -0.6417 0.1069
vn 0.7040 -0.6118 -0.3606
vn 0.3014 -0.9489 0.0931
vn 0.5786 -0.5346 -0.6160
vn 0.6776 -0.5976 -0.4285
vn 0.5315 -0.4944 -0.6879
vn 0.7599 -0.6412 0.1069
vn 0.7322 -0.6155 0.2917
vn 0.4167 -0.3771 0.8272
vn 0.4183 -0.3796 0.8252
vn 0.7322 -0.6154 0.2917
vn 0.3687 -0.3015 0.8793
vn 0.7604 -0.6438 -0.0856
vn 0.4909 -0.4251 -0.7605
vn 0.7593 -0.6408 0.1131
vn 0.2346 0.1436 -0.9614
vn 0.2865 0.1980 -0.9374
vn 0.3876 0.3057 -0.8697
vn -0.0258 -0.1455 -0.9890
vn -0.4970 -0.4341 0.7514
vn -0.5666 -0.5488 0.6147
vn -0.5900 -0.5918 0.5493
vn -0.1729 0.0032 0.9849
vn 0.3233 0.4904 0.8093
vn 0.1510 0.3420 0.9275
vn 0.2538 0.4323 0.8653
vn -0.6482 -0.7615 0.0075
vn -0.4752 -0.6399 -0.6039
vn -0.5134 -0.6777 -0.5264
vn -0.6494 -0.7601 0.0246
vn 0.0919 0.2879 0.9532
vn 0.4445 0.3679 -0.8168
vn -0.3856 -0.5467 -0.7433
vn -0.2585 0.7230 0.6406
vn -0.4591 0.5665 0.6843
vn -0.6971 0.4533 0.5555
vn 0.2398 0.7578 0.6069
vn 0.4559 0.6260 0.6327
vn -0.0007 0.6641 0.7477
vn -0.0215 0.8432 0.5371
vn -0.0437 0.9579 0.2836
vn 0.6916 0.5418 0.4776
vn 0.7576 0.4979 0.4221
vn 0.5201 0.6099 0.5979
vn -0.0006 0.6637 0.7480
vn -0.5256 0.5424 0.6555
vn -0.7634 0.3988 0.5082
vn -0.1871 0.6399 0.7453
vn -0.8216 0.3228 0.4698
vn 0.1891 0.6637 0.7236
vn 0.8228 0.4270 0.3751
vn -0.0056 0.6633 0.7483
vn 0.2589 -0.7230 -0.6405
vn 0.6969 -0.4533 -0.5557
vn 0.4591 -0.5664 -0.6844
vn -0.2402 -0.7578 -0.6067
vn 0.0215 -0.8429 -0.5377
vn 0.0007 -0.6640 -0.7477
vn -0.4559 -0.6259 -0.6328
vn 0.0437 -0.9582 -0.2829
vn -0.6914 -0.5418 -0.4778
vn -0.5203 -0.6099 -0.5978
vn -0.7569 -0.4985 -0.4226
vn 0.0006 -0.6636 -0.7481
vn 0.5257 -0.5423 -0.6554
vn 0.7627 -0.3995 -0.5087
vn 0.1880 -0.6396 -0.7454
vn 0.8209 -0.3239 -0.4703
vn -0.1901 -0.6635 -0.7236
vn -0.8220 -0.4280 -0.3756
vn 0.0056 -0.6633 -0.7483
vn -0.9822 0.1504 -0.1123
vn -0.9643 0.2035 -0.1692
vn -0.9096 0.3067 -0.2804
vn -0.9787 -0.1310 0.1578
vn 0.8051 -0.4305 0.4081
vn 0.6759 -0.5424 0.4990
vn 0.6163 -0.5820 0.5306
vn 0.9990 -0.0057 0.0439
vn 0.7655 0.4699 -0.4396
vn 0.9034 0.3247 -0.2799
vn 0.8290 0.4133 -0.3767
vn 0.0836 -0.7431 0.6639
vn -0.5422 -0.6187 0.5686
vn -0.4647 -0.6547 0.5962
vn 0.0988 -0.7421 0.6630
vn 0.9362 0.2719 -0.2229
vn -0.8637 0.3667 -0.3457
vn -0.6925 -0.5254 0.4944
vn -0.2822 0.7029 -0.6529
vn -0.1671 0.5472 -0.8202
vn 0.0958 0.4379 -0.8939
vn -0.6149 0.7381 -0.2776
vn -0.7822 0.6065 -0.1423
vn -0.5393 0.6418 -0.5452
vn -0.3813 0.8264 -0.4143
vn -0.1891 0.9493 -0.2512
vn -0.8393 0.5264 0.1359
vn -0.8461 0.4847 0.2217
vn -0.8030 0.5915 -0.0726
vn -0.5396 0.6414 -0.5454
vn -0.4045 0.6181 -0.6741
vn 0.1743 0.3880 -0.9050
vn 0.1765 0.3857 -0.9056
vn 0.2473 0.3102 -0.9179
vn -0.6574 0.6419 -0.3947
vn -0.8581 0.4144 0.3032
vn -0.5361 0.6411 -0.5492
vn 0.2818 -0.7029 0.6531
vn -0.0955 -0.4380 0.8939
vn 0.1672 -0.5471 0.8202
vn 0.6151 -0.7381 0.2772
vn 0.3817 -0.8261 0.4146
vn 0.5393 -0.6418 0.5452
vn 0.7823 -0.6064 0.1423
vn 0.1886 -0.9495 0.2507
vn 0.8393 -0.5264 -0.1356
vn 0.8031 -0.5915 0.0724
vn 0.8460 -0.4853 -0.2209
vn 0.5396 -0.6414 0.5454
vn 0.4039 -0.6178 0.6747
vn -0.1756 -0.3865 0.9054
vn -0.1737 -0.3884 0.9050
vn 0.5396 -0.6413 0.5454
vn -0.2465 -0.3113 0.9178
vn 0.6580 -0.6417 0.3940
vn 0.8580 -0.4154 -0.3023
vn 0.5360 -0.6411 0.5492
vn 0.7743 0.1553 -0.6135
vn 0.8002 0.2096 -0.5619
vn 0.8373 0.3162 -0.4461
vn 0.5882 -0.1339 -0.7976
vn -0.8500 -0.4436 0.2841
vn -0.8200 -0.5567 0.1326
vn -0.7977 -0.5994 0.0655
vn -0.7413 -0.0086 0.6711
vn -0.2459 0.4813 0.8413
vn -0.4536 0.3309 0.8275
vn -0.3342 0.4227 0.8424
vn -0.5100 -0.7624 -0.3983
vn 0.0011 -0.6335 -0.7738
vn -0.0754 -0.6718 -0.7369
vn -0.5196 -0.7614 -0.3876
vn -0.5153 0.2768 0.8111
vn 0.8493 0.3781 -0.3685
vn 0.1567 -0.5385 -0.8279
vn 0.7712 0.5999 -0.2130
vn 0.8855 0.4616 -0.0520
vn 0.8894 0.3907 0.2372
vn 0.4807 0.5999 -0.6396
vn 0.3727 0.4616 -0.8050
vn 0.7108 0.5103 -0.4841
vn 0.5725 0.7212 -0.3899
vn 0.3795 0.8883 -0.2585
vn 0.1050 0.3907 -0.9145
vn 0.0242 0.3568 -0.9339
vn 0.0174 0.3517 -0.9360
vn 0.5919 0.5007 -0.6316
vn 0.7110 0.5098 -0.4843
vn 0.8045 0.5007 -0.3195
vn 0.8773 0.3517 0.3266
vn 0.8778 0.3568 0.3195
vn 0.8661 0.2880 0.4085
vn -0.0629 0.2880 -0.9556
vn -0.7714 -0.5998 0.2127
vn -0.8895 -0.3907 -0.2369
vn -0.8856 -0.4615 0.0520
vn -0.4804 -0.5998 0.6399
vn -0.5729 -0.7208 0.3902
vn -0.7108 -0.5103 0.4841
vn -0.3728 -0.4615 0.8050
vn -0.3789 -0.8887 0.2581
vn -0.1053 -0.3907 0.9145
vn -0.0181 -0.3521 0.9358
vn -0.0250 -0.3574 0.9336
vn -0.7111 -0.5098 0.4843
vn -0.5914 -0.5005 0.6323
vn -0.8049 -0.5005 0.3187
vn -0.8779 -0.3574 -0.3187
vn -0.8774 -0.3520 -0.3259
vn -0.8050 -0.5004 0.3187
vn -0.7111 -0.5097 0.4843
vn -0.8663 -0.2889 -0.4075
vn -0.5914 -0.5004 0.6323
vn 0.0619 -0.2889 0.9554
vn -0.7110 -0.5098 0.4843
vn 0.4386 0.2400 0.8661
vn 0.3880 0.3011 0.8711
vn 0.2823 0.4150 0.8649
vn 0.6300 -0.0866 0.7717
vn -0.1307 -0.5569 -0.8202
vn -0.0089 -0.6670 -0.7450
vn 0.0658 -0.7237 -0.6870
vn -0.4874 -0.0866 -0.8689
vn -0.7142 0.4870 -0.5028
vn -0.6684 0.3011 -0.6801
vn -0.7014 0.4150 -0.5794
vn 0.4238 -0.8585 -0.2886
vn 0.6900 -0.6670 0.2811
vn 0.6633 -0.7237 0.1903
vn -0.6453 0.2400 -0.7253
vn 0.2063 0.4870 0.8487
vn 0.7154 -0.5569 0.4220
vn 0.3358 0.7362 -0.5876
vn 0.5481 0.5960 -0.5868
vn 0.7620 0.5037 -0.4070
vn -0.1594 0.7255 -0.6695
vn -0.3580 0.5778 -0.7335
vn 0.1082 0.6534 -0.7493
vn 0.0723 0.8356 -0.5445
vn 0.0294 0.9550 -0.2950
vn -0.6137 0.4766 -0.6294
vn -0.6863 0.4270 -0.5888
vn -0.4274 0.5571 -0.7120
vn 0.1083 0.6529 -0.7496
vn 0.6077 0.5777 -0.5450
vn 0.8197 0.4573 -0.3450
vn 0.2932 0.6448 -0.7058
vn 0.8759 0.3847 -0.2913
vn -0.0795 0.6376 -0.7663
vn -0.7530 0.3529 -0.5554
vn 0.1068 0.6529 -0.7499
vn -0.3362 -0.7362 0.5874
vn -0.7618 -0.5038 0.4072
vn -0.5481 -0.5959 0.5869
vn 0.1599 -0.7254 0.6695
vn -0.0724 -0.8353 0.5451
vn -0.1082 -0.6533 0.7493
vn 0.3579 -0.5777 0.7336
vn -0.0293 -0.9553 0.2943
vn 0.6135 -0.4767 0.6296
vn 0.4275 -0.5570 0.7120
vn 0.6855 -0.4277 0.5892
vn -0.1083 -0.6529 0.7497
vn -0.6078 -0.5777 0.5449
vn -0.8190 -0.4579 0.3457
vn -0.2941 -0.6446 0.7057
vn -0.1083 -0.6528 0.7497
vn -0.8752 -0.3857 0.2919
vn 0.0804 -0.6373 0.7664
vn 0.7522 -0.3539 0.5559
vn -0.1067 -0.6529 0.7499
vn 0.9196 0.2328 0.3166
vn 0.8846 0.2864 0.3681
vn 0.8025 0.3821 0.4583
vn 0.9969 -0.0509 0.0602
vn -0.6610 -0.5005 -0.5591
vn -0.5086 -0.6013 -0.6163
vn -0.4325 -0.6401 -0.6350
vn -0.9621 -0.0892 -0.2575
vn -0.8771 0.4095 0.2509
vn -0.9661 0.2493 0.0670
vn -0.9194 0.3495 0.1802
vn 0.1189 -0.7550 -0.6449
vn 0.6994 -0.5779 -0.4205
vn 0.6373 -0.6179 -0.4605
vn 0.1234 -0.7549 -0.6442
vn -0.9806 0.1956 0.0084
vn 0.7367 0.4411 0.5126
vn 0.8224 -0.4715 -0.3185
vn 1.0000 -0.0000 -0.0000
vn 0.9808 -0.0000 0.1951
vn 0.9239 -0.0000 0.3827
vn 0.8315 -0.0000 0.5556
vn 0.7071 -0.0000 0.7071
vn 0.5556 -0.0000 0.8315
vn 0.3827 -0.0000 0.9239
vn 0.1951 -0.0000 0.9808
vn -0.0000 -0.0000 1.0000
vn -0.1951 -0.0000 0.9808
vn -0.3827 -0.0000 0.9239
vn -0.5556 -0.0000 0.8315
vn -0.7071 -0.0000 0.7071
vn -0.8315 -0.0000 0.5556
vn -0.9239 -0.0000 0.3827
vn -0.9808 -0.0000 0.1951
vn -1.0000 -0.0000 -0.0000
vn -0.9808 -0.0000 -0.1951
vn -0.9239 -0.0000 -0.3827
vn -0.8315 -0.0000 -0.5556
vn -0.7071 -0.0000 -0.7071
vn -0.5556 -0.0000 -0.8315
vn -0.3827 -0.0000 -0.9239
vn -0.1951 -0.0000 -0.9808
vn -0.0000 -0.0000 -1.0000
vn 0.1951 -0.0000 -0.9808
vn 0.3827 -0.0000 -0.9239
vn 0.5556 -0.0000 -0.8315
vn 0.7071 -0.0000 -0.7071
vn 0.8315 -0.0000 -0.5556
vn 0.9239 -0.0000 -0.3827
vn 0.9808 -0.0000 -0.1951
vn -0.0000 -1.0000 -0.0000
vn -0.0000 -0.1280 0.9918
vn 0.4934 -0.1120 0.8626
vn 0.4922 -0.0000 0.8705
vn 0.7071 -0.0948 0.7007
vn 0.9659 -0.0000 0.2588
vn 0.9659 -0.0322 0.2568
vn 0.9659 -0.0352 0.2564
vn 0.9659 -0.0000 -0.2588
vn 0.9659 0.0322 -0.2568
vn 0.9659 0.0352 -0.2564
vn 0.7071 0.0888 -0.7015
vn 0.5085 0.1125 -0.8537
vn 0.5082 -0.0000 -0.8613
vn -0.0000 0.1311 -0.9914
vn -0.5085 0.1125 -0.8537
vn -0.5082 -0.0000 -0.8612
vn -0.7071 0.0888 -0.7015
vn -0.9659 -0.0000 -0.2588
vn -0.9659 0.0352 -0.2564
vn -0.9659 0.0322 -0.2568
vn -0.9659 -0.0000 0.2588
vn -0.9659 -0.0352 0.2564
vn -0.9659 -0.0322 0.2568
vn -0.7071 -0.0948 0.7007
vn -0.4934 -0.1120 0.8626
vn -0.4922 -0.0000 0.8705
vn -0.0000 -0.2543 0.9671
vn 0.4966 -0.2219 0.8391
vn 0.7071 -0.1876 0.6818
vn 0.9659 -0.0640 0.2508
vn 0.9659 -0.0696 0.2493
vn 0.9659 0.0640 -0.2508
vn 0.9659 0.0696 -0.2493
vn 0.7071 0.1767 -0.6847
vn 0.5096 0.2230 -0.8310
vn -0.0000 0.2599 -0.9656
vn -0.5096 0.2230 -0.8310
vn -0.7071 0.1767 -0.6847
vn -0.9659 0.0696 -0.2493
vn -0.9659 0.0640 -0.2508
vn -0.9659 -0.0696 0.2493
vn -0.9659 -0.0640 0.2508
vn -0.7071 -0.1876 0.6818
vn -0.4966 -0.2219 0.8391
vn -0.0000 -0.3771 0.9262
vn 0.5009 -0.3277 0.8011
vn 0.7071 -0.2766 0.6508
vn 0.9659 -0.0951 0.2407
vn 0.9659 -0.1025 0.2377
vn 0.9659 0.0951 -0.2407
vn 0.9659 0.1025 -0.2377
vn 0.7071 0.2624 -0.6566
vn 0.5111 0.3295 -0.7938
vn -0.0000 0.3842 -0.9233
vn -0.5111 0.3295 -0.7938
vn -0.7071 0.2624 -0.6566
vn -0.9659 0.1025 -0.2377
vn -0.9659 0.0951 -0.2407
vn -0.9659 -0.1025 0.2377
vn -0.9659 -0.0951 0.2407
vn -0.7071 -0.2766 0.6508
vn -0.5009 -0.3277 0.8011
vn -0.0000 -0.4942 0.8694
vn 0.5052 -0.4277 0.7496
vn 0.7071 -0.3602 0.6085
vn 0.9659 -0.1251 0.2266
vn 0.9659 -0.1333 0.2219
vn 0.9659 0.1251 -0.2266
vn 0.9659 0.1333 -0.2219
vn 0.7071 0.3447 -0.6174
vn 0.5130 0.4300 -0.7429
vn -0.0000 0.5017 -0.8650
vn -0.5130 0.4300 -0.7429
vn -0.7071 0.3447 -0.6174
vn -0.9659 0.1333 -0.2219
vn -0.9659 0.1251 -0.2266
vn -0.9659 -0.1333 0.2219
vn -0.9659 -0.1251 0.2266
vn -0.7071 -0.3602 0.6085
vn -0.5052 -0.4277 0.7496
vn -0.0000 -0.6033 0.7975
vn 0.5090 -0.5203 0.6857
vn 0.7071 -0.4370 0.5560
vn 0.9659 -0.1532 0.2086
vn 0.9659 -0.1615 0.2023
vn 0.9659 0.1532 -0.2086
vn 0.9659 0.1615 -0.2023
vn 0.7071 0.4219 -0.5675
vn 0.5150 0.5229 -0.6792
vn -0.0000 0.6106 -0.7920
vn -0.5150 0.5229 -0.6792
vn -0.7071 0.4219 -0.5675
vn -0.9659 0.1615 -0.2023
vn -0.9659 0.1532 -0.2086
vn -0.9659 -0.1615 0.2023
vn -0.9659 -0.1532 0.2086
vn -0.7071 -0.4370 0.5560
vn -0.5090 -0.5203 0.6857
vn -0.0000 -0.7025 0.7117
vn 0.5120 -0.6041 0.6106
vn 0.7071 -0.5058 0.4942
vn 0.9659 -0.1791 0.1869
vn 0.9659 -0.1866 0.1794
vn 0.9659 0.1791 -0.1869
vn 0.9659 0.1866 -0.1794
vn 0.7071 0.4925 -0.5074
vn 0.5169 0.6064 -0.6042
vn -0.0000 0.7088 -0.7055
vn -0.5169 0.6064 -0.6042
vn -0.7071 0.4925 -0.5074
vn -0.9659 0.1866 -0.1794
vn -0.9659 0.1791 -0.1869
vn -0.9659 -0.1866 0.1794
vn -0.9659 -0.1791 0.1869
vn -0.7071 -0.5058 0.4942
vn -0.5120 -0.6041 0.6106
vn -0.0000 -0.7898 0.6134
vn 0.5144 -0.6777 0.5255
vn 0.7071 -0.5657 0.4243
vn 0.9659 -0.2021 0.1618
vn 0.9659 -0.2083 0.1537
vn 0.9659 0.2021 -0.1618
vn 0.9659 0.2083 -0.1537
vn 0.7071 0.5550 -0.4382
vn 0.5186 0.6794 -0.5192
vn -0.0000 0.7947 -0.6070
vn -0.5186 0.6794 -0.5192
vn -0.7071 0.5550 -0.4382
vn -0.9659 0.2083 -0.1537
vn -0.9659 0.2021 -0.1618
vn -0.9659 -0.2083 0.1537
vn -0.9659 -0.2021 0.1618
vn -0.7071 -0.5657 0.4243
vn -0.5144 -0.6777 0.5255
vn -0.0000 -0.8636 0.5042
vn 0.5161 -0.7399 0.4315
vn 0.7071 -0.6158 0.3477
vn 0.9659 -0.2217 0.1336
vn 0.9659 -0.2264 0.1256
vn 0.9659 0.2217 -0.1336
vn 0.9659 0.2264 -0.1256
vn 0.7071 0.6081 -0.3609
vn 0.5199 0.7406 -0.4257
vn -0.0000 0.8670 -0.4983
vn -0.5199 0.7406 -0.4257
vn -0.7071 0.6081 -0.3609
vn -0.9659 0.2264 -0.1256
vn -0.9659 0.2217 -0.1336
vn -0.9659 -0.2264 0.1256
vn -0.9659 -0.2217 0.1336
vn -0.7071 -0.6158 0.3477
vn -0.5161 -0.7399 0.4315
vn -0.0000 -0.9224 0.3862
vn 0.5174 -0.7895 0.3303
vn 0.7071 -0.6554 0.2655
vn 0.9659 -0.2376 0.1027
vn 0.9659 -0.2405 0.0956
vn 0.9659 0.2376 -0.1027
vn 0.9659 0.2405 -0.0956
vn 0.7071 0.6507 -0.2768
vn 0.5210 0.7891 -0.3254
vn -0.0000 0.9245 -0.3812
vn -0.5210 0.7891 -0.3254
vn -0.7071 0.6507 -0.2768
vn -0.9659 0.2405 -0.0956
vn -0.9659 0.2376 -0.1027
vn -0.9659 -0.2405 0.0956
vn -0.9659 -0.2376 0.1027
vn -0.7071 -0.6554 0.2655
vn -0.5174 -0.7895 0.3303
vn -0.0000 -0.9652 0.2613
vn 0.5182 -0.8256 0.2234
vn 0.7071 -0.6840 0.1793
vn 0.9659 -0.2493 0.0697
vn 0.9659 -0.2507 0.0644
vn 0.9659 0.2493 -0.0697
vn 0.9659 0.2507 -0.0644
vn 0.7071 0.6818 -0.1876
vn 0.5217 0.8243 -0.2198
vn -0.0000 0.9662 -0.2577
vn -0.5217 0.8243 -0.2198
vn -0.7071 0.6818 -0.1876
vn -0.9659 0.2507 -0.0644
vn -0.9659 0.2493 -0.0697
vn -0.9659 -0.2507 0.0644
vn -0.9659 -0.2493 0.0697
vn -0.7071 -0.6840 0.1793
vn -0.5182 -0.8256 0.2234
vn -0.0000 -0.9913 0.1318
vn 0.5186 -0.8476 0.1127
vn 0.7071 -0.7013 0.0903
vn 0.9659 -0.2564 0.0353
vn 0.9659 -0.2568 0.0324
vn 0.9659 0.2564 -0.0353
vn 0.9659 0.2568 -0.0324
vn 0.7071 0.7007 -0.0947
vn 0.5222 0.8456 -0.1108
vn -0.0000 0.9915 -0.1299
vn -0.5222 0.8456 -0.1108
vn -0.7071 0.7007 -0.0947
vn -0.9659 0.2568 -0.0324
vn -0.9659 0.2564 -0.0353
vn -0.9659 -0.2568 0.0324
vn -0.9659 -0.2564 0.0353
vn -0.7071 -0.7013 0.0903
vn -0.5186 -0.8476 0.1127
vn 0.5188 -0.8549 -0.0000
vn 0.7071 -0.7071 -0.0000
vn 0.9659 -0.2588 -0.0000
vn 0.9659 0.2588 -0.0000
vn 0.7071 0.7071 -0.0000
vn 0.5224 0.8527 -0.0000
vn -0.5224 0.8527 -0.0000
vn -0.7071 0.7071 -0.0000
vn -0.9659 0.2588 -0.0000
vn -0.9659 -0.2588 -0.0000
vn -0.7071 -0.7071 -0.0000
vn -0.5188 -0.8549 -0.0000
vn -0.0000 -0.9913 -0.1318
vn 0.5186 -0.8476 -0.1127
vn 0.7071 -0.7013 -0.0903
vn 0.9659 -0.2564 -0.0353
vn 0.9659 -0.2568 -0.0324
vn 0.9659 0.2564 0.0353
vn 0.9659 0.2568 0.0324
vn 0.7071 0.7007 0.0947
vn 0.5222 0.8456 0.1108
vn -0.0000 0.9915 0.1299
vn -0.5222 0.8456 0.1108
vn -0.7071 0.7007 0.0947
vn -0.9659 0.2568 0.0324
vn -0.9659 0.2564 0.0353
vn -0.9659 -0.2568 -0.0324
vn -0.9659 -0.2564 -0.0353
vn -0.7071 -0.7013 -0.0903
vn -0.5186 -0.8476 -0.1127
vn -0.0000 -0.9652 -0.2613
vn 0.5182 -0.8256 -0.2234
vn 0.7071 -0.6840 -0.1793
vn 0.9659 -0.2493 -0.0697
vn 0.9659 -0.2507 -0.0644
vn 0.9659 0.2493 0.0697
vn 0.9659 0.2507 0.0644
vn 0.7071 0.6818 0.1876
vn 0.5217 0.8243 0.2198
vn -0.0000 0.9662 0.2577
vn -0.5217 0.8243 0.2198
vn -0.7071 0.6818 0.1876
vn -0.9659 0.2507 0.0644
vn -0.9659 0.2493 0.0697
vn -0.9659 -0.2507 -0.0644
vn -0.9659 -0.2493 -0.0697
vn -0.7071 -0.6840 -0.1793
vn -0.5182 -0.8256 -0.2234
vn -0.0000 -0.9224 -0.3862
vn 0.5174 -0.7895 -0.3303
vn 0.7071 -0.6554 -0.2655
vn 0.9659 -0.2376 -0.1027
vn 0.9659 -0.2405 -0.0956
vn 0.9659 0.2376 0.1027
vn 0.9659 0.2405 0.0956
vn 0.7071 0.6507 0.2768
vn 0.5210 0.7891 0.3254
vn -0.0000 0.9245 0.3812
vn -0.5210 0.7891 0.3254
vn -0.7071 0.6507 0.2768
vn -0.9659 0.2405 0.0956
vn -0.9659 0.2376 0.1027
vn -0.9659 -0.2405 -0.0956
vn -0.9659 -0.2376 -0.1027
vn -0.7071 -0.6554 -0.2655
vn -0.5174 -0.7895 -0.3303
vn -0.0000 -0.8636 -0.5042
vn 0.5161 -0.7399 -0.4315
vn 0.7071 -0.6158 -0.3477
vn 0.9659 -0.2217 -0.1336
vn 0.9659 -0.2264 -0.1256
vn 0.9659 0.2217 0.1336
vn 0.9659 0.2264 0.1256
vn 0.7071 0.6081 0.3609
vn 0.5199 0.7406 0.4257
vn -0.0000 0.8670 0.4983
vn -0.5199 0.7406 0.4257
vn -0.7071 0.6081 0.3609
vn -0.9659 0.2264 0.1256
vn -0.9659 0.2217 0.1336
vn -0.9659 -0.2264 -0.1256
vn -0.9659 -0.2217 -0.1336
vn -0.7071 -0.6158 -0.3477
vn -0.5161 -0.7399 -0.4315
vn -0.0000 -0.7898 -0.6134
vn 0.5144 -0.6777 -0.5255
vn 0.7071 -0.5657 -0.4243
vn 0.9659 -0.2021 -0.1618
vn 0.9659 -0.2083 -0.1537
vn 0.9659 0.2021 0.1618
vn 0.9659 0.2083 0.1537
vn 0.7071 0.5550 0.4382
vn 0.5186 0.6794 0.5192
vn -0.0000 0.7947 0.6070
vn -0.5186 0.6794 0.5192
vn -0.7071 0.5550 0.4382
vn -0.9659 0.2083 0.1537
vn -0.9659 0.2021 0.1618
vn -0.9659 -0.2083 -0.1537
vn -0.9659 -0.2021 -0.1618
vn -0.7071 -0.5657 -0.4243
vn -0.5144 -0.6777 -0.5255
vn -0.0000 -0.7025 -0.7117
vn 0.5120 -0.6041 -0.6106
vn 0.7071 -0.5058 -0.4942
vn 0.9659 -0.1791 -0.1869
vn 0.9659 -0.1866 -0.1794
vn 0.9659 0.1791 0.1869
vn 0.9659 0.1866 0.1794
vn 0.7071 0.4925 0.5074
vn 0.5169 0.6064 0.6042
vn -0.0000 0.7088 0.7055
vn -0.5169 0.6064 0.6042
vn -0.7071 0.4925 0.5074
vn -0.9659 0.1866 0.1794
vn -0.9659 0.1791 0.1869
vn -0.9659 -0.1866 -0.1794
vn -0.9659 -0.1791 -0.1869
vn -0.7071 -0.5058 -0.4942
vn -0.5120 -0.6041 -0.6106
vn -0.0000 -0.6033 -0.7975
vn 0.5090 -0.5203 -0.6857
vn 0.7071 -0.4370 -0.5560
vn 0.9659 -0.1532 -0.2086
vn 0.9659 -0.1615 -0.2023
vn 0.9659 0.1532 0.2086
vn 0.9659 0.1615 0.2023
vn 0.7071 0.4219 0.5675
vn 0.5150 0.5229 0.6792
vn -0.0000 0.6106 0.7920
vn -0.5150 0.5229 0.6792
vn -0.7071 0.4219 0.5675
vn -0.9659 0.1615 0.2023
vn -0.9659 0.1532 0.2086
vn -0.9659 -0.1615 -0.2023
vn -0.9659 -0.1532 -0.2086
vn -0.7071 -0.4370 -0.5560
vn -0.5090 -0.5203 -0.6857
vn -0.0000 -0.4942 -0.8694
vn 0.5052 -0.4277 -0.7496
vn 0.7071 -0.3602 -0.6085
vn 0.9659 -0.1251 -0.2266
vn 0.9659 -0.1333 -0.2219
vn 0.9659 0.1251 0.2266
vn 0.9659 0.1333 0.2219
vn 0.7071 0.3447 0.6174
vn 0.5130 0.4300 0.7429
vn -0.0000 0.5017 0.8650
vn -0.5130 0.4300 0.7429
vn -0.7071 0.3447 0.6174
vn -0.9659 0.1333 0.2219
vn -0.9659 0.1251 0.2266
vn -0.9659 -0.1333 -0.2219
vn -0.9659 -0.1251 -0.2266
vn -0.7071 -0.3602 -0.6085
vn -0.5052 -0.4277 -0.7496
vn -0.0000 -0.3771 -0.9262
vn 0.5009 -0.3277 -0.8011
vn 0.7071 -0.2766 -0.6508
vn 0.9659 -0.0951 -0.2407
vn 0.9659 -0.1025 -0.2377
vn 0.9659 0.0951 0.2407
vn 0.9659 0.1025 0.2377
vn 0.7071 0.2624 0.6566
vn 0.5111 0.3295 0.7938
vn -0.0000 0.3842 0.9233
vn -0.5111 0.3295 0.7938
vn -0.7071 0.2624 0.6566
vn -0.9659 0.1025 0.2377
vn -0.9659 0.0951 0.2407
vn -0.9659 -0.1025 -0.2377
vn -0.9659 -0.0951 -0.2407
vn -0.7071 -0.2766 -0.6508
vn -0.5009 -0.3277 -0.8011
vn -0.0000 -0.2543 -0.9671
vn 0.4966 -0.2219 -0.8391
vn 0.7071 -0.1876 -0.6818
vn 0.9659 -0.0640 -0.2508
vn 0.9659 -0.0696 -0.2493
vn 0.9659 0.0640 0.2508
vn 0.9659 0.0696 0.2493
vn 0.7071 0.1767 0.6847
vn 0.5096 0.2230 0.8310
vn -0.0000 0.2599 0.9656
vn -0.5096 0.2230 0.8310
vn -0.7071 0.1767 0.6847
vn -0.9659 0.0696 0.2493
vn -0.9659 0.0640 0.2508
vn -0.9659 -0.0696 -0.2493
vn -0.9659 -0.0640 -0.2508
vn -0.7071 -0.1876 -0.6818
vn -0.4966 -0.2219 -0.8391
vn -0.0000 -0.1280 -0.9918
vn 0.4934 -0.1120 -0.8626
vn 0.7071 -0.0948 -0.7007
vn 0.9659 -0.0322 -0.2568
vn 0.9659 -0.0352 -0.2564
vn 0.9659 0.0322 0.2568
vn 0.9659 0.0352 0.2564
vn 0.7071 0.0888 0.7015
vn 0.5085 0.1125 0.8537
vn -0.0000 0.1311 0.9914
vn -0.5085 0.1125 0.8537
vn -0.7071 0.0888 0.7015
vn -0.9659 0.0352 0.2564
vn -0.9659 0.0322 0.2568
vn -0.9659 -0.0352 -0.2564
vn -0.9659 -0.0322 -0.2568
vn -0.7071 -0.0948 -0.7007
vn -0.4934 -0.1120 -0.8626
vn 0.4922 -0.0000 -0.8705
vn 0.5082 -0.0000 0.8612
vn -0.5082 -0.0000 0.8612
vn -0.4922 -0.0000 -0.8705
vn -0.0000 0.1280 -0.9918
vn 0.4934 0.1120 -0.8626
vn 0.7071 0.0948 -0.7007
vn 0.7071 -0.0888 0.7015
vn 0.5085 -0.1125 0.8537
vn -0.0000 -0.1311 0.9914
vn -0.5085 -0.1125 0.8537
vn -0.7071 -0.0888 0.7015
vn -0.7071 0.0948 -0.7007
vn -0.4934 0.1120 -0.8626
vn -0.0000 0.2543 -0.9671
vn 0.4966 0.2219 -0.8391
vn 0.7071 0.1876 -0.6818
vn 0.7071 -0.1767 0.6847
vn 0.5096 -0.2230 0.8310
vn -0.0000 -0.2599 0.9656
vn -0.5096 -0.2230 0.8310
vn -0.7071 -0.1767 0.6847
vn -0.7071 0.1876 -0.6818
vn -0.4966 0.2219 -0.8391
vn -0.0000 0.3771 -0.9262
vn 0.5009 0.3277 -0.8011
vn 0.7071 0.2766 -0.6508
vn 0.7071 -0.2624 0.6566
vn 0.5111 -0.3295 0.7938
vn -0.0000 -0.3842 0.9233
vn -0.5111 -0.3295 0.7938
vn -0.7071 -0.2624 0.6566
vn -0.7071 0.2766 -0.6508
vn -0.5009 0.3277 -0.8011
vn -0.0000 0.4942 -0.8694
vn 0.5052 0.4277 -0.7496
vn 0.7071 0.3602 -0.6085
vn 0.7071 -0.3447 0.6174
vn 0.5130 -0.4300 0.7429
vn -0.0000 -0.5017 0.8650
vn -0.5130 -0.4300 0.7429
vn -0.7071 -0.3447 0.6174
vn -0.7071 0.3602 -0.6085
vn -0.5052 0.4277 -0.7496
vn -0.0000 0.6033 -0.7975
vn 0.5090 0.5203 -0.6857
vn 0.7071 0.4370 -0.5560
vn 0.9659 0.1614 -0.2023
vn 0.7071 -0.4219 0.5675
vn 0.5150 -0.5229 0.6792
vn -0.0000 -0.6106 0.7920
vn -0.5150 -0.5229 0.6792
vn -0.7071 -0.4219 0.5675
vn -0.9659 0.1614 -0.2023
vn -0.7071 0.4370 -0.5560
vn -0.5090 0.5203 -0.6857
vn -0.0000 0.7025 -0.7117
vn 0.5120 0.6041 -0.6106
vn 0.7071 0.5058 -0.4942
vn 0.7071 -0.4925 0.5074
vn 0.5169 -0.6064 0.6042
vn -0.0000 -0.7088 0.7054
vn -0.5169 -0.6064 0.6042
vn -0.7071 -0.4925 0.5074
vn -0.7071 0.5058 -0.4942
vn -0.5120 0.6041 -0.6106
vn -0.0000 0.7898 -0.6134
vn 0.5144 0.6777 -0.5255
vn 0.7071 0.5657 -0.4243
vn 0.7071 -0.5550 0.4382
vn 0.5185 -0.6794 0.5192
vn -0.0000 -0.7947 0.6070
vn -0.5185 -0.6794 0.5192
vn -0.7071 -0.5550 0.4382
vn -0.7071 0.5657 -0.4243
vn -0.5144 0.6777 -0.5255
vn -0.0000 0.8636 -0.5042
vn 0.5161 0.7399 -0.4315
vn 0.7071 0.6158 -0.3477
vn 0.7071 -0.6081 0.3609
vn 0.5199 -0.7406 0.4257
vn -0.0000 -0.8670 0.4983
vn -0.5199 -0.7406 0.4257
vn -0.7071 -0.6081 0.3609
vn -0.7071 0.6158 -0.3477
vn -0.5161 0.7399 -0.4315
vn -0.0000 0.9224 -0.3862
vn 0.5174 0.7895 -0.3303
vn 0.7071 0.6554 -0.2655
vn 0.7071 -0.6507 0.2768
vn 0.5210 -0.7891 0.3254
vn -0.0000 -0.9245 0.3812
vn -0.5210 -0.7891 0.3254
vn -0.7071 -0.6507 0.2768
vn -0.7071 0.6554 -0.2655
vn -0.5174 0.7895 -0.3303
vn -0.0000 0.9652 -0.2613
vn 0.5182 0.8256 -0.2234
vn 0.7071 0.6840 -0.1793
vn 0.7071 -0.6818 0.1876
vn 0.5217 -0.8243 0.2198
vn -0.0000 -0.9662 0.2577
vn -0.5217 -0.8243 0.2198
vn -0.7071 -0.6818 0.1876
vn -0.7071 0.6840 -0.1793
vn -0.5182 0.8256 -0.2234
vn -0.0000 0.9913 -0.1318
vn 0.5186 0.8476 -0.1127
vn 0.7071 0.7013 -0.0903
vn 0.7071 -0.7007 0.0947
vn 0.5222 -0.8456 0.1108
vn -0.0000 -0.9915 0.1299
vn -0.5222 -0.8456 0.1108
vn -0.7071 -0.7007 0.0947
vn -0.7071 0.7013 -0.0903
vn -0.5186 0.8476 -0.1127
vn 0.5188 0.8549 -0.0000
vn 0.5224 -0.8527 -0.0000
vn -0.5224 -0.8527 -0.0000
vn -0.5188 0.8549 -0.0000
vn -0.0000 0.9913 0.1318
vn 0.5186 0.8476 0.1127
vn 0.7071 0.7013 0.0903
vn 0.7071 -0.7007 -0.0947
vn 0.5222 -0.8456 -0.1108
vn -0.0000 -0.9915 -0.1299
vn -0.5222 -0.8456 -0.1108
vn -0.7071 -0.7007 -0.0947
vn -0.7071 0.7013 0.0903
vn -0.5186 0.8476 0.1127
vn -0.0000 0.9652 0.2613
vn 0.5182 0.8256 0.2234
vn 0.7071 0.6840 0.1793
vn 0.7071 -0.6818 -0.1876
vn 0.5217 -0.8243 -0.2198
vn -0.0000 -0.9662 -0.2577
vn -0.5217 -0.8243 -0.2198
vn -0.7071 -0.6818 -0.1876
vn -0.7071 0.6840 0.1793
vn -0.5182 0.8256 0.2234
vn -0.0000 0.9224 0.3862
vn 0.5174 0.7895 0.3303
vn 0.7071 0.6554 0.2655
vn 0.7071 -0.6507 -0.2768
vn 0.5210 -0.7891 -0.3254
vn -0.0000 -0.9245 -0.3812
vn -0.5210 -0.7891 -0.3254
vn -0.7071 -0.6507 -0.2768
vn -0.7071 0.6554 0.2655
vn -0.5174 0.7895 0.3303
vn -0.0000 0.8636 0.5042
vn 0.5161 0.7399 0.4315
vn 0.7071 0.6158 0.3477
vn 0.7071 -0.6081 -0.3609
vn 0.5199 -0.7406 -0.4257
vn -0.0000 -0.8670 -0.4983
vn -0.5199 -0.7406 -0.4257
vn -0.7071 -0.6081 -0.3609
vn -0.7071 0.6158 0.3477
vn -0.5161 0.7399 0.4315
vn -0.0000 0.7898 0.6134
vn 0.5144 0.6777 0.5255
vn 0.7071 0.5657 0.4243
vn 0.7071 -0.5550 -0.4382
vn 0.5186 -0.6794 -0.5192
vn -0.0000 -0.7947 -0.6070
vn -0.5185 -0.6794 -0.5192
vn -0.7071 -0.5550 -0.4382
vn -0.7071 0.5657 0.4243
vn -0.5144 0.6777 0.5255
vn -0.0000 0.7025 0.7117
vn 0.5120 0.6041 0.6106
vn 0.7071 0.5058 0.4942
vn 0.7071 -0.4925 -0.5074
vn 0.5169 -0.6064 -0.6042
vn -0.0000 -0.7088 -0.7054
vn -0.5169 -0.6064 -0.6042
vn -0.7071 -0.4925 -0.5074
vn -0.7071 0.5058 0.4942
vn -0.5120 0.6041 0.6106
vn -0.0000 0.6033 0.7975
vn 0.5090 0.5203 0.6857
vn 0.7071 0.4370 0.5560
vn 0.9659 -0.1614 -0.2023
vn 0.7071 -0.4219 -0.5675
vn 0.5150 -0.5229 -0.6792
vn -0.0000 -0.6106 -0.7920
vn -0.5150 -0.5229 -0.6792
vn -0.7071 -0.4219 -0.5675
vn -0.7071 0.4370 0.5560
vn -0.5090 0.5203 0.6857
vn -0.0000 0.4942 0.8694
vn 0.5052 0.4277 0.7496
vn 0.7071 0.3602 0.6085
vn 0.7071 -0.3447 -0.6174
vn 0.5130 -0.4300 -0.7429
vn -0.0000 -0.5017 -0.8650
vn -0.5130 -0.4300 -0.7429
vn -0.7071 -0.3447 -0.6174
vn -0.7071 0.3602 0.6085
vn -0.5052 0.4277 0.7496
vn -0.0000 0.3771 0.9262
vn 0.5009 0.3277 0.8011
vn 0.7071 0.2766 0.6508
vn 0.7071 -0.2624 -0.6566
vn 0.5111 -0.3295 -0.7938
vn -0.0000 -0.3841 -0.9233
vn -0.5111 -0.3295 -0.7938
vn -0.7071 -0.2624 -0.6566
vn -0.7071 0.2766 0.6508
vn -0.5009 0.3277 0.8011
vn -0.0000 0.2543 0.9671
vn 0.4966 0.2219 0.8391
vn 0.7071 0.1876 0.6818
vn 0.7071 -0.1767 -0.6847
vn 0.5096 -0.2230 -0.8310
vn -0.0000 -0.2599 -0.9656
vn -0.5096 -0.2230 -0.8310
vn -0.7071 -0.1767 -0.6847
vn -0.7071 0.1876 0.6818
vn -0.4966 0.2219 0.8391
vn -0.0000 0.1280 0.9918
vn 0.4934 0.1120 0.8626
vn 0.7071 0.0948 0.7007
vn 0.7071 -0.0888 -0.7015
vn 0.5085 -0.1125 -0.8537
vn -0.0000 -0.1311 -0.9914
vn -0.5085 -0.1125 -0.8537
vn -0.7071 -0.0888 -0.7015
vn -0.7071 0.0948 0.7007
vn -0.4934 0.1120 0.8626
vn -0.2062 0.5944 -0.7773
vn -0.0437 0.4565 -0.8887
vn 0.2459 0.3866 -0.8889
vn -0.6366 0.5944 -0.4914
vn -0.8023 0.4565 -0.3847
vn -0.4778 0.5044 -0.7192
vn -0.3861 0.7163 -0.5812
vn -0.2574 0.8852 -0.3875
vn -0.9147 0.3866 -0.1178
vn -0.9348 0.3533 -0.0372
vn -0.9371 0.3479 -0.0301
vn -0.6266 0.4949 -0.6020
vn -0.4780 0.5039 -0.7194
vn -0.3121 0.4949 -0.8110
vn 0.3354 0.3479 -0.8755
vn 0.3280 0.3533 -0.8761
vn 0.4174 0.2846 -0.8630
vn -0.9573 0.2846 0.0503
vn 0.2058 -0.5943 0.7774
vn -0.2456 -0.3866 0.8889
vn 0.0437 -0.4563 0.8887
vn 0.6369 -0.5943 0.4911
vn 0.3864 -0.7159 0.5816
vn 0.4778 -0.5044 0.7192
vn 0.8023 -0.4563 0.3847
vn 0.2571 -0.8856 0.3869
vn 0.9147 -0.3866 0.1181
vn 0.9369 -0.3483 0.0307
vn 0.9345 -0.3538 0.0380
vn 0.4780 -0.5039 0.7195
vn 0.6273 -0.4947 0.6014
vn 0.3113 -0.4947 0.8114
vn -0.3272 -0.3538 0.8762
vn -0.3348 -0.3483 0.8756
vn 0.3113 -0.4946 0.8114
vn 0.4780 -0.5038 0.7195
vn -0.4164 -0.2855 0.8632
vn 0.6274 -0.4946 0.6015
vn 0.9571 -0.2855 -0.0493
vn 0.4780 -0.5039 0.7194
vn 0.8701 0.2408 -0.4300
vn 0.8743 0.3023 -0.3797
vn 0.8665 0.4166 -0.2748
vn 0.7793 -0.0872 -0.6206
vn -0.8196 -0.5593 0.1244
vn -0.7427 -0.6696 0.0044
vn -0.6831 -0.7270 -0.0700
vn -0.8741 -0.0872 0.4778
vn -0.5128 0.4890 0.7056
vn -0.6889 0.3023 0.6588
vn -0.5892 0.4166 0.6923
vn -0.2805 -0.8620 -0.4222
vn 0.2919 -0.6696 -0.6830
vn 0.2002 -0.7270 -0.6568
vn -0.7336 0.2408 0.6355
vn 0.8492 0.4890 -0.1993
vn 0.4324 -0.5593 -0.7073
vn 0.2996 0.2477 -0.9214
vn 0.4510 0.2403 -0.8596
vn 0.6947 0.2134 -0.6869
vn -0.2996 0.2477 -0.9214
vn -0.4510 0.2403 -0.8596
vn -0.0000 0.2593 -0.9658
vn -0.0000 0.2598 -0.9657
vn -0.0000 0.7315 -0.6818
vn 0.1380 0.7245 -0.6753
vn -0.6947 0.2134 -0.6869
vn -0.7505 0.2016 -0.6294
vn -0.7680 0.1897 -0.6117
vn -0.1380 0.7245 -0.6753
vn -0.1888 0.2542 -0.9486
vn -0.0000 0.2588 -0.9659
vn 0.1888 0.2542 -0.9486
vn 0.7680 0.1897 -0.6117
vn 0.7505 0.2016 -0.6294
vn 0.8252 0.1462 -0.5456
vn -0.8252 0.1462 -0.5456
vn -0.2996 -0.2475 0.9214
vn -0.6945 -0.2133 0.6872
vn -0.4510 -0.2401 0.8596
vn 0.2996 -0.2475 0.9214
vn -0.0000 -0.2596 0.9657
vn -0.0000 -0.2593 0.9658
vn 0.4510 -0.2401 0.8596
vn -0.0000 -0.7320 0.6813
vn -0.1395 -0.7249 0.6746
vn 0.6945 -0.2133 0.6872
vn 0.7675 -0.1899 0.6123
vn 0.7499 -0.2019 0.6300
vn 0.1395 -0.7249 0.6746
vn -0.0000 -0.2588 0.9659
vn 0.1897 -0.2540 0.9484
vn -0.1897 -0.2540 0.9484
vn -0.7499 -0.2019 0.6300
vn -0.7675 -0.1899 0.6123
vn -0.1897 -0.2539 0.9484
vn -0.0000 -0.2587 0.9660
vn -0.8245 -0.1469 0.5465
vn 0.1897 -0.2539 0.9484
vn 0.8245 -0.1469 0.5465
vn 0.9627 0.2648 0.0557
vn 0.9370 0.3392 0.0834
vn 0.8795 0.4583 0.1285
vn 0.9925 -0.1067 -0.0598
vn -0.7515 -0.6317 -0.1903
vn -0.6319 -0.7447 -0.2149
vn -0.5120 -0.8272 -0.2317
vn -0.9925 -0.1067 -0.0598
vn -0.8176 0.5518 0.1645
vn -0.9370 0.3392 0.0834
vn -0.8794 0.4583 0.1285
vn -0.0000 -0.9650 -0.2621
vn 0.6319 -0.7447 -0.2149
vn 0.5120 -0.8272 -0.2317
vn -0.9627 0.2648 0.0557
vn 0.8176 0.5518 0.1645
vn 0.7515 -0.6317 -0.1903
vn 0.9312 0.3270 -0.1612
vn 0.9329 0.3602 -0.0000
vn 0.8593 0.3673 -0.3560
vn 0.7778 0.3824 -0.4989
vn 0.6469 0.4049 -0.6462
vn 0.5102 0.4058 -0.7583
vn 0.3487 0.4106 -0.8425
vn 0.1666 0.3945 -0.9037
vn -0.0000 0.4198 -0.9076
vn -0.1666 0.3945 -0.9037
vn -0.3487 0.4106 -0.8425
vn -0.5102 0.4058 -0.7583
vn -0.6469 0.4049 -0.6462
vn -0.7778 0.3824 -0.4989
vn -0.8593 0.3673 -0.3560
vn -0.9312 0.3270 -0.1612
vn -0.9329 0.3602 -0.0000
vn -0.9312 0.3270 0.1612
vn -0.8593 0.3673 0.3560
vn -0.7778 0.3824 0.4989
vn -0.6469 0.4049 0.6462
vn -0.5102 0.4058 0.7583
vn -0.3487 0.4106 0.8425
vn -0.1666 0.3945 0.9037
vn -0.0000 0.4198 0.9076
vn 0.1666 0.3945 0.9037
vn 0.3487 0.4106 0.8425
vn 0.5102 0.4058 0.7583
vn 0.6469 0.4049 0.6462
vn 0.7778 0.3824 0.4989
vn 0.8593 0.3673 0.3560
vn 0.9312 0.3270 0.1612
vn 0.9760 0.0745 -0.2045
vn 0.9996 0.0288 -0.0000
vn 0.9258 0.1036 -0.3635
vn 0.9413 0.0965 -0.3235
vn 0.7060 0.1511 -0.6919
vn 0.6365 0.1569 -0.7552
vn 0.7537 0.1458 -0.6408
vn 0.3732 0.1585 -0.9141
vn 0.2997 0.1554 -0.9413
vn 0.4552 0.1609 -0.8757
vn -0.0000 0.1266 -0.9920
vn -0.0725 0.1263 -0.9893
vn 0.0725 0.1263 -0.9893
vn -0.3732 0.1585 -0.9141
vn -0.4552 0.1609 -0.8757
vn -0.2997 0.1554 -0.9413
vn -0.7060 0.1511 -0.6919
vn -0.7537 0.1458 -0.6408
vn -0.6365 0.1569 -0.7552
vn -0.9258 0.1036 -0.3635
vn -0.9413 0.0965 -0.3235
vn -0.9760 0.0745 -0.2045
vn -0.9996 0.0288 -0.0000
vn -0.9760 0.0745 0.2045
vn -0.9258 0.1036 0.3635
vn -0.9413 0.0965 0.3235
vn -0.7060 0.1511 0.6919
vn -0.6365 0.1569 0.7552
vn -0.7537 0.1458 0.6408
vn -0.3732 0.1585 0.9141
vn -0.2997 0.1554 0.9413
vn -0.4552 0.1609 0.8757
vn -0.0000 0.1266 0.9920
vn 0.0725 0.1263 0.9893
vn -0.0725 0.1263 0.9893
vn 0.3732 0.1585 0.9141
vn 0.4552 0.1609 0.8757
vn 0.2997 0.1554 0.9413
vn 0.7060 0.1511 0.6919
vn 0.7537 0.1458 0.6408
vn 0.6365 0.1569 0.7552
vn 0.9258 0.1036 0.3635
vn 0.9413 0.0965 0.3235
vn 0.9760 0.0745 0.2045
vn 0.9572 -0.2249 -0.1825
vn 0.9745 -0.2244 -0.0000
vn 0.9070 -0.1970 -0.3722
vn 0.8242 -0.1594 -0.5434
vn 0.7003 -0.1492 -0.6980
vn 0.5517 -0.1303 -0.8238
vn 0.3781 -0.1417 -0.9149
vn 0.1885 -0.1445 -0.9714
vn -0.0000 -0.1454 -0.9894
vn -0.1885 -0.1445 -0.9714
vn -0.3781 -0.1417 -0.9149
vn -0.5517 -0.1303 -0.8238
vn -0.7003 -0.1492 -0.6980
vn -0.8242 -0.1594 -0.5434
vn -0.9070 -0.1970 -0.3722
vn -0.9572 -0.2249 -0.1825
vn -0.9745 -0.2244 -0.0000
vn -0.9572 -0.2249 0.1825
vn -0.9070 -0.1970 0.3722
vn -0.8242 -0.1594 0.5434
vn -0.7003 -0.1492 0.6980
vn -0.5517 -0.1303 0.8238
vn -0.3781 -0.1417 0.9149
vn -0.1885 -0.1445 0.9714
vn -0.0000 -0.1454 0.9894
vn 0.1885 -0.1445 0.9714
vn 0.3781 -0.1417 0.9149
vn 0.5517 -0.1303 0.8238
vn 0.7003 -0.1492 0.6980
vn 0.8242 -0.1594 0.5434
vn 0.9070 -0.1970 0.3722
vn 0.9572 -0.2249 0.1825
vn 0.7290 0.6684 -0.1474
vn 0.7923 0.6101 -0.0000
vn 0.7063 0.6587 -0.2595
vn 0.6016 0.6935 -0.3963
vn 0.5216 0.6896 -0.5024
vn 0.3923 0.7093 -0.5857
vn 0.2693 0.6942 -0.6675
vn 0.1384 0.7107 -0.6898
vn -0.0000 0.6755 -0.7374
vn -0.1384 0.7107 -0.6898
vn -0.2693 0.6942 -0.6675
vn -0.3923 0.7093 -0.5857
vn -0.5216 0.6896 -0.5024
vn -0.6016 0.6935 -0.3963
vn -0.7063 0.6587 -0.2595
vn -0.7290 0.6684 -0.1474
vn -0.7923 0.6101 -0.0000
vn -0.7290 0.6684 0.1474
vn -0.7063 0.6587 0.2595
vn -0.6016 0.6935 0.3963
vn -0.5216 0.6896 0.5024
vn -0.3923 0.7093 0.5857
vn -0.2693 0.6942 0.6675
vn -0.1384 0.7107 0.6898
vn -0.0000 0.6755 0.7374
vn 0.1384 0.7107 0.6898
vn 0.2693 0.6942 0.6675
vn 0.3923 0.7093 0.5857
vn 0.5216 0.6896 0.5024
vn 0.6016 0.6935 0.3963
vn 0.7063 0.6587 0.2595
vn 0.7290 0.6684 0.1474
vn -0.0384 -0.9993 -0.0000
vn -0.0377 -0.9993 -0.0075
vn 0.0691 -0.9976 -0.0000
vn 0.1620 -0.9868 -0.0000
vn 0.1589 -0.9868 0.0316
vn 0.0677 -0.9976 0.0135
vn 0.0638 -0.9976 0.0264
vn -0.0355 -0.9993 -0.0147
vn 0.1497 -0.9868 0.0620
vn 0.1347 -0.9868 0.0900
vn 0.0574 -0.9976 0.0384
vn -0.0319 -0.9993 -0.0213
vn -0.0272 -0.9993 -0.0272
vn 0.1146 -0.9868 0.1146
vn 0.0488 -0.9976 0.0488
vn 0.0900 -0.9868 0.1347
vn 0.0384 -0.9976 0.0574
vn -0.0213 -0.9993 -0.0319
vn -0.0147 -0.9993 -0.0355
vn 0.0620 -0.9868 0.1497
vn 0.0264 -0.9976 0.0638
vn 0.0316 -0.9868 0.1589
vn 0.0135 -0.9976 0.0677
vn -0.0075 -0.9993 -0.0377
vn -0.0000 -0.9868 0.1620
vn -0.0000 -0.9976 0.0691
vn -0.0000 -0.9993 -0.0384
vn -0.0316 -0.9868 0.1589
vn -0.0135 -0.9976 0.0677
vn 0.0075 -0.9993 -0.0377
vn -0.0620 -0.9868 0.1497
vn -0.0264 -0.9976 0.0638
vn 0.0147 -0.9993 -0.0355
vn -0.0900 -0.9868 0.1347
vn -0.0384 -0.9976 0.0574
vn 0.0213 -0.9993 -0.0319
vn -0.1146 -0.9868 0.1146
vn -0.0488 -0.9976 0.0488
vn 0.0272 -0.9993 -0.0272
vn -0.0574 -0.9976 0.0384
vn 0.0319 -0.9993 -0.0213
vn -0.1347 -0.9868 0.0900
vn -0.1497 -0.9868 0.0620
vn -0.0638 -0.9976 0.0264
vn 0.0355 -0.9993 -0.0147
vn -0.0677 -0.9976 0.0135
vn 0.0377 -0.9993 -0.0075
vn -0.1589 -0.9868 0.0316
vn -0.1620 -0.9868 -0.0000
vn -0.0691 -0.9976 -0.0000
vn 0.0384 -0.9993 -0.0000
vn 0.0377 -0.9993 0.0075
vn -0.1589 -0.9868 -0.0316
vn -0.0677 -0.9976 -0.0135
vn -0.1497 -0.9868 -0.0620
vn -0.0638 -0.9976 -0.0264
vn 0.0355 -0.9993 0.0147
vn -0.1347 -0.9868 -0.0900
vn -0.0574 -0.9976 -0.0384
vn 0.0319 -0.9993 0.0213
vn -0.1146 -0.9868 -0.1146
vn -0.0488 -0.9976 -0.0488
vn 0.0272 -0.9993 0.0272
vn -0.0900 -0.9868 -0.1347
vn -0.0384 -0.9976 -0.0574
vn 0.0213 -0.9993 0.0319
vn -0.0620 -0.9868 -0.1497
vn -0.0264 -0.9976 -0.0638
vn 0.0147 -0.9993 0.0355
vn -0.0316 -0.9868 -0.1589
vn -0.0135 -0.9976 -0.0677
vn 0.0075 -0.9993 0.0377
vn -0.0000 -0.9868 -0.1620
vn -0.0000 -0.9976 -0.0691
vn -0.0000 -0.9993 0.0384
vn 0.0316 -0.9868 -0.1589
vn 0.0135 -0.9976 -0.0677
vn -0.0075 -0.9993 0.0377
vn 0.0264 -0.9976 -0.0638
vn -0.0147 -0.9993 0.0355
vn 0.0620 -0.9868 -0.1497
vn 0.0900 -0.9868 -0.1347
vn 0.0384 -0.9976 -0.0574
vn -0.0213 -0.9993 0.0319
vn -0.0272 -0.9993 0.0272
vn 0.1146 -0.9868 -0.1146
vn 0.0488 -0.9976 -0.0488
vn 0.1347 -0.9868 -0.0900
vn 0.0574 -0.9976 -0.0384
vn -0.0319 -0.9993 0.0213
vn -0.0355 -0.9993 0.0147
vn 0.1497 -0.9868 -0.0620
vn 0.0638 -0.9976 -0.0264
vn 0.1589 -0.9868 -0.0316
vn 0.0677 -0.9976 -0.0135
vn -0.0377 -0.9993 0.0075
vn 0.9849 -0.1733 -0.0000
vn 0.9659 -0.1733 0.1921
vn 0.8036 -0.5951 -0.0000
vn 0.8942 -0.4477 -0.0000
vn 0.8770 -0.4477 0.1744
vn 0.7882 -0.5951 0.1568
vn 0.6402 -0.7682 -0.0000
vn 0.6279 -0.7682 0.1249
vn 0.9552 0.2961 -0.0000
vn 0.9368 0.2961 0.1863
vn 0.9984 0.0570 -0.0000
vn 0.9792 0.0570 0.1948
vn 0.9224 0.0570 0.3821
vn 0.9099 -0.1733 0.3769
vn 0.8261 -0.4477 0.3422
vn 0.7425 -0.5951 0.3075
vn 0.5915 -0.7682 0.2450
vn 0.8824 0.2961 0.3655
vn 0.7435 -0.4477 0.4968
vn 0.6682 -0.5951 0.4465
vn 0.5323 -0.7682 0.3557
vn 0.7942 0.2961 0.5307
vn 0.8301 0.0570 0.5547
vn 0.8189 -0.1733 0.5472
vn 0.7060 0.0570 0.7060
vn 0.6964 -0.1733 0.6964
vn 0.6323 -0.4477 0.6323
vn 0.5682 -0.5951 0.5682
vn 0.4527 -0.7682 0.4527
vn 0.6754 0.2961 0.6754
vn 0.4968 -0.4477 0.7435
vn 0.4465 -0.5951 0.6682
vn 0.3557 -0.7682 0.5323
vn 0.5307 0.2961 0.7942
vn 0.5547 0.0570 0.8301
vn 0.5472 -0.1733 0.8189
vn 0.3769 -0.1733 0.9099
vn 0.3422 -0.4477 0.8261
vn 0.3075 -0.5951 0.7425
vn 0.2450 -0.7682 0.5915
vn 0.3655 0.2961 0.8824
vn 0.3821 0.0570 0.9224
vn 0.1568 -0.5951 0.7882
vn 0.1249 -0.7682 0.6279
vn 0.1863 0.2961 0.9368
vn 0.1948 0.0570 0.9792
vn 0.1921 -0.1733 0.9659
vn 0.1744 -0.4477 0.8770
vn -0.0000 -0.1733 0.9849
vn -0.0000 -0.4477 0.8942
vn -0.0000 -0.5951 0.8036
vn -0.0000 -0.7682 0.6402
vn -0.0000 0.2961 0.9552
vn -0.0000 0.0570 0.9984
vn -0.1863 0.2961 0.9368
vn -0.1948 0.0570 0.9792
vn -0.1921 -0.1733 0.9659
vn -0.1744 -0.4477 0.8770
vn -0.1568 -0.5951 0.7882
vn -0.1249 -0.7682 0.6279
vn -0.3769 -0.1733 0.9099
vn -0.3422 -0.4477 0.8261
vn -0.3075 -0.5951 0.7425
vn -0.2450 -0.7682 0.5915
vn -0.3655 0.2961 0.8824
vn -0.3821 0.0570 0.9224
vn -0.5547 0.0570 0.8301
vn -0.5472 -0.1733 0.8189
vn -0.4968 -0.4477 0.7435
vn -0.4465 -0.5951 0.6682
vn -0.3557 -0.7682 0.5323
vn -0.5307 0.2961 0.7942
vn -0.6323 -0.4477 0.6323
vn -0.5682 -0.5951 0.5682
vn -0.4527 -0.7682 0.4527
vn -0.6754 0.2961 0.6754
vn -0.7060 0.0570 0.7060
vn -0.6964 -0.1733 0.6964
vn -0.8301 0.0570 0.5547
vn -0.8189 -0.1733 0.5472
vn -0.7435 -0.4477 0.4968
vn -0.6682 -0.5951 0.4465
vn -0.5323 -0.7682 0.3557
vn -0.7942 0.2961 0.5307
vn -0.8261 -0.4477 0.3422
vn -0.7425 -0.5951 0.3075
vn -0.5915 -0.7682 0.2450
vn -0.8824 0.2961 0.3655
vn -0.9224 0.0570 0.3821
vn -0.9099 -0.1733 0.3769
vn -0.9792 0.0570 0.1948
vn -0.9659 -0.1733 0.1921
vn -0.8770 -0.4477 0.1744
vn -0.7882 -0.5951 0.1568
vn -0.6279 -0.7682 0.1249
vn -0.9368 0.2961 0.1863
vn -0.8942 -0.4477 -0.0000
vn -0.8036 -0.5951 -0.0000
vn -0.6402 -0.7682 -0.0000
vn -0.9552 0.2961 -0.0000
vn -0.9984 0.0570 -0.0000
vn -0.9849 -0.1733 -0.0000
vn -0.9659 -0.1733 -0.1921
vn -0.8770 -0.4477 -0.1744
vn -0.7882 -0.5951 -0.1568
vn -0.6279 -0.7682 -0.1249
vn -0.9368 0.2961 -0.1863
vn -0.9792 0.0570 -0.1948
vn -0.7425 -0.5951 -0.3075
vn -0.5915 -0.7682 -0.2450
vn -0.8824 0.2961 -0.3655
vn -0.9224 0.0570 -0.3821
vn -0.9099 -0.1733 -0.3769
vn -0.8261 -0.4477 -0.3422
vn -0.8189 -0.1733 -0.5472
vn -0.7435 -0.4477 -0.4968
vn -0.6682 -0.5951 -0.4465
vn -0.5323 -0.7682 -0.3557
vn -0.7942 0.2961 -0.5307
vn -0.8301 0.0570 -0.5547
vn -0.5682 -0.5951 -0.5682
vn -0.4527 -0.7682 -0.4527
vn -0.6754 0.2961 -0.6754
vn -0.7060 0.0570 -0.7060
vn -0.6964 -0.1733 -0.6964
vn -0.6323 -0.4477 -0.6323
vn -0.5472 -0.1733 -0.8189
vn -0.4968 -0.4477 -0.7435
vn -0.4465 -0.5951 -0.6682
vn -0.3557 -0.7682 -0.5323
vn -0.5307 0.2961 -0.7942
vn -0.5547 0.0570 -0.8301
vn -0.3655 0.2961 -0.8824
vn -0.3821 0.0570 -0.9224
vn -0.3769 -0.1733 -0.9099
vn -0.3422 -0.4477 -0.8261
vn -0.3075 -0.5951 -0.7425
vn -0.2450 -0.7682 -0.5915
vn -0.1921 -0.1733 -0.9659
vn -0.1744 -0.4477 -0.8770
vn -0.1568 -0.5951 -0.7882
vn -0.1249 -0.7682 -0.6279
vn -0.1863 0.2961 -0.9368
vn -0.1948 0.0570 -0.9792
vn -0.0000 0.0570 -0.9984
vn -0.0000 -0.1733 -0.9849
vn -0.0000 -0.4477 -0.8942
vn -0.0000 -0.5951 -0.8036
vn -0.0000 -0.7682 -0.6402
vn -0.0000 0.2961 -0.9552
vn 0.1744 -0.4477 -0.8770
vn 0.1568 -0.5951 -0.7882
vn 0.1249 -0.7682 -0.6279
vn 0.1863 0.2961 -0.9368
vn 0.1948 0.0570 -0.9792
vn 0.1921 -0.1733 -0.9659
vn 0.3821 0.0570 -0.9224
vn 0.3769 -0.1733 -0.9099
vn 0.3422 -0.4477 -0.8261
vn 0.3075 -0.5951 -0.7425
vn 0.2450 -0.7682 -0.5915
vn 0.3655 0.2961 -0.8824
vn 0.4968 -0.4477 -0.7435
vn 0.4465 -0.5951 -0.6682
vn 0.3557 -0.7682 -0.5323
vn 0.5307 0.2961 -0.7942
vn 0.5547 0.0570 -0.8301
vn 0.5472 -0.1733 -0.8189
vn 0.7060 0.0570 -0.7060
vn 0.6964 -0.1733 -0.6964
vn 0.6323 -0.4477 -0.6323
vn 0.5682 -0.5951 -0.5682
vn 0.4527 -0.7682 -0.4527
vn 0.6754 0.2961 -0.6754
vn 0.7435 -0.4477 -0.4968
vn 0.6682 -0.5951 -0.4465
vn 0.5323 -0.7682 -0.3557
vn 0.7942 0.2961 -0.5307
vn 0.8301 0.0570 -0.5547
vn 0.8189 -0.1733 -0.5472
vn 0.9099 -0.1733 -0.3769
vn 0.8261 -0.4477 -0.3422
vn 0.7425 -0.5951 -0.3075
vn 0.5915 -0.7682 -0.2450
vn 0.8824 0.2961 -0.3655
vn 0.9224 0.0570 -0.3821
vn 0.7882 -0.5951 -0.1568
vn 0.6279 -0.7682 -0.1249
vn 0.9368 0.2961 -0.1863
vn 0.9792 0.0570 -0.1948
vn 0.9659 -0.1733 -0.1921
vn 0.8770 -0.4477 -0.1744
vt 0.781250 0.518663
vt 0.750000 0.562500
vt 0.500000 0.625000
vt 0.468750 0.625000
vt 0.750000 0.875000
vt 0.750000 0.937500
vt 0.718750 0.937500
vt 0.718750 0.875000
vt 0.843750 0.518663
vt 0.812500 0.562500
vt 0.750000 0.843750
vt 0.718750 0.843750
vt 0.281250 0.625000
vt 0.250000 0.625000
vt 0.750000 0.750000
vt 0.750000 0.812500
vt 0.718750 0.812500
vt 0.718750 0.750000
vt 0.593750 0.500000
vt 0.625000 0.500000
vt 0.593750 0.437500
vt 0.625000 0.394875
vt 0.031250 0.187500
vt 0.062500 0.187500
vt 0.406250 0.437500
vt 0.375000 0.394875
vt 0.625000 0.651293
vt 0.593750 0.687500
vt 0.062500 0.625000
vt 0.031250 0.625000
vt 0.281250 0.687500
vt 0.250000 0.651293
vt 0.734375 1.000000
vt 0.968750 0.187500
vt 1.000000 0.187500
vt 0.062500 0.651293
vt 0.031250 0.687500
vt 0.703125 1.000000
vt 0.687500 0.937500
vt 0.781250 0.687500
vt 0.750000 0.651293
vt 0.687500 0.875000
vt 0.812500 0.625000
vt 0.843750 0.625000
vt 0.687500 0.843750
vt 0.281250 0.750000
vt 0.250000 0.750000
vt 0.687500 0.812500
vt 0.687500 0.750000
vt 0.281250 0.277885
vt 0.250000 0.312500
vt 0.625000 0.562500
vt 0.593750 0.518663
vt 0.375000 0.500000
vt 0.406250 0.500000
vt 0.625000 0.312500
vt 0.593750 0.277885
vt 0.656250 0.812500
vt 0.656250 0.750000
vt 0.812500 0.187500
vt 0.843750 0.187500
vt 0.843750 0.687500
vt 0.812500 0.651293
vt 0.593750 0.625000
vt 0.625000 0.625000
vt 1.000000 0.651293
vt 0.968750 0.687500
vt 0.062500 0.312500
vt 0.031250 0.277885
vt 0.671875 1.000000
vt 0.656250 0.937500
vt 0.781250 0.277885
vt 0.750000 0.312500
vt 0.656250 0.875000
vt 0.406250 0.518663
vt 0.375000 0.562500
vt 0.656250 0.843750
vt 0.593750 0.187500
vt 0.625000 0.187500
vt 0.640625 1.000000
vt 0.625000 0.937500
vt 0.468750 0.187500
vt 0.437500 0.187500
vt 0.625000 0.875000
vt 0.375000 0.625000
vt 0.406250 0.625000
vt 0.625000 0.843750
vt 0.625000 0.812500
vt 0.625000 0.750000
vt 0.843750 0.277885
vt 0.812500 0.312500
vt 0.062500 0.750000
vt 0.031250 0.750000
vt 0.718750 0.518663
vt 0.187500 0.562500
vt 0.156250 0.518663
vt 0.781250 0.187500
vt 0.750000 0.187500
vt 0.062500 0.394875
vt 0.031250 0.437500
vt 0.375000 0.187500
vt 0.406250 0.187500
vt 0.750000 0.500000
vt 0.781250 0.500000
vt 0.718750 0.687500
vt 0.609375 1.000000
vt 0.593750 0.937500
vt 0.968750 0.375000
vt 1.000000 0.375000
vt 0.593750 0.875000
vt 0.593750 0.843750
vt 0.843750 0.750000
vt 0.812500 0.750000
vt 0.593750 0.812500
vt 0.593750 0.750000
vt 0.781250 0.437500
vt 0.750000 0.394875
vt 0.562500 0.937500
vt 0.562500 0.875000
vt 0.031250 0.375000
vt 0.062500 0.375000
vt 0.562500 0.843750
vt 0.562500 0.812500
vt 0.562500 0.750000
vt 0.406250 0.687500
vt 0.375000 0.651293
vt 0.812500 0.375000
vt 0.843750 0.375000
vt 0.718750 0.277885
vt 0.250000 0.562500
vt 0.218750 0.518663
vt 0.156250 0.625000
vt 0.187500 0.625000
vt 0.578125 1.000000
vt 0.156250 0.187500
vt 0.187500 0.187500
vt 0.812500 0.500000
vt 0.843750 0.500000
vt 0.250000 0.187500
vt 0.218750 0.187500
vt 1.000000 0.312500
vt 0.968750 0.277885
vt 0.718750 0.500000
vt 0.546875 1.000000
vt 0.531250 0.937500
vt 0.718750 0.625000
vt 0.750000 0.625000
vt 0.531250 0.875000
vt 0.187500 0.651293
vt 0.156250 0.687500
vt 0.531250 0.843750
vt 0.531250 0.812500
vt 0.531250 0.750000
vt 0.937500 0.625000
vt 0.968750 0.625000
vt 0.500000 0.937500
vt 0.500000 0.875000
vt 0.375000 0.375000
vt 0.406250 0.375000
vt 0.500000 0.843750
vt 0.500000 0.812500
vt 0.500000 0.750000
vt 0.843750 0.437500
vt 0.812500 0.394875
vt 0.718750 0.437500
vt 0.500000 0.500000
vt 0.531250 0.500000
vt 0.218750 0.625000
vt 0.937500 0.187500
vt 0.515625 1.000000
vt 0.718750 0.187500
vt 0.406250 0.277885
vt 0.375000 0.312500
vt 0.218750 0.687500
vt 0.937500 0.651293
vt 0.484375 1.000000
vt 0.468750 0.937500
vt 0.468750 0.875000
vt 0.187500 0.312500
vt 0.156250 0.277885
vt 0.468750 0.843750
vt 0.406250 0.750000
vt 0.375000 0.750000
vt 0.468750 0.812500
vt 0.468750 0.750000
vt 0.531250 0.518663
vt 0.500000 0.562500
vt 0.156250 0.375000
vt 0.187500 0.375000
vt 0.531250 0.625000
vt 0.437500 0.875000
vt 0.437500 0.843750
vt 0.437500 0.812500
vt 0.437500 0.750000
vt 0.937500 0.312500
vt 0.500000 0.187500
vt 0.531250 0.187500
vt 0.312500 0.625000
vt 0.718750 0.375000
vt 0.750000 0.375000
vt 0.656250 0.625000
vt 0.531250 0.687500
vt 0.500000 0.651293
vt 0.453125 1.000000
vt 0.437500 0.937500
vt 0.656250 0.187500
vt 0.218750 0.277885
vt 0.937500 0.375000
vt 0.421875 1.000000
vt 0.406250 0.937500
vt 0.656250 0.687500
vt 0.406250 0.875000
vt 0.281250 0.187500
vt 0.312500 0.187500
vt 0.406250 0.843750
vt 0.406250 0.812500
vt 0.156250 0.500000
vt 0.187500 0.500000
vt 0.312500 0.651293
vt 0.187500 0.394875
vt 0.156250 0.437500
vt 0.375000 0.875000
vt 0.375000 0.843750
vt 0.187500 0.750000
vt 0.156250 0.750000
vt 0.375000 0.812500
vt 0.968750 0.437500
vt 0.937500 0.394875
vt 0.531250 0.277885
vt 0.500000 0.312500
vt 0.968750 0.518663
vt 0.937500 0.562500
vt 0.218750 0.375000
vt 0.250000 0.375000
vt 0.000000 0.651293
vt 0.312500 0.312500
vt 0.390625 1.000000
vt 0.375000 0.937500
vt 0.562500 0.187500
vt 0.531250 0.437500
vt 0.500000 0.394875
vt 0.968750 0.750000
vt 0.937500 0.750000
vt 0.218750 0.500000
vt 0.250000 0.500000
vt 0.937500 0.500000
vt 0.968750 0.500000
vt 0.359375 1.000000
vt 0.343750 0.937500
vt 0.781250 0.625000
vt 0.343750 0.875000
vt 0.500000 0.375000
vt 0.531250 0.375000
vt 0.343750 0.843750
vt 0.343750 0.812500
vt 0.343750 0.750000
vt 0.281250 0.375000
vt 0.312500 0.375000
vt 0.093750 0.277885
vt 0.656250 0.277885
vt 0.312500 0.812500
vt 0.312500 0.750000
vt 0.312500 0.394875
vt 0.281250 0.437500
vt 0.250000 0.394875
vt 0.218750 0.437500
vt 0.000000 0.312500
vt 0.093750 0.375000
vt 0.328125 1.000000
vt 0.312500 0.937500
vt 0.312500 0.875000
vt 0.312500 0.562500
vt 0.281250 0.518663
vt 0.312500 0.843750
vt 0.625000 0.375000
vt 0.656250 0.375000
vt 0.093750 0.437500
vt 0.296875 1.000000
vt 0.281250 0.937500
vt 0.343750 0.187500
vt 0.281250 0.875000
vt 0.437500 0.651293
vt 0.281250 0.843750
vt 0.281250 0.812500
vt 0.875000 0.375000
vt 0.281250 0.500000
vt 0.312500 0.500000
vt 0.000000 0.375000
vt 0.062500 0.500000
vt 0.093750 0.500000
vt 0.875000 0.394875
vt 0.656250 0.437500
vt 0.437500 0.312500
vt 0.265625 1.000000
vt 0.250000 0.937500
vt 0.000000 0.394875
vt 0.250000 0.875000
vt 0.093750 0.518663
vt 0.062500 0.562500
vt 0.250000 0.843750
vt 0.250000 0.812500
vt 0.234375 1.000000
vt 0.218750 0.937500
vt 0.781250 0.375000
vt 0.218750 0.875000
vt 0.875000 0.500000
vt 0.218750 0.843750
vt 0.218750 0.812500
vt 0.218750 0.750000
vt 0.093750 0.750000
vt 0.093750 0.187500
vt 0.437500 0.375000
vt 0.656250 0.518663
vt 0.000000 0.500000
vt 0.031250 0.500000
vt 0.875000 0.562500
vt 0.093750 0.687500
vt 0.656250 0.500000
vt 0.437500 0.394875
vt 0.203125 1.000000
vt 0.187500 0.937500
vt 0.000000 0.625000
vt 0.187500 0.875000
vt 0.187500 0.843750
vt 0.187500 0.812500
vt 0.156250 0.937500
vt 0.156250 0.875000
vt 0.093750 0.625000
vt 0.156250 0.843750
vt 0.156250 0.812500
vt 0.875000 0.625000
vt 0.437500 0.500000
vt 0.875000 0.187500
vt 0.171875 1.000000
vt 0.031250 0.518663
vt 0.000000 0.562500
vt 0.437500 0.625000
vt 0.875000 0.651293
vt 0.140625 1.000000
vt 0.125000 0.937500
vt 0.125000 0.875000
vt 0.125000 0.843750
vt 0.125000 0.812500
vt 0.125000 0.750000
vt 1.000000 0.394875
vt 0.093750 0.937500
vt 0.093750 0.875000
vt 0.437500 0.562500
vt 0.093750 0.843750
vt 0.093750 0.812500
vt 0.875000 0.312500
vt 0.562500 0.312500
vt 0.000000 0.187500
vt 0.109375 1.000000
vt 0.078125 1.000000
vt 0.062500 0.937500
vt 0.062500 0.875000
vt 1.000000 0.500000
vt 0.062500 0.843750
vt 0.062500 0.812500
vt 0.562500 0.375000
vt 1.000000 0.562500
vt 0.031250 0.875000
vt 0.031250 0.843750
vt 0.031250 0.812500
vt 0.562500 0.394875
vt 1.000000 0.625000
vt 0.046875 1.000000
vt 0.031250 0.937500
vt 0.687500 0.187500
vt 0.343750 0.437500
vt 0.015625 1.000000
vt 0.000000 0.937500
vt 0.000000 0.875000
vt 0.562500 0.500000
vt 0.000000 0.843750
vt 0.000000 0.812500
vt 0.000000 0.750000
vt 1.000000 0.750000
vt 1.000000 0.812500
vt 0.968750 0.812500
vt 0.343750 0.500000
vt 0.562500 0.562500
vt 0.343750 0.518663
vt 0.125000 0.500000
vt 1.000000 0.937500
vt 0.984375 1.000000
vt 0.968750 0.937500
vt 0.687500 0.375000
vt 1.000000 0.875000
vt 0.968750 0.875000
vt 0.562500 0.651293
vt 1.000000 0.843750
vt 0.968750 0.843750
vt 0.953125 1.000000
vt 0.937500 0.937500
vt 0.937500 0.875000
vt 0.562500 0.625000
vt 0.937500 0.843750
vt 0.875000 0.750000
vt 0.937500 0.812500
vt 0.343750 0.625000
vt 0.125000 0.562500
vt 0.687500 0.394875
vt 0.906250 0.812500
vt 0.906250 0.750000
vt 0.921875 1.000000
vt 0.906250 0.937500
vt 0.906250 0.875000
vt 0.343750 0.687500
vt 0.906250 0.843750
vt 0.125000 0.625000
vt 0.890625 1.000000
vt 0.875000 0.937500
vt 0.687500 0.500000
vt 0.875000 0.875000
vt 0.875000 0.843750
vt 0.875000 0.812500
vt 0.125000 0.187500
vt 0.125000 0.651293
vt 0.906250 0.625000
vt 0.687500 0.562500
vt 0.468750 0.500000
vt 0.906250 0.187500
vt 0.343750 0.375000
vt 0.859375 1.000000
vt 0.843750 0.937500
vt 0.843750 0.875000
vt 0.906250 0.687500
vt 0.843750 0.843750
vt 0.843750 0.812500
vt 0.828125 1.000000
vt 0.812500 0.937500
vt 0.687500 0.625000
vt 0.812500 0.875000
vt 0.343750 0.277885
vt 0.812500 0.843750
vt 0.812500 0.812500
vt 0.125000 0.312500
vt 0.468750 0.518663
vt 0.687500 0.651293
vt 0.125000 0.394875
vt 0.796875 1.000000
vt 0.781250 0.937500
vt 0.781250 0.875000
vt 0.906250 0.277885
vt 0.781250 0.843750
vt 0.781250 0.812500
vt 0.781250 0.750000
vt 0.687500 0.312500
vt 0.125000 0.375000
vt 0.765625 1.000000
vt 0.468750 0.437500
vt 0.468750 0.687500
vt 0.593750 0.375000
vt 0.906250 0.518663
vt 0.468750 0.375000
vt 0.906250 0.500000
vt 0.468750 0.277885
vt 0.906250 0.437500
vt 0.906250 0.375000
vt 0.750000 0.422393
vt 0.718750 0.453860
vt 0.750000 0.331208
vt 0.718750 0.306953
vt 0.750000 0.675783
vt 0.718750 0.703007
vt 0.750000 0.578641
vt 0.718750 0.546125
vt 0.687500 0.422393
vt 0.687500 0.331208
vt 0.687500 0.675783
vt 0.687500 0.578641
vt 0.656250 0.703007
vt 0.656250 0.546125
vt 0.656250 0.453860
vt 0.656250 0.306953
vt 0.625000 0.422393
vt 0.625000 0.331208
vt 0.625000 0.675783
vt 0.625000 0.578641
vt 0.593750 0.703007
vt 0.593750 0.546125
vt 0.593750 0.453860
vt 0.593750 0.306953
vt 0.562500 0.422393
vt 0.562500 0.331208
vt 0.562500 0.675783
vt 0.562500 0.578641
vt 0.531250 0.546125
vt 0.531250 0.453860
vt 0.531250 0.306953
vt 0.531250 0.703007
vt 0.500000 0.331208
vt 0.500000 0.675783
vt 0.500000 0.578641
vt 0.500000 0.422393
vt 0.468750 0.546125
vt 0.468750 0.453860
vt 0.468750 0.306953
vt 0.468750 0.703007
vt 0.437500 0.331208
vt 0.437500 0.675783
vt 0.437500 0.578641
vt 0.437500 0.422393
vt 0.406250 0.546125
vt 0.406250 0.453860
vt 0.406250 0.306953
vt 0.406250 0.703007
vt 0.375000 0.331208
vt 0.375000 0.675783
vt 0.375000 0.578641
vt 0.375000 0.422393
vt 0.343750 0.546125
vt 0.343750 0.453860
vt 0.343750 0.306953
vt 0.343750 0.703007
vt 0.312500 0.331208
vt 0.312500 0.675783
vt 0.312500 0.578641
vt 0.312500 0.422393
vt 0.281250 0.453860
vt 0.281250 0.306953
vt 0.281250 0.703007
vt 0.281250 0.546125
vt 0.250000 0.675783
vt 0.250000 0.578641
vt 0.250000 0.422393
vt 0.250000 0.331208
vt 0.218750 0.453860
vt 0.218750 0.306953
vt 0.218750 0.703007
vt 0.218750 0.546125
vt 0.187500 0.675783
vt 0.187500 0.578641
vt 0.187500 0.422393
vt 0.187500 0.331208
vt 0.156250 0.453860
vt 0.156250 0.306953
vt 0.156250 0.703007
vt 0.156250 0.546125
vt 0.125000 0.578641
vt 0.125000 0.422393
vt 0.125000 0.331208
vt 0.125000 0.675783
vt 0.093750 0.306953
vt 0.093750 0.703007
vt 0.093750 0.546125
vt 0.093750 0.453860
vt 0.062500 0.578641
vt 0.062500 0.422393
vt 0.062500 0.331208
vt 0.062500 0.675783
vt 0.031250 0.306953
vt 0.031250 0.703007
vt 0.031250 0.546125
vt 0.031250 0.453860
vt 0.000000 0.578641
vt 0.000000 0.422393
vt 0.000000 0.331208
vt 0.000000 0.675783
vt 1.000000 0.331208
vt 0.968750 0.306953
vt 1.000000 0.675783
vt 0.968750 0.703007
vt 1.000000 0.578641
vt 0.968750 0.546125
vt 1.000000 0.422393
vt 0.968750 0.453860
vt 0.937500 0.422393
vt 0.937500 0.331208
vt 0.937500 0.675783
vt 0.937500 0.578641
vt 0.906250 0.703007
vt 0.906250 0.546125
vt 0.906250 0.453860
vt 0.906250 0.306953
vt 0.875000 0.422393
vt 0.875000 0.331208
vt 0.875000 0.675783
vt 0.875000 0.578641
vt 0.843750 0.703007
vt 0.843750 0.546125
vt 0.843750 0.453860
vt 0.843750 0.306953
vt 0.812500 0.422393
vt 0.812500 0.331208
vt 0.812500 0.675783
vt 0.812500 0.578641
vt 0.781250 0.703007
vt 0.781250 0.546125
vt 0.781250 0.453860
vt 0.781250 0.306953
vt 0.435561 0.750000
vt 0.000000 1.000000
vt 0.000000 0.250000
vt 0.435561 0.250000
vt 0.516204 0.500000
vt 0.172668 0.500000
vt 0.000000 0.000000
vt 1.000000 0.000000
vt 0.905402 0.250000
vt 0.886776 0.500000
vt 0.905402 0.750000
vt 1.000000 1.000000
vt 0.962306 0.500000
vt 1.000000 0.750000
vt 1.000000 0.250000
vt 0.968750 1.000000
vt 0.968750 0.500000
vt 0.937500 1.000000
vt 0.937500 0.500000
vt 0.906250 1.000000
vt 0.906250 0.500000
vt 0.875000 1.000000
vt 0.875000 0.500000
vt 0.843750 1.000000
vt 0.843750 0.500000
vt 0.812500 1.000000
vt 0.812500 0.500000
vt 0.781250 1.000000
vt 0.781250 0.500000
vt 0.750000 1.000000
vt 0.718750 1.000000
vt 0.687500 1.000000
vt 0.656250 1.000000
vt 0.625000 1.000000
vt 0.593750 1.000000
vt 0.562500 1.000000
vt 0.531250 1.000000
vt 0.500000 1.000000
vt 0.500000 0.500000
vt 0.468750 1.000000
vt 0.468750 0.500000
vt 0.437500 1.000000
vt 0.437500 0.500000
vt 0.406250 1.000000
vt 0.406250 0.500000
vt 0.375000 1.000000
vt 0.375000 0.500000
vt 0.343750 1.000000
vt 0.343750 0.500000
vt 0.312500 1.000000
vt 0.312500 0.500000
vt 0.281250 1.000000
vt 0.281250 0.500000
vt 0.250000 1.000000
vt 0.250000 0.500000
vt 0.218750 1.000000
vt 0.218750 0.500000
vt 0.187500 1.000000
vt 0.187500 0.500000
vt 0.156250 1.000000
vt 0.156250 0.500000
vt 0.125000 1.000000
vt 0.125000 0.500000
vt 0.093750 1.000000
vt 0.093750 0.500000
vt 0.062500 1.000000
vt 0.062500 0.500000
vt 0.296822 0.485388
vt 0.250000 0.490000
vt 0.203178 0.485388
vt 0.158156 0.471731
vt 0.116663 0.449553
vt 0.080294 0.419706
vt 0.050447 0.383337
vt 0.028269 0.341844
vt 0.014612 0.296822
vt 0.010000 0.250000
vt 0.014612 0.203178
vt 0.028269 0.158156
vt 0.050447 0.116663
vt 0.080294 0.080294
vt 0.116663 0.050447
vt 0.158156 0.028269
vt 0.203178 0.014612
vt 0.250000 0.010000
vt 0.296822 0.014612
vt 0.341844 0.028269
vt 0.383337 0.050447
vt 0.419706 0.080294
vt 0.449553 0.116663
vt 0.471731 0.158156
vt 0.485388 0.203178
vt 0.490000 0.250000
vt 0.485388 0.296822
vt 0.471731 0.341844
vt 0.449553 0.383337
vt 0.419706 0.419706
vt 0.383337 0.449553
vt 0.341844 0.471731
vt 0.031250 1.000000
vt 0.031250 0.500000
vt 0.750000 0.490000
vt 0.796822 0.485388
vt 0.841844 0.471731
vt 0.883337 0.449553
vt 0.919706 0.419706
vt 0.949553 0.383337
vt 0.971731 0.341844
vt 0.985388 0.296822
vt 0.990000 0.250000
vt 0.985388 0.203178
vt 0.971731 0.158156
vt 0.949553 0.116663
vt 0.919706 0.080294
vt 0.883337 0.050447
vt 0.841844 0.028269
vt 0.796822 0.014612
vt 0.750000 0.010000
vt 0.703178 0.014612
vt 0.658156 0.028269
vt 0.616663 0.050447
vt 0.580294 0.080294
vt 0.550447 0.116663
vt 0.528269 0.158156
vt 0.514612 0.203178
vt 0.510000 0.250000
vt 0.514612 0.296822
vt 0.528269 0.341844
vt 0.550447 0.383337
vt 0.580294 0.419706
vt 0.616663 0.449553
vt 0.658156 0.471731
vt 0.703178 0.485388
vt 0.520833 0.500000
vt 0.520833 0.583333
vt 0.500000 0.583333
vt 0.520833 0.666667
vt 0.500000 0.666667
vt 0.520833 0.750000
vt 0.500000 0.750000
vt 0.520833 0.833333
vt 0.500000 0.833333
vt 0.520833 0.916667
vt 0.500000 0.916667
vt 0.520833 1.000000
vt 0.500000 0.000000
vt 0.520833 0.000000
vt 0.520833 0.083333
vt 0.500000 0.083333
vt 0.520833 0.166667
vt 0.500000 0.166667
vt 0.520833 0.250000
vt 0.500000 0.250000
vt 0.520833 0.333333
vt 0.500000 0.333333
vt 0.520833 0.416667
vt 0.500000 0.416667
vt 0.541667 0.500000
vt 0.541667 0.583333
vt 0.541667 0.666667
vt 0.541667 0.750000
vt 0.541667 0.833333
vt 0.541667 0.916667
vt 0.541667 1.000000
vt 0.541667 0.000000
vt 0.541667 0.083333
vt 0.541667 0.166667
vt 0.541667 0.250000
vt 0.541667 0.333333
vt 0.541667 0.416667
vt 0.562500 0.583333
vt 0.562500 0.666667
vt 0.562500 0.750000
vt 0.562500 0.833333
vt 0.562500 0.916667
vt 0.562500 0.000000
vt 0.562500 0.083333
vt 0.562500 0.166667
vt 0.562500 0.250000
vt 0.562500 0.333333
vt 0.562500 0.416667
vt 0.583333 0.500000
vt 0.583333 0.583333
vt 0.583333 0.666667
vt 0.583333 0.750000
vt 0.583333 0.833333
vt 0.583333 0.916667
vt 0.583333 1.000000
vt 0.583333 0.000000
vt 0.583333 0.083333
vt 0.583333 0.166667
vt 0.583333 0.250000
vt 0.583333 0.333333
vt 0.583333 0.416667
vt 0.604167 0.500000
vt 0.604167 0.583333
vt 0.604167 0.666667
vt 0.604167 0.750000
vt 0.604167 0.833333
vt 0.604167 0.916667
vt 0.604167 1.000000
vt 0.604167 0.000000
vt 0.604167 0.083333
vt 0.604167 0.166667
vt 0.604167 0.250000
vt 0.604167 0.333333
vt 0.604167 0.416667
vt 0.625000 0.583333
vt 0.625000 0.666667
vt 0.625000 0.833333
vt 0.625000 0.916667
vt 0.625000 0.000000
vt 0.625000 0.083333
vt 0.625000 0.166667
vt 0.625000 0.250000
vt 0.625000 0.333333
vt 0.625000 0.416667
vt 0.645833 0.500000
vt 0.645833 0.583333
vt 0.645833 0.666667
vt 0.645833 0.750000
vt 0.645833 0.833333
vt 0.645833 0.916667
vt 0.645833 1.000000
vt 0.645833 0.000000
vt 0.645833 0.083333
vt 0.645833 0.166667
vt 0.645833 0.250000
vt 0.645833 0.333333
vt 0.645833 0.416667
vt 0.666667 0.500000
vt 0.666667 0.583333
vt 0.666667 0.666667
vt 0.666667 0.750000
vt 0.666667 0.833333
vt 0.666667 0.916667
vt 0.666667 1.000000
vt 0.666667 0.000000
vt 0.666667 0.083333
vt 0.666667 0.166667
vt 0.666667 0.250000
vt 0.666667 0.333333
vt 0.666667 0.416667
vt 0.687500 0.583333
vt 0.687500 0.666667
vt 0.687500 0.750000
vt 0.687500 0.833333
vt 0.687500 0.916667
vt 0.687500 0.000000
vt 0.687500 0.083333
vt 0.687500 0.166667
vt 0.687500 0.250000
vt 0.687500 0.333333
vt 0.687500 0.416667
vt 0.708333 0.500000
vt 0.708333 0.583333
vt 0.708333 0.666667
vt 0.708333 0.750000
vt 0.708333 0.833333
vt 0.708333 0.916667
vt 0.708333 1.000000
vt 0.708333 0.000000
vt 0.708333 0.083333
vt 0.708333 0.166667
vt 0.708333 0.250000
vt 0.708333 0.333333
vt 0.708333 0.416667
vt 0.729167 0.500000
vt 0.729167 0.583333
vt 0.729167 0.666667
vt 0.729167 0.750000
vt 0.729167 0.833333
vt 0.729167 0.916667
vt 0.729167 1.000000
vt 0.729167 0.000000
vt 0.729167 0.083333
vt 0.729167 0.166667
vt 0.729167 0.250000
vt 0.729167 0.333333
vt 0.729167 0.416667
vt 0.750000 0.583333
vt 0.750000 0.666667
vt 0.750000 0.750000
vt 0.750000 0.833333
vt 0.750000 0.916667
vt 0.750000 0.000000
vt 0.750000 0.083333
vt 0.750000 0.166667
vt 0.750000 0.250000
vt 0.750000 0.333333
vt 0.750000 0.416667
vt 0.770833 0.500000
vt 0.770833 0.583333
vt 0.770833 0.666667
vt 0.770833 0.750000
vt 0.770833 0.833333
vt 0.770833 0.916667
vt 0.770833 1.000000
vt 0.770833 0.000000
vt 0.770833 0.083333
vt 0.770833 0.166667
vt 0.770833 0.250000
vt 0.770833 0.333333
vt 0.770833 0.416667
vt 0.791667 0.500000
vt 0.791667 0.583333
vt 0.791667 0.666667
vt 0.791667 0.750000
vt 0.791667 0.833333
vt 0.791667 0.916667
vt 0.791667 1.000000
vt 0.791667 0.000000
vt 0.791667 0.083333
vt 0.791667 0.166667
vt 0.791667 0.250000
vt 0.791667 0.333333
vt 0.791667 0.416667
vt 0.812500 0.583333
vt 0.812500 0.666667
vt 0.812500 0.750000
vt 0.812500 0.833333
vt 0.812500 0.916667
vt 0.812500 0.000000
vt 0.812500 0.083333
vt 0.812500 0.166667
vt 0.812500 0.250000
vt 0.812500 0.333333
vt 0.812500 0.416667
vt 0.833333 0.500000
vt 0.833333 0.583333
vt 0.833333 0.666667
vt 0.833333 0.750000
vt 0.833333 0.833333
vt 0.833333 0.916667
vt 0.833333 1.000000
vt 0.833333 0.000000
vt 0.833333 0.083333
vt 0.833333 0.166667
vt 0.833333 0.250000
vt 0.833333 0.333333
vt 0.833333 0.416667
vt 0.854167 0.500000
vt 0.854167 0.583333
vt 0.854167 0.666667
vt 0.854167 0.750000
vt 0.854167 0.833333
vt 0.854167 0.916667
vt 0.854167 1.000000
vt 0.854167 0.000000
vt 0.854167 0.083333
vt 0.854167 0.166667
vt 0.854167 0.250000
vt 0.854167 0.333333
vt 0.854167 0.416667
vt 0.875000 0.583333
vt 0.875000 0.666667
vt 0.875000 0.750000
vt 0.875000 0.833333
vt 0.875000 0.916667
vt 0.875000 0.000000
vt 0.875000 0.083333
vt 0.875000 0.166667
vt 0.875000 0.250000
vt 0.875000 0.333333
vt 0.875000 0.416667
vt 0.895833 0.500000
vt 0.895833 0.583333
vt 0.895833 0.666667
vt 0.895833 0.750000
vt 0.895833 0.833333
vt 0.895833 0.916667
vt 0.895833 1.000000
vt 0.895833 0.000000
vt 0.895833 0.083333
vt 0.895833 0.166667
vt 0.895833 0.250000
vt 0.895833 0.333333
vt 0.895833 0.416667
vt 0.916667 0.500000
vt 0.916667 0.583333
vt 0.916667 0.666667
vt 0.916667 0.750000
vt 0.916667 0.833333
vt 0.916667 0.916667
vt 0.916667 1.000000
vt 0.916667 0.000000
vt 0.916667 0.083333
vt 0.916667 0.166667
vt 0.916667 0.250000
vt 0.916667 0.333333
vt 0.916667 0.416667
vt 0.937500 0.583333
vt 0.937500 0.666667
vt 0.937500 0.750000
vt 0.937500 0.833333
vt 0.937500 0.916667
vt 0.937500 0.000000
vt 0.937500 0.083333
vt 0.937500 0.166667
vt 0.937500 0.250000
vt 0.937500 0.333333
vt 0.937500 0.416667
vt 0.958333 0.500000
vt 0.958333 0.583333
vt 0.958333 0.666667
vt 0.958333 0.750000
vt 0.958333 0.833333
vt 0.958333 0.916667
vt 0.958333 1.000000
vt 0.958333 0.000000
vt 0.958333 0.083333
vt 0.958333 0.166667
vt 0.958333 0.250000
vt 0.958333 0.333333
vt 0.958333 0.416667
vt 0.979167 0.500000
vt 0.979167 0.583333
vt 0.979167 0.666667
vt 0.979167 0.750000
vt 0.979167 0.833333
vt 0.979167 0.916667
vt 0.979167 1.000000
vt 0.979167 0.000000
vt 0.979167 0.083333
vt 0.979167 0.166667
vt 0.979167 0.250000
vt 0.979167 0.333333
vt 0.979167 0.416667
vt 1.000000 0.583333
vt 1.000000 0.666667
vt 1.000000 0.833333
vt 1.000000 0.916667
vt 1.000000 0.000000
vt 1.000000 0.083333
vt 1.000000 0.166667
vt 1.000000 0.333333
vt 1.000000 0.416667
vt 0.000000 0.500000
vt 0.020833 0.500000
vt 0.020833 0.583333
vt 0.000000 0.583333
vt 0.020833 0.666667
vt 0.000000 0.666667
vt 0.020833 0.750000
vt 0.000000 0.750000
vt 0.020833 0.833333
vt 0.000000 0.833333
vt 0.020833 0.916667
vt 0.000000 0.916667
vt 0.020833 1.000000
vt 0.000000 1.000000
vt 0.000000 0.000000
vt 0.020833 0.000000
vt 0.020833 0.083333
vt 0.000000 0.083333
vt 0.020833 0.166667
vt 0.000000 0.166667
vt 0.020833 0.250000
vt 0.000000 0.250000
vt 0.020833 0.333333
vt 0.000000 0.333333
vt 0.020833 0.416667
vt 0.000000 0.416667
vt 0.041667 0.500000
vt 0.041667 0.583333
vt 0.041667 0.666667
vt 0.041667 0.750000
vt 0.041667 0.833333
vt 0.041667 0.916667
vt 0.041667 1.000000
vt 0.041667 0.000000
vt 0.041667 0.083333
vt 0.041667 0.166667
vt 0.041667 0.250000
vt 0.041667 0.333333
vt 0.041667 0.416667
vt 0.062500 0.583333
vt 0.062500 0.666667
vt 0.062500 0.750000
vt 0.062500 0.833333
vt 0.062500 0.916667
vt 0.062500 0.000000
vt 0.062500 0.083333
vt 0.062500 0.166667
vt 0.062500 0.250000
vt 0.062500 0.333333
vt 0.062500 0.416667
vt 0.083333 0.500000
vt 0.083333 0.583333
vt 0.083333 0.666667
vt 0.083333 0.750000
vt 0.083333 0.833333
vt 0.083333 0.916667
vt 0.083333 1.000000
vt 0.083333 0.000000
vt 0.083333 0.083333
vt 0.083333 0.166667
vt 0.083333 0.250000
vt 0.083333 0.333333
vt 0.083333 0.416667
vt 0.104167 0.500000
vt 0.104167 0.583333
vt 0.104167 0.666667
vt 0.104167 0.750000
vt 0.104167 0.833333
vt 0.104167 0.916667
vt 0.104167 1.000000
vt 0.104167 0.000000
vt 0.104167 0.083333
vt 0.104167 0.166667
vt 0.104167 0.250000
vt 0.104167 0.333333
vt 0.104167 0.416667
vt 0.125000 0.583333
vt 0.125000 0.666667
vt 0.125000 0.750000
vt 0.125000 0.833333
vt 0.125000 0.916667
vt 0.125000 0.000000
vt 0.125000 0.083333
vt 0.125000 0.166667
vt 0.125000 0.250000
vt 0.125000 0.333333
vt 0.125000 0.416667
vt 0.145833 0.500000
vt 0.145833 0.583333
vt 0.145833 0.666667
vt 0.145833 0.750000
vt 0.145833 0.833333
vt 0.145833 0.916667
vt 0.145833 1.000000
vt 0.145833 0.000000
vt 0.145833 0.083333
vt 0.145833 0.166667
vt 0.145833 0.250000
vt 0.145833 0.333333
vt 0.145833 0.416667
vt 0.166667 0.500000
vt 0.166667 0.583333
vt 0.166667 0.666667
vt 0.166667 0.750000
vt 0.166667 0.833333
vt 0.166667 0.916667
vt 0.166667 1.000000
vt 0.166667 0.000000
vt 0.166667 0.083333
vt 0.166667 0.166667
vt 0.166667 0.250000
vt 0.166667 0.333333
vt 0.166667 0.416667
vt 0.187500 0.583333
vt 0.187500 0.666667
vt 0.187500 0.750000
vt 0.187500 0.833333
vt 0.187500 0.916667
vt 0.187500 0.000000
vt 0.187500 0.083333
vt 0.187500 0.166667
vt 0.187500 0.250000
vt 0.187500 0.333333
vt 0.187500 0.416667
vt 0.208333 0.500000
vt 0.208333 0.583333
vt 0.208333 0.666667
vt 0.208333 0.750000
vt 0.208333 0.833333
vt 0.208333 0.916667
vt 0.208333 1.000000
vt 0.208333 0.000000
vt 0.208333 0.083333
vt 0.208333 0.166667
vt 0.208333 0.250000
vt 0.208333 0.333333
vt 0.208333 0.416667
vt 0.229167 0.500000
vt 0.229167 0.583333
vt 0.229167 0.666667
vt 0.229167 0.750000
vt 0.229167 0.833333
vt 0.229167 0.916667
vt 0.229167 1.000000
vt 0.229167 0.000000
vt 0.229167 0.083333
vt 0.229167 0.166667
vt 0.229167 0.250000
vt 0.229167 0.333333
vt 0.229167 0.416667
vt 0.250000 0.583333
vt 0.250000 0.666667
vt 0.250000 0.750000
vt 0.250000 0.833333
vt 0.250000 0.916667
vt 0.250000 0.000000
vt 0.250000 0.083333
vt 0.250000 0.166667
vt 0.250000 0.250000
vt 0.250000 0.333333
vt 0.250000 0.416667
vt 0.270833 0.500000
vt 0.270833 0.583333
vt 0.270833 0.666667
vt 0.270833 0.750000
vt 0.270833 0.833333
vt 0.270833 0.916667
vt 0.270833 1.000000
vt 0.270833 0.000000
vt 0.270833 0.083333
vt 0.270833 0.166667
vt 0.270833 0.250000
vt 0.270833 0.333333
vt 0.270833 0.416667
vt 0.291667 0.500000
vt 0.291667 0.583333
vt 0.291667 0.666667
vt 0.291667 0.750000
vt 0.291667 0.833333
vt 0.291667 0.916667
vt 0.291667 1.000000
vt 0.291667 0.000000
vt 0.291667 0.083333
vt 0.291667 0.166667
vt 0.291667 0.250000
vt 0.291667 0.333333
vt 0.291667 0.416667
vt 0.312500 0.583333
vt 0.312500 0.666667
vt 0.312500 0.750000
vt 0.312500 0.833333
vt 0.312500 0.916667
vt 0.312500 0.000000
vt 0.312500 0.083333
vt 0.312500 0.166667
vt 0.312500 0.250000
vt 0.312500 0.333333
vt 0.312500 0.416667
vt 0.333333 0.500000
vt 0.333333 0.583333
vt 0.333333 0.666667
vt 0.333333 0.750000
vt 0.333333 0.833333
vt 0.333333 0.916667
vt 0.333333 1.000000
vt 0.333333 0.000000
vt 0.333333 0.083333
vt 0.333333 0.166667
vt 0.333333 0.250000
vt 0.333333 0.333333
vt 0.333333 0.416667
vt 0.354167 0.500000
vt 0.354167 0.583333
vt 0.354167 0.666667
vt 0.354167 0.750000
vt 0.354167 0.833333
vt 0.354167 0.916667
vt 0.354167 1.000000
vt 0.354167 0.000000
vt 0.354167 0.083333
vt 0.354167 0.166667
vt 0.354167 0.250000
vt 0.354167 0.333333
vt 0.354167 0.416667
vt 0.375000 0.583333
vt 0.375000 0.666667
vt 0.375000 0.750000
vt 0.375000 0.833333
vt 0.375000 0.916667
vt 0.375000 0.000000
vt 0.375000 0.083333
vt 0.375000 0.166667
vt 0.375000 0.250000
vt 0.375000 0.333333
vt 0.375000 0.416667
vt 0.395833 0.500000
vt 0.395833 0.583333
vt 0.395833 0.666667
vt 0.395833 0.750000
vt 0.395833 0.833333
vt 0.395833 0.916667
vt 0.395833 1.000000
vt 0.395833 0.000000
vt 0.395833 0.083333
vt 0.395833 0.166667
vt 0.395833 0.250000
vt 0.395833 0.333333
vt 0.395833 0.416667
vt 0.416667 0.500000
vt 0.416667 0.583333
vt 0.416667 0.666667
vt 0.416667 0.750000
vt 0.416667 0.833333
vt 0.416667 0.916667
vt 0.416667 1.000000
vt 0.416667 0.000000
vt 0.416667 0.083333
vt 0.416667 0.166667
vt 0.416667 0.250000
vt 0.416667 0.333333
vt 0.416667 0.416667
vt 0.437500 0.583333
vt 0.437500 0.666667
vt 0.437500 0.750000
vt 0.437500 0.833333
vt 0.437500 0.916667
vt 0.437500 0.000000
vt 0.437500 0.083333
vt 0.437500 0.166667
vt 0.437500 0.250000
vt 0.437500 0.333333
vt 0.437500 0.416667
vt 0.458333 0.500000
vt 0.458333 0.583333
vt 0.458333 0.666667
vt 0.458333 0.750000
vt 0.458333 0.833333
vt 0.458333 0.916667
vt 0.458333 1.000000
vt 0.458333 0.000000
vt 0.458333 0.083333
vt 0.458333 0.166667
vt 0.458333 0.250000
vt 0.458333 0.333333
vt 0.458333 0.416667
vt 0.479167 0.500000
vt 0.479167 0.583333
vt 0.479167 0.666667
vt 0.479167 0.750000
vt 0.479167 0.833333
vt 0.479167 0.916667
vt 0.479167 1.000000
vt 0.479167 0.000000
vt 0.479167 0.083333
vt 0.479167 0.166667
vt 0.479167 0.250000
vt 0.479167 0.333333
vt 0.479167 0.416667
vt 0.734375 0.000000
vt 0.750000 0.062500
vt 0.718750 0.062500
vt 0.750000 0.125000
vt 0.718750 0.125000
vt 0.687500 0.125000
vt 0.687500 0.062500
vt 0.703125 0.000000
vt 0.656250 0.125000
vt 0.656250 0.062500
vt 0.671875 0.000000
vt 0.640625 0.000000
vt 0.625000 0.062500
vt 0.625000 0.125000
vt 0.593750 0.125000
vt 0.593750 0.062500
vt 0.609375 0.000000
vt 0.578125 0.000000
vt 0.562500 0.062500
vt 0.562500 0.125000
vt 0.531250 0.125000
vt 0.531250 0.062500
vt 0.546875 0.000000
vt 0.500000 0.125000
vt 0.500000 0.062500
vt 0.515625 0.000000
vt 0.468750 0.125000
vt 0.468750 0.062500
vt 0.484375 0.000000
vt 0.437500 0.125000
vt 0.437500 0.062500
vt 0.453125 0.000000
vt 0.406250 0.125000
vt 0.406250 0.062500
vt 0.421875 0.000000
vt 0.375000 0.125000
vt 0.375000 0.062500
vt 0.390625 0.000000
vt 0.343750 0.125000
vt 0.343750 0.062500
vt 0.359375 0.000000
vt 0.312500 0.125000
vt 0.312500 0.062500
vt 0.328125 0.000000
vt 0.281250 0.125000
vt 0.281250 0.062500
vt 0.296875 0.000000
vt 0.250000 0.125000
vt 0.250000 0.062500
vt 0.265625 0.000000
vt 0.234375 0.000000
vt 0.218750 0.062500
vt 0.218750 0.125000
vt 0.187500 0.125000
vt 0.187500 0.062500
vt 0.203125 0.000000
vt 0.156250 0.125000
vt 0.156250 0.062500
vt 0.171875 0.000000
vt 0.125000 0.125000
vt 0.125000 0.062500
vt 0.140625 0.000000
vt 0.093750 0.125000
vt 0.093750 0.062500
vt 0.109375 0.000000
vt 0.062500 0.125000
vt 0.062500 0.062500
vt 0.078125 0.000000
vt 0.031250 0.125000
vt 0.031250 0.062500
vt 0.046875 0.000000
vt 0.000000 0.125000
vt 0.000000 0.062500
vt 0.015625 0.000000
vt 1.000000 0.125000
vt 0.968750 0.125000
vt 1.000000 0.062500
vt 0.968750 0.062500
vt 0.984375 0.000000
vt 0.937500 0.125000
vt 0.937500 0.062500
vt 0.953125 0.000000
vt 0.906250 0.125000
vt 0.906250 0.062500
vt 0.921875 0.000000
vt 0.890625 0.000000
vt 0.875000 0.062500
vt 0.875000 0.125000
vt 0.843750 0.125000
vt 0.843750 0.062500
vt 0.859375 0.000000
vt 0.828125 0.000000
vt 0.812500 0.062500
vt 0.812500 0.125000
vt 0.781250 0.125000
vt 0.781250 0.062500
vt 0.796875 0.000000
vt 0.765625 0.000000
vt 0.750000 0.250000
vt 0.718750 0.250000
vt 0.656250 0.250000
vt 0.593750 0.250000
vt 0.531250 0.250000
vt 0.468750 0.250000
vt 0.406250 0.250000
vt 0.343750 0.250000
vt 0.281250 0.250000
vt 0.218750 0.250000
vt 0.156250 0.250000
vt 0.093750 0.250000
vt 0.062500 0.250000
vt 0.031250 0.250000
vt 0.000000 0.250000
vt 1.000000 0.250000
vt 0.968750 0.250000
vt 0.937500 0.250000
vt 0.906250 0.250000
vt 0.875000 0.250000
vt 0.843750 0.250000
vt 0.812500 0.250000
vt 0.781250 0.250000
s 1
usemtl Dark.001
f 2513/1/1 2266/2/1 2554/2/1 2801/1/1
f 97/3/1 109/4/1 489/4/1 481/3/1
f 381/5/2 380/6/3 8/7/4 9/8/5
f 350/9/1 362/10/1 2505/10/1 2497/9/1
f 417/11/6 381/5/2 9/8/5 386/12/7
f 181/13/1 193/14/1 545/14/1 537/13/1
f 63/19/1 51/20/1 2298/20/1 2306/19/1
f 64/21/1 52/22/1 452/22/1 460/21/1
f 283/23/1 271/24/1 2446/24/1 2454/23/1
f 136/25/1 148/26/1 2363/26/1 2355/25/1
f 2295/27/1 2303/28/1 2591/28/1 2583/27/1
f 265/29/1 277/30/1 601/30/1 593/29/1
f 2355/25/1 2363/26/1 2651/26/1 2643/25/1
f 180/31/1 192/32/1 2391/32/1 2383/31/1
f 380/6/3 1/33/1 8/7/4
f 2470/34/1 2462/35/1 2750/35/1 2758/34/1
f 264/36/1 276/37/1 2447/37/1 2439/36/1
f 8/7/4 1/38/1 20/39/12
f 2511/40/1 2278/41/1 2566/41/1 2799/40/1
f 362/10/1 350/9/1 650/9/1 658/10/1
f 9/8/5 8/7/4 20/39/12 21/42/13
f 361/43/1 349/44/1 2496/44/1 2504/43/1
f 386/12/7 9/8/5 21/42/13 387/45/14
f 179/46/15 191/47/16 543/47/1 535/46/1
f 186/50/1 198/51/1 2397/51/1 2389/50/1
f 51/20/1 63/19/1 459/19/1 451/20/1
f 50/52/1 62/53/1 2305/53/1 2297/52/1
f 147/54/1 135/55/1 2354/55/1 2362/54/1
f 2301/56/1 2309/57/1 2597/57/1 2589/56/1
f 148/26/1 136/25/1 508/25/1 516/26/1
f 367/60/1 355/61/1 2502/61/1 2510/60/1
f 192/32/1 180/31/1 536/31/1 544/32/1
f 348/62/1 360/63/1 2503/63/1 2495/62/1
f 61/64/1 49/65/1 2296/65/1 2304/64/1
f 2362/54/1 2354/55/1 2642/55/1 2650/54/1
f 276/37/1 264/36/1 592/36/1 600/37/1
f 2455/66/1 2463/67/1 2751/67/1 2743/66/1
f 270/68/1 282/69/1 2453/69/1 2445/68/1
f 20/39/12 1/70/1 32/71/21
f 2517/72/1 2277/73/1 2565/73/1 2805/72/1
f 349/44/1 361/43/1 657/43/1 649/44/1
f 21/42/13 20/39/12 32/71/21 33/74/22
f 134/75/1 146/76/1 2361/76/1 2353/75/1
f 387/45/14 21/42/13 33/74/22 388/77/23
f 198/51/1 186/50/1 542/50/1 550/51/1
f 67/78/1 55/79/1 2302/79/1 2310/78/1
f 32/71/21 1/80/1 44/81/24
f 115/82/1 127/83/1 2531/83/1 2530/82/1
f 62/53/1 50/52/1 450/52/1 458/53/1
f 33/74/22 32/71/21 44/81/24 45/84/25
f 145/85/1 133/86/1 2352/86/1 2360/85/1
f 388/77/23 33/74/22 45/84/25 389/87/26
f 135/55/1 147/54/1 515/54/1 507/55/1
f 354/90/1 366/91/1 2509/91/1 2501/90/1
f 263/92/29 275/93/30 599/93/1 591/92/1
f 4/2/1 14/94/1 2270/94/1 2266/2/1
f 218/95/1 230/96/1 2417/96/1 2409/95/1
f 379/97/1 385/98/1 2553/98/1 2552/97/1
f 360/63/1 348/62/1 648/62/1 656/63/1
f 2353/75/1 2361/76/1 2649/76/1 2641/75/1
f 48/27/1 60/28/1 2303/28/1 2295/27/1
f 49/65/1 61/64/1 457/64/1 449/65/1
f 268/99/1 280/100/1 2451/100/1 2443/99/1
f 151/101/1 139/102/1 2358/102/1 2366/101/1
f 2267/103/1 2514/104/1 2802/104/1 2555/103/1
f 282/69/1 270/68/1 598/68/1 606/69/1
f 2360/85/1 2352/86/1 2640/86/1 2648/85/1
f 3/41/1 12/105/1 2268/105/1 2278/41/1
f 44/81/24 1/106/1 56/107/31
f 2468/108/1 2460/109/1 2748/109/1 2756/108/1
f 146/76/1 134/75/1 506/75/1 514/76/1
f 45/84/25 44/81/24 56/107/31 57/110/32
f 54/56/1 66/57/1 2309/57/1 2301/56/1
f 389/87/26 45/84/25 57/110/32 390/111/33
f 347/112/34 359/113/35 655/113/1 647/112/1
f 2515/116/1 2276/117/1 2564/117/1 2803/116/1
f 47/89/28 59/115/37 455/115/1 447/89/1
f 57/110/32 56/107/31 68/118/38 69/119/39
f 281/120/1 269/121/1 2444/121/1 2452/120/1
f 390/111/33 57/110/32 69/119/39 391/122/40
f 133/86/1 145/85/1 513/85/1 505/86/1
f 132/125/1 144/126/1 2359/126/1 2351/125/1
f 366/91/1 354/90/1 654/90/1 662/91/1
f 365/127/1 353/128/1 2500/128/1 2508/127/1
f 7/73/1 18/129/1 2274/129/1 2277/73/1
f 2393/130/1 2401/131/1 2689/131/1 2681/130/1
f 14/94/1 4/2/1 430/2/1 423/94/1
f 2366/101/1 2358/102/1 2646/102/1 2654/101/1
f 229/132/1 217/133/1 2408/133/1 2416/132/1
f 56/107/31 1/134/1 68/118/38
f 235/135/1 223/136/1 2414/136/1 2422/135/1
f 363/137/1 351/138/1 2498/138/1 2506/137/1
f 199/139/1 211/140/1 2538/140/1 2537/139/1
f 230/96/1 218/95/1 562/95/1 570/96/1
f 2461/141/1 2469/142/1 2757/142/1 2749/141/1
f 15/143/1 5/103/1 2267/103/1 2271/143/1
f 68/118/38 1/144/1 80/145/43
f 2269/146/1 2521/147/1 2809/147/1 2557/146/1
f 60/28/1 48/27/1 448/27/1 456/28/1
f 69/119/39 68/118/38 80/145/43 81/148/44
f 216/149/1 228/150/1 2415/150/1 2407/149/1
f 391/122/40 69/119/39 81/148/44 392/151/45
f 280/100/1 268/99/1 596/99/1 604/100/1
f 313/154/1 301/155/1 2464/155/1 2472/154/1
f 12/105/1 3/41/1 429/41/1 421/105/1
f 81/148/44 80/145/43 92/156/48 93/157/49
f 149/158/1 137/159/1 2356/159/1 2364/158/1
f 392/151/45 81/148/44 93/157/49 393/160/50
f 66/57/1 54/56/1 454/56/1 462/57/1
f 352/163/1 364/164/1 2507/164/1 2499/163/1
f 269/121/1 281/120/1 605/120/1 597/121/1
f 6/117/1 16/165/1 2272/165/1 2276/117/1
f 99/166/1 87/167/1 2322/167/1 2330/166/1
f 2400/168/1 2392/14/1 2680/14/1 2688/168/1
f 144/126/1 132/125/1 504/125/1 512/126/1
f 2351/125/1 2359/126/1 2647/126/1 2639/125/1
f 319/169/1 307/34/1 2470/34/1 2478/169/1
f 80/145/43 1/170/1 92/156/48
f 2275/171/1 2519/98/1 2807/98/1 2563/171/1
f 353/128/1 365/127/1 661/127/1 653/128/1
f 138/172/1 150/173/1 2365/173/1 2357/172/1
f 2406/140/1 2398/139/1 2686/139/1 2694/140/1
f 18/129/1 7/73/1 428/73/1 427/129/1
f 2391/32/1 2399/174/1 2687/174/1 2679/32/1
f 300/67/1 312/175/1 2471/175/1 2463/67/1
f 92/156/48 1/176/1 104/177/53
f 2364/158/1 2356/159/1 2644/159/1 2652/158/1
f 217/133/1 229/132/1 569/132/1 561/133/1
f 93/157/49 92/156/48 104/177/53 105/178/54
f 222/179/1 234/180/1 2421/180/1 2413/179/1
f 393/160/50 93/157/49 105/178/54 394/181/55
f 131/182/56 143/183/57 511/183/1 503/182/1
f 86/186/1 98/187/1 2329/187/1 2321/186/1
f 351/138/1 363/137/1 659/137/1 651/138/1
f 233/188/1 221/189/1 2412/189/1 2420/188/1
f 97/3/1 85/190/1 2320/190/1 2328/3/1
f 394/181/55 105/178/54 117/191/60 395/192/61
f 5/103/1 15/143/1 424/143/1 418/103/1
f 306/142/1 318/195/1 2477/195/1 2469/142/1
f 228/150/1 216/149/1 560/149/1 568/150/1
f 103/196/1 91/197/1 2326/197/1 2334/196/1
f 181/13/1 169/198/1 2376/198/1 2384/13/1
f 2273/199/1 2520/200/1 2808/200/1 2561/199/1
f 301/155/1 313/154/1 625/154/1 617/155/1
f 2296/65/1 2288/201/1 2576/201/1 2584/65/1
f 84/202/1 96/203/1 2327/203/1 2319/202/1
f 104/177/53 1/204/1 116/205/64
f 2357/172/1 2365/173/1 2653/173/1 2645/172/1
f 137/159/1 149/158/1 517/158/1 509/159/1
f 105/178/54 104/177/53 116/205/64 117/191/60
f 2302/79/1 2294/206/1 2582/206/1 2590/79/1
f 364/164/1 352/163/1 652/163/1 660/164/1
f 2397/51/1 2405/207/1 2693/207/1 2685/51/1
f 317/208/1 305/108/1 2468/108/1 2476/208/1
f 116/205/64 1/209/1 128/210/65
f 2287/211/1 2295/27/1 2583/27/1 2575/211/1
f 16/165/1 6/117/1 419/117/1 425/165/1
f 117/191/60 116/205/64 128/210/65 129/212/66
f 187/213/1 175/214/1 2382/214/1 2390/213/1
f 395/192/61 117/191/60 129/212/66 396/215/67
f 87/167/1 99/166/1 483/166/1 475/167/1
f 231/217/1 219/218/1 2410/218/1 2418/217/1
f 150/173/1 138/172/1 510/172/1 518/173/1
f 168/219/1 180/31/1 2383/31/1 2375/219/1
f 220/220/1 232/221/1 2419/221/1 2411/220/1
f 396/215/67 129/212/66 141/222/69 397/223/70
f 215/224/71 227/225/72 567/225/1 559/224/1
f 304/227/1 316/228/1 2475/228/1 2467/227/1
f 312/175/1 300/67/1 616/67/1 624/175/1
f 90/229/1 102/230/1 2333/230/1 2325/229/1
f 302/231/1 314/232/1 2473/232/1 2465/231/1
f 2404/233/1 2396/234/1 2684/234/1 2692/233/1
f 234/180/1 222/179/1 566/179/1 574/180/1
f 2447/37/1 2455/235/1 2743/235/1 2735/37/1
f 174/236/1 186/50/1 2389/50/1 2381/236/1
f 128/210/65 1/237/1 140/238/74
f 67/78/1 79/239/1 2527/239/1 2526/78/1
f 98/187/1 86/186/1 474/186/1 482/187/1
f 129/212/66 128/210/65 140/238/74 141/222/69
f 88/240/1 100/241/1 2331/241/1 2323/240/1
f 299/242/75 311/243/76 623/243/1 615/242/1
f 2402/244/1 2394/245/1 2682/245/1 2690/244/1
f 315/246/1 303/247/1 2466/247/1 2474/246/1
f 140/238/74 1/248/1 152/249/77
f 2521/147/1 2512/250/1 2800/250/1 2809/147/1
f 221/189/1 233/188/1 573/188/1 565/189/1
f 141/222/69 140/238/74 152/249/77 153/251/78
f 101/252/1 89/253/1 2324/253/1 2332/252/1
f 397/223/70 141/222/69 153/251/78 398/254/79
f 85/190/1 97/3/1 481/3/1 473/190/1
f 185/257/1 173/258/1 2380/258/1 2388/257/1
f 318/195/1 306/142/1 622/142/1 630/195/1
f 258/259/1 270/68/1 2445/68/1 2437/259/1
f 49/65/1 37/201/1 2288/201/1 2296/65/1
f 2293/260/1 2301/56/1 2589/56/1 2581/260/1
f 169/198/1 181/13/1 537/13/1 529/198/1
f 55/79/1 43/206/1 2294/206/1 2302/79/1
f 96/203/1 84/202/1 472/202/1 480/203/1
f 172/263/1 184/264/1 2387/264/1 2379/263/1
f 36/211/1 48/27/1 2295/27/1 2287/211/1
f 2395/265/1 2403/266/1 2691/266/1 2683/265/1
f 305/108/1 317/208/1 629/208/1 621/108/1
f 2453/69/1 2461/267/1 2749/267/1 2741/69/1
f 269/121/1 257/268/1 2436/268/1 2444/121/1
f 152/249/77 1/269/1 164/270/84
f 2519/98/1 2518/97/1 2806/97/1 2807/98/1
f 219/218/1 231/217/1 571/217/1 563/218/1
f 153/251/78 152/249/77 164/270/84 165/271/85
f 170/272/1 182/273/1 2385/273/1 2377/272/1
f 398/254/79 153/251/78 165/271/85 399/274/86
f 2300/275/1 2292/276/1 2580/276/1 2588/275/1
f 256/277/1 268/99/1 2443/99/1 2435/277/1
f 164/270/84 1/278/1 176/279/87
f 151/101/1 163/280/1 2534/280/1 2533/101/1
f 180/31/1 168/219/1 528/219/1 536/31/1
f 165/271/85 164/270/84 176/279/87 177/281/88
f 120/282/1 132/125/1 2351/125/1 2343/282/1
f 399/274/86 165/271/85 177/281/88 400/283/89
f 232/221/1 220/220/1 564/220/1 572/221/1
f 353/128/1 341/285/1 2492/285/1 2500/128/1
f 83/153/47 95/162/52 479/162/1 471/153/1
f 183/286/1 171/287/1 2378/287/1 2386/286/1
f 42/260/1 54/56/1 2301/56/1 2293/260/1
f 2460/288/1 2452/120/1 2740/120/1 2748/288/1
f 316/228/1 304/227/1 620/227/1 628/228/1
f 267/289/1 255/290/1 2434/290/1 2442/289/1
f 102/230/1 90/229/1 478/229/1 486/230/1
f 340/291/1 352/163/1 2499/163/1 2491/291/1
f 53/275/1 41/276/1 2292/276/1 2300/275/1
f 2291/292/1 2299/22/1 2587/22/1 2579/292/1
f 167/262/83 179/46/15 535/46/1 527/262/1
f 2343/282/1 2351/125/1 2639/125/1 2631/282/1
f 126/293/1 138/172/1 2357/172/1 2349/293/1
f 176/279/87 1/294/1 188/295/91
f 2451/100/1 2459/296/1 2747/296/1 2739/100/1
f 314/232/1 302/231/1 618/231/1 626/232/1
f 177/281/88 176/279/87 188/295/91 189/297/92
f 254/298/1 266/299/1 2441/299/1 2433/298/1
f 400/283/89 177/281/88 189/297/92 401/300/93
f 186/50/1 174/236/1 534/236/1 542/50/1
f 188/295/91 1/302/1 200/303/95
f 2520/200/1 2516/304/1 2804/304/1 2808/200/1
f 100/241/1 88/240/1 476/240/1 484/241/1
f 189/297/92 188/295/91 200/303/95 201/305/96
f 351/138/1 339/306/1 2490/306/1 2498/138/1
f 401/300/93 189/297/92 201/305/96 402/307/97
f 303/247/1 315/246/1 627/246/1 619/247/1
f 40/292/1 52/22/1 2299/22/1 2291/292/1
f 251/310/100 263/92/29 591/92/1 583/310/1
f 271/24/1 259/311/1 2438/311/1 2446/24/1
f 137/159/1 125/312/1 2348/312/1 2356/159/1
f 2289/313/1 2297/52/1 2585/52/1 2577/313/1
f 89/253/1 101/252/1 485/252/1 477/253/1
f 2458/314/1 2450/315/1 2738/315/1 2746/314/1
f 210/207/1 222/179/1 2413/179/1 2405/207/1
f 173/258/1 185/257/1 541/257/1 533/258/1
f 338/316/1 350/9/1 2497/9/1 2489/316/1
f 252/317/1 264/36/1 2439/36/1 2431/317/1
f 2298/20/1 2290/318/1 2578/318/1 2586/20/1
f 37/201/1 49/65/1 449/65/1 441/201/1
f 2349/293/1 2357/172/1 2645/172/1 2637/293/1
f 124/319/1 136/25/1 2355/25/1 2347/319/1
f 200/303/95 1/320/1 212/321/101
f 2456/322/1 2448/30/1 2736/30/1 2744/322/1
f 270/68/1 258/259/1 590/259/1 598/68/1
f 201/305/96 200/303/95 212/321/101 213/323/102
f 221/189/1 209/233/1 2404/233/1 2412/189/1
f 402/307/97 201/305/96 213/323/102 403/324/103
f 184/264/1 172/263/1 532/263/1 540/264/1
f 38/313/1 50/52/1 2297/52/1 2289/313/1
f 48/27/1 36/211/1 440/211/1 448/27/1
f 213/323/102 212/321/101 224/326/105 225/327/106
f 265/29/1 253/328/1 2432/328/1 2440/29/1
f 403/324/103 213/323/102 225/327/106 404/329/107
f 257/268/1 269/121/1 597/121/1 589/268/1
f 349/44/1 337/331/1 2488/331/1 2496/44/1
f 182/273/1 170/272/1 530/272/1 538/273/1
f 51/20/1 39/318/1 2290/318/1 2298/20/1
f 135/55/1 123/332/1 2346/332/1 2354/55/1
f 2509/91/1 2517/72/1 2805/72/1 2797/91/1
f 35/59/20 47/89/28 447/89/1 439/59/1
f 2356/159/1 2348/312/1 2636/312/1 2644/159/1
f 355/61/1 343/333/1 2494/333/1 2502/61/1
f 212/321/101 1/334/1 224/326/105
f 2449/335/1 2457/336/1 2745/336/1 2737/335/1
f 208/266/1 220/220/1 2411/220/1 2403/266/1
f 133/86/1 121/337/1 2344/337/1 2352/86/1
f 2516/304/1 2508/127/1 2796/127/1 2804/304/1
f 268/99/1 256/277/1 588/277/1 596/99/1
f 2396/234/1 2388/257/1 2676/257/1 2684/234/1
f 336/338/1 348/62/1 2495/62/1 2487/338/1
f 224/326/105 1/339/1 236/340/109
f 2347/319/1 2355/25/1 2643/25/1 2635/319/1
f 132/125/1 120/282/1 496/282/1 504/125/1
f 225/327/106 224/326/105 236/340/109 237/341/110
f 219/218/1 207/244/1 2402/244/1 2410/218/1
f 404/329/107 225/327/106 237/341/110 405/342/111
f 341/285/1 353/128/1 653/128/1 645/285/1
f 292/345/1 304/227/1 2467/227/1 2459/345/1
f 171/287/1 183/286/1 539/286/1 531/287/1
f 237/341/110 236/340/109 248/346/114 249/347/115
f 122/348/1 134/75/1 2353/75/1 2345/348/1
f 405/342/111 237/341/110 249/347/115 406/349/116
f 54/56/1 42/260/1 446/260/1 454/56/1
f 342/351/1 354/90/1 2501/90/1 2493/351/1
f 255/290/1 267/289/1 595/289/1 587/290/1
f 13/146/1 383/147/1 2521/147/1 2269/146/1
f 78/352/1 90/229/1 2325/229/1 2317/352/1
f 2462/353/1 2454/23/1 2742/23/1 2750/353/1
f 119/194/63 131/182/56 503/182/1 495/194/1
f 2507/164/1 2515/116/1 2803/116/1 2795/164/1
f 139/102/1 127/83/1 2350/83/1 2358/102/1
f 236/340/109 1/354/1 248/346/114
f 2387/264/1 2395/265/1 2683/265/1 2675/264/1
f 352/163/1 340/291/1 644/291/1 652/163/1
f 19/171/1 385/98/1 2519/98/1 2275/171/1
f 2354/55/1 2346/332/1 2634/332/1 2642/55/1
f 41/276/1 53/275/1 453/275/1 445/276/1
f 2514/104/1 2506/137/1 2794/137/1 2802/104/1
f 206/131/1 218/95/1 2409/95/1 2401/131/1
f 248/346/114 1/355/1 260/356/118
f 283/23/1 295/353/1 2545/353/1 2544/23/1
f 138/172/1 126/293/1 502/293/1 510/172/1
f 249/347/115 248/346/114 260/356/118 261/357/119
f 303/247/1 291/358/1 2458/358/1 2466/247/1
f 406/349/116 249/347/115 261/357/119 407/359/120
f 266/299/1 254/298/1 586/298/1 594/299/1
f 89/253/1 77/361/1 2316/361/1 2324/253/1
f 339/306/1 351/138/1 651/138/1 643/306/1
f 217/133/1 205/168/1 2400/168/1 2408/133/1
f 290/362/1 302/231/1 2465/231/1 2457/362/1
f 407/359/120 261/357/119 273/363/122 408/364/123
f 52/22/1 40/292/1 444/292/1 452/22/1
f 17/199/1 384/200/1 2520/200/1 2273/199/1
f 125/312/1 137/159/1 509/159/1 501/312/1
f 76/366/1 88/240/1 2323/240/1 2315/366/1
f 223/136/1 211/140/1 2406/140/1 2414/136/1
f 2394/245/1 2386/286/1 2674/286/1 2682/245/1
f 222/179/1 210/207/1 558/207/1 566/179/1
f 2352/86/1 2344/337/1 2632/337/1 2640/86/1
f 301/155/1 289/367/1 2456/367/1 2464/155/1
f 260/356/118 1/368/1 272/369/125
f 19/171/1 31/370/1 2523/370/1 2522/171/1
f 350/9/1 338/316/1 642/316/1 650/9/1
f 261/357/119 260/356/118 272/369/125 273/363/122
f 2505/10/1 2513/1/1 2801/1/1 2793/10/1
f 264/36/1 252/317/1 584/317/1 592/36/1
f 2385/273/1 2393/130/1 2681/130/1 2673/273/1
f 160/371/1 172/263/1 2379/263/1 2371/371/1
f 272/369/125 1/372/1 284/373/126
f 2345/348/1 2353/75/1 2641/75/1 2633/348/1
f 136/25/1 124/319/1 500/319/1 508/25/1
f 273/363/122 272/369/125 284/373/126 285/374/127
f 87/167/1 75/375/1 2314/375/1 2322/167/1
f 408/364/123 273/363/122 285/374/127 409/376/128
f 209/233/1 221/189/1 565/189/1 557/233/1
f 307/34/1 295/35/1 2462/35/1 2470/34/1
f 50/52/1 38/313/1 442/313/1 450/52/1
f 204/174/1 216/149/1 2407/149/1 2399/174/1
f 288/66/1 300/67/1 2463/67/1 2455/66/1
f 253/328/1 265/29/1 593/29/1 585/328/1
f 171/287/1 159/382/1 2370/382/1 2378/287/1
f 337/331/1 349/44/1 649/44/1 641/331/1
f 74/383/1 86/186/1 2321/186/1 2313/383/1
f 158/384/1 170/272/1 2377/272/1 2369/384/1
f 2512/250/1 2504/43/1 2792/43/1 2800/250/1
f 39/318/1 51/20/1 451/20/1 443/318/1
f 2392/14/1 2384/13/1 2672/13/1 2680/14/1
f 255/290/1 243/385/1 2426/385/1 2434/290/1
f 284/386/126 1/387/1 296/388/132
f 2292/276/1 2284/389/1 2572/389/1 2580/276/1
f 123/332/1 135/55/1 507/55/1 499/332/1
f 285/390/127 284/386/126 296/388/132 297/391/133
f 72/392/1 84/202/1 2319/202/1 2311/392/1
f 409/393/128 285/390/127 297/391/133 410/394/134
f 2358/102/1 2350/83/1 2638/83/1 2646/102/1
f 41/276/1 29/389/1 2284/389/1 2292/276/1
f 296/388/132 1/395/1 308/396/135
f 2398/139/1 2390/213/1 2678/213/1 2686/139/1
f 220/220/1 208/266/1 556/266/1 564/220/1
f 297/391/133 296/388/132 308/396/135 309/397/136
f 85/190/1 73/398/1 2312/398/1 2320/190/1
f 410/394/134 297/391/133 309/397/136 411/399/137
f 335/400/138 347/112/34 647/112/1 639/400/1
f 305/108/1 293/109/1 2460/109/1 2468/108/1
f 121/337/1 133/86/1 505/86/1 497/337/1
f 169/198/1 157/402/1 2368/402/1 2376/198/1
f 242/403/1 254/298/1 2433/298/1 2425/403/1
f 2283/404/1 2291/292/1 2579/292/1 2571/404/1
f 348/62/1 336/338/1 640/338/1 648/62/1
f 294/141/1 306/142/1 2469/142/1 2461/141/1
f 207/244/1 219/218/1 563/218/1 555/244/1
f 175/214/1 163/280/1 2374/280/1 2382/214/1
f 28/404/1 40/292/1 2291/292/1 2283/404/1
f 2518/97/1 2510/60/1 2798/60/1 2806/97/1
f 71/124/42 83/153/47 471/153/1 463/124/1
f 2383/31/1 2391/32/1 2679/32/1 2671/31/1
f 91/197/1 79/239/1 2318/239/1 2326/197/1
f 308/396/135 1/407/1 320/408/142
f 367/60/1 379/97/1 2552/97/1 2551/60/1
f 304/227/1 292/345/1 612/345/1 620/227/1
f 309/397/136 308/396/135 320/408/142 321/409/143
f 156/410/1 168/219/1 2375/219/1 2367/410/1
f 411/399/137 309/397/136 321/409/143 412/411/144
f 134/75/1 122/348/1 498/348/1 506/75/1
f 253/328/1 241/412/1 2424/412/1 2432/328/1
f 320/408/142 1/413/1 332/414/145
f 2290/318/1 2282/415/1 2570/415/1 2578/318/1
f 354/90/1 342/351/1 646/351/1 654/90/1
f 321/409/143 320/408/142 332/414/145 333/416/146
f 39/318/1 27/415/1 2282/415/1 2290/318/1
f 412/411/144 321/409/143 333/416/146 413/417/147
f 383/147/1 13/146/1 422/146/1 673/147/1
f 259/311/1 247/419/1 2430/419/1 2438/311/1
f 90/229/1 78/352/1 470/352/1 478/229/1
f 240/420/1 252/317/1 2431/317/1 2423/420/1
f 337/331/1 325/421/1 2480/421/1 2488/331/1
f 2450/315/1 2442/289/1 2730/289/1 2738/315/1
f 218/95/1 206/131/1 554/131/1 562/95/1
f 2503/63/1 2511/40/1 2799/40/1 2791/63/1
f 26/422/1 38/313/1 2289/313/1 2281/422/1
f 291/358/1 303/247/1 619/247/1 611/358/1
f 123/332/1 111/423/1 2338/423/1 2346/332/1
f 343/333/1 331/424/1 2486/424/1 2494/333/1
f 2389/50/1 2397/51/1 2685/51/1 2677/50/1
f 77/361/1 89/253/1 477/253/1 469/361/1
f 2281/422/1 2289/313/1 2577/313/1 2569/422/1
f 173/258/1 161/425/1 2372/425/1 2380/258/1
f 332/414/145 1/426/1 344/427/149
f 2441/299/1 2449/335/1 2737/335/1 2729/299/1
f 382/15/8 11/18/11 420/18/1 672/15/1
f 333/416/146 332/414/145 344/427/149 345/428/150
f 324/429/1 336/338/1 2487/338/1 2479/429/1
f 413/417/147 333/416/146 345/428/150 414/430/151
f 205/168/1 217/133/1 561/133/1 553/168/1
f 344/427/149 1/432/1 356/433/153
f 2288/201/1 2280/434/1 2568/434/1 2576/201/1
f 302/231/1 290/362/1 610/362/1 618/231/1
f 345/428/150 344/427/149 356/433/153 357/435/154
f 162/436/1 174/236/1 2381/236/1 2373/436/1
f 414/430/151 345/428/150 357/435/154 415/437/155
f 384/200/1 17/199/1 426/199/1 671/200/1
f 37/201/1 25/434/1 2280/434/1 2288/201/1
f 88/240/1 76/366/1 468/366/1 476/240/1
f 246/439/1 258/259/1 2437/259/1 2429/439/1
f 110/440/1 122/348/1 2345/348/1 2337/440/1
f 2448/30/1 2440/29/1 2728/29/1 2736/30/1
f 289/367/1 301/155/1 617/155/1 609/367/1
f 2294/206/1 2286/370/1 2574/370/1 2582/206/1
f 43/206/1 31/370/1 2286/370/1 2294/206/1
f 172/263/1 160/371/1 524/371/1 532/263/1
f 24/441/1 36/211/1 2287/211/1 2279/441/1
f 244/442/1 256/277/1 2435/277/1 2427/442/1
f 2454/23/1 2446/24/1 2734/24/1 2742/23/1
f 203/309/99 215/224/71 559/224/1 551/309/1
f 2279/441/1 2287/211/1 2575/211/1 2567/441/1
f 121/337/1 109/4/1 2336/4/1 2344/337/1
f 356/433/153 1/443/1 368/444/157
f 2346/332/1 2338/423/1 2626/423/1 2634/332/1
f 75/375/1 87/167/1 475/167/1 467/375/1
f 357/435/154 356/433/153 368/444/157 369/445/158
f 330/446/1 342/351/1 2493/351/1 2485/446/1
f 415/437/155 357/435/154 369/445/158 416/447/159
f 216/149/1 204/174/1 552/174/1 560/149/1
f 383/147/1 373/250/1 2512/250/1 2521/147/1
f 300/67/1 288/66/1 608/66/1 616/67/1
f 369/445/158 368/444/157 380/6/3 381/5/2
f 194/130/1 206/131/1 2401/131/1 2393/130/1
f 416/447/159 369/445/158 381/5/2 417/11/6
f 159/382/1 171/287/1 531/287/1 523/382/1
f 30/450/1 42/260/1 2293/260/1 2285/450/1
f 86/186/1 74/383/1 466/383/1 474/186/1
f 257/268/1 245/451/1 2428/451/1 2436/268/1
f 127/83/1 115/82/1 2342/82/1 2350/83/1
f 2439/36/1 2447/37/1 2735/37/1 2727/36/1
f 170/272/1 158/384/1 522/384/1 530/272/1
f 2285/450/1 2293/260/1 2581/260/1 2573/450/1
f 385/98/1 379/97/1 2518/97/1 2519/98/1
f 368/444/157 1/452/1 380/6/3
f 2337/440/1 2345/348/1 2633/348/1 2625/440/1
f 370/448/160 416/447/159 417/11/6 2/16/9
f 358/438/156 415/437/155 416/447/159 370/448/160
f 346/431/152 414/430/151 415/437/155 358/438/156
f 334/418/148 413/417/147 414/430/151 346/431/152
f 322/405/140 412/411/144 413/417/147 334/418/148
f 310/401/139 411/399/137 412/411/144 322/405/140
f 298/381/131 410/394/134 411/399/137 310/401/139
f 286/380/129 409/393/128 410/394/134 298/381/131
f 274/365/124 408/364/123 409/376/128 286/377/129
f 262/360/121 407/359/120 408/364/123 274/365/124
f 250/350/117 406/349/116 407/359/120 262/360/121
f 238/343/112 405/342/111 406/349/116 250/350/117
f 226/330/108 404/329/107 405/342/111 238/343/112
f 214/325/104 403/324/103 404/329/107 226/330/108
f 202/308/98 402/307/97 403/324/103 214/325/104
f 190/301/94 401/300/93 402/307/97 202/308/98
f 178/284/90 400/283/89 401/300/93 190/301/94
f 166/261/82 399/274/86 400/283/89 178/284/90
f 154/255/80 398/254/79 399/274/86 166/261/82
f 142/226/73 397/223/70 398/254/79 154/255/80
f 130/216/68 396/215/67 397/223/70 142/226/73
f 118/193/62 395/192/61 396/215/67 130/216/68
f 106/184/58 394/181/55 395/192/61 118/193/62
f 94/161/51 393/160/50 394/181/55 106/184/58
f 82/152/46 392/151/45 393/160/50 94/161/51
f 70/123/41 391/122/40 392/151/45 82/152/46
f 58/114/36 390/111/33 391/122/40 70/123/41
f 46/88/27 389/87/26 390/111/33 58/114/36
f 34/58/19 388/77/23 389/87/26 46/88/27
f 22/48/17 387/45/14 388/77/23 34/58/19
f 10/17/10 386/12/7 387/45/14 22/48/17
f 2/16/9 417/11/6 386/12/7 10/17/10
f 492/453/166 484/241/166 740/241/166 748/453/166
f 560/149/167 552/174/167 808/174/167 816/149/167
f 490/440/172 482/187/172 738/187/172 746/440/172
f 624/175/173 616/67/173 872/67/173 880/175/173
f 488/454/174 480/203/174 736/203/174 744/454/174
f 630/195/181 622/142/181 878/142/181 886/195/181
f 554/131/182 546/130/182 802/130/182 810/131/182
f 628/228/185 620/227/185 876/227/185 884/228/185
f 552/174/186 544/32/186 800/32/186 808/174/186
f 626/232/187 618/231/187 874/231/187 882/232/187
f 558/207/193 550/51/193 806/51/193 814/207/193
f 482/187/194 474/186/194 730/186/194 738/187/194
f 480/203/198 472/202/198 728/202/198 736/203/198
f 556/266/199 548/265/199 804/265/199 812/266/199
f 620/227/204 612/345/204 868/345/204 876/227/204
f 486/230/205 478/229/205 734/229/205 742/230/205
f 484/241/207 476/240/207 732/240/207 740/241/207
f 618/231/208 610/362/208 866/362/208 874/231/208
f 616/67/211 608/66/211 864/66/211 872/67/211
f 548/265/212 540/264/212 796/264/212 804/265/212
f 546/130/216 538/273/216 794/273/216 802/130/216
f 622/142/217 614/141/217 870/141/217 878/142/217
f 478/229/220 470/352/220 726/352/220 734/229/220
f 544/32/224 536/31/224 792/31/224 800/32/224
f 476/240/225 468/366/225 724/366/225 732/240/225
f 550/51/226 542/50/226 798/50/226 806/51/226
f 608/235/228 600/37/228 856/37/228 864/235/228
f 474/186/229 466/383/229 722/383/229 730/186/229
f 472/202/232 464/392/232 720/392/232 728/202/232
f 614/267/233 606/69/233 862/69/233 870/267/233
f 612/296/236 604/100/236 860/100/236 868/296/236
f 536/31/237 528/219/237 784/219/237 792/31/237
f 430/2/241 666/1/241 922/1/241 686/2/241
f 542/50/242 534/236/242 790/236/242 798/50/242
f 610/336/243 602/335/243 858/335/243 866/336/243
f 429/41/244 664/40/244 920/40/244 685/41/244
f 466/383/245 458/53/245 714/53/245 722/383/245
f 428/73/246 670/72/246 926/72/246 684/73/246
f 540/264/248 532/263/248 788/263/248 796/264/248
f 464/392/251 456/28/251 712/28/251 720/392/251
f 538/273/252 530/272/252 786/272/252 794/273/252
f 419/117/253 668/116/253 924/116/253 675/117/253
f 470/352/259 462/57/259 718/57/259 726/352/259
f 602/335/265 594/299/265 850/299/265 858/335/265
f 468/366/268 460/21/268 716/21/268 724/366/268
f 600/37/269 592/36/269 848/36/269 856/37/269
f 532/263/270 524/371/270 780/371/270 788/263/270
f 606/69/274 598/68/274 854/68/274 862/69/274
f 530/272/276 522/384/276 778/384/276 786/272/276
f 604/100/277 596/99/277 852/99/277 860/100/277
f 528/219/282 520/410/282 776/410/282 784/219/282
f 670/72/283 662/91/283 918/91/283 926/72/283
f 460/21/284 452/22/284 708/22/284 716/21/284
f 668/116/289 660/164/289 916/164/289 924/116/289
f 458/53/290 450/52/290 706/52/290 714/53/290
f 534/236/291 526/436/291 782/436/291 790/236/291
f 666/1/295 658/10/295 914/10/295 922/1/295
f 598/68/298 590/259/298 846/259/298 854/68/298
f 456/28/299 448/27/299 704/27/299 712/28/299
f 462/57/303 454/56/303 710/56/303 718/57/303
f 596/99/304 588/277/304 844/277/304 852/99/304
f 664/40/305 656/63/305 912/63/305 920/40/305
f 520/410/306 512/126/306 768/126/306 776/410/306
f 278/335/1 266/299/1 594/299/1 602/335/1
f 311/243/76 323/406/141 631/406/1 623/243/1
f 108/454/1 96/203/1 480/203/1 488/454/1
f 53/275/1 65/455/1 461/455/1 453/275/1
f 194/130/1 182/273/1 538/273/1 546/130/1
f 267/289/1 279/315/1 603/315/1 595/289/1
f 183/286/1 195/245/1 547/245/1 539/286/1
f 330/446/1 318/195/1 630/195/1 638/446/1
f 110/440/1 98/187/1 482/187/1 490/440/1
f 324/429/1 312/175/1 624/175/1 632/429/1
f 196/265/1 184/264/1 540/264/1 548/265/1
f 99/166/1 111/423/1 491/423/1 483/166/1
f 313/154/1 325/421/1 633/421/1 625/154/1
f 15/143/1 27/415/1 435/415/1 424/143/1
f 185/257/1 197/234/1 549/234/1 541/257/1
f 112/453/1 100/241/1 484/241/1 492/453/1
f 26/422/1 14/94/1 423/94/1 434/422/1
f 229/132/1 241/412/1 577/412/1 569/132/1
f 326/456/1 314/232/1 626/232/1 634/456/1
f 240/420/1 228/150/1 568/150/1 576/420/1
f 101/252/1 113/457/1 493/457/1 485/252/1
f 28/404/1 16/165/1 425/165/1 436/404/1
f 315/246/1 327/458/1 635/458/1 627/246/1
f 242/403/1 230/96/1 570/96/1 578/403/1
f 158/384/1 146/76/1 514/76/1 522/384/1
f 114/459/1 102/230/1 486/230/1 494/459/1
f 17/199/1 29/389/1 437/389/1 426/199/1
f 372/40/1 360/63/1 656/63/1 664/40/1
f 145/85/1 157/402/1 521/402/1 513/85/1
f 328/460/1 316/228/1 628/228/1 636/460/1
f 95/162/52 107/185/59 487/185/1 479/162/1
f 231/217/1 243/385/1 579/385/1 571/217/1
f 359/113/35 371/449/161 663/449/1 655/113/1
f 30/450/1 18/129/1 427/129/1 438/450/1
f 317/208/1 329/461/1 637/461/1 629/208/1
f 244/442/1 232/221/1 572/221/1 580/442/1
f 11/18/11 23/49/18 431/49/1 420/18/1
f 147/54/1 159/382/1 523/382/1 515/54/1
f 361/43/1 373/250/1 665/250/1 657/43/1
f 233/188/1 245/451/1 581/451/1 573/188/1
f 24/441/1 12/105/1 421/105/1 432/441/1
f 6/117/1 376/116/1 668/116/1 419/117/1
f 160/371/1 148/26/1 516/26/1 524/371/1
f 76/366/1 64/21/1 460/21/1 468/366/1
f 375/104/1 5/103/1 418/103/1 667/104/1
f 374/1/1 362/10/1 658/10/1 666/1/1
f 63/19/1 75/375/1 467/375/1 459/19/1
f 246/439/1 234/180/1 574/180/1 582/439/1
f 13/146/1 25/434/1 433/434/1 422/146/1
f 149/158/1 161/425/1 525/425/1 517/158/1
f 290/336/1 278/335/1 602/335/1 610/336/1
f 227/225/72 239/344/113 575/344/1 567/225/1
f 7/73/1 378/72/1 670/72/1 428/73/1
f 363/137/1 375/104/1 667/104/1 659/137/1
f 277/30/1 289/322/1 609/322/1 601/30/1
f 3/41/1 372/40/1 664/40/1 429/41/1
f 162/436/1 150/173/1 518/173/1 526/436/1
f 65/455/1 77/361/1 469/361/1 461/455/1
f 4/2/1 374/1/1 666/1/1 430/2/1
f 376/116/1 364/164/1 660/164/1 668/116/1
f 143/183/57 155/256/81 519/256/1 511/183/1
f 279/315/1 291/314/1 611/314/1 603/315/1
f 78/352/1 66/57/1 462/57/1 470/352/1
f 365/127/1 377/304/1 669/304/1 661/127/1
f 156/410/1 144/126/1 512/126/1 520/410/1
f 292/296/1 280/100/1 604/100/1 612/296/1
f 59/115/37 71/124/42 463/124/1 455/115/1
f 208/266/1 196/265/1 548/265/1 556/266/1
f 195/245/1 207/244/1 555/244/1 547/245/1
f 378/72/1 366/91/1 662/91/1 670/72/1
f 281/120/1 293/288/1 613/288/1 605/120/1
f 72/392/1 60/28/1 456/28/1 464/392/1
f 197/234/1 209/233/1 557/233/1 549/234/1
f 113/457/1 125/312/1 501/312/1 493/457/1
f 294/267/1 282/69/1 606/69/1 614/267/1
f 61/64/1 73/398/1 465/398/1 457/64/1
f 327/458/1 339/306/1 643/306/1 635/458/1
f 124/319/1 112/453/1 492/453/1 500/319/1
f 275/93/30 287/378/130 607/378/1 599/93/1
f 210/207/1 198/51/1 550/51/1 558/207/1
f 338/316/1 326/456/1 634/456/1 642/316/1
f 74/383/1 62/53/1 458/53/1 466/383/1
f 191/47/16 203/309/99 551/309/1 543/47/1
f 288/235/1 276/37/1 600/37/1 608/235/1
f 126/293/1 114/459/1 494/459/1 502/293/1
f 204/174/1 192/32/1 544/32/1 552/174/1
f 377/304/1 384/200/1 671/200/1 669/304/1
f 340/291/1 328/460/1 636/460/1 644/291/1
f 107/185/59 119/194/63 495/194/1 487/185/1
f 23/49/18 35/59/20 439/59/1 431/49/1
f 371/449/161 382/15/8 672/15/1 663/449/1
f 193/14/1 205/168/1 553/168/1 545/14/1
f 329/461/1 341/285/1 645/285/1 637/461/1
f 120/282/1 108/454/1 488/454/1 496/282/1
f 245/451/1 257/268/1 589/268/1 581/451/1
f 42/260/1 30/450/1 438/450/1 446/260/1
f 206/131/1 194/130/1 546/130/1 554/131/1
f 373/250/1 383/147/1 673/147/1 665/250/1
f 342/351/1 330/446/1 638/446/1 646/351/1
f 109/4/1 121/337/1 497/337/1 489/4/1
f 256/277/1 244/442/1 580/442/1 588/277/1
f 36/211/1 24/441/1 432/441/1 440/211/1
f 323/406/141 335/400/138 639/400/1 631/406/1
f 122/348/1 110/440/1 490/440/1 498/348/1
f 258/259/1 246/439/1 582/439/1 590/259/1
f 25/434/1 37/201/1 441/201/1 433/434/1
f 174/236/1 162/436/1 526/436/1 534/236/1
f 336/338/1 324/429/1 632/429/1 640/338/1
f 239/344/113 251/310/100 583/310/1 575/344/1
f 161/425/1 173/258/1 533/258/1 525/425/1
f 111/423/1 123/332/1 499/332/1 491/423/1
f 38/313/1 26/422/1 434/422/1 442/313/1
f 155/256/81 167/262/83 527/262/1 519/256/1
f 325/421/1 337/331/1 641/331/1 633/421/1
f 252/317/1 240/420/1 576/420/1 584/317/1
f 27/415/1 39/318/1 443/318/1 435/415/1
f 241/412/1 253/328/1 585/328/1 577/412/1
f 168/219/1 156/410/1 520/410/1 528/219/1
f 40/292/1 28/404/1 436/404/1 444/292/1
f 306/142/1 294/141/1 614/141/1 622/142/1
f 254/298/1 242/403/1 578/403/1 586/298/1
f 157/402/1 169/198/1 529/198/1 521/402/1
f 293/109/1 305/108/1 621/108/1 613/109/1
f 73/398/1 85/190/1 473/190/1 465/398/1
f 29/389/1 41/276/1 445/276/1 437/389/1
f 287/379/130 299/242/75 615/242/1 607/379/1
f 84/202/1 72/392/1 464/392/1 472/202/1
f 243/385/1 255/290/1 587/290/1 579/385/1
f 494/459/544 486/230/544 742/230/544 750/459/544
f 562/95/545 554/131/545 810/131/545 818/95/545
f 638/446/549 630/195/549 886/195/549 894/446/549
f 564/220/550 556/266/550 812/266/550 820/220/550
f 632/429/551 624/175/551 880/175/551 888/429/551
f 566/179/553 558/207/553 814/207/553 822/179/553
f 425/165/554 419/117/554 675/117/554 681/165/554
f 634/456/555 626/232/555 882/232/555 890/456/555
f 500/319/559 492/453/559 748/453/559 756/319/559
f 427/129/560 428/73/560 684/73/560 683/129/560
f 636/460/561 628/228/561 884/228/561 892/460/561
f 502/293/562 494/459/562 750/459/562 758/293/562
f 421/105/563 429/41/563 685/41/563 677/105/563
f 423/94/565 430/2/565 686/2/565 679/94/565
f 572/221/566 564/220/566 820/220/566 828/221/566
f 496/282/567 488/454/567 744/454/567 752/282/567
f 498/348/570 490/440/570 746/440/570 754/348/570
f 574/180/571 566/179/571 822/179/571 830/180/571
f 642/316/576 634/456/576 890/456/576 898/316/576
f 568/150/577 560/149/577 816/149/577 824/150/577
f 434/422/578 423/94/578 679/94/578 690/422/578
f 644/291/579 636/460/579 892/460/579 900/291/579
f 436/404/580 425/165/580 681/165/580 692/404/580
f 570/96/582 562/95/582 818/95/582 826/96/582
f 646/351/584 638/446/584 894/446/584 902/351/584
f 506/75/585 498/348/585 754/348/585 762/75/585
f 438/450/586 427/129/586 683/129/586 694/450/586
f 640/338/590 632/429/590 888/429/590 896/338/590
f 432/441/592 421/105/592 677/105/592 688/441/592
f 508/25/593 500/319/593 756/319/593 764/25/593
f 576/420/595 568/150/595 824/150/595 832/420/595
f 510/172/596 502/293/596 758/293/596 766/172/596
f 578/403/597 570/96/597 826/96/597 834/403/597
f 504/125/600 496/282/600 752/282/600 760/125/600
f 654/90/601 646/351/601 902/351/601 910/90/601
f 580/442/602 572/221/602 828/221/602 836/442/602
f 648/62/604 640/338/604 896/338/604 904/62/604
f 446/260/605 438/450/605 694/450/605 702/260/605
f 582/439/607 574/180/607 830/180/607 838/439/607
f 440/211/608 432/441/608 688/441/608 696/211/608
f 650/9/612 642/316/612 898/316/612 906/9/612
f 518/173/613 510/172/613 766/172/613 774/173/613
f 442/313/614 434/422/614 690/422/614 698/313/614
f 652/163/618 644/291/618 900/291/618 908/163/618
f 444/292/620 436/404/620 692/404/620 700/292/620
f 512/126/621 504/125/621 760/125/621 768/126/621
f 588/277/622 580/442/622 836/442/622 844/277/622
f 514/76/623 506/75/623 762/75/623 770/76/623
f 590/259/624 582/439/624 838/439/624 846/259/624
f 516/26/626 508/25/626 764/25/626 772/26/626
f 660/164/627 652/163/627 908/163/627 916/164/627
f 584/317/628 576/420/628 832/420/628 840/317/628
f 450/52/629 442/313/629 698/313/629 706/52/629
f 586/298/630 578/403/630 834/403/630 842/298/630
f 452/22/631 444/292/631 700/292/631 708/22/631
f 662/91/632 654/90/632 910/90/632 918/91/632
f 522/384/633 514/76/633 770/76/633 778/384/633
f 454/56/634 446/260/634 702/260/634 710/56/634
f 656/63/635 648/62/635 904/62/635 912/63/635
f 448/27/636 440/211/636 696/211/636 704/27/636
f 658/10/637 650/9/637 906/9/637 914/10/637
f 524/371/638 516/26/638 772/26/638 780/371/638
f 592/36/639 584/317/639 840/317/639 848/36/639
f 526/436/640 518/173/640 774/173/640 782/436/640
f 594/299/641 586/298/641 842/298/641 850/299/641
f 2344/337/1 2336/4/1 2624/4/1 2632/337/1
f 2445/68/1 2453/69/1 2741/69/1 2733/68/1
f 2497/9/1 2505/10/1 2793/10/1 2785/9/1
f 2350/83/1 2342/82/1 2630/82/1 2638/83/1
f 2443/99/1 2451/100/1 2739/100/1 2731/99/1
f 2504/43/1 2496/44/1 2784/44/1 2792/43/1
f 2384/13/1 2376/198/1 2664/198/1 2672/13/1
f 2335/454/1 2343/282/1 2631/282/1 2623/454/1
f 2452/120/1 2444/121/1 2732/121/1 2740/120/1
f 235/135/1 247/419/1 2541/419/1 2540/135/1
f 2510/60/1 2502/61/1 2790/61/1 2798/60/1
f 319/169/1 331/424/1 2548/424/1 2547/169/1
f 2390/213/1 2382/214/1 2670/214/1 2678/213/1
f 2495/62/1 2503/63/1 2791/63/1 2783/62/1
f 2375/219/1 2383/31/1 2671/31/1 2663/219/1
f 2341/459/1 2349/293/1 2637/293/1 2629/459/1
f 2339/453/1 2347/319/1 2635/319/1 2627/453/1
f 2501/90/1 2509/91/1 2797/91/1 2789/90/1
f 103/196/1 115/82/1 2530/82/1 2529/196/1
f 2381/236/1 2389/50/1 2677/50/1 2669/236/1
f 2280/434/1 2269/146/1 2557/146/1 2568/434/1
f 2348/312/1 2340/457/1 2628/457/1 2636/312/1
f 2508/127/1 2500/128/1 2788/128/1 2796/127/1
f 2388/257/1 2380/258/1 2668/258/1 2676/257/1
f 2286/370/1 2275/171/1 2563/171/1 2574/370/1
f 2506/137/1 2498/138/1 2786/138/1 2794/137/1
f 2379/263/1 2387/264/1 2675/264/1 2667/263/1
f 2268/105/1 2279/441/1 2567/441/1 2556/105/1
f 2499/163/1 2507/164/1 2795/164/1 2787/163/1
f 2377/272/1 2385/273/1 2673/273/1 2665/272/1
f 2437/259/1 2445/68/1 2733/68/1 2725/259/1
f 2386/286/1 2378/287/1 2666/287/1 2674/286/1
f 2274/129/1 2285/450/1 2573/450/1 2562/129/1
f 187/213/1 199/139/1 2537/139/1 2536/213/1
f 2444/121/1 2436/268/1 2724/268/1 2732/121/1
f 2284/389/1 2273/199/1 2561/199/1 2572/389/1
f 2435/277/1 2443/99/1 2731/99/1 2723/277/1
f 271/24/1 283/23/1 2544/23/1 2543/24/1
f 2272/165/1 2283/404/1 2571/404/1 2560/165/1
f 2442/289/1 2434/290/1 2722/290/1 2730/289/1
f 2270/94/1 2281/422/1 2569/422/1 2558/94/1
f 2333/230/1 2341/459/1 2629/459/1 2621/230/1
f 2433/298/1 2441/299/1 2729/299/1 2721/298/1
f 355/61/1 367/60/1 2551/60/1 2550/61/1
f 2282/415/1 2271/143/1 2559/143/1 2570/415/1
f 2340/457/1 2332/252/1 2620/252/1 2628/457/1
f 2446/24/1 2438/311/1 2726/311/1 2734/24/1
f 2500/128/1 2492/285/1 2780/285/1 2788/128/1
f 2331/241/1 2339/453/1 2627/453/1 2619/241/1
f 2431/317/1 2439/36/1 2727/36/1 2719/317/1
f 2491/291/1 2499/163/1 2787/163/1 2779/291/1
f 2371/371/1 2379/263/1 2667/263/1 2659/371/1
f 2338/423/1 2330/166/1 2618/166/1 2626/423/1
f 2440/29/1 2432/328/1 2720/328/1 2728/29/1
f 2498/138/1 2490/306/1 2778/306/1 2786/138/1
f 55/79/1 67/78/1 2526/78/1 2525/79/1
f 2378/287/1 2370/382/1 2658/382/1 2666/287/1
f 2329/187/1 2337/440/1 2625/440/1 2617/187/1
f 2489/316/1 2497/9/1 2785/9/1 2777/316/1
f 2369/384/1 2377/272/1 2665/272/1 2657/384/1
f 2342/82/1 2334/196/1 2622/196/1 2630/82/1
f 2496/44/1 2488/331/1 2776/331/1 2784/44/1
f 139/102/1 151/101/1 2533/101/1 2532/102/1
f 2376/198/1 2368/402/1 2656/402/1 2664/198/1
f 2327/203/1 2335/454/1 2623/454/1 2615/203/1
f 2502/61/1 2494/333/1 2782/333/1 2790/61/1
f 2266/2/1 2270/94/1 2558/94/1 2554/2/1
f 2382/214/1 2374/280/1 2662/280/1 2670/214/1
f 2336/4/1 2328/3/1 2616/3/1 2624/4/1
f 2487/338/1 2495/62/1 2783/62/1 2775/338/1
f 2278/41/1 2268/105/1 2556/105/1 2566/41/1
f 2367/410/1 2375/219/1 2663/219/1 2655/410/1
f 223/136/1 235/135/1 2540/135/1 2539/136/1
f 2493/351/1 2501/90/1 2789/90/1 2781/351/1
f 2277/73/1 2274/129/1 2562/129/1 2565/73/1
f 2434/290/1 2426/385/1 2714/385/1 2722/290/1
f 2271/143/1 2267/103/1 2555/103/1 2559/143/1
f 2380/258/1 2372/425/1 2660/425/1 2668/258/1
f 2425/403/1 2433/298/1 2721/298/1 2713/403/1
f 307/34/1 319/169/1 2547/169/1 2546/34/1
f 2276/117/1 2272/165/1 2560/165/1 2564/117/1
f 2373/436/1 2381/236/1 2669/236/1 2661/436/1
f 2432/328/1 2424/412/1 2712/412/1 2720/328/1
f 2438/311/1 2430/419/1 2718/419/1 2726/311/1
f 2330/166/1 2322/167/1 2610/167/1 2618/166/1
f 2423/420/1 2431/317/1 2719/317/1 2711/420/1
f 2321/186/1 2329/187/1 2617/187/1 2609/186/1
f 2328/3/1 2320/190/1 2608/190/1 2616/3/1
f 2429/439/1 2437/259/1 2725/259/1 2717/439/1
f 2488/331/1 2480/421/1 2768/421/1 2776/331/1
f 91/197/1 103/196/1 2529/196/1 2528/197/1
f 2334/196/1 2326/197/1 2614/197/1 2622/196/1
f 2427/442/1 2435/277/1 2723/277/1 2715/442/1
f 2494/333/1 2486/424/1 2774/424/1 2782/333/1
f 2374/280/1 2366/101/1 2654/101/1 2662/280/1
f 2319/202/1 2327/203/1 2615/203/1 2607/202/1
f 2436/268/1 2428/451/1 2716/451/1 2724/268/1
f 175/214/1 187/213/1 2536/213/1 2535/214/1
f 2479/429/1 2487/338/1 2775/338/1 2767/429/1
f 2359/126/1 2367/410/1 2655/410/1 2647/126/1
f 2325/229/1 2333/230/1 2621/230/1 2613/229/1
f 2485/446/1 2493/351/1 2781/351/1 2773/446/1
f 2365/173/1 2373/436/1 2661/436/1 2653/173/1
f 2323/240/1 2331/241/1 2619/241/1 2611/240/1
f 2492/285/1 2484/461/1 2772/461/1 2780/285/1
f 2372/425/1 2364/158/1 2652/158/1 2660/425/1
f 2332/252/1 2324/253/1 2612/253/1 2620/252/1
f 2483/460/1 2491/291/1 2779/291/1 2771/460/1
f 2363/26/1 2371/371/1 2659/371/1 2651/26/1
f 2481/456/1 2489/316/1 2777/316/1 2769/456/1
f 2370/382/1 2362/54/1 2650/54/1 2658/382/1
f 2421/180/1 2429/439/1 2717/439/1 2709/180/1
f 2490/306/1 2482/458/1 2770/458/1 2778/306/1
f 2368/402/1 2360/85/1 2648/85/1 2656/402/1
f 2428/451/1 2420/188/1 2708/188/1 2716/451/1
f 43/206/1 55/79/1 2525/79/1 2524/206/1
f 2361/76/1 2369/384/1 2657/384/1 2649/76/1
f 2419/221/1 2427/442/1 2715/442/1 2707/221/1
f 2426/385/1 2418/217/1 2706/217/1 2714/385/1
f 2417/96/1 2425/403/1 2713/403/1 2705/96/1
f 2317/352/1 2325/229/1 2613/229/1 2605/352/1
f 2415/150/1 2423/420/1 2711/420/1 2703/150/1
f 2324/253/1 2316/361/1 2604/361/1 2612/253/1
f 2424/412/1 2416/132/1 2704/132/1 2712/412/1
f 2315/366/1 2323/240/1 2611/240/1 2603/366/1
f 2484/461/1 2476/208/1 2764/208/1 2772/461/1
f 2322/167/1 2314/375/1 2602/375/1 2610/167/1
f 2475/228/1 2483/460/1 2771/460/1 2763/228/1
f 2430/419/1 2422/135/1 2710/135/1 2718/419/1
f 2313/383/1 2321/186/1 2609/186/1 2601/383/1
f 2482/458/1 2474/246/1 2762/246/1 2770/458/1
f 2311/392/1 2319/202/1 2607/202/1 2599/392/1
f 2473/232/1 2481/456/1 2769/456/1 2761/232/1
f 259/311/1 271/24/1 2543/24/1 2542/311/1
f 2320/190/1 2312/398/1 2600/398/1 2608/190/1
f 2480/421/1 2472/154/1 2760/154/1 2768/421/1
f 2486/424/1 2478/169/1 2766/169/1 2774/424/1
f 2326/197/1 2318/239/1 2606/239/1 2614/197/1
f 2471/175/1 2479/429/1 2767/429/1 2759/175/1
f 2477/195/1 2485/446/1 2773/446/1 2765/195/1
f 343/333/1 355/61/1 2550/61/1 2549/333/1
f 2409/95/1 2417/96/1 2705/96/1 2697/95/1
f 2416/132/1 2408/133/1 2696/133/1 2704/132/1
f 2422/135/1 2414/136/1 2702/136/1 2710/135/1
f 2407/149/1 2415/150/1 2703/150/1 2695/149/1
f 127/83/1 139/102/1 2532/102/1 2531/83/1
f 385/98/1 19/171/1 2522/171/1 2553/98/1
f 2305/53/1 2313/383/1 2601/383/1 2593/53/1
f 2413/179/1 2421/180/1 2709/180/1 2701/179/1
f 2312/398/1 2304/64/1 2592/64/1 2600/398/1
f 2420/188/1 2412/189/1 2700/189/1 2708/188/1
f 2318/239/1 2310/78/1 2598/78/1 2606/239/1
f 2472/154/1 2464/155/1 2752/155/1 2760/154/1
f 2418/217/1 2410/218/1 2698/218/1 2706/217/1
f 2303/28/1 2311/392/1 2599/392/1 2591/28/1
f 2478/169/1 2470/34/1 2758/34/1 2766/169/1
f 2411/220/1 2419/221/1 2707/221/1 2699/220/1
f 211/140/1 223/136/1 2539/136/1 2538/140/1
f 2463/67/1 2471/175/1 2759/175/1 2751/67/1
f 2309/57/1 2317/352/1 2605/352/1 2597/57/1
f 277/30/1 265/29/1 2440/29/1 2448/30/1
f 199/139/1 187/213/1 2390/213/1 2398/139/1
f 52/22/1 64/21/1 2307/21/1 2299/22/1
f 193/14/1 181/13/1 2384/13/1 2392/14/1
f 109/4/1 97/3/1 2328/3/1 2336/4/1
f 266/299/1 278/335/1 2449/335/1 2441/299/1
f 96/203/1 108/454/1 2335/454/1 2327/203/1
f 65/455/1 53/275/1 2300/275/1 2308/455/1
f 182/273/1 194/130/1 2393/130/1 2385/273/1
f 279/315/1 267/289/1 2442/289/1 2450/315/1
f 115/82/1 103/196/1 2334/196/1 2342/82/1
f 195/245/1 183/286/1 2386/286/1 2394/245/1
f 318/195/1 330/446/1 2485/446/1 2477/195/1
f 98/187/1 110/440/1 2337/440/1 2329/187/1
f 312/175/1 324/429/1 2479/429/1 2471/175/1
f 184/264/1 196/265/1 2395/265/1 2387/264/1
f 331/424/1 319/169/1 2478/169/1 2486/424/1
f 111/423/1 99/166/1 2330/166/1 2338/423/1
f 247/419/1 235/135/1 2422/135/1 2430/419/1
f 325/421/1 313/154/1 2472/154/1 2480/421/1
f 27/415/1 15/143/1 2271/143/1 2282/415/1
f 197/234/1 185/257/1 2388/257/1 2396/234/1
f 100/241/1 112/453/1 2339/453/1 2331/241/1
f 241/412/1 229/132/1 2416/132/1 2424/412/1
f 14/94/1 26/422/1 2281/422/1 2270/94/1
f 314/232/1 326/456/1 2481/456/1 2473/232/1
f 228/150/1 240/420/1 2423/420/1 2415/150/1
f 113/457/1 101/252/1 2332/252/1 2340/457/1
f 16/165/1 28/404/1 2283/404/1 2272/165/1
f 327/458/1 315/246/1 2474/246/1 2482/458/1
f 230/96/1 242/403/1 2425/403/1 2417/96/1
f 146/76/1 158/384/1 2369/384/1 2361/76/1
f 102/230/1 114/459/1 2341/459/1 2333/230/1
f 29/389/1 17/199/1 2273/199/1 2284/389/1
f 360/63/1 372/40/1 2511/40/1 2503/63/1
f 157/402/1 145/85/1 2360/85/1 2368/402/1
f 316/228/1 328/460/1 2483/460/1 2475/228/1
f 243/385/1 231/217/1 2418/217/1 2426/385/1
f 18/129/1 30/450/1 2285/450/1 2274/129/1
f 379/97/1 367/60/1 2510/60/1 2518/97/1
f 329/461/1 317/208/1 2476/208/1 2484/461/1
f 232/221/1 244/442/1 2427/442/1 2419/221/1
f 159/382/1 147/54/1 2362/54/1 2370/382/1
f 373/250/1 361/43/1 2504/43/1 2512/250/1
f 245/451/1 233/188/1 2420/188/1 2428/451/1
f 12/105/1 24/441/1 2279/441/1 2268/105/1
f 376/116/1 6/117/1 2276/117/1 2515/116/1
f 148/26/1 160/371/1 2371/371/1 2363/26/1
f 64/21/1 76/366/1 2315/366/1 2307/21/1
f 31/370/1 19/171/1 2275/171/1 2286/370/1
f 5/103/1 375/104/1 2514/104/1 2267/103/1
f 362/10/1 374/1/1 2513/1/1 2505/10/1
f 295/353/1 283/23/1 2454/23/1 2462/353/1
f 75/375/1 63/19/1 2306/19/1 2314/375/1
f 234/180/1 246/439/1 2429/439/1 2421/180/1
f 25/434/1 13/146/1 2269/146/1 2280/434/1
f 161/425/1 149/158/1 2364/158/1 2372/425/1
f 278/335/1 290/336/1 2457/336/1 2449/335/1
f 378/72/1 7/73/1 2277/73/1 2517/72/1
f 375/104/1 363/137/1 2506/137/1 2514/104/1
f 289/322/1 277/30/1 2448/30/1 2456/322/1
f 372/40/1 3/41/1 2278/41/1 2511/40/1
f 150/173/1 162/436/1 2373/436/1 2365/173/1
f 77/361/1 65/455/1 2308/455/1 2316/361/1
f 374/1/1 4/2/1 2266/2/1 2513/1/1
f 364/164/1 376/116/1 2515/116/1 2507/164/1
f 291/314/1 279/315/1 2450/315/1 2458/314/1
f 66/57/1 78/352/1 2317/352/1 2309/57/1
f 377/304/1 365/127/1 2508/127/1 2516/304/1
f 144/126/1 156/410/1 2367/410/1 2359/126/1
f 280/100/1 292/296/1 2459/296/1 2451/100/1
f 196/265/1 208/266/1 2403/266/1 2395/265/1
f 163/280/1 151/101/1 2366/101/1 2374/280/1
f 207/244/1 195/245/1 2394/245/1 2402/244/1
f 366/91/1 378/72/1 2517/72/1 2509/91/1
f 60/28/1 72/392/1 2311/392/1 2303/28/1
f 293/288/1 281/120/1 2452/120/1 2460/288/1
f 79/239/1 67/78/1 2310/78/1 2318/239/1
f 209/233/1 197/234/1 2396/234/1 2404/233/1
f 125/312/1 113/457/1 2340/457/1 2348/312/1
f 282/69/1 294/267/1 2461/267/1 2453/69/1
f 73/398/1 61/64/1 2304/64/1 2312/398/1
f 339/306/1 327/458/1 2482/458/1 2490/306/1
f 112/453/1 124/319/1 2347/319/1 2339/453/1
f 198/51/1 210/207/1 2405/207/1 2397/51/1
f 326/456/1 338/316/1 2489/316/1 2481/456/1
f 62/53/1 74/383/1 2313/383/1 2305/53/1
f 276/37/1 288/235/1 2455/235/1 2447/37/1
f 114/459/1 126/293/1 2349/293/1 2341/459/1
f 192/32/1 204/174/1 2399/174/1 2391/32/1
f 384/200/1 377/304/1 2516/304/1 2520/200/1
f 328/460/1 340/291/1 2491/291/1 2483/460/1
f 211/140/1 199/139/1 2398/139/1 2406/140/1
f 205/168/1 193/14/1 2392/14/1 2400/168/1
f 341/285/1 329/461/1 2484/461/1 2492/285/1
f 108/454/1 120/282/1 2343/282/1 2335/454/1
f 2529/196/1 2530/82/1 2834/82/1 2831/196/1
f 2774/424/1 2766/169/1 3145/169/1 3154/424/1
f 2654/101/1 2646/102/1 3010/102/1 3019/101/1
f 2759/175/1 2767/429/1 3146/429/1 3137/175/1
f 2639/125/1 2647/126/1 3011/126/1 3002/125/1
f 2765/195/1 2773/446/1 3152/446/1 3143/195/1
f 2697/95/1 2705/96/1 3076/96/1 3067/95/1
f 2652/158/1 2644/159/1 3007/159/1 3016/158/1
f 2704/132/1 2696/133/1 3066/133/1 3075/132/1
f 2584/65/1 2576/201/1 2931/201/1 2940/65/1
f 2645/172/1 2653/173/1 3017/173/1 3008/172/1
f 2710/135/1 2702/136/1 3073/136/1 3082/135/1
f 2549/333/1 2550/61/1 2894/61/1 2891/333/1
f 2590/79/1 2582/206/1 2938/206/1 2947/79/1
f 2695/149/1 2703/150/1 3074/150/1 3065/149/1
f 2528/197/1 2529/196/1 2831/196/1 2828/197/1
f 2575/211/1 2583/27/1 2939/27/1 2930/211/1
f 2701/179/1 2709/180/1 3080/180/1 3071/179/1
f 2581/260/1 2589/56/1 2945/56/1 2936/260/1
f 2708/188/1 2700/189/1 3070/189/1 3079/188/1
f 2760/154/1 2752/155/1 3129/155/1 3138/154/1
f 2548/424/1 2549/333/1 2891/333/1 2888/424/1
f 2588/275/1 2580/276/1 2935/276/1 2944/275/1
f 2706/217/1 2698/218/1 3068/218/1 3077/217/1
f 2766/169/1 2758/34/1 3136/34/1 3145/169/1
f 2579/292/1 2587/22/1 2943/22/1 2934/292/1
f 2631/282/1 2639/125/1 3002/125/1 2993/282/1
f 2699/220/1 2707/221/1 3078/221/1 3069/220/1
f 2527/239/1 2528/197/1 2828/197/1 2825/239/1
f 2751/67/1 2759/175/1 3137/175/1 3128/67/1
f 2577/313/1 2585/52/1 2941/52/1 2932/313/1
f 2586/20/1 2578/318/1 2933/318/1 2942/20/1
f 2637/293/1 2645/172/1 3008/172/1 2999/293/1
f 2757/142/1 2765/195/1 3143/195/1 3134/142/1
f 2644/159/1 2636/312/1 2998/312/1 3007/159/1
f 2764/208/1 2756/108/1 3133/108/1 3142/208/1
f 2635/319/1 2643/25/1 3006/25/1 2997/319/1
f 2526/78/1 2527/239/1 2825/239/1 2822/78/1
f 2755/227/1 2763/228/1 3141/228/1 3132/227/1
f 2547/169/1 2548/424/1 2888/424/1 2885/169/1
f 2642/55/1 2634/332/1 2996/332/1 3005/55/1
f 2753/231/1 2761/232/1 3139/232/1 3130/231/1
f 2640/86/1 2632/337/1 2994/337/1 3003/86/1
f 2693/207/1 2701/179/1 3071/179/1 3062/207/1
f 2762/246/1 2754/247/1 3131/247/1 3140/246/1
f 2633/348/1 2641/75/1 3004/75/1 2995/348/1
f 2700/189/1 2692/233/1 3061/233/1 3070/189/1
f 2546/34/1 2547/169/1 2885/169/1 2882/34/1
f 2580/276/1 2572/389/1 2926/389/1 2935/276/1
f 2646/102/1 2638/83/1 3001/83/1 3010/102/1
f 2691/266/1 2699/220/1 3069/220/1 3060/266/1
f 2571/404/1 2579/292/1 2934/292/1 2925/404/1
f 2698/218/1 2690/244/1 3059/244/1 3068/218/1
f 2578/318/1 2570/415/1 2924/415/1 2933/318/1
f 2689/131/1 2697/95/1 3067/95/1 3058/131/1
f 2525/79/1 2526/78/1 2822/78/1 2819/79/1
f 2569/422/1 2577/313/1 2932/313/1 2923/422/1
f 2696/133/1 2688/168/1 3057/168/1 3066/133/1
f 2576/201/1 2568/434/1 2922/434/1 2931/201/1
f 2747/345/1 2755/227/1 3132/227/1 3123/345/1
f 2582/206/1 2574/370/1 2929/370/1 2938/206/1
f 2702/136/1 2694/140/1 3064/140/1 3073/136/1
f 2754/247/1 2746/358/1 3122/358/1 3131/247/1
f 2567/441/1 2575/211/1 2930/211/1 2921/441/1
f 2634/332/1 2626/423/1 2987/423/1 2996/332/1
f 2687/174/1 2695/149/1 3065/149/1 3056/174/1
f 2524/206/1 2525/79/1 2819/79/1 2816/206/1
f 2745/362/1 2753/231/1 3130/231/1 3121/362/1
f 2545/35/1 2546/34/1 2882/34/1 2879/35/1
f 2573/450/1 2581/260/1 2936/260/1 2927/450/1
f 2625/440/1 2633/348/1 2995/348/1 2986/440/1
f 2752/155/1 2744/367/1 3120/367/1 3129/155/1
f 2801/1/1 2554/2/1 2907/2/1 3184/1/1
f 2632/337/1 2624/4/1 2985/4/1 2994/337/1
f 2758/34/1 2750/35/1 3127/35/1 3136/34/1
f 2799/40/1 2566/41/1 2920/41/1 3182/40/1
f 2638/83/1 2630/82/1 2992/82/1 3001/83/1
f 2743/66/1 2751/67/1 3128/67/1 3119/66/1
f 2805/72/1 2565/73/1 2919/73/1 3188/72/1
f 2623/454/1 2631/282/1 2993/282/1 2984/454/1
f 2544/23/1 2545/353/1 2879/353/1 2876/23/1
f 2555/103/1 2802/104/1 3185/104/1 2908/103/1
f 2756/108/1 2748/109/1 3124/109/1 3133/108/1
f 2803/116/1 2564/117/1 2918/117/1 3186/116/1
f 2629/459/1 2637/293/1 2999/293/1 2990/459/1
f 2681/130/1 2689/131/1 3058/131/1 3049/130/1
f 2523/370/1 2524/206/1 2816/206/1 2813/370/1
f 2749/141/1 2757/142/1 3134/142/1 3125/141/1
f 2557/146/1 2809/147/1 3194/147/1 2910/146/1
f 2627/453/1 2635/319/1 2997/319/1 2988/453/1
f 2688/168/1 2680/14/1 3048/14/1 3057/168/1
f 2563/171/1 2807/98/1 3192/98/1 2917/171/1
f 2568/434/1 2557/146/1 2910/146/1 2922/434/1
f 2636/312/1 2628/457/1 2989/457/1 2998/312/1
f 2694/140/1 2686/139/1 3055/139/1 3064/140/1
f 2574/370/1 2563/171/1 2917/171/1 2929/370/1
f 2679/32/1 2687/174/1 3056/174/1 3047/32/1
f 2522/171/1 2523/370/1 2813/370/1 2810/171/1
f 2561/199/1 2808/200/1 3193/200/1 2914/199/1
f 2556/105/1 2567/441/1 2921/441/1 2909/105/1
f 2543/24/1 2544/23/1 2876/23/1 2873/24/1
f 2685/51/1 2693/207/1 3062/207/1 3053/51/1
f 2562/129/1 2573/450/1 2927/450/1 2915/129/1
f 2692/233/1 2684/234/1 3052/234/1 3061/233/1
f 2735/37/1 2743/235/1 3119/235/1 3110/37/1
f 2572/389/1 2561/199/1 2914/199/1 2926/389/1
f 2690/244/1 2682/245/1 3050/245/1 3059/244/1
f 2809/147/1 2800/250/1 3183/250/1 3194/147/1
f 2560/165/1 2571/404/1 2925/404/1 2913/165/1
f 2683/265/1 2691/266/1 3060/266/1 3051/265/1
f 2741/69/1 2749/267/1 3125/267/1 3116/69/1
f 2542/311/1 2543/24/1 2873/24/1 2870/311/1
f 2807/98/1 2806/97/1 3190/97/1 3192/98/1
f 2558/94/1 2569/422/1 2923/422/1 2911/94/1
f 2621/230/1 2629/459/1 2990/459/1 2981/230/1
f 2748/288/1 2740/120/1 3115/120/1 3124/288/1
f 2570/415/1 2559/143/1 2912/143/1 2924/415/1
f 2628/457/1 2620/252/1 2980/252/1 2989/457/1
f 2739/100/1 2747/296/1 3123/296/1 3114/100/1
f 2808/200/1 2804/304/1 3187/304/1 3193/200/1
f 2619/241/1 2627/453/1 2988/453/1 2979/241/1
f 2746/314/1 2738/315/1 3113/315/1 3122/314/1
f 2626/423/1 2618/166/1 2978/166/1 2987/423/1
f 2744/322/1 2736/30/1 3111/30/1 3120/322/1
f 2797/91/1 2805/72/1 3188/72/1 3179/91/1
f 2617/187/1 2625/440/1 2986/440/1 2977/187/1
f 2737/335/1 2745/336/1 3121/336/1 3112/335/1
f 2804/304/1 2796/127/1 3178/127/1 3187/304/1
f 2630/82/1 2622/196/1 2983/196/1 2992/82/1
f 2684/234/1 2676/257/1 3043/257/1 3052/234/1
f 2750/353/1 2742/23/1 3118/23/1 3127/353/1
f 2541/419/1 2542/311/1 2870/311/1 2867/419/1
f 2795/164/1 2803/116/1 3186/116/1 3177/164/1
f 2615/203/1 2623/454/1 2984/454/1 2975/203/1
f 2675/264/1 2683/265/1 3051/265/1 3042/264/1
f 2802/104/1 2794/137/1 3176/137/1 3185/104/1
f 2554/2/1 2558/94/1 2911/94/1 2907/2/1
f 2624/4/1 2616/3/1 2976/3/1 2985/4/1
f 2682/245/1 2674/286/1 3041/286/1 3050/245/1
f 2793/10/1 2801/1/1 3184/1/1 3175/10/1
f 2566/41/1 2556/105/1 2909/105/1 2920/41/1
f 2673/273/1 2681/130/1 3049/130/1 3040/273/1
f 2800/250/1 2792/43/1 3174/43/1 3183/250/1
f 2565/73/1 2562/129/1 2915/129/1 2919/73/1
f 2680/14/1 2672/13/1 3039/13/1 3048/14/1
f 2559/143/1 2555/103/1 2908/103/1 2912/143/1
f 2686/139/1 2678/213/1 3046/213/1 3055/139/1
f 2540/135/1 2541/419/1 2867/419/1 2864/135/1
f 2806/97/1 2798/60/1 3181/60/1 3190/97/1
f 2564/117/1 2560/165/1 2913/165/1 2918/117/1
f 2671/31/1 2679/32/1 3047/32/1 3038/31/1
f 2738/315/1 2730/289/1 3104/289/1 3113/315/1
f 2791/63/1 2799/40/1 3182/40/1 3173/63/1
f 2677/50/1 2685/51/1 3053/51/1 3044/50/1
f 2729/299/1 2737/335/1 3112/335/1 3103/299/1
f 2618/166/1 2610/167/1 2969/167/1 2978/166/1
f 2736/30/1 2728/29/1 3102/29/1 3111/30/1
f 2609/186/1 2617/187/1 2977/187/1 2968/186/1
f 2742/23/1 2734/24/1 3109/24/1 3118/23/1
f 2616/3/1 2608/190/1 2967/190/1 2976/3/1
f 2727/36/1 2735/37/1 3110/37/1 3101/36/1
f 2539/136/1 2540/135/1 2864/135/1 2861/136/1
f 2622/196/1 2614/197/1 2974/197/1 2983/196/1
f 2607/202/1 2615/203/1 2975/203/1 2966/202/1
f 2733/68/1 2741/69/1 3116/69/1 3107/68/1
f 2785/9/1 2793/10/1 3175/10/1 3166/9/1
f 2731/99/1 2739/100/1 3114/100/1 3105/99/1
f 2792/43/1 2784/44/1 3165/44/1 3174/43/1
f 2613/229/1 2621/230/1 2981/230/1 2972/229/1
f 2672/13/1 2664/198/1 3030/198/1 3039/13/1
f 2740/120/1 2732/121/1 3106/121/1 3115/120/1
f 2798/60/1 2790/61/1 3172/61/1 3181/60/1
f 2611/240/1 2619/241/1 2979/241/1 2970/240/1
f 2678/213/1 2670/214/1 3037/214/1 3046/213/1
f 2538/140/1 2539/136/1 2861/136/1 2858/140/1
f 2783/62/1 2791/63/1 3173/63/1 3164/62/1
f 2620/252/1 2612/253/1 2971/253/1 2980/252/1
f 2663/219/1 2671/31/1 3038/31/1 3029/219/1
f 2789/90/1 2797/91/1 3179/91/1 3170/90/1
f 2669/236/1 2677/50/1 3044/50/1 3035/236/1
f 2796/127/1 2788/128/1 3169/128/1 3178/127/1
f 2676/257/1 2668/258/1 3034/258/1 3043/257/1
f 2537/139/1 2538/140/1 2858/140/1 2855/139/1
f 2794/137/1 2786/138/1 3167/138/1 3176/137/1
f 2667/263/1 2675/264/1 3042/264/1 3033/263/1
f 2787/163/1 2795/164/1 3177/164/1 3168/163/1
f 2665/272/1 2673/273/1 3040/273/1 3031/272/1
f 2725/259/1 2733/68/1 3107/68/1 3098/259/1
f 2605/352/1 2613/229/1 2972/229/1 2963/352/1
f 2674/286/1 2666/287/1 3032/287/1 3041/286/1
f 2732/121/1 2724/268/1 3097/268/1 3106/121/1
f 2612/253/1 2604/361/1 2962/361/1 2971/253/1
f 2723/277/1 2731/99/1 3105/99/1 3096/277/1
f 2603/366/1 2611/240/1 2970/240/1 2961/366/1
f 2730/289/1 2722/290/1 3095/290/1 3104/289/1
f 2610/167/1 2602/375/1 2960/375/1 2969/167/1
f 2721/298/1 2729/299/1 3103/299/1 3094/298/1
f 2536/213/1 2537/139/1 2855/139/1 2852/213/1
f 2601/383/1 2609/186/1 2968/186/1 2959/383/1
f 2734/24/1 2726/311/1 3100/311/1 3109/24/1
f 2788/128/1 2780/285/1 3160/285/1 3169/128/1
f 2599/392/1 2607/202/1 2966/202/1 2957/392/1
f 2719/317/1 2727/36/1 3101/36/1 3092/317/1
f 2779/291/1 2787/163/1 3168/163/1 3159/291/1
f 2608/190/1 2600/398/1 2958/398/1 2967/190/1
f 2659/371/1 2667/263/1 3033/263/1 3024/371/1
f 2728/29/1 2720/328/1 3093/328/1 3102/29/1
f 2535/214/1 2536/213/1 2852/213/1 2849/214/1
f 2786/138/1 2778/306/1 3158/306/1 3167/138/1
f 2666/287/1 2658/382/1 3023/382/1 3032/287/1
f 2777/316/1 2785/9/1 3166/9/1 3157/316/1
f 2614/197/1 2606/239/1 2965/239/1 2974/197/1
f 2657/384/1 2665/272/1 3031/272/1 3022/384/1
f 2784/44/1 2776/331/1 3156/331/1 3165/44/1
f 2664/198/1 2656/402/1 3021/402/1 3030/198/1
f 2790/61/1 2782/333/1 3163/333/1 3172/61/1
f 2670/214/1 2662/280/1 3028/280/1 3037/214/1
f 2775/338/1 2783/62/1 3164/62/1 3155/338/1
f 2655/410/1 2663/219/1 3029/219/1 3020/410/1
f 2781/351/1 2789/90/1 3170/90/1 3161/351/1
f 2722/290/1 2714/385/1 3086/385/1 3095/290/1
f 2668/258/1 2660/425/1 3025/425/1 3034/258/1
f 2713/403/1 2721/298/1 3094/298/1 3085/403/1
f 2534/280/1 2535/214/1 2849/214/1 2846/280/1
f 2593/53/1 2601/383/1 2959/383/1 2950/53/1
f 2661/436/1 2669/236/1 3035/236/1 3026/436/1
f 2720/328/1 2712/412/1 3084/412/1 3093/328/1
f 2600/398/1 2592/64/1 2949/64/1 2958/398/1
f 2726/311/1 2718/419/1 3091/419/1 3100/311/1
f 2606/239/1 2598/78/1 2956/78/1 2965/239/1
f 2711/420/1 2719/317/1 3092/317/1 3083/420/1
f 2533/101/1 2534/280/1 2846/280/1 2843/101/1
f 2591/28/1 2599/392/1 2957/392/1 2948/28/1
f 2717/439/1 2725/259/1 3098/259/1 3089/439/1
f 2776/331/1 2768/421/1 3147/421/1 3156/331/1
f 2597/57/1 2605/352/1 2963/352/1 2954/57/1
f 2715/442/1 2723/277/1 3096/277/1 3087/442/1
f 2782/333/1 2774/424/1 3154/424/1 3163/333/1
f 2604/361/1 2596/455/1 2953/455/1 2962/361/1
f 2662/280/1 2654/101/1 3019/101/1 3028/280/1
f 2724/268/1 2716/451/1 3088/451/1 3097/268/1
f 2767/429/1 2775/338/1 3155/338/1 3146/429/1
f 2602/375/1 2594/19/1 2951/19/1 2960/375/1
f 2647/126/1 2655/410/1 3020/410/1 3011/126/1
f 2553/98/1 2522/171/1 2810/171/1 2903/98/1
f 2595/21/1 2603/366/1 2961/366/1 2952/21/1
f 2773/446/1 2781/351/1 3161/351/1 3152/446/1
f 2653/173/1 2661/436/1 3026/436/1 3017/173/1
f 2532/102/1 2533/101/1 2843/101/1 2840/102/1
f 2780/285/1 2772/461/1 3151/461/1 3160/285/1
f 2660/425/1 2652/158/1 3016/158/1 3025/425/1
f 2771/460/1 2779/291/1 3159/291/1 3150/460/1
f 2651/26/1 2659/371/1 3024/371/1 3015/26/1
f 2769/456/1 2777/316/1 3157/316/1 3148/456/1
f 2658/382/1 2650/54/1 3014/54/1 3023/382/1
f 2709/180/1 2717/439/1 3089/439/1 3080/180/1
f 31/370/1 43/206/1 2524/206/1 2523/370/1
f 2464/155/1 2456/367/1 2744/367/1 2752/155/1
f 2310/78/1 2302/79/1 2590/79/1 2598/78/1
f 2457/362/1 2465/231/1 2753/231/1 2745/362/1
f 2399/174/1 2407/149/1 2695/149/1 2687/174/1
f 2304/64/1 2296/65/1 2584/65/1 2592/64/1
f 2466/247/1 2458/358/1 2746/358/1 2754/247/1
f 2414/136/1 2406/140/1 2694/140/1 2702/136/1
f 2297/52/1 2305/53/1 2593/53/1 2585/52/1
f 331/424/1 343/333/1 2549/333/1 2548/424/1
f 2459/345/1 2467/227/1 2755/227/1 2747/345/1
f 2306/19/1 2298/20/1 2586/20/1 2594/19/1
f 2408/133/1 2400/168/1 2688/168/1 2696/133/1
f 2299/22/1 2307/21/1 2595/21/1 2587/22/1
f 247/419/1 259/311/1 2542/311/1 2541/419/1
f 2401/131/1 2409/95/1 2697/95/1 2689/131/1
f 2308/455/1 2300/275/1 2588/275/1 2596/455/1
f 2410/218/1 2402/244/1 2690/244/1 2698/218/1
f 79/239/1 91/197/1 2528/197/1 2527/239/1
f 163/280/1 175/214/1 2535/214/1 2534/280/1
f 2403/266/1 2411/220/1 2699/220/1 2691/266/1
f 2412/189/1 2404/233/1 2692/233/1 2700/189/1
f 2474/246/1 2466/247/1 2754/247/1 2762/246/1
f 2405/207/1 2413/179/1 2701/179/1 2693/207/1
f 2465/231/1 2473/232/1 2761/232/1 2753/231/1
f 2467/227/1 2475/228/1 2763/228/1 2755/227/1
f 2307/21/1 2315/366/1 2603/366/1 2595/21/1
f 2476/208/1 2468/108/1 2756/108/1 2764/208/1
f 2314/375/1 2306/19/1 2594/19/1 2602/375/1
f 2469/142/1 2477/195/1 2765/195/1 2757/142/1
f 2316/361/1 2308/455/1 2596/455/1 2604/361/1
f 295/35/1 307/34/1 2546/34/1 2545/35/1
f 2906/1329/1370 2905/1330/2275 2812/1331/2276
f 2904/1332/2277 2903/98/2278 2810/171/2279 2811/1333/2280
f 2905/1330/2275 2904/1332/2277 2811/1333/2280 2812/1331/2276
f 2812/1331/2276 2811/1333/2280 2814/1334/2281 2815/1335/2282
f 2906/1336/1370 2812/1331/2276 2815/1335/2282
f 2811/1333/2280 2810/171/2279 2813/370/2283 2814/1334/2281
f 2814/1334/2281 2813/370/2283 2816/206/2284 2817/1337/2285
f 2815/1335/2282 2814/1334/2281 2817/1337/2285 2818/1338/2286
f 2906/1339/1370 2815/1335/2282 2818/1338/2286
f 2906/1340/1370 2818/1338/2286 2821/1341/2287
f 2817/1337/2285 2816/206/2284 2819/79/2288 2820/1342/2289
f 2818/1338/2286 2817/1337/2285 2820/1342/2289 2821/1341/2287
f 2820/1342/2289 2819/79/2288 2822/78/2290 2823/1343/2291
f 2821/1341/2287 2820/1342/2289 2823/1343/2291 2824/1344/2292
f 2906/1345/1370 2821/1341/2287 2824/1344/2292
f 2906/1346/1370 2824/1344/2292 2827/1347/2293
f 2823/1343/2291 2822/78/2290 2825/239/2294 2826/1348/2295
f 2824/1344/2292 2823/1343/2291 2826/1348/2295 2827/1347/2293
f 2826/1348/2295 2825/239/2294 2828/197/2296 2829/1349/2297
f 2827/1347/2293 2826/1348/2295 2829/1349/2297 2830/1350/2298
f 2906/1351/1370 2827/1347/2293 2830/1350/2298
f 2829/1349/2297 2828/197/2296 2831/196/2299 2832/1352/2300
f 2830/1350/2298 2829/1349/2297 2832/1352/2300 2833/1353/2301
f 2906/1354/1370 2830/1350/2298 2833/1353/2301
f 2832/1352/2300 2831/196/2299 2834/82/2302 2835/1355/2303
f 2833/1353/2301 2832/1352/2300 2835/1355/2303 2836/1356/2304
f 2906/1357/1370 2833/1353/2301 2836/1356/2304
f 2835/1355/2303 2834/82/2302 2837/83/2305 2838/1358/2306
f 2836/1356/2304 2835/1355/2303 2838/1358/2306 2839/1359/2307
f 2906/1360/1370 2836/1356/2304 2839/1359/2307
f 2838/1358/2306 2837/83/2305 2840/102/2308 2841/1361/2309
f 2839/1359/2307 2838/1358/2306 2841/1361/2309 2842/1362/2310
f 2906/1363/1370 2839/1359/2307 2842/1362/2310
f 2841/1361/2309 2840/102/2308 2843/101/2311 2844/1364/2312
f 2842/1362/2310 2841/1361/2309 2844/1364/2312 2845/1365/2313
f 2906/1366/1370 2842/1362/2310 2845/1365/2313
f 2845/1365/2313 2844/1364/2312 2847/1367/2314 2848/1368/2315
f 2906/1369/1370 2845/1365/2313 2848/1368/2315
f 2844/1364/2312 2843/101/2311 2846/280/2316 2847/1367/2314
f 2847/1367/2314 2846/280/2316 2849/214/2317 2850/1370/2318
f 2848/1368/2315 2847/1367/2314 2850/1370/2318 2851/1371/2319
f 2906/1372/1370 2848/1368/2315 2851/1371/2319
f 2851/1371/2319 2850/1370/2318 2853/1373/2320 2854/1374/2321
f 2906/1375/1370 2851/1371/2319 2854/1374/2321
f 2850/1370/2318 2849/214/2317 2852/213/2322 2853/1373/2320
f 2853/1373/2320 2852/213/2322 2855/139/2323 2856/1376/2324
f 2854/1374/2321 2853/1373/2320 2856/1376/2324 2857/1377/2325
f 2906/1378/1370 2854/1374/2321 2857/1377/2325
f 2906/1379/1370 2857/1377/2325 2860/1380/2326
f 2856/1376/2324 2855/139/2323 2858/140/2327 2859/1381/2328
f 2857/1377/2325 2856/1376/2324 2859/1381/2328 2860/1380/2326
f 2859/1381/2328 2858/140/2327 2861/136/2329 2862/1382/2330
f 2860/1380/2326 2859/1381/2328 2862/1382/2330 2863/1383/2331
f 2906/1384/1370 2860/1380/2326 2863/1383/2331
f 2862/1382/2330 2861/136/2329 2864/135/2332 2865/1385/2333
f 2863/1383/2331 2862/1382/2330 2865/1385/2333 2866/1386/2334
f 2906/1387/1370 2863/1383/2331 2866/1386/2334
f 2865/1385/2333 2864/135/2332 2867/419/2335 2868/1388/2336
f 2866/1386/2334 2865/1385/2333 2868/1388/2336 2869/1389/2337
f 2906/1390/1370 2866/1386/2334 2869/1389/2337
f 2868/1388/2336 2867/419/2335 2870/311/2338 2871/1391/2339
f 2869/1389/2337 2868/1388/2336 2871/1391/2339 2872/1392/2340
f 2906/1393/1370 2869/1389/2337 2872/1392/2340
f 2871/1391/2339 2870/311/2338 2873/24/2341 2874/1394/2342
f 2872/1392/2340 2871/1391/2339 2874/1394/2342 2875/1395/2343
f 2906/1396/1370 2872/1392/2340 2875/1395/2343
f 2874/1394/2342 2873/24/2341 2876/23/2344 2877/1397/2345
f 2875/1395/2343 2874/1394/2342 2877/1397/2345 2878/1398/2346
f 2906/1399/1370 2875/1395/2343 2878/1398/2346
f 2877/1397/2345 2876/23/2344 2879/353/2347 2880/1400/2348
f 2878/1398/2346 2877/1397/2345 2880/1400/2348 2881/1401/2349
f 2906/1402/1370 2878/1398/2346 2881/1401/2349
f 2880/1403/2348 2879/35/2347 2882/34/2350 2883/1404/2351
f 2881/1405/2349 2880/1403/2348 2883/1404/2351 2884/1406/2352
f 2906/1407/1370 2881/1405/2349 2884/1406/2352
f 2884/1406/2352 2883/1404/2351 2886/1408/2353 2887/1409/2354
f 2906/1410/1370 2884/1406/2352 2887/1409/2354
f 2883/1404/2351 2882/34/2350 2885/169/2355 2886/1408/2353
f 2886/1408/2353 2885/169/2355 2888/424/2356 2889/1411/2357
f 2887/1409/2354 2886/1408/2353 2889/1411/2357 2890/1412/2358
f 2906/1413/1370 2887/1409/2354 2890/1412/2358
f 2906/1414/1370 2890/1412/2358 2893/1415/2359
f 2889/1411/2357 2888/424/2356 2891/333/2360 2892/1416/2361
f 2890/1412/2358 2889/1411/2357 2892/1416/2361 2893/1415/2359
f 2892/1416/2361 2891/333/2360 2894/61/2362 2895/1417/2363
f 2893/1415/2359 2892/1416/2361 2895/1417/2363 2896/1418/2364
f 2906/1419/1370 2893/1415/2359 2896/1418/2364
f 2906/1420/1370 2896/1418/2364 2899/1421/2365
f 2895/1417/2363 2894/61/2362 2897/60/2366 2898/1422/2367
f 2896/1418/2364 2895/1417/2363 2898/1422/2367 2899/1421/2365
f 2898/1422/2367 2897/60/2366 2900/97/2368 2901/1423/2369
f 2899/1421/2365 2898/1422/2367 2901/1423/2369 2902/1424/2370
f 2906/1425/1370 2899/1421/2365 2902/1424/2370
f 2901/1423/2369 2900/97/2368 2903/98/2278 2904/1332/2277
f 2902/1424/2370 2901/1423/2369 2904/1332/2277 2905/1330/2275
f 2906/1426/1370 2902/1424/2370 2905/1330/2275
f 3193/200/2371 2918/117/2371 2913/165/2372 2914/199/2372
f 3191/1427/2373 2919/73/2374 2915/129/2375 2916/1428/2376
f 3192/98/2377 3191/1427/2373 2916/1428/2376 2917/171/2378
f 3194/147/2379 2920/41/2379 2909/105/2380 2910/146/2380
f 2908/103/2381 2907/2/2381 2911/94/2382 2912/143/2382
f 2912/143/2382 2911/94/2382 2923/422/2383 2924/415/2383
f 2914/199/2372 2913/165/2372 2925/404/2384 2926/389/2384
f 2916/1428/2376 2915/129/2375 2927/450/2385 2928/845/2386
f 2917/171/2378 2916/1428/2376 2928/845/2386 2929/370/2387
f 2910/146/2380 2909/105/2380 2921/441/2388 2922/434/2388
f 2928/845/2386 2927/450/2385 2936/260/2389 2937/1429/2390
f 2929/370/2387 2928/845/2386 2937/1429/2390 2938/206/2391
f 2922/434/2388 2921/441/2388 2930/211/2392 2931/201/2392
f 2924/415/2383 2923/422/2383 2932/313/2393 2933/318/2393
f 2926/389/2384 2925/404/2384 2934/292/2394 2935/276/2394
f 2933/318/2393 2932/313/2393 2941/52/2395 2942/20/2395
f 2935/276/2394 2934/292/2394 2943/22/2396 2944/275/2396
f 2937/1429/2390 2936/260/2389 2945/56/2397 2946/808/2398
f 2938/206/2391 2937/1429/2390 2946/808/2398 2947/79/2399
f 2931/201/2392 2930/211/2392 2939/27/2400 2940/65/2400
f 2946/808/2398 2945/56/2397 2954/57/2401 2955/1430/2402
f 2947/79/2399 2946/808/2398 2955/1430/2402 2956/78/2403
f 2940/65/2400 2939/27/2400 2948/28/2404 2949/64/2404
f 2942/20/2395 2941/52/2395 2950/53/2405 2951/19/2405
f 2944/275/2396 2943/22/2396 2952/21/2406 2953/455/2406
f 2953/455/2406 2952/21/2406 2961/366/2407 2962/361/2407
f 2955/1430/2402 2954/57/2401 2963/352/2408 2964/772/2409
f 2956/78/2403 2955/1430/2402 2964/772/2409 2965/239/2410
f 2949/64/2404 2948/28/2404 2957/392/2411 2958/398/2411
f 2951/19/2405 2950/53/2405 2959/383/2412 2960/375/2412
f 2965/239/2410 2964/772/2409 2973/1431/2413 2974/197/2414
f 2958/398/2411 2957/392/2411 2966/202/2415 2967/190/2415
f 2960/375/2412 2959/383/2412 2968/186/2416 2969/167/2416
f 2962/361/2407 2961/366/2407 2970/240/2417 2971/253/2417
f 2964/772/2409 2963/352/2408 2972/229/2418 2973/1431/2413
f 2971/253/2417 2970/240/2417 2979/241/2419 2980/252/2419
f 2973/1431/2413 2972/229/2418 2981/230/2420 2982/746/2421
f 2974/197/2414 2973/1431/2413 2982/746/2421 2983/196/2422
f 2967/190/2415 2966/202/2415 2975/203/2423 2976/3/2423
f 2969/167/2416 2968/186/2416 2977/187/2424 2978/166/2424
f 2976/3/2423 2975/203/2423 2984/454/2425 2985/4/2425
f 2978/166/2424 2977/187/2424 2986/440/2426 2987/423/2426
f 2980/252/2419 2979/241/2419 2988/453/2427 2989/457/2427
f 2982/746/2421 2981/230/2420 2990/459/2428 2991/1432/2429
f 2983/196/2422 2982/746/2421 2991/1432/2429 2992/82/2430
f 2989/457/2427 2988/453/2427 2997/319/2431 2998/312/2431
f 2991/1432/2429 2990/459/2428 2999/293/2432 3000/1300/2433
f 2992/82/2430 2991/1432/2429 3000/1300/2433 3001/83/2434
f 2985/4/2425 2984/454/2425 2993/282/2435 2994/337/2435
f 2987/423/2426 2986/440/2426 2995/348/2436 2996/332/2436
f 2996/332/2436 2995/348/2436 3004/75/2437 3005/55/2437
f 2998/312/2431 2997/319/2431 3006/25/2438 3007/159/2438
f 3000/1300/2433 2999/293/2432 3008/172/2439 3009/1433/2440
f 3001/83/2434 3000/1300/2433 3009/1433/2440 3010/102/2441
f 2994/337/2435 2993/282/2435 3002/125/2442 3003/86/2442
f 3009/1433/2440 3008/172/2439 3017/173/2443 3018/1263/2444
f 3010/102/2441 3009/1433/2440 3018/1263/2444 3019/101/2445
f 3003/86/2442 3002/125/2442 3011/126/2446 3012/85/2446
f 3005/55/2437 3004/75/2437 3013/76/2447 3014/54/2447
f 3007/159/2438 3006/25/2438 3015/26/2448 3016/158/2448
f 3014/54/2447 3013/76/2447 3022/384/2449 3023/382/2449
f 3016/158/2448 3015/26/2448 3024/371/2450 3025/425/2450
f 3018/1263/2444 3017/173/2443 3026/436/2451 3027/1434/2452
f 3019/101/2445 3018/1263/2444 3027/1434/2452 3028/280/2453
f 3012/85/2446 3011/126/2446 3020/410/2454 3021/402/2454
f 3027/1434/2452 3026/436/2451 3035/236/2455 3036/1226/2456
f 3028/280/2453 3027/1434/2452 3036/1226/2456 3037/214/2457
f 3021/402/2454 3020/410/2454 3029/219/2458 3030/198/2458
f 3023/382/2449 3022/384/2449 3031/272/2459 3032/287/2459
f 3025/425/2450 3024/371/2450 3033/263/2460 3034/258/2460
f 3032/287/2459 3031/272/2459 3040/273/2461 3041/286/2461
f 3034/258/2460 3033/263/2460 3042/264/2462 3043/257/2462
f 3036/1226/2456 3035/236/2455 3044/50/2463 3045/1435/2464
f 3037/214/2457 3036/1226/2456 3045/1435/2464 3046/213/2465
f 3030/198/2458 3029/219/2458 3038/31/2466 3039/13/2466
f 3045/1435/2464 3044/50/2463 3053/51/2467 3054/1189/2468
f 3046/213/2465 3045/1435/2464 3054/1189/2468 3055/139/2469
f 3039/13/2466 3038/31/2466 3047/32/2470 3048/14/2470
f 3041/286/2461 3040/273/2461 3049/130/2471 3050/245/2471
f 3043/257/2462 3042/264/2462 3051/265/2472 3052/234/2472
f 3052/234/2472 3051/265/2472 3060/266/2473 3061/233/2473
f 3054/1189/2468 3053/51/2467 3062/207/2474 3063/1436/2475
f 3055/139/2469 3054/1189/2468 3063/1436/2475 3064/140/2476
f 3048/14/2470 3047/32/2470 3056/174/2477 3057/168/2477
f 3050/245/2471 3049/130/2471 3058/131/2478 3059/244/2478
f 3064/140/2476 3063/1436/2475 3072/1152/2479 3073/136/2480
f 3057/168/2477 3056/174/2477 3065/149/2481 3066/133/2481
f 3059/244/2478 3058/131/2478 3067/95/2482 3068/218/2482
f 3061/233/2473 3060/266/2473 3069/220/2483 3070/189/2483
f 3063/1436/2475 3062/207/2474 3071/179/2484 3072/1152/2479
f 3070/189/2483 3069/220/2483 3078/221/2485 3079/188/2485
f 3072/1152/2479 3071/179/2484 3080/180/2486 3081/1437/2487
f 3073/136/2480 3072/1152/2479 3081/1437/2487 3082/135/2488
f 3066/133/2481 3065/149/2481 3074/150/2489 3075/132/2489
f 3068/218/2482 3067/95/2482 3076/96/2490 3077/217/2490
f 3082/135/2488 3081/1437/2487 3090/1115/2491 3091/419/2492
f 3075/132/2489 3074/150/2489 3083/420/2493 3084/412/2493
f 3077/217/2490 3076/96/2490 3085/403/2494 3086/385/2494
f 3079/188/2485 3078/221/2485 3087/442/2495 3088/451/2495
f 3081/1437/2487 3080/180/2486 3089/439/2496 3090/1115/2491
f 3088/451/2495 3087/442/2495 3096/277/2497 3097/268/2497
f 3090/1115/2491 3089/439/2496 3098/259/2498 3099/1438/2499
f 3091/419/2492 3090/1115/2491 3099/1438/2499 3100/311/2500
f 3084/412/2493 3083/420/2493 3092/317/2501 3093/328/2501
f 3086/385/2494 3085/403/2494 3094/298/2502 3095/290/2502
f 3093/328/2501 3092/317/2501 3101/36/2503 3102/29/2503
f 3095/290/2502 3094/298/2502 3103/299/2504 3104/289/2504
f 3097/268/2497 3096/277/2497 3105/99/2505 3106/121/2505
f 3099/1438/2499 3098/259/2498 3107/68/2506 3108/1439/2507
f 3100/311/2500 3099/1438/2499 3108/1439/2507 3109/24/2508
f 3106/121/2505 3105/99/2505 3114/100/2509 3115/120/2509
f 3108/1439/2507 3107/68/2506 3116/69/2510 3117/1440/2511
f 3109/24/2508 3108/1439/2507 3117/1440/2511 3118/23/2512
f 3102/29/2503 3101/36/2503 3110/37/2513 3111/30/2513
f 3104/289/2504 3103/299/2504 3112/335/2514 3113/315/2514
f 3113/315/2514 3112/335/2514 3121/336/2515 3122/314/2515
f 3115/120/2509 3114/100/2509 3123/296/2516 3124/288/2516
f 3117/1440/2511 3116/69/2510 3125/267/2517 3126/1441/2518
f 3118/23/2512 3117/1440/2511 3126/1441/2518 3127/353/2519
f 3111/30/2513 3110/37/2513 3119/235/2520 3120/322/2520
f 3126/1442/2518 3125/141/2517 3134/142/2521 3135/1443/2522
f 3127/35/2519 3126/1442/2518 3135/1443/2522 3136/34/2523
f 3120/367/2520 3119/66/2520 3128/67/2524 3129/155/2524
f 3122/358/2515 3121/362/2515 3130/231/2525 3131/247/2525
f 3124/109/2516 3123/345/2516 3132/227/2526 3133/108/2526
f 3131/247/2525 3130/231/2525 3139/232/2527 3140/246/2527
f 3133/108/2526 3132/227/2526 3141/228/2528 3142/208/2528
f 3135/1443/2522 3134/142/2521 3143/195/2529 3144/1444/2530
f 3136/34/2523 3135/1443/2522 3144/1444/2530 3145/169/2531
f 3129/155/2524 3128/67/2524 3137/175/2532 3138/154/2532
f 3144/1444/2530 3143/195/2529 3152/446/2533 3153/1445/2534
f 3145/169/2531 3144/1444/2530 3153/1445/2534 3154/424/2535
f 3138/154/2532 3137/175/2532 3146/429/2536 3147/421/2536
f 3140/246/2527 3139/232/2527 3148/456/2537 3149/458/2537
f 3142/208/2528 3141/228/2528 3150/460/2538 3151/461/2538
f 3149/458/2537 3148/456/2537 3157/316/2539 3158/306/2539
f 3151/461/2538 3150/460/2538 3159/291/2540 3160/285/2540
f 3153/1445/2534 3152/446/2533 3161/351/2541 3162/1446/2542
f 3154/424/2535 3153/1445/2534 3162/1446/2542 3163/333/2543
f 3147/421/2536 3146/429/2536 3155/338/2544 3156/331/2544
f 3162/1446/2542 3161/351/2541 3170/90/2545 3171/1447/2546
f 3163/333/2543 3162/1446/2542 3171/1447/2546 3172/61/2547
f 3156/331/2544 3155/338/2544 3164/62/2548 3165/44/2548
f 3158/306/2539 3157/316/2539 3166/9/2549 3167/138/2549
f 3160/285/2540 3159/291/2540 3168/163/2550 3169/128/2550
f 3169/128/2550 3168/163/2550 3177/164/2551 3178/127/2551
f 3171/1447/2546 3170/90/2545 3179/91/2552 3180/1448/2553
f 3172/61/2547 3171/1447/2546 3180/1448/2553 3181/60/2554
f 3165/44/2548 3164/62/2548 3173/63/2555 3174/43/2555
f 3167/138/2549 3166/9/2549 3175/10/2556 3176/137/2556
f 3181/60/2554 3180/1448/2553 3189/1449/2557 3190/97/2558
f 3174/43/2555 3173/63/2555 3182/40/2559 3183/250/2559
f 3176/137/2556 3175/10/2556 3184/1/2560 3185/104/2560
f 3178/127/2551 3177/164/2551 3186/116/2561 3187/304/2561
f 3180/1448/2553 3179/91/2552 3188/72/2562 3189/1449/2557
f 3187/304/2561 3186/116/2561 2918/117/2371 3193/200/2371
f 3189/1449/2557 3188/72/2562 2919/73/2374 3191/1427/2373
f 3190/97/2558 3189/1449/2557 3191/1427/2373 3192/98/2377
f 3183/250/2559 3182/40/2559 2920/41/2379 3194/147/2379
f 3185/104/2560 3184/1/2560 2907/2/2381 2908/103/2381
f 2648/85/1 2640/86/1 3003/86/1 3012/85/1
f 2550/61/1 2551/60/1 2897/60/1 2894/61/1
f 2768/421/1 2760/154/1 3138/154/1 3147/421/1
f 2641/75/1 2649/76/1 3013/76/1 3004/75/1
f 2761/232/1 2769/456/1 3148/456/1 3139/232/1
f 2650/54/1 2642/55/1 3005/55/1 3014/54/1
f 2589/56/1 2597/57/1 2954/57/1 2945/56/1
f 2770/458/1 2762/246/1 3140/246/1 3149/458/1
f 2718/419/1 2710/135/1 3082/135/1 3091/419/1
f 2643/25/1 2651/26/1 3015/26/1 3006/25/1
f 2583/27/1 2591/28/1 2948/28/1 2939/27/1
f 2763/228/1 2771/460/1 3150/460/1 3141/228/1
f 2530/82/1 2531/83/1 2837/83/1 2834/82/1
f 2598/78/1 2590/79/1 2947/79/1 2956/78/1
f 2551/60/1 2552/97/1 2900/97/1 2897/60/1
f 2772/461/1 2764/208/1 3142/208/1 3151/461/1
f 2712/412/1 2704/132/1 3075/132/1 3084/412/1
f 2592/64/1 2584/65/1 2940/65/1 2949/64/1
f 2703/150/1 2711/420/1 3083/420/1 3074/150/1
f 2585/52/1 2593/53/1 2950/53/1 2941/52/1
f 2705/96/1 2713/403/1 3085/403/1 3076/96/1
f 2594/19/1 2586/20/1 2942/20/1 2951/19/1
f 2714/385/1 2706/217/1 3077/217/1 3086/385/1
f 2587/22/1 2595/21/1 2952/21/1 2943/22/1
f 2707/221/1 2715/442/1 3087/442/1 3078/221/1
f 2649/76/1 2657/384/1 3022/384/1 3013/76/1
f 2596/455/1 2588/275/1 2944/275/1 2953/455/1
f 2552/97/1 2553/98/1 2903/98/1 2900/97/1
f 2531/83/1 2532/102/1 2840/102/1 2837/83/1
f 2716/451/1 2708/188/1 3079/188/1 3088/451/1
f 2656/402/1 2648/85/1 3012/85/1 3021/402/1
f 2778/306/1 2770/458/1 3149/458/1 3158/306/1
usemtl Light.001
f 382/15/8 2/16/9 10/17/10 11/18/11
f 11/18/11 10/17/10 22/48/17 23/49/18
f 23/49/18 22/48/17 34/58/19 35/59/20
f 35/59/20 34/58/19 46/88/27 47/89/28
f 47/89/28 46/88/27 58/114/36 59/115/37
f 59/115/37 58/114/36 70/123/41 71/124/42
f 71/124/42 70/123/41 82/152/46 83/153/47
f 83/153/47 82/152/46 94/161/51 95/162/52
f 95/162/52 94/161/51 106/184/58 107/185/59
f 107/185/59 106/184/58 118/193/62 119/194/63
f 119/194/63 118/193/62 130/216/68 131/182/56
f 131/182/56 130/216/68 142/226/73 143/183/57
f 143/183/57 142/226/73 154/255/80 155/256/81
f 155/256/81 154/255/80 166/261/82 167/262/83
f 167/262/83 166/261/82 178/284/90 179/46/15
f 179/46/15 178/284/90 190/301/94 191/47/16
f 191/47/16 190/301/94 202/308/98 203/309/99
f 203/309/99 202/308/98 214/325/104 215/224/71
f 215/224/71 214/325/104 226/330/108 227/225/72
f 227/225/72 226/330/108 238/343/112 239/344/113
f 239/344/113 238/343/112 250/350/117 251/310/100
f 251/310/100 250/350/117 262/360/121 263/92/29
f 263/92/29 262/360/121 274/365/124 275/93/30
f 275/93/30 274/365/124 286/377/129 287/378/130
f 287/379/130 286/380/129 298/381/131 299/242/75
f 299/242/75 298/381/131 310/401/139 311/243/76
f 311/243/76 310/401/139 322/405/140 323/406/141
f 323/406/141 322/405/140 334/418/148 335/400/138
f 335/400/138 334/418/148 346/431/152 347/112/34
f 347/112/34 346/431/152 358/438/156 359/113/35
f 359/113/35 358/438/156 370/448/160 371/449/161
f 371/449/161 370/448/160 2/16/9 382/15/8
f 551/309/162 559/224/163 815/224/164 807/309/165
f 483/166/168 491/423/169 747/423/169 739/166/168
f 617/155/170 625/154/171 881/154/171 873/155/170
f 615/242/175 623/243/176 879/243/177 871/242/178
f 481/3/179 489/4/180 745/4/180 737/3/179
f 621/108/170 629/208/171 885/208/171 877/108/170
f 545/14/183 553/168/184 809/168/184 801/14/183
f 543/47/188 551/309/162 807/309/165 799/47/189
f 619/247/190 627/246/191 883/246/191 875/247/190
f 475/167/192 483/166/168 739/166/168 731/167/192
f 549/234/183 557/233/184 813/233/184 805/234/183
f 473/190/195 481/3/179 737/3/179 729/190/195
f 547/245/196 555/244/197 811/244/197 803/245/196
f 471/153/200 479/162/201 735/162/202 727/153/203
f 611/358/206 619/247/190 875/247/190 867/358/206
f 477/253/195 485/252/179 741/252/179 733/253/195
f 609/367/209 617/155/170 873/155/170 865/367/209
f 541/257/210 549/234/183 805/234/183 797/257/210
f 607/379/213 615/242/175 871/242/178 863/379/214
f 539/286/215 547/245/196 803/245/196 795/286/215
f 613/109/209 621/108/170 877/108/170 869/109/209
f 463/124/218 471/153/200 727/153/203 719/124/219
f 537/13/210 545/14/183 801/14/183 793/13/210
f 535/46/221 543/47/188 799/47/189 791/46/222
f 469/361/223 477/253/195 733/253/195 725/361/223
f 467/375/227 475/167/192 731/167/192 723/375/227
f 599/93/230 607/378/213 863/378/214 855/93/231
f 465/398/223 473/190/195 729/190/195 721/398/223
f 605/120/234 613/288/209 869/288/209 861/120/234
f 529/198/235 537/13/210 793/13/210 785/198/235
f 603/315/238 611/314/206 867/314/206 859/315/238
f 527/262/239 535/46/221 791/46/222 783/262/240
f 601/30/234 609/322/209 865/322/209 857/30/234
f 533/258/235 541/257/210 797/257/210 789/258/235
f 457/64/247 465/398/223 721/398/223 713/64/247
f 667/104/249 418/103/250 674/103/250 923/104/249
f 455/115/254 463/124/218 719/124/219 711/115/255
f 531/287/256 539/286/215 795/286/215 787/287/256
f 673/147/257 422/146/258 678/146/258 929/147/257
f 595/289/260 603/315/238 859/315/238 851/289/260
f 672/15/261 420/18/262 676/18/263 928/15/264
f 461/455/247 469/361/223 725/361/223 717/455/247
f 671/200/257 426/199/258 682/199/258 927/200/257
f 459/19/266 467/375/227 723/375/227 715/19/266
f 593/29/267 601/30/234 857/30/234 849/29/267
f 591/92/271 599/93/230 855/93/231 847/92/272
f 523/382/273 531/287/256 787/287/256 779/382/273
f 665/250/275 673/147/257 929/147/257 921/250/275
f 663/449/278 672/15/261 928/15/264 919/449/279
f 521/402/280 529/198/235 785/198/235 777/402/280
f 597/121/267 605/120/234 861/120/234 853/121/267
f 669/304/275 671/200/257 927/200/257 925/304/275
f 453/275/281 461/455/247 717/455/247 709/275/281
f 519/256/285 527/262/239 783/262/240 775/256/286
f 661/127/287 669/304/275 925/304/275 917/127/287
f 451/20/288 459/19/266 715/19/266 707/20/288
f 525/425/280 533/258/235 789/258/235 781/425/280
f 659/137/292 667/104/249 923/104/249 915/137/292
f 449/65/281 457/64/247 713/64/247 705/65/281
f 583/310/293 591/92/271 847/92/272 839/310/294
f 447/89/296 455/115/254 711/115/255 703/89/297
f 657/43/287 665/250/275 921/250/275 913/43/287
f 589/268/300 597/121/267 853/121/267 845/268/300
f 655/113/301 663/449/278 919/449/279 911/113/302
f 587/290/307 595/289/260 851/289/260 843/290/307
f 2170/462/308 674/103/309 680/143/310 2171/463/311
f 2233/464/312 927/200/313 682/199/314 2202/465/315
f 2265/466/316 928/15/264 676/18/263 2234/467/317
f 2169/468/318 929/147/319 678/146/320 2138/469/321
f 2171/463/311 680/143/310 691/415/322 2172/470/323
f 2202/465/315 682/199/314 693/389/324 2203/471/325
f 2234/467/317 676/18/263 687/49/326 2235/472/327
f 2138/469/321 678/146/320 689/434/328 2139/473/329
f 2235/472/327 687/49/326 695/59/330 2236/474/331
f 2139/473/329 689/434/328 697/201/332 2140/475/333
f 2172/470/323 691/415/322 699/318/334 2173/476/335
f 2203/471/325 693/389/324 701/276/336 2204/477/337
f 2173/476/335 699/318/334 707/20/338 2174/478/339
f 2204/477/337 701/276/336 709/275/340 2205/479/341
f 2236/474/331 695/59/330 703/89/297 2237/480/342
f 2140/475/333 697/201/332 705/65/343 2141/481/344
f 2237/480/342 703/89/297 711/115/255 2238/482/345
f 2141/481/344 705/65/343 713/64/346 2142/483/347
f 2174/478/339 707/20/338 715/19/348 2175/484/349
f 2205/479/341 709/275/340 717/455/350 2206/485/351
f 2175/484/349 715/19/348 723/375/352 2176/486/353
f 2206/485/351 717/455/350 725/361/354 2207/487/355
f 2238/482/345 711/115/255 719/124/219 2239/488/356
f 2142/483/347 713/64/346 721/398/357 2143/489/358
f 2143/489/358 721/398/357 729/190/359 2144/490/360
f 2176/486/353 723/375/352 731/167/361 2177/491/362
f 2207/487/355 725/361/354 733/253/363 2208/492/364
f 2239/488/356 719/124/219 727/153/203 2240/493/365
f 2208/492/364 733/253/363 741/252/366 2209/494/367
f 2240/493/365 727/153/203 735/162/202 2241/495/368
f 2144/490/360 729/190/359 737/3/369 2145/496/370
f 2177/491/362 731/167/361 739/166/371 2178/497/372
f 2145/496/370 737/3/369 745/4/373 2146/498/374
f 2178/497/372 739/166/371 747/423/375 2179/499/376
f 2209/494/367 741/252/366 749/457/377 2210/500/378
f 2241/495/368 735/162/202 743/185/379 2242/501/380
f 2210/500/378 749/457/377 757/312/381 2211/502/382
f 2242/501/380 743/185/379 751/194/383 2243/503/384
f 2146/498/374 745/4/373 753/337/385 2147/504/386
f 2179/499/376 747/423/375 755/332/387 2180/505/388
f 2147/504/386 753/337/385 761/86/389 2148/506/390
f 2180/505/388 755/332/387 763/55/391 2181/507/392
f 2211/502/382 757/312/381 765/159/393 2212/508/394
f 2243/503/384 751/194/383 759/182/395 2244/509/396
f 2212/508/394 765/159/393 773/158/397 2213/510/398
f 2244/509/396 759/182/395 767/183/399 2245/511/400
f 2148/506/390 761/86/389 769/85/401 2149/512/402
f 2181/507/392 763/55/391 771/54/403 2182/513/404
f 2149/512/402 769/85/401 777/402/405 2150/514/406
f 2182/513/404 771/54/403 779/382/407 2183/515/408
f 2213/510/398 773/158/397 781/425/409 2214/516/410
f 2245/511/400 767/183/399 775/256/286 2246/517/411
f 2214/516/410 781/425/409 789/258/412 2215/518/413
f 2246/517/411 775/256/286 783/262/240 2247/519/414
f 2150/514/406 777/402/405 785/198/415 2151/520/416
f 2183/515/408 779/382/407 787/287/417 2184/521/418
f 2184/521/418 787/287/417 795/286/419 2185/522/420
f 2215/518/413 789/258/412 797/257/421 2216/523/422
f 2247/519/414 783/262/240 791/46/222 2248/524/423
f 2151/520/416 785/198/415 793/13/424 2152/525/425
f 2248/524/423 791/46/222 799/47/189 2249/526/426
f 2152/525/425 793/13/424 801/14/427 2153/527/428
f 2185/522/420 795/286/419 803/245/429 2186/528/430
f 2216/523/422 797/257/421 805/234/431 2217/529/432
f 2186/528/430 803/245/429 811/244/433 2187/530/434
f 2217/529/432 805/234/431 813/233/435 2218/531/436
f 2249/526/426 799/47/189 807/309/165 2250/532/437
f 2153/527/428 801/14/427 809/168/438 2154/533/439
f 2250/532/437 807/309/165 815/224/164 2251/534/440
f 2154/533/439 809/168/438 817/133/441 2155/535/442
f 2187/530/434 811/244/433 819/218/443 2188/536/444
f 2218/531/436 813/233/435 821/189/445 2219/537/446
f 2188/536/444 819/218/443 827/217/447 2189/538/448
f 2219/537/446 821/189/445 829/188/449 2220/539/450
f 2251/534/440 815/224/164 823/225/451 2252/540/452
f 2155/535/442 817/133/441 825/132/453 2156/541/454
f 2156/541/454 825/132/453 833/412/455 2157/542/456
f 2189/538/448 827/217/447 835/385/457 2190/543/458
f 2220/539/450 829/188/449 837/451/459 2221/544/460
f 2252/540/452 823/225/451 831/344/461 2253/545/462
f 2221/544/460 837/451/459 845/268/463 2222/546/464
f 2253/545/462 831/344/461 839/310/294 2254/547/465
f 2157/542/456 833/412/455 841/328/466 2158/548/467
f 2190/543/458 835/385/457 843/290/468 2191/549/469
f 2158/548/467 841/328/466 849/29/470 2159/550/471
f 2191/549/469 843/290/468 851/289/472 2192/551/473
f 2222/546/464 845/268/463 853/121/474 2223/552/475
f 2254/547/465 839/310/294 847/92/272 2255/553/476
f 2223/552/475 853/121/474 861/120/477 2224/554/478
f 2255/553/476 847/92/272 855/93/231 2256/555/479
f 2159/550/471 849/29/470 857/30/480 2160/556/481
f 2192/551/473 851/289/472 859/315/482 2193/557/483
f 2160/556/481 857/30/480 865/322/484 2161/558/485
f 2193/557/483 859/315/482 867/314/486 2194/559/487
f 2224/554/478 861/120/477 869/288/488 2225/560/489
f 2256/555/479 855/93/231 863/378/214 2257/561/490
f 2225/562/489 869/109/488 877/108/491 2226/563/492
f 2257/564/490 863/379/214 871/242/178 2258/565/493
f 2161/566/485 865/367/484 873/155/494 2162/567/495
f 2194/568/487 867/358/486 875/247/496 2195/569/497
f 2195/569/497 875/247/496 883/246/498 2196/570/499
f 2226/563/492 877/108/491 885/208/500 2227/571/501
f 2258/565/493 871/242/178 879/243/177 2259/572/502
f 2162/567/495 873/155/494 881/154/503 2163/573/504
f 2259/572/502 879/243/177 887/406/505 2260/574/506
f 2163/573/504 881/154/503 889/421/507 2164/575/508
f 2196/570/499 883/246/498 891/458/509 2197/576/510
f 2227/571/501 885/208/500 893/461/511 2228/577/512
f 2197/576/510 891/458/509 899/306/513 2198/578/514
f 2228/577/512 893/461/511 901/285/515 2229/579/516
f 2260/574/506 887/406/505 895/400/517 2261/580/518
f 2164/575/508 889/421/507 897/331/519 2165/581/520
f 2261/580/518 895/400/517 903/112/521 2262/582/522
f 2165/581/520 897/331/519 905/44/523 2166/583/524
f 2198/578/514 899/306/513 907/138/525 2199/584/526
f 2229/579/516 901/285/515 909/128/527 2230/585/528
f 2199/584/526 907/138/525 915/137/529 2200/586/530
f 2230/585/528 909/128/527 917/127/531 2231/587/532
f 2262/582/522 903/112/521 911/113/302 2263/588/533
f 2166/583/524 905/44/523 913/43/534 2167/589/535
f 2263/588/533 911/113/302 919/449/279 2264/590/536
f 2167/589/535 913/43/534 921/250/537 2168/591/538
f 2200/586/530 915/137/529 923/104/539 2201/592/540
f 2231/587/532 917/127/531 925/304/541 2232/593/542
f 2201/592/540 923/104/539 674/103/309 2170/462/308
f 2232/593/542 925/304/541 927/200/313 2233/464/312
f 2264/590/536 919/449/279 928/15/264 2265/466/316
f 2168/591/538 921/250/537 929/147/319 2169/468/318
f 485/252/179 493/457/180 749/457/180 741/252/179
f 553/168/184 561/133/543 817/133/543 809/168/184
f 479/162/201 487/185/546 743/185/379 735/162/202
f 623/243/176 631/406/547 887/406/505 879/243/177
f 555/244/197 563/218/548 819/218/548 811/244/197
f 557/233/184 565/189/543 821/189/543 813/233/184
f 625/154/171 633/421/552 889/421/552 881/154/171
f 493/457/180 501/312/556 757/312/556 749/457/180
f 418/103/250 424/143/557 680/143/557 674/103/250
f 627/246/191 635/458/558 891/458/558 883/246/191
f 629/208/171 637/461/552 893/461/552 885/208/171
f 487/185/546 495/194/564 751/194/383 743/185/379
f 563/218/548 571/217/568 827/217/568 819/218/548
f 489/4/180 497/337/556 753/337/556 745/4/180
f 565/189/543 573/188/569 829/188/569 821/189/543
f 491/423/169 499/332/572 755/332/572 747/423/169
f 635/458/558 643/306/573 899/306/573 891/458/558
f 559/224/163 567/225/574 823/225/451 815/224/164
f 424/143/557 435/415/575 691/415/575 680/143/557
f 561/133/543 569/132/569 825/132/569 817/133/543
f 637/461/552 645/285/581 901/285/581 893/461/552
f 426/199/258 437/389/583 693/389/583 682/199/258
f 631/406/547 639/400/587 895/400/517 887/406/505
f 497/337/556 505/86/588 761/86/588 753/337/556
f 420/18/262 431/49/589 687/49/326 676/18/263
f 499/332/572 507/55/591 763/55/591 755/332/572
f 633/421/552 641/331/581 897/331/581 889/421/552
f 422/146/258 433/434/583 689/434/583 678/146/258
f 569/132/569 577/412/594 833/412/594 825/132/569
f 501/312/556 509/159/588 765/159/588 757/312/556
f 495/194/564 503/182/598 759/182/395 751/194/383
f 571/217/568 579/385/599 835/385/599 827/217/568
f 431/49/589 439/59/603 695/59/330 687/49/326
f 573/188/569 581/451/594 837/451/594 829/188/569
f 639/400/587 647/112/606 903/112/521 895/400/517
f 641/331/581 649/44/609 905/44/609 897/331/581
f 567/225/574 575/344/610 831/344/461 823/225/451
f 433/434/583 441/201/611 697/201/611 689/434/583
f 643/306/573 651/138/615 907/138/615 899/306/573
f 509/159/588 517/158/616 773/158/616 765/159/588
f 435/415/575 443/318/617 699/318/617 691/415/575
f 503/182/598 511/183/619 767/183/399 759/182/395
f 645/285/581 653/128/609 909/128/609 901/285/581
f 437/389/583 445/276/611 701/276/611 693/389/583
f 581/451/594 589/268/300 845/268/300 837/451/594
f 505/86/588 513/85/616 769/85/616 761/86/588
f 507/55/591 515/54/625 771/54/625 763/55/591
f 575/344/610 583/310/293 839/310/294 831/344/461
f 443/318/617 451/20/288 707/20/288 699/318/617
f 651/138/615 659/137/292 915/137/292 907/138/615
f 577/412/594 585/328/300 841/328/300 833/412/594
f 653/128/609 661/127/287 917/127/287 909/128/609
f 579/385/599 587/290/307 843/290/307 835/385/599
f 445/276/611 453/275/281 709/275/281 701/276/611
f 647/112/606 655/113/301 911/113/302 903/112/521
f 513/85/616 521/402/280 777/402/280 769/85/616
f 439/59/603 447/89/296 703/89/297 695/59/330
f 649/44/609 657/43/287 913/43/287 905/44/609
f 515/54/625 523/382/273 779/382/273 771/54/625
f 441/201/611 449/65/281 705/65/281 697/201/611
f 585/328/300 593/29/267 849/29/267 841/328/300
f 517/158/616 525/425/280 781/425/280 773/158/616
f 511/183/619 519/256/285 775/256/286 767/183/399
f 922/1/2135 2168/591/538 2169/468/318 686/2/2136
f 914/10/2137 2167/589/535 2168/591/538 922/1/2135
f 906/9/2138 2166/583/524 2167/589/535 914/10/2137
f 898/316/2139 2165/581/520 2166/583/524 906/9/2138
f 890/456/2140 2164/575/508 2165/581/520 898/316/2139
f 882/232/2141 2163/573/504 2164/575/508 890/456/2140
f 874/231/2142 2162/567/495 2163/573/504 882/232/2141
f 866/362/2143 2161/566/485 2162/567/495 874/231/2142
f 858/335/2144 2160/556/481 2161/558/485 866/336/2143
f 850/299/2145 2159/550/471 2160/556/481 858/335/2144
f 842/298/2146 2158/548/467 2159/550/471 850/299/2145
f 834/403/2147 2157/542/456 2158/548/467 842/298/2146
f 826/96/2148 2156/541/454 2157/542/456 834/403/2147
f 818/95/2149 2155/535/442 2156/541/454 826/96/2148
f 810/131/2150 2154/533/439 2155/535/442 818/95/2149
f 802/130/2151 2153/527/428 2154/533/439 810/131/2150
f 794/273/2152 2152/525/425 2153/527/428 802/130/2151
f 786/272/2153 2151/520/416 2152/525/425 794/273/2152
f 778/384/2154 2150/514/406 2151/520/416 786/272/2153
f 770/76/2155 2149/512/402 2150/514/406 778/384/2154
f 762/75/2156 2148/506/390 2149/512/402 770/76/2155
f 754/348/2157 2147/504/386 2148/506/390 762/75/2156
f 746/440/2158 2146/498/374 2147/504/386 754/348/2157
f 738/187/2159 2145/496/370 2146/498/374 746/440/2158
f 730/186/2160 2144/490/360 2145/496/370 738/187/2159
f 722/383/2161 2143/489/358 2144/490/360 730/186/2160
f 714/53/2162 2142/483/347 2143/489/358 722/383/2161
f 706/52/2163 2141/481/344 2142/483/347 714/53/2162
f 698/313/2164 2140/475/333 2141/481/344 706/52/2163
f 690/422/2165 2139/473/329 2140/475/333 698/313/2164
f 679/94/2166 2138/469/321 2139/473/329 690/422/2165
f 686/2/2136 2169/468/318 2138/469/321 679/94/2166
f 924/116/2167 2201/592/540 2170/462/308 675/117/2168
f 916/164/2169 2200/586/530 2201/592/540 924/116/2167
f 908/163/2170 2199/584/526 2200/586/530 916/164/2169
f 900/291/2171 2198/578/514 2199/584/526 908/163/2172
f 892/460/2173 2197/576/510 2198/578/514 900/291/2171
f 884/228/2174 2196/570/499 2197/576/510 892/460/2175
f 876/227/2176 2195/569/497 2196/570/499 884/228/2174
f 868/345/2177 2194/568/487 2195/569/497 876/227/2178
f 860/100/2179 2193/557/483 2194/559/487 868/296/2177
f 852/99/2180 2192/551/473 2193/557/483 860/100/2181
f 844/277/2182 2191/549/469 2192/551/473 852/99/2180
f 836/442/2183 2190/543/458 2191/549/469 844/277/2184
f 828/221/2185 2189/538/448 2190/543/458 836/442/2183
f 820/220/2186 2188/536/444 2189/538/448 828/221/2187
f 812/266/2188 2187/530/434 2188/536/444 820/220/2186
f 804/265/2189 2186/528/430 2187/530/434 812/266/2188
f 796/264/2190 2185/522/420 2186/528/430 804/265/2189
f 788/263/2191 2184/521/418 2185/522/420 796/264/2190
f 780/371/2192 2183/515/408 2184/521/418 788/263/2191
f 772/26/2193 2182/513/404 2183/515/408 780/371/2194
f 764/25/2195 2181/507/392 2182/513/404 772/26/2193
f 756/319/2196 2180/505/388 2181/507/392 764/25/2197
f 748/453/2198 2179/499/376 2180/505/388 756/319/2196
f 740/241/2199 2178/497/372 2179/499/376 748/453/2200
f 732/240/2201 2177/491/362 2178/497/372 740/241/2199
f 724/366/2202 2176/486/353 2177/491/362 732/240/2203
f 716/21/2204 2175/484/349 2176/486/353 724/366/2202
f 708/22/2205 2174/478/339 2175/484/349 716/21/2206
f 700/292/2207 2173/476/335 2174/478/339 708/22/2205
f 692/404/2208 2172/470/323 2173/476/335 700/292/2209
f 681/165/2210 2171/463/311 2172/470/323 692/404/2208
f 675/117/2168 2170/462/308 2171/463/311 681/165/2210
f 926/72/2211 2232/593/542 2233/464/312 684/73/2212
f 918/91/2213 2231/587/532 2232/593/542 926/72/2211
f 910/90/2214 2230/585/528 2231/587/532 918/91/2213
f 902/351/2215 2229/579/516 2230/585/528 910/90/2214
f 894/446/2216 2228/577/512 2229/579/516 902/351/2215
f 886/195/2217 2227/571/501 2228/577/512 894/446/2216
f 878/142/2218 2226/563/492 2227/571/501 886/195/2217
f 870/141/2219 2225/562/489 2226/563/492 878/142/2218
f 862/69/2220 2224/554/478 2225/560/489 870/267/2219
f 854/68/2221 2223/552/475 2224/554/478 862/69/2220
f 846/259/2222 2222/546/464 2223/552/475 854/68/2221
f 838/439/2223 2221/544/460 2222/546/464 846/259/2222
f 830/180/2224 2220/539/450 2221/544/460 838/439/2223
f 822/179/2225 2219/537/446 2220/539/450 830/180/2224
f 814/207/2226 2218/531/436 2219/537/446 822/179/2225
f 806/51/2227 2217/529/432 2218/531/436 814/207/2226
f 798/50/2228 2216/523/422 2217/529/432 806/51/2227
f 790/236/2229 2215/518/413 2216/523/422 798/50/2228
f 782/436/2230 2214/516/410 2215/518/413 790/236/2229
f 774/173/2231 2213/510/398 2214/516/410 782/436/2230
f 766/172/2232 2212/508/394 2213/510/398 774/173/2231
f 758/293/2233 2211/502/382 2212/508/394 766/172/2232
f 750/459/2234 2210/500/378 2211/502/382 758/293/2233
f 742/230/2235 2209/494/367 2210/500/378 750/459/2234
f 734/229/2236 2208/492/364 2209/494/367 742/230/2235
f 726/352/2237 2207/487/355 2208/492/364 734/229/2236
f 718/57/2238 2206/485/351 2207/487/355 726/352/2237
f 710/56/2239 2205/479/341 2206/485/351 718/57/2238
f 702/260/2240 2204/477/337 2205/479/341 710/56/2239
f 694/450/2241 2203/471/325 2204/477/337 702/260/2240
f 683/129/2242 2202/465/315 2203/471/325 694/450/2241
f 684/73/2212 2233/464/312 2202/465/315 683/129/2242
f 920/40/2243 2264/590/536 2265/466/316 685/41/2244
f 912/63/2245 2263/588/533 2264/590/536 920/40/2243
f 904/62/2246 2262/582/522 2263/588/533 912/63/2245
f 896/338/2247 2261/580/518 2262/582/522 904/62/2246
f 888/429/2248 2260/574/506 2261/580/518 896/338/2247
f 880/175/2249 2259/572/502 2260/574/506 888/429/2248
f 872/67/2250 2258/565/493 2259/572/502 880/175/2249
f 864/66/2251 2257/564/490 2258/565/493 872/67/2250
f 856/37/2252 2256/555/479 2257/561/490 864/235/2251
f 848/36/2253 2255/553/476 2256/555/479 856/37/2252
f 840/317/2254 2254/547/465 2255/553/476 848/36/2253
f 832/420/2255 2253/545/462 2254/547/465 840/317/2254
f 824/150/2256 2252/540/452 2253/545/462 832/420/2255
f 816/149/2257 2251/534/440 2252/540/452 824/150/2256
f 808/174/2258 2250/532/437 2251/534/440 816/149/2257
f 800/32/2259 2249/526/426 2250/532/437 808/174/2258
f 792/31/2260 2248/524/423 2249/526/426 800/32/2259
f 784/219/2261 2247/519/414 2248/524/423 792/31/2260
f 776/410/2262 2246/517/411 2247/519/414 784/219/2261
f 768/126/2263 2245/511/400 2246/517/411 776/410/2262
f 760/125/2264 2244/509/396 2245/511/400 768/126/2263
f 752/282/2265 2243/503/384 2244/509/396 760/125/2264
f 744/454/2266 2242/501/380 2243/503/384 752/282/2265
f 736/203/2267 2241/495/368 2242/501/380 744/454/2266
f 728/202/2268 2240/493/365 2241/495/368 736/203/2267
f 720/392/2269 2239/488/356 2240/493/365 728/202/2268
f 712/28/2270 2238/482/345 2239/488/356 720/392/2269
f 704/27/2271 2237/480/342 2238/482/345 712/28/2270
f 696/211/2272 2236/474/331 2237/480/342 704/27/2271
f 688/441/2273 2235/472/327 2236/474/331 696/211/2272
f 677/105/2274 2234/467/317 2235/472/327 688/441/2273
f 685/41/2244 2265/466/316 2234/467/317 677/105/2274
usemtl Material.004
f 937/378/642 942/594/643 932/595/644
f 938/596/645 941/597/646 943/598/647 940/599/648
f 934/314/649 940/599/648 937/378/642
f 930/600/650 931/601/651 945/602/652 941/597/646
f 940/599/648 934/314/649 938/596/645
f 937/378/642 940/599/648 943/598/647 942/594/643
f 943/598/647 941/597/646 945/602/652 946/603/653
f 942/594/643 943/598/647 946/603/653 944/604/654
f 932/595/644 942/594/643 944/604/654 933/605/655
f 941/597/646 938/596/645 930/600/650
f 944/604/654 946/603/653 947/606/653 936/607/656
f 933/605/655 944/604/654 936/607/657
f 946/603/653 945/602/652 939/608/658 947/606/653
f 945/602/652 931/601/651 939/608/659
f 947/606/653 939/608/658 935/358/660
f 936/607/656 947/606/653 935/358/660
f 955/378/661 950/595/662 960/594/663
f 956/596/664 958/599/665 961/598/666 959/597/667
f 952/314/668 955/378/661 958/599/665
f 948/600/669 959/597/667 963/602/670 949/601/671
f 958/599/665 956/596/664 952/314/668
f 955/378/661 960/594/663 961/598/666 958/599/665
f 961/598/666 964/603/672 963/602/670 959/597/667
f 960/594/663 962/604/673 964/603/672 961/598/666
f 950/595/662 951/605/674 962/604/673 960/594/663
f 959/597/667 948/600/669 956/596/664
f 962/604/673 954/607/675 965/606/672 964/603/672
f 951/605/674 954/607/676 962/604/673
f 964/603/672 965/606/672 957/608/677 963/602/670
f 963/602/670 957/608/678 949/601/671
f 965/606/672 953/358/679 957/608/677
f 954/607/675 953/358/679 965/606/672
f 930/600/680 938/596/681 956/596/682 948/600/680
f 931/601/683 930/600/683 948/600/683 949/601/683
f 933/605/684 936/607/685 954/607/686 951/605/684
f 932/595/687 933/605/687 951/605/687 950/595/687
f 934/314/688 937/378/689 955/378/690 952/314/688
f 935/358/691 939/608/692 957/608/693 953/358/694
f 936/607/685 935/358/691 953/358/694 954/607/686
f 937/378/689 932/595/695 950/595/695 955/378/690
f 938/596/681 934/314/696 952/314/696 956/596/682
f 939/608/692 931/601/697 949/601/697 957/608/693
f 973/378/698 978/594/699 968/595/700
f 974/596/701 977/597/702 979/598/703 976/599/704
f 970/314/705 976/599/705 973/378/706
f 966/600/707 967/601/708 981/602/709 977/597/702
f 976/599/705 970/314/705 974/596/710
f 973/378/698 976/599/704 979/598/703 978/594/699
f 979/598/703 977/597/702 981/602/711 982/603/712
f 978/594/699 979/598/703 982/603/712 980/604/713
f 968/595/700 978/594/699 980/604/714 969/605/715
f 977/597/702 974/596/701 966/600/707
f 980/604/713 982/603/712 983/606/712 972/607/713
f 969/605/715 980/604/714 972/607/716
f 982/603/712 981/602/711 975/608/711 983/606/712
f 981/602/709 967/601/708 975/608/717
f 983/606/712 975/608/711 971/358/712
f 972/607/713 983/606/712 971/358/712
f 991/378/718 986/595/719 996/594/720
f 992/596/721 994/599/722 997/598/723 995/597/724
f 988/314/725 991/378/726 994/599/725
f 984/600/727 995/597/724 999/602/728 985/601/729
f 994/599/725 992/596/730 988/314/725
f 991/378/718 996/594/720 997/598/723 994/599/722
f 997/598/723 1000/603/731 999/602/732 995/597/724
f 996/594/720 998/604/733 1000/603/731 997/598/723
f 986/595/719 987/605/734 998/604/735 996/594/720
f 995/597/724 984/600/727 992/596/721
f 998/604/733 990/607/736 1001/606/737 1000/603/731
f 987/605/734 990/607/738 998/604/735
f 1000/603/731 1001/606/737 993/608/739 999/602/732
f 999/602/728 993/608/740 985/601/729
f 1001/606/737 989/358/731 993/608/739
f 990/607/736 989/358/731 1001/606/737
f 966/600/741 974/596/742 992/596/743 984/600/741
f 967/601/744 966/600/744 984/600/744 985/601/744
f 969/605/745 972/607/746 990/607/747 987/605/745
f 968/595/748 969/605/748 987/605/748 986/595/748
f 970/314/749 973/378/750 991/378/751 988/314/749
f 971/358/752 975/608/753 993/608/754 989/358/752
f 972/607/746 971/358/752 989/358/752 990/607/747
f 973/378/750 968/595/755 986/595/755 991/378/751
f 974/596/742 970/314/756 988/314/756 992/596/743
f 975/608/753 967/601/757 985/601/757 993/608/754
f 1009/378/758 1014/594/759 1004/595/760
f 1010/596/761 1013/597/762 1015/598/763 1012/599/764
f 1006/314/765 1012/599/764 1009/378/758
f 1002/600/766 1003/601/767 1017/602/768 1013/597/762
f 1012/599/764 1006/314/765 1010/596/761
f 1009/378/758 1012/599/764 1015/598/763 1014/594/759
f 1015/598/763 1013/597/762 1017/602/769 1018/603/770
f 1014/594/759 1015/598/763 1018/603/770 1016/604/771
f 1004/595/760 1014/594/759 1016/604/771 1005/605/772
f 1013/597/762 1010/596/761 1002/600/766
f 1016/604/771 1018/603/770 1019/606/770 1008/607/773
f 1005/605/772 1016/604/771 1008/607/774
f 1018/603/770 1017/602/769 1011/608/769 1019/606/770
f 1017/602/768 1003/601/767 1011/608/775
f 1019/606/770 1011/608/769 1007/358/776
f 1008/607/773 1019/606/770 1007/358/776
f 1027/378/777 1022/595/778 1032/594/779
f 1028/596/780 1030/599/781 1033/598/782 1031/597/783
f 1024/314/784 1027/378/777 1030/599/781
f 1020/600/785 1031/597/783 1035/602/786 1021/601/787
f 1030/599/781 1028/596/780 1024/314/784
f 1027/378/777 1032/594/779 1033/598/782 1030/599/781
f 1033/598/782 1036/603/788 1035/602/789 1031/597/783
f 1032/594/779 1034/604/790 1036/603/788 1033/598/782
f 1022/595/778 1023/605/791 1034/604/790 1032/594/779
f 1031/597/783 1020/600/785 1028/596/780
f 1034/604/790 1026/607/792 1037/606/788 1036/603/788
f 1023/605/791 1026/607/793 1034/604/790
f 1036/603/788 1037/606/788 1029/608/794 1035/602/789
f 1035/602/786 1029/608/795 1021/601/787
f 1037/606/788 1025/358/796 1029/608/794
f 1026/607/792 1025/358/796 1037/606/788
f 1002/600/797 1010/596/798 1028/596/799 1020/600/797
f 1003/601/800 1002/600/800 1020/600/800 1021/601/800
f 1005/605/801 1008/607/802 1026/607/803 1023/605/801
f 1004/595/804 1005/605/804 1023/605/804 1022/595/804
f 1006/314/805 1009/378/806 1027/378/807 1024/314/805
f 1007/358/808 1011/608/809 1029/608/810 1025/358/811
f 1008/607/802 1007/358/808 1025/358/811 1026/607/803
f 1009/378/806 1004/595/812 1022/595/812 1027/378/807
f 1010/596/798 1006/314/813 1024/314/813 1028/596/799
f 1011/608/809 1003/601/814 1021/601/814 1029/608/810
f 1045/378/815 1050/594/816 1040/595/817
f 1046/596/818 1049/597/819 1051/598/820 1048/599/821
f 1042/314/822 1048/599/821 1045/378/815
f 1038/600/823 1039/601/824 1053/602/825 1049/597/819
f 1048/599/821 1042/314/822 1046/596/818
f 1045/378/815 1048/599/821 1051/598/820 1050/594/816
f 1051/598/820 1049/597/819 1053/602/825 1054/603/826
f 1050/594/816 1051/598/820 1054/603/826 1052/604/827
f 1040/595/817 1050/594/816 1052/604/827 1041/605/828
f 1049/597/819 1046/596/818 1038/600/823
f 1052/604/827 1054/603/826 1055/606/826 1044/607/829
f 1041/605/828 1052/604/827 1044/607/830
f 1054/603/826 1053/602/825 1047/608/831 1055/606/826
f 1053/602/825 1039/601/824 1047/608/832
f 1055/606/826 1047/608/831 1043/358/833
f 1044/607/829 1055/606/826 1043/358/833
f 1063/378/834 1058/595/835 1068/594/836
f 1064/596/837 1066/599/838 1069/598/839 1067/597/840
f 1060/314/841 1063/378/834 1066/599/838
f 1056/600/842 1067/597/840 1071/602/843 1057/601/844
f 1066/599/838 1064/596/837 1060/314/841
f 1063/378/834 1068/594/836 1069/598/839 1066/599/838
f 1069/598/839 1072/603/845 1071/602/843 1067/597/840
f 1068/594/836 1070/604/846 1072/603/845 1069/598/839
f 1058/595/835 1059/605/847 1070/604/846 1068/594/836
f 1067/597/840 1056/600/842 1064/596/837
f 1070/604/846 1062/607/848 1073/606/849 1072/603/845
f 1059/605/847 1062/607/850 1070/604/846
f 1072/603/845 1073/606/849 1065/608/851 1071/602/843
f 1071/602/843 1065/608/852 1057/601/844
f 1073/606/849 1061/358/853 1065/608/851
f 1062/607/848 1061/358/853 1073/606/849
f 1038/600/854 1046/596/855 1064/596/856 1056/600/857
f 1039/601/858 1038/600/854 1056/600/857 1057/601/858
f 1041/605/859 1044/607/860 1062/607/861 1059/605/859
f 1040/595/862 1041/605/863 1059/605/863 1058/595/864
f 1042/314/865 1045/378/866 1063/378/867 1060/314/865
f 1043/358/868 1047/608/869 1065/608/870 1061/358/868
f 1044/607/860 1043/358/871 1061/358/871 1062/607/861
f 1045/378/866 1040/595/862 1058/595/864 1063/378/867
f 1046/596/855 1042/314/872 1060/314/872 1064/596/856
f 1047/608/869 1039/601/873 1057/601/873 1065/608/870
f 1081/378/874 1086/594/875 1076/595/876
f 1082/596/877 1085/597/878 1087/598/879 1084/599/880
f 1078/314/881 1084/599/880 1081/378/874
f 1074/600/882 1075/601/883 1089/602/884 1085/597/878
f 1084/599/880 1078/314/881 1082/596/877
f 1081/378/874 1084/599/880 1087/598/879 1086/594/875
f 1087/598/879 1085/597/878 1089/602/884 1090/603/885
f 1086/594/875 1087/598/879 1090/603/885 1088/604/886
f 1076/595/876 1086/594/875 1088/604/886 1077/605/887
f 1085/597/878 1082/596/877 1074/600/882
f 1088/604/886 1090/603/885 1091/606/885 1080/607/888
f 1077/605/887 1088/604/886 1080/607/889
f 1090/603/885 1089/602/884 1083/608/890 1091/606/885
f 1089/602/884 1075/601/883 1083/608/891
f 1091/606/885 1083/608/890 1079/358/892
f 1080/607/888 1091/606/885 1079/358/892
f 1099/378/893 1094/595/894 1104/594/895
f 1100/596/896 1102/599/897 1105/598/898 1103/597/899
f 1096/314/900 1099/378/893 1102/599/897
f 1092/600/901 1103/597/899 1107/602/902 1093/601/903
f 1102/599/897 1100/596/896 1096/314/900
f 1099/378/893 1104/594/895 1105/598/898 1102/599/897
f 1105/598/898 1108/603/904 1107/602/902 1103/597/899
f 1104/594/895 1106/604/905 1108/603/904 1105/598/898
f 1094/595/894 1095/605/906 1106/604/905 1104/594/895
f 1103/597/899 1092/600/901 1100/596/896
f 1106/604/905 1098/607/907 1109/606/908 1108/603/904
f 1095/605/906 1098/607/909 1106/604/905
f 1108/603/904 1109/606/908 1101/608/910 1107/602/902
f 1107/602/902 1101/608/911 1093/601/903
f 1109/606/908 1097/358/912 1101/608/910
f 1098/607/907 1097/358/912 1109/606/908
f 1074/600/913 1082/596/914 1100/596/915 1092/600/913
f 1075/601/916 1074/600/916 1092/600/916 1093/601/916
f 1077/605/917 1080/607/918 1098/607/919 1095/605/917
f 1076/595/920 1077/605/921 1095/605/921 1094/595/922
f 1078/314/923 1081/378/924 1099/378/925 1096/314/923
f 1079/358/926 1083/608/927 1101/608/928 1097/358/929
f 1080/607/918 1079/358/926 1097/358/929 1098/607/919
f 1081/378/924 1076/595/920 1094/595/922 1099/378/925
f 1082/596/914 1078/314/930 1096/314/930 1100/596/915
f 1083/608/927 1075/601/931 1093/601/931 1101/608/928
f 1117/378/932 1122/594/933 1112/595/934
f 1118/596/935 1121/597/936 1123/598/937 1120/599/938
f 1114/314/939 1120/599/938 1117/378/932
f 1110/600/940 1111/601/941 1125/602/942 1121/597/936
f 1120/599/938 1114/314/939 1118/596/935
f 1117/378/932 1120/599/938 1123/598/937 1122/594/933
f 1123/598/937 1121/597/936 1125/602/942 1126/603/943
f 1122/594/933 1123/598/937 1126/603/943 1124/604/944
f 1112/595/934 1122/594/933 1124/604/945 1113/605/946
f 1121/597/936 1118/596/935 1110/600/940
f 1124/604/944 1126/603/943 1127/606/943 1116/607/944
f 1113/605/946 1124/604/945 1116/607/947
f 1126/603/943 1125/602/942 1119/608/948 1127/606/943
f 1125/602/942 1111/601/941 1119/608/949
f 1127/606/943 1119/608/948 1115/358/950
f 1116/607/944 1127/606/943 1115/358/950
f 1135/378/951 1130/595/952 1140/594/953
f 1136/596/954 1138/599/955 1141/598/956 1139/597/957
f 1132/314/958 1135/378/951 1138/599/955
f 1128/600/959 1139/597/957 1143/602/960 1129/601/961
f 1138/599/955 1136/596/954 1132/314/958
f 1135/378/951 1140/594/953 1141/598/956 1138/599/955
f 1141/598/956 1144/603/962 1143/602/960 1139/597/957
f 1140/594/953 1142/604/963 1144/603/962 1141/598/956
f 1130/595/952 1131/605/964 1142/604/963 1140/594/953
f 1139/597/957 1128/600/959 1136/596/954
f 1142/604/963 1134/607/965 1145/606/966 1144/603/962
f 1131/605/964 1134/607/967 1142/604/963
f 1144/603/962 1145/606/966 1137/608/968 1143/602/960
f 1143/602/960 1137/608/969 1129/601/961
f 1145/606/966 1133/358/970 1137/608/968
f 1134/607/965 1133/358/970 1145/606/966
f 1110/600/971 1118/596/972 1136/596/973 1128/600/971
f 1111/601/974 1110/600/974 1128/600/974 1129/601/974
f 1113/605/975 1116/607/976 1134/607/977 1131/605/975
f 1112/595/978 1113/605/978 1131/605/978 1130/595/978
f 1114/314/979 1117/378/980 1135/378/981 1132/314/979
f 1115/358/982 1119/608/983 1137/608/984 1133/358/985
f 1116/607/976 1115/358/982 1133/358/985 1134/607/977
f 1117/378/980 1112/595/986 1130/595/986 1135/378/981
f 1118/596/972 1114/314/987 1132/314/987 1136/596/973
f 1119/608/983 1111/601/988 1129/601/988 1137/608/984
f 1153/378/989 1158/594/990 1148/595/991
f 1154/596/992 1157/597/993 1159/598/994 1156/599/995
f 1150/314/996 1156/599/997 1153/378/998
f 1146/600/999 1147/601/1000 1161/602/1001 1157/597/993
f 1156/599/997 1150/314/996 1154/596/1002
f 1153/378/989 1156/599/995 1159/598/994 1158/594/990
f 1159/598/994 1157/597/993 1161/602/1003 1162/603/1004
f 1158/594/990 1159/598/994 1162/603/1004 1160/604/1005
f 1148/595/991 1158/594/990 1160/604/1006 1149/605/1007
f 1157/597/993 1154/596/992 1146/600/999
f 1160/604/1005 1162/603/1004 1163/606/1004 1152/607/1005
f 1149/605/1007 1160/604/1006 1152/607/1008
f 1162/603/1004 1161/602/1003 1155/608/1003 1163/606/1004
f 1161/602/1001 1147/601/1000 1155/608/1009
f 1163/606/1004 1155/608/1003 1151/358/1010
f 1152/607/1005 1163/606/1004 1151/358/1010
f 1171/378/1011 1166/595/1012 1176/594/1013
f 1172/596/1014 1174/599/1015 1177/598/1016 1175/597/1017
f 1168/314/1018 1171/378/1019 1174/599/1020
f 1164/600/1021 1175/597/1017 1179/602/1022 1165/601/1023
f 1174/599/1020 1172/596/1024 1168/314/1018
f 1171/378/1011 1176/594/1013 1177/598/1016 1174/599/1015
f 1177/598/1016 1180/603/1025 1179/602/1026 1175/597/1017
f 1176/594/1013 1178/604/1027 1180/603/1025 1177/598/1016
f 1166/595/1012 1167/605/1028 1178/604/1029 1176/594/1013
f 1175/597/1017 1164/600/1021 1172/596/1014
f 1178/604/1027 1170/607/1030 1181/606/1031 1180/603/1025
f 1167/605/1028 1170/607/1032 1178/604/1029
f 1180/603/1025 1181/606/1031 1173/608/1033 1179/602/1026
f 1179/602/1022 1173/608/1034 1165/601/1023
f 1181/606/1031 1169/358/1035 1173/608/1033
f 1170/607/1030 1169/358/1035 1181/606/1031
f 1146/600/1036 1154/596/1037 1172/596/1038 1164/600/1036
f 1147/601/1039 1146/600/1039 1164/600/1039 1165/601/1039
f 1149/605/1040 1152/607/1041 1170/607/1042 1167/605/1040
f 1148/595/1043 1149/605/1043 1167/605/1043 1166/595/1043
f 1150/314/1044 1153/378/1045 1171/378/1046 1168/314/1044
f 1151/358/1047 1155/608/1048 1173/608/1049 1169/358/1050
f 1152/607/1041 1151/358/1047 1169/358/1050 1170/607/1042
f 1153/378/1045 1148/595/1051 1166/595/1051 1171/378/1046
f 1154/596/1037 1150/314/1052 1168/314/1052 1172/596/1038
f 1155/608/1048 1147/601/1053 1165/601/1053 1173/608/1049
f 1189/378/1054 1194/594/1055 1184/595/1056
f 1190/596/1057 1193/597/1058 1195/598/1059 1192/599/1060
f 1186/314/1061 1192/599/1060 1189/378/1054
f 1182/600/1062 1183/601/1063 1197/602/1064 1193/597/1058
f 1192/599/1060 1186/314/1061 1190/596/1057
f 1189/378/1054 1192/599/1060 1195/598/1059 1194/594/1055
f 1195/598/1059 1193/597/1058 1197/602/1064 1198/603/1065
f 1194/594/1055 1195/598/1059 1198/603/1065 1196/604/1066
f 1184/595/1056 1194/594/1055 1196/604/1067 1185/605/1068
f 1193/597/1058 1190/596/1057 1182/600/1062
f 1196/604/1066 1198/603/1065 1199/606/1065 1188/607/1066
f 1185/605/1068 1196/604/1067 1188/607/1069
f 1198/603/1065 1197/602/1064 1191/608/1070 1199/606/1065
f 1197/602/1064 1183/601/1063 1191/608/1071
f 1199/606/1065 1191/608/1070 1187/358/1072
f 1188/607/1066 1199/606/1065 1187/358/1072
f 1207/378/1073 1202/595/1074 1212/594/1075
f 1208/596/1076 1210/599/1077 1213/598/1078 1211/597/1079
f 1204/314/1080 1207/378/1073 1210/599/1077
f 1200/600/1081 1211/597/1079 1215/602/1082 1201/601/1083
f 1210/599/1077 1208/596/1076 1204/314/1080
f 1207/378/1073 1212/594/1075 1213/598/1078 1210/599/1077
f 1213/598/1078 1216/603/1084 1215/602/1082 1211/597/1079
f 1212/594/1075 1214/604/1085 1216/603/1084 1213/598/1078
f 1202/595/1074 1203/605/1086 1214/604/1087 1212/594/1075
f 1211/597/1079 1200/600/1081 1208/596/1076
f 1214/604/1085 1206/607/1088 1217/606/1084 1216/603/1084
f 1203/605/1086 1206/607/1089 1214/604/1087
f 1216/603/1084 1217/606/1084 1209/608/1090 1215/602/1082
f 1215/602/1082 1209/608/1091 1201/601/1083
f 1217/606/1084 1205/358/1092 1209/608/1090
f 1206/607/1088 1205/358/1092 1217/606/1084
f 1182/600/1093 1190/596/1094 1208/596/1095 1200/600/1093
f 1183/601/1096 1182/600/1096 1200/600/1096 1201/601/1096
f 1185/605/1097 1188/607/1098 1206/607/1099 1203/605/1097
f 1184/595/1100 1185/605/1100 1203/605/1100 1202/595/1100
f 1186/314/1101 1189/378/1102 1207/378/1103 1204/314/1101
f 1187/358/1104 1191/608/1105 1209/608/1106 1205/358/1107
f 1188/607/1098 1187/358/1104 1205/358/1107 1206/607/1099
f 1189/378/1102 1184/595/1108 1202/595/1108 1207/378/1103
f 1190/596/1094 1186/314/1109 1204/314/1109 1208/596/1095
f 1191/608/1105 1183/601/1110 1201/601/1110 1209/608/1106
f 1225/378/1111 1230/594/1112 1220/595/1113
f 1226/596/1114 1229/597/1115 1231/598/1116 1228/599/1117
f 1222/314/1118 1228/599/1117 1225/378/1111
f 1218/600/1119 1219/601/1120 1233/602/1121 1229/597/1115
f 1228/599/1117 1222/314/1118 1226/596/1114
f 1225/378/1111 1228/599/1117 1231/598/1116 1230/594/1112
f 1231/598/1116 1229/597/1115 1233/602/1121 1234/603/1122
f 1230/594/1112 1231/598/1116 1234/603/1122 1232/604/1123
f 1220/595/1113 1230/594/1112 1232/604/1123 1221/605/1124
f 1229/597/1115 1226/596/1114 1218/600/1119
f 1232/604/1123 1234/603/1122 1235/606/1122 1224/607/1125
f 1221/605/1124 1232/604/1123 1224/607/1126
f 1234/603/1122 1233/602/1121 1227/608/1127 1235/606/1122
f 1233/602/1121 1219/601/1120 1227/608/1128
f 1235/606/1122 1227/608/1127 1223/358/1129
f 1224/607/1125 1235/606/1122 1223/358/1129
f 1243/378/1130 1238/595/1131 1248/594/1132
f 1244/596/1133 1246/599/1134 1249/598/1135 1247/597/1136
f 1240/314/1137 1243/378/1130 1246/599/1134
f 1236/600/1138 1247/597/1136 1251/602/1139 1237/601/1140
f 1246/599/1134 1244/596/1133 1240/314/1137
f 1243/378/1130 1248/594/1132 1249/598/1135 1246/599/1134
f 1249/598/1135 1252/603/1141 1251/602/1139 1247/597/1136
f 1248/594/1132 1250/604/1142 1252/603/1141 1249/598/1135
f 1238/595/1131 1239/605/1143 1250/604/1142 1248/594/1132
f 1247/597/1136 1236/600/1138 1244/596/1133
f 1250/604/1142 1242/607/1144 1253/606/1141 1252/603/1141
f 1239/605/1143 1242/607/1145 1250/604/1142
f 1252/603/1141 1253/606/1141 1245/608/1146 1251/602/1139
f 1251/602/1139 1245/608/1147 1237/601/1140
f 1253/606/1141 1241/358/1148 1245/608/1146
f 1242/607/1144 1241/358/1148 1253/606/1141
f 1218/600/1149 1226/596/1150 1244/596/1151 1236/600/1149
f 1219/601/1152 1218/600/1152 1236/600/1152 1237/601/1152
f 1221/605/1153 1224/607/1154 1242/607/1155 1239/605/1153
f 1220/595/1156 1221/605/1156 1239/605/1156 1238/595/1156
f 1222/314/1157 1225/378/1158 1243/378/1159 1240/314/1157
f 1223/358/1160 1227/608/1161 1245/608/1162 1241/358/1163
f 1224/607/1154 1223/358/1160 1241/358/1163 1242/607/1155
f 1225/378/1158 1220/595/1164 1238/595/1164 1243/378/1159
f 1226/596/1150 1222/314/1165 1240/314/1165 1244/596/1151
f 1227/608/1161 1219/601/1166 1237/601/1166 1245/608/1162
f 1261/378/1167 1266/594/1168 1256/595/1169
f 1262/596/1170 1265/597/1171 1267/598/1172 1264/599/1173
f 1258/314/1174 1264/599/1173 1261/378/1167
f 1254/600/1175 1255/601/1176 1269/602/1177 1265/597/1171
f 1264/599/1173 1258/314/1174 1262/596/1170
f 1261/378/1167 1264/599/1173 1267/598/1172 1266/594/1168
f 1267/598/1172 1265/597/1171 1269/602/1177 1270/603/1178
f 1266/594/1168 1267/598/1172 1270/603/1178 1268/604/1179
f 1256/595/1169 1266/594/1168 1268/604/1180 1257/605/1181
f 1265/597/1171 1262/596/1170 1254/600/1175
f 1268/604/1179 1270/603/1178 1271/606/1178 1260/607/1179
f 1257/605/1181 1268/604/1180 1260/607/1182
f 1270/603/1178 1269/602/1177 1263/608/1183 1271/606/1178
f 1269/602/1177 1255/601/1176 1263/608/1184
f 1271/606/1178 1263/608/1183 1259/358/1185
f 1260/607/1179 1271/606/1178 1259/358/1185
f 1279/378/1186 1274/595/1187 1284/594/1188
f 1280/596/1189 1282/599/1190 1285/598/1191 1283/597/1192
f 1276/314/1193 1279/378/1186 1282/599/1190
f 1272/600/1194 1283/597/1192 1287/602/1195 1273/601/1196
f 1282/599/1190 1280/596/1189 1276/314/1193
f 1279/378/1186 1284/594/1188 1285/598/1191 1282/599/1190
f 1285/598/1191 1288/603/1197 1287/602/1195 1283/597/1192
f 1284/594/1188 1286/604/1198 1288/603/1197 1285/598/1191
f 1274/595/1187 1275/605/1199 1286/604/1200 1284/594/1188
f 1283/597/1192 1272/600/1194 1280/596/1189
f 1286/604/1198 1278/607/1198 1289/606/1201 1288/603/1197
f 1275/605/1199 1278/607/1202 1286/604/1200
f 1288/603/1197 1289/606/1201 1281/608/1203 1287/602/1195
f 1287/602/1195 1281/608/1204 1273/601/1196
f 1289/606/1201 1277/358/1205 1281/608/1203
f 1278/607/1198 1277/358/1205 1289/606/1201
f 1254/600/1206 1262/596/1207 1280/596/1208 1272/600/1206
f 1255/601/1209 1254/600/1209 1272/600/1209 1273/601/1209
f 1257/605/1210 1260/607/1211 1278/607/1212 1275/605/1210
f 1256/595/1213 1257/605/1213 1275/605/1213 1274/595/1213
f 1258/314/1214 1261/378/1215 1279/378/1216 1276/314/1214
f 1259/358/1217 1263/608/1218 1281/608/1219 1277/358/1220
f 1260/607/1211 1259/358/1217 1277/358/1220 1278/607/1212
f 1261/378/1215 1256/595/1221 1274/595/1221 1279/378/1216
f 1262/596/1207 1258/314/1222 1276/314/1222 1280/596/1208
f 1263/608/1218 1255/601/1223 1273/601/1223 1281/608/1219
f 1297/378/1224 1302/594/1225 1292/595/1226
f 1298/596/1227 1301/597/1228 1303/598/1229 1300/599/1230
f 1294/314/1231 1300/599/1230 1297/378/1224
f 1290/600/1232 1291/601/1233 1305/602/1234 1301/597/1228
f 1300/599/1230 1294/314/1231 1298/596/1227
f 1297/378/1224 1300/599/1230 1303/598/1229 1302/594/1225
f 1303/598/1229 1301/597/1228 1305/602/1235 1306/603/1236
f 1302/594/1225 1303/598/1229 1306/603/1236 1304/604/1237
f 1292/595/1226 1302/594/1225 1304/604/1238 1293/605/1239
f 1301/597/1228 1298/596/1227 1290/600/1232
f 1304/604/1237 1306/603/1236 1307/606/1236 1296/607/1237
f 1293/605/1239 1304/604/1238 1296/607/1240
f 1306/603/1236 1305/602/1235 1299/608/1235 1307/606/1236
f 1305/602/1234 1291/601/1233 1299/608/1241
f 1307/606/1236 1299/608/1235 1295/358/1236
f 1296/607/1237 1307/606/1236 1295/358/1236
f 1315/378/1242 1310/595/1243 1320/594/1244
f 1316/596/1245 1318/599/1246 1321/598/1247 1319/597/1248
f 1312/314/1249 1315/378/1242 1318/599/1246
f 1308/600/1250 1319/597/1248 1323/602/1251 1309/601/1252
f 1318/599/1246 1316/596/1245 1312/314/1249
f 1315/378/1242 1320/594/1244 1321/598/1247 1318/599/1246
f 1321/598/1247 1324/603/1253 1323/602/1254 1319/597/1248
f 1320/594/1244 1322/604/1255 1324/603/1253 1321/598/1247
f 1310/595/1243 1311/605/1256 1322/604/1257 1320/594/1244
f 1319/597/1248 1308/600/1250 1316/596/1245
f 1322/604/1255 1314/607/1258 1325/606/1259 1324/603/1253
f 1311/605/1256 1314/607/1260 1322/604/1257
f 1324/603/1253 1325/606/1259 1317/608/1261 1323/602/1254
f 1323/602/1251 1317/608/1262 1309/601/1252
f 1325/606/1259 1313/358/1263 1317/608/1261
f 1314/607/1258 1313/358/1263 1325/606/1259
f 1290/600/1264 1298/596/1265 1316/596/1266 1308/600/1264
f 1291/601/1267 1290/600/1267 1308/600/1267 1309/601/1267
f 1293/605/1268 1296/607/1269 1314/607/1270 1311/605/1268
f 1292/595/1271 1293/605/1271 1311/605/1271 1310/595/1271
f 1294/314/1272 1297/378/1273 1315/378/1274 1312/314/1272
f 1295/358/1275 1299/608/1276 1317/608/1277 1313/358/1275
f 1296/607/1269 1295/358/1275 1313/358/1275 1314/607/1270
f 1297/378/1273 1292/595/1278 1310/595/1278 1315/378/1274
f 1298/596/1265 1294/314/1279 1312/314/1279 1316/596/1266
f 1299/608/1276 1291/601/1280 1309/601/1280 1317/608/1277
f 1333/378/1281 1338/594/1282 1328/595/1283
f 1334/596/1284 1337/597/1285 1339/598/1286 1336/599/1287
f 1330/314/1288 1336/599/1287 1333/378/1281
f 1326/600/1289 1327/601/1290 1341/602/1291 1337/597/1285
f 1336/599/1287 1330/314/1288 1334/596/1284
f 1333/378/1281 1336/599/1287 1339/598/1286 1338/594/1282
f 1339/598/1286 1337/597/1285 1341/602/1291 1342/603/1292
f 1338/594/1282 1339/598/1286 1342/603/1292 1340/604/1293
f 1328/595/1283 1338/594/1282 1340/604/1293 1329/605/1294
f 1337/597/1285 1334/596/1284 1326/600/1289
f 1340/604/1293 1342/603/1292 1343/606/1292 1332/607/1295
f 1329/605/1294 1340/604/1293 1332/607/1296
f 1342/603/1292 1341/602/1291 1335/608/1297 1343/606/1292
f 1341/602/1291 1327/601/1290 1335/608/1298
f 1343/606/1292 1335/608/1297 1331/358/1299
f 1332/607/1295 1343/606/1292 1331/358/1299
f 1351/378/1300 1346/595/1301 1356/594/1302
f 1352/596/1303 1354/599/1304 1357/598/1305 1355/597/1306
f 1348/314/1307 1351/378/1300 1354/599/1304
f 1344/600/1308 1355/597/1306 1359/602/1309 1345/601/1310
f 1354/599/1304 1352/596/1303 1348/314/1307
f 1351/378/1300 1356/594/1302 1357/598/1305 1354/599/1304
f 1357/598/1305 1360/603/1311 1359/602/1309 1355/597/1306
f 1356/594/1302 1358/604/1312 1360/603/1311 1357/598/1305
f 1346/595/1301 1347/605/1313 1358/604/1312 1356/594/1302
f 1355/597/1306 1344/600/1308 1352/596/1303
f 1358/604/1312 1350/607/1314 1361/606/1315 1360/603/1311
f 1347/605/1313 1350/607/1316 1358/604/1312
f 1360/603/1311 1361/606/1315 1353/608/1317 1359/602/1309
f 1359/602/1309 1353/608/1318 1345/601/1310
f 1361/606/1315 1349/358/1319 1353/608/1317
f 1350/607/1314 1349/358/1319 1361/606/1315
f 1326/600/1320 1334/596/1321 1352/596/1322 1344/600/1320
f 1327/601/1323 1326/600/1323 1344/600/1323 1345/601/1323
f 1329/605/1324 1332/607/1325 1350/607/1326 1347/605/1324
f 1328/595/1327 1329/605/1327 1347/605/1327 1346/595/1327
f 1330/314/1328 1333/378/1329 1351/378/1330 1348/314/1328
f 1331/358/1331 1335/608/1332 1353/608/1333 1349/358/1334
f 1332/607/1325 1331/358/1331 1349/358/1334 1350/607/1326
f 1333/378/1329 1328/595/1335 1346/595/1335 1351/378/1330
f 1334/596/1321 1330/314/1336 1348/314/1336 1352/596/1322
f 1335/608/1332 1327/601/1337 1345/601/1337 1353/608/1333
f 1362/358/1338 1363/605/1338 1365/609/1339 1364/610/1339
f 1364/610/1339 1365/609/1339 1367/611/1340 1366/612/1340
f 1366/612/1340 1367/611/1340 1369/613/1341 1368/614/1341
f 1368/614/1341 1369/613/1341 1371/615/1342 1370/616/1342
f 1370/616/1342 1371/615/1342 1373/617/1343 1372/618/1343
f 1372/618/1343 1373/617/1343 1375/619/1344 1374/620/1344
f 1374/620/1344 1375/619/1344 1377/621/1345 1376/622/1345
f 1376/622/1345 1377/621/1345 1379/623/1346 1378/103/1346
f 1378/103/1346 1379/623/1346 1381/624/1347 1380/143/1347
f 1380/143/1347 1381/624/1347 1383/625/1348 1382/415/1348
f 1382/415/1348 1383/625/1348 1385/626/1349 1384/318/1349
f 1384/318/1349 1385/626/1349 1387/627/1350 1386/20/1350
f 1386/20/1350 1387/627/1350 1389/628/1351 1388/19/1351
f 1388/19/1351 1389/628/1351 1391/629/1352 1390/375/1352
f 1390/375/1352 1391/629/1352 1393/630/1353 1392/167/1353
f 1392/167/1353 1393/630/1353 1395/631/1354 1394/632/1354
f 1394/632/1354 1395/631/1354 1397/633/1355 1396/634/1355
f 1396/634/1355 1397/633/1355 1399/635/1356 1398/636/1356
f 1398/636/1356 1399/635/1356 1401/637/1357 1400/638/1357
f 1400/638/1357 1401/637/1357 1403/639/1358 1402/640/1358
f 1402/640/1358 1403/639/1358 1405/641/1359 1404/642/1359
f 1404/642/1359 1405/641/1359 1407/643/1360 1406/644/1360
f 1406/644/1360 1407/643/1360 1409/645/1361 1408/646/1361
f 1408/646/1361 1409/645/1361 1411/647/1362 1410/648/1362
f 1410/648/1362 1411/647/1362 1413/649/1363 1412/650/1363
f 1412/650/1363 1413/649/1363 1415/651/1364 1414/652/1364
f 1414/652/1364 1415/651/1364 1417/653/1365 1416/654/1365
f 1416/654/1365 1417/653/1365 1419/655/1366 1418/656/1366
f 1418/656/1366 1419/655/1366 1421/657/1367 1420/658/1367
f 1420/658/1367 1421/657/1367 1423/659/1368 1422/660/1368
f 1365/661/1 1363/662/1 1425/663/1 1423/664/1 1421/665/1 1419/666/1 1417/667/1 1415/668/1 1413/669/1 1411/670/1 1409/671/1 1407/672/1 1405/673/1 1403/674/1 1401/675/1 1399/676/1 1397/677/1 1395/678/1 1393/679/1 1391/680/1 1389/681/1 1387/682/1 1385/683/1 1383/684/1 1381/685/1 1379/686/1 1377/687/1 1375/688/1 1373/689/1 1371/690/1 1369/691/1 1367/692/1
f 1422/660/1368 1423/659/1368 1425/693/1369 1424/694/1369
f 1424/694/1369 1425/693/1369 1363/595/1338 1362/314/1338
f 1362/695/1370 1364/696/1370 1366/697/1370 1368/698/1370 1370/699/1370 1372/700/1370 1374/701/1370 1376/702/1370 1378/703/1370 1380/704/1370 1382/705/1370 1384/706/1370 1386/707/1370 1388/708/1370 1390/709/1370 1392/710/1370 1394/711/1370 1396/712/1370 1398/713/1370 1400/714/1370 1402/715/1370 1404/716/1370 1406/717/1370 1408/718/1370 1410/719/1370 1412/720/1370 1414/721/1370 1416/722/1370 1418/723/1370 1420/724/1370 1422/725/1370 1424/726/1370
f 1426/632/1346 1438/727/1371 1439/728/1372 1427/729/1373
f 1427/729/1373 1439/728/1372 1440/730/1374 1428/731/1342
f 1428/731/1375 1440/730/1376 1441/732/1377 1429/733/1375
f 1429/733/1378 1441/732/1379 1442/734/1380 1430/735/1378
f 1430/735/1366 1442/734/1381 1443/736/1382 1431/737/1383
f 1431/737/1383 1443/736/1382 1444/738/1384 1432/631/1362
f 1432/739/1362 1444/740/1384 1445/741/1385 1433/742/1386
f 1433/742/1386 1445/741/1385 1446/743/1387 1434/744/1358
f 1434/744/1388 1446/743/1389 1447/745/1390 1435/746/1388
f 1435/746/1391 1447/745/1392 1448/747/1393 1436/748/1391
f 1436/748/1350 1448/747/1394 1449/749/1395 1437/750/1396
f 1437/750/1396 1449/749/1395 1438/727/1371 1426/632/1346
f 1438/727/1371 1450/751/1397 1451/752/1398 1439/728/1372
f 1439/728/1372 1451/752/1398 1452/753/1399 1440/730/1374
f 1440/730/1376 1452/753/1400 1453/754/1401 1441/732/1377
f 1441/732/1379 1453/754/1402 1454/755/1403 1442/734/1380
f 1442/734/1381 1454/755/1404 1455/756/1405 1443/736/1382
f 1443/736/1382 1455/756/1405 1456/757/1406 1444/738/1384
f 1444/740/1384 1456/758/1406 1457/759/1407 1445/741/1385
f 1445/741/1385 1457/759/1407 1458/760/1408 1446/743/1387
f 1446/743/1389 1458/760/1409 1459/761/1410 1447/745/1390
f 1447/745/1392 1459/761/1411 1460/762/1412 1448/747/1393
f 1448/747/1394 1460/762/1413 1461/763/1414 1449/749/1395
f 1449/749/1395 1461/763/1414 1450/751/1397 1438/727/1371
f 1450/751/1397 1462/375/1415 1463/764/1416 1451/752/1398
f 1451/752/1398 1463/764/1416 1464/765/1417 1452/753/1399
f 1452/753/1400 1464/765/1418 1465/766/1419 1453/754/1401
f 1453/754/1402 1465/766/1420 1466/767/1421 1454/755/1403
f 1454/755/1404 1466/767/1422 1467/768/1423 1455/756/1405
f 1455/756/1405 1467/768/1423 1468/629/1424 1456/757/1406
f 1456/758/1406 1468/769/1424 1469/770/1425 1457/759/1407
f 1457/759/1407 1469/770/1425 1470/771/1426 1458/760/1408
f 1458/760/1409 1470/771/1427 1471/772/1428 1459/761/1410
f 1459/761/1411 1471/772/1429 1472/773/1430 1460/762/1412
f 1460/762/1413 1472/773/1431 1473/774/1432 1461/763/1414
f 1461/763/1414 1473/774/1432 1462/375/1415 1450/751/1397
f 1462/375/1415 1474/775/1433 1475/776/1434 1463/764/1416
f 1463/764/1416 1475/776/1434 1476/777/1435 1464/765/1417
f 1464/765/1418 1476/777/1436 1477/778/1437 1465/766/1419
f 1465/766/1420 1477/778/1438 1478/779/1439 1466/767/1421
f 1466/767/1422 1478/779/1440 1479/780/1441 1467/768/1423
f 1467/768/1423 1479/780/1441 1480/781/1442 1468/629/1424
f 1468/769/1424 1480/782/1442 1481/783/1443 1469/770/1425
f 1469/770/1425 1481/783/1443 1482/784/1444 1470/771/1426
f 1470/771/1427 1482/784/1445 1483/785/1446 1471/772/1428
f 1471/772/1429 1483/785/1447 1484/786/1448 1472/773/1430
f 1472/773/1431 1484/786/1449 1485/787/1450 1473/774/1432
f 1473/774/1432 1485/787/1450 1474/775/1433 1462/375/1415
f 1474/775/1433 1486/788/1451 1487/789/1452 1475/776/1434
f 1475/776/1434 1487/789/1452 1488/790/1453 1476/777/1435
f 1476/777/1436 1488/790/1454 1489/791/1455 1477/778/1437
f 1477/778/1438 1489/791/1456 1490/792/1457 1478/779/1439
f 1478/779/1440 1490/792/1458 1491/793/1459 1479/780/1441
f 1479/780/1441 1491/793/1459 1492/794/1460 1480/781/1442
f 1480/782/1442 1492/795/1460 1493/796/1461 1481/783/1443
f 1481/783/1443 1493/796/1461 1494/797/1462 1482/784/1444
f 1482/784/1445 1494/797/1463 1495/798/1464 1483/785/1446
f 1483/785/1447 1495/798/1465 1496/799/1466 1484/786/1448
f 1484/786/1449 1496/799/1467 1497/800/1468 1485/787/1450
f 1485/787/1450 1497/800/1468 1486/788/1451 1474/775/1433
f 1486/788/1451 1498/20/1469 1499/801/1470 1487/789/1452
f 1487/789/1452 1499/801/1470 1500/802/1471 1488/790/1453
f 1488/790/1454 1500/802/1472 1501/89/1473 1489/791/1455
f 1489/791/1456 1501/89/1474 1502/803/1475 1490/792/1457
f 1490/792/1458 1502/803/1476 1503/804/1477 1491/793/1459
f 1491/793/1459 1503/804/1477 1504/627/1478 1492/794/1460
f 1492/795/1460 1504/805/1478 1505/806/1479 1493/796/1461
f 1493/796/1461 1505/806/1479 1506/807/1480 1494/797/1462
f 1494/797/1463 1506/807/1481 1507/808/1482 1495/798/1464
f 1495/798/1465 1507/808/1483 1508/809/1484 1496/799/1466
f 1496/799/1467 1508/809/1485 1509/810/1486 1497/800/1468
f 1497/800/1468 1509/810/1486 1498/20/1469 1486/788/1451
f 1498/20/1469 1510/811/1487 1511/812/1488 1499/801/1470
f 1499/801/1470 1511/812/1488 1512/813/1489 1500/802/1471
f 1500/802/1472 1512/813/1490 1513/814/1491 1501/89/1473
f 1501/89/1474 1513/814/1492 1514/815/1493 1502/803/1475
f 1502/803/1476 1514/815/1494 1515/816/1495 1503/804/1477
f 1503/804/1477 1515/816/1495 1516/817/1496 1504/627/1478
f 1504/805/1478 1516/818/1496 1517/819/1497 1505/806/1479
f 1505/806/1479 1517/819/1497 1518/820/1498 1506/807/1480
f 1506/807/1481 1518/820/1499 1519/821/1500 1507/808/1482
f 1507/808/1483 1519/821/1501 1520/822/1502 1508/809/1484
f 1508/809/1485 1520/822/1503 1521/823/1504 1509/810/1486
f 1509/810/1486 1521/823/1504 1510/811/1487 1498/20/1469
f 1510/811/1487 1522/824/1505 1523/825/1506 1511/812/1488
f 1511/812/1488 1523/825/1506 1524/826/1507 1512/813/1489
f 1512/813/1490 1524/826/1508 1525/827/1509 1513/814/1491
f 1513/814/1492 1525/827/1510 1526/828/1511 1514/815/1493
f 1514/815/1494 1526/828/1512 1527/829/1513 1515/816/1495
f 1515/816/1495 1527/829/1513 1528/830/1514 1516/817/1496
f 1516/818/1496 1528/831/1514 1529/832/1515 1517/819/1497
f 1517/819/1497 1529/832/1515 1530/833/1516 1518/820/1498
f 1518/820/1499 1530/833/1517 1531/834/1518 1519/821/1500
f 1519/821/1501 1531/834/1519 1532/835/1520 1520/822/1502
f 1520/822/1503 1532/835/1521 1533/836/1522 1521/823/1504
f 1521/823/1504 1533/836/1522 1522/824/1505 1510/811/1487
f 1522/824/1505 1534/415/1523 1535/837/1524 1523/825/1506
f 1523/825/1506 1535/837/1524 1536/838/1525 1524/826/1507
f 1524/826/1508 1536/838/1526 1537/839/1527 1525/827/1509
f 1525/827/1510 1537/839/1528 1538/840/1529 1526/828/1511
f 1526/828/1512 1538/840/1530 1539/841/1531 1527/829/1513
f 1527/829/1513 1539/841/1531 1540/625/1532 1528/830/1514
f 1528/831/1514 1540/842/1532 1541/843/1533 1529/832/1515
f 1529/832/1515 1541/843/1533 1542/844/1534 1530/833/1516
f 1530/833/1517 1542/844/1535 1543/845/1536 1531/834/1518
f 1531/834/1519 1543/845/1537 1544/846/1538 1532/835/1520
f 1532/835/1521 1544/846/1539 1545/847/1540 1533/836/1522
f 1533/836/1522 1545/847/1540 1534/415/1523 1522/824/1505
f 1534/415/1523 1546/848/1541 1547/849/1542 1535/837/1524
f 1535/837/1524 1547/849/1542 1548/850/1543 1536/838/1525
f 1536/838/1526 1548/850/1544 1549/851/1545 1537/839/1527
f 1537/839/1528 1549/851/1546 1550/852/1547 1538/840/1529
f 1538/840/1530 1550/852/1548 1551/853/1549 1539/841/1531
f 1539/841/1531 1551/853/1549 1552/854/1550 1540/625/1532
f 1540/842/1532 1552/855/1550 1553/856/1551 1541/843/1533
f 1541/843/1533 1553/856/1551 1554/857/1552 1542/844/1534
f 1542/844/1535 1554/857/1553 1555/858/1554 1543/845/1536
f 1543/845/1537 1555/858/1555 1556/859/1556 1544/846/1538
f 1544/846/1539 1556/859/1557 1557/860/1558 1545/847/1540
f 1545/847/1540 1557/860/1558 1546/848/1541 1534/415/1523
f 1546/848/1541 1558/861/1559 1559/862/1560 1547/849/1542
f 1547/849/1542 1559/862/1560 1560/863/1561 1548/850/1543
f 1548/850/1544 1560/863/1562 1561/864/1563 1549/851/1545
f 1549/851/1546 1561/864/1564 1562/865/1565 1550/852/1547
f 1550/852/1548 1562/865/1566 1563/866/1567 1551/853/1549
f 1551/853/1549 1563/866/1567 1564/867/1568 1552/854/1550
f 1552/855/1550 1564/868/1568 1565/869/1569 1553/856/1551
f 1553/856/1551 1565/869/1569 1566/870/1570 1554/857/1552
f 1554/857/1553 1566/870/1571 1567/871/1572 1555/858/1554
f 1555/858/1555 1567/871/1573 1568/872/1574 1556/859/1556
f 1556/859/1557 1568/872/1575 1569/873/1576 1557/860/1558
f 1557/860/1558 1569/873/1576 1558/861/1559 1546/848/1541
f 1558/861/1559 1570/103/1370 1571/874/1577 1559/862/1560
f 1559/862/1560 1571/874/1577 1572/875/1578 1560/863/1561
f 1560/863/1562 1572/875/1579 1573/876/1579 1561/864/1563
f 1561/864/1564 1573/876/1580 1574/877/1580 1562/865/1565
f 1562/865/1566 1574/877/1581 1575/878/1582 1563/866/1567
f 1563/866/1567 1575/878/1582 1576/623/1 1564/867/1568
f 1564/868/1568 1576/879/1 1577/880/1583 1565/869/1569
f 1565/869/1569 1577/880/1583 1578/881/1584 1566/870/1570
f 1566/870/1571 1578/881/1585 1579/882/1585 1567/871/1572
f 1567/871/1573 1579/882/1586 1580/883/1586 1568/872/1574
f 1568/872/1575 1580/883/1587 1581/884/1588 1569/873/1576
f 1569/873/1576 1581/884/1588 1570/103/1370 1558/861/1559
f 1570/103/1370 1582/885/1589 1583/886/1590 1571/874/1577
f 1571/874/1577 1583/886/1590 1584/887/1591 1572/875/1578
f 1572/875/1579 1584/887/1592 1585/888/1593 1573/876/1579
f 1573/876/1580 1585/888/1594 1586/889/1595 1574/877/1580
f 1574/877/1581 1586/889/1596 1587/890/1597 1575/878/1582
f 1575/878/1582 1587/890/1597 1588/891/1598 1576/623/1
f 1576/879/1 1588/892/1598 1589/893/1599 1577/880/1583
f 1577/880/1583 1589/893/1599 1590/894/1600 1578/881/1584
f 1578/881/1585 1590/894/1601 1591/895/1602 1579/882/1585
f 1579/882/1586 1591/895/1603 1592/896/1604 1580/883/1586
f 1580/883/1587 1592/896/1605 1593/897/1606 1581/884/1588
f 1581/884/1588 1593/897/1606 1582/885/1589 1570/103/1370
f 1582/885/1589 1594/898/1607 1595/899/1608 1583/886/1590
f 1583/886/1590 1595/899/1608 1596/900/1609 1584/887/1591
f 1584/887/1592 1596/900/1610 1597/901/1611 1585/888/1593
f 1585/888/1594 1597/901/1612 1598/902/1613 1586/889/1595
f 1586/889/1596 1598/902/1614 1599/903/1615 1587/890/1597
f 1587/890/1597 1599/903/1615 1600/904/1616 1588/891/1598
f 1588/892/1598 1600/905/1616 1601/906/1617 1589/893/1599
f 1589/893/1599 1601/906/1617 1602/907/1618 1590/894/1600
f 1590/894/1601 1602/907/1619 1603/908/1620 1591/895/1602
f 1591/895/1603 1603/908/1621 1604/909/1622 1592/896/1604
f 1592/896/1605 1604/909/1623 1605/910/1624 1593/897/1606
f 1593/897/1606 1605/910/1624 1594/898/1607 1582/885/1589
f 1594/898/1607 1606/620/1625 1607/911/1626 1595/899/1608
f 1595/899/1608 1607/911/1626 1608/912/1627 1596/900/1609
f 1596/900/1610 1608/912/1628 1609/913/1629 1597/901/1611
f 1597/901/1612 1609/913/1630 1610/914/1631 1598/902/1613
f 1598/902/1614 1610/914/1632 1611/915/1633 1599/903/1615
f 1599/903/1615 1611/915/1633 1612/619/1634 1600/904/1616
f 1600/905/1616 1612/916/1634 1613/917/1635 1601/906/1617
f 1601/906/1617 1613/917/1635 1614/918/1636 1602/907/1618
f 1602/907/1619 1614/918/1637 1615/919/1638 1603/908/1620
f 1603/908/1621 1615/919/1639 1616/920/1640 1604/909/1622
f 1604/909/1623 1616/920/1641 1617/921/1642 1605/910/1624
f 1605/910/1624 1617/921/1642 1606/620/1625 1594/898/1607
f 1606/620/1625 1618/922/1643 1619/923/1644 1607/911/1626
f 1607/911/1626 1619/923/1644 1620/924/1645 1608/912/1627
f 1608/912/1628 1620/924/1646 1621/925/1647 1609/913/1629
f 1609/913/1630 1621/925/1648 1622/926/1649 1610/914/1631
f 1610/914/1632 1622/926/1650 1623/927/1651 1611/915/1633
f 1611/915/1633 1623/927/1651 1624/928/1652 1612/619/1634
f 1612/916/1634 1624/929/1652 1625/930/1653 1613/917/1635
f 1613/917/1635 1625/930/1653 1626/931/1654 1614/918/1636
f 1614/918/1637 1626/931/1655 1627/932/1656 1615/919/1638
f 1615/919/1639 1627/932/1657 1628/933/1658 1616/920/1640
f 1616/920/1641 1628/933/1659 1629/934/1660 1617/921/1642
f 1617/921/1642 1629/934/1660 1618/922/1643 1606/620/1625
f 1618/922/1643 1630/935/1661 1631/936/1662 1619/923/1644
f 1619/923/1644 1631/936/1662 1632/937/1663 1620/924/1645
f 1620/924/1646 1632/937/1664 1633/938/1665 1621/925/1647
f 1621/925/1648 1633/938/1666 1634/939/1667 1622/926/1649
f 1622/926/1650 1634/939/1668 1635/940/1669 1623/927/1651
f 1623/927/1651 1635/940/1669 1636/941/1670 1624/928/1652
f 1624/929/1652 1636/942/1670 1637/943/1671 1625/930/1653
f 1625/930/1653 1637/943/1671 1638/944/1672 1626/931/1654
f 1626/931/1655 1638/944/1673 1639/945/1674 1627/932/1656
f 1627/932/1657 1639/945/1675 1640/946/1676 1628/933/1658
f 1628/933/1659 1640/946/1677 1641/947/1678 1629/934/1660
f 1629/934/1660 1641/947/1678 1630/935/1661 1618/922/1643
f 1630/935/1661 1642/616/1679 1643/948/1680 1631/936/1662
f 1631/936/1662 1643/948/1680 1644/949/1681 1632/937/1663
f 1632/937/1664 1644/949/1682 1645/950/1683 1633/938/1665
f 1633/938/1666 1645/950/1684 1646/951/1685 1634/939/1667
f 1634/939/1668 1646/951/1686 1647/952/1687 1635/940/1669
f 1635/940/1669 1647/952/1687 1648/615/1688 1636/941/1670
f 1636/942/1670 1648/953/1688 1649/954/1689 1637/943/1671
f 1637/943/1671 1649/954/1689 1650/955/1690 1638/944/1672
f 1638/944/1673 1650/955/1691 1651/956/1692 1639/945/1674
f 1639/945/1675 1651/956/1693 1652/957/1694 1640/946/1676
f 1640/946/1677 1652/957/1695 1653/958/1696 1641/947/1678
f 1641/947/1678 1653/958/1696 1642/616/1679 1630/935/1661
f 1642/616/1679 1654/959/1697 1655/960/1698 1643/948/1680
f 1643/948/1680 1655/960/1698 1656/961/1699 1644/949/1681
f 1644/949/1682 1656/961/1700 1657/962/1701 1645/950/1683
f 1645/950/1684 1657/962/1702 1658/963/1703 1646/951/1685
f 1646/951/1686 1658/963/1704 1659/964/1705 1647/952/1687
f 1647/952/1687 1659/964/1705 1660/965/1706 1648/615/1688
f 1648/953/1688 1660/966/1706 1661/967/1707 1649/954/1689
f 1649/954/1689 1661/967/1707 1662/968/1708 1650/955/1690
f 1650/955/1691 1662/968/1709 1663/969/1710 1651/956/1692
f 1651/956/1693 1663/969/1711 1664/970/1712 1652/957/1694
f 1652/957/1695 1664/970/1713 1665/971/1714 1653/958/1696
f 1653/958/1696 1665/971/1714 1654/959/1697 1642/616/1679
f 1654/959/1697 1666/972/1715 1667/973/1716 1655/960/1698
f 1655/960/1698 1667/973/1716 1668/974/1717 1656/961/1699
f 1656/961/1700 1668/974/1718 1669/975/1719 1657/962/1701
f 1657/962/1702 1669/975/1720 1670/976/1721 1658/963/1703
f 1658/963/1704 1670/976/1722 1671/977/1723 1659/964/1705
f 1659/964/1705 1671/977/1723 1672/978/1724 1660/965/1706
f 1660/966/1706 1672/979/1724 1673/980/1725 1661/967/1707
f 1661/967/1707 1673/980/1725 1674/981/1726 1662/968/1708
f 1662/968/1709 1674/981/1727 1675/982/1728 1663/969/1710
f 1663/969/1711 1675/982/1729 1676/983/1730 1664/970/1712
f 1664/970/1713 1676/983/1731 1677/984/1732 1665/971/1714
f 1665/971/1714 1677/984/1732 1666/972/1715 1654/959/1697
f 1666/972/1715 1678/612/1733 1679/985/1734 1667/973/1716
f 1667/973/1716 1679/985/1734 1680/986/1735 1668/974/1717
f 1668/974/1718 1680/986/1736 1681/987/1737 1669/975/1719
f 1669/975/1720 1681/987/1738 1682/988/1739 1670/976/1721
f 1670/976/1722 1682/988/1740 1683/989/1741 1671/977/1723
f 1671/977/1723 1683/989/1741 1684/611/1742 1672/978/1724
f 1672/979/1724 1684/990/1742 1685/991/1743 1673/980/1725
f 1673/980/1725 1685/991/1743 1686/992/1744 1674/981/1726
f 1674/981/1727 1686/992/1745 1687/993/1746 1675/982/1728
f 1675/982/1729 1687/993/1747 1688/994/1748 1676/983/1730
f 1676/983/1731 1688/994/1749 1689/995/1750 1677/984/1732
f 1677/984/1732 1689/995/1750 1678/612/1733 1666/972/1715
f 1678/612/1733 1690/996/1751 1691/997/1752 1679/985/1734
f 1679/985/1734 1691/997/1752 1692/998/1753 1680/986/1735
f 1680/986/1736 1692/998/1754 1693/999/1755 1681/987/1737
f 1681/987/1738 1693/999/1756 1694/1000/1757 1682/988/1739
f 1682/988/1740 1694/1000/1758 1695/1001/1759 1683/989/1741
f 1683/989/1741 1695/1001/1759 1696/1002/1760 1684/611/1742
f 1684/990/1742 1696/1003/1760 1697/1004/1761 1685/991/1743
f 1685/991/1743 1697/1004/1761 1698/1005/1762 1686/992/1744
f 1686/992/1745 1698/1005/1763 1699/1006/1764 1687/993/1746
f 1687/993/1747 1699/1006/1765 1700/1007/1766 1688/994/1748
f 1688/994/1749 1700/1007/1767 1701/1008/1768 1689/995/1750
f 1689/995/1750 1701/1008/1768 1690/996/1751 1678/612/1733
f 1690/996/1751 1702/1009/1769 1703/1010/1770 1691/997/1752
f 1691/997/1752 1703/1010/1770 1704/1011/1771 1692/998/1753
f 1692/998/1754 1704/1011/1772 1705/1012/1773 1693/999/1755
f 1693/999/1756 1705/1012/1774 1706/1013/1775 1694/1000/1757
f 1694/1000/1758 1706/1013/1776 1707/1014/1777 1695/1001/1759
f 1695/1001/1759 1707/1014/1777 1708/1015/1778 1696/1002/1760
f 1696/1003/1760 1708/1016/1778 1709/1017/1779 1697/1004/1761
f 1697/1004/1761 1709/1017/1779 1710/1018/1780 1698/1005/1762
f 1698/1005/1763 1710/1018/1781 1711/1019/1782 1699/1006/1764
f 1699/1006/1765 1711/1019/1783 1712/1020/1784 1700/1007/1766
f 1700/1007/1767 1712/1020/1785 1713/1021/1786 1701/1008/1768
f 1701/1008/1768 1713/1021/1786 1702/1009/1769 1690/996/1751
f 1702/1009/1769 1714/358/1362 1715/1022/1787 1703/1010/1770
f 1703/1010/1770 1715/1022/1787 1716/1023/1366 1704/1011/1771
f 1704/1011/1772 1716/1023/1378 1717/607/1378 1705/1012/1773
f 1705/1012/1774 1717/607/1375 1718/1024/1375 1706/1013/1775
f 1706/1013/1776 1718/1024/1342 1719/1025/1788 1707/1014/1777
f 1707/1014/1777 1719/1025/1788 1720/605/1346 1708/1015/1778
f 1708/1016/1778 1720/1026/1346 1721/1027/1789 1709/1017/1779
f 1709/1017/1779 1721/1027/1789 1722/1028/1350 1710/1018/1780
f 1710/1018/1781 1722/1028/1391 1723/608/1391 1711/1019/1782
f 1711/1019/1783 1723/608/1388 1724/1029/1388 1712/1020/1784
f 1712/1020/1785 1724/1029/1358 1725/1030/1790 1713/1021/1786
f 1713/1021/1786 1725/1030/1790 1714/358/1362 1702/1009/1769
f 1714/1031/1362 1726/1032/1791 1727/1033/1792 1715/1034/1787
f 1715/1034/1787 1727/1033/1792 1728/1035/1793 1716/1036/1366
f 1716/1036/1378 1728/1035/1379 1729/1037/1380 1717/1038/1378
f 1717/1038/1375 1729/1037/1376 1730/1039/1377 1718/1040/1375
f 1718/1040/1342 1730/1039/1794 1731/1041/1795 1719/1042/1788
f 1719/1042/1788 1731/1041/1795 1732/1043/1796 1720/1044/1346
f 1720/1045/1346 1732/1046/1796 1733/1047/1797 1721/1048/1789
f 1721/1048/1789 1733/1047/1797 1734/1049/1798 1722/1050/1350
f 1722/1050/1391 1734/1049/1392 1735/1051/1393 1723/1052/1391
f 1723/1052/1388 1735/1051/1389 1736/1053/1390 1724/1054/1388
f 1724/1054/1358 1736/1053/1799 1737/1055/1800 1725/1056/1790
f 1725/1056/1790 1737/1055/1800 1726/1032/1791 1714/1031/1362
f 1726/1032/1791 1738/1057/1801 1739/1058/1802 1727/1033/1792
f 1727/1033/1792 1739/1058/1802 1740/1059/1803 1728/1035/1793
f 1728/1035/1379 1740/1059/1402 1741/1060/1403 1729/1037/1380
f 1729/1037/1376 1741/1060/1400 1742/1061/1401 1730/1039/1377
f 1730/1039/1794 1742/1061/1804 1743/1062/1805 1731/1041/1795
f 1731/1041/1795 1743/1062/1805 1744/1063/1806 1732/1043/1796
f 1732/1046/1796 1744/1064/1806 1745/1065/1807 1733/1047/1797
f 1733/1047/1797 1745/1065/1807 1746/1066/1808 1734/1049/1798
f 1734/1049/1392 1746/1066/1411 1747/1067/1412 1735/1051/1393
f 1735/1051/1389 1747/1067/1409 1748/1068/1410 1736/1053/1390
f 1736/1053/1799 1748/1068/1809 1749/1069/1810 1737/1055/1800
f 1737/1055/1800 1749/1069/1810 1738/1057/1801 1726/1032/1791
f 1738/1057/1801 1750/660/1811 1751/1070/1812 1739/1058/1802
f 1739/1058/1802 1751/1070/1812 1752/1071/1813 1740/1059/1803
f 1740/1059/1402 1752/1071/1420 1753/1072/1421 1741/1060/1403
f 1741/1060/1400 1753/1072/1418 1754/1073/1419 1742/1061/1401
f 1742/1061/1804 1754/1073/1814 1755/1074/1815 1743/1062/1805
f 1743/1062/1805 1755/1074/1815 1756/659/1816 1744/1063/1806
f 1744/1064/1806 1756/1075/1816 1757/1076/1817 1745/1065/1807
f 1745/1065/1807 1757/1076/1817 1758/1077/1818 1746/1066/1808
f 1746/1066/1411 1758/1077/1429 1759/1078/1430 1747/1067/1412
f 1747/1067/1409 1759/1078/1427 1760/1079/1428 1748/1068/1410
f 1748/1068/1809 1760/1079/1819 1761/1080/1820 1749/1069/1810
f 1749/1069/1810 1761/1080/1820 1750/660/1811 1738/1057/1801
f 1750/660/1811 1762/1081/1821 1763/1082/1822 1751/1070/1812
f 1751/1070/1812 1763/1082/1822 1764/1083/1823 1752/1071/1813
f 1752/1071/1420 1764/1083/1438 1765/1084/1439 1753/1072/1421
f 1753/1072/1418 1765/1084/1436 1766/1085/1437 1754/1073/1419
f 1754/1073/1814 1766/1085/1824 1767/1086/1825 1755/1074/1815
f 1755/1074/1815 1767/1086/1825 1768/1087/1826 1756/659/1816
f 1756/1075/1816 1768/1088/1826 1769/1089/1827 1757/1076/1817
f 1757/1076/1817 1769/1089/1827 1770/1090/1828 1758/1077/1818
f 1758/1077/1429 1770/1090/1447 1771/1091/1448 1759/1078/1430
f 1759/1078/1427 1771/1091/1445 1772/1092/1446 1760/1079/1428
f 1760/1079/1819 1772/1092/1829 1773/1093/1830 1761/1080/1820
f 1761/1080/1820 1773/1093/1830 1762/1081/1821 1750/660/1811
f 1762/1081/1821 1774/1094/1831 1775/1095/1832 1763/1082/1822
f 1763/1082/1822 1775/1095/1832 1776/1096/1833 1764/1083/1823
f 1764/1083/1438 1776/1096/1456 1777/1097/1834 1765/1084/1439
f 1765/1084/1436 1777/1097/1454 1778/1098/1455 1766/1085/1437
f 1766/1085/1824 1778/1098/1835 1779/1099/1836 1767/1086/1825
f 1767/1086/1825 1779/1099/1836 1780/1100/1837 1768/1087/1826
f 1768/1088/1826 1780/1101/1837 1781/1102/1838 1769/1089/1827
f 1769/1089/1827 1781/1102/1838 1782/1103/1839 1770/1090/1828
f 1770/1090/1447 1782/1103/1465 1783/1104/1466 1771/1091/1448
f 1771/1091/1445 1783/1104/1840 1784/1105/1464 1772/1092/1446
f 1772/1092/1829 1784/1105/1841 1785/1106/1842 1773/1093/1830
f 1773/1093/1830 1785/1106/1842 1774/1094/1831 1762/1081/1821
f 1774/1094/1831 1786/656/1843 1787/1107/1844 1775/1095/1832
f 1775/1095/1832 1787/1107/1844 1788/1108/1845 1776/1096/1833
f 1776/1096/1456 1788/1108/1474 1789/1109/1475 1777/1097/1834
f 1777/1097/1454 1789/1109/1472 1790/1110/1473 1778/1098/1455
f 1778/1098/1835 1790/1110/1846 1791/1111/1847 1779/1099/1836
f 1779/1099/1836 1791/1111/1847 1792/655/1848 1780/1100/1837
f 1780/1101/1837 1792/1112/1848 1793/1113/1849 1781/1102/1838
f 1781/1102/1838 1793/1113/1849 1794/1114/1850 1782/1103/1839
f 1782/1103/1465 1794/1114/1483 1795/1115/1484 1783/1104/1466
f 1783/1104/1840 1795/1115/1481 1796/1116/1482 1784/1105/1464
f 1784/1105/1841 1796/1116/1851 1797/1117/1852 1785/1106/1842
f 1785/1106/1842 1797/1117/1852 1786/656/1843 1774/1094/1831
f 1786/656/1843 1798/1118/1853 1799/1119/1854 1787/1107/1844
f 1787/1107/1844 1799/1119/1854 1800/1120/1855 1788/1108/1845
f 1788/1108/1474 1800/1120/1492 1801/1121/1493 1789/1109/1475
f 1789/1109/1472 1801/1121/1490 1802/1122/1491 1790/1110/1473
f 1790/1110/1846 1802/1122/1856 1803/1123/1857 1791/1111/1847
f 1791/1111/1847 1803/1123/1857 1804/1124/1858 1792/655/1848
f 1792/1112/1848 1804/1125/1858 1805/1126/1859 1793/1113/1849
f 1793/1113/1849 1805/1126/1859 1806/1127/1860 1794/1114/1850
f 1794/1114/1483 1806/1127/1501 1807/1128/1502 1795/1115/1484
f 1795/1115/1481 1807/1128/1499 1808/1129/1500 1796/1116/1482
f 1796/1116/1851 1808/1129/1861 1809/1130/1862 1797/1117/1852
f 1797/1117/1852 1809/1130/1862 1798/1118/1853 1786/656/1843
f 1798/1118/1853 1810/1131/1863 1811/1132/1864 1799/1119/1854
f 1799/1119/1854 1811/1132/1864 1812/1133/1865 1800/1120/1855
f 1800/1120/1492 1812/1133/1510 1813/1134/1511 1801/1121/1493
f 1801/1121/1490 1813/1134/1508 1814/1135/1509 1802/1122/1491
f 1802/1122/1856 1814/1135/1866 1815/1136/1867 1803/1123/1857
f 1803/1123/1857 1815/1136/1867 1816/1137/1868 1804/1124/1858
f 1804/1125/1858 1816/1138/1868 1817/1139/1869 1805/1126/1859
f 1805/1126/1859 1817/1139/1869 1818/1140/1870 1806/1127/1860
f 1806/1127/1501 1818/1140/1519 1819/1141/1520 1807/1128/1502
f 1807/1128/1499 1819/1141/1517 1820/1142/1518 1808/1129/1500
f 1808/1129/1861 1820/1142/1871 1821/1143/1872 1809/1130/1862
f 1809/1130/1862 1821/1143/1872 1810/1131/1863 1798/1118/1853
f 1810/1131/1863 1822/652/1873 1823/1144/1874 1811/1132/1864
f 1811/1132/1864 1823/1144/1874 1824/1145/1875 1812/1133/1865
f 1812/1133/1510 1824/1145/1528 1825/1146/1529 1813/1134/1511
f 1813/1134/1508 1825/1146/1526 1826/1147/1527 1814/1135/1509
f 1814/1135/1866 1826/1147/1876 1827/1148/1877 1815/1136/1867
f 1815/1136/1867 1827/1148/1877 1828/651/1878 1816/1137/1868
f 1816/1138/1868 1828/1149/1878 1829/1150/1879 1817/1139/1869
f 1817/1139/1869 1829/1150/1879 1830/1151/1880 1818/1140/1870
f 1818/1140/1519 1830/1151/1537 1831/1152/1538 1819/1141/1520
f 1819/1141/1517 1831/1152/1535 1832/1153/1536 1820/1142/1518
f 1820/1142/1871 1832/1153/1881 1833/1154/1882 1821/1143/1872
f 1821/1143/1872 1833/1154/1882 1822/652/1873 1810/1131/1863
f 1822/652/1873 1834/1155/1883 1835/1156/1884 1823/1144/1874
f 1823/1144/1874 1835/1156/1884 1836/1157/1885 1824/1145/1875
f 1824/1145/1528 1836/1157/1546 1837/1158/1547 1825/1146/1529
f 1825/1146/1526 1837/1158/1544 1838/1159/1545 1826/1147/1527
f 1826/1147/1876 1838/1159/1886 1839/1160/1887 1827/1148/1877
f 1827/1148/1877 1839/1160/1887 1840/1161/1888 1828/651/1878
f 1828/1149/1878 1840/1162/1888 1841/1163/1889 1829/1150/1879
f 1829/1150/1879 1841/1163/1889 1842/1164/1890 1830/1151/1880
f 1830/1151/1537 1842/1164/1555 1843/1165/1556 1831/1152/1538
f 1831/1152/1535 1843/1165/1553 1844/1166/1554 1832/1153/1536
f 1832/1153/1881 1844/1166/1891 1845/1167/1892 1833/1154/1882
f 1833/1154/1882 1845/1167/1892 1834/1155/1883 1822/652/1873
f 1834/1155/1883 1846/1168/1893 1847/1169/1894 1835/1156/1884
f 1835/1156/1884 1847/1169/1894 1848/1170/1895 1836/1157/1885
f 1836/1157/1546 1848/1170/1564 1849/1171/1565 1837/1158/1547
f 1837/1158/1544 1849/1171/1562 1850/1172/1563 1838/1159/1545
f 1838/1159/1886 1850/1172/1896 1851/1173/1897 1839/1160/1887
f 1839/1160/1887 1851/1173/1897 1852/1174/1898 1840/1161/1888
f 1840/1162/1888 1852/1175/1898 1853/1176/1899 1841/1163/1889
f 1841/1163/1889 1853/1176/1899 1854/1177/1900 1842/1164/1890
f 1842/1164/1555 1854/1177/1573 1855/1178/1574 1843/1165/1556
f 1843/1165/1553 1855/1178/1571 1856/1179/1572 1844/1166/1554
f 1844/1166/1891 1856/1179/1901 1857/1180/1902 1845/1167/1892
f 1845/1167/1892 1857/1180/1902 1846/1168/1893 1834/1155/1883
f 1846/1168/1893 1858/648/1 1859/1181/1903 1847/1169/1894
f 1847/1169/1894 1859/1181/1903 1860/1182/1581 1848/1170/1895
f 1848/1170/1564 1860/1182/1580 1861/1183/1580 1849/1171/1565
f 1849/1171/1562 1861/1183/1579 1862/1184/1579 1850/1172/1563
f 1850/1172/1896 1862/1184/1578 1863/1185/1904 1851/1173/1897
f 1851/1173/1897 1863/1185/1904 1864/647/1370 1852/1174/1898
f 1852/1175/1898 1864/1186/1370 1865/1187/1905 1853/1176/1899
f 1853/1176/1899 1865/1187/1905 1866/1188/1587 1854/1177/1900
f 1854/1177/1573 1866/1188/1586 1867/1189/1586 1855/1178/1574
f 1855/1178/1571 1867/1189/1585 1868/1190/1585 1856/1179/1572
f 1856/1179/1901 1868/1190/1584 1869/1191/1906 1857/1180/1902
f 1857/1180/1902 1869/1191/1906 1858/648/1 1846/1168/1893
f 1858/648/1 1870/1192/1907 1871/1193/1908 1859/1181/1903
f 1859/1181/1903 1871/1193/1908 1872/1194/1909 1860/1182/1581
f 1860/1182/1580 1872/1194/1594 1873/1195/1595 1861/1183/1580
f 1861/1183/1579 1873/1195/1592 1874/1196/1593 1862/1184/1579
f 1862/1184/1578 1874/1196/1910 1875/1197/1911 1863/1185/1904
f 1863/1185/1904 1875/1197/1911 1876/1198/1912 1864/647/1370
f 1864/1186/1370 1876/1199/1912 1877/1200/1913 1865/1187/1905
f 1865/1187/1905 1877/1200/1913 1878/1201/1914 1866/1188/1587
f 1866/1188/1586 1878/1201/1603 1879/1202/1604 1867/1189/1586
f 1867/1189/1585 1879/1202/1601 1880/1203/1602 1868/1190/1585
f 1868/1190/1584 1880/1203/1915 1881/1204/1916 1869/1191/1906
f 1869/1191/1906 1881/1204/1916 1870/1192/1907 1858/648/1
f 1870/1192/1907 1882/1205/1917 1883/1206/1918 1871/1193/1908
f 1871/1193/1908 1883/1206/1918 1884/1207/1919 1872/1194/1909
f 1872/1194/1594 1884/1207/1612 1885/1208/1613 1873/1195/1595
f 1873/1195/1592 1885/1208/1610 1886/1209/1611 1874/1196/1593
f 1874/1196/1910 1886/1209/1920 1887/1210/1921 1875/1197/1911
f 1875/1197/1911 1887/1210/1921 1888/1211/1922 1876/1198/1912
f 1876/1199/1912 1888/1212/1922 1889/1213/1923 1877/1200/1913
f 1877/1200/1913 1889/1213/1923 1890/1214/1924 1878/1201/1914
f 1878/1201/1603 1890/1214/1621 1891/1215/1622 1879/1202/1604
f 1879/1202/1601 1891/1215/1619 1892/1216/1620 1880/1203/1602
f 1880/1203/1915 1892/1216/1925 1893/1217/1926 1881/1204/1916
f 1881/1204/1916 1893/1217/1926 1882/1205/1917 1870/1192/1907
f 1882/1205/1917 1894/644/1927 1895/1218/1928 1883/1206/1918
f 1883/1206/1918 1895/1218/1928 1896/1219/1929 1884/1207/1919
f 1884/1207/1612 1896/1219/1630 1897/1220/1631 1885/1208/1613
f 1885/1208/1610 1897/1220/1628 1898/1221/1629 1886/1209/1611
f 1886/1209/1920 1898/1221/1930 1899/1222/1931 1887/1210/1921
f 1887/1210/1921 1899/1222/1931 1900/643/1932 1888/1211/1922
f 1888/1212/1922 1900/1223/1932 1901/1224/1933 1889/1213/1923
f 1889/1213/1923 1901/1224/1933 1902/1225/1934 1890/1214/1924
f 1890/1214/1621 1902/1225/1639 1903/1226/1640 1891/1215/1622
f 1891/1215/1619 1903/1226/1637 1904/1227/1638 1892/1216/1620
f 1892/1216/1925 1904/1227/1935 1905/1228/1936 1893/1217/1926
f 1893/1217/1926 1905/1228/1936 1894/644/1927 1882/1205/1917
f 1894/644/1927 1906/1229/1937 1907/1230/1938 1895/1218/1928
f 1895/1218/1928 1907/1230/1938 1908/1231/1939 1896/1219/1929
f 1896/1219/1630 1908/1231/1648 1909/1232/1649 1897/1220/1631
f 1897/1220/1628 1909/1232/1646 1910/1233/1647 1898/1221/1629
f 1898/1221/1930 1910/1233/1940 1911/1234/1941 1899/1222/1931
f 1899/1222/1931 1911/1234/1941 1912/1235/1942 1900/643/1932
f 1900/1223/1932 1912/1236/1942 1913/1237/1943 1901/1224/1933
f 1901/1224/1933 1913/1237/1943 1914/1238/1944 1902/1225/1934
f 1902/1225/1639 1914/1238/1657 1915/1239/1658 1903/1226/1640
f 1903/1226/1637 1915/1239/1655 1916/1240/1656 1904/1227/1638
f 1904/1227/1935 1916/1240/1945 1917/1241/1946 1905/1228/1936
f 1905/1228/1936 1917/1241/1946 1906/1229/1937 1894/644/1927
f 1906/1229/1937 1918/1242/1947 1919/1243/1948 1907/1230/1938
f 1907/1230/1938 1919/1243/1948 1920/1244/1949 1908/1231/1939
f 1908/1231/1648 1920/1244/1666 1921/1245/1667 1909/1232/1649
f 1909/1232/1646 1921/1245/1664 1922/1246/1665 1910/1233/1647
f 1910/1233/1940 1922/1246/1950 1923/1247/1951 1911/1234/1941
f 1911/1234/1941 1923/1247/1951 1924/1248/1952 1912/1235/1942
f 1912/1236/1942 1924/1249/1952 1925/1250/1953 1913/1237/1943
f 1913/1237/1943 1925/1250/1953 1926/1251/1954 1914/1238/1944
f 1914/1238/1657 1926/1251/1675 1927/1252/1676 1915/1239/1658
f 1915/1239/1655 1927/1252/1673 1928/1253/1674 1916/1240/1656
f 1916/1240/1945 1928/1253/1955 1929/1254/1956 1917/1241/1946
f 1917/1241/1946 1929/1254/1956 1918/1242/1947 1906/1229/1937
f 1918/1242/1947 1930/640/1957 1931/1255/1958 1919/1243/1948
f 1919/1243/1948 1931/1255/1958 1932/1256/1959 1920/1244/1949
f 1920/1244/1666 1932/1256/1684 1933/1257/1685 1921/1245/1667
f 1921/1245/1664 1933/1257/1682 1934/1258/1683 1922/1246/1665
f 1922/1246/1950 1934/1258/1960 1935/1259/1961 1923/1247/1951
f 1923/1247/1951 1935/1259/1961 1936/639/1962 1924/1248/1952
f 1924/1249/1952 1936/1260/1962 1937/1261/1963 1925/1250/1953
f 1925/1250/1953 1937/1261/1963 1938/1262/1964 1926/1251/1954
f 1926/1251/1675 1938/1262/1693 1939/1263/1694 1927/1252/1676
f 1927/1252/1673 1939/1263/1691 1940/1264/1692 1928/1253/1674
f 1928/1253/1955 1940/1264/1965 1941/1265/1966 1929/1254/1956
f 1929/1254/1956 1941/1265/1966 1930/640/1957 1918/1242/1947
f 1930/640/1957 1942/1266/1967 1943/1267/1968 1931/1255/1958
f 1931/1255/1958 1943/1267/1968 1944/1268/1969 1932/1256/1959
f 1932/1256/1684 1944/1268/1702 1945/1269/1703 1933/1257/1685
f 1933/1257/1682 1945/1269/1700 1946/1270/1970 1934/1258/1683
f 1934/1258/1960 1946/1270/1971 1947/1271/1972 1935/1259/1961
f 1935/1259/1961 1947/1271/1972 1948/1272/1973 1936/639/1962
f 1936/1260/1962 1948/1273/1973 1949/1274/1974 1937/1261/1963
f 1937/1261/1963 1949/1274/1974 1950/1275/1975 1938/1262/1964
f 1938/1262/1693 1950/1275/1711 1951/1276/1712 1939/1263/1694
f 1939/1263/1691 1951/1276/1709 1952/1277/1710 1940/1264/1692
f 1940/1264/1965 1952/1277/1976 1953/1278/1977 1941/1265/1966
f 1941/1265/1966 1953/1278/1977 1942/1266/1967 1930/640/1957
f 1942/1266/1967 1954/1279/1978 1955/1280/1979 1943/1267/1968
f 1943/1267/1968 1955/1280/1979 1956/1281/1980 1944/1268/1969
f 1944/1268/1702 1956/1281/1720 1957/1282/1721 1945/1269/1703
f 1945/1269/1700 1957/1282/1718 1958/1283/1719 1946/1270/1970
f 1946/1270/1971 1958/1283/1981 1959/1284/1982 1947/1271/1972
f 1947/1271/1972 1959/1284/1982 1960/1285/1983 1948/1272/1973
f 1948/1273/1973 1960/1286/1983 1961/1287/1984 1949/1274/1974
f 1949/1274/1974 1961/1287/1984 1962/1288/1985 1950/1275/1975
f 1950/1275/1711 1962/1288/1729 1963/1289/1730 1951/1276/1712
f 1951/1276/1709 1963/1289/1727 1964/1290/1728 1952/1277/1710
f 1952/1277/1976 1964/1290/1986 1965/1291/1987 1953/1278/1977
f 1953/1278/1977 1965/1291/1987 1954/1279/1978 1942/1266/1967
f 1954/1279/1978 1966/636/1988 1967/1292/1989 1955/1280/1979
f 1955/1280/1979 1967/1292/1989 1968/1293/1990 1956/1281/1980
f 1956/1281/1720 1968/1293/1738 1969/1294/1739 1957/1282/1721
f 1957/1282/1718 1969/1294/1736 1970/1295/1737 1958/1283/1719
f 1958/1283/1981 1970/1295/1991 1971/1296/1992 1959/1284/1982
f 1959/1284/1982 1971/1296/1992 1972/635/1993 1960/1285/1983
f 1960/1286/1983 1972/1297/1993 1973/1298/1994 1961/1287/1984
f 1961/1287/1984 1973/1298/1994 1974/1299/1995 1962/1288/1985
f 1962/1288/1729 1974/1299/1747 1975/1300/1748 1963/1289/1730
f 1963/1289/1727 1975/1300/1745 1976/1301/1746 1964/1290/1728
f 1964/1290/1986 1976/1301/1996 1977/1302/1997 1965/1291/1987
f 1965/1291/1987 1977/1302/1997 1966/636/1988 1954/1279/1978
f 1966/636/1988 1978/1303/1998 1979/1304/1999 1967/1292/1989
f 1967/1292/1989 1979/1304/1999 1980/1305/2000 1968/1293/1990
f 1968/1293/1738 1980/1305/1756 1981/1306/1757 1969/1294/1739
f 1969/1294/1736 1981/1306/1754 1982/1307/1755 1970/1295/1737
f 1970/1295/1991 1982/1307/2001 1983/1308/2002 1971/1296/1992
f 1971/1296/1992 1983/1308/2002 1984/1309/2003 1972/635/1993
f 1972/1297/1993 1984/1310/2003 1985/1311/2004 1973/1298/1994
f 1973/1298/1994 1985/1311/2004 1986/1312/2005 1974/1299/1995
f 1974/1299/1747 1986/1312/1765 1987/1313/1766 1975/1300/1748
f 1975/1300/1745 1987/1313/1763 1988/1314/1764 1976/1301/1746
f 1976/1301/1996 1988/1314/2006 1989/1315/2007 1977/1302/1997
f 1977/1302/1997 1989/1315/2007 1978/1303/1998 1966/636/1988
f 1978/1303/1998 1990/1316/2008 1991/1317/2009 1979/1304/1999
f 1979/1304/1999 1991/1317/2009 1992/1318/2010 1980/1305/2000
f 1980/1305/1756 1992/1318/1774 1993/1319/1775 1981/1306/1757
f 1981/1306/1754 1993/1319/1772 1994/1320/1773 1982/1307/1755
f 1982/1307/2001 1994/1320/2011 1995/1321/2012 1983/1308/2002
f 1983/1308/2002 1995/1321/2012 1996/1322/2013 1984/1309/2003
f 1984/1310/2003 1996/1323/2013 1997/1324/2014 1985/1311/2004
f 1985/1311/2004 1997/1324/2014 1998/1325/2015 1986/1312/2005
f 1986/1312/1765 1998/1325/1783 1999/1326/1784 1987/1313/1766
f 1987/1313/1763 1999/1326/1781 2000/1327/1782 1988/1314/1764
f 1988/1314/2006 2000/1327/2016 2001/1328/2017 1989/1315/2007
f 1989/1315/2007 2001/1328/2017 1990/1316/2008 1978/1303/1998
f 1990/1316/2008 1426/632/1346 1427/729/1373 1991/1317/2009
f 1991/1317/2009 1427/729/1373 1428/731/1342 1992/1318/2010
f 1992/1318/1774 1428/731/1375 1429/733/1375 1993/1319/1775
f 1993/1319/1772 1429/733/1378 1430/735/1378 1994/1320/1773
f 1994/1320/2011 1430/735/1366 1431/737/1383 1995/1321/2012
f 1995/1321/2012 1431/737/1383 1432/631/1362 1996/1322/2013
f 1996/1323/2013 1432/739/1362 1433/742/1386 1997/1324/2014
f 1997/1324/2014 1433/742/1386 1434/744/1358 1998/1325/2015
f 1998/1325/1783 1434/744/1388 1435/746/1388 1999/1326/1784
f 1999/1326/1781 1435/746/1391 1436/748/1391 2000/1327/1782
f 2000/1327/2016 1436/748/1350 1437/750/1396 2001/1328/2017
f 2001/1328/2017 1437/750/1396 1426/632/1346 1990/1316/2008
f 2009/378/2018 2014/594/2019 2004/595/2020
f 2010/596/2021 2013/597/2022 2015/598/2023 2012/599/2024
f 2006/314/2025 2012/599/2024 2009/378/2018
f 2002/600/2026 2003/601/2027 2017/602/2028 2013/597/2022
f 2012/599/2024 2006/314/2025 2010/596/2021
f 2009/378/2018 2012/599/2024 2015/598/2023 2014/594/2019
f 2015/598/2023 2013/597/2022 2017/602/2029 2018/603/2030
f 2014/594/2019 2015/598/2023 2018/603/2030 2016/604/2031
f 2004/595/2020 2014/594/2019 2016/604/2032 2005/605/2033
f 2013/597/2022 2010/596/2021 2002/600/2026
f 2016/604/2031 2018/603/2030 2019/606/2030 2008/607/2031
f 2005/605/2033 2016/604/2032 2008/607/2034
f 2018/603/2030 2017/602/2029 2011/608/2029 2019/606/2030
f 2017/602/2028 2003/601/2027 2011/608/2035
f 2019/606/2030 2011/608/2029 2007/358/2030
f 2008/607/2031 2019/606/2030 2007/358/2030
f 2027/378/2036 2022/595/2037 2032/594/2038
f 2028/596/2039 2030/599/2040 2033/598/2041 2031/597/2042
f 2024/314/2043 2027/378/2036 2030/599/2040
f 2020/600/2044 2031/597/2042 2035/602/2045 2021/601/2046
f 2030/599/2040 2028/596/2039 2024/314/2043
f 2027/378/2036 2032/594/2038 2033/598/2041 2030/599/2040
f 2033/598/2041 2036/603/2047 2035/602/2048 2031/597/2042
f 2032/594/2038 2034/604/2049 2036/603/2047 2033/598/2041
f 2022/595/2037 2023/605/2050 2034/604/2051 2032/594/2038
f 2031/597/2042 2020/600/2044 2028/596/2039
f 2034/604/2049 2026/607/2052 2037/606/2053 2036/603/2047
f 2023/605/2050 2026/607/2054 2034/604/2051
f 2036/603/2047 2037/606/2053 2029/608/2055 2035/602/2048
f 2035/602/2045 2029/608/2056 2021/601/2046
f 2037/606/2053 2025/358/2057 2029/608/2055
f 2026/607/2052 2025/358/2057 2037/606/2053
f 2002/600/2058 2010/596/2059 2028/596/2060 2020/600/2058
f 2003/601/2061 2002/600/2061 2020/600/2061 2021/601/2061
f 2005/605/2062 2008/607/2063 2026/607/2064 2023/605/2062
f 2004/595/2065 2005/605/2065 2023/605/2065 2022/595/2065
f 2006/314/2066 2009/378/2067 2027/378/2068 2024/314/2066
f 2007/358/2069 2011/608/2070 2029/608/2071 2025/358/2069
f 2008/607/2063 2007/358/2069 2025/358/2069 2026/607/2064
f 2009/378/2067 2004/595/2072 2022/595/2072 2027/378/2068
f 2010/596/2059 2006/314/2073 2024/314/2073 2028/596/2060
f 2011/608/2070 2003/601/2074 2021/601/2074 2029/608/2071
f 2038/358/1338 2039/605/1338 2041/609/1339 2040/610/1339
f 2040/610/1339 2041/609/1339 2043/611/1340 2042/612/1340
f 2042/612/1340 2043/611/1340 2045/613/1341 2044/614/1341
f 2044/614/1341 2045/613/1341 2047/615/1342 2046/616/1342
f 2046/616/1342 2047/615/1342 2049/617/1343 2048/618/1343
f 2048/618/1343 2049/617/1343 2051/619/1344 2050/620/1344
f 2050/620/1344 2051/619/1344 2053/621/1345 2052/622/1345
f 2052/622/1345 2053/621/1345 2055/623/1346 2054/103/1346
f 2054/103/1346 2055/623/1346 2057/624/1347 2056/143/1347
f 2056/143/1347 2057/624/1347 2059/625/1348 2058/415/1348
f 2058/415/1348 2059/625/1348 2061/626/1349 2060/318/1349
f 2060/318/1349 2061/626/1349 2063/627/1350 2062/20/1350
f 2062/20/1350 2063/627/1350 2065/628/1351 2064/19/1351
f 2064/19/1351 2065/628/1351 2067/629/1352 2066/375/1352
f 2066/375/1352 2067/629/1352 2069/630/1353 2068/167/1353
f 2068/167/1353 2069/630/1353 2071/631/1354 2070/632/1354
f 2070/632/1354 2071/631/1354 2073/633/1355 2072/634/1355
f 2072/634/1355 2073/633/1355 2075/635/1356 2074/636/1356
f 2074/636/1356 2075/635/1356 2077/637/1357 2076/638/1357
f 2076/638/1357 2077/637/1357 2079/639/1358 2078/640/1358
f 2078/640/1358 2079/639/1358 2081/641/1359 2080/642/1359
f 2080/642/1359 2081/641/1359 2083/643/1360 2082/644/1360
f 2082/644/1360 2083/643/1360 2085/645/1361 2084/646/1361
f 2084/646/1361 2085/645/1361 2087/647/1362 2086/648/1362
f 2086/648/1362 2087/647/1362 2089/649/1363 2088/650/1363
f 2088/650/1363 2089/649/1363 2091/651/1364 2090/652/1364
f 2090/652/1364 2091/651/1364 2093/653/1365 2092/654/1365
f 2092/654/1365 2093/653/1365 2095/655/1366 2094/656/1366
f 2094/656/1366 2095/655/1366 2097/657/1367 2096/658/1367
f 2096/658/1367 2097/657/1367 2099/659/1368 2098/660/1368
f 2041/661/1 2039/662/1 2101/663/1 2099/664/1 2097/665/1 2095/666/1 2093/667/1 2091/668/1 2089/669/1 2087/670/1 2085/671/1 2083/672/1 2081/673/1 2079/674/1 2077/675/1 2075/676/1 2073/677/1 2071/678/1 2069/679/1 2067/680/1 2065/681/1 2063/682/1 2061/683/1 2059/684/1 2057/685/1 2055/686/1 2053/687/1 2051/688/1 2049/689/1 2047/690/1 2045/691/1 2043/692/1
f 2098/660/1368 2099/659/1368 2101/693/1369 2100/694/1369
f 2100/694/1369 2101/693/1369 2039/595/1338 2038/314/1338
f 2038/695/1370 2040/696/1370 2042/697/1370 2044/698/1370 2046/699/1370 2048/700/1370 2050/701/1370 2052/702/1370 2054/703/1370 2056/704/1370 2058/705/1370 2060/706/1370 2062/707/1370 2064/708/1370 2066/709/1370 2068/710/1370 2070/711/1370 2072/712/1370 2074/713/1370 2076/714/1370 2078/715/1370 2080/716/1370 2082/717/1370 2084/718/1370 2086/719/1370 2088/720/1370 2090/721/1370 2092/722/1370 2094/723/1370 2096/724/1370 2098/725/1370 2100/726/1370
f 2109/378/2075 2114/594/2076 2104/595/2077
f 2110/596/2078 2113/597/2079 2115/598/2080 2112/599/2081
f 2106/314/2082 2112/599/2082 2109/378/2083
f 2102/600/2084 2103/601/2085 2117/602/2086 2113/597/2079
f 2112/599/2082 2106/314/2082 2110/596/2087
f 2109/378/2075 2112/599/2081 2115/598/2080 2114/594/2076
f 2115/598/2080 2113/597/2079 2117/602/2088 2118/603/2089
f 2114/594/2076 2115/598/2080 2118/603/2089 2116/604/2090
f 2104/595/2077 2114/594/2076 2116/604/2091 2105/605/2092
f 2113/597/2079 2110/596/2078 2102/600/2084
f 2116/604/2090 2118/603/2089 2119/606/2089 2108/607/2090
f 2105/605/2092 2116/604/2091 2108/607/2093
f 2118/603/2089 2117/602/2088 2111/608/2088 2119/606/2089
f 2117/602/2086 2103/601/2085 2111/608/2094
f 2119/606/2089 2111/608/2088 2107/358/2089
f 2108/607/2090 2119/606/2089 2107/358/2089
f 2127/378/2095 2122/595/2096 2132/594/2097
f 2128/596/2098 2130/599/2099 2133/598/2100 2131/597/2101
f 2124/314/2102 2127/378/2103 2130/599/2102
f 2120/600/2104 2131/597/2101 2135/602/2105 2121/601/2106
f 2130/599/2102 2128/596/2107 2124/314/2102
f 2127/378/2095 2132/594/2097 2133/598/2100 2130/599/2099
f 2133/598/2100 2136/603/2108 2135/602/2109 2131/597/2101
f 2132/594/2097 2134/604/2110 2136/603/2108 2133/598/2100
f 2122/595/2096 2123/605/2111 2134/604/2112 2132/594/2097
f 2131/597/2101 2120/600/2104 2128/596/2098
f 2134/604/2110 2126/607/2113 2137/606/2114 2136/603/2108
f 2123/605/2111 2126/607/2115 2134/604/2112
f 2136/603/2108 2137/606/2114 2129/608/2116 2135/602/2109
f 2135/602/2105 2129/608/2117 2121/601/2106
f 2137/606/2114 2125/358/2108 2129/608/2116
f 2126/607/2113 2125/358/2108 2137/606/2114
f 2102/600/2118 2110/596/2119 2128/596/2120 2120/600/2118
f 2103/601/2121 2102/600/2121 2120/600/2121 2121/601/2121
f 2105/605/2122 2108/607/2123 2126/607/2124 2123/605/2122
f 2104/595/2125 2105/605/2125 2123/605/2125 2122/595/2125
f 2106/314/2126 2109/378/2127 2127/378/2128 2124/314/2126
f 2107/358/2129 2111/608/2130 2129/608/2131 2125/358/2129
f 2108/607/2123 2107/358/2129 2125/358/2129 2126/607/2124
f 2109/378/2127 2104/595/2132 2122/595/2132 2127/378/2128
f 2110/596/2119 2106/314/2133 2124/314/2133 2128/596/2120
f 2111/608/2130 2103/601/2134 2121/601/2134 2129/608/2131
o Hook.R
v -2.067706 8.632048 -2.042506
v -2.067706 8.632048 -2.023184
v -2.065358 8.628707 -2.038423
v -2.070914 8.636611 -2.021690
v -2.070914 8.636611 -2.044001
v -1.965039 8.695469 -2.050996
v -1.970434 8.704468 -2.053863
v -1.961109 8.688914 -2.043303
v -1.715893 8.843673 -2.065961
v -1.388093 9.028539 -2.078208
v -1.724295 8.860985 -2.071220
v -1.709866 8.831031 -2.051911
v -1.380681 9.010753 -2.058984
v -1.707689 8.826411 -2.032845
v -1.378146 9.004170 -2.032846
v -1.709866 8.831031 -2.013780
v -1.959675 8.686522 -2.032845
v -1.961109 8.688914 -2.022388
v -2.064499 8.627484 -2.032845
v -2.065358 8.628707 -2.027267
v -1.965039 8.695469 -2.014695
v -1.715893 8.843673 -1.999730
v -1.970434 8.704468 -2.011827
v -1.724295 8.860985 -1.994471
v -1.975862 8.713516 -2.014591
v -1.732602 8.878531 -1.999478
v -1.979856 8.720173 -2.022285
v -2.074121 8.641174 -2.023184
v -2.074121 8.641174 -2.042506
v -2.076469 8.644515 -2.027267
v -2.076469 8.644515 -2.038423
v -2.077328 8.645738 -2.032845
v -1.981322 8.722616 -2.032845
v -1.979856 8.720173 -2.043406
v -1.740779 8.896374 -2.032845
v -1.416796 9.103585 -2.032846
v -1.738574 8.891582 -2.013515
v -1.738574 8.891582 -2.052176
v -1.414744 9.096437 -2.059283
v -1.732602 8.878531 -2.066212
v -1.407838 9.077929 -2.078501
v -1.975862 8.713516 -2.051099
v -1.397966 9.053134 -2.085392
v -1.120793 9.231869 -2.084435
v -0.932865 9.309806 -2.084874
v -1.128742 9.252380 -2.062658
v -1.109908 9.203943 -2.092343
v -0.922586 9.281581 -2.092923
v -1.099022 9.176100 -2.084311
v -0.912306 9.253356 -2.084874
v -1.091053 9.155767 -2.062534
v -0.904781 9.232694 -2.062885
v -1.088202 9.148301 -2.032846
v -0.902027 9.225130 -2.032846
v -1.091053 9.155767 -2.003158
v -0.904781 9.232694 -2.002807
v -1.099022 9.176100 -1.981381
v -1.380681 9.010753 -2.006707
v -1.388093 9.028539 -1.987483
v -1.397966 9.053134 -1.980299
v -1.109908 9.203943 -1.973349
v -1.407838 9.077929 -1.987190
v -1.120793 9.231869 -1.981257
v -1.414744 9.096437 -2.006408
v -1.128742 9.252380 -2.003033
v -1.131595 9.259937 -2.032846
v -0.940390 9.330467 -2.002807
v -0.779178 9.382732 -2.002807
v -0.932865 9.309806 -1.980817
v -0.943144 9.338031 -2.032846
v -0.940390 9.330467 -2.062885
v -0.781354 9.390481 -2.032846
v -0.637131 9.424865 -2.032846
v -0.779178 9.382732 -2.062885
v -0.635604 9.416963 -2.062885
v -0.773232 9.361562 -2.084875
v -0.631433 9.395371 -2.084875
v -0.765109 9.332643 -2.092923
v -0.625736 9.365879 -2.092923
v -0.756986 9.303722 -2.084875
v -0.620038 9.336386 -2.084875
v -0.751039 9.282553 -2.062885
v -0.615867 9.314795 -2.062885
v -0.748863 9.274803 -2.032846
v -0.614340 9.306892 -2.032846
v -0.751039 9.282553 -2.002807
v -0.615867 9.314795 -2.002808
v -0.756986 9.303722 -1.980818
v -0.765108 9.332643 -1.972769
v -0.912306 9.253356 -1.980818
v -0.620038 9.336386 -1.980818
v -0.499229 9.354347 -1.980818
v -0.625735 9.365879 -1.972769
v -0.502280 9.384232 -1.972769
v -0.631433 9.395371 -1.980818
v -0.505332 9.414115 -1.980818
v -0.635604 9.416963 -2.002807
v -0.773231 9.361562 -1.980818
v -0.507567 9.435991 -2.002808
v -0.508384 9.443998 -2.032846
v -0.393214 9.442394 -2.002808
v -0.290935 9.438526 -2.002808
v -0.393015 9.420406 -1.980818
v -0.393287 9.450443 -2.032846
v -0.393214 9.442394 -2.062885
v -0.290260 9.446547 -2.032846
v -0.197923 9.434452 -2.032846
v -0.290935 9.438526 -2.062885
v -0.199318 9.426525 -2.062885
v -0.292782 9.416614 -2.084875
v -0.203128 9.404867 -2.084875
v -0.295304 9.386681 -2.092924
v -0.393015 9.420406 -2.084875
v -0.392742 9.390368 -2.092924
v -0.505332 9.414115 -2.084875
v -0.507567 9.435991 -2.062885
v -0.502281 9.384232 -2.092924
v -0.499229 9.354347 -2.084875
v -0.392470 9.360332 -2.084875
v -0.496995 9.332472 -2.062885
v -0.392270 9.338342 -2.062885
v -0.496177 9.324465 -2.032846
v -0.392197 9.330294 -2.032846
v -0.496995 9.332472 -2.002808
v -0.392270 9.338342 -2.002808
v -0.392470 9.360332 -1.980818
v -0.299673 9.334837 -2.002808
v -0.217348 9.324041 -2.002808
v -0.300349 9.326816 -2.032846
v -0.297826 9.356749 -1.980818
v -0.295304 9.386681 -1.972769
v -0.213538 9.345699 -1.980818
v -0.138047 9.328972 -1.980818
v -0.208333 9.375283 -1.972769
v -0.130381 9.358016 -1.972769
v -0.203128 9.404867 -1.980818
v -0.122714 9.387060 -1.980818
v -0.199318 9.426525 -2.002808
v -0.292782 9.416614 -1.980818
v -0.117102 9.408321 -2.002808
v -0.115047 9.416104 -2.032846
v -0.043138 9.385599 -2.002808
v 0.023625 9.359760 -2.002808
v -0.050342 9.364823 -1.980818
v -0.040501 9.393204 -2.032846
v -0.043138 9.385599 -2.062885
v 0.026763 9.367172 -2.032847
v 0.087706 9.339105 -2.032847
v 0.023625 9.359760 -2.062885
v 0.084139 9.331889 -2.062885
v 0.015050 9.339510 -2.084875
v 0.074393 9.312178 -2.084875
v 0.003338 9.311850 -2.092924
v -0.050342 9.364823 -2.084875
v -0.060183 9.336443 -2.092924
v -0.122714 9.387060 -2.084875
v -0.117102 9.408321 -2.062885
v -0.130381 9.358016 -2.092924
v -0.138047 9.328972 -2.084875
v -0.208333 9.375283 -2.092924
v -0.213538 9.345699 -2.084875
v -0.217348 9.324041 -2.062885
v -0.297826 9.356749 -2.084875
v -0.299673 9.334837 -2.062885
v -0.218742 9.316114 -2.032846
v -0.143660 9.307711 -2.062885
v -0.077229 9.287285 -2.062885
v -0.145714 9.299929 -2.032846
v -0.079866 9.279680 -2.032847
v -0.143660 9.307711 -2.002808
v -0.077229 9.287285 -2.002808
v -0.070025 9.308062 -1.980818
v -0.016949 9.263939 -2.002808
v 0.038019 9.238611 -2.002808
v -0.020087 9.256527 -2.032847
v -0.008374 9.284188 -1.980818
v 0.003338 9.311850 -1.972769
v 0.047765 9.258324 -1.980818
v 0.099032 9.231194 -1.980818
v 0.061079 9.285251 -1.972769
v 0.113750 9.257380 -1.972769
v 0.074393 9.312178 -1.980818
v 0.128468 9.283566 -1.980818
v 0.084139 9.331889 -2.002808
v 0.015050 9.339510 -1.980818
v 0.139242 9.302736 -2.002808
v 0.143185 9.309752 -2.032847
v 0.189635 9.272706 -2.002808
v 0.235813 9.241913 -2.002808
v 0.177903 9.254107 -1.980818
v 0.193929 9.279513 -2.032847
v 0.189635 9.272706 -2.062885
v 0.240455 9.248488 -2.032847
v 0.283059 9.216684 -2.032847
v 0.235813 9.241913 -2.062885
v 0.278067 9.210371 -2.062885
v 0.223132 9.223948 -2.084875
v 0.264428 9.193121 -2.084875
v 0.205809 9.199408 -2.092924
v 0.177903 9.254107 -2.084875
v 0.161877 9.228701 -2.092924
v 0.128468 9.283566 -2.084875
v 0.139242 9.302736 -2.062885
v 0.113750 9.257380 -2.092924
v 0.099032 9.231194 -2.084875
v 0.061079 9.285251 -2.092924
v 0.047765 9.258324 -2.084875
v 0.038019 9.238611 -2.062885
v -0.008374 9.284188 -2.084875
v -0.016949 9.263939 -2.062885
v -0.070025 9.308062 -2.084875
v 0.034452 9.231396 -2.032847
v 0.088258 9.212025 -2.062885
v 0.134119 9.184696 -2.062885
v 0.084314 9.205009 -2.032847
v 0.129825 9.177888 -2.032847
v 0.088258 9.212025 -2.002808
v 0.134119 9.184696 -2.002808
v 0.145851 9.203295 -1.980818
v 0.175806 9.156900 -2.002808
v 0.213530 9.128744 -2.002808
v 0.171164 9.150326 -2.032847
v 0.188487 9.174866 -1.980818
v 0.205809 9.199408 -1.972769
v 0.227168 9.145994 -1.980818
v 0.262142 9.116728 -1.980818
v 0.245798 9.169558 -1.972769
v 0.282076 9.139199 -1.972769
v 0.264428 9.193121 -1.980818
v 0.302010 9.161671 -1.980818
v 0.278067 9.210371 -2.002808
v 0.223132 9.223948 -1.980818
v 0.316603 9.178120 -2.002808
v 0.321944 9.184141 -2.032847
v 0.351608 9.145214 -2.002808
v 0.383256 9.111710 -2.002808
v 0.336078 9.129645 -1.980818
v 0.357292 9.150912 -2.032847
v 0.351608 9.145214 -2.062886
v 0.389272 9.117058 -2.032847
v 0.418043 9.082647 -2.032847
v 0.383256 9.111710 -2.062886
v 0.411713 9.077677 -2.062886
v 0.366821 9.097101 -2.084875
v 0.394419 9.064094 -2.084875
v 0.344371 9.077143 -2.092924
v 0.336078 9.129645 -2.084875
v 0.314863 9.108378 -2.092924
v 0.302010 9.161671 -2.084875
v 0.316603 9.178120 -2.062885
v 0.282076 9.139199 -2.092924
v 0.262142 9.116728 -2.084875
v 0.245798 9.169558 -2.092924
v 0.227168 9.145994 -2.084875
v 0.213529 9.128744 -2.062885
v 0.188487 9.174866 -2.084875
v 0.175806 9.156900 -2.062885
v 0.145851 9.203295 -2.084875
v 0.208538 9.122431 -2.032847
v 0.247549 9.100278 -2.062885
v 0.278119 9.071544 -2.062886
v 0.242208 9.094256 -2.032847
v 0.272435 9.065845 -2.032847
v 0.247549 9.100278 -2.002808
v 0.278119 9.071544 -2.002808
v 0.293649 9.087111 -1.980818
v 0.305485 9.042576 -2.002808
v 0.329879 9.013403 -2.002808
v 0.299470 9.037229 -2.032847
v 0.321920 9.057186 -1.980818
v 0.344371 9.077143 -1.972769
v 0.347172 9.026986 -1.980818
v 0.369609 8.996545 -1.980818
v 0.370796 9.045540 -1.972769
v 0.394325 9.013617 -1.972769
v 0.394419 9.064094 -1.980818
v 0.419041 9.030687 -1.980818
v 0.411713 9.077677 -2.002808
v 0.366821 9.097101 -1.980818
v 0.437134 9.043185 -2.002808
v 0.443757 9.047759 -2.032847
v 0.459672 9.008314 -2.002808
v 0.479473 8.973143 -2.002808
v 0.440848 8.996947 -1.980818
v 0.466562 9.012475 -2.032847
v 0.459672 9.008314 -2.062886
v 0.486603 8.976878 -2.032847
v 0.504019 8.941055 -2.032847
v 0.479473 8.973143 -2.062886
v 0.496680 8.937751 -2.062886
v 0.459995 8.962937 -2.084875
v 0.476628 8.928724 -2.084875
v 0.433387 8.948997 -2.092924
v 0.440848 8.996947 -2.084875
v 0.415134 8.981419 -2.092924
v 0.419041 9.030687 -2.084875
v 0.437134 9.043185 -2.062886
v 0.394325 9.013617 -2.092924
v 0.369609 8.996545 -2.084875
v 0.370796 9.045540 -2.092924
v 0.347172 9.026986 -2.084875
v 0.329879 9.013403 -2.062886
v 0.321920 9.057186 -2.084875
v 0.305485 9.042576 -2.062886
v 0.293649 9.087111 -2.084875
v 0.323549 9.008431 -2.032847
v 0.351516 8.984047 -2.062886
v 0.370596 8.954524 -2.062886
v 0.344893 8.979473 -2.032847
v 0.363706 8.950363 -2.032847
v 0.351516 8.984047 -2.002808
v 0.370596 8.954524 -2.002808
v 0.389420 8.965891 -1.980818
v 0.387302 8.924850 -2.002808
v 0.401793 8.895039 -2.002808
v 0.380172 8.921114 -2.032847
v 0.406780 8.935055 -1.980818
v 0.433387 8.948997 -1.972770
v 0.421845 8.904064 -1.980818
v 0.434759 8.872952 -1.980818
v 0.449236 8.916394 -1.972770
v 0.462823 8.883662 -1.972770
v 0.476628 8.928724 -1.980818
v 0.490887 8.894375 -1.980818
v 0.496680 8.937751 -2.002808
v 0.459995 8.962937 -1.980818
v 0.511431 8.902216 -2.002808
v 0.518951 8.905086 -2.032847
v 0.523859 8.866610 -2.002808
v 0.534091 8.831000 -2.002808
v 0.502903 8.859947 -1.980818
v 0.531530 8.869048 -2.032847
v 0.523859 8.866610 -2.062886
v 0.541885 8.833013 -2.032847
v 0.550135 8.797040 -2.032847
v 0.534091 8.831000 -2.062886
v 0.542245 8.795448 -2.062886
v 0.512799 8.825505 -2.084875
v 0.520689 8.791101 -2.084875
v 0.483714 8.817998 -2.092924
v 0.502903 8.859947 -2.084875
v 0.474276 8.850848 -2.092924
v 0.490887 8.894375 -2.084875
v 0.511431 8.902216 -2.062886
v 0.462823 8.883662 -2.092924
v 0.434759 8.872952 -2.084875
v 0.449236 8.916394 -2.092924
v 0.421845 8.904064 -2.084875
v 0.401793 8.895039 -2.062886
v 0.406780 8.935055 -2.084875
v 0.387301 8.924850 -2.062886
v 0.389420 8.965891 -2.084875
v 0.394454 8.891734 -2.032847
v 0.414215 8.865109 -2.062886
v 0.424692 8.835085 -2.062886
v 0.406695 8.862240 -2.032847
v 0.417022 8.832647 -2.032847
v 0.414215 8.865109 -2.002808
v 0.424692 8.835085 -2.002808
v 0.445649 8.841747 -1.980818
v 0.433336 8.804996 -2.002808
v 0.440242 8.774874 -2.002808
v 0.425543 8.802983 -2.032847
v 0.454628 8.810491 -1.980818
v 0.483714 8.817998 -1.972770
v 0.461798 8.779222 -1.980818
v 0.467246 8.747984 -1.980818
v 0.491243 8.785162 -1.972770
v 0.496960 8.752385 -1.972770
v 0.520689 8.791101 -1.980818
v 0.526675 8.756787 -1.980819
v 0.542245 8.795448 -2.002808
v 0.512799 8.825505 -1.980818
v 0.548427 8.760010 -2.002808
v 0.556389 8.761189 -2.032847
v 0.552734 8.724732 -2.002808
v 0.555249 8.689663 -2.002808
v 0.530847 8.722613 -1.980819
v 0.560745 8.725508 -2.032847
v 0.552734 8.724732 -2.062886
v 0.563289 8.690042 -2.032847
v 0.564091 8.654837 -2.032847
v 0.555249 8.689663 -2.062886
v 0.556042 8.654846 -2.062886
v 0.533284 8.688625 -2.084875
v 0.534052 8.654871 -2.084875
v 0.503278 8.687209 -2.092924
v 0.530846 8.722613 -2.084875
v 0.500948 8.719719 -2.092924
v 0.526675 8.756787 -2.084875
v 0.548427 8.760010 -2.062886
v 0.496960 8.752385 -2.092924
v 0.467246 8.747984 -2.084875
v 0.491244 8.785162 -2.092924
v 0.461798 8.779222 -2.084875
v 0.440242 8.774874 -2.062886
v 0.454628 8.810491 -2.084875
v 0.433336 8.804996 -2.062886
v 0.445649 8.841747 -2.084875
v 0.432352 8.773282 -2.032847
v 0.445493 8.744761 -2.062886
v 0.449161 8.714705 -2.062886
v 0.437531 8.743582 -2.032847
v 0.441150 8.713929 -2.032847
v 0.445493 8.744761 -2.002808
v 0.449161 8.714705 -2.002808
v 0.471049 8.716824 -1.980819
v 0.451308 8.684756 -2.002808
v 0.451985 8.654965 -2.002808
v 0.443268 8.684377 -2.032847
v 0.473273 8.685793 -1.980818
v 0.503278 8.687209 -1.972770
v 0.473975 8.654941 -1.980819
v 0.473207 8.624310 -1.980819
v 0.504014 8.654905 -1.972770
v 0.503211 8.622856 -1.972770
v 0.534052 8.654871 -1.980819
v 0.533214 8.621402 -1.980819
v 0.556042 8.654846 -2.002808
v 0.533284 8.688625 -1.980818
v 0.555178 8.620337 -2.002808
v 0.563217 8.619946 -2.032847
v 0.552722 8.586190 -2.002808
v 0.548740 8.552459 -2.002808
v 0.530830 8.588268 -1.980819
v 0.560734 8.585429 -2.032847
v 0.552722 8.586190 -2.062886
v 0.556711 8.551337 -2.032847
v 0.551216 8.517723 -2.032847
v 0.548740 8.552459 -2.062886
v 0.543303 8.519194 -2.062886
v 0.526965 8.555522 -2.084875
v 0.521683 8.523211 -2.084875
v 0.497219 8.559708 -2.092924
v 0.530830 8.588268 -2.084875
v 0.500926 8.591108 -2.092924
v 0.533214 8.621402 -2.084875
v 0.555178 8.620337 -2.062886
v 0.503211 8.622856 -2.092924
v 0.473207 8.624310 -2.084875
v 0.504014 8.654905 -2.092924
v 0.473975 8.654941 -2.084875
v 0.451985 8.654965 -2.062886
v 0.473273 8.685793 -2.084875
v 0.451308 8.684756 -2.062886
v 0.471049 8.716824 -2.084875
v 0.443936 8.654975 -2.032847
v 0.451243 8.625376 -2.062886
v 0.449131 8.596026 -2.062886
v 0.443204 8.625765 -2.032847
v 0.441118 8.596787 -2.032847
v 0.451243 8.625376 -2.002808
v 0.449131 8.596026 -2.002808
v 0.471022 8.593947 -1.980819
v 0.445698 8.566957 -2.002808
v 0.440997 8.538206 -2.002808
v 0.437728 8.568078 -2.032847
v 0.467473 8.563892 -1.980818
v 0.497219 8.559708 -1.972770
v 0.462617 8.534188 -1.980818
v 0.456509 8.504878 -1.980818
v 0.492150 8.528700 -1.972770
v 0.485780 8.498131 -1.972770
v 0.521683 8.523211 -1.980818
v 0.515051 8.491384 -1.980818
v 0.543303 8.519194 -2.002808
v 0.526965 8.555522 -1.980819
v 0.536479 8.486444 -2.002808
v 0.544322 8.484636 -2.032847
v 0.528341 8.454258 -2.002808
v 0.518960 8.422677 -2.002808
v 0.507137 8.460085 -1.980819
v 0.536102 8.452125 -2.032847
v 0.528341 8.454258 -2.062886
v 0.526629 8.420232 -2.032847
v 0.515977 8.389001 -2.032847
v 0.518960 8.422677 -2.062886
v 0.508411 8.391747 -2.062886
v 0.498010 8.429359 -2.084875
v 0.487740 8.399249 -2.084875
v 0.469392 8.438486 -2.092924
v 0.507137 8.460085 -2.084875
v 0.478172 8.468045 -2.092924
v 0.515051 8.491384 -2.084875
v 0.536479 8.486444 -2.062886
v 0.485780 8.498131 -2.092924
v 0.456509 8.504878 -2.084875
v 0.492150 8.528700 -2.092924
v 0.462617 8.534188 -2.084875
v 0.440997 8.538206 -2.062886
v 0.467473 8.563892 -2.084875
v 0.445698 8.566957 -2.062886
v 0.471022 8.593947 -2.084875
v 0.433084 8.539677 -2.032847
v 0.435081 8.509818 -2.062886
v 0.428004 8.481833 -2.062886
v 0.427238 8.511626 -2.032847
v 0.420243 8.483967 -2.032847
v 0.435081 8.509818 -2.002808
v 0.428004 8.481833 -2.002808
v 0.449208 8.476007 -1.980818
v 0.419823 8.454295 -2.002808
v 0.410597 8.427246 -2.002808
v 0.412155 8.456741 -2.032847
v 0.440773 8.447614 -1.980818
v 0.469392 8.438486 -1.972770
v 0.431267 8.419744 -1.980818
v 0.420753 8.392441 -1.980818
v 0.459504 8.409496 -1.972770
v 0.448576 8.381119 -1.972770
v 0.487740 8.399249 -1.980818
v 0.476398 8.369795 -1.980818
v 0.508411 8.391747 -2.002808
v 0.498010 8.429359 -1.980818
v 0.496766 8.361506 -2.002808
v 0.504221 8.358472 -2.032847
v 0.484101 8.331996 -2.002808
v 0.470490 8.303252 -2.002808
v 0.464057 8.341039 -1.980818
v 0.491438 8.328686 -2.032847
v 0.484101 8.331996 -2.062886
v 0.477702 8.299678 -2.032847
v 0.463090 8.271485 -2.032847
v 0.470490 8.303252 -2.062886
v 0.456010 8.275313 -2.062886
v 0.450789 8.313019 -2.084875
v 0.436667 8.285773 -2.084875
v 0.423875 8.326361 -2.092924
v 0.464057 8.341039 -2.084875
v 0.436676 8.353393 -2.092924
v 0.476398 8.369795 -2.084875
v 0.496766 8.361506 -2.062886
v 0.448576 8.381119 -2.092924
v 0.420753 8.392441 -2.084875
v 0.459504 8.409496 -2.092924
v 0.431267 8.419744 -2.084875
v 0.410597 8.427246 -2.062886
v 0.440773 8.447614 -2.084875
v 0.419823 8.454295 -2.062886
v 0.449208 8.476007 -2.084875
v 0.403031 8.429993 -2.032847
v 0.400385 8.400730 -2.062886
v 0.389251 8.374790 -2.062886
v 0.392930 8.403764 -2.032847
v 0.381915 8.378100 -2.032847
v 0.400385 8.400730 -2.002808
v 0.389251 8.374790 -2.002808
v 0.409295 8.365746 -1.980818
v 0.377260 8.349469 -2.002808
v 0.364479 8.324810 -2.002808
v 0.370049 8.353044 -2.032847
v 0.396962 8.339703 -1.980818
v 0.423875 8.326361 -1.972770
v 0.383822 8.314350 -1.980818
v 0.369945 8.289732 -1.980818
v 0.410245 8.300062 -1.972769
v 0.395857 8.274535 -1.972769
v 0.436667 8.285773 -1.980818
v 0.421768 8.259339 -1.980818
v 0.456010 8.275313 -2.002808
v 0.450789 8.313019 -1.980818
v 0.440737 8.248215 -2.002808
v 0.447680 8.244143 -2.032847
v 0.424747 8.221991 -2.002808
v 0.408118 8.196674 -2.002808
v 0.406167 8.233752 -1.980818
v 0.431548 8.217686 -2.032847
v 0.424747 8.221991 -2.062886
v 0.414772 8.192144 -2.032847
v 0.397429 8.167552 -2.032847
v 0.408118 8.196674 -2.062886
v 0.390928 8.172297 -2.062886
v 0.389941 8.209048 -2.084875
v 0.373166 8.185261 -2.084875
v 0.365109 8.225952 -2.092924
v 0.406167 8.233752 -2.084875
v 0.380787 8.249820 -2.092924
v 0.421768 8.259339 -2.084875
v 0.440737 8.248215 -2.062886
v 0.395857 8.274535 -2.092924
v 0.369945 8.289731 -2.084875
v 0.410245 8.300062 -2.092924
v 0.383822 8.314350 -2.084875
v 0.364479 8.324810 -2.062886
v 0.396962 8.339703 -2.084875
v 0.377260 8.349469 -2.062886
v 0.409295 8.365746 -2.084875
v 0.357399 8.328638 -2.032847
v 0.350977 8.300856 -2.062886
v 0.336826 8.277649 -2.062886
v 0.344034 8.304927 -2.032847
v 0.330026 8.281954 -2.032847
v 0.350977 8.300856 -2.002808
v 0.336826 8.277649 -2.002808
v 0.355406 8.265886 -1.980818
v 0.322101 8.255230 -2.002808
v 0.306877 8.233643 -2.002808
v 0.315447 8.259760 -2.032847
v 0.340278 8.242856 -1.980818
v 0.365110 8.225952 -1.972769
v 0.324639 8.220679 -1.980818
v 0.308566 8.199394 -1.980818
v 0.348902 8.202971 -1.972769
v 0.332244 8.180909 -1.972769
v 0.373166 8.185261 -1.980818
v 0.355921 8.162424 -1.980818
v 0.390928 8.172297 -2.002808
v 0.389941 8.209048 -1.980818
v 0.373254 8.148891 -2.002808
v 0.379598 8.143938 -2.032847
v 0.355170 8.126482 -2.002808
v 0.336742 8.105083 -2.002808
v 0.338280 8.140563 -1.980818
v 0.361352 8.121327 -2.032847
v 0.355170 8.126482 -2.062886
v 0.342757 8.099734 -2.032847
v 0.323872 8.079166 -2.032847
v 0.336742 8.105083 -2.062886
v 0.318030 8.084703 -2.062886
v 0.320310 8.119696 -2.084875
v 0.302069 8.099830 -2.084875
v 0.297863 8.139657 -2.092924
v 0.338280 8.140563 -2.084875
v 0.315208 8.159799 -2.092924
v 0.355921 8.162424 -2.084875
v 0.373254 8.148891 -2.062886
v 0.332244 8.180909 -2.092924
v 0.308566 8.199394 -2.084875
v 0.348902 8.202971 -2.092924
v 0.324639 8.220679 -2.084875
v 0.306877 8.233643 -2.062886
v 0.340278 8.242856 -2.084875
v 0.322101 8.255230 -2.062886
v 0.355406 8.265886 -2.084875
v 0.300376 8.238388 -2.032847
v 0.291233 8.212927 -2.062886
v 0.275246 8.193115 -2.062886
v 0.284889 8.217879 -2.032847
v 0.269064 8.198270 -2.032847
v 0.291233 8.212927 -2.002808
v 0.275246 8.193115 -2.002808
v 0.292136 8.179034 -1.980818
v 0.258984 8.174232 -2.002808
v 0.242504 8.156283 -2.002808
v 0.252969 8.179581 -2.032847
v 0.275416 8.159618 -1.980818
v 0.297863 8.139657 -1.972769
v 0.258465 8.141157 -1.980818
v 0.241332 8.123643 -1.980818
v 0.280267 8.120493 -1.972769
v 0.262472 8.102303 -1.972769
v 0.302069 8.099830 -1.980818
v 0.283611 8.080961 -1.980818
v 0.318030 8.084703 -2.002808
v 0.320310 8.119696 -1.980818
v 0.299087 8.065339 -2.002808
v 0.304751 8.059621 -2.032847
v 0.279962 8.046980 -2.002808
v 0.260697 8.029605 -2.002808
v 0.264982 8.063079 -1.980818
v 0.285445 8.041088 -2.032847
v 0.279962 8.046980 -2.062885
v 0.265996 8.023546 -2.032847
v 0.246447 8.006968 -2.032847
v 0.260697 8.029605 -2.062885
v 0.241333 8.013184 -2.062885
v 0.246221 8.046158 -2.084875
v 0.227362 8.030165 -2.084875
v 0.226445 8.068769 -2.092924
v 0.264982 8.063079 -2.084875
v 0.244519 8.085070 -2.092924
v 0.283611 8.080961 -2.084875
v 0.299087 8.065339 -2.062885
v 0.262471 8.102303 -2.092924
v 0.241332 8.123643 -2.084875
v 0.280267 8.120493 -2.092924
v 0.258465 8.141157 -2.084875
v 0.242504 8.156283 -2.062885
v 0.275416 8.159618 -2.084875
v 0.258984 8.174232 -2.062885
v 0.292136 8.179034 -2.084875
v 0.236662 8.161820 -2.032847
v 0.225856 8.139266 -2.062885
v 0.209077 8.123158 -2.062885
v 0.220192 8.144984 -2.032847
v 0.203594 8.129051 -2.032847
v 0.225856 8.139266 -2.002808
v 0.209077 8.123158 -2.002808
v 0.224057 8.107060 -1.980818
v 0.192193 8.107932 -2.002808
v 0.175220 8.093539 -2.002808
v 0.186895 8.113990 -2.032847
v 0.206670 8.091379 -1.980818
v 0.226445 8.068769 -1.972769
v 0.189191 8.076558 -1.980818
v 0.171630 8.062542 -1.980818
v 0.208277 8.053362 -1.972769
v 0.190031 8.038799 -1.972769
v 0.227362 8.030165 -1.980818
v 0.208433 8.015057 -1.980818
v 0.241333 8.013184 -2.002808
v 0.246221 8.046158 -1.980818
v 0.221903 7.997676 -2.002808
v 0.226834 7.991314 -2.032847
v 0.202439 7.983030 -2.002808
v 0.182967 7.969184 -2.002808
v 0.189456 8.000778 -1.980818
v 0.207191 7.976533 -2.032847
v 0.202439 7.983030 -2.062885
v 0.187549 7.962567 -2.032847
v 0.167934 7.949341 -2.032847
v 0.182967 7.969184 -2.062885
v 0.163509 7.956064 -2.062885
v 0.170448 7.987263 -2.084875
v 0.151420 7.974433 -2.084875
v 0.153348 8.011958 -2.092924
v 0.189456 8.000778 -2.084875
v 0.171721 8.025023 -2.092924
v 0.208432 8.015057 -2.084875
v 0.221903 7.997676 -2.062885
v 0.190031 8.038799 -2.092924
v 0.171630 8.062542 -2.084875
v 0.208276 8.053362 -2.092924
v 0.189191 8.076558 -2.084875
v 0.175220 8.093539 -2.062885
v 0.206670 8.091379 -2.084875
v 0.192193 8.107932 -2.062885
v 0.224057 8.107060 -2.084875
v 0.170106 8.099754 -2.032847
v 0.158160 8.079923 -2.062885
v 0.141003 8.067015 -2.062885
v 0.153229 8.086285 -2.032847
v 0.136251 8.073511 -2.032847
v 0.158160 8.079923 -2.002808
v 0.141003 8.067015 -2.002808
v 0.153986 8.049267 -1.980818
v 0.123728 8.054733 -2.002808
v 0.106303 8.042986 -2.002808
v 0.119146 8.061350 -2.032847
v 0.136247 8.036654 -1.980818
v 0.153348 8.011958 -1.972769
v 0.118392 8.024617 -1.980818
v 0.100392 8.013057 -1.980818
v 0.134906 7.999525 -1.972769
v 0.116383 7.987628 -1.972769
v 0.151420 7.974433 -1.980818
v 0.132374 7.962199 -1.980818
v 0.163509 7.956064 -2.002808
v 0.170448 7.987263 -1.980818
v 0.144080 7.943584 -2.002808
v 0.148365 7.936771 -2.032847
v 0.124688 7.931646 -2.002808
v 0.105331 7.920138 -2.002808
v 0.113305 7.950460 -1.980818
v 0.128854 7.924759 -2.032847
v 0.124688 7.931646 -2.062885
v 0.109405 7.913196 -2.032847
v 0.090006 7.901958 -2.032847
v 0.105331 7.920137 -2.062885
v 0.085995 7.908936 -2.062885
v 0.094201 7.939103 -2.084875
v 0.075037 7.928000 -2.084875
v 0.078997 7.965009 -2.092924
v 0.113305 7.950460 -2.084875
v 0.097756 7.976161 -2.092924
v 0.132374 7.962199 -2.084875
v 0.144080 7.943584 -2.062885
v 0.116383 7.987628 -2.092924
v 0.100392 8.013057 -2.084875
v 0.134906 7.999525 -2.092924
v 0.118392 8.024617 -2.084875
v 0.106303 8.042986 -2.062885
v 0.136247 8.036654 -2.084875
v 0.123728 8.054733 -2.062885
v 0.153986 8.049267 -2.084875
v 0.101878 8.049709 -2.032847
v 0.088686 8.031672 -2.062885
v 0.070825 8.020678 -2.062885
v 0.084401 8.038486 -2.032847
v 0.066658 8.027564 -2.032847
v 0.088686 8.031672 -2.002808
v 0.070825 8.020678 -2.002808
v 0.082207 8.001863 -1.980818
v 0.052663 8.009881 -2.002808
v 0.034139 7.999151 -2.002808
v 0.048589 8.016823 -2.032847
v 0.063793 7.990916 -1.980818
v 0.078997 7.965010 -1.972769
v 0.045098 7.980086 -1.980818
v 0.026065 7.969232 -1.980818
v 0.060067 7.954043 -1.972769
v 0.040921 7.943124 -1.972769
v 0.075037 7.928000 -1.980818
v 0.055777 7.917016 -1.980818
v 0.085995 7.908936 -2.002808
v 0.094201 7.939103 -1.980818
v 0.066653 7.897904 -2.002808
v 0.070633 7.890908 -2.032847
v 0.047258 7.886893 -2.002808
v 0.027759 7.875750 -2.002808
v 0.036374 7.906000 -1.980818
v 0.051242 7.879899 -2.032847
v 0.047258 7.886893 -2.062885
v 0.031778 7.868776 -2.032847
v 0.012201 7.857397 -2.032847
v 0.027759 7.875750 -2.062885
v 0.008116 7.864332 -2.062885
v 0.016778 7.894801 -2.084875
v -0.003046 7.883278 -2.084875
v 0.001777 7.920826 -2.092924
v 0.036374 7.906000 -2.084875
v 0.021506 7.932101 -2.092924
v 0.055777 7.917016 -2.084875
v 0.066653 7.897904 -2.062885
v 0.040921 7.943124 -2.092924
v 0.026065 7.969232 -2.084875
v 0.060067 7.954043 -2.092924
v 0.045098 7.980086 -2.084875
v 0.034139 7.999151 -2.062885
v 0.063793 7.990916 -2.084875
v 0.052663 8.009881 -2.062885
v 0.082207 8.001863 -2.084875
v 0.030128 8.006129 -2.032847
v 0.015190 7.988344 -2.062885
v -0.004245 7.977310 -2.062885
v 0.011209 7.995340 -2.032847
v -0.008229 7.984304 -2.032847
v 0.015190 7.988344 -2.002808
v -0.004245 7.977310 -2.002808
v 0.006639 7.958203 -1.980818
v -0.024205 7.965903 -2.002808
v -0.044701 7.953988 -2.002808
v -0.028224 7.972877 -2.032847
v -0.013224 7.946851 -1.980818
v 0.001777 7.920826 -1.972769
v -0.033540 7.935041 -1.980818
v -0.054303 7.922646 -1.980818
v -0.018293 7.909160 -1.972769
v -0.038706 7.896974 -1.972769
v -0.003046 7.883278 -1.980818
v -0.023110 7.871301 -1.980818
v 0.008116 7.864332 -2.002808
v 0.016778 7.894801 -1.980818
v -0.011692 7.852508 -2.002808
v -0.007513 7.845629 -2.032847
v -0.031666 7.840160 -2.002808
v -0.051785 7.827186 -2.002808
v -0.043408 7.858753 -1.980818
v -0.027369 7.833355 -2.032846
v -0.031667 7.840160 -2.062885
v -0.047347 7.820471 -2.032846
v -0.067404 7.806888 -2.032846
v -0.051785 7.827186 -2.062885
v -0.072003 7.813493 -2.062885
v -0.063911 7.845530 -2.084875
v -0.084568 7.831540 -2.084875
v -0.080475 7.870589 -2.092924
v -0.043408 7.858753 -2.084875
v -0.059447 7.884151 -2.092924
v -0.023110 7.871301 -2.084875
v -0.011692 7.852508 -2.062885
v -0.038706 7.896973 -2.092924
v -0.054303 7.922646 -2.084875
v -0.018293 7.909160 -2.092924
v -0.033540 7.935041 -2.084875
v -0.044701 7.953988 -2.062885
v -0.013224 7.946851 -2.084875
v -0.024205 7.965903 -2.062885
v 0.006639 7.958203 -2.084875
v -0.048787 7.960922 -2.032847
v -0.065721 7.941439 -2.062885
v -0.087227 7.928143 -2.062885
v -0.069900 7.948318 -2.032847
v -0.091525 7.934948 -2.032847
v -0.065721 7.941439 -2.002808
v -0.087227 7.928143 -2.002808
v -0.075486 7.909550 -1.980818
v -0.109165 7.913992 -2.002808
v -0.131459 7.898892 -2.002808
v -0.113603 7.920707 -2.032847
v -0.097039 7.895648 -1.980818
v -0.080475 7.870589 -1.972769
v -0.118894 7.880845 -1.980818
v -0.140962 7.865055 -1.980818
v -0.101731 7.856193 -1.972769
v -0.123132 7.840880 -1.972769
v -0.084568 7.831540 -1.980818
v -0.105302 7.816706 -1.980818
v -0.072003 7.813494 -2.002808
v -0.063911 7.845530 -1.980818
v -0.092250 7.799009 -2.002808
v -0.087472 7.792531 -2.032846
v -0.112431 7.783671 -2.002808
v -0.132429 7.767435 -2.002808
v -0.126017 7.800962 -1.980818
v -0.107458 7.777342 -2.032846
v -0.112431 7.783671 -2.062885
v -0.127245 7.761278 -2.032846
v -0.146692 7.744312 -2.032846
v -0.132429 7.767435 -2.062885
v -0.152101 7.750273 -2.062885
v -0.146590 7.784258 -2.084875
v -0.166879 7.766556 -2.084875
v -0.165935 7.807238 -2.092924
v -0.126017 7.800962 -2.084875
v -0.144575 7.824582 -2.092924
v -0.105302 7.816706 -2.084875
v -0.092250 7.799009 -2.062885
v -0.123132 7.840880 -2.092924
v -0.140962 7.865055 -2.084875
v -0.101731 7.856193 -2.092924
v -0.118894 7.880845 -2.084875
v -0.131459 7.898892 -2.062885
v -0.097039 7.895648 -2.084875
v -0.109165 7.913992 -2.062885
v -0.075486 7.909550 -2.084875
v -0.136058 7.905498 -2.032846
v -0.154015 7.882752 -2.062885
v -0.176719 7.865493 -2.062885
v -0.158792 7.889230 -2.032846
v -0.181692 7.871822 -2.032846
v -0.154015 7.882752 -2.002808
v -0.176719 7.865493 -2.002808
v -0.163134 7.848202 -1.980818
v -0.199442 7.847041 -2.002808
v -0.222030 7.827329 -2.002808
v -0.204625 7.853199 -2.032846
v -0.185280 7.830218 -1.980818
v -0.165935 7.807238 -1.972769
v -0.207253 7.811045 -1.980818
v -0.228881 7.790633 -1.980818
v -0.187066 7.788801 -1.972769
v -0.207799 7.769235 -1.972769
v -0.166879 7.766556 -1.980818
v -0.186717 7.747837 -1.980818
v -0.152101 7.750273 -2.002808
v -0.146590 7.784258 -1.980818
v -0.171284 7.732172 -2.002808
v -0.165635 7.726439 -2.032846
v -0.189791 7.713140 -2.002808
v -0.207419 7.693204 -2.002808
v -0.205917 7.728091 -1.980818
v -0.183889 7.707668 -2.032846
v -0.189791 7.713140 -2.062885
v -0.201251 7.688033 -2.032846
v -0.217500 7.667587 -2.032846
v -0.207419 7.693204 -2.062885
v -0.223945 7.672408 -2.062885
v -0.224272 7.707330 -2.084875
v -0.241555 7.685578 -2.084875
v -0.247293 7.726626 -2.092924
v -0.205917 7.728091 -2.084875
v -0.227945 7.748514 -2.092924
v -0.186717 7.747837 -2.084875
v -0.171284 7.732172 -2.062885
v -0.207799 7.769235 -2.092924
v -0.228881 7.790633 -2.084875
v -0.187066 7.788801 -2.092924
v -0.207253 7.811045 -2.084875
v -0.222030 7.827329 -2.062885
v -0.185280 7.830218 -2.084875
v -0.199442 7.847041 -2.062885
v -0.163134 7.848202 -2.084875
v -0.227439 7.833290 -2.032846
v -0.244314 7.806297 -2.062885
v -0.266098 7.783888 -2.062885
v -0.249962 7.812031 -2.032846
v -0.272000 7.789360 -2.032846
v -0.244314 7.806297 -2.002808
v -0.266098 7.783888 -2.002808
v -0.249972 7.768937 -1.980818
v -0.287166 7.760049 -2.002808
v -0.307275 7.734730 -2.002808
v -0.293335 7.765219 -2.032846
v -0.270314 7.745923 -1.980818
v -0.247293 7.726626 -1.972769
v -0.289665 7.721560 -1.980818
v -0.307762 7.695825 -1.980818
v -0.265610 7.703569 -1.972769
v -0.282643 7.679352 -1.972769
v -0.241555 7.685578 -1.980818
v -0.257524 7.662879 -1.980818
v -0.223945 7.672408 -2.002808
v -0.224272 7.707330 -1.980818
v -0.239136 7.650820 -2.002808
v -0.232405 7.646406 -2.032846
v -0.252749 7.628524 -2.002808
v -0.264555 7.605601 -2.002808
v -0.271924 7.639290 -1.980818
v -0.245731 7.624584 -2.032846
v -0.252749 7.628524 -2.062885
v -0.257257 7.602208 -2.032846
v -0.266806 7.579329 -2.032846
v -0.264555 7.605601 -2.062885
v -0.274362 7.582101 -2.062885
v -0.284495 7.614871 -2.084875
v -0.295007 7.589674 -2.084875
v -0.311734 7.627535 -2.092924
v -0.271924 7.639290 -2.084875
v -0.298116 7.653996 -2.092924
v -0.257524 7.662879 -2.084875
v -0.239136 7.650820 -2.062885
v -0.282643 7.679352 -2.092924
v -0.307762 7.695825 -2.084875
v -0.265610 7.703569 -2.092924
v -0.289665 7.721560 -2.084875
v -0.307275 7.734730 -2.062885
v -0.270314 7.745923 -2.084875
v -0.287166 7.760049 -2.062885
v -0.249972 7.768937 -2.084875
v -0.313720 7.739551 -2.032846
v -0.326150 7.707884 -2.062885
v -0.343483 7.679468 -2.062885
v -0.332881 7.712298 -2.032846
v -0.350501 7.683409 -2.032846
v -0.326150 7.707884 -2.002808
v -0.343483 7.679468 -2.002808
v -0.324309 7.668703 -1.980818
v -0.358913 7.649468 -2.002808
v -0.372053 7.617939 -2.002808
v -0.366212 7.652862 -2.032846
v -0.338973 7.640198 -1.980818
v -0.311734 7.627535 -1.972769
v -0.351409 7.610366 -1.980818
v -0.361290 7.579310 -1.980818
v -0.323208 7.600020 -1.972769
v -0.332276 7.571532 -1.972769
v -0.295007 7.589674 -1.980818
v -0.303261 7.563753 -1.980818
v -0.274362 7.582101 -2.002808
v -0.284495 7.614871 -1.980818
v -0.282022 7.558059 -2.002808
v -0.274247 7.555975 -2.032846
v -0.287406 7.533509 -2.002808
v -0.290403 7.508490 -2.002808
v -0.309089 7.537173 -1.980818
v -0.279470 7.532168 -2.032846
v -0.287406 7.533509 -2.062885
v -0.282373 7.507933 -2.032846
v -0.282856 7.483303 -2.032846
v -0.290403 7.508490 -2.062885
v -0.290901 7.483053 -2.062885
v -0.312340 7.510012 -2.084875
v -0.312880 7.482369 -2.084875
v -0.342306 7.512091 -2.092924
v -0.309089 7.537173 -2.084875
v -0.338708 7.542177 -2.092924
v -0.303261 7.563753 -2.084875
v -0.282022 7.558059 -2.062885
v -0.332276 7.571532 -2.092924
v -0.361290 7.579310 -2.084875
v -0.323208 7.600020 -2.092924
v -0.351409 7.610366 -2.084875
v -0.372053 7.617939 -2.062885
v -0.338973 7.640198 -2.084875
v -0.358913 7.649468 -2.062885
v -0.324309 7.668703 -2.084875
v -0.379609 7.620711 -2.032846
v -0.382529 7.585005 -2.062885
v -0.390009 7.550845 -2.062885
v -0.390304 7.587089 -2.032846
v -0.397946 7.552186 -2.032846
v -0.382529 7.585005 -2.002808
v -0.390009 7.550845 -2.002808
v -0.368327 7.547182 -1.980818
v -0.394210 7.515693 -2.002808
v -0.394908 7.479820 -2.002808
v -0.402240 7.516250 -2.032846
v -0.372273 7.514171 -1.980818
v -0.342306 7.512091 -1.972769
v -0.372928 7.480504 -1.980818
v -0.370141 7.446436 -1.980818
v -0.342904 7.481436 -1.972769
v -0.340365 7.450403 -1.972769
v -0.312880 7.482369 -1.980818
v -0.310590 7.454370 -1.980818
v -0.290901 7.483053 -2.002808
v -0.312340 7.510012 -1.980818
v -0.288792 7.457273 -2.002808
v -0.280814 7.458336 -2.032846
v -0.283972 7.431264 -2.002808
v -0.276346 7.405184 -2.002808
v -0.305363 7.426168 -1.980818
v -0.276142 7.433129 -2.032846
v -0.283972 7.431264 -2.062885
v -0.268743 7.407827 -2.032846
v -0.258538 7.382629 -2.032846
v -0.276346 7.405184 -2.062885
v -0.265839 7.379242 -2.062885
v -0.297116 7.397963 -2.084875
v -0.285787 7.369987 -2.084875
v -0.325489 7.388098 -2.092924
v -0.305363 7.426168 -2.084875
v -0.334585 7.419208 -2.092924
v -0.310590 7.454370 -2.084875
v -0.288792 7.457273 -2.062885
v -0.340365 7.450403 -2.092924
v -0.370141 7.446436 -2.084875
v -0.342904 7.481436 -2.092924
v -0.372929 7.480504 -2.084875
v -0.394908 7.479820 -2.062885
v -0.372273 7.514171 -2.084875
v -0.394210 7.515693 -2.062885
v -0.368327 7.547182 -2.084875
v -0.402953 7.479570 -2.032846
v -0.391938 7.443532 -2.062885
v -0.385197 7.407153 -2.062885
v -0.399916 7.442470 -2.032846
v -0.393027 7.405288 -2.032846
v -0.391938 7.443532 -2.002808
v -0.385197 7.407153 -2.002808
v -0.363806 7.412248 -1.980818
v -0.374632 7.371012 -2.002808
v -0.360233 7.335449 -2.002808
v -0.382234 7.368369 -2.032846
v -0.353862 7.378234 -1.980818
v -0.325489 7.388098 -1.972769
v -0.340285 7.344704 -1.980818
v -0.323084 7.311983 -1.980818
v -0.313036 7.357346 -1.972769
v -0.297215 7.327251 -1.972769
v -0.285787 7.369987 -1.980818
v -0.271346 7.342519 -1.980818
v -0.265839 7.379241 -2.002808
v -0.297116 7.397963 -1.980818
v -0.252408 7.353696 -2.002808
v -0.245477 7.357787 -2.032846
v -0.236046 7.328851 -2.002808
v -0.216788 7.305050 -2.002808
v -0.253797 7.315872 -1.980818
v -0.229549 7.333601 -2.032846
v -0.236046 7.328851 -2.062885
v -0.210787 7.310413 -2.032846
v -0.189272 7.288594 -2.032846
v -0.216788 7.305050 -2.062885
v -0.194715 7.282665 -2.062885
v -0.233184 7.290396 -2.084875
v -0.209586 7.266467 -2.084875
v -0.255580 7.270378 -2.092924
v -0.253797 7.315873 -2.084875
v -0.278046 7.298143 -2.092924
v -0.271346 7.342519 -2.084875
v -0.252408 7.353696 -2.062885
v -0.297215 7.327251 -2.092924
v -0.323084 7.311983 -2.084875
v -0.313036 7.357346 -2.092924
v -0.340285 7.344704 -2.084875
v -0.360233 7.335449 -2.062885
v -0.353862 7.378234 -2.084875
v -0.374632 7.371012 -2.062885
v -0.363806 7.412248 -2.084875
v -0.367534 7.332062 -2.032846
v -0.342021 7.300806 -2.062885
v -0.320046 7.267436 -2.062885
v -0.348953 7.296715 -2.032846
v -0.326543 7.262685 -2.032846
v -0.342021 7.300806 -2.002808
v -0.320046 7.267436 -2.002808
v -0.302294 7.280414 -1.980818
v -0.294373 7.235706 -2.002808
v -0.265088 7.206013 -2.002808
v -0.300374 7.230343 -2.032846
v -0.277977 7.250360 -1.980818
v -0.255580 7.270378 -1.972769
v -0.250216 7.222212 -1.980818
v -0.219119 7.196387 -1.980818
v -0.229901 7.244339 -1.972769
v -0.201123 7.220438 -1.972769
v -0.209586 7.266467 -1.980818
v -0.183126 7.244489 -1.980818
v -0.194715 7.282665 -2.002808
v -0.233184 7.290396 -1.980818
v -0.169952 7.262095 -2.002808
v -0.165130 7.268540 -2.032847
v -0.142666 7.243754 -2.002808
v -0.113055 7.228062 -2.002808
v -0.153960 7.224886 -1.980818
v -0.138531 7.250660 -2.032847
v -0.142666 7.243754 -2.062885
v -0.109679 7.235369 -2.032847
v -0.078788 7.223075 -2.032847
v -0.113055 7.228062 -2.062885
v -0.081335 7.215440 -2.062885
v -0.122279 7.208100 -2.084875
v -0.088294 7.194581 -2.084875
v -0.134878 7.180831 -2.092924
v -0.153960 7.224886 -2.084875
v -0.169389 7.199113 -2.092924
v -0.183126 7.244489 -2.084875
v -0.169952 7.262095 -2.062885
v -0.201123 7.220438 -2.092924
v -0.219119 7.196387 -2.084875
v -0.229901 7.244339 -2.092924
v -0.250216 7.222212 -2.084875
v -0.265088 7.206013 -2.062885
v -0.277977 7.250360 -2.084875
v -0.294373 7.235706 -2.062885
v -0.302295 7.280414 -2.084875
v -0.270531 7.200084 -2.032846
v -0.232293 7.178780 -2.062885
v -0.196113 7.154472 -2.062885
v -0.237115 7.172336 -2.032846
v -0.200247 7.147566 -2.032847
v -0.232293 7.178780 -2.002808
v -0.196113 7.154472 -2.002808
v -0.184818 7.173340 -1.980818
v -0.156701 7.133601 -2.002808
v -0.114266 7.116732 -2.002808
v -0.160077 7.126295 -2.032847
v -0.147478 7.153563 -1.980818
v -0.134878 7.180831 -1.972769
v -0.107307 7.137591 -1.980818
v -0.064610 7.125985 -1.980818
v -0.097801 7.166086 -1.972769
v -0.058443 7.155384 -1.972769
v -0.088294 7.194581 -1.980818
v -0.052276 7.184783 -1.980818
v -0.081335 7.215440 -2.002808
v -0.122279 7.208100 -1.980818
v -0.047761 7.206304 -2.002808
v -0.046108 7.214181 -2.032847
v -0.012696 7.201066 -2.002808
v 0.023371 7.200133 -2.002808
v -0.014602 7.179159 -1.980818
v -0.011998 7.209085 -2.032847
v -0.012696 7.201066 -2.062885
v 0.023059 7.208176 -2.032847
v 0.058462 7.211823 -2.032847
v 0.023371 7.200133 -2.062885
v 0.059834 7.203892 -2.062885
v 0.024223 7.178160 -2.084875
v 0.063581 7.182224 -2.084875
v 0.025387 7.148144 -2.092924
v -0.014602 7.179159 -2.084875
v -0.017207 7.149233 -2.092924
v -0.052276 7.184783 -2.084875
v -0.047761 7.206304 -2.062885
v -0.058443 7.155384 -2.092924
v -0.064610 7.125985 -2.084875
v -0.097801 7.166086 -2.092924
v -0.107307 7.137591 -2.084875
v -0.114266 7.116732 -2.062885
v -0.147478 7.153563 -2.084875
v -0.156701 7.133601 -2.062885
v -0.184818 7.173340 -2.084875
v -0.116814 7.109097 -2.032847
v -0.069125 7.104464 -2.062885
v -0.021718 7.097401 -2.062885
v -0.070777 7.096586 -2.032847
v -0.022416 7.089382 -2.032847
v -0.069125 7.104464 -2.002808
v -0.021718 7.097401 -2.002808
v -0.019811 7.119308 -1.980818
v 0.027403 7.096155 -2.002808
v 0.077565 7.101357 -2.002808
v 0.027715 7.088111 -2.032847
v 0.026551 7.118128 -1.980818
v 0.025387 7.148144 -1.972769
v 0.073818 7.123025 -1.980818
v 0.121194 7.134597 -1.980818
v 0.068699 7.152625 -1.972769
v 0.111971 7.163185 -1.972769
v 0.063581 7.182224 -1.980818
v 0.102748 7.191773 -1.980818
v 0.059834 7.203892 -2.002808
v 0.024223 7.178160 -1.980818
v 0.095996 7.212701 -2.002808
v 0.093525 7.220361 -2.032847
v 0.131111 7.226899 -2.002808
v 0.164413 7.246847 -2.002808
v 0.140922 7.207220 -1.980818
v 0.127520 7.234103 -2.032847
v 0.131111 7.226899 -2.062886
v 0.159718 7.253384 -2.032847
v 0.189411 7.278648 -2.032847
v 0.164413 7.246847 -2.062886
v 0.195140 7.272995 -2.062886
v 0.177241 7.228986 -2.084875
v 0.210793 7.257550 -2.084875
v 0.194764 7.204588 -2.092924
v 0.140922 7.207220 -2.084875
v 0.154325 7.180336 -2.092924
v 0.102748 7.191773 -2.084875
v 0.095996 7.212701 -2.062885
v 0.111971 7.163185 -2.092924
v 0.121193 7.134597 -2.084875
v 0.068699 7.152625 -2.092924
v 0.073818 7.123025 -2.084875
v 0.077565 7.101357 -2.062886
v 0.026551 7.118128 -2.084875
v 0.027403 7.096155 -2.062885
v -0.019811 7.119308 -2.084875
v 0.078936 7.093426 -2.032847
v 0.127945 7.113670 -2.062886
v 0.177538 7.133774 -2.062886
v 0.130416 7.106010 -2.032847
v 0.181129 7.126571 -2.032847
v 0.127945 7.113670 -2.002808
v 0.177538 7.133774 -2.002808
v 0.167727 7.153453 -1.980818
v 0.225115 7.162330 -2.002808
v 0.269209 7.199909 -2.002808
v 0.229811 7.155792 -2.032847
v 0.212288 7.180190 -1.980818
v 0.194764 7.204588 -1.972769
v 0.253557 7.215353 -1.980818
v 0.290051 7.259387 -1.980819
v 0.232175 7.236452 -1.972770
v 0.265322 7.276439 -1.972770
v 0.210793 7.257550 -1.980818
v 0.240592 7.293490 -1.980818
v 0.195140 7.272995 -2.002808
v 0.177241 7.228986 -1.980818
v 0.222489 7.305974 -2.002808
v 0.215863 7.310543 -2.032847
v 0.245509 7.346638 -2.002808
v 0.262965 7.396023 -2.002808
v 0.265518 7.337518 -1.980818
v 0.238185 7.349977 -2.032847
v 0.245509 7.346638 -2.062886
v 0.255180 7.398064 -2.032847
v 0.265250 7.455966 -2.032847
v 0.262965 7.396023 -2.062886
v 0.273262 7.455202 -2.062886
v 0.284236 7.390446 -2.084875
v 0.295152 7.453112 -2.084875
v 0.313293 7.382829 -2.092924
v 0.265518 7.337518 -2.084875
v 0.292852 7.325060 -2.092924
v 0.240592 7.293490 -2.084875
v 0.222489 7.305974 -2.062886
v 0.265321 7.276439 -2.092924
v 0.290051 7.259387 -2.084875
v 0.232175 7.236452 -2.092924
v 0.253557 7.215353 -2.084875
v 0.269209 7.199909 -2.062886
v 0.212287 7.180190 -2.084875
v 0.225115 7.162330 -2.062886
v 0.167727 7.153453 -2.084875
v 0.274939 7.194255 -2.032847
v 0.308154 7.246903 -2.062886
v 0.340195 7.303482 -2.062886
v 0.314781 7.242334 -2.032847
v 0.347519 7.300144 -2.032847
v 0.308154 7.246903 -2.002808
v 0.340195 7.303482 -2.002808
v 0.320185 7.312602 -1.980819
v 0.363621 7.369634 -2.002808
v 0.376848 7.445312 -2.002808
v 0.371406 7.367593 -2.032847
v 0.342350 7.375211 -1.980819
v 0.313293 7.382829 -1.972770
v 0.354958 7.447402 -1.980819
v 0.356425 7.529427 -1.980819
v 0.325055 7.450256 -1.972770
v 0.326427 7.527857 -1.972770
v 0.295152 7.453112 -1.980819
v 0.296429 7.526287 -1.980819
v 0.273262 7.455202 -2.002808
v 0.284236 7.390446 -1.980819
v 0.274470 7.525138 -2.002808
v 0.266432 7.524717 -2.032847
v 0.264433 7.606609 -2.002808
v 0.240875 7.700215 -2.002808
v 0.286051 7.610639 -1.980819
v 0.256521 7.605134 -2.032847
v 0.264433 7.606609 -2.062886
v 0.233187 7.697831 -2.032847
v 0.240875 7.700215 -2.062886
v 0.194076 7.803225 -2.032847
v 0.201478 7.806386 -2.002808
v 0.201478 7.806386 -2.062886
v 0.221699 7.815025 -2.084875
v 0.221700 7.815025 -1.980819
v 0.249323 7.826827 -2.092924
v 0.261878 7.706729 -2.084875
v 0.290568 7.715628 -2.092924
v 0.286051 7.610639 -2.084876
v 0.315581 7.616143 -2.092924
v 0.296429 7.526287 -2.084876
v 0.274470 7.525138 -2.062886
v 0.326427 7.527857 -2.092924
v 0.356425 7.529427 -2.084876
v 0.325055 7.450256 -2.092924
v 0.354957 7.447402 -2.084876
v 0.376848 7.445312 -2.062886
v 0.342350 7.375211 -2.084876
v 0.363621 7.369634 -2.062886
v 0.320185 7.312602 -2.084876
v 0.384860 7.444547 -2.032847
v 0.378384 7.530576 -2.062886
v 0.366728 7.625676 -2.062886
v 0.386422 7.530996 -2.032847
v 0.374641 7.627151 -2.032847
v 0.378384 7.530576 -2.002808
v 0.366728 7.625676 -2.002808
v 0.345111 7.621647 -1.980819
v 0.340261 7.731040 -2.002808
v 0.347949 7.733425 -2.032847
v 0.319259 7.724526 -1.980819
v 0.297168 7.847267 -2.002808
v 0.297168 7.847267 -2.062886
v 0.304570 7.850429 -2.032847
v 0.276947 7.838627 -1.980819
v 0.249323 7.826827 -1.972770
v 0.276946 7.838627 -2.084876
v 0.319259 7.724526 -2.084876
v 0.340261 7.731040 -2.062886
v 0.345111 7.621647 -2.084876
v 0.290568 7.715628 -1.972770
v 0.261878 7.706729 -1.980819
v 0.315581 7.616143 -1.972770
v 0.292852 7.325060 -1.972770
v 0.154325 7.180336 -1.972769
v -0.017207 7.149233 -1.972769
v -0.169389 7.199113 -1.972769
v -0.278046 7.298143 -1.972769
v -0.334585 7.419208 -1.972769
v -0.338708 7.542177 -1.972769
v -0.298116 7.653996 -1.972769
v -0.227945 7.748514 -1.972769
v -0.144575 7.824582 -1.972769
v -0.059447 7.884151 -1.972769
v 0.021506 7.932101 -1.972769
v 0.097756 7.976161 -1.972769
v 0.171721 8.025023 -1.972769
v 0.244519 8.085070 -1.972769
v 0.315208 8.159799 -1.972769
v 0.380787 8.249820 -1.972769
v 0.436676 8.353393 -1.972770
v 0.478172 8.468045 -1.972770
v 0.500926 8.591108 -1.972770
v 0.500948 8.719719 -1.972770
v 0.474276 8.850848 -1.972770
v 0.415134 8.981419 -1.972769
v 0.314863 9.108378 -1.972769
v 0.161877 9.228701 -1.972769
v -0.060183 9.336443 -1.972769
v -0.392742 9.390368 -1.972769
v -0.922585 9.281581 -1.972769
vn -0.3536 -0.6907 -0.6308
vn -0.3536 -0.6908 0.6308
vn -0.2030 -0.9092 -0.3634
vn -0.5602 -0.3908 0.7303
vn -0.5602 -0.3908 -0.7303
vn 0.2143 -0.4552 -0.8642
vn -0.0591 -0.0379 -0.9975
vn 0.4147 -0.7609 -0.4991
vn 0.2187 -0.4505 -0.8656
vn 0.2156 -0.4492 -0.8670
vn -0.0419 -0.0247 -0.9988
vn 0.4100 -0.7628 -0.5001
vn 0.3944 -0.7700 -0.5015
vn 0.4801 -0.8772 -0.0000
vn 0.4603 -0.8878 -0.0000
vn 0.4100 -0.7628 0.5001
vn 0.4880 -0.8728 -0.0000
vn 0.4147 -0.7609 0.4991
vn -0.1480 -0.9890 -0.0000
vn -0.2030 -0.9092 0.3634
vn 0.2143 -0.4552 0.8642
vn 0.2187 -0.4505 0.8656
vn -0.0591 -0.0379 0.9975
vn -0.0419 -0.0247 0.9988
vn -0.3322 0.3791 0.8637
vn -0.3018 0.4007 0.8651
vn -0.5320 0.6844 0.4986
vn -0.7680 -0.0893 0.6342
vn -0.7680 -0.0893 -0.6342
vn -0.9208 0.1324 0.3668
vn -0.9208 0.1324 -0.3668
vn -0.9769 0.2138 -0.0000
vn -0.6051 0.7961 -0.0000
vn -0.5320 0.6844 -0.4986
vn -0.5618 0.8273 -0.0000
vn -0.5089 0.8608 -0.0000
vn -0.4920 0.7127 0.5000
vn -0.4920 0.7127 -0.5000
vn -0.4447 0.7426 -0.5008
vn -0.3018 0.4007 -0.8651
vn -0.2683 0.4228 -0.8656
vn -0.3322 0.3791 -0.8637
vn -0.0270 -0.0128 -0.9996
vn -0.2233 0.4504 -0.8645
vn -0.1751 0.4724 -0.8638
vn -0.3760 0.7804 -0.4995
vn -0.0136 -0.0003 -0.9999
vn -0.0033 0.0051 -1.0000
vn 0.1985 -0.4532 -0.8690
vn 0.1700 -0.4648 -0.8690
vn 0.3557 -0.7873 -0.5036
vn 0.2980 -0.8111 -0.5032
vn 0.4138 -0.9104 -0.0000
vn 0.3452 -0.9385 -0.0000
vn 0.3557 -0.7873 0.5036
vn 0.2980 -0.8111 0.5032
vn 0.1985 -0.4532 0.8690
vn 0.3944 -0.7700 0.5015
vn 0.2156 -0.4492 0.8670
vn -0.0270 -0.0128 0.9996
vn -0.0136 -0.0003 0.9999
vn -0.2683 0.4228 0.8656
vn -0.2233 0.4504 0.8645
vn -0.4447 0.7426 0.5008
vn -0.3760 0.7804 0.4995
vn -0.4319 0.9019 -0.0000
vn -0.3003 0.8135 0.4981
vn -0.2346 0.8353 0.4972
vn -0.1751 0.4724 0.8638
vn -0.3460 0.9382 -0.0000
vn -0.3003 0.8135 -0.4981
vn -0.2704 0.9628 -0.0000
vn -0.1896 0.9819 -0.0000
vn -0.2346 0.8353 -0.4972
vn -0.1646 0.8520 -0.4969
vn -0.1365 0.4861 -0.8632
vn -0.0958 0.4961 -0.8629
vn -0.0018 0.0063 -1.0000
vn -0.0013 0.0070 -1.0000
vn 0.1339 -0.4766 -0.8689
vn 0.0938 -0.4856 -0.8691
vn 0.2338 -0.8322 -0.5029
vn 0.1640 -0.8485 -0.5031
vn 0.2705 -0.9627 -0.0000
vn 0.1897 -0.9818 -0.0000
vn 0.2338 -0.8322 0.5029
vn 0.1640 -0.8485 0.5031
vn 0.1339 -0.4766 0.8689
vn -0.0018 0.0063 1.0000
vn 0.1700 -0.4648 0.8690
vn 0.0938 -0.4856 0.8691
vn 0.0502 -0.4917 0.8693
vn -0.0013 0.0070 1.0000
vn -0.0008 0.0075 1.0000
vn -0.0958 0.4961 0.8629
vn -0.0514 0.5030 0.8628
vn -0.1646 0.8520 0.4969
vn -0.1365 0.4861 0.8632
vn -0.0881 0.8634 0.4968
vn -0.1016 0.9948 -0.0000
vn -0.0079 0.8679 0.4967
vn 0.0728 0.8648 0.4967
vn -0.0046 0.5057 0.8627
vn -0.0091 1.0000 -0.0000
vn -0.0079 0.8679 -0.4967
vn 0.0839 0.9965 -0.0000
vn 0.1732 0.9849 -0.0000
vn 0.0728 0.8648 -0.4967
vn 0.1503 0.8547 -0.4969
vn 0.0424 0.5039 -0.8627
vn 0.0875 0.4977 -0.8629
vn 0.0006 0.0076 -1.0000
vn -0.0046 0.5057 -0.8627
vn -0.0001 0.0077 -1.0000
vn -0.0514 0.5030 -0.8628
vn -0.0881 0.8634 -0.4968
vn -0.0008 0.0075 -1.0000
vn 0.0502 -0.4917 -0.8693
vn 0.0045 -0.4941 -0.8694
vn 0.0878 -0.8596 -0.5033
vn 0.0078 -0.8640 -0.5034
vn 0.1016 -0.9948 -0.0000
vn 0.0091 -1.0000 -0.0000
vn 0.0878 -0.8596 0.5033
vn 0.0078 -0.8640 0.5034
vn 0.0045 -0.4941 0.8694
vn -0.0726 -0.8610 0.5033
vn -0.1498 -0.8511 0.5032
vn -0.0840 -0.9965 -0.0000
vn -0.0415 -0.4925 0.8693
vn 0.0006 0.0076 1.0000
vn -0.0857 -0.4871 0.8692
vn -0.1264 -0.4786 0.8689
vn 0.0012 0.0071 1.0000
vn 0.0017 0.0064 1.0000
vn 0.0875 0.4977 0.8629
vn 0.1288 0.4882 0.8632
vn 0.1503 0.8547 0.4969
vn 0.0424 0.5039 0.8627
vn 0.2214 0.8389 0.4972
vn 0.2551 0.9669 -0.0000
vn 0.2841 0.8196 0.4975
vn 0.3381 0.7987 0.4978
vn 0.1652 0.4766 0.8635
vn 0.3275 0.9449 -0.0000
vn 0.2841 0.8196 -0.4975
vn 0.3898 0.9209 -0.0000
vn 0.4432 0.8964 -0.0000
vn 0.3381 0.7987 -0.4978
vn 0.3843 0.7773 -0.4980
vn 0.1964 0.4640 -0.8638
vn 0.2231 0.4513 -0.8641
vn 0.0020 0.0047 -1.0000
vn 0.1652 0.4766 -0.8635
vn 0.0019 0.0055 -1.0000
vn 0.1288 0.4882 -0.8632
vn 0.2214 0.8389 -0.4972
vn 0.0017 0.0064 -1.0000
vn -0.1264 -0.4786 -0.8689
vn 0.0012 0.0071 -1.0000
vn -0.0857 -0.4871 -0.8692
vn -0.1498 -0.8511 -0.5032
vn -0.0415 -0.4925 -0.8693
vn -0.0726 -0.8610 -0.5033
vn -0.1734 -0.9849 -0.0000
vn -0.2207 -0.8357 -0.5029
vn -0.2833 -0.8168 -0.5026
vn -0.2553 -0.9668 -0.0000
vn -0.3277 -0.9448 -0.0000
vn -0.2207 -0.8357 0.5029
vn -0.2833 -0.8168 0.5026
vn -0.1624 -0.4682 0.8686
vn -0.3373 -0.7963 0.5022
vn -0.3834 -0.7753 0.5020
vn -0.3900 -0.9208 -0.0000
vn -0.1935 -0.4569 0.8682
vn 0.0020 0.0047 1.0000
vn -0.2201 -0.4451 0.8680
vn -0.2435 -0.4331 0.8678
vn 0.0020 0.0041 1.0000
vn 0.0020 0.0036 1.0000
vn 0.2231 0.4512 0.8641
vn 0.2465 0.4386 0.8642
vn 0.3843 0.7773 0.4980
vn 0.1964 0.4640 0.8638
vn 0.4248 0.7559 0.4982
vn 0.4899 0.8718 -0.0000
vn 0.4626 0.7333 0.4982
vn 0.5001 0.7084 0.4981
vn 0.2684 0.4255 0.8642
vn 0.5335 0.8458 -0.0000
vn 0.4626 0.7333 -0.4982
vn 0.5767 0.8170 -0.0000
vn 0.6202 0.7844 -0.0000
vn 0.5001 0.7084 -0.4981
vn 0.5378 0.6802 -0.4980
vn 0.2902 0.4111 -0.8641
vn 0.3122 0.3949 -0.8640
vn 0.0025 0.0036 -1.0000
vn 0.2684 0.4255 -0.8642
vn 0.0022 0.0035 -1.0000
vn 0.2465 0.4386 -0.8642
vn 0.4248 0.7559 -0.4982
vn 0.0020 0.0036 -1.0000
vn -0.2435 -0.4331 -0.8678
vn 0.0020 0.0041 -1.0000
vn -0.2201 -0.4451 -0.8680
vn -0.3834 -0.7753 -0.5020
vn -0.1935 -0.4569 -0.8682
vn -0.3373 -0.7963 -0.5022
vn -0.1624 -0.4682 -0.8686
vn -0.4433 -0.8964 -0.0000
vn -0.4238 -0.7540 -0.5018
vn -0.4615 -0.7316 -0.5018
vn -0.4900 -0.8717 -0.0000
vn -0.5335 -0.8458 -0.0000
vn -0.4238 -0.7540 0.5018
vn -0.4615 -0.7316 0.5018
vn -0.2651 -0.4202 0.8678
vn -0.4988 -0.7066 0.5019
vn -0.5364 -0.6785 0.5020
vn -0.5766 -0.8170 -0.0000
vn -0.2864 -0.4058 0.8679
vn 0.0025 0.0036 1.0000
vn -0.3080 -0.3895 0.8680
vn -0.3294 -0.3714 0.8681
vn 0.0028 0.0036 1.0000
vn 0.0032 0.0035 1.0000
vn 0.3122 0.3949 0.8640
vn 0.3342 0.3767 0.8640
vn 0.5378 0.6802 0.4980
vn 0.2902 0.4111 0.8641
vn 0.5755 0.6487 0.4980
vn 0.6636 0.7481 -0.0000
vn 0.6125 0.6140 0.4979
vn 0.6482 0.5762 0.4979
vn 0.3557 0.3566 0.8639
vn 0.7063 0.7080 -0.0000
vn 0.6125 0.6140 -0.4979
vn 0.7474 0.6644 -0.0000
vn 0.7864 0.6177 -0.0000
vn 0.6482 0.5762 -0.4979
vn 0.6821 0.5357 -0.4978
vn 0.3765 0.3347 -0.8639
vn 0.3962 0.3112 -0.8638
vn 0.0037 0.0033 -1.0000
vn 0.3557 0.3566 -0.8639
vn 0.0035 0.0035 -1.0000
vn 0.3342 0.3767 -0.8640
vn 0.5755 0.6487 -0.4980
vn 0.0032 0.0035 -1.0000
vn -0.3294 -0.3714 -0.8681
vn 0.0028 0.0036 -1.0000
vn -0.3080 -0.3895 -0.8680
vn -0.5364 -0.6785 -0.5020
vn -0.2864 -0.4058 -0.8679
vn -0.4988 -0.7066 -0.5019
vn -0.2651 -0.4202 -0.8678
vn -0.6202 -0.7845 -0.0000
vn -0.5739 -0.6470 -0.5021
vn -0.6107 -0.6123 -0.5021
vn -0.6636 -0.7481 -0.0000
vn -0.7062 -0.7080 -0.0000
vn -0.5739 -0.6470 0.5021
vn -0.6107 -0.6123 0.5021
vn -0.3505 -0.3514 0.8681
vn -0.6463 -0.5746 0.5022
vn -0.6801 -0.5341 0.5022
vn -0.7474 -0.6644 -0.0000
vn -0.3709 -0.3297 0.8682
vn 0.0037 0.0033 1.0000
vn -0.3902 -0.3065 0.8682
vn -0.4083 -0.2820 0.8682
vn 0.0040 0.0031 1.0000
vn 0.0042 0.0029 1.0000
vn 0.3962 0.3112 0.8638
vn 0.4145 0.2863 0.8638
vn 0.6821 0.5357 0.4978
vn 0.3765 0.3347 0.8639
vn 0.7136 0.4929 0.4978
vn 0.8228 0.5683 -0.0000
vn 0.7424 0.4483 0.4978
vn 0.7682 0.4025 0.4979
vn 0.4312 0.2604 0.8638
vn 0.8560 0.5169 -0.0000
vn 0.7424 0.4483 -0.4978
vn 0.8858 0.4641 -0.0000
vn 0.9119 0.4105 -0.0000
vn 0.7682 0.4025 -0.4979
vn 0.7908 0.3560 -0.4979
vn 0.4462 0.2338 -0.8639
vn 0.4592 0.2067 -0.8639
vn 0.0044 0.0023 -1.0000
vn 0.4312 0.2604 -0.8638
vn 0.0043 0.0026 -1.0000
vn 0.4145 0.2863 -0.8638
vn 0.7136 0.4929 -0.4978
vn 0.0042 0.0029 -1.0000
vn -0.4083 -0.2820 -0.8682
vn 0.0040 0.0031 -1.0000
vn -0.3902 -0.3065 -0.8682
vn -0.6801 -0.5341 -0.5022
vn -0.3709 -0.3297 -0.8682
vn -0.6463 -0.5746 -0.5022
vn -0.3505 -0.3514 -0.8681
vn -0.7864 -0.6177 -0.0000
vn -0.7115 -0.4915 -0.5022
vn -0.7403 -0.4470 -0.5022
vn -0.8228 -0.5683 -0.0000
vn -0.8560 -0.5169 -0.0000
vn -0.7115 -0.4915 0.5022
vn -0.7403 -0.4470 0.5022
vn -0.4248 -0.2565 0.8682
vn -0.7660 -0.4013 0.5022
vn -0.7886 -0.3550 0.5021
vn -0.8858 -0.4641 -0.0000
vn -0.4396 -0.2303 0.8682
vn 0.0044 0.0023 1.0000
vn -0.4526 -0.2037 0.8681
vn -0.4638 -0.1770 0.8681
vn 0.0044 0.0020 1.0000
vn 0.0044 0.0017 1.0000
vn 0.4592 0.2067 0.8639
vn 0.4704 0.1796 0.8640
vn 0.7908 0.3560 0.4979
vn 0.4462 0.2338 0.8639
vn 0.8102 0.3093 0.4980
vn 0.9342 0.3566 -0.0000
vn 0.8264 0.2627 0.4980
vn 0.8396 0.2167 0.4981
vn 0.4798 0.1525 0.8640
vn 0.9530 0.3030 -0.0000
vn 0.8264 0.2627 -0.4980
vn 0.9683 0.2499 -0.0000
vn 0.9803 0.1978 -0.0000
vn 0.8396 0.2167 -0.4981
vn 0.8500 0.1715 -0.4981
vn 0.4874 0.1258 -0.8641
vn 0.4933 0.0995 -0.8641
vn 0.0043 0.0011 -1.0000
vn 0.4798 0.1525 -0.8640
vn 0.0044 0.0014 -1.0000
vn 0.4704 0.1796 -0.8640
vn 0.8102 0.3093 -0.4980
vn 0.0044 0.0017 -1.0000
vn -0.4638 -0.1770 -0.8681
vn 0.0044 0.0020 -1.0000
vn -0.4526 -0.2037 -0.8681
vn -0.7886 -0.3550 -0.5021
vn -0.4396 -0.2303 -0.8682
vn -0.7660 -0.4013 -0.5022
vn -0.4248 -0.2565 -0.8682
vn -0.9119 -0.4104 -0.0000
vn -0.8080 -0.3084 -0.5021
vn -0.8242 -0.2620 -0.5020
vn -0.9343 -0.3566 -0.0000
vn -0.9530 -0.3029 -0.0000
vn -0.8080 -0.3084 0.5021
vn -0.8242 -0.2620 0.5020
vn -0.4732 -0.1504 0.8680
vn -0.8375 -0.2161 0.5019
vn -0.8479 -0.1710 0.5019
vn -0.9683 -0.2499 -0.0000
vn -0.4809 -0.1241 0.8680
vn 0.0043 0.0011 1.0000
vn -0.4869 -0.0982 0.8679
vn -0.4915 -0.0728 0.8678
vn 0.0043 0.0009 1.0000
vn 0.0042 0.0006 1.0000
vn 0.4933 0.0995 0.8641
vn 0.4977 0.0737 0.8642
vn 0.8500 0.1715 0.4981
vn 0.4874 0.1258 0.8641
vn 0.8577 0.1271 0.4982
vn 0.9892 0.1466 -0.0000
vn 0.8630 0.0836 0.4982
vn 0.8661 0.0409 0.4983
vn 0.5007 0.0485 0.8642
vn 0.9953 0.0964 -0.0000
vn 0.8630 0.0836 -0.4982
vn 0.9989 0.0472 -0.0000
vn 1.0000 -0.0011 -0.0000
vn 0.8661 0.0409 -0.4983
vn 0.8670 -0.0010 -0.4983
vn 0.5024 0.0237 -0.8643
vn 0.5029 -0.0006 -0.8643
vn 0.0040 0.0002 -1.0000
vn 0.5007 0.0485 -0.8642
vn 0.0041 0.0004 -1.0000
vn 0.4977 0.0737 -0.8642
vn 0.8577 0.1271 -0.4982
vn 0.0042 0.0006 -1.0000
vn -0.4915 -0.0728 -0.8678
vn 0.0043 0.0009 -1.0000
vn -0.4869 -0.0982 -0.8679
vn -0.8479 -0.1710 -0.5019
vn -0.4809 -0.1241 -0.8680
vn -0.8375 -0.2161 -0.5019
vn -0.4732 -0.1504 -0.8680
vn -0.9803 -0.1977 -0.0000
vn -0.8556 -0.1267 -0.5018
vn -0.8610 -0.0833 -0.5018
vn -0.9892 -0.1465 -0.0000
vn -0.9953 -0.0963 -0.0000
vn -0.8556 -0.1267 0.5018
vn -0.8610 -0.0833 0.5018
vn -0.4946 -0.0479 0.8678
vn -0.8641 -0.0408 0.5017
vn -0.8650 0.0010 0.5017
vn -0.9989 -0.0471 -0.0000
vn -0.4964 -0.0234 0.8678
vn 0.0040 0.0002 1.0000
vn -0.4970 0.0006 0.8677
vn -0.4965 0.0241 0.8677
vn 0.0039 -0.0000 1.0000
vn 0.0038 -0.0002 1.0000
vn 0.5029 -0.0006 0.8643
vn 0.5023 -0.0243 0.8644
vn 0.8670 -0.0010 0.4983
vn 0.5024 0.0237 0.8643
vn 0.8660 -0.0420 0.4983
vn 0.9988 -0.0484 -0.0000
vn 0.8631 -0.0819 0.4984
vn 0.8585 -0.1208 0.4984
vn 0.5006 -0.0475 0.8644
vn 0.9955 -0.0945 -0.0000
vn 0.8631 -0.0819 -0.4984
vn 0.9902 -0.1393 -0.0000
vn 0.9832 -0.1827 -0.0000
vn 0.8585 -0.1208 -0.4984
vn 0.8523 -0.1584 -0.4985
vn 0.4978 -0.0700 -0.8644
vn 0.4942 -0.0918 -0.8645
vn 0.0036 -0.0005 -1.0000
vn 0.5006 -0.0475 -0.8644
vn 0.0037 -0.0004 -1.0000
vn 0.5023 -0.0243 -0.8644
vn 0.8660 -0.0420 -0.4983
vn 0.0038 -0.0002 -1.0000
vn -0.4965 0.0241 -0.8677
vn 0.0039 -0.0000 -1.0000
vn -0.4970 0.0006 -0.8677
vn -0.8650 0.0010 -0.5017
vn -0.4964 -0.0234 -0.8678
vn -0.8641 -0.0408 -0.5017
vn -0.4946 -0.0479 -0.8678
vn -1.0000 0.0012 -0.0000
vn -0.8640 0.0419 -0.5017
vn -0.8612 0.0818 -0.5016
vn -0.9988 0.0484 -0.0000
vn -0.9955 0.0946 -0.0000
vn -0.8640 0.0419 0.5017
vn -0.8612 0.0818 0.5016
vn -0.4949 0.0470 0.8677
vn -0.8567 0.1206 0.5016
vn -0.8506 0.1581 0.5016
vn -0.9902 0.1394 -0.0000
vn -0.4924 0.0693 0.8676
vn 0.0036 -0.0005 1.0000
vn -0.4889 0.0909 0.8676
vn -0.4847 0.1117 0.8675
vn 0.0035 -0.0007 1.0000
vn 0.0034 -0.0008 1.0000
vn 0.4942 -0.0918 0.8645
vn 0.4898 -0.1129 0.8645
vn 0.8523 -0.1584 0.4985
vn 0.4978 -0.0700 0.8644
vn 0.8447 -0.1947 0.4985
vn 0.9745 -0.2246 -0.0000
vn 0.8359 -0.2297 0.4985
vn 0.8259 -0.2634 0.4986
vn 0.4846 -0.1332 0.8646
vn 0.9643 -0.2650 -0.0000
vn 0.8359 -0.2297 -0.4985
vn 0.9527 -0.3038 -0.0000
vn 0.9400 -0.3411 -0.0000
vn 0.8259 -0.2634 -0.4986
vn 0.8148 -0.2957 -0.4986
vn 0.4787 -0.1527 -0.8646
vn 0.4723 -0.1714 -0.8646
vn 0.0031 -0.0010 -1.0000
vn 0.4846 -0.1332 -0.8646
vn 0.0033 -0.0009 -1.0000
vn 0.4898 -0.1129 -0.8645
vn 0.8447 -0.1947 -0.4985
vn 0.0034 -0.0008 -1.0000
vn -0.4847 0.1117 -0.8675
vn 0.0035 -0.0007 -1.0000
vn -0.4889 0.0909 -0.8676
vn -0.8506 0.1581 -0.5016
vn -0.4924 0.0693 -0.8676
vn -0.8567 0.1206 -0.5016
vn -0.4949 0.0470 -0.8677
vn -0.9832 0.1827 -0.0000
vn -0.8430 0.1944 -0.5015
vn -0.8342 0.2293 -0.5015
vn -0.9744 0.2246 -0.0000
vn -0.9642 0.2650 -0.0000
vn -0.8430 0.1944 0.5015
vn -0.8342 0.2293 0.5015
vn -0.4797 0.1318 0.8675
vn -0.8243 0.2629 0.5014
vn -0.8133 0.2952 0.5014
vn -0.9527 0.3039 -0.0000
vn -0.4740 0.1512 0.8674
vn 0.0031 -0.0010 1.0000
vn -0.4677 0.1698 0.8674
vn -0.4609 0.1876 0.8674
vn 0.0030 -0.0011 1.0000
vn 0.0029 -0.0012 1.0000
vn 0.4723 -0.1714 0.8646
vn 0.4653 -0.1893 0.8647
vn 0.8148 -0.2957 0.4986
vn 0.4787 -0.1527 0.8646
vn 0.8029 -0.3267 0.4987
vn 0.9262 -0.3769 -0.0000
vn 0.7901 -0.3565 0.4987
vn 0.7766 -0.3850 0.4987
vn 0.4578 -0.2066 0.8647
vn 0.9115 -0.4112 -0.0000
vn 0.7901 -0.3565 -0.4987
vn 0.8960 -0.4441 -0.0000
vn 0.8796 -0.4757 -0.0000
vn 0.7766 -0.3850 -0.4987
vn 0.7624 -0.4123 -0.4988
vn 0.4500 -0.2231 -0.8647
vn 0.4417 -0.2389 -0.8648
vn 0.0026 -0.0013 -1.0000
vn 0.4578 -0.2066 -0.8647
vn 0.0028 -0.0012 -1.0000
vn 0.4653 -0.1893 -0.8647
vn 0.8029 -0.3267 -0.4987
vn 0.0029 -0.0012 -1.0000
vn -0.4609 0.1876 -0.8674
vn 0.0030 -0.0011 -1.0000
vn -0.4677 0.1698 -0.8674
vn -0.8133 0.2952 -0.5014
vn -0.4740 0.1512 -0.8674
vn -0.8243 0.2629 -0.5014
vn -0.4797 0.1318 -0.8675
vn -0.9400 0.3412 -0.0000
vn -0.8014 0.3262 -0.5014
vn -0.7887 0.3559 -0.5013
vn -0.9262 0.3770 -0.0000
vn -0.9115 0.4113 -0.0000
vn -0.8014 0.3262 0.5014
vn -0.7887 0.3559 0.5013
vn -0.4537 0.2047 0.8673
vn -0.7752 0.3843 0.5013
vn -0.7611 0.4116 0.5013
vn -0.8959 0.4442 -0.0000
vn -0.4460 0.2211 0.8673
vn 0.0026 -0.0013 1.0000
vn -0.4379 0.2368 0.8673
vn -0.4295 0.2519 0.8672
vn 0.0025 -0.0014 1.0000
vn 0.0024 -0.0014 1.0000
vn 0.4417 -0.2389 0.8648
vn 0.4331 -0.2540 0.8648
vn 0.7624 -0.4123 0.4988
vn 0.4500 -0.2230 0.8647
vn 0.7476 -0.4385 0.4988
vn 0.8626 -0.5059 -0.0000
vn 0.7323 -0.4636 0.4988
vn 0.7165 -0.4877 0.4988
vn 0.4242 -0.2685 0.8648
vn 0.8449 -0.5349 -0.0000
vn 0.7323 -0.4636 -0.4988
vn 0.8266 -0.5627 -0.0000
vn 0.8077 -0.5895 -0.0000
vn 0.7165 -0.4877 -0.4988
vn 0.7001 -0.5109 -0.4988
vn 0.4150 -0.2825 -0.8648
vn 0.4055 -0.2959 -0.8649
vn 0.0022 -0.0015 -1.0000
vn 0.4242 -0.2685 -0.8648
vn 0.0023 -0.0015 -1.0000
vn 0.4331 -0.2540 -0.8648
vn 0.7476 -0.4385 -0.4988
vn 0.0024 -0.0014 -1.0000
vn -0.4295 0.2519 -0.8672
vn 0.0025 -0.0014 -1.0000
vn -0.4379 0.2368 -0.8673
vn -0.7611 0.4116 -0.5013
vn -0.4460 0.2211 -0.8673
vn -0.7752 0.3843 -0.5013
vn -0.4537 0.2047 -0.8673
vn -0.8796 0.4757 -0.0000
vn -0.7464 0.4378 -0.5012
vn -0.7311 0.4629 -0.5012
vn -0.8626 0.5059 -0.0000
vn -0.8449 0.5349 -0.0000
vn -0.7464 0.4378 0.5012
vn -0.7311 0.4629 0.5012
vn -0.4207 0.2663 0.8672
vn -0.7153 0.4870 0.5012
vn -0.6990 0.5102 0.5012
vn -0.8266 0.5627 -0.0000
vn -0.4116 0.2802 0.8672
vn 0.0022 -0.0015 1.0000
vn -0.4022 0.2936 0.8672
vn -0.3925 0.3065 0.8672
vn 0.0022 -0.0016 1.0000
vn 0.0021 -0.0016 1.0000
vn 0.4055 -0.2959 0.8649
vn 0.3957 -0.3089 0.8649
vn 0.7001 -0.5109 0.4988
vn 0.4150 -0.2825 0.8648
vn 0.6831 -0.5333 0.4989
vn 0.7882 -0.6154 -0.0000
vn 0.6657 -0.5550 0.4989
vn 0.6476 -0.5759 0.4989
vn 0.3856 -0.3214 0.8649
vn 0.7681 -0.6404 -0.0000
vn 0.6657 -0.5550 -0.4989
vn 0.7473 -0.6645 -0.0000
vn 0.7258 -0.6879 -0.0000
vn 0.6476 -0.5759 -0.4989
vn 0.6290 -0.5962 -0.4989
vn 0.3751 -0.3336 -0.8649
vn 0.3643 -0.3453 -0.8649
vn 0.0020 -0.0017 -1.0000
vn 0.3856 -0.3214 -0.8649
vn 0.3957 -0.3089 -0.8649
vn 0.6831 -0.5333 -0.4989
vn 0.0021 -0.0016 -1.0000
vn -0.3925 0.3065 -0.8672
vn 0.0022 -0.0016 -1.0000
vn -0.4022 0.2936 -0.8672
vn -0.6990 0.5102 -0.5012
vn -0.4116 0.2802 -0.8672
vn -0.7153 0.4870 -0.5012
vn -0.4207 0.2663 -0.8672
vn -0.8077 0.5895 -0.0000
vn -0.6821 0.5325 -0.5012
vn -0.6647 0.5541 -0.5011
vn -0.7882 0.6154 -0.0000
vn -0.7681 0.6404 -0.0000
vn -0.6821 0.5325 0.5012
vn -0.6647 0.5541 0.5011
vn -0.3825 0.3189 0.8672
vn -0.6467 0.5751 0.5011
vn -0.6281 0.5953 0.5011
vn -0.7473 0.6645 -0.0000
vn -0.3722 0.3310 0.8672
vn 0.0020 -0.0017 1.0000
vn -0.3615 0.3426 0.8672
vn -0.3505 0.3538 0.8671
vn 0.0019 -0.0018 1.0000
vn 0.0018 -0.0018 1.0000
vn 0.3643 -0.3453 0.8649
vn 0.3532 -0.3566 0.8649
vn 0.6290 -0.5962 0.4989
vn 0.3751 -0.3336 0.8649
vn 0.6099 -0.6157 0.4989
vn 0.7038 -0.7104 -0.0000
vn 0.5904 -0.6345 0.4989
vn 0.5705 -0.6523 0.4989
vn 0.3419 -0.3674 0.8649
vn 0.6812 -0.7321 -0.0000
vn 0.5904 -0.6345 -0.4989
vn 0.6583 -0.7527 -0.0000
vn 0.6354 -0.7722 -0.0000
vn 0.5705 -0.6523 -0.4989
vn 0.5506 -0.6692 -0.4989
vn 0.3304 -0.3778 -0.8649
vn 0.3188 -0.3875 -0.8650
vn 0.0017 -0.0019 -1.0000
vn 0.3419 -0.3674 -0.8649
vn 0.3532 -0.3566 -0.8649
vn 0.6099 -0.6157 -0.4989
vn 0.0018 -0.0018 -1.0000
vn -0.3505 0.3538 -0.8671
vn 0.0019 -0.0018 -1.0000
vn -0.3615 0.3426 -0.8672
vn -0.6281 0.5953 -0.5011
vn -0.3722 0.3310 -0.8672
vn -0.6467 0.5751 -0.5011
vn -0.3825 0.3189 -0.8672
vn -0.7258 0.6879 -0.0000
vn -0.6090 0.6148 -0.5011
vn -0.5895 0.6335 -0.5011
vn -0.7038 0.7104 -0.0000
vn -0.6812 0.7321 -0.0000
vn -0.6090 0.6148 0.5011
vn -0.5895 0.6335 0.5011
vn -0.3393 0.3646 0.8671
vn -0.5697 0.6514 0.5011
vn -0.5498 0.6683 0.5011
vn -0.6583 0.7527 -0.0000
vn -0.3279 0.3749 0.8671
vn 0.0017 -0.0019 1.0000
vn -0.3165 0.3847 0.8671
vn -0.3052 0.3938 0.8670
vn 0.0016 -0.0019 1.0000
vn 0.0014 -0.0019 1.0000
vn 0.3188 -0.3875 0.8650
vn 0.3074 -0.3966 0.8650
vn 0.5506 -0.6692 0.4989
vn 0.3304 -0.3778 0.8649
vn 0.5309 -0.6850 0.4990
vn 0.6126 -0.7904 -0.0000
vn 0.5117 -0.6994 0.4990
vn 0.4933 -0.7124 0.4991
vn 0.2962 -0.4049 0.8651
vn 0.5904 -0.8071 -0.0000
vn 0.5117 -0.6994 -0.4990
vn 0.5693 -0.8221 -0.0000
vn 0.5498 -0.8353 -0.0000
vn 0.4933 -0.7124 -0.4991
vn 0.4764 -0.7238 -0.4992
vn 0.2855 -0.4123 -0.8651
vn 0.2756 -0.4188 -0.8652
vn 0.0012 -0.0017 -1.0000
vn 0.2962 -0.4049 -0.8651
vn 0.0013 -0.0018 -1.0000
vn 0.3074 -0.3966 -0.8650
vn 0.5309 -0.6850 -0.4990
vn 0.0014 -0.0019 -1.0000
vn -0.3052 0.3938 -0.8670
vn 0.0016 -0.0019 -1.0000
vn -0.3165 0.3847 -0.8671
vn -0.5498 0.6683 -0.5011
vn -0.3279 0.3749 -0.8671
vn -0.5697 0.6514 -0.5011
vn -0.3393 0.3646 -0.8671
vn -0.6353 0.7722 -0.0000
vn -0.5301 0.6841 -0.5010
vn -0.5110 0.6985 -0.5010
vn -0.6126 0.7904 -0.0000
vn -0.5904 0.8071 -0.0000
vn -0.5301 0.6841 0.5010
vn -0.5110 0.6985 0.5010
vn -0.2942 0.4022 0.8670
vn -0.4927 0.7116 0.5009
vn -0.4758 0.7230 0.5008
vn -0.5693 0.8222 -0.0000
vn -0.2838 0.4098 0.8669
vn 0.0012 -0.0017 1.0000
vn -0.2741 0.4165 0.8668
vn -0.2655 0.4223 0.8667
vn 0.0010 -0.0015 1.0000
vn 0.0008 -0.0013 1.0000
vn 0.2756 -0.4188 0.8652
vn 0.2668 -0.4243 0.8653
vn 0.4764 -0.7238 0.4992
vn 0.2855 -0.4123 0.8651
vn 0.4613 -0.7334 0.4993
vn 0.5324 -0.8465 -0.0000
vn 0.4485 -0.7412 0.4995
vn 0.4385 -0.7471 0.4996
vn 0.2593 -0.4286 0.8655
vn 0.5177 -0.8556 -0.0000
vn 0.4485 -0.7412 -0.4994
vn 0.5062 -0.8624 -0.0000
vn 0.4984 -0.8670 -0.0000
vn 0.4385 -0.7471 -0.4996
vn 0.4317 -0.7509 -0.4998
vn 0.2534 -0.4318 -0.8656
vn 0.2494 -0.4338 -0.8658
vn 0.0005 -0.0008 -1.0000
vn 0.2593 -0.4286 -0.8655
vn 0.0007 -0.0011 -1.0000
vn 0.2668 -0.4243 -0.8653
vn 0.4613 -0.7334 -0.4993
vn 0.0008 -0.0013 -1.0000
vn -0.2655 0.4223 -0.8667
vn 0.0010 -0.0015 -1.0000
vn -0.2741 0.4165 -0.8668
vn -0.4758 0.7230 -0.5008
vn -0.2838 0.4098 -0.8669
vn -0.4927 0.7116 -0.5009
vn -0.2942 0.4022 -0.8670
vn -0.5497 0.8354 -0.0000
vn -0.4608 0.7328 -0.5007
vn -0.4481 0.7407 -0.5006
vn -0.5323 0.8466 -0.0000
vn -0.5176 0.8556 -0.0000
vn -0.4608 0.7328 0.5007
vn -0.4481 0.7407 0.5006
vn -0.2583 0.4270 0.8666
vn -0.4382 0.7467 0.5004
vn -0.4315 0.7507 0.5002
vn -0.5061 0.8625 -0.0000
vn -0.2527 0.4306 0.8664
vn 0.0005 -0.0008 1.0000
vn -0.2490 0.4331 0.8663
vn -0.2472 0.4345 0.8661
vn 0.0003 -0.0005 1.0000
vn 0.0001 -0.0001 1.0000
vn 0.2494 -0.4338 0.8658
vn 0.2473 -0.4347 0.8660
vn 0.4317 -0.7509 0.4998
vn 0.2534 -0.4318 0.8656
vn 0.4283 -0.7527 0.4999
vn 0.4946 -0.8691 -0.0000
vn 0.4286 -0.7525 0.5001
vn 0.4324 -0.7502 0.5003
vn 0.2474 -0.4343 0.8661
vn 0.4949 -0.8689 -0.0000
vn 0.4286 -0.7525 -0.5001
vn 0.4994 -0.8664 -0.0000
vn 0.5076 -0.8616 -0.0000
vn 0.4324 -0.7502 -0.5003
vn 0.4394 -0.7460 -0.5004
vn 0.2495 -0.4328 -0.8663
vn 0.2534 -0.4302 -0.8664
vn -0.0003 0.0005 -1.0000
vn 0.2474 -0.4343 -0.8661
vn -0.0001 0.0002 -1.0000
vn 0.2473 -0.4347 -0.8660
vn 0.4283 -0.7527 -0.4999
vn 0.0001 -0.0001 -1.0000
vn -0.2472 0.4345 -0.8661
vn 0.0003 -0.0005 -1.0000
vn -0.2490 0.4331 -0.8663
vn -0.4315 0.7507 -0.5002
vn -0.2527 0.4306 -0.8664
vn -0.4382 0.7467 -0.5004
vn -0.2583 0.4270 -0.8666
vn -0.4983 0.8670 -0.0000
vn -0.4283 0.7527 -0.5001
vn -0.4287 0.7526 -0.4999
vn -0.4946 0.8691 -0.0000
vn -0.4950 0.8689 -0.0000
vn -0.4283 0.7527 0.5001
vn -0.4287 0.7526 0.4999
vn -0.2476 0.4346 0.8659
vn -0.4326 0.7504 0.4997
vn -0.4397 0.7464 0.4996
vn -0.4994 0.8664 -0.0000
vn -0.2499 0.4336 0.8658
vn -0.0003 0.0005 1.0000
vn -0.2542 0.4314 0.8656
vn -0.2601 0.4281 0.8655
vn -0.0005 0.0008 1.0000
vn -0.0007 0.0011 1.0000
vn 0.2534 -0.4302 0.8664
vn 0.2591 -0.4265 0.8666
vn 0.4394 -0.7460 0.5004
vn 0.2495 -0.4328 0.8663
vn 0.4495 -0.7399 0.5006
vn 0.5192 -0.8547 -0.0000
vn 0.4622 -0.7319 0.5007
vn 0.4773 -0.7221 0.5008
vn 0.2663 -0.4218 0.8667
vn 0.5339 -0.8455 -0.0000
vn 0.4622 -0.7319 -0.5007
vn 0.5514 -0.8342 -0.0000
vn 0.5713 -0.8207 -0.0000
vn 0.4773 -0.7221 -0.5008
vn 0.4945 -0.7103 -0.5009
vn 0.2749 -0.4160 -0.8668
vn 0.2848 -0.4090 -0.8669
vn -0.0010 0.0015 -1.0000
vn 0.2663 -0.4218 -0.8667
vn -0.0008 0.0013 -1.0000
vn 0.2591 -0.4265 -0.8666
vn 0.4495 -0.7399 -0.5006
vn -0.0007 0.0011 -1.0000
vn -0.2601 0.4281 -0.8655
vn -0.0005 0.0008 -1.0000
vn -0.2542 0.4314 -0.8656
vn -0.4397 0.7464 -0.4996
vn -0.2499 0.4336 -0.8658
vn -0.4326 0.7504 -0.4997
vn -0.2476 0.4346 -0.8659
vn -0.5076 0.8616 -0.0000
vn -0.4498 0.7404 -0.4994
vn -0.4626 0.7326 -0.4993
vn -0.5192 0.8546 -0.0000
vn -0.5340 0.8455 -0.0000
vn -0.4498 0.7404 0.4994
vn -0.4626 0.7326 0.4993
vn -0.2676 0.4238 0.8653
vn -0.4778 0.7228 0.4992
vn -0.4952 0.7112 0.4991
vn -0.5515 0.8342 -0.0000
vn -0.2765 0.4183 0.8652
vn -0.0010 0.0015 1.0000
vn -0.2866 0.4116 0.8651
vn -0.2978 0.4038 0.8650
vn -0.0012 0.0017 1.0000
vn -0.0014 0.0019 1.0000
vn 0.2848 -0.4090 0.8669
vn 0.2957 -0.4010 0.8671
vn 0.4945 -0.7103 0.5009
vn 0.2749 -0.4160 0.8668
vn 0.5137 -0.6965 0.5010
vn 0.5935 -0.8048 -0.0000
vn 0.5346 -0.6805 0.5011
vn 0.5572 -0.6620 0.5013
vn 0.3077 -0.3916 0.8672
vn 0.6178 -0.7864 -0.0000
vn 0.5346 -0.6805 -0.5011
vn 0.6440 -0.7651 -0.0000
vn 0.6720 -0.7406 -0.0000
vn 0.5572 -0.6620 -0.5013
vn 0.5814 -0.6408 -0.5014
vn 0.3206 -0.3808 -0.8673
vn 0.3344 -0.3685 -0.8674
vn -0.0019 0.0022 -1.0000
vn 0.3077 -0.3916 -0.8672
vn -0.0016 0.0021 -1.0000
vn 0.2957 -0.4010 -0.8671
vn 0.5137 -0.6965 -0.5010
vn -0.0014 0.0019 -1.0000
vn -0.2979 0.4038 -0.8650
vn -0.0012 0.0017 -1.0000
vn -0.2866 0.4116 -0.8651
vn -0.4952 0.7112 -0.4991
vn -0.2765 0.4183 -0.8652
vn -0.4778 0.7228 -0.4992
vn -0.2676 0.4238 -0.8653
vn -0.5714 0.8207 -0.0000
vn -0.5144 0.6974 -0.4990
vn -0.5355 0.6815 -0.4989
vn -0.5936 0.8048 -0.0000
vn -0.6179 0.7863 -0.0000
vn -0.5144 0.6974 0.4990
vn -0.5355 0.6815 0.4989
vn -0.3101 0.3947 0.8649
vn -0.5582 0.6631 0.4987
vn -0.5826 0.6419 0.4986
vn -0.6440 0.7650 -0.0000
vn -0.3234 0.3842 0.8648
vn -0.0019 0.0022 1.0000
vn -0.3376 0.3720 0.8646
vn -0.3528 0.3580 0.8645
vn -0.0022 0.0024 1.0000
vn -0.0025 0.0025 1.0000
vn 0.3344 -0.3685 0.8674
vn 0.3490 -0.3543 0.8676
vn 0.5814 -0.6408 0.5014
vn 0.3206 -0.3808 0.8673
vn 0.6071 -0.6163 0.5015
vn 0.7018 -0.7124 -0.0000
vn 0.6343 -0.5882 0.5017
vn 0.6628 -0.5557 0.5019
vn 0.3645 -0.3380 0.8677
vn 0.7332 -0.6800 -0.0000
vn 0.6343 -0.5882 -0.5017
vn 0.7663 -0.6425 -0.0000
vn 0.8007 -0.5991 -0.0000
vn 0.6628 -0.5557 -0.5019
vn 0.6925 -0.5181 -0.5021
vn 0.3807 -0.3191 -0.8679
vn 0.3975 -0.2973 -0.8681
vn -0.0033 0.0028 -1.0000
vn 0.3645 -0.3380 -0.8677
vn -0.0029 0.0026 -1.0000
vn 0.3490 -0.3543 -0.8676
vn 0.6071 -0.6163 -0.5015
vn -0.0025 0.0025 -1.0000
vn -0.3528 0.3580 -0.8645
vn -0.0022 0.0024 -1.0000
vn -0.3376 0.3720 -0.8646
vn -0.5826 0.6419 -0.4986
vn -0.3234 0.3842 -0.8648
vn -0.5582 0.6631 -0.4987
vn -0.3101 0.3947 -0.8649
vn -0.6721 0.7405 -0.0000
vn -0.6085 0.6175 -0.4985
vn -0.6358 0.5894 -0.4983
vn -0.7019 0.7123 -0.0000
vn -0.7334 0.6798 -0.0000
vn -0.6085 0.6175 0.4985
vn -0.6358 0.5894 0.4983
vn -0.3688 0.3419 0.8643
vn -0.6646 0.5569 0.4981
vn -0.6945 0.5193 0.4979
vn -0.7665 0.6423 -0.0000
vn -0.3857 0.3232 0.8642
vn -0.0033 0.0028 1.0000
vn -0.4033 0.3016 0.8639
vn -0.4215 0.2763 0.8637
vn -0.0039 0.0029 1.0000
vn -0.0045 0.0029 1.0000
vn 0.3975 -0.2973 0.8681
vn 0.4147 -0.2720 0.8683
vn 0.6925 -0.5181 0.5021
vn 0.3807 -0.3191 0.8679
vn 0.7230 -0.4743 0.5023
vn 0.8361 -0.5486 -0.0000
vn 0.7537 -0.4234 0.5026
vn 0.7837 -0.3646 0.5029
vn 0.4320 -0.2427 0.8686
vn 0.8718 -0.4898 -0.0000
vn 0.7537 -0.4234 -0.5026
vn 0.9067 -0.4219 -0.0000
vn 0.9387 -0.3447 -0.0000
vn 0.7837 -0.3646 -0.5029
vn 0.8113 -0.2979 -0.5031
vn 0.4488 -0.2088 -0.8689
vn 0.4643 -0.1704 -0.8691
vn -0.0060 0.0028 -1.0000
vn 0.4320 -0.2427 -0.8686
vn -0.0052 0.0029 -1.0000
vn 0.4147 -0.2720 -0.8683
vn 0.7230 -0.4743 -0.5023
vn -0.0045 0.0029 -1.0000
vn -0.4215 0.2763 -0.8637
vn -0.0039 0.0029 -1.0000
vn -0.4033 0.3016 -0.8639
vn -0.6945 0.5193 -0.4979
vn -0.3857 0.3232 -0.8642
vn -0.6646 0.5569 -0.4981
vn -0.3688 0.3419 -0.8643
vn -0.8009 0.5988 -0.0000
vn -0.7254 0.4755 -0.4977
vn -0.7565 0.4246 -0.4974
vn -0.8363 0.5482 -0.0000
vn -0.8721 0.4894 -0.0000
vn -0.7254 0.4755 0.4977
vn -0.7565 0.4246 0.4974
vn -0.4399 0.2469 0.8634
vn -0.7869 0.3656 0.4972
vn -0.8148 0.2987 0.4969
vn -0.9069 0.4214 -0.0000
vn -0.4579 0.2128 0.8632
vn -0.0060 0.0028 1.0000
vn -0.4744 0.1740 0.8629
vn -0.4884 0.1309 0.8627
vn -0.0067 0.0024 1.0000
vn -0.0074 0.0020 1.0000
vn 0.4643 -0.1704 0.8691
vn 0.4774 -0.1281 0.8693
vn 0.8113 -0.2979 0.5031
vn 0.4488 -0.2088 0.8689
vn 0.8346 -0.2239 0.5033
vn 0.9658 -0.2592 -0.0000
vn 0.8519 -0.1441 0.5035
vn 0.8619 -0.0599 0.5036
vn 0.4871 -0.0823 0.8695
vn 0.9860 -0.1668 -0.0000
vn 0.8519 -0.1441 -0.5035
vn 0.9976 -0.0693 -0.0000
vn 0.9995 0.0310 -0.0000
vn 0.8619 -0.0599 -0.5036
vn 0.8635 0.0268 -0.5036
vn 0.4926 -0.0342 -0.8696
vn 0.4935 0.0153 -0.8696
vn -0.0082 0.0006 -1.0000
vn 0.4871 -0.0823 -0.8695
vn -0.0078 0.0013 -1.0000
vn 0.4774 -0.1281 -0.8693
vn 0.8346 -0.2239 -0.5033
vn -0.0074 0.0020 -1.0000
vn -0.4884 0.1309 -0.8627
vn -0.0067 0.0024 -1.0000
vn -0.4744 0.1740 -0.8629
vn -0.8148 0.2987 -0.4969
vn -0.4579 0.2128 -0.8632
vn -0.7869 0.3656 -0.4972
vn -0.4399 0.2469 -0.8634
vn -0.9389 0.3442 -0.0000
vn -0.8383 0.2246 -0.4967
vn -0.8559 0.1445 -0.4966
vn -0.9659 0.2588 -0.0000
vn -0.9860 0.1665 -0.0000
vn -0.8383 0.2246 0.4967
vn -0.8559 0.1445 0.4966
vn -0.4989 0.0842 0.8626
vn -0.8660 0.0600 0.4965
vn -0.8677 -0.0270 0.4964
vn -0.9976 0.0691 -0.0000
vn -0.5049 0.0350 0.8625
vn -0.0082 0.0006 1.0000
vn -0.5059 -0.0157 0.8624
vn -0.5018 -0.0668 0.8624
vn -0.0083 -0.0003 1.0000
vn -0.0083 -0.0011 1.0000
vn 0.4935 0.0153 0.8696
vn 0.4894 0.0652 0.8696
vn 0.8635 0.0268 0.5036
vn 0.4926 -0.0342 0.8696
vn 0.8563 0.1141 0.5037
vn 0.9912 0.1320 -0.0000
vn 0.8404 0.2002 0.5036
vn 0.8160 0.2837 0.5036
vn 0.4803 0.1144 0.8696
vn 0.9728 0.2317 -0.0000
vn 0.8404 0.2002 -0.5036
vn 0.9445 0.3284 -0.0000
vn 0.9071 0.4209 -0.0000
vn 0.8160 0.2837 -0.5036
vn 0.7837 0.3636 -0.5036
vn 0.4664 0.1622 -0.8696
vn 0.4480 0.2078 -0.8696
vn -0.0078 -0.0027 -1.0000
vn 0.4803 0.1144 -0.8696
vn -0.0081 -0.0019 -1.0000
vn 0.4893 0.0652 -0.8696
vn 0.8563 0.1141 -0.5037
vn -0.0083 -0.0011 -1.0000
vn -0.5018 -0.0668 -0.8624
vn -0.0083 -0.0003 -1.0000
vn -0.5059 -0.0157 -0.8624
vn -0.8677 -0.0270 -0.4964
vn -0.5049 0.0350 -0.8625
vn -0.8660 0.0600 -0.4965
vn -0.4989 0.0842 -0.8626
vn -0.9995 -0.0311 -0.0000
vn -0.8605 -0.1146 -0.4964
vn -0.8445 -0.2011 -0.4964
vn -0.9912 -0.1320 -0.0000
vn -0.9728 -0.2317 -0.0000
vn -0.8605 -0.1146 0.4964
vn -0.8445 -0.2011 0.4964
vn -0.4924 -0.1173 0.8624
vn -0.8199 -0.2850 0.4965
vn -0.7874 -0.3653 0.4965
vn -0.9446 -0.3284 -0.0000
vn -0.4781 -0.1662 0.8625
vn -0.0078 -0.0027 1.0000
vn -0.4591 -0.2130 0.8625
vn -0.4358 -0.2572 0.8625
vn -0.0074 -0.0034 1.0000
vn -0.0070 -0.0041 1.0000
vn 0.4480 0.2078 0.8696
vn 0.4253 0.2510 0.8695
vn 0.7837 0.3636 0.5036
vn 0.4664 0.1622 0.8696
vn 0.7440 0.4392 0.5035
vn 0.8612 0.5083 -0.0000
vn 0.6974 0.5099 0.5035
vn 0.6442 0.5757 0.5035
vn 0.3987 0.2915 0.8695
vn 0.8072 0.5902 -0.0000
vn 0.6974 0.5099 -0.5035
vn 0.7456 0.6664 -0.0000
vn 0.6763 0.7366 -0.0000
vn 0.6442 0.5757 -0.5035
vn 0.5843 0.6364 -0.5036
vn 0.3683 0.3291 -0.8695
vn 0.3340 0.3638 -0.8696
vn -0.0060 -0.0054 -1.0000
vn 0.3987 0.2915 -0.8695
vn -0.0065 -0.0048 -1.0000
vn 0.4253 0.2510 -0.8695
vn 0.7440 0.4392 -0.5035
vn -0.0070 -0.0041 -1.0000
vn -0.4358 -0.2572 -0.8625
vn -0.0074 -0.0034 -1.0000
vn -0.4591 -0.2130 -0.8625
vn -0.7874 -0.3653 -0.4965
vn -0.4781 -0.1662 -0.8625
vn -0.8199 -0.2850 -0.4965
vn -0.4924 -0.1173 -0.8624
vn -0.9071 -0.4208 -0.0000
vn -0.7475 -0.4412 -0.4965
vn -0.7007 -0.5123 -0.4965
vn -0.8612 -0.5083 -0.0000
vn -0.8073 -0.5902 -0.0000
vn -0.7475 -0.4412 0.4965
vn -0.7007 -0.5123 0.4965
vn -0.4085 -0.2986 0.8625
vn -0.6472 -0.5785 0.4965
vn -0.5870 -0.6395 0.4965
vn -0.7456 -0.6664 -0.0000
vn -0.3773 -0.3372 0.8625
vn -0.0060 -0.0054 1.0000
vn -0.3422 -0.3728 0.8625
vn -0.3032 -0.4053 0.8624
vn -0.0055 -0.0060 1.0000
vn -0.0050 -0.0067 1.0000
vn 0.3340 0.3638 0.8696
vn 0.2958 0.3953 0.8696
vn 0.5843 0.6364 0.5036
vn 0.3683 0.3291 0.8695
vn 0.5176 0.6917 0.5036
vn 0.5992 0.8006 -0.0000
vn 0.4438 0.7411 0.5038
vn 0.3624 0.7840 0.5039
vn 0.2535 0.4234 0.8697
vn 0.5138 0.8579 -0.0000
vn 0.4438 0.7411 -0.5038
vn 0.4196 0.9077 -0.0000
vn 0.3167 0.9485 -0.0000
vn 0.3624 0.7840 -0.5039
vn 0.2735 0.8192 -0.5041
vn 0.2069 0.4477 -0.8699
vn 0.1561 0.4676 -0.8701
vn -0.0037 -0.0081 -1.0000
vn 0.2535 0.4234 -0.8697
vn -0.0044 -0.0074 -1.0000
vn 0.2958 0.3953 -0.8696
vn 0.5176 0.6917 -0.5036
vn -0.0050 -0.0067 -1.0000
vn -0.3033 -0.4053 -0.8624
vn -0.0055 -0.0060 -1.0000
vn -0.3422 -0.3728 -0.8625
vn -0.5870 -0.6395 -0.4965
vn -0.3773 -0.3372 -0.8625
vn -0.6472 -0.5785 -0.4965
vn -0.4085 -0.2986 -0.8625
vn -0.6763 -0.7367 -0.0000
vn -0.5200 -0.6951 -0.4964
vn -0.4458 -0.7449 -0.4963
vn -0.5990 -0.8007 -0.0000
vn -0.5135 -0.8581 -0.0000
vn -0.5200 -0.6951 0.4964
vn -0.4458 -0.7449 0.4963
vn -0.2601 -0.4345 0.8623
vn -0.3641 -0.7882 0.4962
vn -0.2747 -0.8237 0.4960
vn -0.4193 -0.9078 -0.0000
vn -0.2125 -0.4599 0.8622
vn -0.0037 -0.0081 1.0000
vn -0.1604 -0.4809 0.8620
vn -0.1041 -0.4964 0.8618
vn -0.0029 -0.0088 1.0000
vn -0.0020 -0.0095 1.0000
vn 0.1561 0.4676 0.8701
vn 0.1012 0.4822 0.8702
vn 0.2735 0.8192 0.5041
vn 0.2069 0.4477 0.8699
vn 0.1775 0.8451 0.5042
vn 0.2055 0.9787 -0.0000
vn 0.0751 0.8602 0.5044
vn -0.0332 0.8627 0.5046
vn 0.0428 0.4905 0.8704
vn 0.0870 0.9962 -0.0000
vn 0.0751 0.8602 -0.5044
vn -0.0384 0.9993 -0.0000
vn -0.1700 0.9855 -0.0000
vn -0.0332 0.8627 -0.5046
vn -0.1468 0.8506 -0.5049
vn -0.0190 0.4916 -0.8706
vn -0.0836 0.4843 -0.8709
vn 0.0004 -0.0106 -0.9999
vn 0.0428 0.4905 -0.8704
vn -0.0009 -0.0100 -0.9999
vn 0.1012 0.4822 -0.8702
vn 0.1775 0.8451 -0.5042
vn -0.0020 -0.0095 -1.0000
vn -0.1041 -0.4964 -0.8618
vn -0.0029 -0.0088 -1.0000
vn -0.1604 -0.4809 -0.8620
vn -0.2747 -0.8237 -0.4960
vn -0.2125 -0.4599 -0.8622
vn -0.3641 -0.7882 -0.4962
vn -0.2601 -0.4345 -0.8623
vn -0.3163 -0.9486 -0.0000
vn -0.1782 -0.8499 -0.4959
vn -0.0752 -0.8652 -0.4957
vn -0.2052 -0.9787 -0.0000
vn -0.0865 -0.9963 -0.0000
vn -0.1782 -0.8499 0.4959
vn -0.0752 -0.8652 0.4957
vn -0.0439 -0.5056 0.8617
vn 0.0339 -0.8680 0.4955
vn 0.1483 -0.8560 0.4952
vn 0.0390 -0.9992 -0.0000
vn 0.0198 -0.5075 0.8614
vn 0.0004 -0.0106 0.9999
vn 0.0867 -0.5009 0.8612
vn 0.1564 -0.4843 0.8608
vn 0.0019 -0.0111 0.9999
vn 0.0037 -0.0114 0.9999
vn -0.0836 0.4843 0.8709
vn -0.1506 0.4673 0.8712
vn -0.1468 0.8506 0.5049
vn -0.0190 0.4916 0.8706
vn -0.2646 0.8214 0.5052
vn -0.3065 0.9519 -0.0000
vn -0.3846 0.7723 0.5056
vn -0.5028 0.7008 0.5060
vn -0.2186 0.4388 0.8716
vn -0.4457 0.8952 -0.0000
vn -0.3846 0.7723 -0.5056
vn -0.5829 0.8125 -0.0000
vn -0.7116 0.7026 -0.0000
vn -0.5028 0.7008 -0.5060
vn -0.6137 0.6059 -0.5063
vn -0.2855 0.3978 -0.8719
vn -0.3481 0.3436 -0.8722
vn 0.0080 -0.0110 -0.9999
vn -0.2186 0.4388 -0.8716
vn 0.0057 -0.0114 -0.9999
vn -0.1506 0.4673 -0.8712
vn -0.2646 0.8214 -0.5052
vn 0.0037 -0.0114 -0.9999
vn 0.1564 -0.4843 -0.8608
vn 0.0019 -0.0111 -0.9999
vn 0.0867 -0.5009 -0.8612
vn 0.1483 -0.8560 -0.4952
vn 0.0198 -0.5075 -0.8614
vn 0.0339 -0.8680 -0.4955
vn -0.0439 -0.5056 -0.8617
vn 0.1707 -0.9853 -0.0000
vn 0.2671 -0.8269 -0.4949
vn 0.3881 -0.7777 -0.4945
vn 0.3074 -0.9516 -0.0000
vn 0.4465 -0.8948 -0.0000
vn 0.2671 -0.8269 0.4949
vn 0.3881 -0.7777 0.4945
vn 0.2274 -0.4559 0.8605
vn 0.5074 -0.7059 0.4942
vn 0.6190 -0.6106 0.4939
vn 0.5836 -0.8120 -0.0000
vn 0.2976 -0.4142 0.8601
vn 0.0080 -0.0110 0.9999
vn 0.3635 -0.3585 0.8599
vn 0.4205 -0.2899 0.8597
vn 0.0102 -0.0100 0.9999
vn 0.0120 -0.0083 0.9999
vn -0.3481 0.3436 0.8722
vn -0.4025 0.2775 0.8723
vn -0.6137 0.6059 0.5063
vn -0.2855 0.3978 0.8719
vn -0.7098 0.4895 0.5064
vn -0.8232 0.5677 -0.0000
vn -0.7847 0.3575 0.5064
vn -0.8344 0.2184 0.5061
vn -0.4450 0.2028 0.8723
vn -0.9100 0.4145 -0.0000
vn -0.7847 0.3575 -0.5064
vn -0.9674 0.2532 -0.0000
vn -0.8344 0.2184 -0.5061
vn -0.8589 0.0817 -0.5056
vn -0.4735 0.1240 -0.8720
vn -0.4881 0.0465 -0.8715
vn 0.0133 -0.0035 -0.9999
vn -0.4450 0.2028 -0.8723
vn 0.0131 -0.0060 -0.9999
vn -0.4025 0.2775 -0.8723
vn -0.7098 0.4895 -0.5064
vn 0.0120 -0.0083 -0.9999
vn 0.4205 -0.2899 -0.8597
vn 0.0102 -0.0100 -0.9999
vn 0.3635 -0.3585 -0.8599
vn 0.6190 -0.6106 -0.4939
vn 0.2976 -0.4142 -0.8601
vn 0.5074 -0.7059 -0.4942
vn 0.2274 -0.4559 -0.8605
vn 0.7120 -0.7022 -0.0000
vn 0.7159 -0.4936 -0.4938
vn 0.7912 -0.3607 -0.4939
vn 0.8233 -0.5676 -0.0000
vn 0.9099 -0.4149 -0.0000
vn 0.7159 -0.4936 0.4938
vn 0.7912 -0.3607 0.4939
vn 0.4646 -0.2118 0.8598
vn 0.8409 -0.2207 0.4941
vn 0.8652 -0.0829 0.4946
vn 0.9672 -0.2539 -0.0000
vn 0.4935 -0.1295 0.8601
vn 0.0133 -0.0035 0.9999
vn 0.5071 -0.0485 0.8605
vn 0.5079 0.0265 0.8610
vn 0.0127 -0.0012 0.9999
vn 0.0115 0.0006 0.9999
vn -0.4881 0.0465 0.8716
vn -0.4906 -0.0258 0.8710
vn -0.8589 0.0817 0.5056
vn -0.4735 0.1240 0.8720
vn -0.8619 -0.0454 0.5050
vn -0.9986 -0.0527 -0.0000
vn -0.8488 -0.1584 0.5045
vn -0.8249 -0.2560 0.5039
vn -0.4839 -0.0903 0.8704
vn -0.9830 -0.1835 -0.0000
vn -0.8488 -0.1584 -0.5045
vn -0.9551 -0.2964 -0.0000
vn -0.8249 -0.2560 -0.5039
vn -0.9454 0.3259 -0.0000
vn -0.8535 0.3626 0.3743
vn -0.8535 0.3626 -0.3743
vn -0.6006 0.4634 -0.6516
vn -0.6006 0.4634 0.6516
vn -0.2510 0.6029 -0.7573
vn -0.4711 -0.1462 -0.8699
vn 0.0086 0.0026 -1.0000
vn -0.4839 -0.0903 -0.8704
vn 0.0100 0.0019 -0.9999
vn -0.4906 -0.0258 -0.8710
vn -0.8619 -0.0454 -0.5050
vn 0.0115 0.0006 -0.9999
vn 0.5079 0.0265 -0.8610
vn 0.0127 -0.0012 -0.9999
vn 0.5071 -0.0485 -0.8605
vn 0.8652 -0.0829 -0.4946
vn 0.4935 -0.1295 -0.8601
vn 0.8409 -0.2207 -0.4941
vn 0.4646 -0.2118 -0.8598
vn 0.9954 -0.0954 -0.0000
vn 0.8677 0.0451 -0.4951
vn 0.8539 0.1589 -0.4956
vn 0.9987 0.0519 -0.0000
vn 0.9831 0.1830 -0.0000
vn 0.8677 0.0451 0.4951
vn 0.8539 0.1589 0.4956
vn 0.4990 0.0929 0.8616
vn 0.8293 0.2571 0.4961
vn 0.9552 0.2961 -0.0000
vn 0.4840 0.1500 0.8621
vn 0.3647 0.8489 0.3826
vn 0.3647 0.8489 -0.3826
vn 0.4610 0.8874 -0.0000
vn 0.1030 0.7443 0.6598
vn -0.2510 0.6029 0.7573
vn 0.1030 0.7443 -0.6598
vn 0.4839 0.1500 -0.8621
vn 0.8293 0.2571 -0.4961
vn 0.4990 0.0929 -0.8616
vn 0.0086 0.0026 1.0000
vn -0.4711 -0.1462 0.8699
vn 0.0100 0.0019 0.9999
vn 0.0131 -0.0060 0.9999
vn 0.0057 -0.0114 0.9999
vn -0.0009 -0.0100 0.9999
vn -0.0044 -0.0074 1.0000
vn -0.0065 -0.0048 1.0000
vn -0.0081 -0.0019 1.0000
vn -0.0078 0.0013 1.0000
vn -0.0052 0.0029 1.0000
vn -0.0029 0.0027 1.0000
vn -0.0016 0.0021 1.0000
vn -0.0008 0.0013 1.0000
vn -0.0001 0.0002 1.0000
vn 0.0007 -0.0011 1.0000
vn 0.0013 -0.0018 1.0000
vn 0.0023 -0.0015 1.0000
vn 0.0028 -0.0012 1.0000
vn 0.0033 -0.0009 1.0000
vn 0.0037 -0.0004 1.0000
vn 0.0041 0.0004 1.0000
vn 0.0044 0.0014 1.0000
vn 0.0043 0.0026 1.0000
vn 0.0035 0.0035 1.0000
vn 0.0022 0.0035 1.0000
vn 0.0019 0.0055 1.0000
vn -0.0001 0.0077 1.0000
vn -0.0033 0.0051 1.0000
vt 0.454545 0.000000
vt 0.000000 0.000000
vt 0.363636 0.000000
vt 0.090909 0.000000
vt 0.991597 0.083333
vt 1.000000 0.083333
vt 1.000000 0.000000
vt 0.991597 0.000000
vt 0.991597 1.000000
vt 1.000000 1.000000
vt 1.000000 0.916667
vt 0.991597 0.916667
vt 0.983193 1.000000
vt 0.983193 0.916667
vt 0.983193 0.083333
vt 0.983193 0.000000
vt 0.974790 0.083333
vt 0.974790 0.000000
vt 0.974790 1.000000
vt 0.974790 0.916667
vt 0.974790 0.166667
vt 0.983193 0.166667
vt 0.991597 0.166667
vt 0.974790 0.250000
vt 0.983193 0.250000
vt 0.991597 0.250000
vt 1.000000 0.166667
vt 1.000000 0.250000
vt 0.272727 0.000000
vt 0.181818 0.000000
vt 0.991597 0.333333
vt 1.000000 0.333333
vt 0.983193 0.333333
vt 0.983193 0.416667
vt 0.991597 0.416667
vt 1.000000 0.416667
vt 0.983193 0.500000
vt 0.991597 0.500000
vt 1.000000 0.500000
vt 0.983193 0.583333
vt 0.991597 0.583333
vt 1.000000 0.583333
vt 0.545455 0.000000
vt 0.909091 0.000000
vt 0.636364 0.000000
vt 0.818182 0.000000
vt 0.727273 0.000000
vt 0.991597 0.666667
vt 1.000000 0.666667
vt 0.991597 0.750000
vt 1.000000 0.750000
vt 0.983193 0.750000
vt 0.983193 0.666667
vt 0.974790 0.750000
vt 0.974790 0.666667
vt 0.974790 0.583333
vt 0.974790 0.833333
vt 0.983193 0.833333
vt 0.991597 0.833333
vt 1.000000 0.833333
vt 0.966387 0.833333
vt 0.966387 0.750000
vt 0.966387 0.916667
vt 0.957983 0.916667
vt 0.957983 0.833333
vt 0.957983 0.750000
vt 0.957983 1.000000
vt 0.966387 1.000000
vt 0.957983 0.083333
vt 0.966387 0.083333
vt 0.966387 0.000000
vt 0.957983 0.000000
vt 0.957983 0.166667
vt 0.966387 0.166667
vt 0.957983 0.250000
vt 0.966387 0.250000
vt 0.957983 0.333333
vt 0.966387 0.333333
vt 0.974790 0.333333
vt 0.966387 0.416667
vt 0.974790 0.416667
vt 0.966387 0.500000
vt 0.974790 0.500000
vt 0.966387 0.583333
vt 0.966387 0.666667
vt 0.957983 0.583333
vt 0.957983 0.500000
vt 0.957983 0.666667
vt 0.949580 0.666667
vt 0.949580 0.583333
vt 0.949580 0.500000
vt 0.949580 0.750000
vt 0.941176 0.750000
vt 0.941176 0.666667
vt 0.941176 0.583333
vt 0.941176 0.833333
vt 0.949580 0.833333
vt 0.941176 0.916667
vt 0.949580 0.916667
vt 0.941176 1.000000
vt 0.949580 1.000000
vt 0.941176 0.083333
vt 0.949580 0.083333
vt 0.949580 0.000000
vt 0.941176 0.000000
vt 0.941176 0.166667
vt 0.949580 0.166667
vt 0.941176 0.250000
vt 0.949580 0.250000
vt 0.941176 0.333333
vt 0.949580 0.333333
vt 0.949580 0.416667
vt 0.957983 0.416667
vt 0.941176 0.416667
vt 0.932773 0.416667
vt 0.932773 0.333333
vt 0.932773 0.250000
vt 0.932773 0.500000
vt 0.941176 0.500000
vt 0.932773 0.583333
vt 0.932773 0.666667
vt 0.924370 0.583333
vt 0.924370 0.500000
vt 0.924370 0.666667
vt 0.915966 0.666667
vt 0.915966 0.583333
vt 0.915966 0.500000
vt 0.924370 0.750000
vt 0.932773 0.750000
vt 0.915966 0.750000
vt 0.907563 0.750000
vt 0.907563 0.666667
vt 0.907563 0.583333
vt 0.907563 0.833333
vt 0.915966 0.833333
vt 0.924370 0.833333
vt 0.907563 0.916667
vt 0.915966 0.916667
vt 0.924370 0.916667
vt 0.932773 0.833333
vt 0.932773 0.916667
vt 0.924370 1.000000
vt 0.932773 1.000000
vt 0.924370 0.083333
vt 0.932773 0.083333
vt 0.932773 0.000000
vt 0.924370 0.000000
vt 0.924370 0.166667
vt 0.932773 0.166667
vt 0.924370 0.250000
vt 0.924370 0.333333
vt 0.915966 0.250000
vt 0.915966 0.166667
vt 0.915966 0.333333
vt 0.907563 0.333333
vt 0.907563 0.250000
vt 0.907563 0.166667
vt 0.915966 0.416667
vt 0.924370 0.416667
vt 0.907563 0.416667
vt 0.899160 0.416667
vt 0.899160 0.333333
vt 0.899160 0.250000
vt 0.899160 0.500000
vt 0.907563 0.500000
vt 0.899160 0.583333
vt 0.899160 0.666667
vt 0.890756 0.583333
vt 0.890756 0.500000
vt 0.890756 0.666667
vt 0.882353 0.666667
vt 0.882353 0.583333
vt 0.882353 0.500000
vt 0.890756 0.750000
vt 0.899160 0.750000
vt 0.882353 0.750000
vt 0.873950 0.750000
vt 0.873950 0.666667
vt 0.873950 0.583333
vt 0.873950 0.833333
vt 0.882353 0.833333
vt 0.890756 0.833333
vt 0.873950 0.916667
vt 0.882353 0.916667
vt 0.890756 0.916667
vt 0.899160 0.833333
vt 0.899160 0.916667
vt 0.890756 1.000000
vt 0.899160 1.000000
vt 0.907563 1.000000
vt 0.915966 1.000000
vt 0.907563 0.083333
vt 0.915966 0.083333
vt 0.915966 0.000000
vt 0.907563 0.000000
vt 0.899160 0.083333
vt 0.899160 0.000000
vt 0.899160 0.166667
vt 0.890756 0.166667
vt 0.890756 0.083333
vt 0.890756 0.000000
vt 0.890756 0.250000
vt 0.890756 0.333333
vt 0.882353 0.250000
vt 0.882353 0.166667
vt 0.882353 0.333333
vt 0.873950 0.333333
vt 0.873950 0.250000
vt 0.873950 0.166667
vt 0.882353 0.416667
vt 0.890756 0.416667
vt 0.873950 0.416667
vt 0.865546 0.416667
vt 0.865546 0.333333
vt 0.865546 0.250000
vt 0.865546 0.500000
vt 0.873950 0.500000
vt 0.865546 0.583333
vt 0.865546 0.666667
vt 0.857143 0.583333
vt 0.857143 0.500000
vt 0.857143 0.666667
vt 0.848740 0.666667
vt 0.848740 0.583333
vt 0.848740 0.500000
vt 0.857143 0.750000
vt 0.865546 0.750000
vt 0.848740 0.750000
vt 0.840336 0.750000
vt 0.840336 0.666667
vt 0.840336 0.583333
vt 0.840336 0.833333
vt 0.848740 0.833333
vt 0.857143 0.833333
vt 0.840336 0.916667
vt 0.848740 0.916667
vt 0.857143 0.916667
vt 0.865546 0.833333
vt 0.865546 0.916667
vt 0.857143 1.000000
vt 0.865546 1.000000
vt 0.873950 1.000000
vt 0.882353 1.000000
vt 0.873950 0.083333
vt 0.882353 0.083333
vt 0.882353 0.000000
vt 0.873950 0.000000
vt 0.865546 0.083333
vt 0.865546 0.000000
vt 0.865546 0.166667
vt 0.857143 0.166667
vt 0.857143 0.083333
vt 0.857143 0.000000
vt 0.857143 0.250000
vt 0.857143 0.333333
vt 0.848740 0.250000
vt 0.848740 0.166667
vt 0.848740 0.333333
vt 0.840336 0.333333
vt 0.840336 0.250000
vt 0.840336 0.166667
vt 0.848740 0.416667
vt 0.857143 0.416667
vt 0.840336 0.416667
vt 0.831933 0.416667
vt 0.831933 0.333333
vt 0.831933 0.250000
vt 0.831933 0.500000
vt 0.840336 0.500000
vt 0.831933 0.583333
vt 0.831933 0.666667
vt 0.823529 0.583333
vt 0.823529 0.500000
vt 0.823529 0.666667
vt 0.815126 0.666667
vt 0.815126 0.583333
vt 0.815126 0.500000
vt 0.823529 0.750000
vt 0.831933 0.750000
vt 0.815126 0.750000
vt 0.806723 0.750000
vt 0.806723 0.666667
vt 0.806723 0.583333
vt 0.806723 0.833333
vt 0.815126 0.833333
vt 0.823529 0.833333
vt 0.806723 0.916667
vt 0.815126 0.916667
vt 0.823529 0.916667
vt 0.831933 0.833333
vt 0.831933 0.916667
vt 0.823529 1.000000
vt 0.831933 1.000000
vt 0.840336 1.000000
vt 0.848740 1.000000
vt 0.840336 0.083333
vt 0.848740 0.083333
vt 0.848740 0.000000
vt 0.840336 0.000000
vt 0.831933 0.083333
vt 0.831933 0.000000
vt 0.831933 0.166667
vt 0.823529 0.166667
vt 0.823529 0.083333
vt 0.823529 0.000000
vt 0.823529 0.250000
vt 0.823529 0.333333
vt 0.815126 0.250000
vt 0.815126 0.166667
vt 0.815126 0.333333
vt 0.806723 0.333333
vt 0.806723 0.250000
vt 0.806723 0.166667
vt 0.815126 0.416667
vt 0.823529 0.416667
vt 0.806723 0.416667
vt 0.798319 0.416667
vt 0.798319 0.333333
vt 0.798319 0.250000
vt 0.798319 0.500000
vt 0.806723 0.500000
vt 0.798319 0.583333
vt 0.798319 0.666667
vt 0.789916 0.583333
vt 0.789916 0.500000
vt 0.789916 0.666667
vt 0.781513 0.666667
vt 0.781513 0.583333
vt 0.781513 0.500000
vt 0.789916 0.750000
vt 0.798319 0.750000
vt 0.781513 0.750000
vt 0.773109 0.750000
vt 0.773109 0.666667
vt 0.773109 0.583333
vt 0.773109 0.833333
vt 0.781513 0.833333
vt 0.789916 0.833333
vt 0.773109 0.916667
vt 0.781513 0.916667
vt 0.789916 0.916667
vt 0.798319 0.833333
vt 0.798319 0.916667
vt 0.789916 1.000000
vt 0.798319 1.000000
vt 0.806723 1.000000
vt 0.815126 1.000000
vt 0.806723 0.083333
vt 0.815126 0.083333
vt 0.815126 0.000000
vt 0.806723 0.000000
vt 0.798319 0.083333
vt 0.798319 0.000000
vt 0.798319 0.166667
vt 0.789916 0.166667
vt 0.789916 0.083333
vt 0.789916 0.000000
vt 0.789916 0.250000
vt 0.789916 0.333333
vt 0.781513 0.250000
vt 0.781513 0.166667
vt 0.781513 0.333333
vt 0.773109 0.333333
vt 0.773109 0.250000
vt 0.773109 0.166667
vt 0.781513 0.416667
vt 0.789916 0.416667
vt 0.773109 0.416667
vt 0.764706 0.416667
vt 0.764706 0.333333
vt 0.764706 0.250000
vt 0.764706 0.500000
vt 0.773109 0.500000
vt 0.764706 0.583333
vt 0.764706 0.666667
vt 0.756303 0.583333
vt 0.756303 0.500000
vt 0.756303 0.666667
vt 0.747899 0.666667
vt 0.747899 0.583333
vt 0.747899 0.500000
vt 0.756303 0.750000
vt 0.764706 0.750000
vt 0.747899 0.750000
vt 0.739496 0.750000
vt 0.739496 0.666667
vt 0.739496 0.583333
vt 0.739496 0.833333
vt 0.747899 0.833333
vt 0.756303 0.833333
vt 0.739496 0.916667
vt 0.747899 0.916667
vt 0.756303 0.916667
vt 0.764706 0.833333
vt 0.764706 0.916667
vt 0.756303 1.000000
vt 0.764706 1.000000
vt 0.773109 1.000000
vt 0.781513 1.000000
vt 0.773109 0.083333
vt 0.781513 0.083333
vt 0.781513 0.000000
vt 0.773109 0.000000
vt 0.764706 0.083333
vt 0.764706 0.000000
vt 0.764706 0.166667
vt 0.756303 0.166667
vt 0.756303 0.083333
vt 0.756303 0.000000
vt 0.756303 0.250000
vt 0.756303 0.333333
vt 0.747899 0.250000
vt 0.747899 0.166667
vt 0.747899 0.333333
vt 0.739496 0.333333
vt 0.739496 0.250000
vt 0.739496 0.166667
vt 0.747899 0.416667
vt 0.756303 0.416667
vt 0.739496 0.416667
vt 0.731092 0.416667
vt 0.731092 0.333333
vt 0.731092 0.250000
vt 0.731092 0.500000
vt 0.739496 0.500000
vt 0.731092 0.583333
vt 0.731092 0.666667
vt 0.722689 0.583333
vt 0.722689 0.500000
vt 0.722689 0.666667
vt 0.714286 0.666667
vt 0.714286 0.583333
vt 0.714286 0.500000
vt 0.722689 0.750000
vt 0.731092 0.750000
vt 0.714286 0.750000
vt 0.705882 0.750000
vt 0.705882 0.666667
vt 0.705882 0.583333
vt 0.705882 0.833333
vt 0.714286 0.833333
vt 0.722689 0.833333
vt 0.705882 0.916667
vt 0.714286 0.916667
vt 0.722689 0.916667
vt 0.731092 0.833333
vt 0.731092 0.916667
vt 0.722689 1.000000
vt 0.731092 1.000000
vt 0.739496 1.000000
vt 0.747899 1.000000
vt 0.739496 0.083333
vt 0.747899 0.083333
vt 0.747899 0.000000
vt 0.739496 0.000000
vt 0.731092 0.083333
vt 0.731092 0.000000
vt 0.731092 0.166667
vt 0.722689 0.166667
vt 0.722689 0.083333
vt 0.722689 0.000000
vt 0.722689 0.250000
vt 0.722689 0.333333
vt 0.714286 0.250000
vt 0.714286 0.166667
vt 0.714286 0.333333
vt 0.705882 0.333333
vt 0.705882 0.250000
vt 0.705882 0.166667
vt 0.714286 0.416667
vt 0.722689 0.416667
vt 0.705882 0.416667
vt 0.697479 0.416667
vt 0.697479 0.333333
vt 0.697479 0.250000
vt 0.697479 0.500000
vt 0.705882 0.500000
vt 0.697479 0.583333
vt 0.697479 0.666667
vt 0.689076 0.583333
vt 0.689076 0.500000
vt 0.689076 0.666667
vt 0.680672 0.666667
vt 0.680672 0.583333
vt 0.680672 0.500000
vt 0.689076 0.750000
vt 0.697479 0.750000
vt 0.680672 0.750000
vt 0.672269 0.750000
vt 0.672269 0.666667
vt 0.672269 0.583333
vt 0.672269 0.833333
vt 0.680672 0.833333
vt 0.689076 0.833333
vt 0.672269 0.916667
vt 0.680672 0.916667
vt 0.689076 0.916667
vt 0.697479 0.833333
vt 0.697479 0.916667
vt 0.689076 1.000000
vt 0.697479 1.000000
vt 0.705882 1.000000
vt 0.714286 1.000000
vt 0.705882 0.083333
vt 0.714286 0.083333
vt 0.714286 0.000000
vt 0.705882 0.000000
vt 0.697479 0.083333
vt 0.697479 0.000000
vt 0.697479 0.166667
vt 0.689076 0.166667
vt 0.689076 0.083333
vt 0.689076 0.000000
vt 0.689076 0.250000
vt 0.689076 0.333333
vt 0.680672 0.250000
vt 0.680672 0.166667
vt 0.680672 0.333333
vt 0.672269 0.333333
vt 0.672269 0.250000
vt 0.672269 0.166667
vt 0.680672 0.416667
vt 0.689076 0.416667
vt 0.672269 0.416667
vt 0.663866 0.416667
vt 0.663866 0.333333
vt 0.663866 0.250000
vt 0.663866 0.500000
vt 0.672269 0.500000
vt 0.663866 0.583333
vt 0.663866 0.666667
vt 0.655462 0.583333
vt 0.655462 0.500000
vt 0.655462 0.666667
vt 0.647059 0.666667
vt 0.647059 0.583333
vt 0.647059 0.500000
vt 0.655462 0.750000
vt 0.663866 0.750000
vt 0.647059 0.750000
vt 0.638655 0.750000
vt 0.638655 0.666667
vt 0.638655 0.583333
vt 0.638655 0.833333
vt 0.647059 0.833333
vt 0.655462 0.833333
vt 0.638655 0.916667
vt 0.647059 0.916667
vt 0.655462 0.916667
vt 0.663866 0.833333
vt 0.663866 0.916667
vt 0.655462 1.000000
vt 0.663866 1.000000
vt 0.672269 1.000000
vt 0.680672 1.000000
vt 0.672269 0.083333
vt 0.680672 0.083333
vt 0.680672 0.000000
vt 0.672269 0.000000
vt 0.663866 0.083333
vt 0.663866 0.000000
vt 0.663866 0.166667
vt 0.655462 0.166667
vt 0.655462 0.083333
vt 0.655462 0.000000
vt 0.655462 0.250000
vt 0.655462 0.333333
vt 0.647059 0.250000
vt 0.647059 0.166667
vt 0.647059 0.333333
vt 0.638655 0.333333
vt 0.638655 0.250000
vt 0.638655 0.166667
vt 0.647059 0.416667
vt 0.655462 0.416667
vt 0.638655 0.416667
vt 0.630252 0.416667
vt 0.630252 0.333333
vt 0.630252 0.250000
vt 0.630252 0.500000
vt 0.638655 0.500000
vt 0.630252 0.583333
vt 0.630252 0.666667
vt 0.621849 0.583333
vt 0.621849 0.500000
vt 0.621849 0.666667
vt 0.613445 0.666667
vt 0.613445 0.583333
vt 0.613445 0.500000
vt 0.621849 0.750000
vt 0.630252 0.750000
vt 0.613445 0.750000
vt 0.605042 0.750000
vt 0.605042 0.666667
vt 0.605042 0.583333
vt 0.605042 0.833333
vt 0.613445 0.833333
vt 0.621849 0.833333
vt 0.605042 0.916667
vt 0.613445 0.916667
vt 0.621849 0.916667
vt 0.630252 0.833333
vt 0.630252 0.916667
vt 0.621849 1.000000
vt 0.630252 1.000000
vt 0.638655 1.000000
vt 0.647059 1.000000
vt 0.638655 0.083333
vt 0.647059 0.083333
vt 0.647059 0.000000
vt 0.638655 0.000000
vt 0.630252 0.083333
vt 0.630252 0.000000
vt 0.630252 0.166667
vt 0.621849 0.166667
vt 0.621849 0.083333
vt 0.621849 0.000000
vt 0.621849 0.250000
vt 0.621849 0.333333
vt 0.613445 0.250000
vt 0.613445 0.166667
vt 0.613445 0.333333
vt 0.605042 0.333333
vt 0.605042 0.250000
vt 0.605042 0.166667
vt 0.613445 0.416667
vt 0.621849 0.416667
vt 0.605042 0.416667
vt 0.596639 0.416667
vt 0.596639 0.333333
vt 0.596639 0.250000
vt 0.596639 0.500000
vt 0.605042 0.500000
vt 0.596639 0.583333
vt 0.596639 0.666667
vt 0.588235 0.583333
vt 0.588235 0.500000
vt 0.588235 0.666667
vt 0.579832 0.666667
vt 0.579832 0.583333
vt 0.579832 0.500000
vt 0.588235 0.750000
vt 0.596639 0.750000
vt 0.579832 0.750000
vt 0.571429 0.750000
vt 0.571429 0.666667
vt 0.571429 0.583333
vt 0.571429 0.833333
vt 0.579832 0.833333
vt 0.588235 0.833333
vt 0.571429 0.916667
vt 0.579832 0.916667
vt 0.588235 0.916667
vt 0.596639 0.833333
vt 0.596639 0.916667
vt 0.588235 1.000000
vt 0.596639 1.000000
vt 0.605042 1.000000
vt 0.613445 1.000000
vt 0.605042 0.083333
vt 0.613445 0.083333
vt 0.613445 0.000000
vt 0.605042 0.000000
vt 0.596639 0.083333
vt 0.596639 0.000000
vt 0.596639 0.166667
vt 0.588235 0.166667
vt 0.588235 0.083333
vt 0.588235 0.000000
vt 0.588235 0.250000
vt 0.588235 0.333333
vt 0.579832 0.250000
vt 0.579832 0.166667
vt 0.579832 0.333333
vt 0.571429 0.333333
vt 0.571429 0.250000
vt 0.571429 0.166667
vt 0.579832 0.416667
vt 0.588235 0.416667
vt 0.571429 0.416667
vt 0.563025 0.416667
vt 0.563025 0.333333
vt 0.563025 0.250000
vt 0.563025 0.500000
vt 0.571429 0.500000
vt 0.563025 0.583333
vt 0.563025 0.666667
vt 0.554622 0.583333
vt 0.554622 0.500000
vt 0.554622 0.666667
vt 0.546219 0.666667
vt 0.546219 0.583333
vt 0.546219 0.500000
vt 0.554622 0.750000
vt 0.563025 0.750000
vt 0.546219 0.750000
vt 0.537815 0.750000
vt 0.537815 0.666667
vt 0.537815 0.583333
vt 0.537815 0.833333
vt 0.546219 0.833333
vt 0.554622 0.833333
vt 0.537815 0.916667
vt 0.546219 0.916667
vt 0.554622 0.916667
vt 0.563025 0.833333
vt 0.563025 0.916667
vt 0.554622 1.000000
vt 0.563025 1.000000
vt 0.571429 1.000000
vt 0.579832 1.000000
vt 0.571429 0.083333
vt 0.579832 0.083333
vt 0.579832 0.000000
vt 0.571429 0.000000
vt 0.563025 0.083333
vt 0.563025 0.000000
vt 0.563025 0.166667
vt 0.554622 0.166667
vt 0.554622 0.083333
vt 0.554622 0.000000
vt 0.554622 0.250000
vt 0.554622 0.333333
vt 0.546219 0.250000
vt 0.546219 0.166667
vt 0.546219 0.333333
vt 0.537815 0.333333
vt 0.537815 0.250000
vt 0.537815 0.166667
vt 0.546219 0.416667
vt 0.554622 0.416667
vt 0.537815 0.416667
vt 0.529412 0.416667
vt 0.529412 0.333333
vt 0.529412 0.250000
vt 0.529412 0.500000
vt 0.537815 0.500000
vt 0.529412 0.583333
vt 0.529412 0.666667
vt 0.521008 0.583333
vt 0.521008 0.500000
vt 0.521008 0.666667
vt 0.512605 0.666667
vt 0.512605 0.583333
vt 0.512605 0.500000
vt 0.521008 0.750000
vt 0.529412 0.750000
vt 0.512605 0.750000
vt 0.504202 0.750000
vt 0.504202 0.666667
vt 0.504202 0.583333
vt 0.504202 0.833333
vt 0.512605 0.833333
vt 0.521008 0.833333
vt 0.504202 0.916667
vt 0.512605 0.916667
vt 0.521008 0.916667
vt 0.529412 0.833333
vt 0.529412 0.916667
vt 0.521008 1.000000
vt 0.529412 1.000000
vt 0.537815 1.000000
vt 0.546219 1.000000
vt 0.537815 0.083333
vt 0.546219 0.083333
vt 0.546219 0.000000
vt 0.537815 0.000000
vt 0.529412 0.083333
vt 0.529412 0.000000
vt 0.529412 0.166667
vt 0.521008 0.166667
vt 0.521008 0.083333
vt 0.521008 0.000000
vt 0.521008 0.250000
vt 0.521008 0.333333
vt 0.512605 0.250000
vt 0.512605 0.166667
vt 0.512605 0.333333
vt 0.504202 0.333333
vt 0.504202 0.250000
vt 0.504202 0.166667
vt 0.512605 0.416667
vt 0.521008 0.416667
vt 0.504202 0.416667
vt 0.495798 0.416667
vt 0.495798 0.333333
vt 0.495798 0.250000
vt 0.495798 0.500000
vt 0.504202 0.500000
vt 0.495798 0.583333
vt 0.495798 0.666667
vt 0.487395 0.583333
vt 0.487395 0.500000
vt 0.487395 0.666667
vt 0.478992 0.666667
vt 0.478992 0.583333
vt 0.478992 0.500000
vt 0.487395 0.750000
vt 0.495798 0.750000
vt 0.478992 0.750000
vt 0.470588 0.750000
vt 0.470588 0.666667
vt 0.470588 0.583333
vt 0.470588 0.833333
vt 0.478992 0.833333
vt 0.487395 0.833333
vt 0.470588 0.916667
vt 0.478992 0.916667
vt 0.487395 0.916667
vt 0.495798 0.833333
vt 0.495798 0.916667
vt 0.487395 1.000000
vt 0.495798 1.000000
vt 0.504202 1.000000
vt 0.512605 1.000000
vt 0.504202 0.083333
vt 0.512605 0.083333
vt 0.512605 0.000000
vt 0.504202 0.000000
vt 0.495798 0.083333
vt 0.495798 0.000000
vt 0.495798 0.166667
vt 0.487395 0.166667
vt 0.487395 0.083333
vt 0.487395 0.000000
vt 0.487395 0.250000
vt 0.487395 0.333333
vt 0.478992 0.250000
vt 0.478992 0.166667
vt 0.478992 0.333333
vt 0.470588 0.333333
vt 0.470588 0.250000
vt 0.470588 0.166667
vt 0.478992 0.416667
vt 0.487395 0.416667
vt 0.470588 0.416667
vt 0.462185 0.416667
vt 0.462185 0.333333
vt 0.462185 0.250000
vt 0.462185 0.500000
vt 0.470588 0.500000
vt 0.462185 0.583333
vt 0.462185 0.666667
vt 0.453782 0.583333
vt 0.453782 0.500000
vt 0.453782 0.666667
vt 0.445378 0.666667
vt 0.445378 0.583333
vt 0.445378 0.500000
vt 0.453782 0.750000
vt 0.462185 0.750000
vt 0.445378 0.750000
vt 0.436975 0.750000
vt 0.436975 0.666667
vt 0.436975 0.583333
vt 0.436975 0.833333
vt 0.445378 0.833333
vt 0.453782 0.833333
vt 0.436975 0.916667
vt 0.445378 0.916667
vt 0.453782 0.916667
vt 0.462185 0.833333
vt 0.462185 0.916667
vt 0.453782 1.000000
vt 0.462185 1.000000
vt 0.470588 1.000000
vt 0.478992 1.000000
vt 0.470588 0.083333
vt 0.478992 0.083333
vt 0.478992 0.000000
vt 0.470588 0.000000
vt 0.462185 0.083333
vt 0.462185 0.000000
vt 0.462185 0.166667
vt 0.453782 0.166667
vt 0.453782 0.083333
vt 0.453782 0.000000
vt 0.453782 0.250000
vt 0.453782 0.333333
vt 0.445378 0.250000
vt 0.445378 0.166667
vt 0.445378 0.333333
vt 0.436975 0.333333
vt 0.436975 0.250000
vt 0.436975 0.166667
vt 0.445378 0.416667
vt 0.453782 0.416667
vt 0.436975 0.416667
vt 0.428571 0.416667
vt 0.428571 0.333333
vt 0.428571 0.250000
vt 0.428571 0.500000
vt 0.436975 0.500000
vt 0.428571 0.583333
vt 0.428571 0.666667
vt 0.420168 0.583333
vt 0.420168 0.500000
vt 0.420168 0.666667
vt 0.411765 0.666667
vt 0.411765 0.583333
vt 0.411765 0.500000
vt 0.420168 0.750000
vt 0.428571 0.750000
vt 0.411765 0.750000
vt 0.403361 0.750000
vt 0.403361 0.666667
vt 0.403361 0.583333
vt 0.403361 0.833333
vt 0.411765 0.833333
vt 0.420168 0.833333
vt 0.403361 0.916667
vt 0.411765 0.916667
vt 0.420168 0.916667
vt 0.428571 0.833333
vt 0.428571 0.916667
vt 0.420168 1.000000
vt 0.428571 1.000000
vt 0.436975 1.000000
vt 0.445378 1.000000
vt 0.436975 0.083333
vt 0.445378 0.083333
vt 0.445378 0.000000
vt 0.436975 0.000000
vt 0.428571 0.083333
vt 0.428571 0.000000
vt 0.428571 0.166667
vt 0.420168 0.166667
vt 0.420168 0.083333
vt 0.420168 0.000000
vt 0.420168 0.250000
vt 0.420168 0.333333
vt 0.411765 0.250000
vt 0.411765 0.166667
vt 0.411765 0.333333
vt 0.403361 0.333333
vt 0.403361 0.250000
vt 0.403361 0.166667
vt 0.411765 0.416667
vt 0.420168 0.416667
vt 0.403361 0.416667
vt 0.394958 0.416667
vt 0.394958 0.333333
vt 0.394958 0.250000
vt 0.394958 0.500000
vt 0.403361 0.500000
vt 0.394958 0.583333
vt 0.394958 0.666667
vt 0.386555 0.583333
vt 0.386555 0.500000
vt 0.386555 0.666667
vt 0.378151 0.666667
vt 0.378151 0.583333
vt 0.378151 0.500000
vt 0.386555 0.750000
vt 0.394958 0.750000
vt 0.378151 0.750000
vt 0.369748 0.750000
vt 0.369748 0.666667
vt 0.369748 0.583333
vt 0.369748 0.833333
vt 0.378151 0.833333
vt 0.386555 0.833333
vt 0.369748 0.916667
vt 0.378151 0.916667
vt 0.386555 0.916667
vt 0.394958 0.833333
vt 0.394958 0.916667
vt 0.386555 1.000000
vt 0.394958 1.000000
vt 0.403361 1.000000
vt 0.411765 1.000000
vt 0.403361 0.083333
vt 0.411765 0.083333
vt 0.411765 0.000000
vt 0.403361 0.000000
vt 0.394958 0.083333
vt 0.394958 0.000000
vt 0.394958 0.166667
vt 0.386555 0.166667
vt 0.386555 0.083333
vt 0.386555 0.000000
vt 0.386555 0.250000
vt 0.386555 0.333333
vt 0.378151 0.250000
vt 0.378151 0.166667
vt 0.378151 0.333333
vt 0.369748 0.333333
vt 0.369748 0.250000
vt 0.369748 0.166667
vt 0.378151 0.416667
vt 0.386555 0.416667
vt 0.369748 0.416667
vt 0.361345 0.416667
vt 0.361345 0.333333
vt 0.361345 0.250000
vt 0.361345 0.500000
vt 0.369748 0.500000
vt 0.361345 0.583333
vt 0.361345 0.666667
vt 0.352941 0.583333
vt 0.352941 0.500000
vt 0.352941 0.666667
vt 0.344538 0.666667
vt 0.344538 0.583333
vt 0.344538 0.500000
vt 0.352941 0.750000
vt 0.361345 0.750000
vt 0.344538 0.750000
vt 0.336134 0.750000
vt 0.336134 0.666667
vt 0.336134 0.583333
vt 0.336134 0.833333
vt 0.344538 0.833333
vt 0.352941 0.833333
vt 0.336134 0.916667
vt 0.344538 0.916667
vt 0.352941 0.916667
vt 0.361345 0.833333
vt 0.361345 0.916667
vt 0.352941 1.000000
vt 0.361345 1.000000
vt 0.369748 1.000000
vt 0.378151 1.000000
vt 0.369748 0.083333
vt 0.378151 0.083333
vt 0.378151 0.000000
vt 0.369748 0.000000
vt 0.361345 0.083333
vt 0.361345 0.000000
vt 0.361345 0.166667
vt 0.352941 0.166667
vt 0.352941 0.083333
vt 0.352941 0.000000
vt 0.352941 0.250000
vt 0.352941 0.333333
vt 0.344538 0.250000
vt 0.344538 0.166667
vt 0.344538 0.333333
vt 0.336134 0.333333
vt 0.336134 0.250000
vt 0.336134 0.166667
vt 0.344538 0.416667
vt 0.352941 0.416667
vt 0.336134 0.416667
vt 0.327731 0.416667
vt 0.327731 0.333333
vt 0.327731 0.250000
vt 0.327731 0.500000
vt 0.336134 0.500000
vt 0.327731 0.583333
vt 0.327731 0.666667
vt 0.319328 0.583333
vt 0.319328 0.500000
vt 0.319328 0.666667
vt 0.310924 0.666667
vt 0.310924 0.583333
vt 0.310924 0.500000
vt 0.319328 0.750000
vt 0.327731 0.750000
vt 0.310924 0.750000
vt 0.302521 0.750000
vt 0.302521 0.666667
vt 0.302521 0.583333
vt 0.302521 0.833333
vt 0.310924 0.833333
vt 0.319328 0.833333
vt 0.302521 0.916667
vt 0.310924 0.916667
vt 0.319328 0.916667
vt 0.327731 0.833333
vt 0.327731 0.916667
vt 0.319328 1.000000
vt 0.327731 1.000000
vt 0.336134 1.000000
vt 0.344538 1.000000
vt 0.336134 0.083333
vt 0.344538 0.083333
vt 0.344538 0.000000
vt 0.336134 0.000000
vt 0.327731 0.083333
vt 0.327731 0.000000
vt 0.327731 0.166667
vt 0.319328 0.166667
vt 0.319328 0.083333
vt 0.319328 0.000000
vt 0.319328 0.250000
vt 0.319328 0.333333
vt 0.310924 0.250000
vt 0.310924 0.166667
vt 0.310924 0.333333
vt 0.302521 0.333333
vt 0.302521 0.250000
vt 0.302521 0.166667
vt 0.310924 0.416667
vt 0.319328 0.416667
vt 0.302521 0.416667
vt 0.294118 0.416667
vt 0.294118 0.333333
vt 0.294118 0.250000
vt 0.294118 0.500000
vt 0.302521 0.500000
vt 0.294118 0.583333
vt 0.294118 0.666667
vt 0.285714 0.583333
vt 0.285714 0.500000
vt 0.285714 0.666667
vt 0.277311 0.666667
vt 0.277311 0.583333
vt 0.277311 0.500000
vt 0.285714 0.750000
vt 0.294118 0.750000
vt 0.277311 0.750000
vt 0.268908 0.750000
vt 0.268908 0.666667
vt 0.268908 0.583333
vt 0.268908 0.833333
vt 0.277311 0.833333
vt 0.285714 0.833333
vt 0.268908 0.916667
vt 0.277311 0.916667
vt 0.285714 0.916667
vt 0.294118 0.833333
vt 0.294118 0.916667
vt 0.285714 1.000000
vt 0.294118 1.000000
vt 0.302521 1.000000
vt 0.310924 1.000000
vt 0.302521 0.083333
vt 0.310924 0.083333
vt 0.310924 0.000000
vt 0.302521 0.000000
vt 0.294118 0.083333
vt 0.294118 0.000000
vt 0.294118 0.166667
vt 0.285714 0.166667
vt 0.285714 0.083333
vt 0.285714 0.000000
vt 0.285714 0.250000
vt 0.285714 0.333333
vt 0.277311 0.250000
vt 0.277311 0.166667
vt 0.277311 0.333333
vt 0.268908 0.333333
vt 0.268908 0.250000
vt 0.268908 0.166667
vt 0.277311 0.416667
vt 0.285714 0.416667
vt 0.268908 0.416667
vt 0.260504 0.416667
vt 0.260504 0.333333
vt 0.260504 0.250000
vt 0.260504 0.500000
vt 0.268908 0.500000
vt 0.260504 0.583333
vt 0.260504 0.666667
vt 0.252101 0.583333
vt 0.252101 0.500000
vt 0.252101 0.666667
vt 0.243697 0.666667
vt 0.243697 0.583333
vt 0.243697 0.500000
vt 0.252101 0.750000
vt 0.260504 0.750000
vt 0.243697 0.750000
vt 0.235294 0.750000
vt 0.235294 0.666667
vt 0.235294 0.583333
vt 0.235294 0.833333
vt 0.243697 0.833333
vt 0.252101 0.833333
vt 0.235294 0.916667
vt 0.243697 0.916667
vt 0.252101 0.916667
vt 0.260504 0.833333
vt 0.260504 0.916667
vt 0.252101 1.000000
vt 0.260504 1.000000
vt 0.268908 1.000000
vt 0.277311 1.000000
vt 0.268908 0.083333
vt 0.277311 0.083333
vt 0.277311 0.000000
vt 0.268908 0.000000
vt 0.260504 0.083333
vt 0.260504 0.000000
vt 0.260504 0.166667
vt 0.252101 0.166667
vt 0.252101 0.083333
vt 0.252101 0.000000
vt 0.252101 0.250000
vt 0.252101 0.333333
vt 0.243697 0.250000
vt 0.243697 0.166667
vt 0.243697 0.333333
vt 0.235294 0.333333
vt 0.235294 0.250000
vt 0.235294 0.166667
vt 0.243697 0.416667
vt 0.252101 0.416667
vt 0.235294 0.416667
vt 0.226891 0.416667
vt 0.226891 0.333333
vt 0.226891 0.250000
vt 0.226891 0.500000
vt 0.235294 0.500000
vt 0.226891 0.583333
vt 0.226891 0.666667
vt 0.218487 0.583333
vt 0.218487 0.500000
vt 0.218487 0.666667
vt 0.210084 0.666667
vt 0.210084 0.583333
vt 0.210084 0.500000
vt 0.218487 0.750000
vt 0.226891 0.750000
vt 0.210084 0.750000
vt 0.201681 0.750000
vt 0.201681 0.666667
vt 0.201681 0.583333
vt 0.201681 0.833333
vt 0.210084 0.833333
vt 0.218487 0.833333
vt 0.201681 0.916667
vt 0.210084 0.916667
vt 0.218487 0.916667
vt 0.226891 0.833333
vt 0.226891 0.916667
vt 0.218487 1.000000
vt 0.226891 1.000000
vt 0.235294 1.000000
vt 0.243697 1.000000
vt 0.235294 0.083333
vt 0.243697 0.083333
vt 0.243697 0.000000
vt 0.235294 0.000000
vt 0.226891 0.083333
vt 0.226891 0.000000
vt 0.226891 0.166667
vt 0.218487 0.166667
vt 0.218487 0.083333
vt 0.218487 0.000000
vt 0.218487 0.250000
vt 0.218487 0.333333
vt 0.210084 0.250000
vt 0.210084 0.166667
vt 0.210084 0.333333
vt 0.201681 0.333333
vt 0.201681 0.250000
vt 0.201681 0.166667
vt 0.210084 0.416667
vt 0.218487 0.416667
vt 0.201681 0.416667
vt 0.193277 0.416667
vt 0.193277 0.333333
vt 0.193277 0.250000
vt 0.193277 0.500000
vt 0.201681 0.500000
vt 0.193277 0.583333
vt 0.193277 0.666667
vt 0.184874 0.583333
vt 0.184874 0.500000
vt 0.184874 0.666667
vt 0.176471 0.666667
vt 0.176471 0.583333
vt 0.176471 0.500000
vt 0.184874 0.750000
vt 0.193277 0.750000
vt 0.176471 0.750000
vt 0.168067 0.750000
vt 0.168067 0.666667
vt 0.168067 0.583333
vt 0.168067 0.833333
vt 0.176471 0.833333
vt 0.184874 0.833333
vt 0.168067 0.916667
vt 0.176471 0.916667
vt 0.184874 0.916667
vt 0.193277 0.833333
vt 0.193277 0.916667
vt 0.184874 1.000000
vt 0.193277 1.000000
vt 0.201681 1.000000
vt 0.210084 1.000000
vt 0.201681 0.083333
vt 0.210084 0.083333
vt 0.210084 0.000000
vt 0.201681 0.000000
vt 0.193277 0.083333
vt 0.193277 0.000000
vt 0.193277 0.166667
vt 0.184874 0.166667
vt 0.184874 0.083333
vt 0.184874 0.000000
vt 0.184874 0.250000
vt 0.184874 0.333333
vt 0.176471 0.250000
vt 0.176471 0.166667
vt 0.176471 0.333333
vt 0.168067 0.333333
vt 0.168067 0.250000
vt 0.168067 0.166667
vt 0.176471 0.416667
vt 0.184874 0.416667
vt 0.168067 0.416667
vt 0.159664 0.416667
vt 0.159664 0.333333
vt 0.159664 0.250000
vt 0.159664 0.500000
vt 0.168067 0.500000
vt 0.159664 0.583333
vt 0.159664 0.666667
vt 0.151261 0.583333
vt 0.151261 0.500000
vt 0.151261 0.666667
vt 0.142857 0.666667
vt 0.142857 0.583333
vt 0.142857 0.500000
vt 0.151261 0.750000
vt 0.159664 0.750000
vt 0.142857 0.750000
vt 0.134454 0.750000
vt 0.134454 0.666667
vt 0.134454 0.583333
vt 0.134454 0.833333
vt 0.142857 0.833333
vt 0.151261 0.833333
vt 0.134454 0.916667
vt 0.142857 0.916667
vt 0.151261 0.916667
vt 0.159664 0.833333
vt 0.159664 0.916667
vt 0.151261 1.000000
vt 0.159664 1.000000
vt 0.168067 1.000000
vt 0.176471 1.000000
vt 0.168067 0.083333
vt 0.176471 0.083333
vt 0.176471 0.000000
vt 0.168067 0.000000
vt 0.159664 0.083333
vt 0.159664 0.000000
vt 0.159664 0.166667
vt 0.151261 0.166667
vt 0.151261 0.083333
vt 0.151261 0.000000
vt 0.151261 0.250000
vt 0.151261 0.333333
vt 0.142857 0.250000
vt 0.142857 0.166667
vt 0.142857 0.333333
vt 0.134454 0.333333
vt 0.134454 0.250000
vt 0.134454 0.166667
vt 0.142857 0.416667
vt 0.151261 0.416667
vt 0.134454 0.416667
vt 0.126050 0.416667
vt 0.126050 0.333333
vt 0.126050 0.250000
vt 0.126050 0.500000
vt 0.134454 0.500000
vt 0.126050 0.583333
vt 0.126050 0.666667
vt 0.117647 0.583333
vt 0.117647 0.500000
vt 0.117647 0.666667
vt 0.109244 0.666667
vt 0.109244 0.583333
vt 0.109244 0.500000
vt 0.117647 0.750000
vt 0.126050 0.750000
vt 0.109244 0.750000
vt 0.100840 0.750000
vt 0.100840 0.666667
vt 0.100840 0.583333
vt 0.100840 0.833333
vt 0.109244 0.833333
vt 0.117647 0.833333
vt 0.100840 0.916667
vt 0.109244 0.916667
vt 0.117647 0.916667
vt 0.126050 0.833333
vt 0.126050 0.916667
vt 0.117647 1.000000
vt 0.126050 1.000000
vt 0.134454 1.000000
vt 0.142857 1.000000
vt 0.134454 0.083333
vt 0.142857 0.083333
vt 0.142857 0.000000
vt 0.134454 0.000000
vt 0.126050 0.083333
vt 0.126050 0.000000
vt 0.126050 0.166667
vt 0.117647 0.166667
vt 0.117647 0.083333
vt 0.117647 0.000000
vt 0.117647 0.250000
vt 0.117647 0.333333
vt 0.109244 0.250000
vt 0.109244 0.166667
vt 0.109244 0.333333
vt 0.100840 0.333333
vt 0.100840 0.250000
vt 0.100840 0.166667
vt 0.109244 0.416667
vt 0.117647 0.416667
vt 0.100840 0.416667
vt 0.092437 0.416667
vt 0.092437 0.333333
vt 0.092437 0.250000
vt 0.092437 0.500000
vt 0.100840 0.500000
vt 0.092437 0.583333
vt 0.092437 0.666667
vt 0.084034 0.583333
vt 0.084034 0.500000
vt 0.084034 0.666667
vt 0.075630 0.666667
vt 0.075630 0.583333
vt 0.075630 0.500000
vt 0.084034 0.750000
vt 0.092437 0.750000
vt 0.075630 0.750000
vt 0.067227 0.750000
vt 0.067227 0.666667
vt 0.067227 0.583333
vt 0.067227 0.833333
vt 0.075630 0.833333
vt 0.084034 0.833333
vt 0.067227 0.916667
vt 0.075630 0.916667
vt 0.084034 0.916667
vt 0.092437 0.833333
vt 0.092437 0.916667
vt 0.084034 1.000000
vt 0.092437 1.000000
vt 0.100840 1.000000
vt 0.109244 1.000000
vt 0.100840 0.083333
vt 0.109244 0.083333
vt 0.109244 0.000000
vt 0.100840 0.000000
vt 0.092437 0.083333
vt 0.092437 0.000000
vt 0.092437 0.166667
vt 0.084034 0.166667
vt 0.084034 0.083333
vt 0.084034 0.000000
vt 0.084034 0.250000
vt 0.084034 0.333333
vt 0.075630 0.250000
vt 0.075630 0.166667
vt 0.075630 0.333333
vt 0.067227 0.333333
vt 0.067227 0.250000
vt 0.067227 0.166667
vt 0.075630 0.416667
vt 0.084034 0.416667
vt 0.067227 0.416667
vt 0.058824 0.416667
vt 0.058824 0.333333
vt 0.058824 0.250000
vt 0.058824 0.500000
vt 0.067227 0.500000
vt 0.058824 0.583333
vt 0.058824 0.666667
vt 0.050420 0.583333
vt 0.050420 0.500000
vt 0.050420 0.666667
vt 0.042017 0.666667
vt 0.042017 0.583333
vt 0.042017 0.500000
vt 0.050420 0.750000
vt 0.058824 0.750000
vt 0.042017 0.750000
vt 0.033613 0.750000
vt 0.033613 0.666667
vt 0.033613 0.583333
vt 0.033613 0.833333
vt 0.042017 0.833333
vt 0.050420 0.833333
vt 0.033613 0.916667
vt 0.042017 0.916667
vt 0.050420 0.916667
vt 0.058824 0.833333
vt 0.058824 0.916667
vt 0.050420 1.000000
vt 0.058824 1.000000
vt 0.067227 1.000000
vt 0.075630 1.000000
vt 0.067227 0.083333
vt 0.075630 0.083333
vt 0.075630 0.000000
vt 0.067227 0.000000
vt 0.058824 0.083333
vt 0.058824 0.000000
vt 0.058824 0.166667
vt 0.050420 0.166667
vt 0.050420 0.083333
vt 0.050420 0.000000
vt 0.050420 0.250000
vt 0.050420 0.333333
vt 0.042017 0.250000
vt 0.042017 0.166667
vt 0.042017 0.333333
vt 0.033613 0.333333
vt 0.033613 0.250000
vt 0.033613 0.166667
vt 0.042017 0.416667
vt 0.050420 0.416667
vt 0.033613 0.416667
vt 0.025210 0.416667
vt 0.025210 0.333333
vt 0.025210 0.250000
vt 0.025210 0.500000
vt 0.033613 0.500000
vt 0.025210 0.583333
vt 0.025210 0.666667
vt 0.016807 0.583333
vt 0.016807 0.500000
vt 0.016807 0.666667
vt 0.008403 0.666667
vt 0.008403 0.583333
vt 0.008403 0.500000
vt 0.016807 0.750000
vt 0.025210 0.750000
vt 0.008403 0.750000
vt 0.000000 0.666667
vt 0.000000 0.583333
vt 0.000000 0.750000
vt 0.000000 0.833333
vt 0.008403 0.833333
vt 0.000000 0.916667
vt 0.008403 0.916667
vt 0.016807 0.833333
vt 0.016807 0.916667
vt 0.025210 0.833333
vt 0.025210 0.916667
vt 0.016807 1.000000
vt 0.025210 1.000000
vt 0.033613 1.000000
vt 0.042017 1.000000
vt 0.033613 0.083333
vt 0.042017 0.083333
vt 0.042017 0.000000
vt 0.033613 0.000000
vt 0.025210 0.083333
vt 0.025210 0.000000
vt 0.025210 0.166667
vt 0.016807 0.166667
vt 0.016807 0.083333
vt 0.016807 0.000000
vt 0.016807 0.250000
vt 0.016807 0.333333
vt 0.008403 0.250000
vt 0.008403 0.166667
vt 0.008403 0.333333
vt 0.000000 0.250000
vt 0.000000 0.166667
vt 0.000000 0.333333
vt 0.000000 0.416667
vt 0.008403 0.416667
vt 0.000000 1.000000
vt 0.008403 1.000000
vt 0.000000 0.083333
vt 0.008403 0.083333
vt 0.008403 0.000000
vt 0.000000 0.500000
vt 0.016807 0.416667
s 1
usemtl Material.002
f 3198/1450/2566 3195/1451/2563 3196/1452/2564
f 3196/1452/2564 3195/1451/2563 3197/1453/2565
f 3202/1454/2570 3197/1455/2565 3195/1456/2563 3200/1457/2568
f 3198/1450/2566 3199/1456/2567 3195/1451/2563
f 3200/1458/2568 3195/1459/2563 3199/1460/2567 3201/1461/2569
f 3203/1462/2571 3200/1458/2568 3201/1461/2569 3205/1463/2573
f 3206/1464/2574 3202/1454/2570 3200/1457/2568 3203/1465/2571
f 3207/1466/2575 3206/1464/2574 3203/1465/2571 3204/1467/2572
f 3204/1468/2572 3203/1462/2571 3205/1463/2573 3237/1469/2605
f 3209/1470/2577 3208/1471/2576 3206/1464/2574 3207/1466/2575
f 3208/1471/2576 3211/1472/2579 3202/1454/2570 3206/1464/2574
f 3252/1473/2620 3210/1474/2578 3208/1471/2576 3209/1470/2577
f 3210/1474/2578 3212/1475/2580 3211/1472/2579 3208/1471/2576
f 3211/1472/2579 3213/1476/2581 3197/1455/2565 3202/1454/2570
f 3212/1475/2580 3214/1477/2582 3213/1476/2581 3211/1472/2579
f 3214/1478/2582 3197/1453/2565 3213/1479/2581
f 3196/1452/2564 3197/1453/2565 3214/1478/2582
f 3215/1480/2583 3196/1481/2564 3214/1477/2582 3212/1475/2580
f 3216/1482/2584 3215/1480/2583 3212/1475/2580 3210/1474/2578
f 3218/1483/2586 3217/1484/2585 3215/1480/2583 3216/1482/2584
f 3217/1484/2585 3198/1485/2566 3196/1481/2564 3215/1480/2583
f 3220/1486/2588 3219/1487/2587 3217/1484/2585 3218/1483/2586
f 3219/1487/2587 3222/1488/2590 3198/1485/2566 3217/1484/2585
f 3231/1489/2599 3221/1490/2589 3219/1487/2587 3220/1486/2588
f 3221/1490/2589 3224/1491/2592 3222/1488/2590 3219/1487/2587
f 3222/1492/2590 3199/1456/2567 3198/1450/2566
f 3222/1492/2590 3223/1493/2591 3199/1456/2567
f 3224/1494/2592 3223/1493/2591 3222/1492/2590
f 3224/1494/2592 3225/1495/2593 3223/1493/2591
f 3226/1496/2594 3225/1495/2593 3224/1494/2592
f 3227/1497/2595 3226/1498/2594 3224/1491/2592 3221/1490/2589
f 3228/1499/2596 3225/1500/2593 3226/1498/2594 3227/1497/2595
f 3232/1501/2600 3228/1499/2596 3227/1497/2595 3229/1502/2597
f 3229/1502/2597 3227/1497/2595 3221/1490/2589 3231/1489/2599
f 3233/1503/2601 3232/1501/2600 3229/1502/2597 3230/1504/2598
f 3230/1504/2598 3229/1502/2597 3231/1489/2599 3258/1505/2626
f 3235/1506/2603 3234/1507/2602 3232/1501/2600 3233/1503/2601
f 3234/1507/2602 3236/1508/2604 3228/1499/2596 3232/1501/2600
f 3237/1469/2605 3205/1463/2573 3234/1507/2602 3235/1506/2603
f 3205/1463/2573 3201/1461/2569 3236/1508/2604 3234/1507/2602
f 3236/1508/2604 3223/1509/2591 3225/1500/2593 3228/1499/2596
f 3201/1461/2569 3199/1460/2567 3223/1509/2591 3236/1508/2604
f 3238/1510/2606 3235/1506/2603 3233/1503/2601 3240/1511/2608
f 3241/1512/2609 3237/1469/2605 3235/1506/2603 3238/1510/2606
f 3242/1513/2610 3241/1512/2609 3238/1510/2606 3239/1514/2607
f 3239/1514/2607 3238/1510/2606 3240/1511/2608 3265/1515/2633
f 3244/1516/2612 3243/1517/2611 3241/1512/2609 3242/1513/2610
f 3243/1517/2611 3204/1468/2572 3237/1469/2605 3241/1512/2609
f 3246/1518/2614 3245/1519/2613 3243/1520/2611 3244/1521/2612
f 3245/1519/2613 3207/1466/2575 3204/1467/2572 3243/1520/2611
f 3248/1522/2616 3247/1523/2615 3245/1519/2613 3246/1518/2614
f 3247/1523/2615 3209/1470/2577 3207/1466/2575 3245/1519/2613
f 3250/1524/2618 3249/1525/2617 3247/1523/2615 3248/1522/2616
f 3249/1525/2617 3252/1473/2620 3209/1470/2577 3247/1523/2615
f 3284/1526/2652 3251/1527/2619 3249/1525/2617 3250/1524/2618
f 3251/1527/2619 3253/1528/2621 3252/1473/2620 3249/1525/2617
f 3253/1528/2621 3216/1482/2584 3210/1474/2578 3252/1473/2620
f 3255/1529/2623 3254/1530/2622 3253/1528/2621 3251/1527/2619
f 3254/1530/2622 3218/1483/2586 3216/1482/2584 3253/1528/2621
f 3257/1531/2625 3256/1532/2624 3254/1530/2622 3255/1529/2623
f 3256/1532/2624 3220/1486/2588 3218/1483/2586 3254/1530/2622
f 3259/1533/2627 3258/1505/2626 3256/1532/2624 3257/1531/2625
f 3258/1505/2626 3231/1489/2599 3220/1486/2588 3256/1532/2624
f 3260/1534/2628 3230/1504/2598 3258/1505/2626 3259/1533/2627
f 3261/1535/2629 3259/1533/2627 3257/1531/2625 3263/1536/2631
f 3264/1537/2632 3260/1534/2628 3259/1533/2627 3261/1535/2629
f 3266/1538/2634 3264/1537/2632 3261/1535/2629 3262/1539/2630
f 3262/1539/2630 3261/1535/2629 3263/1536/2631 3292/1540/2660
f 3265/1515/2633 3240/1511/2608 3260/1534/2628 3264/1537/2632
f 3268/1541/2636 3265/1515/2633 3264/1537/2632 3266/1538/2634
f 3269/1542/2637 3268/1541/2636 3266/1538/2634 3267/1543/2635
f 3267/1543/2635 3266/1538/2634 3262/1539/2630 3291/1544/2659
f 3271/1545/2639 3270/1546/2638 3268/1541/2636 3269/1542/2637
f 3270/1546/2638 3239/1514/2607 3265/1515/2633 3268/1541/2636
f 3273/1547/2641 3272/1548/2640 3270/1546/2638 3271/1545/2639
f 3272/1548/2640 3242/1513/2610 3239/1514/2607 3270/1546/2638
f 3275/1549/2643 3274/1550/2642 3272/1548/2640 3273/1547/2641
f 3274/1550/2642 3244/1516/2612 3242/1513/2610 3272/1548/2640
f 3277/1551/2645 3276/1552/2644 3274/1553/2642 3275/1554/2643
f 3276/1552/2644 3246/1518/2614 3244/1521/2612 3274/1553/2642
f 3279/1555/2647 3278/1556/2646 3276/1552/2644 3277/1551/2645
f 3278/1556/2646 3248/1522/2616 3246/1518/2614 3276/1552/2644
f 3281/1557/2649 3280/1558/2648 3278/1556/2646 3279/1555/2647
f 3280/1558/2648 3250/1524/2618 3248/1522/2616 3278/1556/2646
f 3285/1559/2653 3282/1560/2650 3280/1558/2648 3281/1557/2649
f 3282/1560/2650 3284/1526/2652 3250/1524/2618 3280/1558/2648
f 3283/1561/2651 4634/1562/3997 3284/1526/2652 3282/1560/2650
f 3287/1563/2655 3283/1561/2651 3282/1560/2650 3285/1559/2653
f 3288/1564/2656 3287/1563/2655 3285/1559/2653 3286/1565/2654
f 3286/1565/2654 3285/1559/2653 3281/1557/2649 3318/1566/2686
f 3290/1567/2658 3289/1568/2657 3287/1563/2655 3288/1564/2656
f 3289/1568/2657 3292/1540/2660 3283/1561/2651 3287/1563/2655
f 3293/1569/2661 3291/1544/2659 3289/1568/2657 3290/1567/2658
f 3291/1544/2659 3262/1539/2630 3292/1540/2660 3289/1568/2657
f 3292/1540/2660 3263/1536/2631 4634/1562/3997 3283/1561/2651
f 3294/1570/2662 3267/1543/2635 3291/1544/2659 3293/1569/2661
f 3295/1571/2663 3293/1569/2661 3290/1567/2658 3297/1572/2665
f 3298/1573/2666 3294/1570/2662 3293/1569/2661 3295/1571/2663
f 3300/1574/2668 3298/1573/2666 3295/1571/2663 3296/1575/2664
f 3296/1575/2664 3295/1571/2663 3297/1572/2665 3333/1576/2701
f 3299/1577/2667 3310/1578/2678 3294/1570/2662 3298/1573/2666
f 3302/1579/2670 3299/1577/2667 3298/1573/2666 3300/1574/2668
f 3303/1580/2671 3302/1579/2670 3300/1574/2668 3301/1581/2669
f 3301/1581/2669 3300/1574/2668 3296/1575/2664 3332/1582/2700
f 3305/1583/2673 3304/1584/2672 3302/1579/2670 3303/1580/2671
f 3304/1584/2672 3307/1585/2675 3299/1577/2667 3302/1579/2670
f 3354/1586/2722 3306/1587/2674 3304/1584/2672 3305/1583/2673
f 3306/1587/2674 3308/1588/2676 3307/1585/2675 3304/1584/2672
f 3307/1585/2675 3309/1589/2677 3310/1578/2678 3299/1577/2667
f 3308/1588/2676 3311/1590/2679 3309/1589/2677 3307/1585/2675
f 3309/1589/2677 3271/1545/2639 3269/1542/2637 3310/1578/2678
f 3311/1590/2679 3273/1547/2641 3271/1545/2639 3309/1589/2677
f 3313/1591/2681 3312/1592/2680 3311/1590/2679 3308/1588/2676
f 3312/1592/2680 3275/1549/2643 3273/1547/2641 3311/1590/2679
f 3315/1593/2683 3314/1594/2682 3312/1595/2680 3313/1596/2681
f 3314/1594/2682 3277/1551/2645 3275/1554/2643 3312/1595/2680
f 3317/1597/2685 3316/1598/2684 3314/1594/2682 3315/1593/2683
f 3316/1598/2684 3279/1555/2647 3277/1551/2645 3314/1594/2682
f 3319/1599/2687 3318/1566/2686 3316/1598/2684 3317/1597/2685
f 3318/1566/2686 3281/1557/2649 3279/1555/2647 3316/1598/2684
f 3320/1600/2688 3286/1565/2654 3318/1566/2686 3319/1599/2687
f 3321/1601/2689 3319/1599/2687 3317/1597/2685 3323/1602/2691
f 3324/1603/2692 3320/1600/2688 3319/1599/2687 3321/1601/2689
f 3326/1604/2694 3324/1603/2692 3321/1601/2689 3322/1605/2690
f 3322/1605/2690 3321/1601/2689 3323/1602/2691 3359/1606/2727
f 3325/1607/2693 4633/1608/3996 3320/1600/2688 3324/1603/2692
f 3328/1609/2696 3325/1607/2693 3324/1603/2692 3326/1604/2694
f 3329/1610/2697 3328/1609/2696 3326/1604/2694 3327/1611/2695
f 3327/1611/2695 3326/1604/2694 3322/1605/2690 3364/1612/2732
f 3331/1613/2699 3330/1614/2698 3328/1609/2696 3329/1610/2697
f 3330/1614/2698 3333/1576/2701 3325/1607/2693 3328/1609/2696
f 3334/1615/2702 3332/1582/2700 3330/1614/2698 3331/1613/2699
f 3332/1582/2700 3296/1575/2664 3333/1576/2701 3330/1614/2698
f 3333/1576/2701 3297/1572/2665 4633/1608/3996 3325/1607/2693
f 3335/1616/2703 3301/1581/2669 3332/1582/2700 3334/1615/2702
f 3336/1617/2704 3334/1615/2702 3331/1613/2699 3338/1618/2706
f 3339/1619/2707 3335/1616/2703 3334/1615/2702 3336/1617/2704
f 3341/1620/2709 3339/1619/2707 3336/1617/2704 3337/1621/2705
f 3337/1621/2705 3336/1617/2704 3338/1618/2706 3379/1622/2747
f 3340/1623/2708 3351/1624/2719 3335/1616/2703 3339/1619/2707
f 3343/1625/2711 3340/1623/2708 3339/1619/2707 3341/1620/2709
f 3344/1626/2712 3343/1625/2711 3341/1620/2709 3342/1627/2710
f 3342/1627/2710 3341/1620/2709 3337/1621/2705 3378/1628/2746
f 3346/1629/2714 3345/1630/2713 3343/1625/2711 3344/1626/2712
f 3345/1630/2713 3348/1631/2716 3340/1623/2708 3343/1625/2711
f 3400/1632/2768 3347/1633/2715 3345/1630/2713 3346/1629/2714
f 3347/1633/2715 3349/1634/2717 3348/1631/2716 3345/1630/2713
f 3348/1631/2716 3350/1635/2718 3351/1624/2719 3340/1623/2708
f 3349/1634/2717 3352/1636/2720 3350/1635/2718 3348/1631/2716
f 3350/1635/2718 3305/1583/2673 3303/1580/2671 3351/1624/2719
f 3352/1636/2720 3354/1586/2722 3305/1583/2673 3350/1635/2718
f 3405/1637/2773 3353/1638/2721 3352/1636/2720 3349/1634/2717
f 3353/1638/2721 3355/1639/2723 3354/1586/2722 3352/1636/2720
f 3355/1639/2723 3357/1640/2725 3306/1587/2674 3354/1586/2722
f 3356/1641/2724 3358/1642/2726 3357/1643/2725 3355/1644/2723
f 3360/1645/2728 3356/1641/2724 3355/1644/2723 3353/1646/2721
f 3357/1640/2725 3313/1591/2681 3308/1588/2676 3306/1587/2674
f 3358/1642/2726 3315/1593/2683 3313/1596/2681 3357/1643/2725
f 3359/1606/2727 3323/1602/2691 3358/1642/2726 3356/1641/2724
f 3323/1602/2691 3317/1597/2685 3315/1593/2683 3358/1642/2726
f 3362/1647/2730 3359/1606/2727 3356/1641/2724 3360/1645/2728
f 3363/1648/2731 3362/1647/2730 3360/1645/2728 3361/1649/2729
f 3361/1649/2729 3360/1645/2728 3353/1646/2721 3405/1650/2773
f 3365/1651/2733 3364/1612/2732 3362/1647/2730 3363/1648/2731
f 3364/1612/2732 3322/1605/2690 3359/1606/2727 3362/1647/2730
f 3366/1652/2734 3327/1611/2695 3364/1612/2732 3365/1651/2733
f 3367/1653/2735 3365/1651/2733 3363/1648/2731 3369/1654/2737
f 3370/1655/2738 3366/1652/2734 3365/1651/2733 3367/1653/2735
f 3372/1656/2740 3370/1655/2738 3367/1653/2735 3368/1657/2736
f 3368/1657/2736 3367/1653/2735 3369/1654/2737 3406/1658/2774
f 3371/1659/2739 4632/1660/3995 3366/1652/2734 3370/1655/2738
f 3374/1661/2742 3371/1659/2739 3370/1655/2738 3372/1656/2740
f 3375/1662/2743 3374/1661/2742 3372/1656/2740 3373/1663/2741
f 3373/1663/2741 3372/1656/2740 3368/1657/2736 3411/1664/2779
f 3377/1665/2745 3376/1666/2744 3374/1661/2742 3375/1662/2743
f 3376/1666/2744 3379/1622/2747 3371/1659/2739 3374/1661/2742
f 3380/1667/2748 3378/1628/2746 3376/1666/2744 3377/1665/2745
f 3378/1628/2746 3337/1621/2705 3379/1622/2747 3376/1666/2744
f 3379/1622/2747 3338/1618/2706 4632/1660/3995 3371/1659/2739
f 3381/1668/2749 3342/1627/2710 3378/1628/2746 3380/1667/2748
f 3382/1669/2750 3380/1667/2748 3377/1665/2745 3384/1670/2752
f 3385/1671/2753 3381/1668/2749 3380/1667/2748 3382/1669/2750
f 3387/1672/2755 3385/1671/2753 3382/1669/2750 3383/1673/2751
f 3383/1673/2751 3382/1669/2750 3384/1670/2752 3426/1674/2794
f 3386/1675/2754 3397/1676/2765 3381/1668/2749 3385/1671/2753
f 3389/1677/2757 3386/1675/2754 3385/1671/2753 3387/1672/2755
f 3390/1678/2758 3389/1677/2757 3387/1672/2755 3388/1679/2756
f 3388/1679/2756 3387/1672/2755 3383/1673/2751 3425/1680/2793
f 3392/1681/2760 3391/1682/2759 3389/1677/2757 3390/1678/2758
f 3391/1682/2759 3394/1683/2762 3386/1675/2754 3389/1677/2757
f 3447/1684/2815 3393/1685/2761 3391/1682/2759 3392/1681/2760
f 3393/1685/2761 3395/1686/2763 3394/1683/2762 3391/1682/2759
f 3394/1683/2762 3396/1687/2764 3397/1676/2765 3386/1675/2754
f 3395/1686/2763 3398/1688/2766 3396/1687/2764 3394/1683/2762
f 3396/1687/2764 3346/1629/2714 3344/1626/2712 3397/1676/2765
f 3398/1688/2766 3400/1632/2768 3346/1629/2714 3396/1687/2764
f 3452/1689/2820 3399/1690/2767 3398/1688/2766 3395/1686/2763
f 3399/1690/2767 3401/1691/2769 3400/1632/2768 3398/1688/2766
f 3401/1691/2769 3403/1692/2771 3347/1633/2715 3400/1632/2768
f 3402/1693/2770 3404/1694/2772 3403/1695/2771 3401/1696/2769
f 3407/1697/2775 3402/1693/2770 3401/1696/2769 3399/1698/2767
f 3403/1692/2771 3405/1637/2773 3349/1634/2717 3347/1633/2715
f 3404/1694/2772 3361/1649/2729 3405/1650/2773 3403/1695/2771
f 3406/1658/2774 3369/1654/2737 3404/1694/2772 3402/1693/2770
f 3369/1654/2737 3363/1648/2731 3361/1649/2729 3404/1694/2772
f 3409/1699/2777 3406/1658/2774 3402/1693/2770 3407/1697/2775
f 3410/1700/2778 3409/1699/2777 3407/1697/2775 3408/1701/2776
f 3408/1701/2776 3407/1697/2775 3399/1698/2767 3452/1702/2820
f 3412/1703/2780 3411/1664/2779 3409/1699/2777 3410/1700/2778
f 3411/1664/2779 3368/1657/2736 3406/1658/2774 3409/1699/2777
f 3413/1704/2781 3373/1663/2741 3411/1664/2779 3412/1703/2780
f 3414/1705/2782 3412/1703/2780 3410/1700/2778 3416/1706/2784
f 3417/1707/2785 3413/1704/2781 3412/1703/2780 3414/1705/2782
f 3419/1708/2787 3417/1707/2785 3414/1705/2782 3415/1709/2783
f 3415/1709/2783 3414/1705/2782 3416/1706/2784 3453/1710/2821
f 3418/1711/2786 4631/1712/3994 3413/1704/2781 3417/1707/2785
f 3421/1713/2789 3418/1711/2786 3417/1707/2785 3419/1708/2787
f 3422/1714/2790 3421/1713/2789 3419/1708/2787 3420/1715/2788
f 3420/1715/2788 3419/1708/2787 3415/1709/2783 3458/1716/2826
f 3424/1717/2792 3423/1718/2791 3421/1713/2789 3422/1714/2790
f 3423/1718/2791 3426/1674/2794 3418/1711/2786 3421/1713/2789
f 3427/1719/2795 3425/1680/2793 3423/1718/2791 3424/1717/2792
f 3425/1680/2793 3383/1673/2751 3426/1674/2794 3423/1718/2791
f 3426/1674/2794 3384/1670/2752 4631/1712/3994 3418/1711/2786
f 3428/1720/2796 3388/1679/2756 3425/1680/2793 3427/1719/2795
f 3429/1721/2797 3427/1719/2795 3424/1717/2792 3431/1722/2799
f 3432/1723/2800 3428/1720/2796 3427/1719/2795 3429/1721/2797
f 3434/1724/2802 3432/1723/2800 3429/1721/2797 3430/1725/2798
f 3430/1725/2798 3429/1721/2797 3431/1722/2799 3473/1726/2841
f 3433/1727/2801 3444/1728/2812 3428/1720/2796 3432/1723/2800
f 3436/1729/2804 3433/1727/2801 3432/1723/2800 3434/1724/2802
f 3437/1730/2805 3436/1729/2804 3434/1724/2802 3435/1731/2803
f 3435/1731/2803 3434/1724/2802 3430/1725/2798 3472/1732/2840
f 3439/1733/2807 3438/1734/2806 3436/1729/2804 3437/1730/2805
f 3438/1734/2806 3441/1735/2809 3433/1727/2801 3436/1729/2804
f 3494/1736/2862 3440/1737/2808 3438/1734/2806 3439/1733/2807
f 3440/1737/2808 3442/1738/2810 3441/1735/2809 3438/1734/2806
f 3441/1735/2809 3443/1739/2811 3444/1728/2812 3433/1727/2801
f 3442/1738/2810 3445/1740/2813 3443/1739/2811 3441/1735/2809
f 3443/1739/2811 3392/1681/2760 3390/1678/2758 3444/1728/2812
f 3445/1740/2813 3447/1684/2815 3392/1681/2760 3443/1739/2811
f 3499/1741/2867 3446/1742/2814 3445/1740/2813 3442/1738/2810
f 3446/1742/2814 3448/1743/2816 3447/1684/2815 3445/1740/2813
f 3448/1743/2816 3450/1744/2818 3393/1685/2761 3447/1684/2815
f 3449/1745/2817 3451/1746/2819 3450/1747/2818 3448/1748/2816
f 3454/1749/2822 3449/1745/2817 3448/1748/2816 3446/1750/2814
f 3450/1744/2818 3452/1689/2820 3395/1686/2763 3393/1685/2761
f 3451/1746/2819 3408/1701/2776 3452/1702/2820 3450/1747/2818
f 3453/1710/2821 3416/1706/2784 3451/1746/2819 3449/1745/2817
f 3416/1706/2784 3410/1700/2778 3408/1701/2776 3451/1746/2819
f 3456/1751/2824 3453/1710/2821 3449/1745/2817 3454/1749/2822
f 3457/1752/2825 3456/1751/2824 3454/1749/2822 3455/1753/2823
f 3455/1753/2823 3454/1749/2822 3446/1750/2814 3499/1754/2867
f 3459/1755/2827 3458/1716/2826 3456/1751/2824 3457/1752/2825
f 3458/1716/2826 3415/1709/2783 3453/1710/2821 3456/1751/2824
f 3460/1756/2828 3420/1715/2788 3458/1716/2826 3459/1755/2827
f 3461/1757/2829 3459/1755/2827 3457/1752/2825 3463/1758/2831
f 3464/1759/2832 3460/1756/2828 3459/1755/2827 3461/1757/2829
f 3466/1760/2834 3464/1759/2832 3461/1757/2829 3462/1761/2830
f 3462/1761/2830 3461/1757/2829 3463/1758/2831 3500/1762/2868
f 3465/1763/2833 4630/1764/3993 3460/1756/2828 3464/1759/2832
f 3468/1765/2836 3465/1763/2833 3464/1759/2832 3466/1760/2834
f 3469/1766/2837 3468/1765/2836 3466/1760/2834 3467/1767/2835
f 3467/1767/2835 3466/1760/2834 3462/1761/2830 3505/1768/2873
f 3471/1769/2839 3470/1770/2838 3468/1765/2836 3469/1766/2837
f 3470/1770/2838 3473/1726/2841 3465/1763/2833 3468/1765/2836
f 3474/1771/2842 3472/1732/2840 3470/1770/2838 3471/1769/2839
f 3472/1732/2840 3430/1725/2798 3473/1726/2841 3470/1770/2838
f 3473/1726/2841 3431/1722/2799 4630/1764/3993 3465/1763/2833
f 3475/1772/2843 3435/1731/2803 3472/1732/2840 3474/1771/2842
f 3476/1773/2844 3474/1771/2842 3471/1769/2839 3478/1774/2846
f 3479/1775/2847 3475/1772/2843 3474/1771/2842 3476/1773/2844
f 3481/1776/2849 3479/1775/2847 3476/1773/2844 3477/1777/2845
f 3477/1777/2845 3476/1773/2844 3478/1774/2846 3520/1778/2888
f 3480/1779/2848 3491/1780/2859 3475/1772/2843 3479/1775/2847
f 3483/1781/2851 3480/1779/2848 3479/1775/2847 3481/1776/2849
f 3484/1782/2852 3483/1781/2851 3481/1776/2849 3482/1783/2850
f 3482/1783/2850 3481/1776/2849 3477/1777/2845 3519/1784/2887
f 3486/1785/2854 3485/1786/2853 3483/1781/2851 3484/1782/2852
f 3485/1786/2853 3488/1787/2856 3480/1779/2848 3483/1781/2851
f 3541/1788/2909 3487/1789/2855 3485/1786/2853 3486/1785/2854
f 3487/1789/2855 3489/1790/2857 3488/1787/2856 3485/1786/2853
f 3488/1787/2856 3490/1791/2858 3491/1780/2859 3480/1779/2848
f 3489/1790/2857 3492/1792/2860 3490/1791/2858 3488/1787/2856
f 3490/1791/2858 3439/1733/2807 3437/1730/2805 3491/1780/2859
f 3492/1792/2860 3494/1736/2862 3439/1733/2807 3490/1791/2858
f 3546/1793/2914 3493/1794/2861 3492/1792/2860 3489/1790/2857
f 3493/1794/2861 3495/1795/2863 3494/1736/2862 3492/1792/2860
f 3495/1795/2863 3497/1796/2865 3440/1737/2808 3494/1736/2862
f 3496/1797/2864 3498/1798/2866 3497/1799/2865 3495/1800/2863
f 3501/1801/2869 3496/1797/2864 3495/1800/2863 3493/1802/2861
f 3497/1796/2865 3499/1741/2867 3442/1738/2810 3440/1737/2808
f 3498/1798/2866 3455/1753/2823 3499/1754/2867 3497/1799/2865
f 3500/1762/2868 3463/1758/2831 3498/1798/2866 3496/1797/2864
f 3463/1758/2831 3457/1752/2825 3455/1753/2823 3498/1798/2866
f 3503/1803/2871 3500/1762/2868 3496/1797/2864 3501/1801/2869
f 3504/1804/2872 3503/1803/2871 3501/1801/2869 3502/1805/2870
f 3502/1805/2870 3501/1801/2869 3493/1802/2861 3546/1806/2914
f 3506/1807/2874 3505/1768/2873 3503/1803/2871 3504/1804/2872
f 3505/1768/2873 3462/1761/2830 3500/1762/2868 3503/1803/2871
f 3507/1808/2875 3467/1767/2835 3505/1768/2873 3506/1807/2874
f 3508/1809/2876 3506/1807/2874 3504/1804/2872 3510/1810/2878
f 3511/1811/2879 3507/1808/2875 3506/1807/2874 3508/1809/2876
f 3513/1812/2881 3511/1811/2879 3508/1809/2876 3509/1813/2877
f 3509/1813/2877 3508/1809/2876 3510/1810/2878 3547/1814/2915
f 3512/1815/2880 4629/1816/3992 3507/1808/2875 3511/1811/2879
f 3515/1817/2883 3512/1815/2880 3511/1811/2879 3513/1812/2881
f 3516/1818/2884 3515/1817/2883 3513/1812/2881 3514/1819/2882
f 3514/1819/2882 3513/1812/2881 3509/1813/2877 3552/1820/2920
f 3518/1821/2886 3517/1822/2885 3515/1817/2883 3516/1818/2884
f 3517/1822/2885 3520/1778/2888 3512/1815/2880 3515/1817/2883
f 3521/1823/2889 3519/1784/2887 3517/1822/2885 3518/1821/2886
f 3519/1784/2887 3477/1777/2845 3520/1778/2888 3517/1822/2885
f 3520/1778/2888 3478/1774/2846 4629/1816/3992 3512/1815/2880
f 3522/1824/2890 3482/1783/2850 3519/1784/2887 3521/1823/2889
f 3523/1825/2891 3521/1823/2889 3518/1821/2886 3525/1826/2893
f 3526/1827/2894 3522/1824/2890 3521/1823/2889 3523/1825/2891
f 3528/1828/2896 3526/1827/2894 3523/1825/2891 3524/1829/2892
f 3524/1829/2892 3523/1825/2891 3525/1826/2893 3567/1830/2935
f 3527/1831/2895 3538/1832/2906 3522/1824/2890 3526/1827/2894
f 3530/1833/2898 3527/1831/2895 3526/1827/2894 3528/1828/2896
f 3531/1834/2899 3530/1833/2898 3528/1828/2896 3529/1835/2897
f 3529/1835/2897 3528/1828/2896 3524/1829/2892 3566/1836/2934
f 3533/1837/2901 3532/1838/2900 3530/1833/2898 3531/1834/2899
f 3532/1838/2900 3535/1839/2903 3527/1831/2895 3530/1833/2898
f 3588/1840/2956 3534/1841/2902 3532/1838/2900 3533/1837/2901
f 3534/1841/2902 3536/1842/2904 3535/1839/2903 3532/1838/2900
f 3535/1839/2903 3537/1843/2905 3538/1832/2906 3527/1831/2895
f 3536/1842/2904 3539/1844/2907 3537/1843/2905 3535/1839/2903
f 3537/1843/2905 3486/1785/2854 3484/1782/2852 3538/1832/2906
f 3539/1844/2907 3541/1788/2909 3486/1785/2854 3537/1843/2905
f 3593/1845/2961 3540/1846/2908 3539/1844/2907 3536/1842/2904
f 3540/1846/2908 3542/1847/2910 3541/1788/2909 3539/1844/2907
f 3542/1847/2910 3544/1848/2912 3487/1789/2855 3541/1788/2909
f 3543/1849/2911 3545/1850/2913 3544/1851/2912 3542/1852/2910
f 3548/1853/2916 3543/1849/2911 3542/1852/2910 3540/1854/2908
f 3544/1848/2912 3546/1793/2914 3489/1790/2857 3487/1789/2855
f 3545/1850/2913 3502/1805/2870 3546/1806/2914 3544/1851/2912
f 3547/1814/2915 3510/1810/2878 3545/1850/2913 3543/1849/2911
f 3510/1810/2878 3504/1804/2872 3502/1805/2870 3545/1850/2913
f 3550/1855/2918 3547/1814/2915 3543/1849/2911 3548/1853/2916
f 3551/1856/2919 3550/1855/2918 3548/1853/2916 3549/1857/2917
f 3549/1857/2917 3548/1853/2916 3540/1854/2908 3593/1858/2961
f 3553/1859/2921 3552/1820/2920 3550/1855/2918 3551/1856/2919
f 3552/1820/2920 3509/1813/2877 3547/1814/2915 3550/1855/2918
f 3554/1860/2922 3514/1819/2882 3552/1820/2920 3553/1859/2921
f 3555/1861/2923 3553/1859/2921 3551/1856/2919 3557/1862/2925
f 3558/1863/2926 3554/1860/2922 3553/1859/2921 3555/1861/2923
f 3560/1864/2928 3558/1863/2926 3555/1861/2923 3556/1865/2924
f 3556/1865/2924 3555/1861/2923 3557/1862/2925 3594/1866/2962
f 3559/1867/2927 4628/1868/3991 3554/1860/2922 3558/1863/2926
f 3562/1869/2930 3559/1867/2927 3558/1863/2926 3560/1864/2928
f 3563/1870/2931 3562/1869/2930 3560/1864/2928 3561/1871/2929
f 3561/1871/2929 3560/1864/2928 3556/1865/2924 3599/1872/2967
f 3565/1873/2933 3564/1874/2932 3562/1869/2930 3563/1870/2931
f 3564/1874/2932 3567/1830/2935 3559/1867/2927 3562/1869/2930
f 3568/1875/2936 3566/1836/2934 3564/1874/2932 3565/1873/2933
f 3566/1836/2934 3524/1829/2892 3567/1830/2935 3564/1874/2932
f 3567/1830/2935 3525/1826/2893 4628/1868/3991 3559/1867/2927
f 3569/1876/2937 3529/1835/2897 3566/1836/2934 3568/1875/2936
f 3570/1877/2938 3568/1875/2936 3565/1873/2933 3572/1878/2940
f 3573/1879/2941 3569/1876/2937 3568/1875/2936 3570/1877/2938
f 3575/1880/2943 3573/1879/2941 3570/1877/2938 3571/1881/2939
f 3571/1881/2939 3570/1877/2938 3572/1878/2940 3614/1882/2982
f 3574/1883/2942 3585/1884/2953 3569/1876/2937 3573/1879/2941
f 3577/1885/2945 3574/1883/2942 3573/1879/2941 3575/1880/2943
f 3578/1886/2946 3577/1885/2945 3575/1880/2943 3576/1887/2944
f 3576/1887/2944 3575/1880/2943 3571/1881/2939 3613/1888/2981
f 3580/1889/2948 3579/1890/2947 3577/1885/2945 3578/1886/2946
f 3579/1890/2947 3582/1891/2950 3574/1883/2942 3577/1885/2945
f 3635/1892/3003 3581/1893/2949 3579/1890/2947 3580/1889/2948
f 3581/1893/2949 3583/1894/2951 3582/1891/2950 3579/1890/2947
f 3582/1891/2950 3584/1895/2952 3585/1884/2953 3574/1883/2942
f 3583/1894/2951 3586/1896/2954 3584/1895/2952 3582/1891/2950
f 3584/1895/2952 3533/1837/2901 3531/1834/2899 3585/1884/2953
f 3586/1896/2954 3588/1840/2956 3533/1837/2901 3584/1895/2952
f 3640/1897/3008 3587/1898/2955 3586/1896/2954 3583/1894/2951
f 3587/1898/2955 3589/1899/2957 3588/1840/2956 3586/1896/2954
f 3589/1899/2957 3591/1900/2959 3534/1841/2902 3588/1840/2956
f 3590/1901/2958 3592/1902/2960 3591/1903/2959 3589/1904/2957
f 3595/1905/2963 3590/1901/2958 3589/1904/2957 3587/1906/2955
f 3591/1900/2959 3593/1845/2961 3536/1842/2904 3534/1841/2902
f 3592/1902/2960 3549/1857/2917 3593/1858/2961 3591/1903/2959
f 3594/1866/2962 3557/1862/2925 3592/1902/2960 3590/1901/2958
f 3557/1862/2925 3551/1856/2919 3549/1857/2917 3592/1902/2960
f 3597/1907/2965 3594/1866/2962 3590/1901/2958 3595/1905/2963
f 3598/1908/2966 3597/1907/2965 3595/1905/2963 3596/1909/2964
f 3596/1909/2964 3595/1905/2963 3587/1906/2955 3640/1910/3008
f 3600/1911/2968 3599/1872/2967 3597/1907/2965 3598/1908/2966
f 3599/1872/2967 3556/1865/2924 3594/1866/2962 3597/1907/2965
f 3601/1912/2969 3561/1871/2929 3599/1872/2967 3600/1911/2968
f 3602/1913/2970 3600/1911/2968 3598/1908/2966 3604/1914/2972
f 3605/1915/2973 3601/1912/2969 3600/1911/2968 3602/1913/2970
f 3607/1916/2975 3605/1915/2973 3602/1913/2970 3603/1917/2971
f 3603/1917/2971 3602/1913/2970 3604/1914/2972 3641/1918/3009
f 3606/1919/2974 4627/1920/3990 3601/1912/2969 3605/1915/2973
f 3609/1921/2977 3606/1919/2974 3605/1915/2973 3607/1916/2975
f 3610/1922/2978 3609/1921/2977 3607/1916/2975 3608/1923/2976
f 3608/1923/2976 3607/1916/2975 3603/1917/2971 3646/1924/3014
f 3612/1925/2980 3611/1926/2979 3609/1921/2977 3610/1922/2978
f 3611/1926/2979 3614/1882/2982 3606/1919/2974 3609/1921/2977
f 3615/1927/2983 3613/1888/2981 3611/1926/2979 3612/1925/2980
f 3613/1888/2981 3571/1881/2939 3614/1882/2982 3611/1926/2979
f 3614/1882/2982 3572/1878/2940 4627/1920/3990 3606/1919/2974
f 3616/1928/2984 3576/1887/2944 3613/1888/2981 3615/1927/2983
f 3617/1929/2985 3615/1927/2983 3612/1925/2980 3619/1930/2987
f 3620/1931/2988 3616/1928/2984 3615/1927/2983 3617/1929/2985
f 3622/1932/2990 3620/1931/2988 3617/1929/2985 3618/1933/2986
f 3618/1933/2986 3617/1929/2985 3619/1930/2987 3661/1934/3029
f 3621/1935/2989 3632/1936/3000 3616/1928/2984 3620/1931/2988
f 3624/1937/2992 3621/1935/2989 3620/1931/2988 3622/1932/2990
f 3625/1938/2993 3624/1937/2992 3622/1932/2990 3623/1939/2991
f 3623/1939/2991 3622/1932/2990 3618/1933/2986 3660/1940/3028
f 3627/1941/2995 3626/1942/2994 3624/1937/2992 3625/1938/2993
f 3626/1942/2994 3629/1943/2997 3621/1935/2989 3624/1937/2992
f 3682/1944/3050 3628/1945/2996 3626/1942/2994 3627/1941/2995
f 3628/1945/2996 3630/1946/2998 3629/1943/2997 3626/1942/2994
f 3629/1943/2997 3631/1947/2999 3632/1936/3000 3621/1935/2989
f 3630/1946/2998 3633/1948/3001 3631/1947/2999 3629/1943/2997
f 3631/1947/2999 3580/1889/2948 3578/1886/2946 3632/1936/3000
f 3633/1948/3001 3635/1892/3003 3580/1889/2948 3631/1947/2999
f 3687/1949/3055 3634/1950/3002 3633/1948/3001 3630/1946/2998
f 3634/1950/3002 3636/1951/3004 3635/1892/3003 3633/1948/3001
f 3636/1951/3004 3638/1952/3006 3581/1893/2949 3635/1892/3003
f 3637/1953/3005 3639/1954/3007 3638/1955/3006 3636/1956/3004
f 3642/1957/3010 3637/1953/3005 3636/1956/3004 3634/1958/3002
f 3638/1952/3006 3640/1897/3008 3583/1894/2951 3581/1893/2949
f 3639/1954/3007 3596/1909/2964 3640/1910/3008 3638/1955/3006
f 3641/1918/3009 3604/1914/2972 3639/1954/3007 3637/1953/3005
f 3604/1914/2972 3598/1908/2966 3596/1909/2964 3639/1954/3007
f 3644/1959/3012 3641/1918/3009 3637/1953/3005 3642/1957/3010
f 3645/1960/3013 3644/1959/3012 3642/1957/3010 3643/1961/3011
f 3643/1961/3011 3642/1957/3010 3634/1958/3002 3687/1962/3055
f 3647/1963/3015 3646/1924/3014 3644/1959/3012 3645/1960/3013
f 3646/1924/3014 3603/1917/2971 3641/1918/3009 3644/1959/3012
f 3648/1964/3016 3608/1923/2976 3646/1924/3014 3647/1963/3015
f 3649/1965/3017 3647/1963/3015 3645/1960/3013 3651/1966/3019
f 3652/1967/3020 3648/1964/3016 3647/1963/3015 3649/1965/3017
f 3654/1968/3022 3652/1967/3020 3649/1965/3017 3650/1969/3018
f 3650/1969/3018 3649/1965/3017 3651/1966/3019 3688/1970/3056
f 3653/1971/3021 4626/1972/3989 3648/1964/3016 3652/1967/3020
f 3656/1973/3024 3653/1971/3021 3652/1967/3020 3654/1968/3022
f 3657/1974/3025 3656/1973/3024 3654/1968/3022 3655/1975/3023
f 3655/1975/3023 3654/1968/3022 3650/1969/3018 3693/1976/3061
f 3659/1977/3027 3658/1978/3026 3656/1973/3024 3657/1974/3025
f 3658/1978/3026 3661/1934/3029 3653/1971/3021 3656/1973/3024
f 3662/1979/3030 3660/1940/3028 3658/1978/3026 3659/1977/3027
f 3660/1940/3028 3618/1933/2986 3661/1934/3029 3658/1978/3026
f 3661/1934/3029 3619/1930/2987 4626/1972/3989 3653/1971/3021
f 3663/1980/3031 3623/1939/2991 3660/1940/3028 3662/1979/3030
f 3664/1981/3032 3662/1979/3030 3659/1977/3027 3666/1982/3034
f 3667/1983/3035 3663/1980/3031 3662/1979/3030 3664/1981/3032
f 3669/1984/3037 3667/1983/3035 3664/1981/3032 3665/1985/3033
f 3665/1985/3033 3664/1981/3032 3666/1982/3034 3708/1986/3076
f 3668/1987/3036 3679/1988/3047 3663/1980/3031 3667/1983/3035
f 3671/1989/3039 3668/1987/3036 3667/1983/3035 3669/1984/3037
f 3672/1990/3040 3671/1989/3039 3669/1984/3037 3670/1991/3038
f 3670/1991/3038 3669/1984/3037 3665/1985/3033 3707/1992/3075
f 3674/1993/3042 3673/1994/3041 3671/1989/3039 3672/1990/3040
f 3673/1994/3041 3676/1995/3044 3668/1987/3036 3671/1989/3039
f 3729/1996/3097 3675/1997/3043 3673/1994/3041 3674/1993/3042
f 3675/1997/3043 3677/1998/3045 3676/1995/3044 3673/1994/3041
f 3676/1995/3044 3678/1999/3046 3679/1988/3047 3668/1987/3036
f 3677/1998/3045 3680/2000/3048 3678/1999/3046 3676/1995/3044
f 3678/1999/3046 3627/1941/2995 3625/1938/2993 3679/1988/3047
f 3680/2000/3048 3682/1944/3050 3627/1941/2995 3678/1999/3046
f 3734/2001/3102 3681/2002/3049 3680/2000/3048 3677/1998/3045
f 3681/2002/3049 3683/2003/3051 3682/1944/3050 3680/2000/3048
f 3683/2003/3051 3685/2004/3053 3628/1945/2996 3682/1944/3050
f 3684/2005/3052 3686/2006/3054 3685/2007/3053 3683/2008/3051
f 3689/2009/3057 3684/2005/3052 3683/2008/3051 3681/2010/3049
f 3685/2004/3053 3687/1949/3055 3630/1946/2998 3628/1945/2996
f 3686/2006/3054 3643/1961/3011 3687/1962/3055 3685/2007/3053
f 3688/1970/3056 3651/1966/3019 3686/2006/3054 3684/2005/3052
f 3651/1966/3019 3645/1960/3013 3643/1961/3011 3686/2006/3054
f 3691/2011/3059 3688/1970/3056 3684/2005/3052 3689/2009/3057
f 3692/2012/3060 3691/2011/3059 3689/2009/3057 3690/2013/3058
f 3690/2013/3058 3689/2009/3057 3681/2010/3049 3734/2014/3102
f 3694/2015/3062 3693/1976/3061 3691/2011/3059 3692/2012/3060
f 3693/1976/3061 3650/1969/3018 3688/1970/3056 3691/2011/3059
f 3695/2016/3063 3655/1975/3023 3693/1976/3061 3694/2015/3062
f 3696/2017/3064 3694/2015/3062 3692/2012/3060 3698/2018/3066
f 3699/2019/3067 3695/2016/3063 3694/2015/3062 3696/2017/3064
f 3701/2020/3069 3699/2019/3067 3696/2017/3064 3697/2021/3065
f 3697/2021/3065 3696/2017/3064 3698/2018/3066 3735/2022/3103
f 3700/2023/3068 4625/2024/3988 3695/2016/3063 3699/2019/3067
f 3703/2025/3071 3700/2023/3068 3699/2019/3067 3701/2020/3069
f 3704/2026/3072 3703/2025/3071 3701/2020/3069 3702/2027/3070
f 3702/2027/3070 3701/2020/3069 3697/2021/3065 3740/2028/3108
f 3706/2029/3074 3705/2030/3073 3703/2025/3071 3704/2026/3072
f 3705/2030/3073 3708/1986/3076 3700/2023/3068 3703/2025/3071
f 3709/2031/3077 3707/1992/3075 3705/2030/3073 3706/2029/3074
f 3707/1992/3075 3665/1985/3033 3708/1986/3076 3705/2030/3073
f 3708/1986/3076 3666/1982/3034 4625/2024/3988 3700/2023/3068
f 3710/2032/3078 3670/1991/3038 3707/1992/3075 3709/2031/3077
f 3711/2033/3079 3709/2031/3077 3706/2029/3074 3713/2034/3081
f 3714/2035/3082 3710/2032/3078 3709/2031/3077 3711/2033/3079
f 3716/2036/3084 3714/2035/3082 3711/2033/3079 3712/2037/3080
f 3712/2037/3080 3711/2033/3079 3713/2034/3081 3755/2038/3123
f 3715/2039/3083 3726/2040/3094 3710/2032/3078 3714/2035/3082
f 3718/2041/3086 3715/2039/3083 3714/2035/3082 3716/2036/3084
f 3719/2042/3087 3718/2041/3086 3716/2036/3084 3717/2043/3085
f 3717/2043/3085 3716/2036/3084 3712/2037/3080 3754/2044/3122
f 3721/2045/3089 3720/2046/3088 3718/2041/3086 3719/2042/3087
f 3720/2046/3088 3723/2047/3091 3715/2039/3083 3718/2041/3086
f 3776/2048/3144 3722/2049/3090 3720/2046/3088 3721/2045/3089
f 3722/2049/3090 3724/2050/3092 3723/2047/3091 3720/2046/3088
f 3723/2047/3091 3725/2051/3093 3726/2040/3094 3715/2039/3083
f 3724/2050/3092 3727/2052/3095 3725/2051/3093 3723/2047/3091
f 3725/2051/3093 3674/1993/3042 3672/1990/3040 3726/2040/3094
f 3727/2052/3095 3729/1996/3097 3674/1993/3042 3725/2051/3093
f 3781/2053/3149 3728/2054/3096 3727/2052/3095 3724/2050/3092
f 3728/2054/3096 3730/2055/3098 3729/1996/3097 3727/2052/3095
f 3730/2055/3098 3732/2056/3100 3675/1997/3043 3729/1996/3097
f 3731/2057/3099 3733/2058/3101 3732/2059/3100 3730/2060/3098
f 3736/2061/3104 3731/2057/3099 3730/2060/3098 3728/2062/3096
f 3732/2056/3100 3734/2001/3102 3677/1998/3045 3675/1997/3043
f 3733/2058/3101 3690/2013/3058 3734/2014/3102 3732/2059/3100
f 3735/2022/3103 3698/2018/3066 3733/2058/3101 3731/2057/3099
f 3698/2018/3066 3692/2012/3060 3690/2013/3058 3733/2058/3101
f 3738/2063/3106 3735/2022/3103 3731/2057/3099 3736/2061/3104
f 3739/2064/3107 3738/2063/3106 3736/2061/3104 3737/2065/3105
f 3737/2065/3105 3736/2061/3104 3728/2062/3096 3781/2066/3149
f 3741/2067/3109 3740/2028/3108 3738/2063/3106 3739/2064/3107
f 3740/2028/3108 3697/2021/3065 3735/2022/3103 3738/2063/3106
f 3742/2068/3110 3702/2027/3070 3740/2028/3108 3741/2067/3109
f 3743/2069/3111 3741/2067/3109 3739/2064/3107 3745/2070/3113
f 3746/2071/3114 3742/2068/3110 3741/2067/3109 3743/2069/3111
f 3748/2072/3116 3746/2071/3114 3743/2069/3111 3744/2073/3112
f 3744/2073/3112 3743/2069/3111 3745/2070/3113 3782/2074/3150
f 3747/2075/3115 4624/2076/3987 3742/2068/3110 3746/2071/3114
f 3750/2077/3118 3747/2075/3115 3746/2071/3114 3748/2072/3116
f 3751/2078/3119 3750/2077/3118 3748/2072/3116 3749/2079/3117
f 3749/2079/3117 3748/2072/3116 3744/2073/3112 3787/2080/3155
f 3753/2081/3121 3752/2082/3120 3750/2077/3118 3751/2078/3119
f 3752/2082/3120 3755/2038/3123 3747/2075/3115 3750/2077/3118
f 3756/2083/3124 3754/2044/3122 3752/2082/3120 3753/2081/3121
f 3754/2044/3122 3712/2037/3080 3755/2038/3123 3752/2082/3120
f 3755/2038/3123 3713/2034/3081 4624/2076/3987 3747/2075/3115
f 3757/2084/3125 3717/2043/3085 3754/2044/3122 3756/2083/3124
f 3758/2085/3126 3756/2083/3124 3753/2081/3121 3760/2086/3128
f 3761/2087/3129 3757/2084/3125 3756/2083/3124 3758/2085/3126
f 3763/2088/3131 3761/2087/3129 3758/2085/3126 3759/2089/3127
f 3759/2089/3127 3758/2085/3126 3760/2086/3128 3802/2090/3170
f 3762/2091/3130 3773/2092/3141 3757/2084/3125 3761/2087/3129
f 3765/2093/3133 3762/2091/3130 3761/2087/3129 3763/2088/3131
f 3766/2094/3134 3765/2093/3133 3763/2088/3131 3764/2095/3132
f 3764/2095/3132 3763/2088/3131 3759/2089/3127 3801/2096/3169
f 3768/2097/3136 3767/2098/3135 3765/2093/3133 3766/2094/3134
f 3767/2098/3135 3770/2099/3138 3762/2091/3130 3765/2093/3133
f 3823/2100/3190 3769/2101/3137 3767/2098/3135 3768/2097/3136
f 3769/2101/3137 3771/2102/3139 3770/2099/3138 3767/2098/3135
f 3770/2099/3138 3772/2103/3140 3773/2092/3141 3762/2091/3130
f 3771/2102/3139 3774/2104/3142 3772/2103/3140 3770/2099/3138
f 3772/2103/3140 3721/2045/3089 3719/2042/3087 3773/2092/3141
f 3774/2104/3142 3776/2048/3144 3721/2045/3089 3772/2103/3140
f 3828/2105/3195 3775/2106/3143 3774/2104/3142 3771/2102/3139
f 3775/2106/3143 3777/2107/3145 3776/2048/3144 3774/2104/3142
f 3777/2107/3145 3779/2108/3147 3722/2049/3090 3776/2048/3144
f 3778/2109/3146 3780/2110/3148 3779/2111/3147 3777/2112/3145
f 3783/2113/3151 3778/2109/3146 3777/2112/3145 3775/2114/3143
f 3779/2108/3147 3781/2053/3149 3724/2050/3092 3722/2049/3090
f 3780/2110/3148 3737/2065/3105 3781/2066/3149 3779/2111/3147
f 3782/2074/3150 3745/2070/3113 3780/2110/3148 3778/2109/3146
f 3745/2070/3113 3739/2064/3107 3737/2065/3105 3780/2110/3148
f 3785/2115/3153 3782/2074/3150 3778/2109/3146 3783/2113/3151
f 3786/2116/3154 3785/2115/3153 3783/2113/3151 3784/2117/3152
f 3784/2117/3152 3783/2113/3151 3775/2114/3143 3828/2118/3195
f 3788/2119/3156 3787/2080/3155 3785/2115/3153 3786/2116/3154
f 3787/2080/3155 3744/2073/3112 3782/2074/3150 3785/2115/3153
f 3789/2120/3157 3749/2079/3117 3787/2080/3155 3788/2119/3156
f 3790/2121/3158 3788/2119/3156 3786/2116/3154 3792/2122/3160
f 3793/2123/3161 3789/2120/3157 3788/2119/3156 3790/2121/3158
f 3795/2124/3163 3793/2123/3161 3790/2121/3158 3791/2125/3159
f 3791/2125/3159 3790/2121/3158 3792/2122/3160 3829/2126/3196
f 3794/2127/3162 4623/2128/3986 3789/2120/3157 3793/2123/3161
f 3797/2129/3165 3794/2127/3162 3793/2123/3161 3795/2124/3163
f 3798/2130/3166 3797/2129/3165 3795/2124/3163 3796/2131/3164
f 3796/2131/3164 3795/2124/3163 3791/2125/3159 3834/2132/3201
f 3800/2133/3168 3799/2134/3167 3797/2129/3165 3798/2130/3166
f 3799/2134/3167 3802/2090/3170 3794/2127/3162 3797/2129/3165
f 3803/2135/3171 3801/2096/3169 3799/2134/3167 3800/2133/3168
f 3801/2096/3169 3759/2089/3127 3802/2090/3170 3799/2134/3167
f 3802/2090/3170 3760/2086/3128 4623/2128/3986 3794/2127/3162
f 3804/2136/3172 3764/2095/3132 3801/2096/3169 3803/2135/3171
f 3805/2137/3173 3803/2135/3171 3800/2133/3168 3807/2138/3175
f 3808/2139/3176 3804/2136/3172 3803/2135/3171 3805/2137/3173
f 3810/2140/3178 3808/2139/3176 3805/2137/3173 3806/2141/3174
f 3806/2141/3174 3805/2137/3173 3807/2138/3175 3849/2142/3216
f 3809/2143/3177 3820/2144/3187 3804/2136/3172 3808/2139/3176
f 3812/2145/3180 3809/2143/3177 3808/2139/3176 3810/2140/3178
f 3813/2146/3181 3812/2145/3180 3810/2140/3178 3811/2147/3179
f 3811/2147/3179 3810/2140/3178 3806/2141/3174 3848/2148/3215
f 3815/2149/3183 3814/2150/3182 3812/2145/3180 3813/2146/3181
f 3814/2150/3182 3817/2151/3185 3809/2143/3177 3812/2145/3180
f 3870/2152/3236 3816/2153/3184 3814/2150/3182 3815/2149/3183
f 3816/2153/3184 3818/2154/3184 3817/2151/3185 3814/2150/3182
f 3817/2151/3185 3819/2155/3186 3820/2144/3187 3809/2143/3177
f 3818/2154/3184 3821/2156/3188 3819/2155/3186 3817/2151/3185
f 3819/2155/3186 3768/2097/3136 3766/2094/3134 3820/2144/3187
f 3821/2156/3188 3823/2100/3190 3768/2097/3136 3819/2155/3186
f 3875/2157/3241 3822/2158/3189 3821/2156/3188 3818/2154/3184
f 3822/2158/3189 3824/2159/3191 3823/2100/3190 3821/2156/3188
f 3824/2159/3191 3826/2160/3193 3769/2101/3137 3823/2100/3190
f 3825/2161/3192 3827/2162/3194 3826/2163/3193 3824/2164/3191
f 3830/2165/3197 3825/2161/3192 3824/2164/3191 3822/2166/3189
f 3826/2160/3193 3828/2105/3195 3771/2102/3139 3769/2101/3137
f 3827/2162/3194 3784/2117/3152 3828/2118/3195 3826/2163/3193
f 3829/2126/3196 3792/2122/3160 3827/2162/3194 3825/2161/3192
f 3792/2122/3160 3786/2116/3154 3784/2117/3152 3827/2162/3194
f 3832/2167/3199 3829/2126/3196 3825/2161/3192 3830/2165/3197
f 3833/2168/3200 3832/2167/3199 3830/2165/3197 3831/2169/3198
f 3831/2169/3198 3830/2165/3197 3822/2166/3189 3875/2170/3241
f 3835/2171/3202 3834/2132/3201 3832/2167/3199 3833/2168/3200
f 3834/2132/3201 3791/2125/3159 3829/2126/3196 3832/2167/3199
f 3836/2172/3203 3796/2131/3164 3834/2132/3201 3835/2171/3202
f 3837/2173/3204 3835/2171/3202 3833/2168/3200 3839/2174/3206
f 3840/2175/3207 3836/2172/3203 3835/2171/3202 3837/2173/3204
f 3842/2176/3209 3840/2175/3207 3837/2173/3204 3838/2177/3205
f 3838/2177/3205 3837/2173/3204 3839/2174/3206 3876/2178/3242
f 3841/2179/3208 4622/2180/3208 3836/2172/3203 3840/2175/3207
f 3844/2181/3211 3841/2179/3208 3840/2175/3207 3842/2176/3209
f 3845/2182/3212 3844/2181/3211 3842/2176/3209 3843/2183/3210
f 3843/2183/3210 3842/2176/3209 3838/2177/3205 3881/2184/3247
f 3847/2185/3214 3846/2186/3213 3844/2181/3211 3845/2182/3212
f 3846/2186/3213 3849/2142/3216 3841/2179/3208 3844/2181/3211
f 3850/2187/3217 3848/2148/3215 3846/2186/3213 3847/2185/3214
f 3848/2148/3215 3806/2141/3174 3849/2142/3216 3846/2186/3213
f 3849/2142/3216 3807/2138/3175 4622/2180/3208 3841/2179/3208
f 3851/2188/3218 3811/2147/3179 3848/2148/3215 3850/2187/3217
f 3852/2189/3219 3850/2187/3217 3847/2185/3214 3854/2190/3221
f 3855/2191/3222 3851/2188/3218 3850/2187/3217 3852/2189/3219
f 3857/2192/3224 3855/2191/3222 3852/2189/3219 3853/2193/3220
f 3853/2193/3220 3852/2189/3219 3854/2190/3221 3896/2194/3262
f 3856/2195/3223 3867/2196/3233 3851/2188/3218 3855/2191/3222
f 3859/2197/3226 3856/2195/3223 3855/2191/3222 3857/2192/3224
f 3860/2198/3227 3859/2197/3226 3857/2192/3224 3858/2199/3225
f 3858/2199/3225 3857/2192/3224 3853/2193/3220 3895/2200/3261
f 3862/2201/3229 3861/2202/3228 3859/2197/3226 3860/2198/3227
f 3861/2202/3228 3864/2203/3231 3856/2195/3223 3859/2197/3226
f 3917/2204/3283 3863/2205/3230 3861/2202/3228 3862/2201/3229
f 3863/2205/3230 3865/2206/3230 3864/2203/3231 3861/2202/3228
f 3864/2203/3231 3866/2207/3232 3867/2196/3233 3856/2195/3223
f 3865/2206/3230 3868/2208/3234 3866/2207/3232 3864/2203/3231
f 3866/2207/3232 3815/2149/3183 3813/2146/3181 3867/2196/3233
f 3868/2208/3234 3870/2152/3236 3815/2149/3183 3866/2207/3232
f 3922/2209/3288 3869/2210/3235 3868/2208/3234 3865/2206/3230
f 3869/2210/3235 3871/2211/3237 3870/2152/3236 3868/2208/3234
f 3871/2211/3237 3873/2212/3239 3816/2153/3184 3870/2152/3236
f 3872/2213/3238 3874/2214/3240 3873/2215/3239 3871/2216/3237
f 3877/2217/3243 3872/2213/3238 3871/2216/3237 3869/2218/3235
f 3873/2212/3239 3875/2157/3241 3818/2154/3184 3816/2153/3184
f 3874/2214/3240 3831/2169/3198 3875/2170/3241 3873/2215/3239
f 3876/2178/3242 3839/2174/3206 3874/2214/3240 3872/2213/3238
f 3839/2174/3206 3833/2168/3200 3831/2169/3198 3874/2214/3240
f 3879/2219/3245 3876/2178/3242 3872/2213/3238 3877/2217/3243
f 3880/2220/3246 3879/2219/3245 3877/2217/3243 3878/2221/3244
f 3878/2221/3244 3877/2217/3243 3869/2218/3235 3922/2222/3288
f 3882/2223/3248 3881/2184/3247 3879/2219/3245 3880/2220/3246
f 3881/2184/3247 3838/2177/3205 3876/2178/3242 3879/2219/3245
f 3883/2224/3249 3843/2183/3210 3881/2184/3247 3882/2223/3248
f 3884/2225/3250 3882/2223/3248 3880/2220/3246 3886/2226/3252
f 3887/2227/3253 3883/2224/3249 3882/2223/3248 3884/2225/3250
f 3889/2228/3255 3887/2227/3253 3884/2225/3250 3885/2229/3251
f 3885/2229/3251 3884/2225/3250 3886/2226/3252 3923/2230/3289
f 3888/2231/3254 4621/2232/3254 3883/2224/3249 3887/2227/3253
f 3891/2233/3257 3888/2231/3254 3887/2227/3253 3889/2228/3255
f 3892/2234/3258 3891/2233/3257 3889/2228/3255 3890/2235/3256
f 3890/2235/3256 3889/2228/3255 3885/2229/3251 3928/2236/3294
f 3894/2237/3260 3893/2238/3259 3891/2233/3257 3892/2234/3258
f 3893/2238/3259 3896/2194/3262 3888/2231/3254 3891/2233/3257
f 3897/2239/3263 3895/2200/3261 3893/2238/3259 3894/2237/3260
f 3895/2200/3261 3853/2193/3220 3896/2194/3262 3893/2238/3259
f 3896/2194/3262 3854/2190/3221 4621/2232/3254 3888/2231/3254
f 3898/2240/3264 3858/2199/3225 3895/2200/3261 3897/2239/3263
f 3899/2241/3265 3897/2239/3263 3894/2237/3260 3901/2242/3267
f 3902/2243/3268 3898/2240/3264 3897/2239/3263 3899/2241/3265
f 3904/2244/3270 3902/2243/3268 3899/2241/3265 3900/2245/3266
f 3900/2245/3266 3899/2241/3265 3901/2242/3267 3943/2246/3309
f 3903/2247/3269 3914/2248/3280 3898/2240/3264 3902/2243/3268
f 3906/2249/3272 3903/2247/3269 3902/2243/3268 3904/2244/3270
f 3907/2250/3273 3906/2249/3272 3904/2244/3270 3905/2251/3271
f 3905/2251/3271 3904/2244/3270 3900/2245/3266 3942/2252/3308
f 3909/2253/3275 3908/2254/3274 3906/2249/3272 3907/2250/3273
f 3908/2254/3274 3911/2255/3277 3903/2247/3269 3906/2249/3272
f 3964/2256/3330 3910/2257/3276 3908/2254/3274 3909/2253/3275
f 3910/2257/3276 3912/2258/3278 3911/2255/3277 3908/2254/3274
f 3911/2255/3277 3913/2259/3279 3914/2248/3280 3903/2247/3269
f 3912/2258/3278 3915/2260/3281 3913/2259/3279 3911/2255/3277
f 3913/2259/3279 3862/2201/3229 3860/2198/3227 3914/2248/3280
f 3915/2260/3281 3917/2204/3283 3862/2201/3229 3913/2259/3279
f 3969/2261/3335 3916/2262/3282 3915/2260/3281 3912/2258/3278
f 3916/2262/3282 3918/2263/3284 3917/2204/3283 3915/2260/3281
f 3918/2263/3284 3920/2264/3286 3863/2205/3230 3917/2204/3283
f 3919/2265/3285 3921/2266/3287 3920/2267/3286 3918/2268/3284
f 3924/2269/3290 3919/2265/3285 3918/2268/3284 3916/2270/3282
f 3920/2264/3286 3922/2209/3288 3865/2206/3230 3863/2205/3230
f 3921/2266/3287 3878/2221/3244 3922/2222/3288 3920/2267/3286
f 3923/2230/3289 3886/2226/3252 3921/2266/3287 3919/2265/3285
f 3886/2226/3252 3880/2220/3246 3878/2221/3244 3921/2266/3287
f 3926/2271/3292 3923/2230/3289 3919/2265/3285 3924/2269/3290
f 3927/2272/3293 3926/2271/3292 3924/2269/3290 3925/2273/3291
f 3925/2273/3291 3924/2269/3290 3916/2270/3282 3969/2274/3335
f 3929/2275/3295 3928/2236/3294 3926/2271/3292 3927/2272/3293
f 3928/2236/3294 3885/2229/3251 3923/2230/3289 3926/2271/3292
f 3930/2276/3296 3890/2235/3256 3928/2236/3294 3929/2275/3295
f 3931/2277/3297 3929/2275/3295 3927/2272/3293 3933/2278/3299
f 3934/2279/3300 3930/2276/3296 3929/2275/3295 3931/2277/3297
f 3936/2280/3302 3934/2279/3300 3931/2277/3297 3932/2281/3298
f 3932/2281/3298 3931/2277/3297 3933/2278/3299 3970/2282/3336
f 3935/2283/3301 4620/2284/3985 3930/2276/3296 3934/2279/3300
f 3938/2285/3304 3935/2283/3301 3934/2279/3300 3936/2280/3302
f 3939/2286/3305 3938/2285/3304 3936/2280/3302 3937/2287/3303
f 3937/2287/3303 3936/2280/3302 3932/2281/3298 3975/2288/3341
f 3941/2289/3307 3940/2290/3306 3938/2285/3304 3939/2286/3305
f 3940/2290/3306 3943/2246/3309 3935/2283/3301 3938/2285/3304
f 3944/2291/3310 3942/2252/3308 3940/2290/3306 3941/2289/3307
f 3942/2252/3308 3900/2245/3266 3943/2246/3309 3940/2290/3306
f 3943/2246/3309 3901/2242/3267 4620/2284/3985 3935/2283/3301
f 3945/2292/3311 3905/2251/3271 3942/2252/3308 3944/2291/3310
f 3946/2293/3312 3944/2291/3310 3941/2289/3307 3948/2294/3314
f 3949/2295/3315 3945/2292/3311 3944/2291/3310 3946/2293/3312
f 3951/2296/3317 3949/2295/3315 3946/2293/3312 3947/2297/3313
f 3947/2297/3313 3946/2293/3312 3948/2294/3314 3990/2298/3356
f 3950/2299/3316 3961/2300/3327 3945/2292/3311 3949/2295/3315
f 3953/2301/3319 3950/2299/3316 3949/2295/3315 3951/2296/3317
f 3954/2302/3320 3953/2301/3319 3951/2296/3317 3952/2303/3318
f 3952/2303/3318 3951/2296/3317 3947/2297/3313 3989/2304/3355
f 3956/2305/3322 3955/2306/3321 3953/2301/3319 3954/2302/3320
f 3955/2306/3321 3958/2307/3324 3950/2299/3316 3953/2301/3319
f 4011/2308/3377 3957/2309/3323 3955/2306/3321 3956/2305/3322
f 3957/2309/3323 3959/2310/3325 3958/2307/3324 3955/2306/3321
f 3958/2307/3324 3960/2311/3326 3961/2300/3327 3950/2299/3316
f 3959/2310/3325 3962/2312/3328 3960/2311/3326 3958/2307/3324
f 3960/2311/3326 3909/2253/3275 3907/2250/3273 3961/2300/3327
f 3962/2312/3328 3964/2256/3330 3909/2253/3275 3960/2311/3326
f 4016/2313/3382 3963/2314/3329 3962/2312/3328 3959/2310/3325
f 3963/2314/3329 3965/2315/3331 3964/2256/3330 3962/2312/3328
f 3965/2315/3331 3967/2316/3333 3910/2257/3276 3964/2256/3330
f 3966/2317/3332 3968/2318/3334 3967/2319/3333 3965/2320/3331
f 3971/2321/3337 3966/2317/3332 3965/2320/3331 3963/2322/3329
f 3967/2316/3333 3969/2261/3335 3912/2258/3278 3910/2257/3276
f 3968/2318/3334 3925/2273/3291 3969/2274/3335 3967/2319/3333
f 3970/2282/3336 3933/2278/3299 3968/2318/3334 3966/2317/3332
f 3933/2278/3299 3927/2272/3293 3925/2273/3291 3968/2318/3334
f 3973/2323/3339 3970/2282/3336 3966/2317/3332 3971/2321/3337
f 3974/2324/3340 3973/2323/3339 3971/2321/3337 3972/2325/3338
f 3972/2325/3338 3971/2321/3337 3963/2322/3329 4016/2326/3382
f 3976/2327/3342 3975/2288/3341 3973/2323/3339 3974/2324/3340
f 3975/2288/3341 3932/2281/3298 3970/2282/3336 3973/2323/3339
f 3977/2328/3343 3937/2287/3303 3975/2288/3341 3976/2327/3342
f 3978/2329/3344 3976/2327/3342 3974/2324/3340 3980/2330/3346
f 3981/2331/3347 3977/2328/3343 3976/2327/3342 3978/2329/3344
f 3983/2332/3349 3981/2331/3347 3978/2329/3344 3979/2333/3345
f 3979/2333/3345 3978/2329/3344 3980/2330/3346 4017/2334/3383
f 3982/2335/3348 4619/2336/3984 3977/2328/3343 3981/2331/3347
f 3985/2337/3351 3982/2335/3348 3981/2331/3347 3983/2332/3349
f 3986/2338/3352 3985/2337/3351 3983/2332/3349 3984/2339/3350
f 3984/2339/3350 3983/2332/3349 3979/2333/3345 4022/2340/3388
f 3988/2341/3354 3987/2342/3353 3985/2337/3351 3986/2338/3352
f 3987/2342/3353 3990/2298/3356 3982/2335/3348 3985/2337/3351
f 3991/2343/3357 3989/2304/3355 3987/2342/3353 3988/2341/3354
f 3989/2304/3355 3947/2297/3313 3990/2298/3356 3987/2342/3353
f 3990/2298/3356 3948/2294/3314 4619/2336/3984 3982/2335/3348
f 3992/2344/3358 3952/2303/3318 3989/2304/3355 3991/2343/3357
f 3993/2345/3359 3991/2343/3357 3988/2341/3354 3995/2346/3361
f 3996/2347/3362 3992/2344/3358 3991/2343/3357 3993/2345/3359
f 3998/2348/3364 3996/2347/3362 3993/2345/3359 3994/2349/3360
f 3994/2349/3360 3993/2345/3359 3995/2346/3361 4037/2350/3403
f 3997/2351/3363 4008/2352/3374 3992/2344/3358 3996/2347/3362
f 4000/2353/3366 3997/2351/3363 3996/2347/3362 3998/2348/3364
f 4001/2354/3367 4000/2353/3366 3998/2348/3364 3999/2355/3365
f 3999/2355/3365 3998/2348/3364 3994/2349/3360 4036/2356/3402
f 4003/2357/3369 4002/2358/3368 4000/2353/3366 4001/2354/3367
f 4002/2358/3368 4005/2359/3371 3997/2351/3363 4000/2353/3366
f 4058/2360/3424 4004/2361/3370 4002/2358/3368 4003/2357/3369
f 4004/2361/3370 4006/2362/3372 4005/2359/3371 4002/2358/3368
f 4005/2359/3371 4007/2363/3373 4008/2352/3374 3997/2351/3363
f 4006/2362/3372 4009/2364/3375 4007/2363/3373 4005/2359/3371
f 4007/2363/3373 3956/2305/3322 3954/2302/3320 4008/2352/3374
f 4009/2364/3375 4011/2308/3377 3956/2305/3322 4007/2363/3373
f 4063/2365/3429 4010/2366/3376 4009/2364/3375 4006/2362/3372
f 4010/2366/3376 4012/2367/3378 4011/2308/3377 4009/2364/3375
f 4012/2367/3378 4014/2368/3380 3957/2309/3323 4011/2308/3377
f 4013/2369/3379 4015/2370/3381 4014/2371/3380 4012/2372/3378
f 4018/2373/3384 4013/2369/3379 4012/2372/3378 4010/2374/3376
f 4014/2368/3380 4016/2313/3382 3959/2310/3325 3957/2309/3323
f 4015/2370/3381 3972/2325/3338 4016/2326/3382 4014/2371/3380
f 4017/2334/3383 3980/2330/3346 4015/2370/3381 4013/2369/3379
f 3980/2330/3346 3974/2324/3340 3972/2325/3338 4015/2370/3381
f 4020/2375/3386 4017/2334/3383 4013/2369/3379 4018/2373/3384
f 4021/2376/3387 4020/2375/3386 4018/2373/3384 4019/2377/3385
f 4019/2377/3385 4018/2373/3384 4010/2374/3376 4063/2378/3429
f 4023/2379/3389 4022/2340/3388 4020/2375/3386 4021/2376/3387
f 4022/2340/3388 3979/2333/3345 4017/2334/3383 4020/2375/3386
f 4024/2380/3390 3984/2339/3350 4022/2340/3388 4023/2379/3389
f 4025/2381/3391 4023/2379/3389 4021/2376/3387 4027/2382/3393
f 4028/2383/3394 4024/2380/3390 4023/2379/3389 4025/2381/3391
f 4030/2384/3396 4028/2383/3394 4025/2381/3391 4026/2385/3392
f 4026/2385/3392 4025/2381/3391 4027/2382/3393 4064/2386/3430
f 4029/2387/3395 4618/2388/3983 4024/2380/3390 4028/2383/3394
f 4032/2389/3398 4029/2387/3395 4028/2383/3394 4030/2384/3396
f 4033/2390/3399 4032/2389/3398 4030/2384/3396 4031/2391/3397
f 4031/2391/3397 4030/2384/3396 4026/2385/3392 4069/2392/3435
f 4035/2393/3401 4034/2394/3400 4032/2389/3398 4033/2390/3399
f 4034/2394/3400 4037/2350/3403 4029/2387/3395 4032/2389/3398
f 4038/2395/3404 4036/2356/3402 4034/2394/3400 4035/2393/3401
f 4036/2356/3402 3994/2349/3360 4037/2350/3403 4034/2394/3400
f 4037/2350/3403 3995/2346/3361 4618/2388/3983 4029/2387/3395
f 4039/2396/3405 3999/2355/3365 4036/2356/3402 4038/2395/3404
f 4040/2397/3406 4038/2395/3404 4035/2393/3401 4042/2398/3408
f 4043/2399/3409 4039/2396/3405 4038/2395/3404 4040/2397/3406
f 4045/2400/3411 4043/2399/3409 4040/2397/3406 4041/2401/3407
f 4041/2401/3407 4040/2397/3406 4042/2398/3408 4084/2402/3450
f 4044/2403/3410 4055/2404/3421 4039/2396/3405 4043/2399/3409
f 4047/2405/3413 4044/2403/3410 4043/2399/3409 4045/2400/3411
f 4048/2406/3414 4047/2405/3413 4045/2400/3411 4046/2407/3412
f 4046/2407/3412 4045/2400/3411 4041/2401/3407 4083/2408/3449
f 4050/2409/3416 4049/2410/3415 4047/2405/3413 4048/2406/3414
f 4049/2410/3415 4052/2411/3418 4044/2403/3410 4047/2405/3413
f 4105/2412/3471 4051/2413/3417 4049/2410/3415 4050/2409/3416
f 4051/2413/3417 4053/2414/3419 4052/2411/3418 4049/2410/3415
f 4052/2411/3418 4054/2415/3420 4055/2404/3421 4044/2403/3410
f 4053/2414/3419 4056/2416/3422 4054/2415/3420 4052/2411/3418
f 4054/2415/3420 4003/2357/3369 4001/2354/3367 4055/2404/3421
f 4056/2416/3422 4058/2360/3424 4003/2357/3369 4054/2415/3420
f 4110/2417/3476 4057/2418/3423 4056/2416/3422 4053/2414/3419
f 4057/2418/3423 4059/2419/3425 4058/2360/3424 4056/2416/3422
f 4059/2419/3425 4061/2420/3427 4004/2361/3370 4058/2360/3424
f 4060/2421/3426 4062/2422/3428 4061/2423/3427 4059/2424/3425
f 4065/2425/3431 4060/2421/3426 4059/2424/3425 4057/2426/3423
f 4061/2420/3427 4063/2365/3429 4006/2362/3372 4004/2361/3370
f 4062/2422/3428 4019/2377/3385 4063/2378/3429 4061/2423/3427
f 4064/2386/3430 4027/2382/3393 4062/2422/3428 4060/2421/3426
f 4027/2382/3393 4021/2376/3387 4019/2377/3385 4062/2422/3428
f 4067/2427/3433 4064/2386/3430 4060/2421/3426 4065/2425/3431
f 4068/2428/3434 4067/2427/3433 4065/2425/3431 4066/2429/3432
f 4066/2429/3432 4065/2425/3431 4057/2426/3423 4110/2430/3476
f 4070/2431/3436 4069/2392/3435 4067/2427/3433 4068/2428/3434
f 4069/2392/3435 4026/2385/3392 4064/2386/3430 4067/2427/3433
f 4071/2432/3437 4031/2391/3397 4069/2392/3435 4070/2431/3436
f 4072/2433/3438 4070/2431/3436 4068/2428/3434 4074/2434/3440
f 4075/2435/3441 4071/2432/3437 4070/2431/3436 4072/2433/3438
f 4077/2436/3443 4075/2435/3441 4072/2433/3438 4073/2437/3439
f 4073/2437/3439 4072/2433/3438 4074/2434/3440 4111/2438/3477
f 4076/2439/3442 4617/2440/3982 4071/2432/3437 4075/2435/3441
f 4079/2441/3445 4076/2439/3442 4075/2435/3441 4077/2436/3443
f 4080/2442/3446 4079/2441/3445 4077/2436/3443 4078/2443/3444
f 4078/2443/3444 4077/2436/3443 4073/2437/3439 4116/2444/3482
f 4082/2445/3448 4081/2446/3447 4079/2441/3445 4080/2442/3446
f 4081/2446/3447 4084/2402/3450 4076/2439/3442 4079/2441/3445
f 4085/2447/3451 4083/2408/3449 4081/2446/3447 4082/2445/3448
f 4083/2408/3449 4041/2401/3407 4084/2402/3450 4081/2446/3447
f 4084/2402/3450 4042/2398/3408 4617/2440/3982 4076/2439/3442
f 4086/2448/3452 4046/2407/3412 4083/2408/3449 4085/2447/3451
f 4087/2449/3453 4085/2447/3451 4082/2445/3448 4089/2450/3455
f 4090/2451/3456 4086/2448/3452 4085/2447/3451 4087/2449/3453
f 4092/2452/3458 4090/2451/3456 4087/2449/3453 4088/2453/3454
f 4088/2453/3454 4087/2449/3453 4089/2450/3455 4131/2454/3497
f 4091/2455/3457 4102/2456/3468 4086/2448/3452 4090/2451/3456
f 4094/2457/3460 4091/2455/3457 4090/2451/3456 4092/2452/3458
f 4095/2458/3461 4094/2457/3460 4092/2452/3458 4093/2459/3459
f 4093/2459/3459 4092/2452/3458 4088/2453/3454 4130/2460/3496
f 4097/2461/3463 4096/2462/3462 4094/2457/3460 4095/2458/3461
f 4096/2462/3462 4099/2463/3465 4091/2455/3457 4094/2457/3460
f 4152/2464/3518 4098/2465/3464 4096/2462/3462 4097/2461/3463
f 4098/2465/3464 4100/2466/3466 4099/2463/3465 4096/2462/3462
f 4099/2463/3465 4101/2467/3467 4102/2456/3468 4091/2455/3457
f 4100/2466/3466 4103/2468/3469 4101/2467/3467 4099/2463/3465
f 4101/2467/3467 4050/2409/3416 4048/2406/3414 4102/2456/3468
f 4103/2468/3469 4105/2412/3471 4050/2409/3416 4101/2467/3467
f 4157/2469/3523 4104/2470/3470 4103/2468/3469 4100/2466/3466
f 4104/2470/3470 4106/2471/3472 4105/2412/3471 4103/2468/3469
f 4106/2471/3472 4108/2472/3474 4051/2413/3417 4105/2412/3471
f 4107/2473/3473 4109/2474/3475 4108/2475/3474 4106/2476/3472
f 4112/2477/3478 4107/2473/3473 4106/2476/3472 4104/2478/3470
f 4108/2472/3474 4110/2417/3476 4053/2414/3419 4051/2413/3417
f 4109/2474/3475 4066/2429/3432 4110/2430/3476 4108/2475/3474
f 4111/2438/3477 4074/2434/3440 4109/2474/3475 4107/2473/3473
f 4074/2434/3440 4068/2428/3434 4066/2429/3432 4109/2474/3475
f 4114/2479/3480 4111/2438/3477 4107/2473/3473 4112/2477/3478
f 4115/2480/3481 4114/2479/3480 4112/2477/3478 4113/2481/3479
f 4113/2481/3479 4112/2477/3478 4104/2478/3470 4157/2482/3523
f 4117/2483/3483 4116/2444/3482 4114/2479/3480 4115/2480/3481
f 4116/2444/3482 4073/2437/3439 4111/2438/3477 4114/2479/3480
f 4118/2484/3484 4078/2443/3444 4116/2444/3482 4117/2483/3483
f 4119/2485/3485 4117/2483/3483 4115/2480/3481 4121/2486/3487
f 4122/2487/3488 4118/2484/3484 4117/2483/3483 4119/2485/3485
f 4124/2488/3490 4122/2487/3488 4119/2485/3485 4120/2489/3486
f 4120/2489/3486 4119/2485/3485 4121/2486/3487 4158/2490/3524
f 4123/2491/3489 4616/2492/3981 4118/2484/3484 4122/2487/3488
f 4126/2493/3492 4123/2491/3489 4122/2487/3488 4124/2488/3490
f 4127/2494/3493 4126/2493/3492 4124/2488/3490 4125/2495/3491
f 4125/2495/3491 4124/2488/3490 4120/2489/3486 4163/2496/3529
f 4129/2497/3495 4128/2498/3494 4126/2493/3492 4127/2494/3493
f 4128/2498/3494 4131/2454/3497 4123/2491/3489 4126/2493/3492
f 4132/2499/3498 4130/2460/3496 4128/2498/3494 4129/2497/3495
f 4130/2460/3496 4088/2453/3454 4131/2454/3497 4128/2498/3494
f 4131/2454/3497 4089/2450/3455 4616/2492/3981 4123/2491/3489
f 4133/2500/3499 4093/2459/3459 4130/2460/3496 4132/2499/3498
f 4134/2501/3500 4132/2499/3498 4129/2497/3495 4136/2502/3502
f 4137/2503/3503 4133/2500/3499 4132/2499/3498 4134/2501/3500
f 4139/2504/3505 4137/2503/3503 4134/2501/3500 4135/2505/3501
f 4135/2505/3501 4134/2501/3500 4136/2502/3502 4178/2506/3544
f 4138/2507/3504 4149/2508/3515 4133/2500/3499 4137/2503/3503
f 4141/2509/3507 4138/2507/3504 4137/2503/3503 4139/2504/3505
f 4142/2510/3508 4141/2509/3507 4139/2504/3505 4140/2511/3506
f 4140/2511/3506 4139/2504/3505 4135/2505/3501 4177/2512/3543
f 4144/2513/3510 4143/2514/3509 4141/2509/3507 4142/2510/3508
f 4143/2514/3509 4146/2515/3512 4138/2507/3504 4141/2509/3507
f 4199/2516/3565 4145/2517/3511 4143/2514/3509 4144/2513/3510
f 4145/2517/3511 4147/2518/3513 4146/2515/3512 4143/2514/3509
f 4146/2515/3512 4148/2519/3514 4149/2508/3515 4138/2507/3504
f 4147/2518/3513 4150/2520/3516 4148/2519/3514 4146/2515/3512
f 4148/2519/3514 4097/2461/3463 4095/2458/3461 4149/2508/3515
f 4150/2520/3516 4152/2464/3518 4097/2461/3463 4148/2519/3514
f 4204/2521/3570 4151/2522/3517 4150/2520/3516 4147/2518/3513
f 4151/2522/3517 4153/2523/3519 4152/2464/3518 4150/2520/3516
f 4153/2523/3519 4155/2524/3521 4098/2465/3464 4152/2464/3518
f 4154/2525/3520 4156/2526/3522 4155/2527/3521 4153/2528/3519
f 4159/2529/3525 4154/2525/3520 4153/2528/3519 4151/2530/3517
f 4155/2524/3521 4157/2469/3523 4100/2466/3466 4098/2465/3464
f 4156/2526/3522 4113/2481/3479 4157/2482/3523 4155/2527/3521
f 4158/2490/3524 4121/2486/3487 4156/2526/3522 4154/2525/3520
f 4121/2486/3487 4115/2480/3481 4113/2481/3479 4156/2526/3522
f 4161/2531/3527 4158/2490/3524 4154/2525/3520 4159/2529/3525
f 4162/2532/3528 4161/2531/3527 4159/2529/3525 4160/2533/3526
f 4160/2533/3526 4159/2529/3525 4151/2530/3517 4204/2534/3570
f 4164/2535/3530 4163/2496/3529 4161/2531/3527 4162/2532/3528
f 4163/2496/3529 4120/2489/3486 4158/2490/3524 4161/2531/3527
f 4165/2536/3531 4125/2495/3491 4163/2496/3529 4164/2535/3530
f 4166/2537/3532 4164/2535/3530 4162/2532/3528 4168/2538/3534
f 4169/2539/3535 4165/2536/3531 4164/2535/3530 4166/2537/3532
f 4171/2540/3537 4169/2539/3535 4166/2537/3532 4167/2541/3533
f 4167/2541/3533 4166/2537/3532 4168/2538/3534 4205/2542/3571
f 4170/2543/3536 4615/2544/3980 4165/2536/3531 4169/2539/3535
f 4173/2545/3539 4170/2543/3536 4169/2539/3535 4171/2540/3537
f 4174/2546/3540 4173/2545/3539 4171/2540/3537 4172/2547/3538
f 4172/2547/3538 4171/2540/3537 4167/2541/3533 4210/2548/3576
f 4176/2549/3542 4175/2550/3541 4173/2545/3539 4174/2546/3540
f 4175/2550/3541 4178/2506/3544 4170/2543/3536 4173/2545/3539
f 4179/2551/3545 4177/2512/3543 4175/2550/3541 4176/2549/3542
f 4177/2512/3543 4135/2505/3501 4178/2506/3544 4175/2550/3541
f 4178/2506/3544 4136/2502/3502 4615/2544/3980 4170/2543/3536
f 4180/2552/3546 4140/2511/3506 4177/2512/3543 4179/2551/3545
f 4181/2553/3547 4179/2551/3545 4176/2549/3542 4183/2554/3549
f 4184/2555/3550 4180/2552/3546 4179/2551/3545 4181/2553/3547
f 4186/2556/3552 4184/2555/3550 4181/2553/3547 4182/2557/3548
f 4182/2557/3548 4181/2553/3547 4183/2554/3549 4225/2558/3591
f 4185/2559/3551 4196/2560/3562 4180/2552/3546 4184/2555/3550
f 4188/2561/3554 4185/2559/3551 4184/2555/3550 4186/2556/3552
f 4189/2562/3555 4188/2561/3554 4186/2556/3552 4187/2563/3553
f 4187/2563/3553 4186/2556/3552 4182/2557/3548 4224/2564/3590
f 4191/2565/3557 4190/2566/3556 4188/2561/3554 4189/2562/3555
f 4190/2566/3556 4193/2567/3559 4185/2559/3551 4188/2561/3554
f 4246/2568/3612 4192/2569/3558 4190/2566/3556 4191/2565/3557
f 4192/2569/3558 4194/2570/3560 4193/2567/3559 4190/2566/3556
f 4193/2567/3559 4195/2571/3561 4196/2560/3562 4185/2559/3551
f 4194/2570/3560 4197/2572/3563 4195/2571/3561 4193/2567/3559
f 4195/2571/3561 4144/2513/3510 4142/2510/3508 4196/2560/3562
f 4197/2572/3563 4199/2516/3565 4144/2513/3510 4195/2571/3561
f 4251/2573/3617 4198/2574/3564 4197/2572/3563 4194/2570/3560
f 4198/2574/3564 4200/2575/3566 4199/2516/3565 4197/2572/3563
f 4200/2575/3566 4202/2576/3568 4145/2517/3511 4199/2516/3565
f 4201/2577/3567 4203/2578/3569 4202/2579/3568 4200/2580/3566
f 4206/2581/3572 4201/2577/3567 4200/2580/3566 4198/2582/3564
f 4202/2576/3568 4204/2521/3570 4147/2518/3513 4145/2517/3511
f 4203/2578/3569 4160/2533/3526 4204/2534/3570 4202/2579/3568
f 4205/2542/3571 4168/2538/3534 4203/2578/3569 4201/2577/3567
f 4168/2538/3534 4162/2532/3528 4160/2533/3526 4203/2578/3569
f 4208/2583/3574 4205/2542/3571 4201/2577/3567 4206/2581/3572
f 4209/2584/3575 4208/2583/3574 4206/2581/3572 4207/2585/3573
f 4207/2585/3573 4206/2581/3572 4198/2582/3564 4251/2586/3617
f 4211/2587/3577 4210/2548/3576 4208/2583/3574 4209/2584/3575
f 4210/2548/3576 4167/2541/3533 4205/2542/3571 4208/2583/3574
f 4212/2588/3578 4172/2547/3538 4210/2548/3576 4211/2587/3577
f 4213/2589/3579 4211/2587/3577 4209/2584/3575 4215/2590/3581
f 4216/2591/3582 4212/2588/3578 4211/2587/3577 4213/2589/3579
f 4218/2592/3584 4216/2591/3582 4213/2589/3579 4214/2593/3580
f 4214/2593/3580 4213/2589/3579 4215/2590/3581 4252/2594/3618
f 4217/2595/3583 4614/2596/3979 4212/2588/3578 4216/2591/3582
f 4220/2597/3586 4217/2595/3583 4216/2591/3582 4218/2592/3584
f 4221/2598/3587 4220/2597/3586 4218/2592/3584 4219/2599/3585
f 4219/2599/3585 4218/2592/3584 4214/2593/3580 4257/2600/3623
f 4223/2601/3589 4222/2602/3588 4220/2597/3586 4221/2598/3587
f 4222/2602/3588 4225/2558/3591 4217/2595/3583 4220/2597/3586
f 4226/2603/3592 4224/2564/3590 4222/2602/3588 4223/2601/3589
f 4224/2564/3590 4182/2557/3548 4225/2558/3591 4222/2602/3588
f 4225/2558/3591 4183/2554/3549 4614/2596/3979 4217/2595/3583
f 4227/2604/3593 4187/2563/3553 4224/2564/3590 4226/2603/3592
f 4228/2605/3594 4226/2603/3592 4223/2601/3589 4230/2606/3596
f 4231/2607/3597 4227/2604/3593 4226/2603/3592 4228/2605/3594
f 4233/2608/3599 4231/2607/3597 4228/2605/3594 4229/2609/3595
f 4229/2609/3595 4228/2605/3594 4230/2606/3596 4272/2610/3638
f 4232/2611/3598 4243/2612/3609 4227/2604/3593 4231/2607/3597
f 4235/2613/3601 4232/2611/3598 4231/2607/3597 4233/2608/3599
f 4236/2614/3602 4235/2613/3601 4233/2608/3599 4234/2615/3600
f 4234/2615/3600 4233/2608/3599 4229/2609/3595 4271/2616/3637
f 4238/2617/3604 4237/2618/3603 4235/2613/3601 4236/2614/3602
f 4237/2618/3603 4240/2619/3606 4232/2611/3598 4235/2613/3601
f 4293/2620/3659 4239/2621/3605 4237/2618/3603 4238/2617/3604
f 4239/2621/3605 4241/2622/3607 4240/2619/3606 4237/2618/3603
f 4240/2619/3606 4242/2623/3608 4243/2612/3609 4232/2611/3598
f 4241/2622/3607 4244/2624/3610 4242/2623/3608 4240/2619/3606
f 4242/2623/3608 4191/2565/3557 4189/2562/3555 4243/2612/3609
f 4244/2624/3610 4246/2568/3612 4191/2565/3557 4242/2623/3608
f 4298/2625/3664 4245/2626/3611 4244/2624/3610 4241/2622/3607
f 4245/2626/3611 4247/2627/3613 4246/2568/3612 4244/2624/3610
f 4247/2627/3613 4249/2628/3615 4192/2569/3558 4246/2568/3612
f 4248/2629/3614 4250/2630/3616 4249/2631/3615 4247/2632/3613
f 4253/2633/3619 4248/2629/3614 4247/2632/3613 4245/2634/3611
f 4249/2628/3615 4251/2573/3617 4194/2570/3560 4192/2569/3558
f 4250/2630/3616 4207/2585/3573 4251/2586/3617 4249/2631/3615
f 4252/2594/3618 4215/2590/3581 4250/2630/3616 4248/2629/3614
f 4215/2590/3581 4209/2584/3575 4207/2585/3573 4250/2630/3616
f 4255/2635/3621 4252/2594/3618 4248/2629/3614 4253/2633/3619
f 4256/2636/3622 4255/2635/3621 4253/2633/3619 4254/2637/3620
f 4254/2637/3620 4253/2633/3619 4245/2634/3611 4298/2638/3664
f 4258/2639/3624 4257/2600/3623 4255/2635/3621 4256/2636/3622
f 4257/2600/3623 4214/2593/3580 4252/2594/3618 4255/2635/3621
f 4259/2640/3625 4219/2599/3585 4257/2600/3623 4258/2639/3624
f 4260/2641/3626 4258/2639/3624 4256/2636/3622 4262/2642/3628
f 4263/2643/3629 4259/2640/3625 4258/2639/3624 4260/2641/3626
f 4265/2644/3631 4263/2643/3629 4260/2641/3626 4261/2645/3627
f 4261/2645/3627 4260/2641/3626 4262/2642/3628 4299/2646/3665
f 4264/2647/3630 4613/2648/3978 4259/2640/3625 4263/2643/3629
f 4267/2649/3633 4264/2647/3630 4263/2643/3629 4265/2644/3631
f 4268/2650/3634 4267/2649/3633 4265/2644/3631 4266/2651/3632
f 4266/2651/3632 4265/2644/3631 4261/2645/3627 4304/2652/3670
f 4270/2653/3636 4269/2654/3635 4267/2649/3633 4268/2650/3634
f 4269/2654/3635 4272/2610/3638 4264/2647/3630 4267/2649/3633
f 4273/2655/3639 4271/2616/3637 4269/2654/3635 4270/2653/3636
f 4271/2616/3637 4229/2609/3595 4272/2610/3638 4269/2654/3635
f 4272/2610/3638 4230/2606/3596 4613/2648/3978 4264/2647/3630
f 4274/2656/3640 4234/2615/3600 4271/2616/3637 4273/2655/3639
f 4275/2657/3641 4273/2655/3639 4270/2653/3636 4277/2658/3643
f 4278/2659/3644 4274/2656/3640 4273/2655/3639 4275/2657/3641
f 4280/2660/3646 4278/2659/3644 4275/2657/3641 4276/2661/3642
f 4276/2661/3642 4275/2657/3641 4277/2658/3643 4319/2662/3685
f 4279/2663/3645 4290/2664/3656 4274/2656/3640 4278/2659/3644
f 4282/2665/3648 4279/2663/3645 4278/2659/3644 4280/2660/3646
f 4283/2666/3649 4282/2665/3648 4280/2660/3646 4281/2667/3647
f 4281/2667/3647 4280/2660/3646 4276/2661/3642 4318/2668/3684
f 4285/2669/3651 4284/2670/3650 4282/2665/3648 4283/2666/3649
f 4284/2670/3650 4287/2671/3653 4279/2663/3645 4282/2665/3648
f 4340/2672/3706 4286/2673/3652 4284/2670/3650 4285/2669/3651
f 4286/2673/3652 4288/2674/3654 4287/2671/3653 4284/2670/3650
f 4287/2671/3653 4289/2675/3655 4290/2664/3656 4279/2663/3645
f 4288/2674/3654 4291/2676/3657 4289/2675/3655 4287/2671/3653
f 4289/2675/3655 4238/2617/3604 4236/2614/3602 4290/2664/3656
f 4291/2676/3657 4293/2620/3659 4238/2617/3604 4289/2675/3655
f 4345/2677/3711 4292/2678/3658 4291/2676/3657 4288/2674/3654
f 4292/2678/3658 4294/2679/3660 4293/2620/3659 4291/2676/3657
f 4294/2679/3660 4296/2680/3662 4239/2621/3605 4293/2620/3659
f 4295/2681/3661 4297/2682/3663 4296/2683/3662 4294/2684/3660
f 4300/2685/3666 4295/2681/3661 4294/2684/3660 4292/2686/3658
f 4296/2680/3662 4298/2625/3664 4241/2622/3607 4239/2621/3605
f 4297/2682/3663 4254/2637/3620 4298/2638/3664 4296/2683/3662
f 4299/2646/3665 4262/2642/3628 4297/2682/3663 4295/2681/3661
f 4262/2642/3628 4256/2636/3622 4254/2637/3620 4297/2682/3663
f 4302/2687/3668 4299/2646/3665 4295/2681/3661 4300/2685/3666
f 4303/2688/3669 4302/2687/3668 4300/2685/3666 4301/2689/3667
f 4301/2689/3667 4300/2685/3666 4292/2686/3658 4345/2690/3711
f 4305/2691/3671 4304/2652/3670 4302/2687/3668 4303/2688/3669
f 4304/2652/3670 4261/2645/3627 4299/2646/3665 4302/2687/3668
f 4306/2692/3672 4266/2651/3632 4304/2652/3670 4305/2691/3671
f 4307/2693/3673 4305/2691/3671 4303/2688/3669 4309/2694/3675
f 4310/2695/3676 4306/2692/3672 4305/2691/3671 4307/2693/3673
f 4312/2696/3678 4310/2695/3676 4307/2693/3673 4308/2697/3674
f 4308/2697/3674 4307/2693/3673 4309/2694/3675 4346/2698/3712
f 4311/2699/3677 4612/2700/3977 4306/2692/3672 4310/2695/3676
f 4314/2701/3680 4311/2699/3677 4310/2695/3676 4312/2696/3678
f 4315/2702/3681 4314/2701/3680 4312/2696/3678 4313/2703/3679
f 4313/2703/3679 4312/2696/3678 4308/2697/3674 4351/2704/3717
f 4317/2705/3683 4316/2706/3682 4314/2701/3680 4315/2702/3681
f 4316/2706/3682 4319/2662/3685 4311/2699/3677 4314/2701/3680
f 4320/2707/3686 4318/2668/3684 4316/2706/3682 4317/2705/3683
f 4318/2668/3684 4276/2661/3642 4319/2662/3685 4316/2706/3682
f 4319/2662/3685 4277/2658/3643 4612/2700/3977 4311/2699/3677
f 4321/2708/3687 4281/2667/3647 4318/2668/3684 4320/2707/3686
f 4322/2709/3688 4320/2707/3686 4317/2705/3683 4324/2710/3690
f 4325/2711/3691 4321/2708/3687 4320/2707/3686 4322/2709/3688
f 4327/2712/3693 4325/2711/3691 4322/2709/3688 4323/2713/3689
f 4323/2713/3689 4322/2709/3688 4324/2710/3690 4366/2714/3732
f 4326/2715/3692 4337/2716/3703 4321/2708/3687 4325/2711/3691
f 4329/2717/3695 4326/2715/3692 4325/2711/3691 4327/2712/3693
f 4330/2718/3696 4329/2717/3695 4327/2712/3693 4328/2719/3694
f 4328/2719/3694 4327/2712/3693 4323/2713/3689 4365/2720/3731
f 4332/2721/3698 4331/2722/3697 4329/2717/3695 4330/2718/3696
f 4331/2722/3697 4334/2723/3700 4326/2715/3692 4329/2717/3695
f 4387/2724/3753 4333/2725/3699 4331/2722/3697 4332/2721/3698
f 4333/2725/3699 4335/2726/3701 4334/2723/3700 4331/2722/3697
f 4334/2723/3700 4336/2727/3702 4337/2716/3703 4326/2715/3692
f 4335/2726/3701 4338/2728/3704 4336/2727/3702 4334/2723/3700
f 4336/2727/3702 4285/2669/3651 4283/2666/3649 4337/2716/3703
f 4338/2728/3704 4340/2672/3706 4285/2669/3651 4336/2727/3702
f 4392/2729/3758 4339/2730/3705 4338/2728/3704 4335/2726/3701
f 4339/2730/3705 4341/2731/3707 4340/2672/3706 4338/2728/3704
f 4341/2731/3707 4343/2732/3709 4286/2673/3652 4340/2672/3706
f 4342/2733/3708 4344/2734/3710 4343/2735/3709 4341/2736/3707
f 4347/2737/3713 4342/2733/3708 4341/2736/3707 4339/2738/3705
f 4343/2732/3709 4345/2677/3711 4288/2674/3654 4286/2673/3652
f 4344/2734/3710 4301/2689/3667 4345/2690/3711 4343/2735/3709
f 4346/2698/3712 4309/2694/3675 4344/2734/3710 4342/2733/3708
f 4309/2694/3675 4303/2688/3669 4301/2689/3667 4344/2734/3710
f 4349/2739/3715 4346/2698/3712 4342/2733/3708 4347/2737/3713
f 4350/2740/3716 4349/2739/3715 4347/2737/3713 4348/2741/3714
f 4348/2741/3714 4347/2737/3713 4339/2738/3705 4392/2742/3758
f 4352/2743/3718 4351/2704/3717 4349/2739/3715 4350/2740/3716
f 4351/2704/3717 4308/2697/3674 4346/2698/3712 4349/2739/3715
f 4353/2744/3719 4313/2703/3679 4351/2704/3717 4352/2743/3718
f 4354/2745/3720 4352/2743/3718 4350/2740/3716 4356/2746/3722
f 4357/2747/3723 4353/2744/3719 4352/2743/3718 4354/2745/3720
f 4359/2748/3725 4357/2747/3723 4354/2745/3720 4355/2749/3721
f 4355/2749/3721 4354/2745/3720 4356/2746/3722 4393/2750/3759
f 4358/2751/3724 4611/2752/3976 4353/2744/3719 4357/2747/3723
f 4361/2753/3727 4358/2751/3724 4357/2747/3723 4359/2748/3725
f 4362/2754/3728 4361/2753/3727 4359/2748/3725 4360/2755/3726
f 4360/2755/3726 4359/2748/3725 4355/2749/3721 4398/2756/3764
f 4364/2757/3730 4363/2758/3729 4361/2753/3727 4362/2754/3728
f 4363/2758/3729 4366/2714/3732 4358/2751/3724 4361/2753/3727
f 4367/2759/3733 4365/2720/3731 4363/2758/3729 4364/2757/3730
f 4365/2720/3731 4323/2713/3689 4366/2714/3732 4363/2758/3729
f 4366/2714/3732 4324/2710/3690 4611/2752/3976 4358/2751/3724
f 4368/2760/3734 4328/2719/3694 4365/2720/3731 4367/2759/3733
f 4369/2761/3735 4367/2759/3733 4364/2757/3730 4371/2762/3737
f 4372/2763/3738 4368/2760/3734 4367/2759/3733 4369/2761/3735
f 4374/2764/3740 4372/2763/3738 4369/2761/3735 4370/2765/3736
f 4370/2765/3736 4369/2761/3735 4371/2762/3737 4413/2766/3779
f 4373/2767/3739 4384/2768/3750 4368/2760/3734 4372/2763/3738
f 4376/2769/3742 4373/2767/3739 4372/2763/3738 4374/2764/3740
f 4377/2770/3743 4376/2769/3742 4374/2764/3740 4375/2771/3741
f 4375/2771/3741 4374/2764/3740 4370/2765/3736 4412/2772/3778
f 4379/2773/3745 4378/2774/3744 4376/2769/3742 4377/2770/3743
f 4378/2774/3744 4381/2775/3747 4373/2767/3739 4376/2769/3742
f 4434/2776/3800 4380/2777/3746 4378/2774/3744 4379/2773/3745
f 4380/2777/3746 4382/2778/3748 4381/2775/3747 4378/2774/3744
f 4381/2775/3747 4383/2779/3749 4384/2768/3750 4373/2767/3739
f 4382/2778/3748 4385/2780/3751 4383/2779/3749 4381/2775/3747
f 4383/2779/3749 4332/2721/3698 4330/2718/3696 4384/2768/3750
f 4385/2780/3751 4387/2724/3753 4332/2721/3698 4383/2779/3749
f 4439/2781/3805 4386/2782/3752 4385/2780/3751 4382/2778/3748
f 4386/2782/3752 4388/2783/3754 4387/2724/3753 4385/2780/3751
f 4388/2783/3754 4390/2784/3756 4333/2725/3699 4387/2724/3753
f 4389/2785/3755 4391/2786/3757 4390/2787/3756 4388/2788/3754
f 4394/2789/3760 4389/2785/3755 4388/2788/3754 4386/2790/3752
f 4390/2784/3756 4392/2729/3758 4335/2726/3701 4333/2725/3699
f 4391/2786/3757 4348/2741/3714 4392/2742/3758 4390/2787/3756
f 4393/2750/3759 4356/2746/3722 4391/2786/3757 4389/2785/3755
f 4356/2746/3722 4350/2740/3716 4348/2741/3714 4391/2786/3757
f 4396/2791/3762 4393/2750/3759 4389/2785/3755 4394/2789/3760
f 4397/2792/3763 4396/2791/3762 4394/2789/3760 4395/2793/3761
f 4395/2793/3761 4394/2789/3760 4386/2790/3752 4439/2794/3805
f 4399/2795/3765 4398/2756/3764 4396/2791/3762 4397/2792/3763
f 4398/2756/3764 4355/2749/3721 4393/2750/3759 4396/2791/3762
f 4400/2796/3766 4360/2755/3726 4398/2756/3764 4399/2795/3765
f 4401/2797/3767 4399/2795/3765 4397/2792/3763 4403/2798/3769
f 4404/2799/3770 4400/2796/3766 4399/2795/3765 4401/2797/3767
f 4406/2800/3772 4404/2799/3770 4401/2797/3767 4402/2801/3768
f 4402/2801/3768 4401/2797/3767 4403/2798/3769 4440/2802/3806
f 4405/2803/3771 4610/2804/3975 4400/2796/3766 4404/2799/3770
f 4408/2805/3774 4405/2803/3771 4404/2799/3770 4406/2800/3772
f 4409/2806/3775 4408/2805/3774 4406/2800/3772 4407/2807/3773
f 4407/2807/3773 4406/2800/3772 4402/2801/3768 4445/2808/3811
f 4411/2809/3777 4410/2810/3776 4408/2805/3774 4409/2806/3775
f 4410/2810/3776 4413/2766/3779 4405/2803/3771 4408/2805/3774
f 4414/2811/3780 4412/2772/3778 4410/2810/3776 4411/2809/3777
f 4412/2772/3778 4370/2765/3736 4413/2766/3779 4410/2810/3776
f 4413/2766/3779 4371/2762/3737 4610/2804/3975 4405/2803/3771
f 4415/2812/3781 4375/2771/3741 4412/2772/3778 4414/2811/3780
f 4416/2813/3782 4414/2811/3780 4411/2809/3777 4418/2814/3784
f 4419/2815/3785 4415/2812/3781 4414/2811/3780 4416/2813/3782
f 4421/2816/3787 4419/2815/3785 4416/2813/3782 4417/2817/3783
f 4417/2817/3783 4416/2813/3782 4418/2814/3784 4460/2818/3826
f 4420/2819/3786 4431/2820/3797 4415/2812/3781 4419/2815/3785
f 4423/2821/3789 4420/2819/3786 4419/2815/3785 4421/2816/3787
f 4424/2822/3790 4423/2821/3789 4421/2816/3787 4422/2823/3788
f 4422/2823/3788 4421/2816/3787 4417/2817/3783 4459/2824/3825
f 4426/2825/3792 4425/2826/3791 4423/2821/3789 4424/2822/3790
f 4425/2826/3791 4428/2827/3794 4420/2819/3786 4423/2821/3789
f 4481/2828/3847 4427/2829/3793 4425/2826/3791 4426/2825/3792
f 4427/2829/3793 4429/2830/3795 4428/2827/3794 4425/2826/3791
f 4428/2827/3794 4430/2831/3796 4431/2820/3797 4420/2819/3786
f 4429/2830/3795 4432/2832/3798 4430/2831/3796 4428/2827/3794
f 4430/2831/3796 4379/2773/3745 4377/2770/3743 4431/2820/3797
f 4432/2832/3798 4434/2776/3800 4379/2773/3745 4430/2831/3796
f 4486/2833/3852 4433/2834/3799 4432/2832/3798 4429/2830/3795
f 4433/2834/3799 4435/2835/3801 4434/2776/3800 4432/2832/3798
f 4435/2835/3801 4437/2836/3803 4380/2777/3746 4434/2776/3800
f 4436/2837/3802 4438/2838/3804 4437/2839/3803 4435/2840/3801
f 4441/2841/3807 4436/2837/3802 4435/2840/3801 4433/2842/3799
f 4437/2836/3803 4439/2781/3805 4382/2778/3748 4380/2777/3746
f 4438/2838/3804 4395/2793/3761 4439/2794/3805 4437/2839/3803
f 4440/2802/3806 4403/2798/3769 4438/2838/3804 4436/2837/3802
f 4403/2798/3769 4397/2792/3763 4395/2793/3761 4438/2838/3804
f 4443/2843/3809 4440/2802/3806 4436/2837/3802 4441/2841/3807
f 4444/2844/3810 4443/2843/3809 4441/2841/3807 4442/2845/3808
f 4442/2845/3808 4441/2841/3807 4433/2842/3799 4486/2846/3852
f 4446/2847/3812 4445/2808/3811 4443/2843/3809 4444/2844/3810
f 4445/2808/3811 4402/2801/3768 4440/2802/3806 4443/2843/3809
f 4447/2848/3813 4407/2807/3773 4445/2808/3811 4446/2847/3812
f 4448/2849/3814 4446/2847/3812 4444/2844/3810 4450/2850/3816
f 4451/2851/3817 4447/2848/3813 4446/2847/3812 4448/2849/3814
f 4453/2852/3819 4451/2851/3817 4448/2849/3814 4449/2853/3815
f 4449/2853/3815 4448/2849/3814 4450/2850/3816 4487/2854/3853
f 4452/2855/3818 4609/2856/3974 4447/2848/3813 4451/2851/3817
f 4455/2857/3821 4452/2855/3818 4451/2851/3817 4453/2852/3819
f 4456/2858/3822 4455/2857/3821 4453/2852/3819 4454/2859/3820
f 4454/2859/3820 4453/2852/3819 4449/2853/3815 4492/2860/3858
f 4458/2861/3824 4457/2862/3823 4455/2857/3821 4456/2858/3822
f 4457/2862/3823 4460/2818/3826 4452/2855/3818 4455/2857/3821
f 4461/2863/3827 4459/2824/3825 4457/2862/3823 4458/2861/3824
f 4459/2824/3825 4417/2817/3783 4460/2818/3826 4457/2862/3823
f 4460/2818/3826 4418/2814/3784 4609/2856/3974 4452/2855/3818
f 4462/2864/3828 4422/2823/3788 4459/2824/3825 4461/2863/3827
f 4463/2865/3829 4461/2863/3827 4458/2861/3824 4465/2866/3831
f 4466/2867/3832 4462/2864/3828 4461/2863/3827 4463/2865/3829
f 4468/2868/3834 4466/2867/3832 4463/2865/3829 4464/2869/3830
f 4464/2869/3830 4463/2865/3829 4465/2866/3831 4507/2870/3873
f 4467/2871/3833 4478/2872/3844 4462/2864/3828 4466/2867/3832
f 4470/2873/3836 4467/2871/3833 4466/2867/3832 4468/2868/3834
f 4471/2874/3837 4470/2873/3836 4468/2868/3834 4469/2875/3835
f 4469/2875/3835 4468/2868/3834 4464/2869/3830 4506/2876/3872
f 4473/2877/3839 4472/2878/3838 4470/2873/3836 4471/2874/3837
f 4472/2878/3838 4475/2879/3841 4467/2871/3833 4470/2873/3836
f 4528/2880/3893 4474/2881/3840 4472/2878/3838 4473/2877/3839
f 4474/2881/3840 4476/2882/3842 4475/2879/3841 4472/2878/3838
f 4475/2879/3841 4477/2883/3843 4478/2872/3844 4467/2871/3833
f 4476/2882/3842 4479/2884/3845 4477/2883/3843 4475/2879/3841
f 4477/2883/3843 4426/2825/3792 4424/2822/3790 4478/2872/3844
f 4479/2884/3845 4481/2828/3847 4426/2825/3792 4477/2883/3843
f 4533/2885/3898 4480/2886/3846 4479/2884/3845 4476/2882/3842
f 4480/2886/3846 4482/2887/3848 4481/2828/3847 4479/2884/3845
f 4482/2887/3848 4484/2888/3850 4427/2829/3793 4481/2828/3847
f 4483/2889/3849 4485/2890/3851 4484/2891/3850 4482/2892/3848
f 4488/2893/3854 4483/2889/3849 4482/2892/3848 4480/2894/3846
f 4484/2888/3850 4486/2833/3852 4429/2830/3795 4427/2829/3793
f 4485/2890/3851 4442/2845/3808 4486/2846/3852 4484/2891/3850
f 4487/2854/3853 4450/2850/3816 4485/2890/3851 4483/2889/3849
f 4450/2850/3816 4444/2844/3810 4442/2845/3808 4485/2890/3851
f 4490/2895/3856 4487/2854/3853 4483/2889/3849 4488/2893/3854
f 4491/2896/3857 4490/2895/3856 4488/2893/3854 4489/2897/3855
f 4489/2897/3855 4488/2893/3854 4480/2894/3846 4533/2898/3898
f 4493/2899/3859 4492/2860/3858 4490/2895/3856 4491/2896/3857
f 4492/2860/3858 4449/2853/3815 4487/2854/3853 4490/2895/3856
f 4494/2900/3860 4454/2859/3820 4492/2860/3858 4493/2899/3859
f 4495/2901/3861 4493/2899/3859 4491/2896/3857 4497/2902/3863
f 4498/2903/3864 4494/2900/3860 4493/2899/3859 4495/2901/3861
f 4500/2904/3866 4498/2903/3864 4495/2901/3861 4496/2905/3862
f 4496/2905/3862 4495/2901/3861 4497/2902/3863 4534/2906/3899
f 4499/2907/3865 4608/2908/3973 4494/2900/3860 4498/2903/3864
f 4502/2909/3868 4499/2907/3865 4498/2903/3864 4500/2904/3866
f 4503/2910/3869 4502/2909/3868 4500/2904/3866 4501/2911/3867
f 4501/2911/3867 4500/2904/3866 4496/2905/3862 4539/2912/3904
f 4505/2913/3871 4504/2914/3870 4502/2909/3868 4503/2910/3869
f 4504/2914/3870 4507/2870/3873 4499/2907/3865 4502/2909/3868
f 4508/2915/3874 4506/2876/3872 4504/2914/3870 4505/2913/3871
f 4506/2876/3872 4464/2869/3830 4507/2870/3873 4504/2914/3870
f 4507/2870/3873 4465/2866/3831 4608/2908/3973 4499/2907/3865
f 4509/2916/3875 4469/2875/3835 4506/2876/3872 4508/2915/3874
f 4510/2917/3876 4508/2915/3874 4505/2913/3871 4512/2918/3878
f 4513/2919/3879 4509/2916/3875 4508/2915/3874 4510/2917/3876
f 4515/2920/3881 4513/2919/3879 4510/2917/3876 4511/2921/3877
f 4511/2921/3877 4510/2917/3876 4512/2918/3878 4554/2922/3919
f 4514/2923/3880 4525/2924/3890 4509/2916/3875 4513/2919/3879
f 4517/2925/3882 4514/2923/3880 4513/2919/3879 4515/2920/3881
f 4518/2926/3883 4517/2925/3882 4515/2920/3881 4516/2927/3013
f 4516/2927/3013 4515/2920/3881 4511/2921/3877 4553/2928/3918
f 4520/2929/3885 4519/2930/3884 4517/2925/3882 4518/2926/3883
f 4519/2930/3884 4522/2931/3887 4514/2923/3880 4517/2925/3882
f 4578/2932/3943 4521/2933/3886 4519/2930/3884 4520/2929/3885
f 4521/2933/3886 4523/2934/3888 4522/2931/3887 4519/2930/3884
f 4522/2931/3887 4524/2935/3889 4525/2924/3890 4514/2923/3880
f 4523/2934/3888 4526/2936/3891 4524/2935/3889 4522/2931/3887
f 4524/2935/3889 4473/2877/3839 4471/2874/3837 4525/2924/3890
f 4526/2936/3891 4528/2880/3893 4473/2877/3839 4524/2935/3889
f 4583/2937/3948 4527/2938/3892 4526/2936/3891 4523/2934/3888
f 4527/2938/3892 4529/2939/3894 4528/2880/3893 4526/2936/3891
f 4529/2939/3894 4531/2940/3896 4474/2881/3840 4528/2880/3893
f 4530/2941/3895 4532/2942/3897 4531/2943/3896 4529/2944/3894
f 4535/2945/3900 4530/2941/3895 4529/2944/3894 4527/2946/3892
f 4531/2940/3896 4533/2885/3898 4476/2882/3842 4474/2881/3840
f 4532/2942/3897 4489/2897/3855 4533/2898/3898 4531/2943/3896
f 4534/2906/3899 4497/2902/3863 4532/2942/3897 4530/2941/3895
f 4497/2902/3863 4491/2896/3857 4489/2897/3855 4532/2942/3897
f 4537/2947/3902 4534/2906/3899 4530/2941/3895 4535/2945/3900
f 4538/2948/3903 4537/2947/3902 4535/2945/3900 4536/2949/3901
f 4536/2949/3901 4535/2945/3900 4527/2946/3892 4583/2950/3948
f 4540/2951/3905 4539/2912/3904 4537/2947/3902 4538/2948/3903
f 4539/2912/3904 4496/2905/3862 4534/2906/3899 4537/2947/3902
f 4541/2952/3906 4501/2911/3867 4539/2912/3904 4540/2951/3905
f 4542/2953/3907 4540/2951/3905 4538/2948/3903 4544/2954/3909
f 4545/2955/3910 4541/2952/3906 4540/2951/3905 4542/2953/3907
f 4547/2956/3912 4545/2955/3910 4542/2953/3907 4543/2957/3908
f 4543/2957/3908 4542/2953/3907 4544/2954/3909 4584/2958/3949
f 4546/2959/3911 4607/2960/3972 4541/2952/3906 4545/2955/3910
f 4549/2961/3914 4546/2959/3911 4545/2955/3910 4547/2956/3912
f 4550/2962/3915 4549/2961/3914 4547/2956/3912 4548/2963/3913
f 4548/2963/3913 4547/2956/3912 4543/2957/3908 4589/2964/3954
f 4552/2965/3917 4551/2966/3916 4549/2961/3914 4550/2962/3915
f 4551/2966/3916 4554/2922/3919 4546/2959/3911 4549/2961/3914
f 4555/2967/3920 4553/2928/3918 4551/2966/3916 4552/2965/3917
f 4553/2928/3918 4511/2921/3877 4554/2922/3919 4551/2966/3916
f 4554/2922/3919 4512/2918/3878 4607/2960/3972 4546/2959/3911
f 4556/2968/3921 4516/2927/3013 4553/2928/3918 4555/2967/3920
f 4557/2969/3922 4555/2967/3920 4552/2965/3917 4559/2970/3924
f 4560/2971/3925 4556/2968/3921 4555/2967/3920 4557/2969/3922
f 4562/2972/3927 4560/2971/3925 4557/2969/3922 4558/2973/3923
f 4558/2973/3923 4557/2969/3922 4559/2970/3924 4605/2974/3970
f 4561/2975/3926 4575/2976/3940 4556/2968/3921 4560/2971/3925
f 4563/2977/3928 4561/2975/3926 4560/2971/3925 4562/2972/3927
f 4564/2978/3929 4562/2972/3927 4558/2973/3923 4565/2979/3930
f 4566/2980/3931 4563/2977/3928 4562/2972/3927 4564/2978/3929
f 4565/1494/3930 4566/1495/3931 4564/1496/3929
f 4565/1494/3930 4567/1493/3932 4566/1495/3931
f 4567/2981/3932 4570/2982/3935 4563/2977/3928 4566/2980/3931
f 4568/1492/3933 4569/1456/3934 4567/1493/3932
f 4568/1492/3933 4567/1493/3932 4565/1494/3930
f 4569/2983/3934 4571/2984/3936 4570/2982/3935 4567/2981/3932
f 4570/2982/3935 4572/2985/3937 4561/2975/3926 4563/2977/3928
f 4571/2984/3936 4573/2986/3938 4572/2985/3937 4570/2982/3935
f 4572/2985/3937 4574/2987/3939 4575/2976/3940 4561/2975/3926
f 4573/2986/3938 4576/2988/3941 4574/2987/3939 4572/2985/3937
f 4574/2987/3939 4520/2929/3885 4518/2926/3883 4575/2976/3940
f 4576/2988/3941 4578/2932/3943 4520/2929/3885 4574/2987/3939
f 4603/2989/3968 4577/2990/3942 4576/2988/3941 4573/2986/3938
f 4577/2990/3942 4579/2991/3944 4578/2932/3943 4576/2988/3941
f 4579/2991/3944 4581/2992/3946 4521/2933/3886 4578/2932/3943
f 4580/2993/3945 4582/2994/3947 4581/2995/3946 4579/2996/3944
f 4585/2997/3950 4580/2993/3945 4579/2996/3944 4577/2998/3942
f 4581/2992/3946 4583/2937/3948 4523/2934/3888 4521/2933/3886
f 4582/2994/3947 4536/2949/3901 4583/2950/3948 4581/2995/3946
f 4584/2958/3949 4544/2954/3909 4582/2994/3947 4580/2993/3945
f 4544/2954/3909 4538/2948/3903 4536/2949/3901 4582/2994/3947
f 4587/2999/3952 4584/2958/3949 4580/2993/3945 4585/2997/3950
f 4588/3000/3953 4587/2999/3952 4585/2997/3950 4586/3001/3951
f 4586/3001/3951 4585/2997/3950 4577/2998/3942 4603/3002/3968
f 4590/3003/3955 4589/2964/3954 4587/2999/3952 4588/3000/3953
f 4589/2964/3954 4543/2957/3908 4584/2958/3949 4587/2999/3952
f 4591/3004/3956 4548/2963/3913 4589/2964/3954 4590/3003/3955
f 4592/3005/3957 4590/3003/3955 4588/3000/3953 4593/3006/3958
f 4594/3007/3959 4591/3004/3956 4590/3003/3955 4592/3005/3957
f 4595/3008/3960 4592/3005/3957 4593/3006/3958 4597/3009/3962
f 4598/3010/3963 4594/3007/3959 4592/3005/3957 4595/3008/3960
f 4595/1478/3960 4597/1479/3962 4596/1453/3961
f 4595/1478/3960 4596/1453/3961 4598/1452/3963
f 4599/3011/3964 4604/3012/3969 4594/3007/3959 4598/3010/3963
f 4598/1452/3963 4600/1451/3965 4599/1450/3964
f 4598/1452/3963 4596/1453/3961 4600/1451/3965
f 4599/1450/3964 4600/1451/3965 4569/1456/3934
f 4600/3013/3965 4601/3014/3966 4571/2984/3936 4569/2983/3934
f 4596/3015/3961 4602/3016/3967 4601/3017/3966 4600/1451/3965
f 4601/3014/3966 4603/2989/3968 4573/2986/3938 4571/2984/3936
f 4602/3016/3967 4586/3001/3951 4603/3002/3968 4601/3017/3966
f 4593/3006/3958 4588/3000/3953 4586/3001/3951 4602/3016/3967
f 4597/3009/3962 4593/3006/3958 4602/3016/3967 4596/3015/3961
f 4568/3018/3933 4605/2974/3970 4604/3012/3969 4599/3011/3964
f 4599/1450/3964 4569/1456/3934 4568/1492/3933
f 4604/3012/3969 4606/3019/3971 4591/3004/3956 4594/3007/3959
f 4605/2974/3970 4559/2970/3924 4606/3019/3971 4604/3012/3969
f 4606/3019/3971 4550/2962/3915 4548/2963/3913 4591/3004/3956
f 4559/2970/3924 4552/2965/3917 4550/2962/3915 4606/3019/3971
f 4565/2979/3930 4558/2973/3923 4605/2974/3970 4568/3018/3933
f 4575/2976/3940 4518/2926/3883 4516/2927/3013 4556/2968/3921
f 4607/2960/3972 4503/2910/3869 4501/2911/3867 4541/2952/3906
f 4512/2918/3878 4505/2913/3871 4503/2910/3869 4607/2960/3972
f 4525/2924/3890 4471/2874/3837 4469/2875/3835 4509/2916/3875
f 4608/2908/3973 4456/2858/3822 4454/2859/3820 4494/2900/3860
f 4465/2866/3831 4458/2861/3824 4456/2858/3822 4608/2908/3973
f 4478/2872/3844 4424/2822/3790 4422/2823/3788 4462/2864/3828
f 4609/2856/3974 4409/2806/3775 4407/2807/3773 4447/2848/3813
f 4418/2814/3784 4411/2809/3777 4409/2806/3775 4609/2856/3974
f 4431/2820/3797 4377/2770/3743 4375/2771/3741 4415/2812/3781
f 4610/2804/3975 4362/2754/3728 4360/2755/3726 4400/2796/3766
f 4371/2762/3737 4364/2757/3730 4362/2754/3728 4610/2804/3975
f 4384/2768/3750 4330/2718/3696 4328/2719/3694 4368/2760/3734
f 4611/2752/3976 4315/2702/3681 4313/2703/3679 4353/2744/3719
f 4324/2710/3690 4317/2705/3683 4315/2702/3681 4611/2752/3976
f 4337/2716/3703 4283/2666/3649 4281/2667/3647 4321/2708/3687
f 4612/2700/3977 4268/2650/3634 4266/2651/3632 4306/2692/3672
f 4277/2658/3643 4270/2653/3636 4268/2650/3634 4612/2700/3977
f 4290/2664/3656 4236/2614/3602 4234/2615/3600 4274/2656/3640
f 4613/2648/3978 4221/2598/3587 4219/2599/3585 4259/2640/3625
f 4230/2606/3596 4223/2601/3589 4221/2598/3587 4613/2648/3978
f 4243/2612/3609 4189/2562/3555 4187/2563/3553 4227/2604/3593
f 4614/2596/3979 4174/2546/3540 4172/2547/3538 4212/2588/3578
f 4183/2554/3549 4176/2549/3542 4174/2546/3540 4614/2596/3979
f 4196/2560/3562 4142/2510/3508 4140/2511/3506 4180/2552/3546
f 4615/2544/3980 4127/2494/3493 4125/2495/3491 4165/2536/3531
f 4136/2502/3502 4129/2497/3495 4127/2494/3493 4615/2544/3980
f 4149/2508/3515 4095/2458/3461 4093/2459/3459 4133/2500/3499
f 4616/2492/3981 4080/2442/3446 4078/2443/3444 4118/2484/3484
f 4089/2450/3455 4082/2445/3448 4080/2442/3446 4616/2492/3981
f 4102/2456/3468 4048/2406/3414 4046/2407/3412 4086/2448/3452
f 4617/2440/3982 4033/2390/3399 4031/2391/3397 4071/2432/3437
f 4042/2398/3408 4035/2393/3401 4033/2390/3399 4617/2440/3982
f 4055/2404/3421 4001/2354/3367 3999/2355/3365 4039/2396/3405
f 4618/2388/3983 3986/2338/3352 3984/2339/3350 4024/2380/3390
f 3995/2346/3361 3988/2341/3354 3986/2338/3352 4618/2388/3983
f 4008/2352/3374 3954/2302/3320 3952/2303/3318 3992/2344/3358
f 4619/2336/3984 3939/2286/3305 3937/2287/3303 3977/2328/3343
f 3948/2294/3314 3941/2289/3307 3939/2286/3305 4619/2336/3984
f 3961/2300/3327 3907/2250/3273 3905/2251/3271 3945/2292/3311
f 4620/2284/3985 3892/2234/3258 3890/2235/3256 3930/2276/3296
f 3901/2242/3267 3894/2237/3260 3892/2234/3258 4620/2284/3985
f 3914/2248/3280 3860/2198/3227 3858/2199/3225 3898/2240/3264
f 4621/2232/3254 3845/2182/3212 3843/2183/3210 3883/2224/3249
f 3854/2190/3221 3847/2185/3214 3845/2182/3212 4621/2232/3254
f 3867/2196/3233 3813/2146/3181 3811/2147/3179 3851/2188/3218
f 4622/2180/3208 3798/2130/3166 3796/2131/3164 3836/2172/3203
f 3807/2138/3175 3800/2133/3168 3798/2130/3166 4622/2180/3208
f 3820/2144/3187 3766/2094/3134 3764/2095/3132 3804/2136/3172
f 4623/2128/3986 3751/2078/3119 3749/2079/3117 3789/2120/3157
f 3760/2086/3128 3753/2081/3121 3751/2078/3119 4623/2128/3986
f 3773/2092/3141 3719/2042/3087 3717/2043/3085 3757/2084/3125
f 4624/2076/3987 3704/2026/3072 3702/2027/3070 3742/2068/3110
f 3713/2034/3081 3706/2029/3074 3704/2026/3072 4624/2076/3987
f 3726/2040/3094 3672/1990/3040 3670/1991/3038 3710/2032/3078
f 4625/2024/3988 3657/1974/3025 3655/1975/3023 3695/2016/3063
f 3666/1982/3034 3659/1977/3027 3657/1974/3025 4625/2024/3988
f 3679/1988/3047 3625/1938/2993 3623/1939/2991 3663/1980/3031
f 4626/1972/3989 3610/1922/2978 3608/1923/2976 3648/1964/3016
f 3619/1930/2987 3612/1925/2980 3610/1922/2978 4626/1972/3989
f 3632/1936/3000 3578/1886/2946 3576/1887/2944 3616/1928/2984
f 4627/1920/3990 3563/1870/2931 3561/1871/2929 3601/1912/2969
f 3572/1878/2940 3565/1873/2933 3563/1870/2931 4627/1920/3990
f 3585/1884/2953 3531/1834/2899 3529/1835/2897 3569/1876/2937
f 4628/1868/3991 3516/1818/2884 3514/1819/2882 3554/1860/2922
f 3525/1826/2893 3518/1821/2886 3516/1818/2884 4628/1868/3991
f 3538/1832/2906 3484/1782/2852 3482/1783/2850 3522/1824/2890
f 4629/1816/3992 3469/1766/2837 3467/1767/2835 3507/1808/2875
f 3478/1774/2846 3471/1769/2839 3469/1766/2837 4629/1816/3992
f 3491/1780/2859 3437/1730/2805 3435/1731/2803 3475/1772/2843
f 4630/1764/3993 3422/1714/2790 3420/1715/2788 3460/1756/2828
f 3431/1722/2799 3424/1717/2792 3422/1714/2790 4630/1764/3993
f 3444/1728/2812 3390/1678/2758 3388/1679/2756 3428/1720/2796
f 4631/1712/3994 3375/1662/2743 3373/1663/2741 3413/1704/2781
f 3384/1670/2752 3377/1665/2745 3375/1662/2743 4631/1712/3994
f 3397/1676/2765 3344/1626/2712 3342/1627/2710 3381/1668/2749
f 4632/1660/3995 3329/1610/2697 3327/1611/2695 3366/1652/2734
f 3338/1618/2706 3331/1613/2699 3329/1610/2697 4632/1660/3995
f 3351/1624/2719 3303/1580/2671 3301/1581/2669 3335/1616/2703
f 4633/1608/3996 3288/1564/2656 3286/1565/2654 3320/1600/2688
f 3297/1572/2665 3290/1567/2658 3288/1564/2656 4633/1608/3996
f 3310/1578/2678 3269/1542/2637 3267/1543/2635 3294/1570/2662
f 4634/1562/3997 3255/1529/2623 3251/1527/2619 3284/1526/2652
f 3263/1536/2631 3257/1531/2625 3255/1529/2623 4634/1562/3997
f 3240/1511/2608 3233/1503/2601 3230/1504/2598 3260/1534/2628
